group,cell_id,abf_path,sweep_index,current_pA,prominence_mV,height_mV,spike_count,rate_hz,steady_start_ms,steady_stop_ms,analysis_duration_s
WT,WT_01,/root/neurothermo/WT/cc_01.abf,0,0.0,8.0,-30.0,0,0.0,600.0,1126.2,0.5262
WT,WT_01,/root/neurothermo/WT/cc_01.abf,0,0.0,8.0,-20.0,0,0.0,600.0,1126.2,0.5262
WT,WT_01,/root/neurothermo/WT/cc_01.abf,0,0.0,8.0,-10.0,0,0.0,600.0,1126.2,0.5262
WT,WT_01,/root/neurothermo/WT/cc_01.abf,0,0.0,10.0,-30.0,0,0.0,600.0,1126.2,0.5262
WT,WT_01,/root/neurothermo/WT/cc_01.abf,0,0.0,10.0,-20.0,0,0.0,600.0,1126.2,0.5262
WT,WT_01,/root/neurothermo/WT/cc_01.abf,0,0.0,10.0,-10.0,0,0.0,600.0,1126.2,0.5262
WT,WT_01,/root/neurothermo/WT/cc_01.abf,0,0.0,12.0,-30.0,0,0.0,600.0,1126.2,0.5262
WT,WT_01,/root/neurothermo/WT/cc_01.abf,0,0.0,12.0,-20.0,0,0.0,600.0,1126.2,0.5262
WT,WT_01,/root/neurothermo/WT/cc_01.abf,0,0.0,12.0,-10.0,0,0.0,600.0,1126.2,0.5262
WT,WT_01,/root/neurothermo/WT/cc_01.abf,0,0.0,15.0,-30.0,0,0.0,600.0,1126.2,0.5262
WT,WT_01,/root/neurothermo/WT/cc_01.abf,0,0.0,15.0,-20.0,0,0.0,600.0,1126.2,0.5262
WT,WT_01,/root/neurothermo/WT/cc_01.abf,0,0.0,15.0,-10.0,0,0.0,600.0,1126.2,0.5262
WT,WT_01,/root/neurothermo/WT/cc_01.abf,1,50.0,8.0,-30.0,0,0.0,600.0,1126.2,0.5262
WT,WT_01,/root/neurothermo/WT/cc_01.abf,1,50.0,8.0,-20.0,0,0.0,600.0,1126.2,0.5262
WT,WT_01,/root/neurothermo/WT/cc_01.abf,1,50.0,8.0,-10.0,0,0.0,600.0,1126.2,0.5262
WT,WT_01,/root/neurothermo/WT/cc_01.abf,1,50.0,10.0,-30.0,0,0.0,600.0,1126.2,0.5262
WT,WT_01,/root/neurothermo/WT/cc_01.abf,1,50.0,10.0,-20.0,0,0.0,600.0,1126.2,0.5262
WT,WT_01,/root/neurothermo/WT/cc_01.abf,1,50.0,10.0,-10.0,0,0.0,600.0,1126.2,0.5262
WT,WT_01,/root/neurothermo/WT/cc_01.abf,1,50.0,12.0,-30.0,0,0.0,600.0,1126.2,0.5262
WT,WT_01,/root/neurothermo/WT/cc_01.abf,1,50.0,12.0,-20.0,0,0.0,600.0,1126.2,0.5262
WT,WT_01,/root/neurothermo/WT/cc_01.abf,1,50.0,12.0,-10.0,0,0.0,600.0,1126.2,0.5262
WT,WT_01,/root/neurothermo/WT/cc_01.abf,1,50.0,15.0,-30.0,0,0.0,600.0,1126.2,0.5262
WT,WT_01,/root/neurothermo/WT/cc_01.abf,1,50.0,15.0,-20.0,0,0.0,600.0,1126.2,0.5262
WT,WT_01,/root/neurothermo/WT/cc_01.abf,1,50.0,15.0,-10.0,0,0.0,600.0,1126.2,0.5262
WT,WT_01,/root/neurothermo/WT/cc_01.abf,2,100.0,8.0,-30.0,0,0.0,600.0,1126.2,0.5262
WT,WT_01,/root/neurothermo/WT/cc_01.abf,2,100.0,8.0,-20.0,0,0.0,600.0,1126.2,0.5262
WT,WT_01,/root/neurothermo/WT/cc_01.abf,2,100.0,8.0,-10.0,0,0.0,600.0,1126.2,0.5262
WT,WT_01,/root/neurothermo/WT/cc_01.abf,2,100.0,10.0,-30.0,0,0.0,600.0,1126.2,0.5262
WT,WT_01,/root/neurothermo/WT/cc_01.abf,2,100.0,10.0,-20.0,0,0.0,600.0,1126.2,0.5262
WT,WT_01,/root/neurothermo/WT/cc_01.abf,2,100.0,10.0,-10.0,0,0.0,600.0,1126.2,0.5262
WT,WT_01,/root/neurothermo/WT/cc_01.abf,2,100.0,12.0,-30.0,0,0.0,600.0,1126.2,0.5262
WT,WT_01,/root/neurothermo/WT/cc_01.abf,2,100.0,12.0,-20.0,0,0.0,600.0,1126.2,0.5262
WT,WT_01,/root/neurothermo/WT/cc_01.abf,2,100.0,12.0,-10.0,0,0.0,600.0,1126.2,0.5262
WT,WT_01,/root/neurothermo/WT/cc_01.abf,2,100.0,15.0,-30.0,0,0.0,600.0,1126.2,0.5262
WT,WT_01,/root/neurothermo/WT/cc_01.abf,2,100.0,15.0,-20.0,0,0.0,600.0,1126.2,0.5262
WT,WT_01,/root/neurothermo/WT/cc_01.abf,2,100.0,15.0,-10.0,0,0.0,600.0,1126.2,0.5262
WT,WT_01,/root/neurothermo/WT/cc_01.abf,3,150.0,8.0,-30.0,9,17.10376282782212,600.0,1126.2,0.5262
WT,WT_01,/root/neurothermo/WT/cc_01.abf,3,150.0,8.0,-20.0,6,11.402508551881414,600.0,1126.2,0.5262
WT,WT_01,/root/neurothermo/WT/cc_01.abf,3,150.0,8.0,-10.0,6,11.402508551881414,600.0,1126.2,0.5262
WT,WT_01,/root/neurothermo/WT/cc_01.abf,3,150.0,10.0,-30.0,9,17.10376282782212,600.0,1126.2,0.5262
WT,WT_01,/root/neurothermo/WT/cc_01.abf,3,150.0,10.0,-20.0,6,11.402508551881414,600.0,1126.2,0.5262
WT,WT_01,/root/neurothermo/WT/cc_01.abf,3,150.0,10.0,-10.0,6,11.402508551881414,600.0,1126.2,0.5262
WT,WT_01,/root/neurothermo/WT/cc_01.abf,3,150.0,12.0,-30.0,5,9.502090459901178,600.0,1126.2,0.5262
WT,WT_01,/root/neurothermo/WT/cc_01.abf,3,150.0,12.0,-20.0,3,5.701254275940707,600.0,1126.2,0.5262
WT,WT_01,/root/neurothermo/WT/cc_01.abf,3,150.0,12.0,-10.0,3,5.701254275940707,600.0,1126.2,0.5262
WT,WT_01,/root/neurothermo/WT/cc_01.abf,3,150.0,15.0,-30.0,3,5.701254275940707,600.0,1126.2,0.5262
WT,WT_01,/root/neurothermo/WT/cc_01.abf,3,150.0,15.0,-20.0,3,5.701254275940707,600.0,1126.2,0.5262
WT,WT_01,/root/neurothermo/WT/cc_01.abf,3,150.0,15.0,-10.0,3,5.701254275940707,600.0,1126.2,0.5262
WT,WT_01,/root/neurothermo/WT/cc_01.abf,4,200.0,8.0,-30.0,7,13.30292664386165,600.0,1126.2,0.5262
WT,WT_01,/root/neurothermo/WT/cc_01.abf,4,200.0,8.0,-20.0,6,11.402508551881414,600.0,1126.2,0.5262
WT,WT_01,/root/neurothermo/WT/cc_01.abf,4,200.0,8.0,-10.0,6,11.402508551881414,600.0,1126.2,0.5262
WT,WT_01,/root/neurothermo/WT/cc_01.abf,4,200.0,10.0,-30.0,6,11.402508551881414,600.0,1126.2,0.5262
WT,WT_01,/root/neurothermo/WT/cc_01.abf,4,200.0,10.0,-20.0,6,11.402508551881414,600.0,1126.2,0.5262
WT,WT_01,/root/neurothermo/WT/cc_01.abf,4,200.0,10.0,-10.0,6,11.402508551881414,600.0,1126.2,0.5262
WT,WT_01,/root/neurothermo/WT/cc_01.abf,4,200.0,12.0,-30.0,3,5.701254275940707,600.0,1126.2,0.5262
WT,WT_01,/root/neurothermo/WT/cc_01.abf,4,200.0,12.0,-20.0,3,5.701254275940707,600.0,1126.2,0.5262
WT,WT_01,/root/neurothermo/WT/cc_01.abf,4,200.0,12.0,-10.0,3,5.701254275940707,600.0,1126.2,0.5262
WT,WT_01,/root/neurothermo/WT/cc_01.abf,4,200.0,15.0,-30.0,3,5.701254275940707,600.0,1126.2,0.5262
WT,WT_01,/root/neurothermo/WT/cc_01.abf,4,200.0,15.0,-20.0,3,5.701254275940707,600.0,1126.2,0.5262
WT,WT_01,/root/neurothermo/WT/cc_01.abf,4,200.0,15.0,-10.0,3,5.701254275940707,600.0,1126.2,0.5262
WT,WT_01,/root/neurothermo/WT/cc_01.abf,5,250.0,8.0,-30.0,7,13.30292664386165,600.0,1126.2,0.5262
WT,WT_01,/root/neurothermo/WT/cc_01.abf,5,250.0,8.0,-20.0,6,11.402508551881414,600.0,1126.2,0.5262
WT,WT_01,/root/neurothermo/WT/cc_01.abf,5,250.0,8.0,-10.0,6,11.402508551881414,600.0,1126.2,0.5262
WT,WT_01,/root/neurothermo/WT/cc_01.abf,5,250.0,10.0,-30.0,6,11.402508551881414,600.0,1126.2,0.5262
WT,WT_01,/root/neurothermo/WT/cc_01.abf,5,250.0,10.0,-20.0,6,11.402508551881414,600.0,1126.2,0.5262
WT,WT_01,/root/neurothermo/WT/cc_01.abf,5,250.0,10.0,-10.0,6,11.402508551881414,600.0,1126.2,0.5262
WT,WT_01,/root/neurothermo/WT/cc_01.abf,5,250.0,12.0,-30.0,4,7.601672367920942,600.0,1126.2,0.5262
WT,WT_01,/root/neurothermo/WT/cc_01.abf,5,250.0,12.0,-20.0,4,7.601672367920942,600.0,1126.2,0.5262
WT,WT_01,/root/neurothermo/WT/cc_01.abf,5,250.0,12.0,-10.0,4,7.601672367920942,600.0,1126.2,0.5262
WT,WT_01,/root/neurothermo/WT/cc_01.abf,5,250.0,15.0,-30.0,3,5.701254275940707,600.0,1126.2,0.5262
WT,WT_01,/root/neurothermo/WT/cc_01.abf,5,250.0,15.0,-20.0,3,5.701254275940707,600.0,1126.2,0.5262
WT,WT_01,/root/neurothermo/WT/cc_01.abf,5,250.0,15.0,-10.0,3,5.701254275940707,600.0,1126.2,0.5262
WT,WT_01,/root/neurothermo/WT/cc_01.abf,6,300.0,8.0,-30.0,8,15.203344735841885,600.0,1126.2,0.5262
WT,WT_01,/root/neurothermo/WT/cc_01.abf,6,300.0,8.0,-20.0,8,15.203344735841885,600.0,1126.2,0.5262
WT,WT_01,/root/neurothermo/WT/cc_01.abf,6,300.0,8.0,-10.0,8,15.203344735841885,600.0,1126.2,0.5262
WT,WT_01,/root/neurothermo/WT/cc_01.abf,6,300.0,10.0,-30.0,8,15.203344735841885,600.0,1126.2,0.5262
WT,WT_01,/root/neurothermo/WT/cc_01.abf,6,300.0,10.0,-20.0,8,15.203344735841885,600.0,1126.2,0.5262
WT,WT_01,/root/neurothermo/WT/cc_01.abf,6,300.0,10.0,-10.0,8,15.203344735841885,600.0,1126.2,0.5262
WT,WT_01,/root/neurothermo/WT/cc_01.abf,6,300.0,12.0,-30.0,5,9.502090459901178,600.0,1126.2,0.5262
WT,WT_01,/root/neurothermo/WT/cc_01.abf,6,300.0,12.0,-20.0,5,9.502090459901178,600.0,1126.2,0.5262
WT,WT_01,/root/neurothermo/WT/cc_01.abf,6,300.0,12.0,-10.0,5,9.502090459901178,600.0,1126.2,0.5262
WT,WT_01,/root/neurothermo/WT/cc_01.abf,6,300.0,15.0,-30.0,4,7.601672367920942,600.0,1126.2,0.5262
WT,WT_01,/root/neurothermo/WT/cc_01.abf,6,300.0,15.0,-20.0,4,7.601672367920942,600.0,1126.2,0.5262
WT,WT_01,/root/neurothermo/WT/cc_01.abf,6,300.0,15.0,-10.0,4,7.601672367920942,600.0,1126.2,0.5262
WT,WT_01,/root/neurothermo/WT/cc_01.abf,7,350.0,8.0,-30.0,8,15.203344735841885,600.0,1126.2,0.5262
WT,WT_01,/root/neurothermo/WT/cc_01.abf,7,350.0,8.0,-20.0,8,15.203344735841885,600.0,1126.2,0.5262
WT,WT_01,/root/neurothermo/WT/cc_01.abf,7,350.0,8.0,-10.0,8,15.203344735841885,600.0,1126.2,0.5262
WT,WT_01,/root/neurothermo/WT/cc_01.abf,7,350.0,10.0,-30.0,8,15.203344735841885,600.0,1126.2,0.5262
WT,WT_01,/root/neurothermo/WT/cc_01.abf,7,350.0,10.0,-20.0,8,15.203344735841885,600.0,1126.2,0.5262
WT,WT_01,/root/neurothermo/WT/cc_01.abf,7,350.0,10.0,-10.0,8,15.203344735841885,600.0,1126.2,0.5262
WT,WT_01,/root/neurothermo/WT/cc_01.abf,7,350.0,12.0,-30.0,8,15.203344735841885,600.0,1126.2,0.5262
WT,WT_01,/root/neurothermo/WT/cc_01.abf,7,350.0,12.0,-20.0,8,15.203344735841885,600.0,1126.2,0.5262
WT,WT_01,/root/neurothermo/WT/cc_01.abf,7,350.0,12.0,-10.0,8,15.203344735841885,600.0,1126.2,0.5262
WT,WT_01,/root/neurothermo/WT/cc_01.abf,7,350.0,15.0,-30.0,5,9.502090459901178,600.0,1126.2,0.5262
WT,WT_01,/root/neurothermo/WT/cc_01.abf,7,350.0,15.0,-20.0,5,9.502090459901178,600.0,1126.2,0.5262
WT,WT_01,/root/neurothermo/WT/cc_01.abf,7,350.0,15.0,-10.0,5,9.502090459901178,600.0,1126.2,0.5262
WT,WT_01,/root/neurothermo/WT/cc_01.abf,8,400.0,8.0,-30.0,8,15.203344735841885,600.0,1126.2,0.5262
WT,WT_01,/root/neurothermo/WT/cc_01.abf,8,400.0,8.0,-20.0,8,15.203344735841885,600.0,1126.2,0.5262
WT,WT_01,/root/neurothermo/WT/cc_01.abf,8,400.0,8.0,-10.0,8,15.203344735841885,600.0,1126.2,0.5262
WT,WT_01,/root/neurothermo/WT/cc_01.abf,8,400.0,10.0,-30.0,8,15.203344735841885,600.0,1126.2,0.5262
WT,WT_01,/root/neurothermo/WT/cc_01.abf,8,400.0,10.0,-20.0,8,15.203344735841885,600.0,1126.2,0.5262
WT,WT_01,/root/neurothermo/WT/cc_01.abf,8,400.0,10.0,-10.0,8,15.203344735841885,600.0,1126.2,0.5262
WT,WT_01,/root/neurothermo/WT/cc_01.abf,8,400.0,12.0,-30.0,8,15.203344735841885,600.0,1126.2,0.5262
WT,WT_01,/root/neurothermo/WT/cc_01.abf,8,400.0,12.0,-20.0,8,15.203344735841885,600.0,1126.2,0.5262
WT,WT_01,/root/neurothermo/WT/cc_01.abf,8,400.0,12.0,-10.0,8,15.203344735841885,600.0,1126.2,0.5262
WT,WT_01,/root/neurothermo/WT/cc_01.abf,8,400.0,15.0,-30.0,6,11.402508551881414,600.0,1126.2,0.5262
WT,WT_01,/root/neurothermo/WT/cc_01.abf,8,400.0,15.0,-20.0,6,11.402508551881414,600.0,1126.2,0.5262
WT,WT_01,/root/neurothermo/WT/cc_01.abf,8,400.0,15.0,-10.0,6,11.402508551881414,600.0,1126.2,0.5262
WT,WT_01,/root/neurothermo/WT/cc_01.abf,9,450.0,8.0,-30.0,10,19.004180919802355,600.0,1126.2,0.5262
WT,WT_01,/root/neurothermo/WT/cc_01.abf,9,450.0,8.0,-20.0,10,19.004180919802355,600.0,1126.2,0.5262
WT,WT_01,/root/neurothermo/WT/cc_01.abf,9,450.0,8.0,-10.0,10,19.004180919802355,600.0,1126.2,0.5262
WT,WT_01,/root/neurothermo/WT/cc_01.abf,9,450.0,10.0,-30.0,10,19.004180919802355,600.0,1126.2,0.5262
WT,WT_01,/root/neurothermo/WT/cc_01.abf,9,450.0,10.0,-20.0,10,19.004180919802355,600.0,1126.2,0.5262
WT,WT_01,/root/neurothermo/WT/cc_01.abf,9,450.0,10.0,-10.0,10,19.004180919802355,600.0,1126.2,0.5262
WT,WT_01,/root/neurothermo/WT/cc_01.abf,9,450.0,12.0,-30.0,10,19.004180919802355,600.0,1126.2,0.5262
WT,WT_01,/root/neurothermo/WT/cc_01.abf,9,450.0,12.0,-20.0,10,19.004180919802355,600.0,1126.2,0.5262
WT,WT_01,/root/neurothermo/WT/cc_01.abf,9,450.0,12.0,-10.0,10,19.004180919802355,600.0,1126.2,0.5262
WT,WT_01,/root/neurothermo/WT/cc_01.abf,9,450.0,15.0,-30.0,10,19.004180919802355,600.0,1126.2,0.5262
WT,WT_01,/root/neurothermo/WT/cc_01.abf,9,450.0,15.0,-20.0,10,19.004180919802355,600.0,1126.2,0.5262
WT,WT_01,/root/neurothermo/WT/cc_01.abf,9,450.0,15.0,-10.0,10,19.004180919802355,600.0,1126.2,0.5262
WT,WT_01,/root/neurothermo/WT/cc_01.abf,10,500.0,8.0,-30.0,8,15.203344735841885,600.0,1126.2,0.5262
WT,WT_01,/root/neurothermo/WT/cc_01.abf,10,500.0,8.0,-20.0,8,15.203344735841885,600.0,1126.2,0.5262
WT,WT_01,/root/neurothermo/WT/cc_01.abf,10,500.0,8.0,-10.0,8,15.203344735841885,600.0,1126.2,0.5262
WT,WT_01,/root/neurothermo/WT/cc_01.abf,10,500.0,10.0,-30.0,8,15.203344735841885,600.0,1126.2,0.5262
WT,WT_01,/root/neurothermo/WT/cc_01.abf,10,500.0,10.0,-20.0,8,15.203344735841885,600.0,1126.2,0.5262
WT,WT_01,/root/neurothermo/WT/cc_01.abf,10,500.0,10.0,-10.0,8,15.203344735841885,600.0,1126.2,0.5262
WT,WT_01,/root/neurothermo/WT/cc_01.abf,10,500.0,12.0,-30.0,8,15.203344735841885,600.0,1126.2,0.5262
WT,WT_01,/root/neurothermo/WT/cc_01.abf,10,500.0,12.0,-20.0,8,15.203344735841885,600.0,1126.2,0.5262
WT,WT_01,/root/neurothermo/WT/cc_01.abf,10,500.0,12.0,-10.0,8,15.203344735841885,600.0,1126.2,0.5262
WT,WT_01,/root/neurothermo/WT/cc_01.abf,10,500.0,15.0,-30.0,8,15.203344735841885,600.0,1126.2,0.5262
WT,WT_01,/root/neurothermo/WT/cc_01.abf,10,500.0,15.0,-20.0,8,15.203344735841885,600.0,1126.2,0.5262
WT,WT_01,/root/neurothermo/WT/cc_01.abf,10,500.0,15.0,-10.0,8,15.203344735841885,600.0,1126.2,0.5262
WT,WT_01,/root/neurothermo/WT/cc_01.abf,11,550.0,8.0,-30.0,10,19.004180919802355,600.0,1126.2,0.5262
WT,WT_01,/root/neurothermo/WT/cc_01.abf,11,550.0,8.0,-20.0,10,19.004180919802355,600.0,1126.2,0.5262
WT,WT_01,/root/neurothermo/WT/cc_01.abf,11,550.0,8.0,-10.0,10,19.004180919802355,600.0,1126.2,0.5262
WT,WT_01,/root/neurothermo/WT/cc_01.abf,11,550.0,10.0,-30.0,10,19.004180919802355,600.0,1126.2,0.5262
WT,WT_01,/root/neurothermo/WT/cc_01.abf,11,550.0,10.0,-20.0,10,19.004180919802355,600.0,1126.2,0.5262
WT,WT_01,/root/neurothermo/WT/cc_01.abf,11,550.0,10.0,-10.0,10,19.004180919802355,600.0,1126.2,0.5262
WT,WT_01,/root/neurothermo/WT/cc_01.abf,11,550.0,12.0,-30.0,10,19.004180919802355,600.0,1126.2,0.5262
WT,WT_01,/root/neurothermo/WT/cc_01.abf,11,550.0,12.0,-20.0,10,19.004180919802355,600.0,1126.2,0.5262
WT,WT_01,/root/neurothermo/WT/cc_01.abf,11,550.0,12.0,-10.0,10,19.004180919802355,600.0,1126.2,0.5262
WT,WT_01,/root/neurothermo/WT/cc_01.abf,11,550.0,15.0,-30.0,10,19.004180919802355,600.0,1126.2,0.5262
WT,WT_01,/root/neurothermo/WT/cc_01.abf,11,550.0,15.0,-20.0,10,19.004180919802355,600.0,1126.2,0.5262
WT,WT_01,/root/neurothermo/WT/cc_01.abf,11,550.0,15.0,-10.0,10,19.004180919802355,600.0,1126.2,0.5262
WT,WT_01,/root/neurothermo/WT/cc_01.abf,12,600.0,8.0,-30.0,8,15.203344735841885,600.0,1126.2,0.5262
WT,WT_01,/root/neurothermo/WT/cc_01.abf,12,600.0,8.0,-20.0,8,15.203344735841885,600.0,1126.2,0.5262
WT,WT_01,/root/neurothermo/WT/cc_01.abf,12,600.0,8.0,-10.0,8,15.203344735841885,600.0,1126.2,0.5262
WT,WT_01,/root/neurothermo/WT/cc_01.abf,12,600.0,10.0,-30.0,8,15.203344735841885,600.0,1126.2,0.5262
WT,WT_01,/root/neurothermo/WT/cc_01.abf,12,600.0,10.0,-20.0,8,15.203344735841885,600.0,1126.2,0.5262
WT,WT_01,/root/neurothermo/WT/cc_01.abf,12,600.0,10.0,-10.0,8,15.203344735841885,600.0,1126.2,0.5262
WT,WT_01,/root/neurothermo/WT/cc_01.abf,12,600.0,12.0,-30.0,8,15.203344735841885,600.0,1126.2,0.5262
WT,WT_01,/root/neurothermo/WT/cc_01.abf,12,600.0,12.0,-20.0,8,15.203344735841885,600.0,1126.2,0.5262
WT,WT_01,/root/neurothermo/WT/cc_01.abf,12,600.0,12.0,-10.0,8,15.203344735841885,600.0,1126.2,0.5262
WT,WT_01,/root/neurothermo/WT/cc_01.abf,12,600.0,15.0,-30.0,8,15.203344735841885,600.0,1126.2,0.5262
WT,WT_01,/root/neurothermo/WT/cc_01.abf,12,600.0,15.0,-20.0,8,15.203344735841885,600.0,1126.2,0.5262
WT,WT_01,/root/neurothermo/WT/cc_01.abf,12,600.0,15.0,-10.0,8,15.203344735841885,600.0,1126.2,0.5262
WT,WT_02,/root/neurothermo/WT/cc_02.abf,0,0.0,8.0,-30.0,0,0.0,600.0,1126.2,0.5262
WT,WT_02,/root/neurothermo/WT/cc_02.abf,0,0.0,8.0,-20.0,0,0.0,600.0,1126.2,0.5262
WT,WT_02,/root/neurothermo/WT/cc_02.abf,0,0.0,8.0,-10.0,0,0.0,600.0,1126.2,0.5262
WT,WT_02,/root/neurothermo/WT/cc_02.abf,0,0.0,10.0,-30.0,0,0.0,600.0,1126.2,0.5262
WT,WT_02,/root/neurothermo/WT/cc_02.abf,0,0.0,10.0,-20.0,0,0.0,600.0,1126.2,0.5262
WT,WT_02,/root/neurothermo/WT/cc_02.abf,0,0.0,10.0,-10.0,0,0.0,600.0,1126.2,0.5262
WT,WT_02,/root/neurothermo/WT/cc_02.abf,0,0.0,12.0,-30.0,0,0.0,600.0,1126.2,0.5262
WT,WT_02,/root/neurothermo/WT/cc_02.abf,0,0.0,12.0,-20.0,0,0.0,600.0,1126.2,0.5262
WT,WT_02,/root/neurothermo/WT/cc_02.abf,0,0.0,12.0,-10.0,0,0.0,600.0,1126.2,0.5262
WT,WT_02,/root/neurothermo/WT/cc_02.abf,0,0.0,15.0,-30.0,0,0.0,600.0,1126.2,0.5262
WT,WT_02,/root/neurothermo/WT/cc_02.abf,0,0.0,15.0,-20.0,0,0.0,600.0,1126.2,0.5262
WT,WT_02,/root/neurothermo/WT/cc_02.abf,0,0.0,15.0,-10.0,0,0.0,600.0,1126.2,0.5262
WT,WT_02,/root/neurothermo/WT/cc_02.abf,1,50.0,8.0,-30.0,0,0.0,600.0,1126.2,0.5262
WT,WT_02,/root/neurothermo/WT/cc_02.abf,1,50.0,8.0,-20.0,0,0.0,600.0,1126.2,0.5262
WT,WT_02,/root/neurothermo/WT/cc_02.abf,1,50.0,8.0,-10.0,0,0.0,600.0,1126.2,0.5262
WT,WT_02,/root/neurothermo/WT/cc_02.abf,1,50.0,10.0,-30.0,0,0.0,600.0,1126.2,0.5262
WT,WT_02,/root/neurothermo/WT/cc_02.abf,1,50.0,10.0,-20.0,0,0.0,600.0,1126.2,0.5262
WT,WT_02,/root/neurothermo/WT/cc_02.abf,1,50.0,10.0,-10.0,0,0.0,600.0,1126.2,0.5262
WT,WT_02,/root/neurothermo/WT/cc_02.abf,1,50.0,12.0,-30.0,0,0.0,600.0,1126.2,0.5262
WT,WT_02,/root/neurothermo/WT/cc_02.abf,1,50.0,12.0,-20.0,0,0.0,600.0,1126.2,0.5262
WT,WT_02,/root/neurothermo/WT/cc_02.abf,1,50.0,12.0,-10.0,0,0.0,600.0,1126.2,0.5262
WT,WT_02,/root/neurothermo/WT/cc_02.abf,1,50.0,15.0,-30.0,0,0.0,600.0,1126.2,0.5262
WT,WT_02,/root/neurothermo/WT/cc_02.abf,1,50.0,15.0,-20.0,0,0.0,600.0,1126.2,0.5262
WT,WT_02,/root/neurothermo/WT/cc_02.abf,1,50.0,15.0,-10.0,0,0.0,600.0,1126.2,0.5262
WT,WT_02,/root/neurothermo/WT/cc_02.abf,2,100.0,8.0,-30.0,0,0.0,600.0,1126.2,0.5262
WT,WT_02,/root/neurothermo/WT/cc_02.abf,2,100.0,8.0,-20.0,0,0.0,600.0,1126.2,0.5262
WT,WT_02,/root/neurothermo/WT/cc_02.abf,2,100.0,8.0,-10.0,0,0.0,600.0,1126.2,0.5262
WT,WT_02,/root/neurothermo/WT/cc_02.abf,2,100.0,10.0,-30.0,0,0.0,600.0,1126.2,0.5262
WT,WT_02,/root/neurothermo/WT/cc_02.abf,2,100.0,10.0,-20.0,0,0.0,600.0,1126.2,0.5262
WT,WT_02,/root/neurothermo/WT/cc_02.abf,2,100.0,10.0,-10.0,0,0.0,600.0,1126.2,0.5262
WT,WT_02,/root/neurothermo/WT/cc_02.abf,2,100.0,12.0,-30.0,0,0.0,600.0,1126.2,0.5262
WT,WT_02,/root/neurothermo/WT/cc_02.abf,2,100.0,12.0,-20.0,0,0.0,600.0,1126.2,0.5262
WT,WT_02,/root/neurothermo/WT/cc_02.abf,2,100.0,12.0,-10.0,0,0.0,600.0,1126.2,0.5262
WT,WT_02,/root/neurothermo/WT/cc_02.abf,2,100.0,15.0,-30.0,0,0.0,600.0,1126.2,0.5262
WT,WT_02,/root/neurothermo/WT/cc_02.abf,2,100.0,15.0,-20.0,0,0.0,600.0,1126.2,0.5262
WT,WT_02,/root/neurothermo/WT/cc_02.abf,2,100.0,15.0,-10.0,0,0.0,600.0,1126.2,0.5262
WT,WT_02,/root/neurothermo/WT/cc_02.abf,3,150.0,8.0,-30.0,0,0.0,600.0,1126.2,0.5262
WT,WT_02,/root/neurothermo/WT/cc_02.abf,3,150.0,8.0,-20.0,0,0.0,600.0,1126.2,0.5262
WT,WT_02,/root/neurothermo/WT/cc_02.abf,3,150.0,8.0,-10.0,0,0.0,600.0,1126.2,0.5262
WT,WT_02,/root/neurothermo/WT/cc_02.abf,3,150.0,10.0,-30.0,0,0.0,600.0,1126.2,0.5262
WT,WT_02,/root/neurothermo/WT/cc_02.abf,3,150.0,10.0,-20.0,0,0.0,600.0,1126.2,0.5262
WT,WT_02,/root/neurothermo/WT/cc_02.abf,3,150.0,10.0,-10.0,0,0.0,600.0,1126.2,0.5262
WT,WT_02,/root/neurothermo/WT/cc_02.abf,3,150.0,12.0,-30.0,0,0.0,600.0,1126.2,0.5262
WT,WT_02,/root/neurothermo/WT/cc_02.abf,3,150.0,12.0,-20.0,0,0.0,600.0,1126.2,0.5262
WT,WT_02,/root/neurothermo/WT/cc_02.abf,3,150.0,12.0,-10.0,0,0.0,600.0,1126.2,0.5262
WT,WT_02,/root/neurothermo/WT/cc_02.abf,3,150.0,15.0,-30.0,0,0.0,600.0,1126.2,0.5262
WT,WT_02,/root/neurothermo/WT/cc_02.abf,3,150.0,15.0,-20.0,0,0.0,600.0,1126.2,0.5262
WT,WT_02,/root/neurothermo/WT/cc_02.abf,3,150.0,15.0,-10.0,0,0.0,600.0,1126.2,0.5262
WT,WT_02,/root/neurothermo/WT/cc_02.abf,4,200.0,8.0,-30.0,2,3.800836183960471,600.0,1126.2,0.5262
WT,WT_02,/root/neurothermo/WT/cc_02.abf,4,200.0,8.0,-20.0,2,3.800836183960471,600.0,1126.2,0.5262
WT,WT_02,/root/neurothermo/WT/cc_02.abf,4,200.0,8.0,-10.0,1,1.9004180919802356,600.0,1126.2,0.5262
WT,WT_02,/root/neurothermo/WT/cc_02.abf,4,200.0,10.0,-30.0,2,3.800836183960471,600.0,1126.2,0.5262
WT,WT_02,/root/neurothermo/WT/cc_02.abf,4,200.0,10.0,-20.0,2,3.800836183960471,600.0,1126.2,0.5262
WT,WT_02,/root/neurothermo/WT/cc_02.abf,4,200.0,10.0,-10.0,1,1.9004180919802356,600.0,1126.2,0.5262
WT,WT_02,/root/neurothermo/WT/cc_02.abf,4,200.0,12.0,-30.0,2,3.800836183960471,600.0,1126.2,0.5262
WT,WT_02,/root/neurothermo/WT/cc_02.abf,4,200.0,12.0,-20.0,2,3.800836183960471,600.0,1126.2,0.5262
WT,WT_02,/root/neurothermo/WT/cc_02.abf,4,200.0,12.0,-10.0,1,1.9004180919802356,600.0,1126.2,0.5262
WT,WT_02,/root/neurothermo/WT/cc_02.abf,4,200.0,15.0,-30.0,2,3.800836183960471,600.0,1126.2,0.5262
WT,WT_02,/root/neurothermo/WT/cc_02.abf,4,200.0,15.0,-20.0,2,3.800836183960471,600.0,1126.2,0.5262
WT,WT_02,/root/neurothermo/WT/cc_02.abf,4,200.0,15.0,-10.0,1,1.9004180919802356,600.0,1126.2,0.5262
WT,WT_02,/root/neurothermo/WT/cc_02.abf,5,250.0,8.0,-30.0,15,28.506271379703534,600.0,1126.2,0.5262
WT,WT_02,/root/neurothermo/WT/cc_02.abf,5,250.0,8.0,-20.0,14,26.6058532877233,600.0,1126.2,0.5262
WT,WT_02,/root/neurothermo/WT/cc_02.abf,5,250.0,8.0,-10.0,5,9.502090459901178,600.0,1126.2,0.5262
WT,WT_02,/root/neurothermo/WT/cc_02.abf,5,250.0,10.0,-30.0,15,28.506271379703534,600.0,1126.2,0.5262
WT,WT_02,/root/neurothermo/WT/cc_02.abf,5,250.0,10.0,-20.0,14,26.6058532877233,600.0,1126.2,0.5262
WT,WT_02,/root/neurothermo/WT/cc_02.abf,5,250.0,10.0,-10.0,5,9.502090459901178,600.0,1126.2,0.5262
WT,WT_02,/root/neurothermo/WT/cc_02.abf,5,250.0,12.0,-30.0,14,26.6058532877233,600.0,1126.2,0.5262
WT,WT_02,/root/neurothermo/WT/cc_02.abf,5,250.0,12.0,-20.0,13,24.705435195743064,600.0,1126.2,0.5262
WT,WT_02,/root/neurothermo/WT/cc_02.abf,5,250.0,12.0,-10.0,5,9.502090459901178,600.0,1126.2,0.5262
WT,WT_02,/root/neurothermo/WT/cc_02.abf,5,250.0,15.0,-30.0,14,26.6058532877233,600.0,1126.2,0.5262
WT,WT_02,/root/neurothermo/WT/cc_02.abf,5,250.0,15.0,-20.0,13,24.705435195743064,600.0,1126.2,0.5262
WT,WT_02,/root/neurothermo/WT/cc_02.abf,5,250.0,15.0,-10.0,5,9.502090459901178,600.0,1126.2,0.5262
WT,WT_02,/root/neurothermo/WT/cc_02.abf,6,300.0,8.0,-30.0,4,7.601672367920942,600.0,1126.2,0.5262
WT,WT_02,/root/neurothermo/WT/cc_02.abf,6,300.0,8.0,-20.0,4,7.601672367920942,600.0,1126.2,0.5262
WT,WT_02,/root/neurothermo/WT/cc_02.abf,6,300.0,8.0,-10.0,2,3.800836183960471,600.0,1126.2,0.5262
WT,WT_02,/root/neurothermo/WT/cc_02.abf,6,300.0,10.0,-30.0,4,7.601672367920942,600.0,1126.2,0.5262
WT,WT_02,/root/neurothermo/WT/cc_02.abf,6,300.0,10.0,-20.0,4,7.601672367920942,600.0,1126.2,0.5262
WT,WT_02,/root/neurothermo/WT/cc_02.abf,6,300.0,10.0,-10.0,2,3.800836183960471,600.0,1126.2,0.5262
WT,WT_02,/root/neurothermo/WT/cc_02.abf,6,300.0,12.0,-30.0,4,7.601672367920942,600.0,1126.2,0.5262
WT,WT_02,/root/neurothermo/WT/cc_02.abf,6,300.0,12.0,-20.0,4,7.601672367920942,600.0,1126.2,0.5262
WT,WT_02,/root/neurothermo/WT/cc_02.abf,6,300.0,12.0,-10.0,2,3.800836183960471,600.0,1126.2,0.5262
WT,WT_02,/root/neurothermo/WT/cc_02.abf,6,300.0,15.0,-30.0,4,7.601672367920942,600.0,1126.2,0.5262
WT,WT_02,/root/neurothermo/WT/cc_02.abf,6,300.0,15.0,-20.0,4,7.601672367920942,600.0,1126.2,0.5262
WT,WT_02,/root/neurothermo/WT/cc_02.abf,6,300.0,15.0,-10.0,2,3.800836183960471,600.0,1126.2,0.5262
WT,WT_02,/root/neurothermo/WT/cc_02.abf,7,350.0,8.0,-30.0,18,34.20752565564424,600.0,1126.2,0.5262
WT,WT_02,/root/neurothermo/WT/cc_02.abf,7,350.0,8.0,-20.0,16,30.40668947168377,600.0,1126.2,0.5262
WT,WT_02,/root/neurothermo/WT/cc_02.abf,7,350.0,8.0,-10.0,7,13.30292664386165,600.0,1126.2,0.5262
WT,WT_02,/root/neurothermo/WT/cc_02.abf,7,350.0,10.0,-30.0,16,30.40668947168377,600.0,1126.2,0.5262
WT,WT_02,/root/neurothermo/WT/cc_02.abf,7,350.0,10.0,-20.0,16,30.40668947168377,600.0,1126.2,0.5262
WT,WT_02,/root/neurothermo/WT/cc_02.abf,7,350.0,10.0,-10.0,7,13.30292664386165,600.0,1126.2,0.5262
WT,WT_02,/root/neurothermo/WT/cc_02.abf,7,350.0,12.0,-30.0,16,30.40668947168377,600.0,1126.2,0.5262
WT,WT_02,/root/neurothermo/WT/cc_02.abf,7,350.0,12.0,-20.0,16,30.40668947168377,600.0,1126.2,0.5262
WT,WT_02,/root/neurothermo/WT/cc_02.abf,7,350.0,12.0,-10.0,7,13.30292664386165,600.0,1126.2,0.5262
WT,WT_02,/root/neurothermo/WT/cc_02.abf,7,350.0,15.0,-30.0,15,28.506271379703534,600.0,1126.2,0.5262
WT,WT_02,/root/neurothermo/WT/cc_02.abf,7,350.0,15.0,-20.0,15,28.506271379703534,600.0,1126.2,0.5262
WT,WT_02,/root/neurothermo/WT/cc_02.abf,7,350.0,15.0,-10.0,7,13.30292664386165,600.0,1126.2,0.5262
WT,WT_02,/root/neurothermo/WT/cc_02.abf,8,400.0,8.0,-30.0,19,36.107943747624475,600.0,1126.2,0.5262
WT,WT_02,/root/neurothermo/WT/cc_02.abf,8,400.0,8.0,-20.0,18,34.20752565564424,600.0,1126.2,0.5262
WT,WT_02,/root/neurothermo/WT/cc_02.abf,8,400.0,8.0,-10.0,8,15.203344735841885,600.0,1126.2,0.5262
WT,WT_02,/root/neurothermo/WT/cc_02.abf,8,400.0,10.0,-30.0,18,34.20752565564424,600.0,1126.2,0.5262
WT,WT_02,/root/neurothermo/WT/cc_02.abf,8,400.0,10.0,-20.0,18,34.20752565564424,600.0,1126.2,0.5262
WT,WT_02,/root/neurothermo/WT/cc_02.abf,8,400.0,10.0,-10.0,8,15.203344735841885,600.0,1126.2,0.5262
WT,WT_02,/root/neurothermo/WT/cc_02.abf,8,400.0,12.0,-30.0,18,34.20752565564424,600.0,1126.2,0.5262
WT,WT_02,/root/neurothermo/WT/cc_02.abf,8,400.0,12.0,-20.0,18,34.20752565564424,600.0,1126.2,0.5262
WT,WT_02,/root/neurothermo/WT/cc_02.abf,8,400.0,12.0,-10.0,8,15.203344735841885,600.0,1126.2,0.5262
WT,WT_02,/root/neurothermo/WT/cc_02.abf,8,400.0,15.0,-30.0,15,28.506271379703534,600.0,1126.2,0.5262
WT,WT_02,/root/neurothermo/WT/cc_02.abf,8,400.0,15.0,-20.0,15,28.506271379703534,600.0,1126.2,0.5262
WT,WT_02,/root/neurothermo/WT/cc_02.abf,8,400.0,15.0,-10.0,8,15.203344735841885,600.0,1126.2,0.5262
WT,WT_02,/root/neurothermo/WT/cc_02.abf,9,450.0,8.0,-30.0,19,36.107943747624475,600.0,1126.2,0.5262
WT,WT_02,/root/neurothermo/WT/cc_02.abf,9,450.0,8.0,-20.0,18,34.20752565564424,600.0,1126.2,0.5262
WT,WT_02,/root/neurothermo/WT/cc_02.abf,9,450.0,8.0,-10.0,9,17.10376282782212,600.0,1126.2,0.5262
WT,WT_02,/root/neurothermo/WT/cc_02.abf,9,450.0,10.0,-30.0,18,34.20752565564424,600.0,1126.2,0.5262
WT,WT_02,/root/neurothermo/WT/cc_02.abf,9,450.0,10.0,-20.0,18,34.20752565564424,600.0,1126.2,0.5262
WT,WT_02,/root/neurothermo/WT/cc_02.abf,9,450.0,10.0,-10.0,9,17.10376282782212,600.0,1126.2,0.5262
WT,WT_02,/root/neurothermo/WT/cc_02.abf,9,450.0,12.0,-30.0,17,32.307107563664005,600.0,1126.2,0.5262
WT,WT_02,/root/neurothermo/WT/cc_02.abf,9,450.0,12.0,-20.0,17,32.307107563664005,600.0,1126.2,0.5262
WT,WT_02,/root/neurothermo/WT/cc_02.abf,9,450.0,12.0,-10.0,9,17.10376282782212,600.0,1126.2,0.5262
WT,WT_02,/root/neurothermo/WT/cc_02.abf,9,450.0,15.0,-30.0,14,26.6058532877233,600.0,1126.2,0.5262
WT,WT_02,/root/neurothermo/WT/cc_02.abf,9,450.0,15.0,-20.0,14,26.6058532877233,600.0,1126.2,0.5262
WT,WT_02,/root/neurothermo/WT/cc_02.abf,9,450.0,15.0,-10.0,9,17.10376282782212,600.0,1126.2,0.5262
WT,WT_02,/root/neurothermo/WT/cc_02.abf,10,500.0,8.0,-30.0,26,49.41087039148613,600.0,1126.2,0.5262
WT,WT_02,/root/neurothermo/WT/cc_02.abf,10,500.0,8.0,-20.0,22,41.80919802356519,600.0,1126.2,0.5262
WT,WT_02,/root/neurothermo/WT/cc_02.abf,10,500.0,8.0,-10.0,9,17.10376282782212,600.0,1126.2,0.5262
WT,WT_02,/root/neurothermo/WT/cc_02.abf,10,500.0,10.0,-30.0,23,43.70961611554542,600.0,1126.2,0.5262
WT,WT_02,/root/neurothermo/WT/cc_02.abf,10,500.0,10.0,-20.0,22,41.80919802356519,600.0,1126.2,0.5262
WT,WT_02,/root/neurothermo/WT/cc_02.abf,10,500.0,10.0,-10.0,9,17.10376282782212,600.0,1126.2,0.5262
WT,WT_02,/root/neurothermo/WT/cc_02.abf,10,500.0,12.0,-30.0,21,39.908779931584945,600.0,1126.2,0.5262
WT,WT_02,/root/neurothermo/WT/cc_02.abf,10,500.0,12.0,-20.0,21,39.908779931584945,600.0,1126.2,0.5262
WT,WT_02,/root/neurothermo/WT/cc_02.abf,10,500.0,12.0,-10.0,9,17.10376282782212,600.0,1126.2,0.5262
WT,WT_02,/root/neurothermo/WT/cc_02.abf,10,500.0,15.0,-30.0,15,28.506271379703534,600.0,1126.2,0.5262
WT,WT_02,/root/neurothermo/WT/cc_02.abf,10,500.0,15.0,-20.0,15,28.506271379703534,600.0,1126.2,0.5262
WT,WT_02,/root/neurothermo/WT/cc_02.abf,10,500.0,15.0,-10.0,9,17.10376282782212,600.0,1126.2,0.5262
WT,WT_02,/root/neurothermo/WT/cc_02.abf,11,550.0,8.0,-30.0,24,45.61003420752566,600.0,1126.2,0.5262
WT,WT_02,/root/neurothermo/WT/cc_02.abf,11,550.0,8.0,-20.0,20,38.00836183960471,600.0,1126.2,0.5262
WT,WT_02,/root/neurothermo/WT/cc_02.abf,11,550.0,8.0,-10.0,10,19.004180919802355,600.0,1126.2,0.5262
WT,WT_02,/root/neurothermo/WT/cc_02.abf,11,550.0,10.0,-30.0,22,41.80919802356519,600.0,1126.2,0.5262
WT,WT_02,/root/neurothermo/WT/cc_02.abf,11,550.0,10.0,-20.0,19,36.107943747624475,600.0,1126.2,0.5262
WT,WT_02,/root/neurothermo/WT/cc_02.abf,11,550.0,10.0,-10.0,10,19.004180919802355,600.0,1126.2,0.5262
WT,WT_02,/root/neurothermo/WT/cc_02.abf,11,550.0,12.0,-30.0,21,39.908779931584945,600.0,1126.2,0.5262
WT,WT_02,/root/neurothermo/WT/cc_02.abf,11,550.0,12.0,-20.0,19,36.107943747624475,600.0,1126.2,0.5262
WT,WT_02,/root/neurothermo/WT/cc_02.abf,11,550.0,12.0,-10.0,10,19.004180919802355,600.0,1126.2,0.5262
WT,WT_02,/root/neurothermo/WT/cc_02.abf,11,550.0,15.0,-30.0,17,32.307107563664005,600.0,1126.2,0.5262
WT,WT_02,/root/neurothermo/WT/cc_02.abf,11,550.0,15.0,-20.0,17,32.307107563664005,600.0,1126.2,0.5262
WT,WT_02,/root/neurothermo/WT/cc_02.abf,11,550.0,15.0,-10.0,10,19.004180919802355,600.0,1126.2,0.5262
WT,WT_02,/root/neurothermo/WT/cc_02.abf,12,600.0,8.0,-30.0,24,45.61003420752566,600.0,1126.2,0.5262
WT,WT_02,/root/neurothermo/WT/cc_02.abf,12,600.0,8.0,-20.0,21,39.908779931584945,600.0,1126.2,0.5262
WT,WT_02,/root/neurothermo/WT/cc_02.abf,12,600.0,8.0,-10.0,9,17.10376282782212,600.0,1126.2,0.5262
WT,WT_02,/root/neurothermo/WT/cc_02.abf,12,600.0,10.0,-30.0,21,39.908779931584945,600.0,1126.2,0.5262
WT,WT_02,/root/neurothermo/WT/cc_02.abf,12,600.0,10.0,-20.0,18,34.20752565564424,600.0,1126.2,0.5262
WT,WT_02,/root/neurothermo/WT/cc_02.abf,12,600.0,10.0,-10.0,9,17.10376282782212,600.0,1126.2,0.5262
WT,WT_02,/root/neurothermo/WT/cc_02.abf,12,600.0,12.0,-30.0,18,34.20752565564424,600.0,1126.2,0.5262
WT,WT_02,/root/neurothermo/WT/cc_02.abf,12,600.0,12.0,-20.0,18,34.20752565564424,600.0,1126.2,0.5262
WT,WT_02,/root/neurothermo/WT/cc_02.abf,12,600.0,12.0,-10.0,9,17.10376282782212,600.0,1126.2,0.5262
WT,WT_02,/root/neurothermo/WT/cc_02.abf,12,600.0,15.0,-30.0,18,34.20752565564424,600.0,1126.2,0.5262
WT,WT_02,/root/neurothermo/WT/cc_02.abf,12,600.0,15.0,-20.0,18,34.20752565564424,600.0,1126.2,0.5262
WT,WT_02,/root/neurothermo/WT/cc_02.abf,12,600.0,15.0,-10.0,9,17.10376282782212,600.0,1126.2,0.5262
WT,WT_03,/root/neurothermo/WT/cc_03.abf,0,0.0,8.0,-30.0,0,0.0,600.0,1126.2,0.5262
WT,WT_03,/root/neurothermo/WT/cc_03.abf,0,0.0,8.0,-20.0,0,0.0,600.0,1126.2,0.5262
WT,WT_03,/root/neurothermo/WT/cc_03.abf,0,0.0,8.0,-10.0,0,0.0,600.0,1126.2,0.5262
WT,WT_03,/root/neurothermo/WT/cc_03.abf,0,0.0,10.0,-30.0,0,0.0,600.0,1126.2,0.5262
WT,WT_03,/root/neurothermo/WT/cc_03.abf,0,0.0,10.0,-20.0,0,0.0,600.0,1126.2,0.5262
WT,WT_03,/root/neurothermo/WT/cc_03.abf,0,0.0,10.0,-10.0,0,0.0,600.0,1126.2,0.5262
WT,WT_03,/root/neurothermo/WT/cc_03.abf,0,0.0,12.0,-30.0,0,0.0,600.0,1126.2,0.5262
WT,WT_03,/root/neurothermo/WT/cc_03.abf,0,0.0,12.0,-20.0,0,0.0,600.0,1126.2,0.5262
WT,WT_03,/root/neurothermo/WT/cc_03.abf,0,0.0,12.0,-10.0,0,0.0,600.0,1126.2,0.5262
WT,WT_03,/root/neurothermo/WT/cc_03.abf,0,0.0,15.0,-30.0,0,0.0,600.0,1126.2,0.5262
WT,WT_03,/root/neurothermo/WT/cc_03.abf,0,0.0,15.0,-20.0,0,0.0,600.0,1126.2,0.5262
WT,WT_03,/root/neurothermo/WT/cc_03.abf,0,0.0,15.0,-10.0,0,0.0,600.0,1126.2,0.5262
WT,WT_03,/root/neurothermo/WT/cc_03.abf,1,50.0,8.0,-30.0,0,0.0,600.0,1126.2,0.5262
WT,WT_03,/root/neurothermo/WT/cc_03.abf,1,50.0,8.0,-20.0,0,0.0,600.0,1126.2,0.5262
WT,WT_03,/root/neurothermo/WT/cc_03.abf,1,50.0,8.0,-10.0,0,0.0,600.0,1126.2,0.5262
WT,WT_03,/root/neurothermo/WT/cc_03.abf,1,50.0,10.0,-30.0,0,0.0,600.0,1126.2,0.5262
WT,WT_03,/root/neurothermo/WT/cc_03.abf,1,50.0,10.0,-20.0,0,0.0,600.0,1126.2,0.5262
WT,WT_03,/root/neurothermo/WT/cc_03.abf,1,50.0,10.0,-10.0,0,0.0,600.0,1126.2,0.5262
WT,WT_03,/root/neurothermo/WT/cc_03.abf,1,50.0,12.0,-30.0,0,0.0,600.0,1126.2,0.5262
WT,WT_03,/root/neurothermo/WT/cc_03.abf,1,50.0,12.0,-20.0,0,0.0,600.0,1126.2,0.5262
WT,WT_03,/root/neurothermo/WT/cc_03.abf,1,50.0,12.0,-10.0,0,0.0,600.0,1126.2,0.5262
WT,WT_03,/root/neurothermo/WT/cc_03.abf,1,50.0,15.0,-30.0,0,0.0,600.0,1126.2,0.5262
WT,WT_03,/root/neurothermo/WT/cc_03.abf,1,50.0,15.0,-20.0,0,0.0,600.0,1126.2,0.5262
WT,WT_03,/root/neurothermo/WT/cc_03.abf,1,50.0,15.0,-10.0,0,0.0,600.0,1126.2,0.5262
WT,WT_03,/root/neurothermo/WT/cc_03.abf,2,100.0,8.0,-30.0,0,0.0,600.0,1126.2,0.5262
WT,WT_03,/root/neurothermo/WT/cc_03.abf,2,100.0,8.0,-20.0,0,0.0,600.0,1126.2,0.5262
WT,WT_03,/root/neurothermo/WT/cc_03.abf,2,100.0,8.0,-10.0,0,0.0,600.0,1126.2,0.5262
WT,WT_03,/root/neurothermo/WT/cc_03.abf,2,100.0,10.0,-30.0,0,0.0,600.0,1126.2,0.5262
WT,WT_03,/root/neurothermo/WT/cc_03.abf,2,100.0,10.0,-20.0,0,0.0,600.0,1126.2,0.5262
WT,WT_03,/root/neurothermo/WT/cc_03.abf,2,100.0,10.0,-10.0,0,0.0,600.0,1126.2,0.5262
WT,WT_03,/root/neurothermo/WT/cc_03.abf,2,100.0,12.0,-30.0,0,0.0,600.0,1126.2,0.5262
WT,WT_03,/root/neurothermo/WT/cc_03.abf,2,100.0,12.0,-20.0,0,0.0,600.0,1126.2,0.5262
WT,WT_03,/root/neurothermo/WT/cc_03.abf,2,100.0,12.0,-10.0,0,0.0,600.0,1126.2,0.5262
WT,WT_03,/root/neurothermo/WT/cc_03.abf,2,100.0,15.0,-30.0,0,0.0,600.0,1126.2,0.5262
WT,WT_03,/root/neurothermo/WT/cc_03.abf,2,100.0,15.0,-20.0,0,0.0,600.0,1126.2,0.5262
WT,WT_03,/root/neurothermo/WT/cc_03.abf,2,100.0,15.0,-10.0,0,0.0,600.0,1126.2,0.5262
WT,WT_03,/root/neurothermo/WT/cc_03.abf,3,150.0,8.0,-30.0,0,0.0,600.0,1126.2,0.5262
WT,WT_03,/root/neurothermo/WT/cc_03.abf,3,150.0,8.0,-20.0,0,0.0,600.0,1126.2,0.5262
WT,WT_03,/root/neurothermo/WT/cc_03.abf,3,150.0,8.0,-10.0,0,0.0,600.0,1126.2,0.5262
WT,WT_03,/root/neurothermo/WT/cc_03.abf,3,150.0,10.0,-30.0,0,0.0,600.0,1126.2,0.5262
WT,WT_03,/root/neurothermo/WT/cc_03.abf,3,150.0,10.0,-20.0,0,0.0,600.0,1126.2,0.5262
WT,WT_03,/root/neurothermo/WT/cc_03.abf,3,150.0,10.0,-10.0,0,0.0,600.0,1126.2,0.5262
WT,WT_03,/root/neurothermo/WT/cc_03.abf,3,150.0,12.0,-30.0,0,0.0,600.0,1126.2,0.5262
WT,WT_03,/root/neurothermo/WT/cc_03.abf,3,150.0,12.0,-20.0,0,0.0,600.0,1126.2,0.5262
WT,WT_03,/root/neurothermo/WT/cc_03.abf,3,150.0,12.0,-10.0,0,0.0,600.0,1126.2,0.5262
WT,WT_03,/root/neurothermo/WT/cc_03.abf,3,150.0,15.0,-30.0,0,0.0,600.0,1126.2,0.5262
WT,WT_03,/root/neurothermo/WT/cc_03.abf,3,150.0,15.0,-20.0,0,0.0,600.0,1126.2,0.5262
WT,WT_03,/root/neurothermo/WT/cc_03.abf,3,150.0,15.0,-10.0,0,0.0,600.0,1126.2,0.5262
WT,WT_03,/root/neurothermo/WT/cc_03.abf,4,200.0,8.0,-30.0,0,0.0,600.0,1126.2,0.5262
WT,WT_03,/root/neurothermo/WT/cc_03.abf,4,200.0,8.0,-20.0,0,0.0,600.0,1126.2,0.5262
WT,WT_03,/root/neurothermo/WT/cc_03.abf,4,200.0,8.0,-10.0,0,0.0,600.0,1126.2,0.5262
WT,WT_03,/root/neurothermo/WT/cc_03.abf,4,200.0,10.0,-30.0,0,0.0,600.0,1126.2,0.5262
WT,WT_03,/root/neurothermo/WT/cc_03.abf,4,200.0,10.0,-20.0,0,0.0,600.0,1126.2,0.5262
WT,WT_03,/root/neurothermo/WT/cc_03.abf,4,200.0,10.0,-10.0,0,0.0,600.0,1126.2,0.5262
WT,WT_03,/root/neurothermo/WT/cc_03.abf,4,200.0,12.0,-30.0,0,0.0,600.0,1126.2,0.5262
WT,WT_03,/root/neurothermo/WT/cc_03.abf,4,200.0,12.0,-20.0,0,0.0,600.0,1126.2,0.5262
WT,WT_03,/root/neurothermo/WT/cc_03.abf,4,200.0,12.0,-10.0,0,0.0,600.0,1126.2,0.5262
WT,WT_03,/root/neurothermo/WT/cc_03.abf,4,200.0,15.0,-30.0,0,0.0,600.0,1126.2,0.5262
WT,WT_03,/root/neurothermo/WT/cc_03.abf,4,200.0,15.0,-20.0,0,0.0,600.0,1126.2,0.5262
WT,WT_03,/root/neurothermo/WT/cc_03.abf,4,200.0,15.0,-10.0,0,0.0,600.0,1126.2,0.5262
WT,WT_03,/root/neurothermo/WT/cc_03.abf,5,250.0,8.0,-30.0,0,0.0,600.0,1126.2,0.5262
WT,WT_03,/root/neurothermo/WT/cc_03.abf,5,250.0,8.0,-20.0,0,0.0,600.0,1126.2,0.5262
WT,WT_03,/root/neurothermo/WT/cc_03.abf,5,250.0,8.0,-10.0,0,0.0,600.0,1126.2,0.5262
WT,WT_03,/root/neurothermo/WT/cc_03.abf,5,250.0,10.0,-30.0,0,0.0,600.0,1126.2,0.5262
WT,WT_03,/root/neurothermo/WT/cc_03.abf,5,250.0,10.0,-20.0,0,0.0,600.0,1126.2,0.5262
WT,WT_03,/root/neurothermo/WT/cc_03.abf,5,250.0,10.0,-10.0,0,0.0,600.0,1126.2,0.5262
WT,WT_03,/root/neurothermo/WT/cc_03.abf,5,250.0,12.0,-30.0,0,0.0,600.0,1126.2,0.5262
WT,WT_03,/root/neurothermo/WT/cc_03.abf,5,250.0,12.0,-20.0,0,0.0,600.0,1126.2,0.5262
WT,WT_03,/root/neurothermo/WT/cc_03.abf,5,250.0,12.0,-10.0,0,0.0,600.0,1126.2,0.5262
WT,WT_03,/root/neurothermo/WT/cc_03.abf,5,250.0,15.0,-30.0,0,0.0,600.0,1126.2,0.5262
WT,WT_03,/root/neurothermo/WT/cc_03.abf,5,250.0,15.0,-20.0,0,0.0,600.0,1126.2,0.5262
WT,WT_03,/root/neurothermo/WT/cc_03.abf,5,250.0,15.0,-10.0,0,0.0,600.0,1126.2,0.5262
WT,WT_03,/root/neurothermo/WT/cc_03.abf,6,300.0,8.0,-30.0,0,0.0,600.0,1126.2,0.5262
WT,WT_03,/root/neurothermo/WT/cc_03.abf,6,300.0,8.0,-20.0,0,0.0,600.0,1126.2,0.5262
WT,WT_03,/root/neurothermo/WT/cc_03.abf,6,300.0,8.0,-10.0,0,0.0,600.0,1126.2,0.5262
WT,WT_03,/root/neurothermo/WT/cc_03.abf,6,300.0,10.0,-30.0,0,0.0,600.0,1126.2,0.5262
WT,WT_03,/root/neurothermo/WT/cc_03.abf,6,300.0,10.0,-20.0,0,0.0,600.0,1126.2,0.5262
WT,WT_03,/root/neurothermo/WT/cc_03.abf,6,300.0,10.0,-10.0,0,0.0,600.0,1126.2,0.5262
WT,WT_03,/root/neurothermo/WT/cc_03.abf,6,300.0,12.0,-30.0,0,0.0,600.0,1126.2,0.5262
WT,WT_03,/root/neurothermo/WT/cc_03.abf,6,300.0,12.0,-20.0,0,0.0,600.0,1126.2,0.5262
WT,WT_03,/root/neurothermo/WT/cc_03.abf,6,300.0,12.0,-10.0,0,0.0,600.0,1126.2,0.5262
WT,WT_03,/root/neurothermo/WT/cc_03.abf,6,300.0,15.0,-30.0,0,0.0,600.0,1126.2,0.5262
WT,WT_03,/root/neurothermo/WT/cc_03.abf,6,300.0,15.0,-20.0,0,0.0,600.0,1126.2,0.5262
WT,WT_03,/root/neurothermo/WT/cc_03.abf,6,300.0,15.0,-10.0,0,0.0,600.0,1126.2,0.5262
WT,WT_03,/root/neurothermo/WT/cc_03.abf,7,350.0,8.0,-30.0,0,0.0,600.0,1126.2,0.5262
WT,WT_03,/root/neurothermo/WT/cc_03.abf,7,350.0,8.0,-20.0,0,0.0,600.0,1126.2,0.5262
WT,WT_03,/root/neurothermo/WT/cc_03.abf,7,350.0,8.0,-10.0,0,0.0,600.0,1126.2,0.5262
WT,WT_03,/root/neurothermo/WT/cc_03.abf,7,350.0,10.0,-30.0,0,0.0,600.0,1126.2,0.5262
WT,WT_03,/root/neurothermo/WT/cc_03.abf,7,350.0,10.0,-20.0,0,0.0,600.0,1126.2,0.5262
WT,WT_03,/root/neurothermo/WT/cc_03.abf,7,350.0,10.0,-10.0,0,0.0,600.0,1126.2,0.5262
WT,WT_03,/root/neurothermo/WT/cc_03.abf,7,350.0,12.0,-30.0,0,0.0,600.0,1126.2,0.5262
WT,WT_03,/root/neurothermo/WT/cc_03.abf,7,350.0,12.0,-20.0,0,0.0,600.0,1126.2,0.5262
WT,WT_03,/root/neurothermo/WT/cc_03.abf,7,350.0,12.0,-10.0,0,0.0,600.0,1126.2,0.5262
WT,WT_03,/root/neurothermo/WT/cc_03.abf,7,350.0,15.0,-30.0,0,0.0,600.0,1126.2,0.5262
WT,WT_03,/root/neurothermo/WT/cc_03.abf,7,350.0,15.0,-20.0,0,0.0,600.0,1126.2,0.5262
WT,WT_03,/root/neurothermo/WT/cc_03.abf,7,350.0,15.0,-10.0,0,0.0,600.0,1126.2,0.5262
WT,WT_03,/root/neurothermo/WT/cc_03.abf,8,400.0,8.0,-30.0,13,24.705435195743064,600.0,1126.2,0.5262
WT,WT_03,/root/neurothermo/WT/cc_03.abf,8,400.0,8.0,-20.0,13,24.705435195743064,600.0,1126.2,0.5262
WT,WT_03,/root/neurothermo/WT/cc_03.abf,8,400.0,8.0,-10.0,0,0.0,600.0,1126.2,0.5262
WT,WT_03,/root/neurothermo/WT/cc_03.abf,8,400.0,10.0,-30.0,13,24.705435195743064,600.0,1126.2,0.5262
WT,WT_03,/root/neurothermo/WT/cc_03.abf,8,400.0,10.0,-20.0,13,24.705435195743064,600.0,1126.2,0.5262
WT,WT_03,/root/neurothermo/WT/cc_03.abf,8,400.0,10.0,-10.0,0,0.0,600.0,1126.2,0.5262
WT,WT_03,/root/neurothermo/WT/cc_03.abf,8,400.0,12.0,-30.0,13,24.705435195743064,600.0,1126.2,0.5262
WT,WT_03,/root/neurothermo/WT/cc_03.abf,8,400.0,12.0,-20.0,13,24.705435195743064,600.0,1126.2,0.5262
WT,WT_03,/root/neurothermo/WT/cc_03.abf,8,400.0,12.0,-10.0,0,0.0,600.0,1126.2,0.5262
WT,WT_03,/root/neurothermo/WT/cc_03.abf,8,400.0,15.0,-30.0,13,24.705435195743064,600.0,1126.2,0.5262
WT,WT_03,/root/neurothermo/WT/cc_03.abf,8,400.0,15.0,-20.0,13,24.705435195743064,600.0,1126.2,0.5262
WT,WT_03,/root/neurothermo/WT/cc_03.abf,8,400.0,15.0,-10.0,0,0.0,600.0,1126.2,0.5262
WT,WT_03,/root/neurothermo/WT/cc_03.abf,9,450.0,8.0,-30.0,26,49.41087039148613,600.0,1126.2,0.5262
WT,WT_03,/root/neurothermo/WT/cc_03.abf,9,450.0,8.0,-20.0,26,49.41087039148613,600.0,1126.2,0.5262
WT,WT_03,/root/neurothermo/WT/cc_03.abf,9,450.0,8.0,-10.0,0,0.0,600.0,1126.2,0.5262
WT,WT_03,/root/neurothermo/WT/cc_03.abf,9,450.0,10.0,-30.0,26,49.41087039148613,600.0,1126.2,0.5262
WT,WT_03,/root/neurothermo/WT/cc_03.abf,9,450.0,10.0,-20.0,26,49.41087039148613,600.0,1126.2,0.5262
WT,WT_03,/root/neurothermo/WT/cc_03.abf,9,450.0,10.0,-10.0,0,0.0,600.0,1126.2,0.5262
WT,WT_03,/root/neurothermo/WT/cc_03.abf,9,450.0,12.0,-30.0,26,49.41087039148613,600.0,1126.2,0.5262
WT,WT_03,/root/neurothermo/WT/cc_03.abf,9,450.0,12.0,-20.0,26,49.41087039148613,600.0,1126.2,0.5262
WT,WT_03,/root/neurothermo/WT/cc_03.abf,9,450.0,12.0,-10.0,0,0.0,600.0,1126.2,0.5262
WT,WT_03,/root/neurothermo/WT/cc_03.abf,9,450.0,15.0,-30.0,26,49.41087039148613,600.0,1126.2,0.5262
WT,WT_03,/root/neurothermo/WT/cc_03.abf,9,450.0,15.0,-20.0,26,49.41087039148613,600.0,1126.2,0.5262
WT,WT_03,/root/neurothermo/WT/cc_03.abf,9,450.0,15.0,-10.0,0,0.0,600.0,1126.2,0.5262
WT,WT_03,/root/neurothermo/WT/cc_03.abf,10,500.0,8.0,-30.0,43,81.71797795515013,600.0,1126.2,0.5262
WT,WT_03,/root/neurothermo/WT/cc_03.abf,10,500.0,8.0,-20.0,43,81.71797795515013,600.0,1126.2,0.5262
WT,WT_03,/root/neurothermo/WT/cc_03.abf,10,500.0,8.0,-10.0,0,0.0,600.0,1126.2,0.5262
WT,WT_03,/root/neurothermo/WT/cc_03.abf,10,500.0,10.0,-30.0,43,81.71797795515013,600.0,1126.2,0.5262
WT,WT_03,/root/neurothermo/WT/cc_03.abf,10,500.0,10.0,-20.0,43,81.71797795515013,600.0,1126.2,0.5262
WT,WT_03,/root/neurothermo/WT/cc_03.abf,10,500.0,10.0,-10.0,0,0.0,600.0,1126.2,0.5262
WT,WT_03,/root/neurothermo/WT/cc_03.abf,10,500.0,12.0,-30.0,43,81.71797795515013,600.0,1126.2,0.5262
WT,WT_03,/root/neurothermo/WT/cc_03.abf,10,500.0,12.0,-20.0,43,81.71797795515013,600.0,1126.2,0.5262
WT,WT_03,/root/neurothermo/WT/cc_03.abf,10,500.0,12.0,-10.0,0,0.0,600.0,1126.2,0.5262
WT,WT_03,/root/neurothermo/WT/cc_03.abf,10,500.0,15.0,-30.0,43,81.71797795515013,600.0,1126.2,0.5262
WT,WT_03,/root/neurothermo/WT/cc_03.abf,10,500.0,15.0,-20.0,43,81.71797795515013,600.0,1126.2,0.5262
WT,WT_03,/root/neurothermo/WT/cc_03.abf,10,500.0,15.0,-10.0,0,0.0,600.0,1126.2,0.5262
WT,WT_03,/root/neurothermo/WT/cc_03.abf,11,550.0,8.0,-30.0,46,87.41923223109085,600.0,1126.2,0.5262
WT,WT_03,/root/neurothermo/WT/cc_03.abf,11,550.0,8.0,-20.0,46,87.41923223109085,600.0,1126.2,0.5262
WT,WT_03,/root/neurothermo/WT/cc_03.abf,11,550.0,8.0,-10.0,0,0.0,600.0,1126.2,0.5262
WT,WT_03,/root/neurothermo/WT/cc_03.abf,11,550.0,10.0,-30.0,46,87.41923223109085,600.0,1126.2,0.5262
WT,WT_03,/root/neurothermo/WT/cc_03.abf,11,550.0,10.0,-20.0,46,87.41923223109085,600.0,1126.2,0.5262
WT,WT_03,/root/neurothermo/WT/cc_03.abf,11,550.0,10.0,-10.0,0,0.0,600.0,1126.2,0.5262
WT,WT_03,/root/neurothermo/WT/cc_03.abf,11,550.0,12.0,-30.0,46,87.41923223109085,600.0,1126.2,0.5262
WT,WT_03,/root/neurothermo/WT/cc_03.abf,11,550.0,12.0,-20.0,46,87.41923223109085,600.0,1126.2,0.5262
WT,WT_03,/root/neurothermo/WT/cc_03.abf,11,550.0,12.0,-10.0,0,0.0,600.0,1126.2,0.5262
WT,WT_03,/root/neurothermo/WT/cc_03.abf,11,550.0,15.0,-30.0,46,87.41923223109085,600.0,1126.2,0.5262
WT,WT_03,/root/neurothermo/WT/cc_03.abf,11,550.0,15.0,-20.0,46,87.41923223109085,600.0,1126.2,0.5262
WT,WT_03,/root/neurothermo/WT/cc_03.abf,11,550.0,15.0,-10.0,0,0.0,600.0,1126.2,0.5262
WT,WT_03,/root/neurothermo/WT/cc_03.abf,12,600.0,8.0,-30.0,51,96.92132269099201,600.0,1126.2,0.5262
WT,WT_03,/root/neurothermo/WT/cc_03.abf,12,600.0,8.0,-20.0,51,96.92132269099201,600.0,1126.2,0.5262
WT,WT_03,/root/neurothermo/WT/cc_03.abf,12,600.0,8.0,-10.0,0,0.0,600.0,1126.2,0.5262
WT,WT_03,/root/neurothermo/WT/cc_03.abf,12,600.0,10.0,-30.0,51,96.92132269099201,600.0,1126.2,0.5262
WT,WT_03,/root/neurothermo/WT/cc_03.abf,12,600.0,10.0,-20.0,51,96.92132269099201,600.0,1126.2,0.5262
WT,WT_03,/root/neurothermo/WT/cc_03.abf,12,600.0,10.0,-10.0,0,0.0,600.0,1126.2,0.5262
WT,WT_03,/root/neurothermo/WT/cc_03.abf,12,600.0,12.0,-30.0,51,96.92132269099201,600.0,1126.2,0.5262
WT,WT_03,/root/neurothermo/WT/cc_03.abf,12,600.0,12.0,-20.0,51,96.92132269099201,600.0,1126.2,0.5262
WT,WT_03,/root/neurothermo/WT/cc_03.abf,12,600.0,12.0,-10.0,0,0.0,600.0,1126.2,0.5262
WT,WT_03,/root/neurothermo/WT/cc_03.abf,12,600.0,15.0,-30.0,51,96.92132269099201,600.0,1126.2,0.5262
WT,WT_03,/root/neurothermo/WT/cc_03.abf,12,600.0,15.0,-20.0,51,96.92132269099201,600.0,1126.2,0.5262
WT,WT_03,/root/neurothermo/WT/cc_03.abf,12,600.0,15.0,-10.0,0,0.0,600.0,1126.2,0.5262
WT,WT_03,/root/neurothermo/WT/cc_03.abf,13,650.0,8.0,-30.0,55,104.52299505891295,600.0,1126.2,0.5262
WT,WT_03,/root/neurothermo/WT/cc_03.abf,13,650.0,8.0,-20.0,55,104.52299505891295,600.0,1126.2,0.5262
WT,WT_03,/root/neurothermo/WT/cc_03.abf,13,650.0,8.0,-10.0,0,0.0,600.0,1126.2,0.5262
WT,WT_03,/root/neurothermo/WT/cc_03.abf,13,650.0,10.0,-30.0,55,104.52299505891295,600.0,1126.2,0.5262
WT,WT_03,/root/neurothermo/WT/cc_03.abf,13,650.0,10.0,-20.0,55,104.52299505891295,600.0,1126.2,0.5262
WT,WT_03,/root/neurothermo/WT/cc_03.abf,13,650.0,10.0,-10.0,0,0.0,600.0,1126.2,0.5262
WT,WT_03,/root/neurothermo/WT/cc_03.abf,13,650.0,12.0,-30.0,55,104.52299505891295,600.0,1126.2,0.5262
WT,WT_03,/root/neurothermo/WT/cc_03.abf,13,650.0,12.0,-20.0,55,104.52299505891295,600.0,1126.2,0.5262
WT,WT_03,/root/neurothermo/WT/cc_03.abf,13,650.0,12.0,-10.0,0,0.0,600.0,1126.2,0.5262
WT,WT_03,/root/neurothermo/WT/cc_03.abf,13,650.0,15.0,-30.0,55,104.52299505891295,600.0,1126.2,0.5262
WT,WT_03,/root/neurothermo/WT/cc_03.abf,13,650.0,15.0,-20.0,55,104.52299505891295,600.0,1126.2,0.5262
WT,WT_03,/root/neurothermo/WT/cc_03.abf,13,650.0,15.0,-10.0,0,0.0,600.0,1126.2,0.5262
WT,WT_03,/root/neurothermo/WT/cc_03.abf,14,700.0,8.0,-30.0,22,41.80919802356519,600.0,1126.2,0.5262
WT,WT_03,/root/neurothermo/WT/cc_03.abf,14,700.0,8.0,-20.0,22,41.80919802356519,600.0,1126.2,0.5262
WT,WT_03,/root/neurothermo/WT/cc_03.abf,14,700.0,8.0,-10.0,0,0.0,600.0,1126.2,0.5262
WT,WT_03,/root/neurothermo/WT/cc_03.abf,14,700.0,10.0,-30.0,22,41.80919802356519,600.0,1126.2,0.5262
WT,WT_03,/root/neurothermo/WT/cc_03.abf,14,700.0,10.0,-20.0,22,41.80919802356519,600.0,1126.2,0.5262
WT,WT_03,/root/neurothermo/WT/cc_03.abf,14,700.0,10.0,-10.0,0,0.0,600.0,1126.2,0.5262
WT,WT_03,/root/neurothermo/WT/cc_03.abf,14,700.0,12.0,-30.0,22,41.80919802356519,600.0,1126.2,0.5262
WT,WT_03,/root/neurothermo/WT/cc_03.abf,14,700.0,12.0,-20.0,22,41.80919802356519,600.0,1126.2,0.5262
WT,WT_03,/root/neurothermo/WT/cc_03.abf,14,700.0,12.0,-10.0,0,0.0,600.0,1126.2,0.5262
WT,WT_03,/root/neurothermo/WT/cc_03.abf,14,700.0,15.0,-30.0,21,39.908779931584945,600.0,1126.2,0.5262
WT,WT_03,/root/neurothermo/WT/cc_03.abf,14,700.0,15.0,-20.0,21,39.908779931584945,600.0,1126.2,0.5262
WT,WT_03,/root/neurothermo/WT/cc_03.abf,14,700.0,15.0,-10.0,0,0.0,600.0,1126.2,0.5262
WT,WT_04,/root/neurothermo/WT/cc_04.abf,0,0.0,8.0,-30.0,0,0.0,600.0,1126.2,0.5262
WT,WT_04,/root/neurothermo/WT/cc_04.abf,0,0.0,8.0,-20.0,0,0.0,600.0,1126.2,0.5262
WT,WT_04,/root/neurothermo/WT/cc_04.abf,0,0.0,8.0,-10.0,0,0.0,600.0,1126.2,0.5262
WT,WT_04,/root/neurothermo/WT/cc_04.abf,0,0.0,10.0,-30.0,0,0.0,600.0,1126.2,0.5262
WT,WT_04,/root/neurothermo/WT/cc_04.abf,0,0.0,10.0,-20.0,0,0.0,600.0,1126.2,0.5262
WT,WT_04,/root/neurothermo/WT/cc_04.abf,0,0.0,10.0,-10.0,0,0.0,600.0,1126.2,0.5262
WT,WT_04,/root/neurothermo/WT/cc_04.abf,0,0.0,12.0,-30.0,0,0.0,600.0,1126.2,0.5262
WT,WT_04,/root/neurothermo/WT/cc_04.abf,0,0.0,12.0,-20.0,0,0.0,600.0,1126.2,0.5262
WT,WT_04,/root/neurothermo/WT/cc_04.abf,0,0.0,12.0,-10.0,0,0.0,600.0,1126.2,0.5262
WT,WT_04,/root/neurothermo/WT/cc_04.abf,0,0.0,15.0,-30.0,0,0.0,600.0,1126.2,0.5262
WT,WT_04,/root/neurothermo/WT/cc_04.abf,0,0.0,15.0,-20.0,0,0.0,600.0,1126.2,0.5262
WT,WT_04,/root/neurothermo/WT/cc_04.abf,0,0.0,15.0,-10.0,0,0.0,600.0,1126.2,0.5262
WT,WT_04,/root/neurothermo/WT/cc_04.abf,1,50.0,8.0,-30.0,0,0.0,600.0,1126.2,0.5262
WT,WT_04,/root/neurothermo/WT/cc_04.abf,1,50.0,8.0,-20.0,0,0.0,600.0,1126.2,0.5262
WT,WT_04,/root/neurothermo/WT/cc_04.abf,1,50.0,8.0,-10.0,0,0.0,600.0,1126.2,0.5262
WT,WT_04,/root/neurothermo/WT/cc_04.abf,1,50.0,10.0,-30.0,0,0.0,600.0,1126.2,0.5262
WT,WT_04,/root/neurothermo/WT/cc_04.abf,1,50.0,10.0,-20.0,0,0.0,600.0,1126.2,0.5262
WT,WT_04,/root/neurothermo/WT/cc_04.abf,1,50.0,10.0,-10.0,0,0.0,600.0,1126.2,0.5262
WT,WT_04,/root/neurothermo/WT/cc_04.abf,1,50.0,12.0,-30.0,0,0.0,600.0,1126.2,0.5262
WT,WT_04,/root/neurothermo/WT/cc_04.abf,1,50.0,12.0,-20.0,0,0.0,600.0,1126.2,0.5262
WT,WT_04,/root/neurothermo/WT/cc_04.abf,1,50.0,12.0,-10.0,0,0.0,600.0,1126.2,0.5262
WT,WT_04,/root/neurothermo/WT/cc_04.abf,1,50.0,15.0,-30.0,0,0.0,600.0,1126.2,0.5262
WT,WT_04,/root/neurothermo/WT/cc_04.abf,1,50.0,15.0,-20.0,0,0.0,600.0,1126.2,0.5262
WT,WT_04,/root/neurothermo/WT/cc_04.abf,1,50.0,15.0,-10.0,0,0.0,600.0,1126.2,0.5262
WT,WT_04,/root/neurothermo/WT/cc_04.abf,2,100.0,8.0,-30.0,0,0.0,600.0,1126.2,0.5262
WT,WT_04,/root/neurothermo/WT/cc_04.abf,2,100.0,8.0,-20.0,0,0.0,600.0,1126.2,0.5262
WT,WT_04,/root/neurothermo/WT/cc_04.abf,2,100.0,8.0,-10.0,0,0.0,600.0,1126.2,0.5262
WT,WT_04,/root/neurothermo/WT/cc_04.abf,2,100.0,10.0,-30.0,0,0.0,600.0,1126.2,0.5262
WT,WT_04,/root/neurothermo/WT/cc_04.abf,2,100.0,10.0,-20.0,0,0.0,600.0,1126.2,0.5262
WT,WT_04,/root/neurothermo/WT/cc_04.abf,2,100.0,10.0,-10.0,0,0.0,600.0,1126.2,0.5262
WT,WT_04,/root/neurothermo/WT/cc_04.abf,2,100.0,12.0,-30.0,0,0.0,600.0,1126.2,0.5262
WT,WT_04,/root/neurothermo/WT/cc_04.abf,2,100.0,12.0,-20.0,0,0.0,600.0,1126.2,0.5262
WT,WT_04,/root/neurothermo/WT/cc_04.abf,2,100.0,12.0,-10.0,0,0.0,600.0,1126.2,0.5262
WT,WT_04,/root/neurothermo/WT/cc_04.abf,2,100.0,15.0,-30.0,0,0.0,600.0,1126.2,0.5262
WT,WT_04,/root/neurothermo/WT/cc_04.abf,2,100.0,15.0,-20.0,0,0.0,600.0,1126.2,0.5262
WT,WT_04,/root/neurothermo/WT/cc_04.abf,2,100.0,15.0,-10.0,0,0.0,600.0,1126.2,0.5262
WT,WT_04,/root/neurothermo/WT/cc_04.abf,3,150.0,8.0,-30.0,0,0.0,600.0,1126.2,0.5262
WT,WT_04,/root/neurothermo/WT/cc_04.abf,3,150.0,8.0,-20.0,0,0.0,600.0,1126.2,0.5262
WT,WT_04,/root/neurothermo/WT/cc_04.abf,3,150.0,8.0,-10.0,0,0.0,600.0,1126.2,0.5262
WT,WT_04,/root/neurothermo/WT/cc_04.abf,3,150.0,10.0,-30.0,0,0.0,600.0,1126.2,0.5262
WT,WT_04,/root/neurothermo/WT/cc_04.abf,3,150.0,10.0,-20.0,0,0.0,600.0,1126.2,0.5262
WT,WT_04,/root/neurothermo/WT/cc_04.abf,3,150.0,10.0,-10.0,0,0.0,600.0,1126.2,0.5262
WT,WT_04,/root/neurothermo/WT/cc_04.abf,3,150.0,12.0,-30.0,0,0.0,600.0,1126.2,0.5262
WT,WT_04,/root/neurothermo/WT/cc_04.abf,3,150.0,12.0,-20.0,0,0.0,600.0,1126.2,0.5262
WT,WT_04,/root/neurothermo/WT/cc_04.abf,3,150.0,12.0,-10.0,0,0.0,600.0,1126.2,0.5262
WT,WT_04,/root/neurothermo/WT/cc_04.abf,3,150.0,15.0,-30.0,0,0.0,600.0,1126.2,0.5262
WT,WT_04,/root/neurothermo/WT/cc_04.abf,3,150.0,15.0,-20.0,0,0.0,600.0,1126.2,0.5262
WT,WT_04,/root/neurothermo/WT/cc_04.abf,3,150.0,15.0,-10.0,0,0.0,600.0,1126.2,0.5262
WT,WT_04,/root/neurothermo/WT/cc_04.abf,4,200.0,8.0,-30.0,0,0.0,600.0,1126.2,0.5262
WT,WT_04,/root/neurothermo/WT/cc_04.abf,4,200.0,8.0,-20.0,0,0.0,600.0,1126.2,0.5262
WT,WT_04,/root/neurothermo/WT/cc_04.abf,4,200.0,8.0,-10.0,0,0.0,600.0,1126.2,0.5262
WT,WT_04,/root/neurothermo/WT/cc_04.abf,4,200.0,10.0,-30.0,0,0.0,600.0,1126.2,0.5262
WT,WT_04,/root/neurothermo/WT/cc_04.abf,4,200.0,10.0,-20.0,0,0.0,600.0,1126.2,0.5262
WT,WT_04,/root/neurothermo/WT/cc_04.abf,4,200.0,10.0,-10.0,0,0.0,600.0,1126.2,0.5262
WT,WT_04,/root/neurothermo/WT/cc_04.abf,4,200.0,12.0,-30.0,0,0.0,600.0,1126.2,0.5262
WT,WT_04,/root/neurothermo/WT/cc_04.abf,4,200.0,12.0,-20.0,0,0.0,600.0,1126.2,0.5262
WT,WT_04,/root/neurothermo/WT/cc_04.abf,4,200.0,12.0,-10.0,0,0.0,600.0,1126.2,0.5262
WT,WT_04,/root/neurothermo/WT/cc_04.abf,4,200.0,15.0,-30.0,0,0.0,600.0,1126.2,0.5262
WT,WT_04,/root/neurothermo/WT/cc_04.abf,4,200.0,15.0,-20.0,0,0.0,600.0,1126.2,0.5262
WT,WT_04,/root/neurothermo/WT/cc_04.abf,4,200.0,15.0,-10.0,0,0.0,600.0,1126.2,0.5262
WT,WT_04,/root/neurothermo/WT/cc_04.abf,5,250.0,8.0,-30.0,1,1.9004180919802356,600.0,1126.2,0.5262
WT,WT_04,/root/neurothermo/WT/cc_04.abf,5,250.0,8.0,-20.0,0,0.0,600.0,1126.2,0.5262
WT,WT_04,/root/neurothermo/WT/cc_04.abf,5,250.0,8.0,-10.0,0,0.0,600.0,1126.2,0.5262
WT,WT_04,/root/neurothermo/WT/cc_04.abf,5,250.0,10.0,-30.0,1,1.9004180919802356,600.0,1126.2,0.5262
WT,WT_04,/root/neurothermo/WT/cc_04.abf,5,250.0,10.0,-20.0,0,0.0,600.0,1126.2,0.5262
WT,WT_04,/root/neurothermo/WT/cc_04.abf,5,250.0,10.0,-10.0,0,0.0,600.0,1126.2,0.5262
WT,WT_04,/root/neurothermo/WT/cc_04.abf,5,250.0,12.0,-30.0,1,1.9004180919802356,600.0,1126.2,0.5262
WT,WT_04,/root/neurothermo/WT/cc_04.abf,5,250.0,12.0,-20.0,0,0.0,600.0,1126.2,0.5262
WT,WT_04,/root/neurothermo/WT/cc_04.abf,5,250.0,12.0,-10.0,0,0.0,600.0,1126.2,0.5262
WT,WT_04,/root/neurothermo/WT/cc_04.abf,5,250.0,15.0,-30.0,1,1.9004180919802356,600.0,1126.2,0.5262
WT,WT_04,/root/neurothermo/WT/cc_04.abf,5,250.0,15.0,-20.0,0,0.0,600.0,1126.2,0.5262
WT,WT_04,/root/neurothermo/WT/cc_04.abf,5,250.0,15.0,-10.0,0,0.0,600.0,1126.2,0.5262
WT,WT_04,/root/neurothermo/WT/cc_04.abf,6,300.0,8.0,-30.0,9,17.10376282782212,600.0,1126.2,0.5262
WT,WT_04,/root/neurothermo/WT/cc_04.abf,6,300.0,8.0,-20.0,0,0.0,600.0,1126.2,0.5262
WT,WT_04,/root/neurothermo/WT/cc_04.abf,6,300.0,8.0,-10.0,0,0.0,600.0,1126.2,0.5262
WT,WT_04,/root/neurothermo/WT/cc_04.abf,6,300.0,10.0,-30.0,9,17.10376282782212,600.0,1126.2,0.5262
WT,WT_04,/root/neurothermo/WT/cc_04.abf,6,300.0,10.0,-20.0,0,0.0,600.0,1126.2,0.5262
WT,WT_04,/root/neurothermo/WT/cc_04.abf,6,300.0,10.0,-10.0,0,0.0,600.0,1126.2,0.5262
WT,WT_04,/root/neurothermo/WT/cc_04.abf,6,300.0,12.0,-30.0,9,17.10376282782212,600.0,1126.2,0.5262
WT,WT_04,/root/neurothermo/WT/cc_04.abf,6,300.0,12.0,-20.0,0,0.0,600.0,1126.2,0.5262
WT,WT_04,/root/neurothermo/WT/cc_04.abf,6,300.0,12.0,-10.0,0,0.0,600.0,1126.2,0.5262
WT,WT_04,/root/neurothermo/WT/cc_04.abf,6,300.0,15.0,-30.0,9,17.10376282782212,600.0,1126.2,0.5262
WT,WT_04,/root/neurothermo/WT/cc_04.abf,6,300.0,15.0,-20.0,0,0.0,600.0,1126.2,0.5262
WT,WT_04,/root/neurothermo/WT/cc_04.abf,6,300.0,15.0,-10.0,0,0.0,600.0,1126.2,0.5262
WT,WT_04,/root/neurothermo/WT/cc_04.abf,7,350.0,8.0,-30.0,15,28.506271379703534,600.0,1126.2,0.5262
WT,WT_04,/root/neurothermo/WT/cc_04.abf,7,350.0,8.0,-20.0,11,20.904599011782594,600.0,1126.2,0.5262
WT,WT_04,/root/neurothermo/WT/cc_04.abf,7,350.0,8.0,-10.0,0,0.0,600.0,1126.2,0.5262
WT,WT_04,/root/neurothermo/WT/cc_04.abf,7,350.0,10.0,-30.0,15,28.506271379703534,600.0,1126.2,0.5262
WT,WT_04,/root/neurothermo/WT/cc_04.abf,7,350.0,10.0,-20.0,11,20.904599011782594,600.0,1126.2,0.5262
WT,WT_04,/root/neurothermo/WT/cc_04.abf,7,350.0,10.0,-10.0,0,0.0,600.0,1126.2,0.5262
WT,WT_04,/root/neurothermo/WT/cc_04.abf,7,350.0,12.0,-30.0,15,28.506271379703534,600.0,1126.2,0.5262
WT,WT_04,/root/neurothermo/WT/cc_04.abf,7,350.0,12.0,-20.0,11,20.904599011782594,600.0,1126.2,0.5262
WT,WT_04,/root/neurothermo/WT/cc_04.abf,7,350.0,12.0,-10.0,0,0.0,600.0,1126.2,0.5262
WT,WT_04,/root/neurothermo/WT/cc_04.abf,7,350.0,15.0,-30.0,15,28.506271379703534,600.0,1126.2,0.5262
WT,WT_04,/root/neurothermo/WT/cc_04.abf,7,350.0,15.0,-20.0,11,20.904599011782594,600.0,1126.2,0.5262
WT,WT_04,/root/neurothermo/WT/cc_04.abf,7,350.0,15.0,-10.0,0,0.0,600.0,1126.2,0.5262
WT,WT_04,/root/neurothermo/WT/cc_04.abf,8,400.0,8.0,-30.0,21,39.908779931584945,600.0,1126.2,0.5262
WT,WT_04,/root/neurothermo/WT/cc_04.abf,8,400.0,8.0,-20.0,21,39.908779931584945,600.0,1126.2,0.5262
WT,WT_04,/root/neurothermo/WT/cc_04.abf,8,400.0,8.0,-10.0,0,0.0,600.0,1126.2,0.5262
WT,WT_04,/root/neurothermo/WT/cc_04.abf,8,400.0,10.0,-30.0,21,39.908779931584945,600.0,1126.2,0.5262
WT,WT_04,/root/neurothermo/WT/cc_04.abf,8,400.0,10.0,-20.0,21,39.908779931584945,600.0,1126.2,0.5262
WT,WT_04,/root/neurothermo/WT/cc_04.abf,8,400.0,10.0,-10.0,0,0.0,600.0,1126.2,0.5262
WT,WT_04,/root/neurothermo/WT/cc_04.abf,8,400.0,12.0,-30.0,21,39.908779931584945,600.0,1126.2,0.5262
WT,WT_04,/root/neurothermo/WT/cc_04.abf,8,400.0,12.0,-20.0,21,39.908779931584945,600.0,1126.2,0.5262
WT,WT_04,/root/neurothermo/WT/cc_04.abf,8,400.0,12.0,-10.0,0,0.0,600.0,1126.2,0.5262
WT,WT_04,/root/neurothermo/WT/cc_04.abf,8,400.0,15.0,-30.0,21,39.908779931584945,600.0,1126.2,0.5262
WT,WT_04,/root/neurothermo/WT/cc_04.abf,8,400.0,15.0,-20.0,21,39.908779931584945,600.0,1126.2,0.5262
WT,WT_04,/root/neurothermo/WT/cc_04.abf,8,400.0,15.0,-10.0,0,0.0,600.0,1126.2,0.5262
WT,WT_04,/root/neurothermo/WT/cc_04.abf,9,450.0,8.0,-30.0,25,47.51045229950589,600.0,1126.2,0.5262
WT,WT_04,/root/neurothermo/WT/cc_04.abf,9,450.0,8.0,-20.0,25,47.51045229950589,600.0,1126.2,0.5262
WT,WT_04,/root/neurothermo/WT/cc_04.abf,9,450.0,8.0,-10.0,0,0.0,600.0,1126.2,0.5262
WT,WT_04,/root/neurothermo/WT/cc_04.abf,9,450.0,10.0,-30.0,25,47.51045229950589,600.0,1126.2,0.5262
WT,WT_04,/root/neurothermo/WT/cc_04.abf,9,450.0,10.0,-20.0,25,47.51045229950589,600.0,1126.2,0.5262
WT,WT_04,/root/neurothermo/WT/cc_04.abf,9,450.0,10.0,-10.0,0,0.0,600.0,1126.2,0.5262
WT,WT_04,/root/neurothermo/WT/cc_04.abf,9,450.0,12.0,-30.0,25,47.51045229950589,600.0,1126.2,0.5262
WT,WT_04,/root/neurothermo/WT/cc_04.abf,9,450.0,12.0,-20.0,25,47.51045229950589,600.0,1126.2,0.5262
WT,WT_04,/root/neurothermo/WT/cc_04.abf,9,450.0,12.0,-10.0,0,0.0,600.0,1126.2,0.5262
WT,WT_04,/root/neurothermo/WT/cc_04.abf,9,450.0,15.0,-30.0,25,47.51045229950589,600.0,1126.2,0.5262
WT,WT_04,/root/neurothermo/WT/cc_04.abf,9,450.0,15.0,-20.0,25,47.51045229950589,600.0,1126.2,0.5262
WT,WT_04,/root/neurothermo/WT/cc_04.abf,9,450.0,15.0,-10.0,0,0.0,600.0,1126.2,0.5262
WT,WT_04,/root/neurothermo/WT/cc_04.abf,10,500.0,8.0,-30.0,30,57.01254275940707,600.0,1126.2,0.5262
WT,WT_04,/root/neurothermo/WT/cc_04.abf,10,500.0,8.0,-20.0,30,57.01254275940707,600.0,1126.2,0.5262
WT,WT_04,/root/neurothermo/WT/cc_04.abf,10,500.0,8.0,-10.0,0,0.0,600.0,1126.2,0.5262
WT,WT_04,/root/neurothermo/WT/cc_04.abf,10,500.0,10.0,-30.0,30,57.01254275940707,600.0,1126.2,0.5262
WT,WT_04,/root/neurothermo/WT/cc_04.abf,10,500.0,10.0,-20.0,30,57.01254275940707,600.0,1126.2,0.5262
WT,WT_04,/root/neurothermo/WT/cc_04.abf,10,500.0,10.0,-10.0,0,0.0,600.0,1126.2,0.5262
WT,WT_04,/root/neurothermo/WT/cc_04.abf,10,500.0,12.0,-30.0,30,57.01254275940707,600.0,1126.2,0.5262
WT,WT_04,/root/neurothermo/WT/cc_04.abf,10,500.0,12.0,-20.0,30,57.01254275940707,600.0,1126.2,0.5262
WT,WT_04,/root/neurothermo/WT/cc_04.abf,10,500.0,12.0,-10.0,0,0.0,600.0,1126.2,0.5262
WT,WT_04,/root/neurothermo/WT/cc_04.abf,10,500.0,15.0,-30.0,30,57.01254275940707,600.0,1126.2,0.5262
WT,WT_04,/root/neurothermo/WT/cc_04.abf,10,500.0,15.0,-20.0,30,57.01254275940707,600.0,1126.2,0.5262
WT,WT_04,/root/neurothermo/WT/cc_04.abf,10,500.0,15.0,-10.0,0,0.0,600.0,1126.2,0.5262
WT,WT_04,/root/neurothermo/WT/cc_04.abf,11,550.0,8.0,-30.0,34,64.61421512732801,600.0,1126.2,0.5262
WT,WT_04,/root/neurothermo/WT/cc_04.abf,11,550.0,8.0,-20.0,34,64.61421512732801,600.0,1126.2,0.5262
WT,WT_04,/root/neurothermo/WT/cc_04.abf,11,550.0,8.0,-10.0,0,0.0,600.0,1126.2,0.5262
WT,WT_04,/root/neurothermo/WT/cc_04.abf,11,550.0,10.0,-30.0,34,64.61421512732801,600.0,1126.2,0.5262
WT,WT_04,/root/neurothermo/WT/cc_04.abf,11,550.0,10.0,-20.0,34,64.61421512732801,600.0,1126.2,0.5262
WT,WT_04,/root/neurothermo/WT/cc_04.abf,11,550.0,10.0,-10.0,0,0.0,600.0,1126.2,0.5262
WT,WT_04,/root/neurothermo/WT/cc_04.abf,11,550.0,12.0,-30.0,34,64.61421512732801,600.0,1126.2,0.5262
WT,WT_04,/root/neurothermo/WT/cc_04.abf,11,550.0,12.0,-20.0,34,64.61421512732801,600.0,1126.2,0.5262
WT,WT_04,/root/neurothermo/WT/cc_04.abf,11,550.0,12.0,-10.0,0,0.0,600.0,1126.2,0.5262
WT,WT_04,/root/neurothermo/WT/cc_04.abf,11,550.0,15.0,-30.0,34,64.61421512732801,600.0,1126.2,0.5262
WT,WT_04,/root/neurothermo/WT/cc_04.abf,11,550.0,15.0,-20.0,34,64.61421512732801,600.0,1126.2,0.5262
WT,WT_04,/root/neurothermo/WT/cc_04.abf,11,550.0,15.0,-10.0,0,0.0,600.0,1126.2,0.5262
WT,WT_04,/root/neurothermo/WT/cc_04.abf,12,600.0,8.0,-30.0,39,74.11630558722919,600.0,1126.2,0.5262
WT,WT_04,/root/neurothermo/WT/cc_04.abf,12,600.0,8.0,-20.0,39,74.11630558722919,600.0,1126.2,0.5262
WT,WT_04,/root/neurothermo/WT/cc_04.abf,12,600.0,8.0,-10.0,0,0.0,600.0,1126.2,0.5262
WT,WT_04,/root/neurothermo/WT/cc_04.abf,12,600.0,10.0,-30.0,39,74.11630558722919,600.0,1126.2,0.5262
WT,WT_04,/root/neurothermo/WT/cc_04.abf,12,600.0,10.0,-20.0,39,74.11630558722919,600.0,1126.2,0.5262
WT,WT_04,/root/neurothermo/WT/cc_04.abf,12,600.0,10.0,-10.0,0,0.0,600.0,1126.2,0.5262
WT,WT_04,/root/neurothermo/WT/cc_04.abf,12,600.0,12.0,-30.0,39,74.11630558722919,600.0,1126.2,0.5262
WT,WT_04,/root/neurothermo/WT/cc_04.abf,12,600.0,12.0,-20.0,39,74.11630558722919,600.0,1126.2,0.5262
WT,WT_04,/root/neurothermo/WT/cc_04.abf,12,600.0,12.0,-10.0,0,0.0,600.0,1126.2,0.5262
WT,WT_04,/root/neurothermo/WT/cc_04.abf,12,600.0,15.0,-30.0,39,74.11630558722919,600.0,1126.2,0.5262
WT,WT_04,/root/neurothermo/WT/cc_04.abf,12,600.0,15.0,-20.0,39,74.11630558722919,600.0,1126.2,0.5262
WT,WT_04,/root/neurothermo/WT/cc_04.abf,12,600.0,15.0,-10.0,0,0.0,600.0,1126.2,0.5262
WT,WT_04,/root/neurothermo/WT/cc_04.abf,13,650.0,8.0,-30.0,42,79.81755986316989,600.0,1126.2,0.5262
WT,WT_04,/root/neurothermo/WT/cc_04.abf,13,650.0,8.0,-20.0,42,79.81755986316989,600.0,1126.2,0.5262
WT,WT_04,/root/neurothermo/WT/cc_04.abf,13,650.0,8.0,-10.0,0,0.0,600.0,1126.2,0.5262
WT,WT_04,/root/neurothermo/WT/cc_04.abf,13,650.0,10.0,-30.0,42,79.81755986316989,600.0,1126.2,0.5262
WT,WT_04,/root/neurothermo/WT/cc_04.abf,13,650.0,10.0,-20.0,42,79.81755986316989,600.0,1126.2,0.5262
WT,WT_04,/root/neurothermo/WT/cc_04.abf,13,650.0,10.0,-10.0,0,0.0,600.0,1126.2,0.5262
WT,WT_04,/root/neurothermo/WT/cc_04.abf,13,650.0,12.0,-30.0,42,79.81755986316989,600.0,1126.2,0.5262
WT,WT_04,/root/neurothermo/WT/cc_04.abf,13,650.0,12.0,-20.0,42,79.81755986316989,600.0,1126.2,0.5262
WT,WT_04,/root/neurothermo/WT/cc_04.abf,13,650.0,12.0,-10.0,0,0.0,600.0,1126.2,0.5262
WT,WT_04,/root/neurothermo/WT/cc_04.abf,13,650.0,15.0,-30.0,42,79.81755986316989,600.0,1126.2,0.5262
WT,WT_04,/root/neurothermo/WT/cc_04.abf,13,650.0,15.0,-20.0,42,79.81755986316989,600.0,1126.2,0.5262
WT,WT_04,/root/neurothermo/WT/cc_04.abf,13,650.0,15.0,-10.0,0,0.0,600.0,1126.2,0.5262
WT,WT_04,/root/neurothermo/WT/cc_04.abf,14,700.0,8.0,-30.0,27,51.31128848346636,600.0,1126.2,0.5262
WT,WT_04,/root/neurothermo/WT/cc_04.abf,14,700.0,8.0,-20.0,11,20.904599011782594,600.0,1126.2,0.5262
WT,WT_04,/root/neurothermo/WT/cc_04.abf,14,700.0,8.0,-10.0,0,0.0,600.0,1126.2,0.5262
WT,WT_04,/root/neurothermo/WT/cc_04.abf,14,700.0,10.0,-30.0,16,30.40668947168377,600.0,1126.2,0.5262
WT,WT_04,/root/neurothermo/WT/cc_04.abf,14,700.0,10.0,-20.0,11,20.904599011782594,600.0,1126.2,0.5262
WT,WT_04,/root/neurothermo/WT/cc_04.abf,14,700.0,10.0,-10.0,0,0.0,600.0,1126.2,0.5262
WT,WT_04,/root/neurothermo/WT/cc_04.abf,14,700.0,12.0,-30.0,11,20.904599011782594,600.0,1126.2,0.5262
WT,WT_04,/root/neurothermo/WT/cc_04.abf,14,700.0,12.0,-20.0,11,20.904599011782594,600.0,1126.2,0.5262
WT,WT_04,/root/neurothermo/WT/cc_04.abf,14,700.0,12.0,-10.0,0,0.0,600.0,1126.2,0.5262
WT,WT_04,/root/neurothermo/WT/cc_04.abf,14,700.0,15.0,-30.0,5,9.502090459901178,600.0,1126.2,0.5262
WT,WT_04,/root/neurothermo/WT/cc_04.abf,14,700.0,15.0,-20.0,5,9.502090459901178,600.0,1126.2,0.5262
WT,WT_04,/root/neurothermo/WT/cc_04.abf,14,700.0,15.0,-10.0,0,0.0,600.0,1126.2,0.5262
WT,WT_05,/root/neurothermo/WT/cc_05.abf,0,0.0,8.0,-30.0,0,0.0,600.0,1126.2,0.5262
WT,WT_05,/root/neurothermo/WT/cc_05.abf,0,0.0,8.0,-20.0,0,0.0,600.0,1126.2,0.5262
WT,WT_05,/root/neurothermo/WT/cc_05.abf,0,0.0,8.0,-10.0,0,0.0,600.0,1126.2,0.5262
WT,WT_05,/root/neurothermo/WT/cc_05.abf,0,0.0,10.0,-30.0,0,0.0,600.0,1126.2,0.5262
WT,WT_05,/root/neurothermo/WT/cc_05.abf,0,0.0,10.0,-20.0,0,0.0,600.0,1126.2,0.5262
WT,WT_05,/root/neurothermo/WT/cc_05.abf,0,0.0,10.0,-10.0,0,0.0,600.0,1126.2,0.5262
WT,WT_05,/root/neurothermo/WT/cc_05.abf,0,0.0,12.0,-30.0,0,0.0,600.0,1126.2,0.5262
WT,WT_05,/root/neurothermo/WT/cc_05.abf,0,0.0,12.0,-20.0,0,0.0,600.0,1126.2,0.5262
WT,WT_05,/root/neurothermo/WT/cc_05.abf,0,0.0,12.0,-10.0,0,0.0,600.0,1126.2,0.5262
WT,WT_05,/root/neurothermo/WT/cc_05.abf,0,0.0,15.0,-30.0,0,0.0,600.0,1126.2,0.5262
WT,WT_05,/root/neurothermo/WT/cc_05.abf,0,0.0,15.0,-20.0,0,0.0,600.0,1126.2,0.5262
WT,WT_05,/root/neurothermo/WT/cc_05.abf,0,0.0,15.0,-10.0,0,0.0,600.0,1126.2,0.5262
WT,WT_05,/root/neurothermo/WT/cc_05.abf,1,50.0,8.0,-30.0,0,0.0,600.0,1126.2,0.5262
WT,WT_05,/root/neurothermo/WT/cc_05.abf,1,50.0,8.0,-20.0,0,0.0,600.0,1126.2,0.5262
WT,WT_05,/root/neurothermo/WT/cc_05.abf,1,50.0,8.0,-10.0,0,0.0,600.0,1126.2,0.5262
WT,WT_05,/root/neurothermo/WT/cc_05.abf,1,50.0,10.0,-30.0,0,0.0,600.0,1126.2,0.5262
WT,WT_05,/root/neurothermo/WT/cc_05.abf,1,50.0,10.0,-20.0,0,0.0,600.0,1126.2,0.5262
WT,WT_05,/root/neurothermo/WT/cc_05.abf,1,50.0,10.0,-10.0,0,0.0,600.0,1126.2,0.5262
WT,WT_05,/root/neurothermo/WT/cc_05.abf,1,50.0,12.0,-30.0,0,0.0,600.0,1126.2,0.5262
WT,WT_05,/root/neurothermo/WT/cc_05.abf,1,50.0,12.0,-20.0,0,0.0,600.0,1126.2,0.5262
WT,WT_05,/root/neurothermo/WT/cc_05.abf,1,50.0,12.0,-10.0,0,0.0,600.0,1126.2,0.5262
WT,WT_05,/root/neurothermo/WT/cc_05.abf,1,50.0,15.0,-30.0,0,0.0,600.0,1126.2,0.5262
WT,WT_05,/root/neurothermo/WT/cc_05.abf,1,50.0,15.0,-20.0,0,0.0,600.0,1126.2,0.5262
WT,WT_05,/root/neurothermo/WT/cc_05.abf,1,50.0,15.0,-10.0,0,0.0,600.0,1126.2,0.5262
WT,WT_05,/root/neurothermo/WT/cc_05.abf,2,100.0,8.0,-30.0,0,0.0,600.0,1126.2,0.5262
WT,WT_05,/root/neurothermo/WT/cc_05.abf,2,100.0,8.0,-20.0,0,0.0,600.0,1126.2,0.5262
WT,WT_05,/root/neurothermo/WT/cc_05.abf,2,100.0,8.0,-10.0,0,0.0,600.0,1126.2,0.5262
WT,WT_05,/root/neurothermo/WT/cc_05.abf,2,100.0,10.0,-30.0,0,0.0,600.0,1126.2,0.5262
WT,WT_05,/root/neurothermo/WT/cc_05.abf,2,100.0,10.0,-20.0,0,0.0,600.0,1126.2,0.5262
WT,WT_05,/root/neurothermo/WT/cc_05.abf,2,100.0,10.0,-10.0,0,0.0,600.0,1126.2,0.5262
WT,WT_05,/root/neurothermo/WT/cc_05.abf,2,100.0,12.0,-30.0,0,0.0,600.0,1126.2,0.5262
WT,WT_05,/root/neurothermo/WT/cc_05.abf,2,100.0,12.0,-20.0,0,0.0,600.0,1126.2,0.5262
WT,WT_05,/root/neurothermo/WT/cc_05.abf,2,100.0,12.0,-10.0,0,0.0,600.0,1126.2,0.5262
WT,WT_05,/root/neurothermo/WT/cc_05.abf,2,100.0,15.0,-30.0,0,0.0,600.0,1126.2,0.5262
WT,WT_05,/root/neurothermo/WT/cc_05.abf,2,100.0,15.0,-20.0,0,0.0,600.0,1126.2,0.5262
WT,WT_05,/root/neurothermo/WT/cc_05.abf,2,100.0,15.0,-10.0,0,0.0,600.0,1126.2,0.5262
WT,WT_05,/root/neurothermo/WT/cc_05.abf,3,150.0,8.0,-30.0,0,0.0,600.0,1126.2,0.5262
WT,WT_05,/root/neurothermo/WT/cc_05.abf,3,150.0,8.0,-20.0,0,0.0,600.0,1126.2,0.5262
WT,WT_05,/root/neurothermo/WT/cc_05.abf,3,150.0,8.0,-10.0,0,0.0,600.0,1126.2,0.5262
WT,WT_05,/root/neurothermo/WT/cc_05.abf,3,150.0,10.0,-30.0,0,0.0,600.0,1126.2,0.5262
WT,WT_05,/root/neurothermo/WT/cc_05.abf,3,150.0,10.0,-20.0,0,0.0,600.0,1126.2,0.5262
WT,WT_05,/root/neurothermo/WT/cc_05.abf,3,150.0,10.0,-10.0,0,0.0,600.0,1126.2,0.5262
WT,WT_05,/root/neurothermo/WT/cc_05.abf,3,150.0,12.0,-30.0,0,0.0,600.0,1126.2,0.5262
WT,WT_05,/root/neurothermo/WT/cc_05.abf,3,150.0,12.0,-20.0,0,0.0,600.0,1126.2,0.5262
WT,WT_05,/root/neurothermo/WT/cc_05.abf,3,150.0,12.0,-10.0,0,0.0,600.0,1126.2,0.5262
WT,WT_05,/root/neurothermo/WT/cc_05.abf,3,150.0,15.0,-30.0,0,0.0,600.0,1126.2,0.5262
WT,WT_05,/root/neurothermo/WT/cc_05.abf,3,150.0,15.0,-20.0,0,0.0,600.0,1126.2,0.5262
WT,WT_05,/root/neurothermo/WT/cc_05.abf,3,150.0,15.0,-10.0,0,0.0,600.0,1126.2,0.5262
WT,WT_05,/root/neurothermo/WT/cc_05.abf,4,200.0,8.0,-30.0,0,0.0,600.0,1126.2,0.5262
WT,WT_05,/root/neurothermo/WT/cc_05.abf,4,200.0,8.0,-20.0,0,0.0,600.0,1126.2,0.5262
WT,WT_05,/root/neurothermo/WT/cc_05.abf,4,200.0,8.0,-10.0,0,0.0,600.0,1126.2,0.5262
WT,WT_05,/root/neurothermo/WT/cc_05.abf,4,200.0,10.0,-30.0,0,0.0,600.0,1126.2,0.5262
WT,WT_05,/root/neurothermo/WT/cc_05.abf,4,200.0,10.0,-20.0,0,0.0,600.0,1126.2,0.5262
WT,WT_05,/root/neurothermo/WT/cc_05.abf,4,200.0,10.0,-10.0,0,0.0,600.0,1126.2,0.5262
WT,WT_05,/root/neurothermo/WT/cc_05.abf,4,200.0,12.0,-30.0,0,0.0,600.0,1126.2,0.5262
WT,WT_05,/root/neurothermo/WT/cc_05.abf,4,200.0,12.0,-20.0,0,0.0,600.0,1126.2,0.5262
WT,WT_05,/root/neurothermo/WT/cc_05.abf,4,200.0,12.0,-10.0,0,0.0,600.0,1126.2,0.5262
WT,WT_05,/root/neurothermo/WT/cc_05.abf,4,200.0,15.0,-30.0,0,0.0,600.0,1126.2,0.5262
WT,WT_05,/root/neurothermo/WT/cc_05.abf,4,200.0,15.0,-20.0,0,0.0,600.0,1126.2,0.5262
WT,WT_05,/root/neurothermo/WT/cc_05.abf,4,200.0,15.0,-10.0,0,0.0,600.0,1126.2,0.5262
WT,WT_05,/root/neurothermo/WT/cc_05.abf,5,250.0,8.0,-30.0,0,0.0,600.0,1126.2,0.5262
WT,WT_05,/root/neurothermo/WT/cc_05.abf,5,250.0,8.0,-20.0,0,0.0,600.0,1126.2,0.5262
WT,WT_05,/root/neurothermo/WT/cc_05.abf,5,250.0,8.0,-10.0,0,0.0,600.0,1126.2,0.5262
WT,WT_05,/root/neurothermo/WT/cc_05.abf,5,250.0,10.0,-30.0,0,0.0,600.0,1126.2,0.5262
WT,WT_05,/root/neurothermo/WT/cc_05.abf,5,250.0,10.0,-20.0,0,0.0,600.0,1126.2,0.5262
WT,WT_05,/root/neurothermo/WT/cc_05.abf,5,250.0,10.0,-10.0,0,0.0,600.0,1126.2,0.5262
WT,WT_05,/root/neurothermo/WT/cc_05.abf,5,250.0,12.0,-30.0,0,0.0,600.0,1126.2,0.5262
WT,WT_05,/root/neurothermo/WT/cc_05.abf,5,250.0,12.0,-20.0,0,0.0,600.0,1126.2,0.5262
WT,WT_05,/root/neurothermo/WT/cc_05.abf,5,250.0,12.0,-10.0,0,0.0,600.0,1126.2,0.5262
WT,WT_05,/root/neurothermo/WT/cc_05.abf,5,250.0,15.0,-30.0,0,0.0,600.0,1126.2,0.5262
WT,WT_05,/root/neurothermo/WT/cc_05.abf,5,250.0,15.0,-20.0,0,0.0,600.0,1126.2,0.5262
WT,WT_05,/root/neurothermo/WT/cc_05.abf,5,250.0,15.0,-10.0,0,0.0,600.0,1126.2,0.5262
WT,WT_05,/root/neurothermo/WT/cc_05.abf,6,300.0,8.0,-30.0,0,0.0,600.0,1126.2,0.5262
WT,WT_05,/root/neurothermo/WT/cc_05.abf,6,300.0,8.0,-20.0,0,0.0,600.0,1126.2,0.5262
WT,WT_05,/root/neurothermo/WT/cc_05.abf,6,300.0,8.0,-10.0,0,0.0,600.0,1126.2,0.5262
WT,WT_05,/root/neurothermo/WT/cc_05.abf,6,300.0,10.0,-30.0,0,0.0,600.0,1126.2,0.5262
WT,WT_05,/root/neurothermo/WT/cc_05.abf,6,300.0,10.0,-20.0,0,0.0,600.0,1126.2,0.5262
WT,WT_05,/root/neurothermo/WT/cc_05.abf,6,300.0,10.0,-10.0,0,0.0,600.0,1126.2,0.5262
WT,WT_05,/root/neurothermo/WT/cc_05.abf,6,300.0,12.0,-30.0,0,0.0,600.0,1126.2,0.5262
WT,WT_05,/root/neurothermo/WT/cc_05.abf,6,300.0,12.0,-20.0,0,0.0,600.0,1126.2,0.5262
WT,WT_05,/root/neurothermo/WT/cc_05.abf,6,300.0,12.0,-10.0,0,0.0,600.0,1126.2,0.5262
WT,WT_05,/root/neurothermo/WT/cc_05.abf,6,300.0,15.0,-30.0,0,0.0,600.0,1126.2,0.5262
WT,WT_05,/root/neurothermo/WT/cc_05.abf,6,300.0,15.0,-20.0,0,0.0,600.0,1126.2,0.5262
WT,WT_05,/root/neurothermo/WT/cc_05.abf,6,300.0,15.0,-10.0,0,0.0,600.0,1126.2,0.5262
WT,WT_05,/root/neurothermo/WT/cc_05.abf,7,350.0,8.0,-30.0,0,0.0,600.0,1126.2,0.5262
WT,WT_05,/root/neurothermo/WT/cc_05.abf,7,350.0,8.0,-20.0,0,0.0,600.0,1126.2,0.5262
WT,WT_05,/root/neurothermo/WT/cc_05.abf,7,350.0,8.0,-10.0,0,0.0,600.0,1126.2,0.5262
WT,WT_05,/root/neurothermo/WT/cc_05.abf,7,350.0,10.0,-30.0,0,0.0,600.0,1126.2,0.5262
WT,WT_05,/root/neurothermo/WT/cc_05.abf,7,350.0,10.0,-20.0,0,0.0,600.0,1126.2,0.5262
WT,WT_05,/root/neurothermo/WT/cc_05.abf,7,350.0,10.0,-10.0,0,0.0,600.0,1126.2,0.5262
WT,WT_05,/root/neurothermo/WT/cc_05.abf,7,350.0,12.0,-30.0,0,0.0,600.0,1126.2,0.5262
WT,WT_05,/root/neurothermo/WT/cc_05.abf,7,350.0,12.0,-20.0,0,0.0,600.0,1126.2,0.5262
WT,WT_05,/root/neurothermo/WT/cc_05.abf,7,350.0,12.0,-10.0,0,0.0,600.0,1126.2,0.5262
WT,WT_05,/root/neurothermo/WT/cc_05.abf,7,350.0,15.0,-30.0,0,0.0,600.0,1126.2,0.5262
WT,WT_05,/root/neurothermo/WT/cc_05.abf,7,350.0,15.0,-20.0,0,0.0,600.0,1126.2,0.5262
WT,WT_05,/root/neurothermo/WT/cc_05.abf,7,350.0,15.0,-10.0,0,0.0,600.0,1126.2,0.5262
WT,WT_05,/root/neurothermo/WT/cc_05.abf,8,400.0,8.0,-30.0,0,0.0,600.0,1126.2,0.5262
WT,WT_05,/root/neurothermo/WT/cc_05.abf,8,400.0,8.0,-20.0,0,0.0,600.0,1126.2,0.5262
WT,WT_05,/root/neurothermo/WT/cc_05.abf,8,400.0,8.0,-10.0,0,0.0,600.0,1126.2,0.5262
WT,WT_05,/root/neurothermo/WT/cc_05.abf,8,400.0,10.0,-30.0,0,0.0,600.0,1126.2,0.5262
WT,WT_05,/root/neurothermo/WT/cc_05.abf,8,400.0,10.0,-20.0,0,0.0,600.0,1126.2,0.5262
WT,WT_05,/root/neurothermo/WT/cc_05.abf,8,400.0,10.0,-10.0,0,0.0,600.0,1126.2,0.5262
WT,WT_05,/root/neurothermo/WT/cc_05.abf,8,400.0,12.0,-30.0,0,0.0,600.0,1126.2,0.5262
WT,WT_05,/root/neurothermo/WT/cc_05.abf,8,400.0,12.0,-20.0,0,0.0,600.0,1126.2,0.5262
WT,WT_05,/root/neurothermo/WT/cc_05.abf,8,400.0,12.0,-10.0,0,0.0,600.0,1126.2,0.5262
WT,WT_05,/root/neurothermo/WT/cc_05.abf,8,400.0,15.0,-30.0,0,0.0,600.0,1126.2,0.5262
WT,WT_05,/root/neurothermo/WT/cc_05.abf,8,400.0,15.0,-20.0,0,0.0,600.0,1126.2,0.5262
WT,WT_05,/root/neurothermo/WT/cc_05.abf,8,400.0,15.0,-10.0,0,0.0,600.0,1126.2,0.5262
WT,WT_05,/root/neurothermo/WT/cc_05.abf,9,450.0,8.0,-30.0,0,0.0,600.0,1126.2,0.5262
WT,WT_05,/root/neurothermo/WT/cc_05.abf,9,450.0,8.0,-20.0,0,0.0,600.0,1126.2,0.5262
WT,WT_05,/root/neurothermo/WT/cc_05.abf,9,450.0,8.0,-10.0,0,0.0,600.0,1126.2,0.5262
WT,WT_05,/root/neurothermo/WT/cc_05.abf,9,450.0,10.0,-30.0,0,0.0,600.0,1126.2,0.5262
WT,WT_05,/root/neurothermo/WT/cc_05.abf,9,450.0,10.0,-20.0,0,0.0,600.0,1126.2,0.5262
WT,WT_05,/root/neurothermo/WT/cc_05.abf,9,450.0,10.0,-10.0,0,0.0,600.0,1126.2,0.5262
WT,WT_05,/root/neurothermo/WT/cc_05.abf,9,450.0,12.0,-30.0,0,0.0,600.0,1126.2,0.5262
WT,WT_05,/root/neurothermo/WT/cc_05.abf,9,450.0,12.0,-20.0,0,0.0,600.0,1126.2,0.5262
WT,WT_05,/root/neurothermo/WT/cc_05.abf,9,450.0,12.0,-10.0,0,0.0,600.0,1126.2,0.5262
WT,WT_05,/root/neurothermo/WT/cc_05.abf,9,450.0,15.0,-30.0,0,0.0,600.0,1126.2,0.5262
WT,WT_05,/root/neurothermo/WT/cc_05.abf,9,450.0,15.0,-20.0,0,0.0,600.0,1126.2,0.5262
WT,WT_05,/root/neurothermo/WT/cc_05.abf,9,450.0,15.0,-10.0,0,0.0,600.0,1126.2,0.5262
WT,WT_05,/root/neurothermo/WT/cc_05.abf,10,500.0,8.0,-30.0,0,0.0,600.0,1126.2,0.5262
WT,WT_05,/root/neurothermo/WT/cc_05.abf,10,500.0,8.0,-20.0,0,0.0,600.0,1126.2,0.5262
WT,WT_05,/root/neurothermo/WT/cc_05.abf,10,500.0,8.0,-10.0,0,0.0,600.0,1126.2,0.5262
WT,WT_05,/root/neurothermo/WT/cc_05.abf,10,500.0,10.0,-30.0,0,0.0,600.0,1126.2,0.5262
WT,WT_05,/root/neurothermo/WT/cc_05.abf,10,500.0,10.0,-20.0,0,0.0,600.0,1126.2,0.5262
WT,WT_05,/root/neurothermo/WT/cc_05.abf,10,500.0,10.0,-10.0,0,0.0,600.0,1126.2,0.5262
WT,WT_05,/root/neurothermo/WT/cc_05.abf,10,500.0,12.0,-30.0,0,0.0,600.0,1126.2,0.5262
WT,WT_05,/root/neurothermo/WT/cc_05.abf,10,500.0,12.0,-20.0,0,0.0,600.0,1126.2,0.5262
WT,WT_05,/root/neurothermo/WT/cc_05.abf,10,500.0,12.0,-10.0,0,0.0,600.0,1126.2,0.5262
WT,WT_05,/root/neurothermo/WT/cc_05.abf,10,500.0,15.0,-30.0,0,0.0,600.0,1126.2,0.5262
WT,WT_05,/root/neurothermo/WT/cc_05.abf,10,500.0,15.0,-20.0,0,0.0,600.0,1126.2,0.5262
WT,WT_05,/root/neurothermo/WT/cc_05.abf,10,500.0,15.0,-10.0,0,0.0,600.0,1126.2,0.5262
WT,WT_05,/root/neurothermo/WT/cc_05.abf,11,550.0,8.0,-30.0,0,0.0,600.0,1126.2,0.5262
WT,WT_05,/root/neurothermo/WT/cc_05.abf,11,550.0,8.0,-20.0,0,0.0,600.0,1126.2,0.5262
WT,WT_05,/root/neurothermo/WT/cc_05.abf,11,550.0,8.0,-10.0,0,0.0,600.0,1126.2,0.5262
WT,WT_05,/root/neurothermo/WT/cc_05.abf,11,550.0,10.0,-30.0,0,0.0,600.0,1126.2,0.5262
WT,WT_05,/root/neurothermo/WT/cc_05.abf,11,550.0,10.0,-20.0,0,0.0,600.0,1126.2,0.5262
WT,WT_05,/root/neurothermo/WT/cc_05.abf,11,550.0,10.0,-10.0,0,0.0,600.0,1126.2,0.5262
WT,WT_05,/root/neurothermo/WT/cc_05.abf,11,550.0,12.0,-30.0,0,0.0,600.0,1126.2,0.5262
WT,WT_05,/root/neurothermo/WT/cc_05.abf,11,550.0,12.0,-20.0,0,0.0,600.0,1126.2,0.5262
WT,WT_05,/root/neurothermo/WT/cc_05.abf,11,550.0,12.0,-10.0,0,0.0,600.0,1126.2,0.5262
WT,WT_05,/root/neurothermo/WT/cc_05.abf,11,550.0,15.0,-30.0,0,0.0,600.0,1126.2,0.5262
WT,WT_05,/root/neurothermo/WT/cc_05.abf,11,550.0,15.0,-20.0,0,0.0,600.0,1126.2,0.5262
WT,WT_05,/root/neurothermo/WT/cc_05.abf,11,550.0,15.0,-10.0,0,0.0,600.0,1126.2,0.5262
WT,WT_05,/root/neurothermo/WT/cc_05.abf,12,600.0,8.0,-30.0,0,0.0,600.0,1126.2,0.5262
WT,WT_05,/root/neurothermo/WT/cc_05.abf,12,600.0,8.0,-20.0,0,0.0,600.0,1126.2,0.5262
WT,WT_05,/root/neurothermo/WT/cc_05.abf,12,600.0,8.0,-10.0,0,0.0,600.0,1126.2,0.5262
WT,WT_05,/root/neurothermo/WT/cc_05.abf,12,600.0,10.0,-30.0,0,0.0,600.0,1126.2,0.5262
WT,WT_05,/root/neurothermo/WT/cc_05.abf,12,600.0,10.0,-20.0,0,0.0,600.0,1126.2,0.5262
WT,WT_05,/root/neurothermo/WT/cc_05.abf,12,600.0,10.0,-10.0,0,0.0,600.0,1126.2,0.5262
WT,WT_05,/root/neurothermo/WT/cc_05.abf,12,600.0,12.0,-30.0,0,0.0,600.0,1126.2,0.5262
WT,WT_05,/root/neurothermo/WT/cc_05.abf,12,600.0,12.0,-20.0,0,0.0,600.0,1126.2,0.5262
WT,WT_05,/root/neurothermo/WT/cc_05.abf,12,600.0,12.0,-10.0,0,0.0,600.0,1126.2,0.5262
WT,WT_05,/root/neurothermo/WT/cc_05.abf,12,600.0,15.0,-30.0,0,0.0,600.0,1126.2,0.5262
WT,WT_05,/root/neurothermo/WT/cc_05.abf,12,600.0,15.0,-20.0,0,0.0,600.0,1126.2,0.5262
WT,WT_05,/root/neurothermo/WT/cc_05.abf,12,600.0,15.0,-10.0,0,0.0,600.0,1126.2,0.5262
WT,WT_05,/root/neurothermo/WT/cc_05.abf,13,650.0,8.0,-30.0,0,0.0,600.0,1126.2,0.5262
WT,WT_05,/root/neurothermo/WT/cc_05.abf,13,650.0,8.0,-20.0,0,0.0,600.0,1126.2,0.5262
WT,WT_05,/root/neurothermo/WT/cc_05.abf,13,650.0,8.0,-10.0,0,0.0,600.0,1126.2,0.5262
WT,WT_05,/root/neurothermo/WT/cc_05.abf,13,650.0,10.0,-30.0,0,0.0,600.0,1126.2,0.5262
WT,WT_05,/root/neurothermo/WT/cc_05.abf,13,650.0,10.0,-20.0,0,0.0,600.0,1126.2,0.5262
WT,WT_05,/root/neurothermo/WT/cc_05.abf,13,650.0,10.0,-10.0,0,0.0,600.0,1126.2,0.5262
WT,WT_05,/root/neurothermo/WT/cc_05.abf,13,650.0,12.0,-30.0,0,0.0,600.0,1126.2,0.5262
WT,WT_05,/root/neurothermo/WT/cc_05.abf,13,650.0,12.0,-20.0,0,0.0,600.0,1126.2,0.5262
WT,WT_05,/root/neurothermo/WT/cc_05.abf,13,650.0,12.0,-10.0,0,0.0,600.0,1126.2,0.5262
WT,WT_05,/root/neurothermo/WT/cc_05.abf,13,650.0,15.0,-30.0,0,0.0,600.0,1126.2,0.5262
WT,WT_05,/root/neurothermo/WT/cc_05.abf,13,650.0,15.0,-20.0,0,0.0,600.0,1126.2,0.5262
WT,WT_05,/root/neurothermo/WT/cc_05.abf,13,650.0,15.0,-10.0,0,0.0,600.0,1126.2,0.5262
WT,WT_05,/root/neurothermo/WT/cc_05.abf,14,700.0,8.0,-30.0,0,0.0,600.0,1126.2,0.5262
WT,WT_05,/root/neurothermo/WT/cc_05.abf,14,700.0,8.0,-20.0,0,0.0,600.0,1126.2,0.5262
WT,WT_05,/root/neurothermo/WT/cc_05.abf,14,700.0,8.0,-10.0,0,0.0,600.0,1126.2,0.5262
WT,WT_05,/root/neurothermo/WT/cc_05.abf,14,700.0,10.0,-30.0,0,0.0,600.0,1126.2,0.5262
WT,WT_05,/root/neurothermo/WT/cc_05.abf,14,700.0,10.0,-20.0,0,0.0,600.0,1126.2,0.5262
WT,WT_05,/root/neurothermo/WT/cc_05.abf,14,700.0,10.0,-10.0,0,0.0,600.0,1126.2,0.5262
WT,WT_05,/root/neurothermo/WT/cc_05.abf,14,700.0,12.0,-30.0,0,0.0,600.0,1126.2,0.5262
WT,WT_05,/root/neurothermo/WT/cc_05.abf,14,700.0,12.0,-20.0,0,0.0,600.0,1126.2,0.5262
WT,WT_05,/root/neurothermo/WT/cc_05.abf,14,700.0,12.0,-10.0,0,0.0,600.0,1126.2,0.5262
WT,WT_05,/root/neurothermo/WT/cc_05.abf,14,700.0,15.0,-30.0,0,0.0,600.0,1126.2,0.5262
WT,WT_05,/root/neurothermo/WT/cc_05.abf,14,700.0,15.0,-20.0,0,0.0,600.0,1126.2,0.5262
WT,WT_05,/root/neurothermo/WT/cc_05.abf,14,700.0,15.0,-10.0,0,0.0,600.0,1126.2,0.5262
WT,WT_05,/root/neurothermo/WT/cc_05.abf,15,750.0,8.0,-30.0,0,0.0,600.0,1126.2,0.5262
WT,WT_05,/root/neurothermo/WT/cc_05.abf,15,750.0,8.0,-20.0,0,0.0,600.0,1126.2,0.5262
WT,WT_05,/root/neurothermo/WT/cc_05.abf,15,750.0,8.0,-10.0,0,0.0,600.0,1126.2,0.5262
WT,WT_05,/root/neurothermo/WT/cc_05.abf,15,750.0,10.0,-30.0,0,0.0,600.0,1126.2,0.5262
WT,WT_05,/root/neurothermo/WT/cc_05.abf,15,750.0,10.0,-20.0,0,0.0,600.0,1126.2,0.5262
WT,WT_05,/root/neurothermo/WT/cc_05.abf,15,750.0,10.0,-10.0,0,0.0,600.0,1126.2,0.5262
WT,WT_05,/root/neurothermo/WT/cc_05.abf,15,750.0,12.0,-30.0,0,0.0,600.0,1126.2,0.5262
WT,WT_05,/root/neurothermo/WT/cc_05.abf,15,750.0,12.0,-20.0,0,0.0,600.0,1126.2,0.5262
WT,WT_05,/root/neurothermo/WT/cc_05.abf,15,750.0,12.0,-10.0,0,0.0,600.0,1126.2,0.5262
WT,WT_05,/root/neurothermo/WT/cc_05.abf,15,750.0,15.0,-30.0,0,0.0,600.0,1126.2,0.5262
WT,WT_05,/root/neurothermo/WT/cc_05.abf,15,750.0,15.0,-20.0,0,0.0,600.0,1126.2,0.5262
WT,WT_05,/root/neurothermo/WT/cc_05.abf,15,750.0,15.0,-10.0,0,0.0,600.0,1126.2,0.5262
WT,WT_05,/root/neurothermo/WT/cc_05.abf,16,800.0,8.0,-30.0,0,0.0,600.0,1126.2,0.5262
WT,WT_05,/root/neurothermo/WT/cc_05.abf,16,800.0,8.0,-20.0,0,0.0,600.0,1126.2,0.5262
WT,WT_05,/root/neurothermo/WT/cc_05.abf,16,800.0,8.0,-10.0,0,0.0,600.0,1126.2,0.5262
WT,WT_05,/root/neurothermo/WT/cc_05.abf,16,800.0,10.0,-30.0,0,0.0,600.0,1126.2,0.5262
WT,WT_05,/root/neurothermo/WT/cc_05.abf,16,800.0,10.0,-20.0,0,0.0,600.0,1126.2,0.5262
WT,WT_05,/root/neurothermo/WT/cc_05.abf,16,800.0,10.0,-10.0,0,0.0,600.0,1126.2,0.5262
WT,WT_05,/root/neurothermo/WT/cc_05.abf,16,800.0,12.0,-30.0,0,0.0,600.0,1126.2,0.5262
WT,WT_05,/root/neurothermo/WT/cc_05.abf,16,800.0,12.0,-20.0,0,0.0,600.0,1126.2,0.5262
WT,WT_05,/root/neurothermo/WT/cc_05.abf,16,800.0,12.0,-10.0,0,0.0,600.0,1126.2,0.5262
WT,WT_05,/root/neurothermo/WT/cc_05.abf,16,800.0,15.0,-30.0,0,0.0,600.0,1126.2,0.5262
WT,WT_05,/root/neurothermo/WT/cc_05.abf,16,800.0,15.0,-20.0,0,0.0,600.0,1126.2,0.5262
WT,WT_05,/root/neurothermo/WT/cc_05.abf,16,800.0,15.0,-10.0,0,0.0,600.0,1126.2,0.5262
WT,WT_05,/root/neurothermo/WT/cc_05.abf,17,850.0,8.0,-30.0,0,0.0,600.0,1126.2,0.5262
WT,WT_05,/root/neurothermo/WT/cc_05.abf,17,850.0,8.0,-20.0,0,0.0,600.0,1126.2,0.5262
WT,WT_05,/root/neurothermo/WT/cc_05.abf,17,850.0,8.0,-10.0,0,0.0,600.0,1126.2,0.5262
WT,WT_05,/root/neurothermo/WT/cc_05.abf,17,850.0,10.0,-30.0,0,0.0,600.0,1126.2,0.5262
WT,WT_05,/root/neurothermo/WT/cc_05.abf,17,850.0,10.0,-20.0,0,0.0,600.0,1126.2,0.5262
WT,WT_05,/root/neurothermo/WT/cc_05.abf,17,850.0,10.0,-10.0,0,0.0,600.0,1126.2,0.5262
WT,WT_05,/root/neurothermo/WT/cc_05.abf,17,850.0,12.0,-30.0,0,0.0,600.0,1126.2,0.5262
WT,WT_05,/root/neurothermo/WT/cc_05.abf,17,850.0,12.0,-20.0,0,0.0,600.0,1126.2,0.5262
WT,WT_05,/root/neurothermo/WT/cc_05.abf,17,850.0,12.0,-10.0,0,0.0,600.0,1126.2,0.5262
WT,WT_05,/root/neurothermo/WT/cc_05.abf,17,850.0,15.0,-30.0,0,0.0,600.0,1126.2,0.5262
WT,WT_05,/root/neurothermo/WT/cc_05.abf,17,850.0,15.0,-20.0,0,0.0,600.0,1126.2,0.5262
WT,WT_05,/root/neurothermo/WT/cc_05.abf,17,850.0,15.0,-10.0,0,0.0,600.0,1126.2,0.5262
WT,WT_06,/root/neurothermo/WT/cc_06.abf,0,0.0,8.0,-30.0,0,0.0,600.0,1126.2,0.5262
WT,WT_06,/root/neurothermo/WT/cc_06.abf,0,0.0,8.0,-20.0,0,0.0,600.0,1126.2,0.5262
WT,WT_06,/root/neurothermo/WT/cc_06.abf,0,0.0,8.0,-10.0,0,0.0,600.0,1126.2,0.5262
WT,WT_06,/root/neurothermo/WT/cc_06.abf,0,0.0,10.0,-30.0,0,0.0,600.0,1126.2,0.5262
WT,WT_06,/root/neurothermo/WT/cc_06.abf,0,0.0,10.0,-20.0,0,0.0,600.0,1126.2,0.5262
WT,WT_06,/root/neurothermo/WT/cc_06.abf,0,0.0,10.0,-10.0,0,0.0,600.0,1126.2,0.5262
WT,WT_06,/root/neurothermo/WT/cc_06.abf,0,0.0,12.0,-30.0,0,0.0,600.0,1126.2,0.5262
WT,WT_06,/root/neurothermo/WT/cc_06.abf,0,0.0,12.0,-20.0,0,0.0,600.0,1126.2,0.5262
WT,WT_06,/root/neurothermo/WT/cc_06.abf,0,0.0,12.0,-10.0,0,0.0,600.0,1126.2,0.5262
WT,WT_06,/root/neurothermo/WT/cc_06.abf,0,0.0,15.0,-30.0,0,0.0,600.0,1126.2,0.5262
WT,WT_06,/root/neurothermo/WT/cc_06.abf,0,0.0,15.0,-20.0,0,0.0,600.0,1126.2,0.5262
WT,WT_06,/root/neurothermo/WT/cc_06.abf,0,0.0,15.0,-10.0,0,0.0,600.0,1126.2,0.5262
WT,WT_06,/root/neurothermo/WT/cc_06.abf,1,50.0,8.0,-30.0,0,0.0,600.0,1126.2,0.5262
WT,WT_06,/root/neurothermo/WT/cc_06.abf,1,50.0,8.0,-20.0,0,0.0,600.0,1126.2,0.5262
WT,WT_06,/root/neurothermo/WT/cc_06.abf,1,50.0,8.0,-10.0,0,0.0,600.0,1126.2,0.5262
WT,WT_06,/root/neurothermo/WT/cc_06.abf,1,50.0,10.0,-30.0,0,0.0,600.0,1126.2,0.5262
WT,WT_06,/root/neurothermo/WT/cc_06.abf,1,50.0,10.0,-20.0,0,0.0,600.0,1126.2,0.5262
WT,WT_06,/root/neurothermo/WT/cc_06.abf,1,50.0,10.0,-10.0,0,0.0,600.0,1126.2,0.5262
WT,WT_06,/root/neurothermo/WT/cc_06.abf,1,50.0,12.0,-30.0,0,0.0,600.0,1126.2,0.5262
WT,WT_06,/root/neurothermo/WT/cc_06.abf,1,50.0,12.0,-20.0,0,0.0,600.0,1126.2,0.5262
WT,WT_06,/root/neurothermo/WT/cc_06.abf,1,50.0,12.0,-10.0,0,0.0,600.0,1126.2,0.5262
WT,WT_06,/root/neurothermo/WT/cc_06.abf,1,50.0,15.0,-30.0,0,0.0,600.0,1126.2,0.5262
WT,WT_06,/root/neurothermo/WT/cc_06.abf,1,50.0,15.0,-20.0,0,0.0,600.0,1126.2,0.5262
WT,WT_06,/root/neurothermo/WT/cc_06.abf,1,50.0,15.0,-10.0,0,0.0,600.0,1126.2,0.5262
WT,WT_06,/root/neurothermo/WT/cc_06.abf,2,100.0,8.0,-30.0,0,0.0,600.0,1126.2,0.5262
WT,WT_06,/root/neurothermo/WT/cc_06.abf,2,100.0,8.0,-20.0,0,0.0,600.0,1126.2,0.5262
WT,WT_06,/root/neurothermo/WT/cc_06.abf,2,100.0,8.0,-10.0,0,0.0,600.0,1126.2,0.5262
WT,WT_06,/root/neurothermo/WT/cc_06.abf,2,100.0,10.0,-30.0,0,0.0,600.0,1126.2,0.5262
WT,WT_06,/root/neurothermo/WT/cc_06.abf,2,100.0,10.0,-20.0,0,0.0,600.0,1126.2,0.5262
WT,WT_06,/root/neurothermo/WT/cc_06.abf,2,100.0,10.0,-10.0,0,0.0,600.0,1126.2,0.5262
WT,WT_06,/root/neurothermo/WT/cc_06.abf,2,100.0,12.0,-30.0,0,0.0,600.0,1126.2,0.5262
WT,WT_06,/root/neurothermo/WT/cc_06.abf,2,100.0,12.0,-20.0,0,0.0,600.0,1126.2,0.5262
WT,WT_06,/root/neurothermo/WT/cc_06.abf,2,100.0,12.0,-10.0,0,0.0,600.0,1126.2,0.5262
WT,WT_06,/root/neurothermo/WT/cc_06.abf,2,100.0,15.0,-30.0,0,0.0,600.0,1126.2,0.5262
WT,WT_06,/root/neurothermo/WT/cc_06.abf,2,100.0,15.0,-20.0,0,0.0,600.0,1126.2,0.5262
WT,WT_06,/root/neurothermo/WT/cc_06.abf,2,100.0,15.0,-10.0,0,0.0,600.0,1126.2,0.5262
WT,WT_06,/root/neurothermo/WT/cc_06.abf,3,150.0,8.0,-30.0,0,0.0,600.0,1126.2,0.5262
WT,WT_06,/root/neurothermo/WT/cc_06.abf,3,150.0,8.0,-20.0,0,0.0,600.0,1126.2,0.5262
WT,WT_06,/root/neurothermo/WT/cc_06.abf,3,150.0,8.0,-10.0,0,0.0,600.0,1126.2,0.5262
WT,WT_06,/root/neurothermo/WT/cc_06.abf,3,150.0,10.0,-30.0,0,0.0,600.0,1126.2,0.5262
WT,WT_06,/root/neurothermo/WT/cc_06.abf,3,150.0,10.0,-20.0,0,0.0,600.0,1126.2,0.5262
WT,WT_06,/root/neurothermo/WT/cc_06.abf,3,150.0,10.0,-10.0,0,0.0,600.0,1126.2,0.5262
WT,WT_06,/root/neurothermo/WT/cc_06.abf,3,150.0,12.0,-30.0,0,0.0,600.0,1126.2,0.5262
WT,WT_06,/root/neurothermo/WT/cc_06.abf,3,150.0,12.0,-20.0,0,0.0,600.0,1126.2,0.5262
WT,WT_06,/root/neurothermo/WT/cc_06.abf,3,150.0,12.0,-10.0,0,0.0,600.0,1126.2,0.5262
WT,WT_06,/root/neurothermo/WT/cc_06.abf,3,150.0,15.0,-30.0,0,0.0,600.0,1126.2,0.5262
WT,WT_06,/root/neurothermo/WT/cc_06.abf,3,150.0,15.0,-20.0,0,0.0,600.0,1126.2,0.5262
WT,WT_06,/root/neurothermo/WT/cc_06.abf,3,150.0,15.0,-10.0,0,0.0,600.0,1126.2,0.5262
WT,WT_06,/root/neurothermo/WT/cc_06.abf,4,200.0,8.0,-30.0,0,0.0,600.0,1126.2,0.5262
WT,WT_06,/root/neurothermo/WT/cc_06.abf,4,200.0,8.0,-20.0,0,0.0,600.0,1126.2,0.5262
WT,WT_06,/root/neurothermo/WT/cc_06.abf,4,200.0,8.0,-10.0,0,0.0,600.0,1126.2,0.5262
WT,WT_06,/root/neurothermo/WT/cc_06.abf,4,200.0,10.0,-30.0,0,0.0,600.0,1126.2,0.5262
WT,WT_06,/root/neurothermo/WT/cc_06.abf,4,200.0,10.0,-20.0,0,0.0,600.0,1126.2,0.5262
WT,WT_06,/root/neurothermo/WT/cc_06.abf,4,200.0,10.0,-10.0,0,0.0,600.0,1126.2,0.5262
WT,WT_06,/root/neurothermo/WT/cc_06.abf,4,200.0,12.0,-30.0,0,0.0,600.0,1126.2,0.5262
WT,WT_06,/root/neurothermo/WT/cc_06.abf,4,200.0,12.0,-20.0,0,0.0,600.0,1126.2,0.5262
WT,WT_06,/root/neurothermo/WT/cc_06.abf,4,200.0,12.0,-10.0,0,0.0,600.0,1126.2,0.5262
WT,WT_06,/root/neurothermo/WT/cc_06.abf,4,200.0,15.0,-30.0,0,0.0,600.0,1126.2,0.5262
WT,WT_06,/root/neurothermo/WT/cc_06.abf,4,200.0,15.0,-20.0,0,0.0,600.0,1126.2,0.5262
WT,WT_06,/root/neurothermo/WT/cc_06.abf,4,200.0,15.0,-10.0,0,0.0,600.0,1126.2,0.5262
WT,WT_06,/root/neurothermo/WT/cc_06.abf,5,250.0,8.0,-30.0,0,0.0,600.0,1126.2,0.5262
WT,WT_06,/root/neurothermo/WT/cc_06.abf,5,250.0,8.0,-20.0,0,0.0,600.0,1126.2,0.5262
WT,WT_06,/root/neurothermo/WT/cc_06.abf,5,250.0,8.0,-10.0,0,0.0,600.0,1126.2,0.5262
WT,WT_06,/root/neurothermo/WT/cc_06.abf,5,250.0,10.0,-30.0,0,0.0,600.0,1126.2,0.5262
WT,WT_06,/root/neurothermo/WT/cc_06.abf,5,250.0,10.0,-20.0,0,0.0,600.0,1126.2,0.5262
WT,WT_06,/root/neurothermo/WT/cc_06.abf,5,250.0,10.0,-10.0,0,0.0,600.0,1126.2,0.5262
WT,WT_06,/root/neurothermo/WT/cc_06.abf,5,250.0,12.0,-30.0,0,0.0,600.0,1126.2,0.5262
WT,WT_06,/root/neurothermo/WT/cc_06.abf,5,250.0,12.0,-20.0,0,0.0,600.0,1126.2,0.5262
WT,WT_06,/root/neurothermo/WT/cc_06.abf,5,250.0,12.0,-10.0,0,0.0,600.0,1126.2,0.5262
WT,WT_06,/root/neurothermo/WT/cc_06.abf,5,250.0,15.0,-30.0,0,0.0,600.0,1126.2,0.5262
WT,WT_06,/root/neurothermo/WT/cc_06.abf,5,250.0,15.0,-20.0,0,0.0,600.0,1126.2,0.5262
WT,WT_06,/root/neurothermo/WT/cc_06.abf,5,250.0,15.0,-10.0,0,0.0,600.0,1126.2,0.5262
WT,WT_06,/root/neurothermo/WT/cc_06.abf,6,300.0,8.0,-30.0,7,13.30292664386165,600.0,1126.2,0.5262
WT,WT_06,/root/neurothermo/WT/cc_06.abf,6,300.0,8.0,-20.0,7,13.30292664386165,600.0,1126.2,0.5262
WT,WT_06,/root/neurothermo/WT/cc_06.abf,6,300.0,8.0,-10.0,0,0.0,600.0,1126.2,0.5262
WT,WT_06,/root/neurothermo/WT/cc_06.abf,6,300.0,10.0,-30.0,7,13.30292664386165,600.0,1126.2,0.5262
WT,WT_06,/root/neurothermo/WT/cc_06.abf,6,300.0,10.0,-20.0,7,13.30292664386165,600.0,1126.2,0.5262
WT,WT_06,/root/neurothermo/WT/cc_06.abf,6,300.0,10.0,-10.0,0,0.0,600.0,1126.2,0.5262
WT,WT_06,/root/neurothermo/WT/cc_06.abf,6,300.0,12.0,-30.0,7,13.30292664386165,600.0,1126.2,0.5262
WT,WT_06,/root/neurothermo/WT/cc_06.abf,6,300.0,12.0,-20.0,7,13.30292664386165,600.0,1126.2,0.5262
WT,WT_06,/root/neurothermo/WT/cc_06.abf,6,300.0,12.0,-10.0,0,0.0,600.0,1126.2,0.5262
WT,WT_06,/root/neurothermo/WT/cc_06.abf,6,300.0,15.0,-30.0,7,13.30292664386165,600.0,1126.2,0.5262
WT,WT_06,/root/neurothermo/WT/cc_06.abf,6,300.0,15.0,-20.0,7,13.30292664386165,600.0,1126.2,0.5262
WT,WT_06,/root/neurothermo/WT/cc_06.abf,6,300.0,15.0,-10.0,0,0.0,600.0,1126.2,0.5262
WT,WT_06,/root/neurothermo/WT/cc_06.abf,7,350.0,8.0,-30.0,24,45.61003420752566,600.0,1126.2,0.5262
WT,WT_06,/root/neurothermo/WT/cc_06.abf,7,350.0,8.0,-20.0,24,45.61003420752566,600.0,1126.2,0.5262
WT,WT_06,/root/neurothermo/WT/cc_06.abf,7,350.0,8.0,-10.0,0,0.0,600.0,1126.2,0.5262
WT,WT_06,/root/neurothermo/WT/cc_06.abf,7,350.0,10.0,-30.0,24,45.61003420752566,600.0,1126.2,0.5262
WT,WT_06,/root/neurothermo/WT/cc_06.abf,7,350.0,10.0,-20.0,24,45.61003420752566,600.0,1126.2,0.5262
WT,WT_06,/root/neurothermo/WT/cc_06.abf,7,350.0,10.0,-10.0,0,0.0,600.0,1126.2,0.5262
WT,WT_06,/root/neurothermo/WT/cc_06.abf,7,350.0,12.0,-30.0,24,45.61003420752566,600.0,1126.2,0.5262
WT,WT_06,/root/neurothermo/WT/cc_06.abf,7,350.0,12.0,-20.0,24,45.61003420752566,600.0,1126.2,0.5262
WT,WT_06,/root/neurothermo/WT/cc_06.abf,7,350.0,12.0,-10.0,0,0.0,600.0,1126.2,0.5262
WT,WT_06,/root/neurothermo/WT/cc_06.abf,7,350.0,15.0,-30.0,24,45.61003420752566,600.0,1126.2,0.5262
WT,WT_06,/root/neurothermo/WT/cc_06.abf,7,350.0,15.0,-20.0,24,45.61003420752566,600.0,1126.2,0.5262
WT,WT_06,/root/neurothermo/WT/cc_06.abf,7,350.0,15.0,-10.0,0,0.0,600.0,1126.2,0.5262
WT,WT_06,/root/neurothermo/WT/cc_06.abf,8,400.0,8.0,-30.0,34,64.61421512732801,600.0,1126.2,0.5262
WT,WT_06,/root/neurothermo/WT/cc_06.abf,8,400.0,8.0,-20.0,34,64.61421512732801,600.0,1126.2,0.5262
WT,WT_06,/root/neurothermo/WT/cc_06.abf,8,400.0,8.0,-10.0,10,19.004180919802355,600.0,1126.2,0.5262
WT,WT_06,/root/neurothermo/WT/cc_06.abf,8,400.0,10.0,-30.0,34,64.61421512732801,600.0,1126.2,0.5262
WT,WT_06,/root/neurothermo/WT/cc_06.abf,8,400.0,10.0,-20.0,34,64.61421512732801,600.0,1126.2,0.5262
WT,WT_06,/root/neurothermo/WT/cc_06.abf,8,400.0,10.0,-10.0,10,19.004180919802355,600.0,1126.2,0.5262
WT,WT_06,/root/neurothermo/WT/cc_06.abf,8,400.0,12.0,-30.0,34,64.61421512732801,600.0,1126.2,0.5262
WT,WT_06,/root/neurothermo/WT/cc_06.abf,8,400.0,12.0,-20.0,34,64.61421512732801,600.0,1126.2,0.5262
WT,WT_06,/root/neurothermo/WT/cc_06.abf,8,400.0,12.0,-10.0,10,19.004180919802355,600.0,1126.2,0.5262
WT,WT_06,/root/neurothermo/WT/cc_06.abf,8,400.0,15.0,-30.0,34,64.61421512732801,600.0,1126.2,0.5262
WT,WT_06,/root/neurothermo/WT/cc_06.abf,8,400.0,15.0,-20.0,34,64.61421512732801,600.0,1126.2,0.5262
WT,WT_06,/root/neurothermo/WT/cc_06.abf,8,400.0,15.0,-10.0,10,19.004180919802355,600.0,1126.2,0.5262
WT,WT_06,/root/neurothermo/WT/cc_06.abf,9,450.0,8.0,-30.0,35,66.51463321930825,600.0,1126.2,0.5262
WT,WT_06,/root/neurothermo/WT/cc_06.abf,9,450.0,8.0,-20.0,35,66.51463321930825,600.0,1126.2,0.5262
WT,WT_06,/root/neurothermo/WT/cc_06.abf,9,450.0,8.0,-10.0,32,60.81337894336754,600.0,1126.2,0.5262
WT,WT_06,/root/neurothermo/WT/cc_06.abf,9,450.0,10.0,-30.0,35,66.51463321930825,600.0,1126.2,0.5262
WT,WT_06,/root/neurothermo/WT/cc_06.abf,9,450.0,10.0,-20.0,35,66.51463321930825,600.0,1126.2,0.5262
WT,WT_06,/root/neurothermo/WT/cc_06.abf,9,450.0,10.0,-10.0,32,60.81337894336754,600.0,1126.2,0.5262
WT,WT_06,/root/neurothermo/WT/cc_06.abf,9,450.0,12.0,-30.0,35,66.51463321930825,600.0,1126.2,0.5262
WT,WT_06,/root/neurothermo/WT/cc_06.abf,9,450.0,12.0,-20.0,35,66.51463321930825,600.0,1126.2,0.5262
WT,WT_06,/root/neurothermo/WT/cc_06.abf,9,450.0,12.0,-10.0,32,60.81337894336754,600.0,1126.2,0.5262
WT,WT_06,/root/neurothermo/WT/cc_06.abf,9,450.0,15.0,-30.0,35,66.51463321930825,600.0,1126.2,0.5262
WT,WT_06,/root/neurothermo/WT/cc_06.abf,9,450.0,15.0,-20.0,35,66.51463321930825,600.0,1126.2,0.5262
WT,WT_06,/root/neurothermo/WT/cc_06.abf,9,450.0,15.0,-10.0,32,60.81337894336754,600.0,1126.2,0.5262
WT,WT_06,/root/neurothermo/WT/cc_06.abf,10,500.0,8.0,-30.0,41,77.91714177118966,600.0,1126.2,0.5262
WT,WT_06,/root/neurothermo/WT/cc_06.abf,10,500.0,8.0,-20.0,41,77.91714177118966,600.0,1126.2,0.5262
WT,WT_06,/root/neurothermo/WT/cc_06.abf,10,500.0,8.0,-10.0,41,77.91714177118966,600.0,1126.2,0.5262
WT,WT_06,/root/neurothermo/WT/cc_06.abf,10,500.0,10.0,-30.0,41,77.91714177118966,600.0,1126.2,0.5262
WT,WT_06,/root/neurothermo/WT/cc_06.abf,10,500.0,10.0,-20.0,41,77.91714177118966,600.0,1126.2,0.5262
WT,WT_06,/root/neurothermo/WT/cc_06.abf,10,500.0,10.0,-10.0,41,77.91714177118966,600.0,1126.2,0.5262
WT,WT_06,/root/neurothermo/WT/cc_06.abf,10,500.0,12.0,-30.0,41,77.91714177118966,600.0,1126.2,0.5262
WT,WT_06,/root/neurothermo/WT/cc_06.abf,10,500.0,12.0,-20.0,41,77.91714177118966,600.0,1126.2,0.5262
WT,WT_06,/root/neurothermo/WT/cc_06.abf,10,500.0,12.0,-10.0,41,77.91714177118966,600.0,1126.2,0.5262
WT,WT_06,/root/neurothermo/WT/cc_06.abf,10,500.0,15.0,-30.0,41,77.91714177118966,600.0,1126.2,0.5262
WT,WT_06,/root/neurothermo/WT/cc_06.abf,10,500.0,15.0,-20.0,41,77.91714177118966,600.0,1126.2,0.5262
WT,WT_06,/root/neurothermo/WT/cc_06.abf,10,500.0,15.0,-10.0,41,77.91714177118966,600.0,1126.2,0.5262
WT,WT_06,/root/neurothermo/WT/cc_06.abf,11,550.0,8.0,-30.0,45,85.5188141391106,600.0,1126.2,0.5262
WT,WT_06,/root/neurothermo/WT/cc_06.abf,11,550.0,8.0,-20.0,45,85.5188141391106,600.0,1126.2,0.5262
WT,WT_06,/root/neurothermo/WT/cc_06.abf,11,550.0,8.0,-10.0,45,85.5188141391106,600.0,1126.2,0.5262
WT,WT_06,/root/neurothermo/WT/cc_06.abf,11,550.0,10.0,-30.0,45,85.5188141391106,600.0,1126.2,0.5262
WT,WT_06,/root/neurothermo/WT/cc_06.abf,11,550.0,10.0,-20.0,45,85.5188141391106,600.0,1126.2,0.5262
WT,WT_06,/root/neurothermo/WT/cc_06.abf,11,550.0,10.0,-10.0,45,85.5188141391106,600.0,1126.2,0.5262
WT,WT_06,/root/neurothermo/WT/cc_06.abf,11,550.0,12.0,-30.0,45,85.5188141391106,600.0,1126.2,0.5262
WT,WT_06,/root/neurothermo/WT/cc_06.abf,11,550.0,12.0,-20.0,45,85.5188141391106,600.0,1126.2,0.5262
WT,WT_06,/root/neurothermo/WT/cc_06.abf,11,550.0,12.0,-10.0,45,85.5188141391106,600.0,1126.2,0.5262
WT,WT_06,/root/neurothermo/WT/cc_06.abf,11,550.0,15.0,-30.0,45,85.5188141391106,600.0,1126.2,0.5262
WT,WT_06,/root/neurothermo/WT/cc_06.abf,11,550.0,15.0,-20.0,45,85.5188141391106,600.0,1126.2,0.5262
WT,WT_06,/root/neurothermo/WT/cc_06.abf,11,550.0,15.0,-10.0,45,85.5188141391106,600.0,1126.2,0.5262
WT,WT_06,/root/neurothermo/WT/cc_06.abf,12,600.0,8.0,-30.0,48,91.22006841505132,600.0,1126.2,0.5262
WT,WT_06,/root/neurothermo/WT/cc_06.abf,12,600.0,8.0,-20.0,48,91.22006841505132,600.0,1126.2,0.5262
WT,WT_06,/root/neurothermo/WT/cc_06.abf,12,600.0,8.0,-10.0,48,91.22006841505132,600.0,1126.2,0.5262
WT,WT_06,/root/neurothermo/WT/cc_06.abf,12,600.0,10.0,-30.0,48,91.22006841505132,600.0,1126.2,0.5262
WT,WT_06,/root/neurothermo/WT/cc_06.abf,12,600.0,10.0,-20.0,48,91.22006841505132,600.0,1126.2,0.5262
WT,WT_06,/root/neurothermo/WT/cc_06.abf,12,600.0,10.0,-10.0,48,91.22006841505132,600.0,1126.2,0.5262
WT,WT_06,/root/neurothermo/WT/cc_06.abf,12,600.0,12.0,-30.0,48,91.22006841505132,600.0,1126.2,0.5262
WT,WT_06,/root/neurothermo/WT/cc_06.abf,12,600.0,12.0,-20.0,48,91.22006841505132,600.0,1126.2,0.5262
WT,WT_06,/root/neurothermo/WT/cc_06.abf,12,600.0,12.0,-10.0,48,91.22006841505132,600.0,1126.2,0.5262
WT,WT_06,/root/neurothermo/WT/cc_06.abf,12,600.0,15.0,-30.0,48,91.22006841505132,600.0,1126.2,0.5262
WT,WT_06,/root/neurothermo/WT/cc_06.abf,12,600.0,15.0,-20.0,48,91.22006841505132,600.0,1126.2,0.5262
WT,WT_06,/root/neurothermo/WT/cc_06.abf,12,600.0,15.0,-10.0,48,91.22006841505132,600.0,1126.2,0.5262
WT,WT_06,/root/neurothermo/WT/cc_06.abf,13,650.0,8.0,-30.0,54,102.62257696693273,600.0,1126.2,0.5262
WT,WT_06,/root/neurothermo/WT/cc_06.abf,13,650.0,8.0,-20.0,54,102.62257696693273,600.0,1126.2,0.5262
WT,WT_06,/root/neurothermo/WT/cc_06.abf,13,650.0,8.0,-10.0,54,102.62257696693273,600.0,1126.2,0.5262
WT,WT_06,/root/neurothermo/WT/cc_06.abf,13,650.0,10.0,-30.0,54,102.62257696693273,600.0,1126.2,0.5262
WT,WT_06,/root/neurothermo/WT/cc_06.abf,13,650.0,10.0,-20.0,54,102.62257696693273,600.0,1126.2,0.5262
WT,WT_06,/root/neurothermo/WT/cc_06.abf,13,650.0,10.0,-10.0,54,102.62257696693273,600.0,1126.2,0.5262
WT,WT_06,/root/neurothermo/WT/cc_06.abf,13,650.0,12.0,-30.0,54,102.62257696693273,600.0,1126.2,0.5262
WT,WT_06,/root/neurothermo/WT/cc_06.abf,13,650.0,12.0,-20.0,54,102.62257696693273,600.0,1126.2,0.5262
WT,WT_06,/root/neurothermo/WT/cc_06.abf,13,650.0,12.0,-10.0,54,102.62257696693273,600.0,1126.2,0.5262
WT,WT_06,/root/neurothermo/WT/cc_06.abf,13,650.0,15.0,-30.0,54,102.62257696693273,600.0,1126.2,0.5262
WT,WT_06,/root/neurothermo/WT/cc_06.abf,13,650.0,15.0,-20.0,54,102.62257696693273,600.0,1126.2,0.5262
WT,WT_06,/root/neurothermo/WT/cc_06.abf,13,650.0,15.0,-10.0,54,102.62257696693273,600.0,1126.2,0.5262
WT,WT_06,/root/neurothermo/WT/cc_06.abf,14,700.0,8.0,-30.0,56,106.4234131508932,600.0,1126.2,0.5262
WT,WT_06,/root/neurothermo/WT/cc_06.abf,14,700.0,8.0,-20.0,56,106.4234131508932,600.0,1126.2,0.5262
WT,WT_06,/root/neurothermo/WT/cc_06.abf,14,700.0,8.0,-10.0,56,106.4234131508932,600.0,1126.2,0.5262
WT,WT_06,/root/neurothermo/WT/cc_06.abf,14,700.0,10.0,-30.0,56,106.4234131508932,600.0,1126.2,0.5262
WT,WT_06,/root/neurothermo/WT/cc_06.abf,14,700.0,10.0,-20.0,56,106.4234131508932,600.0,1126.2,0.5262
WT,WT_06,/root/neurothermo/WT/cc_06.abf,14,700.0,10.0,-10.0,56,106.4234131508932,600.0,1126.2,0.5262
WT,WT_06,/root/neurothermo/WT/cc_06.abf,14,700.0,12.0,-30.0,56,106.4234131508932,600.0,1126.2,0.5262
WT,WT_06,/root/neurothermo/WT/cc_06.abf,14,700.0,12.0,-20.0,56,106.4234131508932,600.0,1126.2,0.5262
WT,WT_06,/root/neurothermo/WT/cc_06.abf,14,700.0,12.0,-10.0,56,106.4234131508932,600.0,1126.2,0.5262
WT,WT_06,/root/neurothermo/WT/cc_06.abf,14,700.0,15.0,-30.0,56,106.4234131508932,600.0,1126.2,0.5262
WT,WT_06,/root/neurothermo/WT/cc_06.abf,14,700.0,15.0,-20.0,56,106.4234131508932,600.0,1126.2,0.5262
WT,WT_06,/root/neurothermo/WT/cc_06.abf,14,700.0,15.0,-10.0,56,106.4234131508932,600.0,1126.2,0.5262
WT,WT_06,/root/neurothermo/WT/cc_06.abf,15,750.0,8.0,-30.0,57,108.32383124287344,600.0,1126.2,0.5262
WT,WT_06,/root/neurothermo/WT/cc_06.abf,15,750.0,8.0,-20.0,57,108.32383124287344,600.0,1126.2,0.5262
WT,WT_06,/root/neurothermo/WT/cc_06.abf,15,750.0,8.0,-10.0,57,108.32383124287344,600.0,1126.2,0.5262
WT,WT_06,/root/neurothermo/WT/cc_06.abf,15,750.0,10.0,-30.0,57,108.32383124287344,600.0,1126.2,0.5262
WT,WT_06,/root/neurothermo/WT/cc_06.abf,15,750.0,10.0,-20.0,57,108.32383124287344,600.0,1126.2,0.5262
WT,WT_06,/root/neurothermo/WT/cc_06.abf,15,750.0,10.0,-10.0,57,108.32383124287344,600.0,1126.2,0.5262
WT,WT_06,/root/neurothermo/WT/cc_06.abf,15,750.0,12.0,-30.0,57,108.32383124287344,600.0,1126.2,0.5262
WT,WT_06,/root/neurothermo/WT/cc_06.abf,15,750.0,12.0,-20.0,57,108.32383124287344,600.0,1126.2,0.5262
WT,WT_06,/root/neurothermo/WT/cc_06.abf,15,750.0,12.0,-10.0,57,108.32383124287344,600.0,1126.2,0.5262
WT,WT_06,/root/neurothermo/WT/cc_06.abf,15,750.0,15.0,-30.0,57,108.32383124287344,600.0,1126.2,0.5262
WT,WT_06,/root/neurothermo/WT/cc_06.abf,15,750.0,15.0,-20.0,57,108.32383124287344,600.0,1126.2,0.5262
WT,WT_06,/root/neurothermo/WT/cc_06.abf,15,750.0,15.0,-10.0,57,108.32383124287344,600.0,1126.2,0.5262
WT,WT_06,/root/neurothermo/WT/cc_06.abf,16,800.0,8.0,-30.0,60,114.02508551881414,600.0,1126.2,0.5262
WT,WT_06,/root/neurothermo/WT/cc_06.abf,16,800.0,8.0,-20.0,60,114.02508551881414,600.0,1126.2,0.5262
WT,WT_06,/root/neurothermo/WT/cc_06.abf,16,800.0,8.0,-10.0,60,114.02508551881414,600.0,1126.2,0.5262
WT,WT_06,/root/neurothermo/WT/cc_06.abf,16,800.0,10.0,-30.0,60,114.02508551881414,600.0,1126.2,0.5262
WT,WT_06,/root/neurothermo/WT/cc_06.abf,16,800.0,10.0,-20.0,60,114.02508551881414,600.0,1126.2,0.5262
WT,WT_06,/root/neurothermo/WT/cc_06.abf,16,800.0,10.0,-10.0,60,114.02508551881414,600.0,1126.2,0.5262
WT,WT_06,/root/neurothermo/WT/cc_06.abf,16,800.0,12.0,-30.0,60,114.02508551881414,600.0,1126.2,0.5262
WT,WT_06,/root/neurothermo/WT/cc_06.abf,16,800.0,12.0,-20.0,60,114.02508551881414,600.0,1126.2,0.5262
WT,WT_06,/root/neurothermo/WT/cc_06.abf,16,800.0,12.0,-10.0,60,114.02508551881414,600.0,1126.2,0.5262
WT,WT_06,/root/neurothermo/WT/cc_06.abf,16,800.0,15.0,-30.0,60,114.02508551881414,600.0,1126.2,0.5262
WT,WT_06,/root/neurothermo/WT/cc_06.abf,16,800.0,15.0,-20.0,60,114.02508551881414,600.0,1126.2,0.5262
WT,WT_06,/root/neurothermo/WT/cc_06.abf,16,800.0,15.0,-10.0,60,114.02508551881414,600.0,1126.2,0.5262
WT,WT_06,/root/neurothermo/WT/cc_06.abf,17,850.0,8.0,-30.0,12,22.80501710376283,600.0,1126.2,0.5262
WT,WT_06,/root/neurothermo/WT/cc_06.abf,17,850.0,8.0,-20.0,12,22.80501710376283,600.0,1126.2,0.5262
WT,WT_06,/root/neurothermo/WT/cc_06.abf,17,850.0,8.0,-10.0,8,15.203344735841885,600.0,1126.2,0.5262
WT,WT_06,/root/neurothermo/WT/cc_06.abf,17,850.0,10.0,-30.0,12,22.80501710376283,600.0,1126.2,0.5262
WT,WT_06,/root/neurothermo/WT/cc_06.abf,17,850.0,10.0,-20.0,12,22.80501710376283,600.0,1126.2,0.5262
WT,WT_06,/root/neurothermo/WT/cc_06.abf,17,850.0,10.0,-10.0,8,15.203344735841885,600.0,1126.2,0.5262
WT,WT_06,/root/neurothermo/WT/cc_06.abf,17,850.0,12.0,-30.0,12,22.80501710376283,600.0,1126.2,0.5262
WT,WT_06,/root/neurothermo/WT/cc_06.abf,17,850.0,12.0,-20.0,12,22.80501710376283,600.0,1126.2,0.5262
WT,WT_06,/root/neurothermo/WT/cc_06.abf,17,850.0,12.0,-10.0,8,15.203344735841885,600.0,1126.2,0.5262
WT,WT_06,/root/neurothermo/WT/cc_06.abf,17,850.0,15.0,-30.0,11,20.904599011782594,600.0,1126.2,0.5262
WT,WT_06,/root/neurothermo/WT/cc_06.abf,17,850.0,15.0,-20.0,11,20.904599011782594,600.0,1126.2,0.5262
WT,WT_06,/root/neurothermo/WT/cc_06.abf,17,850.0,15.0,-10.0,8,15.203344735841885,600.0,1126.2,0.5262
WT,WT_07,/root/neurothermo/WT/cc_07.abf,0,0.0,8.0,-30.0,0,0.0,600.0,1126.2,0.5262
WT,WT_07,/root/neurothermo/WT/cc_07.abf,0,0.0,8.0,-20.0,0,0.0,600.0,1126.2,0.5262
WT,WT_07,/root/neurothermo/WT/cc_07.abf,0,0.0,8.0,-10.0,0,0.0,600.0,1126.2,0.5262
WT,WT_07,/root/neurothermo/WT/cc_07.abf,0,0.0,10.0,-30.0,0,0.0,600.0,1126.2,0.5262
WT,WT_07,/root/neurothermo/WT/cc_07.abf,0,0.0,10.0,-20.0,0,0.0,600.0,1126.2,0.5262
WT,WT_07,/root/neurothermo/WT/cc_07.abf,0,0.0,10.0,-10.0,0,0.0,600.0,1126.2,0.5262
WT,WT_07,/root/neurothermo/WT/cc_07.abf,0,0.0,12.0,-30.0,0,0.0,600.0,1126.2,0.5262
WT,WT_07,/root/neurothermo/WT/cc_07.abf,0,0.0,12.0,-20.0,0,0.0,600.0,1126.2,0.5262
WT,WT_07,/root/neurothermo/WT/cc_07.abf,0,0.0,12.0,-10.0,0,0.0,600.0,1126.2,0.5262
WT,WT_07,/root/neurothermo/WT/cc_07.abf,0,0.0,15.0,-30.0,0,0.0,600.0,1126.2,0.5262
WT,WT_07,/root/neurothermo/WT/cc_07.abf,0,0.0,15.0,-20.0,0,0.0,600.0,1126.2,0.5262
WT,WT_07,/root/neurothermo/WT/cc_07.abf,0,0.0,15.0,-10.0,0,0.0,600.0,1126.2,0.5262
WT,WT_07,/root/neurothermo/WT/cc_07.abf,1,50.0,8.0,-30.0,0,0.0,600.0,1126.2,0.5262
WT,WT_07,/root/neurothermo/WT/cc_07.abf,1,50.0,8.0,-20.0,0,0.0,600.0,1126.2,0.5262
WT,WT_07,/root/neurothermo/WT/cc_07.abf,1,50.0,8.0,-10.0,0,0.0,600.0,1126.2,0.5262
WT,WT_07,/root/neurothermo/WT/cc_07.abf,1,50.0,10.0,-30.0,0,0.0,600.0,1126.2,0.5262
WT,WT_07,/root/neurothermo/WT/cc_07.abf,1,50.0,10.0,-20.0,0,0.0,600.0,1126.2,0.5262
WT,WT_07,/root/neurothermo/WT/cc_07.abf,1,50.0,10.0,-10.0,0,0.0,600.0,1126.2,0.5262
WT,WT_07,/root/neurothermo/WT/cc_07.abf,1,50.0,12.0,-30.0,0,0.0,600.0,1126.2,0.5262
WT,WT_07,/root/neurothermo/WT/cc_07.abf,1,50.0,12.0,-20.0,0,0.0,600.0,1126.2,0.5262
WT,WT_07,/root/neurothermo/WT/cc_07.abf,1,50.0,12.0,-10.0,0,0.0,600.0,1126.2,0.5262
WT,WT_07,/root/neurothermo/WT/cc_07.abf,1,50.0,15.0,-30.0,0,0.0,600.0,1126.2,0.5262
WT,WT_07,/root/neurothermo/WT/cc_07.abf,1,50.0,15.0,-20.0,0,0.0,600.0,1126.2,0.5262
WT,WT_07,/root/neurothermo/WT/cc_07.abf,1,50.0,15.0,-10.0,0,0.0,600.0,1126.2,0.5262
WT,WT_07,/root/neurothermo/WT/cc_07.abf,2,100.0,8.0,-30.0,0,0.0,600.0,1126.2,0.5262
WT,WT_07,/root/neurothermo/WT/cc_07.abf,2,100.0,8.0,-20.0,0,0.0,600.0,1126.2,0.5262
WT,WT_07,/root/neurothermo/WT/cc_07.abf,2,100.0,8.0,-10.0,0,0.0,600.0,1126.2,0.5262
WT,WT_07,/root/neurothermo/WT/cc_07.abf,2,100.0,10.0,-30.0,0,0.0,600.0,1126.2,0.5262
WT,WT_07,/root/neurothermo/WT/cc_07.abf,2,100.0,10.0,-20.0,0,0.0,600.0,1126.2,0.5262
WT,WT_07,/root/neurothermo/WT/cc_07.abf,2,100.0,10.0,-10.0,0,0.0,600.0,1126.2,0.5262
WT,WT_07,/root/neurothermo/WT/cc_07.abf,2,100.0,12.0,-30.0,0,0.0,600.0,1126.2,0.5262
WT,WT_07,/root/neurothermo/WT/cc_07.abf,2,100.0,12.0,-20.0,0,0.0,600.0,1126.2,0.5262
WT,WT_07,/root/neurothermo/WT/cc_07.abf,2,100.0,12.0,-10.0,0,0.0,600.0,1126.2,0.5262
WT,WT_07,/root/neurothermo/WT/cc_07.abf,2,100.0,15.0,-30.0,0,0.0,600.0,1126.2,0.5262
WT,WT_07,/root/neurothermo/WT/cc_07.abf,2,100.0,15.0,-20.0,0,0.0,600.0,1126.2,0.5262
WT,WT_07,/root/neurothermo/WT/cc_07.abf,2,100.0,15.0,-10.0,0,0.0,600.0,1126.2,0.5262
WT,WT_07,/root/neurothermo/WT/cc_07.abf,3,150.0,8.0,-30.0,0,0.0,600.0,1126.2,0.5262
WT,WT_07,/root/neurothermo/WT/cc_07.abf,3,150.0,8.0,-20.0,0,0.0,600.0,1126.2,0.5262
WT,WT_07,/root/neurothermo/WT/cc_07.abf,3,150.0,8.0,-10.0,0,0.0,600.0,1126.2,0.5262
WT,WT_07,/root/neurothermo/WT/cc_07.abf,3,150.0,10.0,-30.0,0,0.0,600.0,1126.2,0.5262
WT,WT_07,/root/neurothermo/WT/cc_07.abf,3,150.0,10.0,-20.0,0,0.0,600.0,1126.2,0.5262
WT,WT_07,/root/neurothermo/WT/cc_07.abf,3,150.0,10.0,-10.0,0,0.0,600.0,1126.2,0.5262
WT,WT_07,/root/neurothermo/WT/cc_07.abf,3,150.0,12.0,-30.0,0,0.0,600.0,1126.2,0.5262
WT,WT_07,/root/neurothermo/WT/cc_07.abf,3,150.0,12.0,-20.0,0,0.0,600.0,1126.2,0.5262
WT,WT_07,/root/neurothermo/WT/cc_07.abf,3,150.0,12.0,-10.0,0,0.0,600.0,1126.2,0.5262
WT,WT_07,/root/neurothermo/WT/cc_07.abf,3,150.0,15.0,-30.0,0,0.0,600.0,1126.2,0.5262
WT,WT_07,/root/neurothermo/WT/cc_07.abf,3,150.0,15.0,-20.0,0,0.0,600.0,1126.2,0.5262
WT,WT_07,/root/neurothermo/WT/cc_07.abf,3,150.0,15.0,-10.0,0,0.0,600.0,1126.2,0.5262
WT,WT_07,/root/neurothermo/WT/cc_07.abf,4,200.0,8.0,-30.0,0,0.0,600.0,1126.2,0.5262
WT,WT_07,/root/neurothermo/WT/cc_07.abf,4,200.0,8.0,-20.0,0,0.0,600.0,1126.2,0.5262
WT,WT_07,/root/neurothermo/WT/cc_07.abf,4,200.0,8.0,-10.0,0,0.0,600.0,1126.2,0.5262
WT,WT_07,/root/neurothermo/WT/cc_07.abf,4,200.0,10.0,-30.0,0,0.0,600.0,1126.2,0.5262
WT,WT_07,/root/neurothermo/WT/cc_07.abf,4,200.0,10.0,-20.0,0,0.0,600.0,1126.2,0.5262
WT,WT_07,/root/neurothermo/WT/cc_07.abf,4,200.0,10.0,-10.0,0,0.0,600.0,1126.2,0.5262
WT,WT_07,/root/neurothermo/WT/cc_07.abf,4,200.0,12.0,-30.0,0,0.0,600.0,1126.2,0.5262
WT,WT_07,/root/neurothermo/WT/cc_07.abf,4,200.0,12.0,-20.0,0,0.0,600.0,1126.2,0.5262
WT,WT_07,/root/neurothermo/WT/cc_07.abf,4,200.0,12.0,-10.0,0,0.0,600.0,1126.2,0.5262
WT,WT_07,/root/neurothermo/WT/cc_07.abf,4,200.0,15.0,-30.0,0,0.0,600.0,1126.2,0.5262
WT,WT_07,/root/neurothermo/WT/cc_07.abf,4,200.0,15.0,-20.0,0,0.0,600.0,1126.2,0.5262
WT,WT_07,/root/neurothermo/WT/cc_07.abf,4,200.0,15.0,-10.0,0,0.0,600.0,1126.2,0.5262
WT,WT_07,/root/neurothermo/WT/cc_07.abf,5,250.0,8.0,-30.0,0,0.0,600.0,1126.2,0.5262
WT,WT_07,/root/neurothermo/WT/cc_07.abf,5,250.0,8.0,-20.0,0,0.0,600.0,1126.2,0.5262
WT,WT_07,/root/neurothermo/WT/cc_07.abf,5,250.0,8.0,-10.0,0,0.0,600.0,1126.2,0.5262
WT,WT_07,/root/neurothermo/WT/cc_07.abf,5,250.0,10.0,-30.0,0,0.0,600.0,1126.2,0.5262
WT,WT_07,/root/neurothermo/WT/cc_07.abf,5,250.0,10.0,-20.0,0,0.0,600.0,1126.2,0.5262
WT,WT_07,/root/neurothermo/WT/cc_07.abf,5,250.0,10.0,-10.0,0,0.0,600.0,1126.2,0.5262
WT,WT_07,/root/neurothermo/WT/cc_07.abf,5,250.0,12.0,-30.0,0,0.0,600.0,1126.2,0.5262
WT,WT_07,/root/neurothermo/WT/cc_07.abf,5,250.0,12.0,-20.0,0,0.0,600.0,1126.2,0.5262
WT,WT_07,/root/neurothermo/WT/cc_07.abf,5,250.0,12.0,-10.0,0,0.0,600.0,1126.2,0.5262
WT,WT_07,/root/neurothermo/WT/cc_07.abf,5,250.0,15.0,-30.0,0,0.0,600.0,1126.2,0.5262
WT,WT_07,/root/neurothermo/WT/cc_07.abf,5,250.0,15.0,-20.0,0,0.0,600.0,1126.2,0.5262
WT,WT_07,/root/neurothermo/WT/cc_07.abf,5,250.0,15.0,-10.0,0,0.0,600.0,1126.2,0.5262
WT,WT_07,/root/neurothermo/WT/cc_07.abf,6,300.0,8.0,-30.0,0,0.0,600.0,1126.2,0.5262
WT,WT_07,/root/neurothermo/WT/cc_07.abf,6,300.0,8.0,-20.0,0,0.0,600.0,1126.2,0.5262
WT,WT_07,/root/neurothermo/WT/cc_07.abf,6,300.0,8.0,-10.0,0,0.0,600.0,1126.2,0.5262
WT,WT_07,/root/neurothermo/WT/cc_07.abf,6,300.0,10.0,-30.0,0,0.0,600.0,1126.2,0.5262
WT,WT_07,/root/neurothermo/WT/cc_07.abf,6,300.0,10.0,-20.0,0,0.0,600.0,1126.2,0.5262
WT,WT_07,/root/neurothermo/WT/cc_07.abf,6,300.0,10.0,-10.0,0,0.0,600.0,1126.2,0.5262
WT,WT_07,/root/neurothermo/WT/cc_07.abf,6,300.0,12.0,-30.0,0,0.0,600.0,1126.2,0.5262
WT,WT_07,/root/neurothermo/WT/cc_07.abf,6,300.0,12.0,-20.0,0,0.0,600.0,1126.2,0.5262
WT,WT_07,/root/neurothermo/WT/cc_07.abf,6,300.0,12.0,-10.0,0,0.0,600.0,1126.2,0.5262
WT,WT_07,/root/neurothermo/WT/cc_07.abf,6,300.0,15.0,-30.0,0,0.0,600.0,1126.2,0.5262
WT,WT_07,/root/neurothermo/WT/cc_07.abf,6,300.0,15.0,-20.0,0,0.0,600.0,1126.2,0.5262
WT,WT_07,/root/neurothermo/WT/cc_07.abf,6,300.0,15.0,-10.0,0,0.0,600.0,1126.2,0.5262
WT,WT_07,/root/neurothermo/WT/cc_07.abf,7,350.0,8.0,-30.0,0,0.0,600.0,1126.2,0.5262
WT,WT_07,/root/neurothermo/WT/cc_07.abf,7,350.0,8.0,-20.0,0,0.0,600.0,1126.2,0.5262
WT,WT_07,/root/neurothermo/WT/cc_07.abf,7,350.0,8.0,-10.0,0,0.0,600.0,1126.2,0.5262
WT,WT_07,/root/neurothermo/WT/cc_07.abf,7,350.0,10.0,-30.0,0,0.0,600.0,1126.2,0.5262
WT,WT_07,/root/neurothermo/WT/cc_07.abf,7,350.0,10.0,-20.0,0,0.0,600.0,1126.2,0.5262
WT,WT_07,/root/neurothermo/WT/cc_07.abf,7,350.0,10.0,-10.0,0,0.0,600.0,1126.2,0.5262
WT,WT_07,/root/neurothermo/WT/cc_07.abf,7,350.0,12.0,-30.0,0,0.0,600.0,1126.2,0.5262
WT,WT_07,/root/neurothermo/WT/cc_07.abf,7,350.0,12.0,-20.0,0,0.0,600.0,1126.2,0.5262
WT,WT_07,/root/neurothermo/WT/cc_07.abf,7,350.0,12.0,-10.0,0,0.0,600.0,1126.2,0.5262
WT,WT_07,/root/neurothermo/WT/cc_07.abf,7,350.0,15.0,-30.0,0,0.0,600.0,1126.2,0.5262
WT,WT_07,/root/neurothermo/WT/cc_07.abf,7,350.0,15.0,-20.0,0,0.0,600.0,1126.2,0.5262
WT,WT_07,/root/neurothermo/WT/cc_07.abf,7,350.0,15.0,-10.0,0,0.0,600.0,1126.2,0.5262
WT,WT_07,/root/neurothermo/WT/cc_07.abf,8,400.0,8.0,-30.0,0,0.0,600.0,1126.2,0.5262
WT,WT_07,/root/neurothermo/WT/cc_07.abf,8,400.0,8.0,-20.0,0,0.0,600.0,1126.2,0.5262
WT,WT_07,/root/neurothermo/WT/cc_07.abf,8,400.0,8.0,-10.0,0,0.0,600.0,1126.2,0.5262
WT,WT_07,/root/neurothermo/WT/cc_07.abf,8,400.0,10.0,-30.0,0,0.0,600.0,1126.2,0.5262
WT,WT_07,/root/neurothermo/WT/cc_07.abf,8,400.0,10.0,-20.0,0,0.0,600.0,1126.2,0.5262
WT,WT_07,/root/neurothermo/WT/cc_07.abf,8,400.0,10.0,-10.0,0,0.0,600.0,1126.2,0.5262
WT,WT_07,/root/neurothermo/WT/cc_07.abf,8,400.0,12.0,-30.0,0,0.0,600.0,1126.2,0.5262
WT,WT_07,/root/neurothermo/WT/cc_07.abf,8,400.0,12.0,-20.0,0,0.0,600.0,1126.2,0.5262
WT,WT_07,/root/neurothermo/WT/cc_07.abf,8,400.0,12.0,-10.0,0,0.0,600.0,1126.2,0.5262
WT,WT_07,/root/neurothermo/WT/cc_07.abf,8,400.0,15.0,-30.0,0,0.0,600.0,1126.2,0.5262
WT,WT_07,/root/neurothermo/WT/cc_07.abf,8,400.0,15.0,-20.0,0,0.0,600.0,1126.2,0.5262
WT,WT_07,/root/neurothermo/WT/cc_07.abf,8,400.0,15.0,-10.0,0,0.0,600.0,1126.2,0.5262
WT,WT_07,/root/neurothermo/WT/cc_07.abf,9,450.0,8.0,-30.0,0,0.0,600.0,1126.2,0.5262
WT,WT_07,/root/neurothermo/WT/cc_07.abf,9,450.0,8.0,-20.0,0,0.0,600.0,1126.2,0.5262
WT,WT_07,/root/neurothermo/WT/cc_07.abf,9,450.0,8.0,-10.0,0,0.0,600.0,1126.2,0.5262
WT,WT_07,/root/neurothermo/WT/cc_07.abf,9,450.0,10.0,-30.0,0,0.0,600.0,1126.2,0.5262
WT,WT_07,/root/neurothermo/WT/cc_07.abf,9,450.0,10.0,-20.0,0,0.0,600.0,1126.2,0.5262
WT,WT_07,/root/neurothermo/WT/cc_07.abf,9,450.0,10.0,-10.0,0,0.0,600.0,1126.2,0.5262
WT,WT_07,/root/neurothermo/WT/cc_07.abf,9,450.0,12.0,-30.0,0,0.0,600.0,1126.2,0.5262
WT,WT_07,/root/neurothermo/WT/cc_07.abf,9,450.0,12.0,-20.0,0,0.0,600.0,1126.2,0.5262
WT,WT_07,/root/neurothermo/WT/cc_07.abf,9,450.0,12.0,-10.0,0,0.0,600.0,1126.2,0.5262
WT,WT_07,/root/neurothermo/WT/cc_07.abf,9,450.0,15.0,-30.0,0,0.0,600.0,1126.2,0.5262
WT,WT_07,/root/neurothermo/WT/cc_07.abf,9,450.0,15.0,-20.0,0,0.0,600.0,1126.2,0.5262
WT,WT_07,/root/neurothermo/WT/cc_07.abf,9,450.0,15.0,-10.0,0,0.0,600.0,1126.2,0.5262
WT,WT_07,/root/neurothermo/WT/cc_07.abf,10,500.0,8.0,-30.0,0,0.0,600.0,1126.2,0.5262
WT,WT_07,/root/neurothermo/WT/cc_07.abf,10,500.0,8.0,-20.0,0,0.0,600.0,1126.2,0.5262
WT,WT_07,/root/neurothermo/WT/cc_07.abf,10,500.0,8.0,-10.0,0,0.0,600.0,1126.2,0.5262
WT,WT_07,/root/neurothermo/WT/cc_07.abf,10,500.0,10.0,-30.0,0,0.0,600.0,1126.2,0.5262
WT,WT_07,/root/neurothermo/WT/cc_07.abf,10,500.0,10.0,-20.0,0,0.0,600.0,1126.2,0.5262
WT,WT_07,/root/neurothermo/WT/cc_07.abf,10,500.0,10.0,-10.0,0,0.0,600.0,1126.2,0.5262
WT,WT_07,/root/neurothermo/WT/cc_07.abf,10,500.0,12.0,-30.0,0,0.0,600.0,1126.2,0.5262
WT,WT_07,/root/neurothermo/WT/cc_07.abf,10,500.0,12.0,-20.0,0,0.0,600.0,1126.2,0.5262
WT,WT_07,/root/neurothermo/WT/cc_07.abf,10,500.0,12.0,-10.0,0,0.0,600.0,1126.2,0.5262
WT,WT_07,/root/neurothermo/WT/cc_07.abf,10,500.0,15.0,-30.0,0,0.0,600.0,1126.2,0.5262
WT,WT_07,/root/neurothermo/WT/cc_07.abf,10,500.0,15.0,-20.0,0,0.0,600.0,1126.2,0.5262
WT,WT_07,/root/neurothermo/WT/cc_07.abf,10,500.0,15.0,-10.0,0,0.0,600.0,1126.2,0.5262
WT,WT_07,/root/neurothermo/WT/cc_07.abf,11,550.0,8.0,-30.0,0,0.0,600.0,1126.2,0.5262
WT,WT_07,/root/neurothermo/WT/cc_07.abf,11,550.0,8.0,-20.0,0,0.0,600.0,1126.2,0.5262
WT,WT_07,/root/neurothermo/WT/cc_07.abf,11,550.0,8.0,-10.0,0,0.0,600.0,1126.2,0.5262
WT,WT_07,/root/neurothermo/WT/cc_07.abf,11,550.0,10.0,-30.0,0,0.0,600.0,1126.2,0.5262
WT,WT_07,/root/neurothermo/WT/cc_07.abf,11,550.0,10.0,-20.0,0,0.0,600.0,1126.2,0.5262
WT,WT_07,/root/neurothermo/WT/cc_07.abf,11,550.0,10.0,-10.0,0,0.0,600.0,1126.2,0.5262
WT,WT_07,/root/neurothermo/WT/cc_07.abf,11,550.0,12.0,-30.0,0,0.0,600.0,1126.2,0.5262
WT,WT_07,/root/neurothermo/WT/cc_07.abf,11,550.0,12.0,-20.0,0,0.0,600.0,1126.2,0.5262
WT,WT_07,/root/neurothermo/WT/cc_07.abf,11,550.0,12.0,-10.0,0,0.0,600.0,1126.2,0.5262
WT,WT_07,/root/neurothermo/WT/cc_07.abf,11,550.0,15.0,-30.0,0,0.0,600.0,1126.2,0.5262
WT,WT_07,/root/neurothermo/WT/cc_07.abf,11,550.0,15.0,-20.0,0,0.0,600.0,1126.2,0.5262
WT,WT_07,/root/neurothermo/WT/cc_07.abf,11,550.0,15.0,-10.0,0,0.0,600.0,1126.2,0.5262
WT,WT_07,/root/neurothermo/WT/cc_07.abf,12,600.0,8.0,-30.0,2,3.800836183960471,600.0,1126.2,0.5262
WT,WT_07,/root/neurothermo/WT/cc_07.abf,12,600.0,8.0,-20.0,0,0.0,600.0,1126.2,0.5262
WT,WT_07,/root/neurothermo/WT/cc_07.abf,12,600.0,8.0,-10.0,0,0.0,600.0,1126.2,0.5262
WT,WT_07,/root/neurothermo/WT/cc_07.abf,12,600.0,10.0,-30.0,0,0.0,600.0,1126.2,0.5262
WT,WT_07,/root/neurothermo/WT/cc_07.abf,12,600.0,10.0,-20.0,0,0.0,600.0,1126.2,0.5262
WT,WT_07,/root/neurothermo/WT/cc_07.abf,12,600.0,10.0,-10.0,0,0.0,600.0,1126.2,0.5262
WT,WT_07,/root/neurothermo/WT/cc_07.abf,12,600.0,12.0,-30.0,0,0.0,600.0,1126.2,0.5262
WT,WT_07,/root/neurothermo/WT/cc_07.abf,12,600.0,12.0,-20.0,0,0.0,600.0,1126.2,0.5262
WT,WT_07,/root/neurothermo/WT/cc_07.abf,12,600.0,12.0,-10.0,0,0.0,600.0,1126.2,0.5262
WT,WT_07,/root/neurothermo/WT/cc_07.abf,12,600.0,15.0,-30.0,0,0.0,600.0,1126.2,0.5262
WT,WT_07,/root/neurothermo/WT/cc_07.abf,12,600.0,15.0,-20.0,0,0.0,600.0,1126.2,0.5262
WT,WT_07,/root/neurothermo/WT/cc_07.abf,12,600.0,15.0,-10.0,0,0.0,600.0,1126.2,0.5262
WT,WT_07,/root/neurothermo/WT/cc_07.abf,13,650.0,8.0,-30.0,2,3.800836183960471,600.0,1126.2,0.5262
WT,WT_07,/root/neurothermo/WT/cc_07.abf,13,650.0,8.0,-20.0,0,0.0,600.0,1126.2,0.5262
WT,WT_07,/root/neurothermo/WT/cc_07.abf,13,650.0,8.0,-10.0,0,0.0,600.0,1126.2,0.5262
WT,WT_07,/root/neurothermo/WT/cc_07.abf,13,650.0,10.0,-30.0,2,3.800836183960471,600.0,1126.2,0.5262
WT,WT_07,/root/neurothermo/WT/cc_07.abf,13,650.0,10.0,-20.0,0,0.0,600.0,1126.2,0.5262
WT,WT_07,/root/neurothermo/WT/cc_07.abf,13,650.0,10.0,-10.0,0,0.0,600.0,1126.2,0.5262
WT,WT_07,/root/neurothermo/WT/cc_07.abf,13,650.0,12.0,-30.0,0,0.0,600.0,1126.2,0.5262
WT,WT_07,/root/neurothermo/WT/cc_07.abf,13,650.0,12.0,-20.0,0,0.0,600.0,1126.2,0.5262
WT,WT_07,/root/neurothermo/WT/cc_07.abf,13,650.0,12.0,-10.0,0,0.0,600.0,1126.2,0.5262
WT,WT_07,/root/neurothermo/WT/cc_07.abf,13,650.0,15.0,-30.0,0,0.0,600.0,1126.2,0.5262
WT,WT_07,/root/neurothermo/WT/cc_07.abf,13,650.0,15.0,-20.0,0,0.0,600.0,1126.2,0.5262
WT,WT_07,/root/neurothermo/WT/cc_07.abf,13,650.0,15.0,-10.0,0,0.0,600.0,1126.2,0.5262
WT,WT_07,/root/neurothermo/WT/cc_07.abf,14,700.0,8.0,-30.0,0,0.0,600.0,1126.2,0.5262
WT,WT_07,/root/neurothermo/WT/cc_07.abf,14,700.0,8.0,-20.0,0,0.0,600.0,1126.2,0.5262
WT,WT_07,/root/neurothermo/WT/cc_07.abf,14,700.0,8.0,-10.0,0,0.0,600.0,1126.2,0.5262
WT,WT_07,/root/neurothermo/WT/cc_07.abf,14,700.0,10.0,-30.0,0,0.0,600.0,1126.2,0.5262
WT,WT_07,/root/neurothermo/WT/cc_07.abf,14,700.0,10.0,-20.0,0,0.0,600.0,1126.2,0.5262
WT,WT_07,/root/neurothermo/WT/cc_07.abf,14,700.0,10.0,-10.0,0,0.0,600.0,1126.2,0.5262
WT,WT_07,/root/neurothermo/WT/cc_07.abf,14,700.0,12.0,-30.0,0,0.0,600.0,1126.2,0.5262
WT,WT_07,/root/neurothermo/WT/cc_07.abf,14,700.0,12.0,-20.0,0,0.0,600.0,1126.2,0.5262
WT,WT_07,/root/neurothermo/WT/cc_07.abf,14,700.0,12.0,-10.0,0,0.0,600.0,1126.2,0.5262
WT,WT_07,/root/neurothermo/WT/cc_07.abf,14,700.0,15.0,-30.0,0,0.0,600.0,1126.2,0.5262
WT,WT_07,/root/neurothermo/WT/cc_07.abf,14,700.0,15.0,-20.0,0,0.0,600.0,1126.2,0.5262
WT,WT_07,/root/neurothermo/WT/cc_07.abf,14,700.0,15.0,-10.0,0,0.0,600.0,1126.2,0.5262
WT,WT_07,/root/neurothermo/WT/cc_07.abf,15,750.0,8.0,-30.0,4,7.601672367920942,600.0,1126.2,0.5262
WT,WT_07,/root/neurothermo/WT/cc_07.abf,15,750.0,8.0,-20.0,0,0.0,600.0,1126.2,0.5262
WT,WT_07,/root/neurothermo/WT/cc_07.abf,15,750.0,8.0,-10.0,0,0.0,600.0,1126.2,0.5262
WT,WT_07,/root/neurothermo/WT/cc_07.abf,15,750.0,10.0,-30.0,0,0.0,600.0,1126.2,0.5262
WT,WT_07,/root/neurothermo/WT/cc_07.abf,15,750.0,10.0,-20.0,0,0.0,600.0,1126.2,0.5262
WT,WT_07,/root/neurothermo/WT/cc_07.abf,15,750.0,10.0,-10.0,0,0.0,600.0,1126.2,0.5262
WT,WT_07,/root/neurothermo/WT/cc_07.abf,15,750.0,12.0,-30.0,0,0.0,600.0,1126.2,0.5262
WT,WT_07,/root/neurothermo/WT/cc_07.abf,15,750.0,12.0,-20.0,0,0.0,600.0,1126.2,0.5262
WT,WT_07,/root/neurothermo/WT/cc_07.abf,15,750.0,12.0,-10.0,0,0.0,600.0,1126.2,0.5262
WT,WT_07,/root/neurothermo/WT/cc_07.abf,15,750.0,15.0,-30.0,0,0.0,600.0,1126.2,0.5262
WT,WT_07,/root/neurothermo/WT/cc_07.abf,15,750.0,15.0,-20.0,0,0.0,600.0,1126.2,0.5262
WT,WT_07,/root/neurothermo/WT/cc_07.abf,15,750.0,15.0,-10.0,0,0.0,600.0,1126.2,0.5262
WT,WT_07,/root/neurothermo/WT/cc_07.abf,16,800.0,8.0,-30.0,1,1.9004180919802356,600.0,1126.2,0.5262
WT,WT_07,/root/neurothermo/WT/cc_07.abf,16,800.0,8.0,-20.0,0,0.0,600.0,1126.2,0.5262
WT,WT_07,/root/neurothermo/WT/cc_07.abf,16,800.0,8.0,-10.0,0,0.0,600.0,1126.2,0.5262
WT,WT_07,/root/neurothermo/WT/cc_07.abf,16,800.0,10.0,-30.0,0,0.0,600.0,1126.2,0.5262
WT,WT_07,/root/neurothermo/WT/cc_07.abf,16,800.0,10.0,-20.0,0,0.0,600.0,1126.2,0.5262
WT,WT_07,/root/neurothermo/WT/cc_07.abf,16,800.0,10.0,-10.0,0,0.0,600.0,1126.2,0.5262
WT,WT_07,/root/neurothermo/WT/cc_07.abf,16,800.0,12.0,-30.0,0,0.0,600.0,1126.2,0.5262
WT,WT_07,/root/neurothermo/WT/cc_07.abf,16,800.0,12.0,-20.0,0,0.0,600.0,1126.2,0.5262
WT,WT_07,/root/neurothermo/WT/cc_07.abf,16,800.0,12.0,-10.0,0,0.0,600.0,1126.2,0.5262
WT,WT_07,/root/neurothermo/WT/cc_07.abf,16,800.0,15.0,-30.0,0,0.0,600.0,1126.2,0.5262
WT,WT_07,/root/neurothermo/WT/cc_07.abf,16,800.0,15.0,-20.0,0,0.0,600.0,1126.2,0.5262
WT,WT_07,/root/neurothermo/WT/cc_07.abf,16,800.0,15.0,-10.0,0,0.0,600.0,1126.2,0.5262
WT,WT_07,/root/neurothermo/WT/cc_07.abf,17,850.0,8.0,-30.0,4,7.601672367920942,600.0,1126.2,0.5262
WT,WT_07,/root/neurothermo/WT/cc_07.abf,17,850.0,8.0,-20.0,0,0.0,600.0,1126.2,0.5262
WT,WT_07,/root/neurothermo/WT/cc_07.abf,17,850.0,8.0,-10.0,0,0.0,600.0,1126.2,0.5262
WT,WT_07,/root/neurothermo/WT/cc_07.abf,17,850.0,10.0,-30.0,0,0.0,600.0,1126.2,0.5262
WT,WT_07,/root/neurothermo/WT/cc_07.abf,17,850.0,10.0,-20.0,0,0.0,600.0,1126.2,0.5262
WT,WT_07,/root/neurothermo/WT/cc_07.abf,17,850.0,10.0,-10.0,0,0.0,600.0,1126.2,0.5262
WT,WT_07,/root/neurothermo/WT/cc_07.abf,17,850.0,12.0,-30.0,0,0.0,600.0,1126.2,0.5262
WT,WT_07,/root/neurothermo/WT/cc_07.abf,17,850.0,12.0,-20.0,0,0.0,600.0,1126.2,0.5262
WT,WT_07,/root/neurothermo/WT/cc_07.abf,17,850.0,12.0,-10.0,0,0.0,600.0,1126.2,0.5262
WT,WT_07,/root/neurothermo/WT/cc_07.abf,17,850.0,15.0,-30.0,0,0.0,600.0,1126.2,0.5262
WT,WT_07,/root/neurothermo/WT/cc_07.abf,17,850.0,15.0,-20.0,0,0.0,600.0,1126.2,0.5262
WT,WT_07,/root/neurothermo/WT/cc_07.abf,17,850.0,15.0,-10.0,0,0.0,600.0,1126.2,0.5262
WT,WT_08,/root/neurothermo/WT/cc_08.abf,0,0.0,8.0,-30.0,0,0.0,600.0,1126.2,0.5262
WT,WT_08,/root/neurothermo/WT/cc_08.abf,0,0.0,8.0,-20.0,0,0.0,600.0,1126.2,0.5262
WT,WT_08,/root/neurothermo/WT/cc_08.abf,0,0.0,8.0,-10.0,0,0.0,600.0,1126.2,0.5262
WT,WT_08,/root/neurothermo/WT/cc_08.abf,0,0.0,10.0,-30.0,0,0.0,600.0,1126.2,0.5262
WT,WT_08,/root/neurothermo/WT/cc_08.abf,0,0.0,10.0,-20.0,0,0.0,600.0,1126.2,0.5262
WT,WT_08,/root/neurothermo/WT/cc_08.abf,0,0.0,10.0,-10.0,0,0.0,600.0,1126.2,0.5262
WT,WT_08,/root/neurothermo/WT/cc_08.abf,0,0.0,12.0,-30.0,0,0.0,600.0,1126.2,0.5262
WT,WT_08,/root/neurothermo/WT/cc_08.abf,0,0.0,12.0,-20.0,0,0.0,600.0,1126.2,0.5262
WT,WT_08,/root/neurothermo/WT/cc_08.abf,0,0.0,12.0,-10.0,0,0.0,600.0,1126.2,0.5262
WT,WT_08,/root/neurothermo/WT/cc_08.abf,0,0.0,15.0,-30.0,0,0.0,600.0,1126.2,0.5262
WT,WT_08,/root/neurothermo/WT/cc_08.abf,0,0.0,15.0,-20.0,0,0.0,600.0,1126.2,0.5262
WT,WT_08,/root/neurothermo/WT/cc_08.abf,0,0.0,15.0,-10.0,0,0.0,600.0,1126.2,0.5262
WT,WT_08,/root/neurothermo/WT/cc_08.abf,1,50.0,8.0,-30.0,0,0.0,600.0,1126.2,0.5262
WT,WT_08,/root/neurothermo/WT/cc_08.abf,1,50.0,8.0,-20.0,0,0.0,600.0,1126.2,0.5262
WT,WT_08,/root/neurothermo/WT/cc_08.abf,1,50.0,8.0,-10.0,0,0.0,600.0,1126.2,0.5262
WT,WT_08,/root/neurothermo/WT/cc_08.abf,1,50.0,10.0,-30.0,0,0.0,600.0,1126.2,0.5262
WT,WT_08,/root/neurothermo/WT/cc_08.abf,1,50.0,10.0,-20.0,0,0.0,600.0,1126.2,0.5262
WT,WT_08,/root/neurothermo/WT/cc_08.abf,1,50.0,10.0,-10.0,0,0.0,600.0,1126.2,0.5262
WT,WT_08,/root/neurothermo/WT/cc_08.abf,1,50.0,12.0,-30.0,0,0.0,600.0,1126.2,0.5262
WT,WT_08,/root/neurothermo/WT/cc_08.abf,1,50.0,12.0,-20.0,0,0.0,600.0,1126.2,0.5262
WT,WT_08,/root/neurothermo/WT/cc_08.abf,1,50.0,12.0,-10.0,0,0.0,600.0,1126.2,0.5262
WT,WT_08,/root/neurothermo/WT/cc_08.abf,1,50.0,15.0,-30.0,0,0.0,600.0,1126.2,0.5262
WT,WT_08,/root/neurothermo/WT/cc_08.abf,1,50.0,15.0,-20.0,0,0.0,600.0,1126.2,0.5262
WT,WT_08,/root/neurothermo/WT/cc_08.abf,1,50.0,15.0,-10.0,0,0.0,600.0,1126.2,0.5262
WT,WT_08,/root/neurothermo/WT/cc_08.abf,2,100.0,8.0,-30.0,0,0.0,600.0,1126.2,0.5262
WT,WT_08,/root/neurothermo/WT/cc_08.abf,2,100.0,8.0,-20.0,0,0.0,600.0,1126.2,0.5262
WT,WT_08,/root/neurothermo/WT/cc_08.abf,2,100.0,8.0,-10.0,0,0.0,600.0,1126.2,0.5262
WT,WT_08,/root/neurothermo/WT/cc_08.abf,2,100.0,10.0,-30.0,0,0.0,600.0,1126.2,0.5262
WT,WT_08,/root/neurothermo/WT/cc_08.abf,2,100.0,10.0,-20.0,0,0.0,600.0,1126.2,0.5262
WT,WT_08,/root/neurothermo/WT/cc_08.abf,2,100.0,10.0,-10.0,0,0.0,600.0,1126.2,0.5262
WT,WT_08,/root/neurothermo/WT/cc_08.abf,2,100.0,12.0,-30.0,0,0.0,600.0,1126.2,0.5262
WT,WT_08,/root/neurothermo/WT/cc_08.abf,2,100.0,12.0,-20.0,0,0.0,600.0,1126.2,0.5262
WT,WT_08,/root/neurothermo/WT/cc_08.abf,2,100.0,12.0,-10.0,0,0.0,600.0,1126.2,0.5262
WT,WT_08,/root/neurothermo/WT/cc_08.abf,2,100.0,15.0,-30.0,0,0.0,600.0,1126.2,0.5262
WT,WT_08,/root/neurothermo/WT/cc_08.abf,2,100.0,15.0,-20.0,0,0.0,600.0,1126.2,0.5262
WT,WT_08,/root/neurothermo/WT/cc_08.abf,2,100.0,15.0,-10.0,0,0.0,600.0,1126.2,0.5262
WT,WT_08,/root/neurothermo/WT/cc_08.abf,3,150.0,8.0,-30.0,0,0.0,600.0,1126.2,0.5262
WT,WT_08,/root/neurothermo/WT/cc_08.abf,3,150.0,8.0,-20.0,0,0.0,600.0,1126.2,0.5262
WT,WT_08,/root/neurothermo/WT/cc_08.abf,3,150.0,8.0,-10.0,0,0.0,600.0,1126.2,0.5262
WT,WT_08,/root/neurothermo/WT/cc_08.abf,3,150.0,10.0,-30.0,0,0.0,600.0,1126.2,0.5262
WT,WT_08,/root/neurothermo/WT/cc_08.abf,3,150.0,10.0,-20.0,0,0.0,600.0,1126.2,0.5262
WT,WT_08,/root/neurothermo/WT/cc_08.abf,3,150.0,10.0,-10.0,0,0.0,600.0,1126.2,0.5262
WT,WT_08,/root/neurothermo/WT/cc_08.abf,3,150.0,12.0,-30.0,0,0.0,600.0,1126.2,0.5262
WT,WT_08,/root/neurothermo/WT/cc_08.abf,3,150.0,12.0,-20.0,0,0.0,600.0,1126.2,0.5262
WT,WT_08,/root/neurothermo/WT/cc_08.abf,3,150.0,12.0,-10.0,0,0.0,600.0,1126.2,0.5262
WT,WT_08,/root/neurothermo/WT/cc_08.abf,3,150.0,15.0,-30.0,0,0.0,600.0,1126.2,0.5262
WT,WT_08,/root/neurothermo/WT/cc_08.abf,3,150.0,15.0,-20.0,0,0.0,600.0,1126.2,0.5262
WT,WT_08,/root/neurothermo/WT/cc_08.abf,3,150.0,15.0,-10.0,0,0.0,600.0,1126.2,0.5262
WT,WT_08,/root/neurothermo/WT/cc_08.abf,4,200.0,8.0,-30.0,0,0.0,600.0,1126.2,0.5262
WT,WT_08,/root/neurothermo/WT/cc_08.abf,4,200.0,8.0,-20.0,0,0.0,600.0,1126.2,0.5262
WT,WT_08,/root/neurothermo/WT/cc_08.abf,4,200.0,8.0,-10.0,0,0.0,600.0,1126.2,0.5262
WT,WT_08,/root/neurothermo/WT/cc_08.abf,4,200.0,10.0,-30.0,0,0.0,600.0,1126.2,0.5262
WT,WT_08,/root/neurothermo/WT/cc_08.abf,4,200.0,10.0,-20.0,0,0.0,600.0,1126.2,0.5262
WT,WT_08,/root/neurothermo/WT/cc_08.abf,4,200.0,10.0,-10.0,0,0.0,600.0,1126.2,0.5262
WT,WT_08,/root/neurothermo/WT/cc_08.abf,4,200.0,12.0,-30.0,0,0.0,600.0,1126.2,0.5262
WT,WT_08,/root/neurothermo/WT/cc_08.abf,4,200.0,12.0,-20.0,0,0.0,600.0,1126.2,0.5262
WT,WT_08,/root/neurothermo/WT/cc_08.abf,4,200.0,12.0,-10.0,0,0.0,600.0,1126.2,0.5262
WT,WT_08,/root/neurothermo/WT/cc_08.abf,4,200.0,15.0,-30.0,0,0.0,600.0,1126.2,0.5262
WT,WT_08,/root/neurothermo/WT/cc_08.abf,4,200.0,15.0,-20.0,0,0.0,600.0,1126.2,0.5262
WT,WT_08,/root/neurothermo/WT/cc_08.abf,4,200.0,15.0,-10.0,0,0.0,600.0,1126.2,0.5262
WT,WT_08,/root/neurothermo/WT/cc_08.abf,5,250.0,8.0,-30.0,0,0.0,600.0,1126.2,0.5262
WT,WT_08,/root/neurothermo/WT/cc_08.abf,5,250.0,8.0,-20.0,0,0.0,600.0,1126.2,0.5262
WT,WT_08,/root/neurothermo/WT/cc_08.abf,5,250.0,8.0,-10.0,0,0.0,600.0,1126.2,0.5262
WT,WT_08,/root/neurothermo/WT/cc_08.abf,5,250.0,10.0,-30.0,0,0.0,600.0,1126.2,0.5262
WT,WT_08,/root/neurothermo/WT/cc_08.abf,5,250.0,10.0,-20.0,0,0.0,600.0,1126.2,0.5262
WT,WT_08,/root/neurothermo/WT/cc_08.abf,5,250.0,10.0,-10.0,0,0.0,600.0,1126.2,0.5262
WT,WT_08,/root/neurothermo/WT/cc_08.abf,5,250.0,12.0,-30.0,0,0.0,600.0,1126.2,0.5262
WT,WT_08,/root/neurothermo/WT/cc_08.abf,5,250.0,12.0,-20.0,0,0.0,600.0,1126.2,0.5262
WT,WT_08,/root/neurothermo/WT/cc_08.abf,5,250.0,12.0,-10.0,0,0.0,600.0,1126.2,0.5262
WT,WT_08,/root/neurothermo/WT/cc_08.abf,5,250.0,15.0,-30.0,0,0.0,600.0,1126.2,0.5262
WT,WT_08,/root/neurothermo/WT/cc_08.abf,5,250.0,15.0,-20.0,0,0.0,600.0,1126.2,0.5262
WT,WT_08,/root/neurothermo/WT/cc_08.abf,5,250.0,15.0,-10.0,0,0.0,600.0,1126.2,0.5262
WT,WT_08,/root/neurothermo/WT/cc_08.abf,6,300.0,8.0,-30.0,16,30.40668947168377,600.0,1126.2,0.5262
WT,WT_08,/root/neurothermo/WT/cc_08.abf,6,300.0,8.0,-20.0,16,30.40668947168377,600.0,1126.2,0.5262
WT,WT_08,/root/neurothermo/WT/cc_08.abf,6,300.0,8.0,-10.0,16,30.40668947168377,600.0,1126.2,0.5262
WT,WT_08,/root/neurothermo/WT/cc_08.abf,6,300.0,10.0,-30.0,16,30.40668947168377,600.0,1126.2,0.5262
WT,WT_08,/root/neurothermo/WT/cc_08.abf,6,300.0,10.0,-20.0,16,30.40668947168377,600.0,1126.2,0.5262
WT,WT_08,/root/neurothermo/WT/cc_08.abf,6,300.0,10.0,-10.0,16,30.40668947168377,600.0,1126.2,0.5262
WT,WT_08,/root/neurothermo/WT/cc_08.abf,6,300.0,12.0,-30.0,16,30.40668947168377,600.0,1126.2,0.5262
WT,WT_08,/root/neurothermo/WT/cc_08.abf,6,300.0,12.0,-20.0,16,30.40668947168377,600.0,1126.2,0.5262
WT,WT_08,/root/neurothermo/WT/cc_08.abf,6,300.0,12.0,-10.0,16,30.40668947168377,600.0,1126.2,0.5262
WT,WT_08,/root/neurothermo/WT/cc_08.abf,6,300.0,15.0,-30.0,16,30.40668947168377,600.0,1126.2,0.5262
WT,WT_08,/root/neurothermo/WT/cc_08.abf,6,300.0,15.0,-20.0,16,30.40668947168377,600.0,1126.2,0.5262
WT,WT_08,/root/neurothermo/WT/cc_08.abf,6,300.0,15.0,-10.0,16,30.40668947168377,600.0,1126.2,0.5262
WT,WT_08,/root/neurothermo/WT/cc_08.abf,7,350.0,8.0,-30.0,39,74.11630558722919,600.0,1126.2,0.5262
WT,WT_08,/root/neurothermo/WT/cc_08.abf,7,350.0,8.0,-20.0,39,74.11630558722919,600.0,1126.2,0.5262
WT,WT_08,/root/neurothermo/WT/cc_08.abf,7,350.0,8.0,-10.0,39,74.11630558722919,600.0,1126.2,0.5262
WT,WT_08,/root/neurothermo/WT/cc_08.abf,7,350.0,10.0,-30.0,39,74.11630558722919,600.0,1126.2,0.5262
WT,WT_08,/root/neurothermo/WT/cc_08.abf,7,350.0,10.0,-20.0,39,74.11630558722919,600.0,1126.2,0.5262
WT,WT_08,/root/neurothermo/WT/cc_08.abf,7,350.0,10.0,-10.0,39,74.11630558722919,600.0,1126.2,0.5262
WT,WT_08,/root/neurothermo/WT/cc_08.abf,7,350.0,12.0,-30.0,39,74.11630558722919,600.0,1126.2,0.5262
WT,WT_08,/root/neurothermo/WT/cc_08.abf,7,350.0,12.0,-20.0,39,74.11630558722919,600.0,1126.2,0.5262
WT,WT_08,/root/neurothermo/WT/cc_08.abf,7,350.0,12.0,-10.0,39,74.11630558722919,600.0,1126.2,0.5262
WT,WT_08,/root/neurothermo/WT/cc_08.abf,7,350.0,15.0,-30.0,39,74.11630558722919,600.0,1126.2,0.5262
WT,WT_08,/root/neurothermo/WT/cc_08.abf,7,350.0,15.0,-20.0,39,74.11630558722919,600.0,1126.2,0.5262
WT,WT_08,/root/neurothermo/WT/cc_08.abf,7,350.0,15.0,-10.0,39,74.11630558722919,600.0,1126.2,0.5262
WT,WT_08,/root/neurothermo/WT/cc_08.abf,8,400.0,8.0,-30.0,2,3.800836183960471,600.0,1126.2,0.5262
WT,WT_08,/root/neurothermo/WT/cc_08.abf,8,400.0,8.0,-20.0,1,1.9004180919802356,600.0,1126.2,0.5262
WT,WT_08,/root/neurothermo/WT/cc_08.abf,8,400.0,8.0,-10.0,0,0.0,600.0,1126.2,0.5262
WT,WT_08,/root/neurothermo/WT/cc_08.abf,8,400.0,10.0,-30.0,1,1.9004180919802356,600.0,1126.2,0.5262
WT,WT_08,/root/neurothermo/WT/cc_08.abf,8,400.0,10.0,-20.0,1,1.9004180919802356,600.0,1126.2,0.5262
WT,WT_08,/root/neurothermo/WT/cc_08.abf,8,400.0,10.0,-10.0,0,0.0,600.0,1126.2,0.5262
WT,WT_08,/root/neurothermo/WT/cc_08.abf,8,400.0,12.0,-30.0,1,1.9004180919802356,600.0,1126.2,0.5262
WT,WT_08,/root/neurothermo/WT/cc_08.abf,8,400.0,12.0,-20.0,1,1.9004180919802356,600.0,1126.2,0.5262
WT,WT_08,/root/neurothermo/WT/cc_08.abf,8,400.0,12.0,-10.0,0,0.0,600.0,1126.2,0.5262
WT,WT_08,/root/neurothermo/WT/cc_08.abf,8,400.0,15.0,-30.0,1,1.9004180919802356,600.0,1126.2,0.5262
WT,WT_08,/root/neurothermo/WT/cc_08.abf,8,400.0,15.0,-20.0,1,1.9004180919802356,600.0,1126.2,0.5262
WT,WT_08,/root/neurothermo/WT/cc_08.abf,8,400.0,15.0,-10.0,0,0.0,600.0,1126.2,0.5262
WT,WT_08,/root/neurothermo/WT/cc_08.abf,9,450.0,8.0,-30.0,0,0.0,600.0,1126.2,0.5262
WT,WT_08,/root/neurothermo/WT/cc_08.abf,9,450.0,8.0,-20.0,0,0.0,600.0,1126.2,0.5262
WT,WT_08,/root/neurothermo/WT/cc_08.abf,9,450.0,8.0,-10.0,0,0.0,600.0,1126.2,0.5262
WT,WT_08,/root/neurothermo/WT/cc_08.abf,9,450.0,10.0,-30.0,0,0.0,600.0,1126.2,0.5262
WT,WT_08,/root/neurothermo/WT/cc_08.abf,9,450.0,10.0,-20.0,0,0.0,600.0,1126.2,0.5262
WT,WT_08,/root/neurothermo/WT/cc_08.abf,9,450.0,10.0,-10.0,0,0.0,600.0,1126.2,0.5262
WT,WT_08,/root/neurothermo/WT/cc_08.abf,9,450.0,12.0,-30.0,0,0.0,600.0,1126.2,0.5262
WT,WT_08,/root/neurothermo/WT/cc_08.abf,9,450.0,12.0,-20.0,0,0.0,600.0,1126.2,0.5262
WT,WT_08,/root/neurothermo/WT/cc_08.abf,9,450.0,12.0,-10.0,0,0.0,600.0,1126.2,0.5262
WT,WT_08,/root/neurothermo/WT/cc_08.abf,9,450.0,15.0,-30.0,0,0.0,600.0,1126.2,0.5262
WT,WT_08,/root/neurothermo/WT/cc_08.abf,9,450.0,15.0,-20.0,0,0.0,600.0,1126.2,0.5262
WT,WT_08,/root/neurothermo/WT/cc_08.abf,9,450.0,15.0,-10.0,0,0.0,600.0,1126.2,0.5262
WT,WT_08,/root/neurothermo/WT/cc_08.abf,10,500.0,8.0,-30.0,0,0.0,600.0,1126.2,0.5262
WT,WT_08,/root/neurothermo/WT/cc_08.abf,10,500.0,8.0,-20.0,0,0.0,600.0,1126.2,0.5262
WT,WT_08,/root/neurothermo/WT/cc_08.abf,10,500.0,8.0,-10.0,0,0.0,600.0,1126.2,0.5262
WT,WT_08,/root/neurothermo/WT/cc_08.abf,10,500.0,10.0,-30.0,0,0.0,600.0,1126.2,0.5262
WT,WT_08,/root/neurothermo/WT/cc_08.abf,10,500.0,10.0,-20.0,0,0.0,600.0,1126.2,0.5262
WT,WT_08,/root/neurothermo/WT/cc_08.abf,10,500.0,10.0,-10.0,0,0.0,600.0,1126.2,0.5262
WT,WT_08,/root/neurothermo/WT/cc_08.abf,10,500.0,12.0,-30.0,0,0.0,600.0,1126.2,0.5262
WT,WT_08,/root/neurothermo/WT/cc_08.abf,10,500.0,12.0,-20.0,0,0.0,600.0,1126.2,0.5262
WT,WT_08,/root/neurothermo/WT/cc_08.abf,10,500.0,12.0,-10.0,0,0.0,600.0,1126.2,0.5262
WT,WT_08,/root/neurothermo/WT/cc_08.abf,10,500.0,15.0,-30.0,0,0.0,600.0,1126.2,0.5262
WT,WT_08,/root/neurothermo/WT/cc_08.abf,10,500.0,15.0,-20.0,0,0.0,600.0,1126.2,0.5262
WT,WT_08,/root/neurothermo/WT/cc_08.abf,10,500.0,15.0,-10.0,0,0.0,600.0,1126.2,0.5262
WT,WT_08,/root/neurothermo/WT/cc_08.abf,11,550.0,8.0,-30.0,1,1.9004180919802356,600.0,1126.2,0.5262
WT,WT_08,/root/neurothermo/WT/cc_08.abf,11,550.0,8.0,-20.0,0,0.0,600.0,1126.2,0.5262
WT,WT_08,/root/neurothermo/WT/cc_08.abf,11,550.0,8.0,-10.0,0,0.0,600.0,1126.2,0.5262
WT,WT_08,/root/neurothermo/WT/cc_08.abf,11,550.0,10.0,-30.0,0,0.0,600.0,1126.2,0.5262
WT,WT_08,/root/neurothermo/WT/cc_08.abf,11,550.0,10.0,-20.0,0,0.0,600.0,1126.2,0.5262
WT,WT_08,/root/neurothermo/WT/cc_08.abf,11,550.0,10.0,-10.0,0,0.0,600.0,1126.2,0.5262
WT,WT_08,/root/neurothermo/WT/cc_08.abf,11,550.0,12.0,-30.0,0,0.0,600.0,1126.2,0.5262
WT,WT_08,/root/neurothermo/WT/cc_08.abf,11,550.0,12.0,-20.0,0,0.0,600.0,1126.2,0.5262
WT,WT_08,/root/neurothermo/WT/cc_08.abf,11,550.0,12.0,-10.0,0,0.0,600.0,1126.2,0.5262
WT,WT_08,/root/neurothermo/WT/cc_08.abf,11,550.0,15.0,-30.0,0,0.0,600.0,1126.2,0.5262
WT,WT_08,/root/neurothermo/WT/cc_08.abf,11,550.0,15.0,-20.0,0,0.0,600.0,1126.2,0.5262
WT,WT_08,/root/neurothermo/WT/cc_08.abf,11,550.0,15.0,-10.0,0,0.0,600.0,1126.2,0.5262
WT,WT_08,/root/neurothermo/WT/cc_08.abf,12,600.0,8.0,-30.0,1,1.9004180919802356,600.0,1126.2,0.5262
WT,WT_08,/root/neurothermo/WT/cc_08.abf,12,600.0,8.0,-20.0,0,0.0,600.0,1126.2,0.5262
WT,WT_08,/root/neurothermo/WT/cc_08.abf,12,600.0,8.0,-10.0,0,0.0,600.0,1126.2,0.5262
WT,WT_08,/root/neurothermo/WT/cc_08.abf,12,600.0,10.0,-30.0,0,0.0,600.0,1126.2,0.5262
WT,WT_08,/root/neurothermo/WT/cc_08.abf,12,600.0,10.0,-20.0,0,0.0,600.0,1126.2,0.5262
WT,WT_08,/root/neurothermo/WT/cc_08.abf,12,600.0,10.0,-10.0,0,0.0,600.0,1126.2,0.5262
WT,WT_08,/root/neurothermo/WT/cc_08.abf,12,600.0,12.0,-30.0,0,0.0,600.0,1126.2,0.5262
WT,WT_08,/root/neurothermo/WT/cc_08.abf,12,600.0,12.0,-20.0,0,0.0,600.0,1126.2,0.5262
WT,WT_08,/root/neurothermo/WT/cc_08.abf,12,600.0,12.0,-10.0,0,0.0,600.0,1126.2,0.5262
WT,WT_08,/root/neurothermo/WT/cc_08.abf,12,600.0,15.0,-30.0,0,0.0,600.0,1126.2,0.5262
WT,WT_08,/root/neurothermo/WT/cc_08.abf,12,600.0,15.0,-20.0,0,0.0,600.0,1126.2,0.5262
WT,WT_08,/root/neurothermo/WT/cc_08.abf,12,600.0,15.0,-10.0,0,0.0,600.0,1126.2,0.5262
WT,WT_09,/root/neurothermo/WT/cc_09.abf,0,0.0,8.0,-30.0,0,0.0,600.0,1126.2,0.5262
WT,WT_09,/root/neurothermo/WT/cc_09.abf,0,0.0,8.0,-20.0,0,0.0,600.0,1126.2,0.5262
WT,WT_09,/root/neurothermo/WT/cc_09.abf,0,0.0,8.0,-10.0,0,0.0,600.0,1126.2,0.5262
WT,WT_09,/root/neurothermo/WT/cc_09.abf,0,0.0,10.0,-30.0,0,0.0,600.0,1126.2,0.5262
WT,WT_09,/root/neurothermo/WT/cc_09.abf,0,0.0,10.0,-20.0,0,0.0,600.0,1126.2,0.5262
WT,WT_09,/root/neurothermo/WT/cc_09.abf,0,0.0,10.0,-10.0,0,0.0,600.0,1126.2,0.5262
WT,WT_09,/root/neurothermo/WT/cc_09.abf,0,0.0,12.0,-30.0,0,0.0,600.0,1126.2,0.5262
WT,WT_09,/root/neurothermo/WT/cc_09.abf,0,0.0,12.0,-20.0,0,0.0,600.0,1126.2,0.5262
WT,WT_09,/root/neurothermo/WT/cc_09.abf,0,0.0,12.0,-10.0,0,0.0,600.0,1126.2,0.5262
WT,WT_09,/root/neurothermo/WT/cc_09.abf,0,0.0,15.0,-30.0,0,0.0,600.0,1126.2,0.5262
WT,WT_09,/root/neurothermo/WT/cc_09.abf,0,0.0,15.0,-20.0,0,0.0,600.0,1126.2,0.5262
WT,WT_09,/root/neurothermo/WT/cc_09.abf,0,0.0,15.0,-10.0,0,0.0,600.0,1126.2,0.5262
WT,WT_09,/root/neurothermo/WT/cc_09.abf,1,50.0,8.0,-30.0,0,0.0,600.0,1126.2,0.5262
WT,WT_09,/root/neurothermo/WT/cc_09.abf,1,50.0,8.0,-20.0,0,0.0,600.0,1126.2,0.5262
WT,WT_09,/root/neurothermo/WT/cc_09.abf,1,50.0,8.0,-10.0,0,0.0,600.0,1126.2,0.5262
WT,WT_09,/root/neurothermo/WT/cc_09.abf,1,50.0,10.0,-30.0,0,0.0,600.0,1126.2,0.5262
WT,WT_09,/root/neurothermo/WT/cc_09.abf,1,50.0,10.0,-20.0,0,0.0,600.0,1126.2,0.5262
WT,WT_09,/root/neurothermo/WT/cc_09.abf,1,50.0,10.0,-10.0,0,0.0,600.0,1126.2,0.5262
WT,WT_09,/root/neurothermo/WT/cc_09.abf,1,50.0,12.0,-30.0,0,0.0,600.0,1126.2,0.5262
WT,WT_09,/root/neurothermo/WT/cc_09.abf,1,50.0,12.0,-20.0,0,0.0,600.0,1126.2,0.5262
WT,WT_09,/root/neurothermo/WT/cc_09.abf,1,50.0,12.0,-10.0,0,0.0,600.0,1126.2,0.5262
WT,WT_09,/root/neurothermo/WT/cc_09.abf,1,50.0,15.0,-30.0,0,0.0,600.0,1126.2,0.5262
WT,WT_09,/root/neurothermo/WT/cc_09.abf,1,50.0,15.0,-20.0,0,0.0,600.0,1126.2,0.5262
WT,WT_09,/root/neurothermo/WT/cc_09.abf,1,50.0,15.0,-10.0,0,0.0,600.0,1126.2,0.5262
WT,WT_09,/root/neurothermo/WT/cc_09.abf,2,100.0,8.0,-30.0,0,0.0,600.0,1126.2,0.5262
WT,WT_09,/root/neurothermo/WT/cc_09.abf,2,100.0,8.0,-20.0,0,0.0,600.0,1126.2,0.5262
WT,WT_09,/root/neurothermo/WT/cc_09.abf,2,100.0,8.0,-10.0,0,0.0,600.0,1126.2,0.5262
WT,WT_09,/root/neurothermo/WT/cc_09.abf,2,100.0,10.0,-30.0,0,0.0,600.0,1126.2,0.5262
WT,WT_09,/root/neurothermo/WT/cc_09.abf,2,100.0,10.0,-20.0,0,0.0,600.0,1126.2,0.5262
WT,WT_09,/root/neurothermo/WT/cc_09.abf,2,100.0,10.0,-10.0,0,0.0,600.0,1126.2,0.5262
WT,WT_09,/root/neurothermo/WT/cc_09.abf,2,100.0,12.0,-30.0,0,0.0,600.0,1126.2,0.5262
WT,WT_09,/root/neurothermo/WT/cc_09.abf,2,100.0,12.0,-20.0,0,0.0,600.0,1126.2,0.5262
WT,WT_09,/root/neurothermo/WT/cc_09.abf,2,100.0,12.0,-10.0,0,0.0,600.0,1126.2,0.5262
WT,WT_09,/root/neurothermo/WT/cc_09.abf,2,100.0,15.0,-30.0,0,0.0,600.0,1126.2,0.5262
WT,WT_09,/root/neurothermo/WT/cc_09.abf,2,100.0,15.0,-20.0,0,0.0,600.0,1126.2,0.5262
WT,WT_09,/root/neurothermo/WT/cc_09.abf,2,100.0,15.0,-10.0,0,0.0,600.0,1126.2,0.5262
WT,WT_09,/root/neurothermo/WT/cc_09.abf,3,150.0,8.0,-30.0,0,0.0,600.0,1126.2,0.5262
WT,WT_09,/root/neurothermo/WT/cc_09.abf,3,150.0,8.0,-20.0,0,0.0,600.0,1126.2,0.5262
WT,WT_09,/root/neurothermo/WT/cc_09.abf,3,150.0,8.0,-10.0,0,0.0,600.0,1126.2,0.5262
WT,WT_09,/root/neurothermo/WT/cc_09.abf,3,150.0,10.0,-30.0,0,0.0,600.0,1126.2,0.5262
WT,WT_09,/root/neurothermo/WT/cc_09.abf,3,150.0,10.0,-20.0,0,0.0,600.0,1126.2,0.5262
WT,WT_09,/root/neurothermo/WT/cc_09.abf,3,150.0,10.0,-10.0,0,0.0,600.0,1126.2,0.5262
WT,WT_09,/root/neurothermo/WT/cc_09.abf,3,150.0,12.0,-30.0,0,0.0,600.0,1126.2,0.5262
WT,WT_09,/root/neurothermo/WT/cc_09.abf,3,150.0,12.0,-20.0,0,0.0,600.0,1126.2,0.5262
WT,WT_09,/root/neurothermo/WT/cc_09.abf,3,150.0,12.0,-10.0,0,0.0,600.0,1126.2,0.5262
WT,WT_09,/root/neurothermo/WT/cc_09.abf,3,150.0,15.0,-30.0,0,0.0,600.0,1126.2,0.5262
WT,WT_09,/root/neurothermo/WT/cc_09.abf,3,150.0,15.0,-20.0,0,0.0,600.0,1126.2,0.5262
WT,WT_09,/root/neurothermo/WT/cc_09.abf,3,150.0,15.0,-10.0,0,0.0,600.0,1126.2,0.5262
WT,WT_09,/root/neurothermo/WT/cc_09.abf,4,200.0,8.0,-30.0,0,0.0,600.0,1126.2,0.5262
WT,WT_09,/root/neurothermo/WT/cc_09.abf,4,200.0,8.0,-20.0,0,0.0,600.0,1126.2,0.5262
WT,WT_09,/root/neurothermo/WT/cc_09.abf,4,200.0,8.0,-10.0,0,0.0,600.0,1126.2,0.5262
WT,WT_09,/root/neurothermo/WT/cc_09.abf,4,200.0,10.0,-30.0,0,0.0,600.0,1126.2,0.5262
WT,WT_09,/root/neurothermo/WT/cc_09.abf,4,200.0,10.0,-20.0,0,0.0,600.0,1126.2,0.5262
WT,WT_09,/root/neurothermo/WT/cc_09.abf,4,200.0,10.0,-10.0,0,0.0,600.0,1126.2,0.5262
WT,WT_09,/root/neurothermo/WT/cc_09.abf,4,200.0,12.0,-30.0,0,0.0,600.0,1126.2,0.5262
WT,WT_09,/root/neurothermo/WT/cc_09.abf,4,200.0,12.0,-20.0,0,0.0,600.0,1126.2,0.5262
WT,WT_09,/root/neurothermo/WT/cc_09.abf,4,200.0,12.0,-10.0,0,0.0,600.0,1126.2,0.5262
WT,WT_09,/root/neurothermo/WT/cc_09.abf,4,200.0,15.0,-30.0,0,0.0,600.0,1126.2,0.5262
WT,WT_09,/root/neurothermo/WT/cc_09.abf,4,200.0,15.0,-20.0,0,0.0,600.0,1126.2,0.5262
WT,WT_09,/root/neurothermo/WT/cc_09.abf,4,200.0,15.0,-10.0,0,0.0,600.0,1126.2,0.5262
WT,WT_09,/root/neurothermo/WT/cc_09.abf,5,250.0,8.0,-30.0,0,0.0,600.0,1126.2,0.5262
WT,WT_09,/root/neurothermo/WT/cc_09.abf,5,250.0,8.0,-20.0,0,0.0,600.0,1126.2,0.5262
WT,WT_09,/root/neurothermo/WT/cc_09.abf,5,250.0,8.0,-10.0,0,0.0,600.0,1126.2,0.5262
WT,WT_09,/root/neurothermo/WT/cc_09.abf,5,250.0,10.0,-30.0,0,0.0,600.0,1126.2,0.5262
WT,WT_09,/root/neurothermo/WT/cc_09.abf,5,250.0,10.0,-20.0,0,0.0,600.0,1126.2,0.5262
WT,WT_09,/root/neurothermo/WT/cc_09.abf,5,250.0,10.0,-10.0,0,0.0,600.0,1126.2,0.5262
WT,WT_09,/root/neurothermo/WT/cc_09.abf,5,250.0,12.0,-30.0,0,0.0,600.0,1126.2,0.5262
WT,WT_09,/root/neurothermo/WT/cc_09.abf,5,250.0,12.0,-20.0,0,0.0,600.0,1126.2,0.5262
WT,WT_09,/root/neurothermo/WT/cc_09.abf,5,250.0,12.0,-10.0,0,0.0,600.0,1126.2,0.5262
WT,WT_09,/root/neurothermo/WT/cc_09.abf,5,250.0,15.0,-30.0,0,0.0,600.0,1126.2,0.5262
WT,WT_09,/root/neurothermo/WT/cc_09.abf,5,250.0,15.0,-20.0,0,0.0,600.0,1126.2,0.5262
WT,WT_09,/root/neurothermo/WT/cc_09.abf,5,250.0,15.0,-10.0,0,0.0,600.0,1126.2,0.5262
WT,WT_09,/root/neurothermo/WT/cc_09.abf,6,300.0,8.0,-30.0,1,1.9004180919802356,600.0,1126.2,0.5262
WT,WT_09,/root/neurothermo/WT/cc_09.abf,6,300.0,8.0,-20.0,1,1.9004180919802356,600.0,1126.2,0.5262
WT,WT_09,/root/neurothermo/WT/cc_09.abf,6,300.0,8.0,-10.0,0,0.0,600.0,1126.2,0.5262
WT,WT_09,/root/neurothermo/WT/cc_09.abf,6,300.0,10.0,-30.0,1,1.9004180919802356,600.0,1126.2,0.5262
WT,WT_09,/root/neurothermo/WT/cc_09.abf,6,300.0,10.0,-20.0,1,1.9004180919802356,600.0,1126.2,0.5262
WT,WT_09,/root/neurothermo/WT/cc_09.abf,6,300.0,10.0,-10.0,0,0.0,600.0,1126.2,0.5262
WT,WT_09,/root/neurothermo/WT/cc_09.abf,6,300.0,12.0,-30.0,1,1.9004180919802356,600.0,1126.2,0.5262
WT,WT_09,/root/neurothermo/WT/cc_09.abf,6,300.0,12.0,-20.0,1,1.9004180919802356,600.0,1126.2,0.5262
WT,WT_09,/root/neurothermo/WT/cc_09.abf,6,300.0,12.0,-10.0,0,0.0,600.0,1126.2,0.5262
WT,WT_09,/root/neurothermo/WT/cc_09.abf,6,300.0,15.0,-30.0,1,1.9004180919802356,600.0,1126.2,0.5262
WT,WT_09,/root/neurothermo/WT/cc_09.abf,6,300.0,15.0,-20.0,1,1.9004180919802356,600.0,1126.2,0.5262
WT,WT_09,/root/neurothermo/WT/cc_09.abf,6,300.0,15.0,-10.0,0,0.0,600.0,1126.2,0.5262
WT,WT_09,/root/neurothermo/WT/cc_09.abf,7,350.0,8.0,-30.0,14,26.6058532877233,600.0,1126.2,0.5262
WT,WT_09,/root/neurothermo/WT/cc_09.abf,7,350.0,8.0,-20.0,14,26.6058532877233,600.0,1126.2,0.5262
WT,WT_09,/root/neurothermo/WT/cc_09.abf,7,350.0,8.0,-10.0,7,13.30292664386165,600.0,1126.2,0.5262
WT,WT_09,/root/neurothermo/WT/cc_09.abf,7,350.0,10.0,-30.0,14,26.6058532877233,600.0,1126.2,0.5262
WT,WT_09,/root/neurothermo/WT/cc_09.abf,7,350.0,10.0,-20.0,14,26.6058532877233,600.0,1126.2,0.5262
WT,WT_09,/root/neurothermo/WT/cc_09.abf,7,350.0,10.0,-10.0,7,13.30292664386165,600.0,1126.2,0.5262
WT,WT_09,/root/neurothermo/WT/cc_09.abf,7,350.0,12.0,-30.0,14,26.6058532877233,600.0,1126.2,0.5262
WT,WT_09,/root/neurothermo/WT/cc_09.abf,7,350.0,12.0,-20.0,14,26.6058532877233,600.0,1126.2,0.5262
WT,WT_09,/root/neurothermo/WT/cc_09.abf,7,350.0,12.0,-10.0,7,13.30292664386165,600.0,1126.2,0.5262
WT,WT_09,/root/neurothermo/WT/cc_09.abf,7,350.0,15.0,-30.0,14,26.6058532877233,600.0,1126.2,0.5262
WT,WT_09,/root/neurothermo/WT/cc_09.abf,7,350.0,15.0,-20.0,14,26.6058532877233,600.0,1126.2,0.5262
WT,WT_09,/root/neurothermo/WT/cc_09.abf,7,350.0,15.0,-10.0,7,13.30292664386165,600.0,1126.2,0.5262
WT,WT_09,/root/neurothermo/WT/cc_09.abf,8,400.0,8.0,-30.0,24,45.61003420752566,600.0,1126.2,0.5262
WT,WT_09,/root/neurothermo/WT/cc_09.abf,8,400.0,8.0,-20.0,24,45.61003420752566,600.0,1126.2,0.5262
WT,WT_09,/root/neurothermo/WT/cc_09.abf,8,400.0,8.0,-10.0,24,45.61003420752566,600.0,1126.2,0.5262
WT,WT_09,/root/neurothermo/WT/cc_09.abf,8,400.0,10.0,-30.0,24,45.61003420752566,600.0,1126.2,0.5262
WT,WT_09,/root/neurothermo/WT/cc_09.abf,8,400.0,10.0,-20.0,24,45.61003420752566,600.0,1126.2,0.5262
WT,WT_09,/root/neurothermo/WT/cc_09.abf,8,400.0,10.0,-10.0,24,45.61003420752566,600.0,1126.2,0.5262
WT,WT_09,/root/neurothermo/WT/cc_09.abf,8,400.0,12.0,-30.0,24,45.61003420752566,600.0,1126.2,0.5262
WT,WT_09,/root/neurothermo/WT/cc_09.abf,8,400.0,12.0,-20.0,24,45.61003420752566,600.0,1126.2,0.5262
WT,WT_09,/root/neurothermo/WT/cc_09.abf,8,400.0,12.0,-10.0,24,45.61003420752566,600.0,1126.2,0.5262
WT,WT_09,/root/neurothermo/WT/cc_09.abf,8,400.0,15.0,-30.0,24,45.61003420752566,600.0,1126.2,0.5262
WT,WT_09,/root/neurothermo/WT/cc_09.abf,8,400.0,15.0,-20.0,24,45.61003420752566,600.0,1126.2,0.5262
WT,WT_09,/root/neurothermo/WT/cc_09.abf,8,400.0,15.0,-10.0,24,45.61003420752566,600.0,1126.2,0.5262
WT,WT_09,/root/neurothermo/WT/cc_09.abf,9,450.0,8.0,-30.0,33,62.713797035347774,600.0,1126.2,0.5262
WT,WT_09,/root/neurothermo/WT/cc_09.abf,9,450.0,8.0,-20.0,33,62.713797035347774,600.0,1126.2,0.5262
WT,WT_09,/root/neurothermo/WT/cc_09.abf,9,450.0,8.0,-10.0,33,62.713797035347774,600.0,1126.2,0.5262
WT,WT_09,/root/neurothermo/WT/cc_09.abf,9,450.0,10.0,-30.0,33,62.713797035347774,600.0,1126.2,0.5262
WT,WT_09,/root/neurothermo/WT/cc_09.abf,9,450.0,10.0,-20.0,33,62.713797035347774,600.0,1126.2,0.5262
WT,WT_09,/root/neurothermo/WT/cc_09.abf,9,450.0,10.0,-10.0,33,62.713797035347774,600.0,1126.2,0.5262
WT,WT_09,/root/neurothermo/WT/cc_09.abf,9,450.0,12.0,-30.0,33,62.713797035347774,600.0,1126.2,0.5262
WT,WT_09,/root/neurothermo/WT/cc_09.abf,9,450.0,12.0,-20.0,33,62.713797035347774,600.0,1126.2,0.5262
WT,WT_09,/root/neurothermo/WT/cc_09.abf,9,450.0,12.0,-10.0,33,62.713797035347774,600.0,1126.2,0.5262
WT,WT_09,/root/neurothermo/WT/cc_09.abf,9,450.0,15.0,-30.0,33,62.713797035347774,600.0,1126.2,0.5262
WT,WT_09,/root/neurothermo/WT/cc_09.abf,9,450.0,15.0,-20.0,33,62.713797035347774,600.0,1126.2,0.5262
WT,WT_09,/root/neurothermo/WT/cc_09.abf,9,450.0,15.0,-10.0,33,62.713797035347774,600.0,1126.2,0.5262
WT,WT_09,/root/neurothermo/WT/cc_09.abf,10,500.0,8.0,-30.0,40,76.01672367920942,600.0,1126.2,0.5262
WT,WT_09,/root/neurothermo/WT/cc_09.abf,10,500.0,8.0,-20.0,40,76.01672367920942,600.0,1126.2,0.5262
WT,WT_09,/root/neurothermo/WT/cc_09.abf,10,500.0,8.0,-10.0,40,76.01672367920942,600.0,1126.2,0.5262
WT,WT_09,/root/neurothermo/WT/cc_09.abf,10,500.0,10.0,-30.0,40,76.01672367920942,600.0,1126.2,0.5262
WT,WT_09,/root/neurothermo/WT/cc_09.abf,10,500.0,10.0,-20.0,40,76.01672367920942,600.0,1126.2,0.5262
WT,WT_09,/root/neurothermo/WT/cc_09.abf,10,500.0,10.0,-10.0,40,76.01672367920942,600.0,1126.2,0.5262
WT,WT_09,/root/neurothermo/WT/cc_09.abf,10,500.0,12.0,-30.0,40,76.01672367920942,600.0,1126.2,0.5262
WT,WT_09,/root/neurothermo/WT/cc_09.abf,10,500.0,12.0,-20.0,40,76.01672367920942,600.0,1126.2,0.5262
WT,WT_09,/root/neurothermo/WT/cc_09.abf,10,500.0,12.0,-10.0,40,76.01672367920942,600.0,1126.2,0.5262
WT,WT_09,/root/neurothermo/WT/cc_09.abf,10,500.0,15.0,-30.0,40,76.01672367920942,600.0,1126.2,0.5262
WT,WT_09,/root/neurothermo/WT/cc_09.abf,10,500.0,15.0,-20.0,40,76.01672367920942,600.0,1126.2,0.5262
WT,WT_09,/root/neurothermo/WT/cc_09.abf,10,500.0,15.0,-10.0,40,76.01672367920942,600.0,1126.2,0.5262
WT,WT_09,/root/neurothermo/WT/cc_09.abf,11,550.0,8.0,-30.0,47,89.31965032307107,600.0,1126.2,0.5262
WT,WT_09,/root/neurothermo/WT/cc_09.abf,11,550.0,8.0,-20.0,47,89.31965032307107,600.0,1126.2,0.5262
WT,WT_09,/root/neurothermo/WT/cc_09.abf,11,550.0,8.0,-10.0,47,89.31965032307107,600.0,1126.2,0.5262
WT,WT_09,/root/neurothermo/WT/cc_09.abf,11,550.0,10.0,-30.0,47,89.31965032307107,600.0,1126.2,0.5262
WT,WT_09,/root/neurothermo/WT/cc_09.abf,11,550.0,10.0,-20.0,47,89.31965032307107,600.0,1126.2,0.5262
WT,WT_09,/root/neurothermo/WT/cc_09.abf,11,550.0,10.0,-10.0,47,89.31965032307107,600.0,1126.2,0.5262
WT,WT_09,/root/neurothermo/WT/cc_09.abf,11,550.0,12.0,-30.0,47,89.31965032307107,600.0,1126.2,0.5262
WT,WT_09,/root/neurothermo/WT/cc_09.abf,11,550.0,12.0,-20.0,47,89.31965032307107,600.0,1126.2,0.5262
WT,WT_09,/root/neurothermo/WT/cc_09.abf,11,550.0,12.0,-10.0,47,89.31965032307107,600.0,1126.2,0.5262
WT,WT_09,/root/neurothermo/WT/cc_09.abf,11,550.0,15.0,-30.0,47,89.31965032307107,600.0,1126.2,0.5262
WT,WT_09,/root/neurothermo/WT/cc_09.abf,11,550.0,15.0,-20.0,47,89.31965032307107,600.0,1126.2,0.5262
WT,WT_09,/root/neurothermo/WT/cc_09.abf,11,550.0,15.0,-10.0,47,89.31965032307107,600.0,1126.2,0.5262
WT,WT_09,/root/neurothermo/WT/cc_09.abf,12,600.0,8.0,-30.0,8,15.203344735841885,600.0,1126.2,0.5262
WT,WT_09,/root/neurothermo/WT/cc_09.abf,12,600.0,8.0,-20.0,8,15.203344735841885,600.0,1126.2,0.5262
WT,WT_09,/root/neurothermo/WT/cc_09.abf,12,600.0,8.0,-10.0,7,13.30292664386165,600.0,1126.2,0.5262
WT,WT_09,/root/neurothermo/WT/cc_09.abf,12,600.0,10.0,-30.0,8,15.203344735841885,600.0,1126.2,0.5262
WT,WT_09,/root/neurothermo/WT/cc_09.abf,12,600.0,10.0,-20.0,8,15.203344735841885,600.0,1126.2,0.5262
WT,WT_09,/root/neurothermo/WT/cc_09.abf,12,600.0,10.0,-10.0,7,13.30292664386165,600.0,1126.2,0.5262
WT,WT_09,/root/neurothermo/WT/cc_09.abf,12,600.0,12.0,-30.0,8,15.203344735841885,600.0,1126.2,0.5262
WT,WT_09,/root/neurothermo/WT/cc_09.abf,12,600.0,12.0,-20.0,8,15.203344735841885,600.0,1126.2,0.5262
WT,WT_09,/root/neurothermo/WT/cc_09.abf,12,600.0,12.0,-10.0,7,13.30292664386165,600.0,1126.2,0.5262
WT,WT_09,/root/neurothermo/WT/cc_09.abf,12,600.0,15.0,-30.0,8,15.203344735841885,600.0,1126.2,0.5262
WT,WT_09,/root/neurothermo/WT/cc_09.abf,12,600.0,15.0,-20.0,8,15.203344735841885,600.0,1126.2,0.5262
WT,WT_09,/root/neurothermo/WT/cc_09.abf,12,600.0,15.0,-10.0,7,13.30292664386165,600.0,1126.2,0.5262
WT,WT_10,/root/neurothermo/WT/cc_10.abf,0,0.0,8.0,-30.0,0,0.0,600.0,1126.2,0.5262
WT,WT_10,/root/neurothermo/WT/cc_10.abf,0,0.0,8.0,-20.0,0,0.0,600.0,1126.2,0.5262
WT,WT_10,/root/neurothermo/WT/cc_10.abf,0,0.0,8.0,-10.0,0,0.0,600.0,1126.2,0.5262
WT,WT_10,/root/neurothermo/WT/cc_10.abf,0,0.0,10.0,-30.0,0,0.0,600.0,1126.2,0.5262
WT,WT_10,/root/neurothermo/WT/cc_10.abf,0,0.0,10.0,-20.0,0,0.0,600.0,1126.2,0.5262
WT,WT_10,/root/neurothermo/WT/cc_10.abf,0,0.0,10.0,-10.0,0,0.0,600.0,1126.2,0.5262
WT,WT_10,/root/neurothermo/WT/cc_10.abf,0,0.0,12.0,-30.0,0,0.0,600.0,1126.2,0.5262
WT,WT_10,/root/neurothermo/WT/cc_10.abf,0,0.0,12.0,-20.0,0,0.0,600.0,1126.2,0.5262
WT,WT_10,/root/neurothermo/WT/cc_10.abf,0,0.0,12.0,-10.0,0,0.0,600.0,1126.2,0.5262
WT,WT_10,/root/neurothermo/WT/cc_10.abf,0,0.0,15.0,-30.0,0,0.0,600.0,1126.2,0.5262
WT,WT_10,/root/neurothermo/WT/cc_10.abf,0,0.0,15.0,-20.0,0,0.0,600.0,1126.2,0.5262
WT,WT_10,/root/neurothermo/WT/cc_10.abf,0,0.0,15.0,-10.0,0,0.0,600.0,1126.2,0.5262
WT,WT_10,/root/neurothermo/WT/cc_10.abf,1,50.0,8.0,-30.0,0,0.0,600.0,1126.2,0.5262
WT,WT_10,/root/neurothermo/WT/cc_10.abf,1,50.0,8.0,-20.0,0,0.0,600.0,1126.2,0.5262
WT,WT_10,/root/neurothermo/WT/cc_10.abf,1,50.0,8.0,-10.0,0,0.0,600.0,1126.2,0.5262
WT,WT_10,/root/neurothermo/WT/cc_10.abf,1,50.0,10.0,-30.0,0,0.0,600.0,1126.2,0.5262
WT,WT_10,/root/neurothermo/WT/cc_10.abf,1,50.0,10.0,-20.0,0,0.0,600.0,1126.2,0.5262
WT,WT_10,/root/neurothermo/WT/cc_10.abf,1,50.0,10.0,-10.0,0,0.0,600.0,1126.2,0.5262
WT,WT_10,/root/neurothermo/WT/cc_10.abf,1,50.0,12.0,-30.0,0,0.0,600.0,1126.2,0.5262
WT,WT_10,/root/neurothermo/WT/cc_10.abf,1,50.0,12.0,-20.0,0,0.0,600.0,1126.2,0.5262
WT,WT_10,/root/neurothermo/WT/cc_10.abf,1,50.0,12.0,-10.0,0,0.0,600.0,1126.2,0.5262
WT,WT_10,/root/neurothermo/WT/cc_10.abf,1,50.0,15.0,-30.0,0,0.0,600.0,1126.2,0.5262
WT,WT_10,/root/neurothermo/WT/cc_10.abf,1,50.0,15.0,-20.0,0,0.0,600.0,1126.2,0.5262
WT,WT_10,/root/neurothermo/WT/cc_10.abf,1,50.0,15.0,-10.0,0,0.0,600.0,1126.2,0.5262
WT,WT_10,/root/neurothermo/WT/cc_10.abf,2,100.0,8.0,-30.0,0,0.0,600.0,1126.2,0.5262
WT,WT_10,/root/neurothermo/WT/cc_10.abf,2,100.0,8.0,-20.0,0,0.0,600.0,1126.2,0.5262
WT,WT_10,/root/neurothermo/WT/cc_10.abf,2,100.0,8.0,-10.0,0,0.0,600.0,1126.2,0.5262
WT,WT_10,/root/neurothermo/WT/cc_10.abf,2,100.0,10.0,-30.0,0,0.0,600.0,1126.2,0.5262
WT,WT_10,/root/neurothermo/WT/cc_10.abf,2,100.0,10.0,-20.0,0,0.0,600.0,1126.2,0.5262
WT,WT_10,/root/neurothermo/WT/cc_10.abf,2,100.0,10.0,-10.0,0,0.0,600.0,1126.2,0.5262
WT,WT_10,/root/neurothermo/WT/cc_10.abf,2,100.0,12.0,-30.0,0,0.0,600.0,1126.2,0.5262
WT,WT_10,/root/neurothermo/WT/cc_10.abf,2,100.0,12.0,-20.0,0,0.0,600.0,1126.2,0.5262
WT,WT_10,/root/neurothermo/WT/cc_10.abf,2,100.0,12.0,-10.0,0,0.0,600.0,1126.2,0.5262
WT,WT_10,/root/neurothermo/WT/cc_10.abf,2,100.0,15.0,-30.0,0,0.0,600.0,1126.2,0.5262
WT,WT_10,/root/neurothermo/WT/cc_10.abf,2,100.0,15.0,-20.0,0,0.0,600.0,1126.2,0.5262
WT,WT_10,/root/neurothermo/WT/cc_10.abf,2,100.0,15.0,-10.0,0,0.0,600.0,1126.2,0.5262
WT,WT_10,/root/neurothermo/WT/cc_10.abf,3,150.0,8.0,-30.0,0,0.0,600.0,1126.2,0.5262
WT,WT_10,/root/neurothermo/WT/cc_10.abf,3,150.0,8.0,-20.0,0,0.0,600.0,1126.2,0.5262
WT,WT_10,/root/neurothermo/WT/cc_10.abf,3,150.0,8.0,-10.0,0,0.0,600.0,1126.2,0.5262
WT,WT_10,/root/neurothermo/WT/cc_10.abf,3,150.0,10.0,-30.0,0,0.0,600.0,1126.2,0.5262
WT,WT_10,/root/neurothermo/WT/cc_10.abf,3,150.0,10.0,-20.0,0,0.0,600.0,1126.2,0.5262
WT,WT_10,/root/neurothermo/WT/cc_10.abf,3,150.0,10.0,-10.0,0,0.0,600.0,1126.2,0.5262
WT,WT_10,/root/neurothermo/WT/cc_10.abf,3,150.0,12.0,-30.0,0,0.0,600.0,1126.2,0.5262
WT,WT_10,/root/neurothermo/WT/cc_10.abf,3,150.0,12.0,-20.0,0,0.0,600.0,1126.2,0.5262
WT,WT_10,/root/neurothermo/WT/cc_10.abf,3,150.0,12.0,-10.0,0,0.0,600.0,1126.2,0.5262
WT,WT_10,/root/neurothermo/WT/cc_10.abf,3,150.0,15.0,-30.0,0,0.0,600.0,1126.2,0.5262
WT,WT_10,/root/neurothermo/WT/cc_10.abf,3,150.0,15.0,-20.0,0,0.0,600.0,1126.2,0.5262
WT,WT_10,/root/neurothermo/WT/cc_10.abf,3,150.0,15.0,-10.0,0,0.0,600.0,1126.2,0.5262
WT,WT_10,/root/neurothermo/WT/cc_10.abf,4,200.0,8.0,-30.0,0,0.0,600.0,1126.2,0.5262
WT,WT_10,/root/neurothermo/WT/cc_10.abf,4,200.0,8.0,-20.0,0,0.0,600.0,1126.2,0.5262
WT,WT_10,/root/neurothermo/WT/cc_10.abf,4,200.0,8.0,-10.0,0,0.0,600.0,1126.2,0.5262
WT,WT_10,/root/neurothermo/WT/cc_10.abf,4,200.0,10.0,-30.0,0,0.0,600.0,1126.2,0.5262
WT,WT_10,/root/neurothermo/WT/cc_10.abf,4,200.0,10.0,-20.0,0,0.0,600.0,1126.2,0.5262
WT,WT_10,/root/neurothermo/WT/cc_10.abf,4,200.0,10.0,-10.0,0,0.0,600.0,1126.2,0.5262
WT,WT_10,/root/neurothermo/WT/cc_10.abf,4,200.0,12.0,-30.0,0,0.0,600.0,1126.2,0.5262
WT,WT_10,/root/neurothermo/WT/cc_10.abf,4,200.0,12.0,-20.0,0,0.0,600.0,1126.2,0.5262
WT,WT_10,/root/neurothermo/WT/cc_10.abf,4,200.0,12.0,-10.0,0,0.0,600.0,1126.2,0.5262
WT,WT_10,/root/neurothermo/WT/cc_10.abf,4,200.0,15.0,-30.0,0,0.0,600.0,1126.2,0.5262
WT,WT_10,/root/neurothermo/WT/cc_10.abf,4,200.0,15.0,-20.0,0,0.0,600.0,1126.2,0.5262
WT,WT_10,/root/neurothermo/WT/cc_10.abf,4,200.0,15.0,-10.0,0,0.0,600.0,1126.2,0.5262
WT,WT_10,/root/neurothermo/WT/cc_10.abf,5,250.0,8.0,-30.0,0,0.0,600.0,1126.2,0.5262
WT,WT_10,/root/neurothermo/WT/cc_10.abf,5,250.0,8.0,-20.0,0,0.0,600.0,1126.2,0.5262
WT,WT_10,/root/neurothermo/WT/cc_10.abf,5,250.0,8.0,-10.0,0,0.0,600.0,1126.2,0.5262
WT,WT_10,/root/neurothermo/WT/cc_10.abf,5,250.0,10.0,-30.0,0,0.0,600.0,1126.2,0.5262
WT,WT_10,/root/neurothermo/WT/cc_10.abf,5,250.0,10.0,-20.0,0,0.0,600.0,1126.2,0.5262
WT,WT_10,/root/neurothermo/WT/cc_10.abf,5,250.0,10.0,-10.0,0,0.0,600.0,1126.2,0.5262
WT,WT_10,/root/neurothermo/WT/cc_10.abf,5,250.0,12.0,-30.0,0,0.0,600.0,1126.2,0.5262
WT,WT_10,/root/neurothermo/WT/cc_10.abf,5,250.0,12.0,-20.0,0,0.0,600.0,1126.2,0.5262
WT,WT_10,/root/neurothermo/WT/cc_10.abf,5,250.0,12.0,-10.0,0,0.0,600.0,1126.2,0.5262
WT,WT_10,/root/neurothermo/WT/cc_10.abf,5,250.0,15.0,-30.0,0,0.0,600.0,1126.2,0.5262
WT,WT_10,/root/neurothermo/WT/cc_10.abf,5,250.0,15.0,-20.0,0,0.0,600.0,1126.2,0.5262
WT,WT_10,/root/neurothermo/WT/cc_10.abf,5,250.0,15.0,-10.0,0,0.0,600.0,1126.2,0.5262
WT,WT_10,/root/neurothermo/WT/cc_10.abf,6,300.0,8.0,-30.0,0,0.0,600.0,1126.2,0.5262
WT,WT_10,/root/neurothermo/WT/cc_10.abf,6,300.0,8.0,-20.0,0,0.0,600.0,1126.2,0.5262
WT,WT_10,/root/neurothermo/WT/cc_10.abf,6,300.0,8.0,-10.0,0,0.0,600.0,1126.2,0.5262
WT,WT_10,/root/neurothermo/WT/cc_10.abf,6,300.0,10.0,-30.0,0,0.0,600.0,1126.2,0.5262
WT,WT_10,/root/neurothermo/WT/cc_10.abf,6,300.0,10.0,-20.0,0,0.0,600.0,1126.2,0.5262
WT,WT_10,/root/neurothermo/WT/cc_10.abf,6,300.0,10.0,-10.0,0,0.0,600.0,1126.2,0.5262
WT,WT_10,/root/neurothermo/WT/cc_10.abf,6,300.0,12.0,-30.0,0,0.0,600.0,1126.2,0.5262
WT,WT_10,/root/neurothermo/WT/cc_10.abf,6,300.0,12.0,-20.0,0,0.0,600.0,1126.2,0.5262
WT,WT_10,/root/neurothermo/WT/cc_10.abf,6,300.0,12.0,-10.0,0,0.0,600.0,1126.2,0.5262
WT,WT_10,/root/neurothermo/WT/cc_10.abf,6,300.0,15.0,-30.0,0,0.0,600.0,1126.2,0.5262
WT,WT_10,/root/neurothermo/WT/cc_10.abf,6,300.0,15.0,-20.0,0,0.0,600.0,1126.2,0.5262
WT,WT_10,/root/neurothermo/WT/cc_10.abf,6,300.0,15.0,-10.0,0,0.0,600.0,1126.2,0.5262
WT,WT_10,/root/neurothermo/WT/cc_10.abf,7,350.0,8.0,-30.0,5,9.502090459901178,600.0,1126.2,0.5262
WT,WT_10,/root/neurothermo/WT/cc_10.abf,7,350.0,8.0,-20.0,5,9.502090459901178,600.0,1126.2,0.5262
WT,WT_10,/root/neurothermo/WT/cc_10.abf,7,350.0,8.0,-10.0,3,5.701254275940707,600.0,1126.2,0.5262
WT,WT_10,/root/neurothermo/WT/cc_10.abf,7,350.0,10.0,-30.0,5,9.502090459901178,600.0,1126.2,0.5262
WT,WT_10,/root/neurothermo/WT/cc_10.abf,7,350.0,10.0,-20.0,5,9.502090459901178,600.0,1126.2,0.5262
WT,WT_10,/root/neurothermo/WT/cc_10.abf,7,350.0,10.0,-10.0,3,5.701254275940707,600.0,1126.2,0.5262
WT,WT_10,/root/neurothermo/WT/cc_10.abf,7,350.0,12.0,-30.0,5,9.502090459901178,600.0,1126.2,0.5262
WT,WT_10,/root/neurothermo/WT/cc_10.abf,7,350.0,12.0,-20.0,5,9.502090459901178,600.0,1126.2,0.5262
WT,WT_10,/root/neurothermo/WT/cc_10.abf,7,350.0,12.0,-10.0,3,5.701254275940707,600.0,1126.2,0.5262
WT,WT_10,/root/neurothermo/WT/cc_10.abf,7,350.0,15.0,-30.0,5,9.502090459901178,600.0,1126.2,0.5262
WT,WT_10,/root/neurothermo/WT/cc_10.abf,7,350.0,15.0,-20.0,5,9.502090459901178,600.0,1126.2,0.5262
WT,WT_10,/root/neurothermo/WT/cc_10.abf,7,350.0,15.0,-10.0,3,5.701254275940707,600.0,1126.2,0.5262
WT,WT_10,/root/neurothermo/WT/cc_10.abf,8,400.0,8.0,-30.0,26,49.41087039148613,600.0,1126.2,0.5262
WT,WT_10,/root/neurothermo/WT/cc_10.abf,8,400.0,8.0,-20.0,26,49.41087039148613,600.0,1126.2,0.5262
WT,WT_10,/root/neurothermo/WT/cc_10.abf,8,400.0,8.0,-10.0,26,49.41087039148613,600.0,1126.2,0.5262
WT,WT_10,/root/neurothermo/WT/cc_10.abf,8,400.0,10.0,-30.0,26,49.41087039148613,600.0,1126.2,0.5262
WT,WT_10,/root/neurothermo/WT/cc_10.abf,8,400.0,10.0,-20.0,26,49.41087039148613,600.0,1126.2,0.5262
WT,WT_10,/root/neurothermo/WT/cc_10.abf,8,400.0,10.0,-10.0,26,49.41087039148613,600.0,1126.2,0.5262
WT,WT_10,/root/neurothermo/WT/cc_10.abf,8,400.0,12.0,-30.0,26,49.41087039148613,600.0,1126.2,0.5262
WT,WT_10,/root/neurothermo/WT/cc_10.abf,8,400.0,12.0,-20.0,26,49.41087039148613,600.0,1126.2,0.5262
WT,WT_10,/root/neurothermo/WT/cc_10.abf,8,400.0,12.0,-10.0,26,49.41087039148613,600.0,1126.2,0.5262
WT,WT_10,/root/neurothermo/WT/cc_10.abf,8,400.0,15.0,-30.0,26,49.41087039148613,600.0,1126.2,0.5262
WT,WT_10,/root/neurothermo/WT/cc_10.abf,8,400.0,15.0,-20.0,26,49.41087039148613,600.0,1126.2,0.5262
WT,WT_10,/root/neurothermo/WT/cc_10.abf,8,400.0,15.0,-10.0,26,49.41087039148613,600.0,1126.2,0.5262
WT,WT_10,/root/neurothermo/WT/cc_10.abf,9,450.0,8.0,-30.0,29,55.11212466742683,600.0,1126.2,0.5262
WT,WT_10,/root/neurothermo/WT/cc_10.abf,9,450.0,8.0,-20.0,29,55.11212466742683,600.0,1126.2,0.5262
WT,WT_10,/root/neurothermo/WT/cc_10.abf,9,450.0,8.0,-10.0,29,55.11212466742683,600.0,1126.2,0.5262
WT,WT_10,/root/neurothermo/WT/cc_10.abf,9,450.0,10.0,-30.0,29,55.11212466742683,600.0,1126.2,0.5262
WT,WT_10,/root/neurothermo/WT/cc_10.abf,9,450.0,10.0,-20.0,29,55.11212466742683,600.0,1126.2,0.5262
WT,WT_10,/root/neurothermo/WT/cc_10.abf,9,450.0,10.0,-10.0,29,55.11212466742683,600.0,1126.2,0.5262
WT,WT_10,/root/neurothermo/WT/cc_10.abf,9,450.0,12.0,-30.0,29,55.11212466742683,600.0,1126.2,0.5262
WT,WT_10,/root/neurothermo/WT/cc_10.abf,9,450.0,12.0,-20.0,29,55.11212466742683,600.0,1126.2,0.5262
WT,WT_10,/root/neurothermo/WT/cc_10.abf,9,450.0,12.0,-10.0,29,55.11212466742683,600.0,1126.2,0.5262
WT,WT_10,/root/neurothermo/WT/cc_10.abf,9,450.0,15.0,-30.0,29,55.11212466742683,600.0,1126.2,0.5262
WT,WT_10,/root/neurothermo/WT/cc_10.abf,9,450.0,15.0,-20.0,29,55.11212466742683,600.0,1126.2,0.5262
WT,WT_10,/root/neurothermo/WT/cc_10.abf,9,450.0,15.0,-10.0,29,55.11212466742683,600.0,1126.2,0.5262
WT,WT_10,/root/neurothermo/WT/cc_10.abf,10,500.0,8.0,-30.0,37,70.31546940326872,600.0,1126.2,0.5262
WT,WT_10,/root/neurothermo/WT/cc_10.abf,10,500.0,8.0,-20.0,37,70.31546940326872,600.0,1126.2,0.5262
WT,WT_10,/root/neurothermo/WT/cc_10.abf,10,500.0,8.0,-10.0,37,70.31546940326872,600.0,1126.2,0.5262
WT,WT_10,/root/neurothermo/WT/cc_10.abf,10,500.0,10.0,-30.0,37,70.31546940326872,600.0,1126.2,0.5262
WT,WT_10,/root/neurothermo/WT/cc_10.abf,10,500.0,10.0,-20.0,37,70.31546940326872,600.0,1126.2,0.5262
WT,WT_10,/root/neurothermo/WT/cc_10.abf,10,500.0,10.0,-10.0,37,70.31546940326872,600.0,1126.2,0.5262
WT,WT_10,/root/neurothermo/WT/cc_10.abf,10,500.0,12.0,-30.0,37,70.31546940326872,600.0,1126.2,0.5262
WT,WT_10,/root/neurothermo/WT/cc_10.abf,10,500.0,12.0,-20.0,37,70.31546940326872,600.0,1126.2,0.5262
WT,WT_10,/root/neurothermo/WT/cc_10.abf,10,500.0,12.0,-10.0,37,70.31546940326872,600.0,1126.2,0.5262
WT,WT_10,/root/neurothermo/WT/cc_10.abf,10,500.0,15.0,-30.0,37,70.31546940326872,600.0,1126.2,0.5262
WT,WT_10,/root/neurothermo/WT/cc_10.abf,10,500.0,15.0,-20.0,37,70.31546940326872,600.0,1126.2,0.5262
WT,WT_10,/root/neurothermo/WT/cc_10.abf,10,500.0,15.0,-10.0,37,70.31546940326872,600.0,1126.2,0.5262
WT,WT_10,/root/neurothermo/WT/cc_10.abf,11,550.0,8.0,-30.0,44,83.61839604713037,600.0,1126.2,0.5262
WT,WT_10,/root/neurothermo/WT/cc_10.abf,11,550.0,8.0,-20.0,44,83.61839604713037,600.0,1126.2,0.5262
WT,WT_10,/root/neurothermo/WT/cc_10.abf,11,550.0,8.0,-10.0,44,83.61839604713037,600.0,1126.2,0.5262
WT,WT_10,/root/neurothermo/WT/cc_10.abf,11,550.0,10.0,-30.0,44,83.61839604713037,600.0,1126.2,0.5262
WT,WT_10,/root/neurothermo/WT/cc_10.abf,11,550.0,10.0,-20.0,44,83.61839604713037,600.0,1126.2,0.5262
WT,WT_10,/root/neurothermo/WT/cc_10.abf,11,550.0,10.0,-10.0,44,83.61839604713037,600.0,1126.2,0.5262
WT,WT_10,/root/neurothermo/WT/cc_10.abf,11,550.0,12.0,-30.0,44,83.61839604713037,600.0,1126.2,0.5262
WT,WT_10,/root/neurothermo/WT/cc_10.abf,11,550.0,12.0,-20.0,44,83.61839604713037,600.0,1126.2,0.5262
WT,WT_10,/root/neurothermo/WT/cc_10.abf,11,550.0,12.0,-10.0,44,83.61839604713037,600.0,1126.2,0.5262
WT,WT_10,/root/neurothermo/WT/cc_10.abf,11,550.0,15.0,-30.0,44,83.61839604713037,600.0,1126.2,0.5262
WT,WT_10,/root/neurothermo/WT/cc_10.abf,11,550.0,15.0,-20.0,44,83.61839604713037,600.0,1126.2,0.5262
WT,WT_10,/root/neurothermo/WT/cc_10.abf,11,550.0,15.0,-10.0,44,83.61839604713037,600.0,1126.2,0.5262
WT,WT_10,/root/neurothermo/WT/cc_10.abf,12,600.0,8.0,-30.0,50,95.02090459901179,600.0,1126.2,0.5262
WT,WT_10,/root/neurothermo/WT/cc_10.abf,12,600.0,8.0,-20.0,50,95.02090459901179,600.0,1126.2,0.5262
WT,WT_10,/root/neurothermo/WT/cc_10.abf,12,600.0,8.0,-10.0,50,95.02090459901179,600.0,1126.2,0.5262
WT,WT_10,/root/neurothermo/WT/cc_10.abf,12,600.0,10.0,-30.0,50,95.02090459901179,600.0,1126.2,0.5262
WT,WT_10,/root/neurothermo/WT/cc_10.abf,12,600.0,10.0,-20.0,50,95.02090459901179,600.0,1126.2,0.5262
WT,WT_10,/root/neurothermo/WT/cc_10.abf,12,600.0,10.0,-10.0,50,95.02090459901179,600.0,1126.2,0.5262
WT,WT_10,/root/neurothermo/WT/cc_10.abf,12,600.0,12.0,-30.0,50,95.02090459901179,600.0,1126.2,0.5262
WT,WT_10,/root/neurothermo/WT/cc_10.abf,12,600.0,12.0,-20.0,50,95.02090459901179,600.0,1126.2,0.5262
WT,WT_10,/root/neurothermo/WT/cc_10.abf,12,600.0,12.0,-10.0,50,95.02090459901179,600.0,1126.2,0.5262
WT,WT_10,/root/neurothermo/WT/cc_10.abf,12,600.0,15.0,-30.0,50,95.02090459901179,600.0,1126.2,0.5262
WT,WT_10,/root/neurothermo/WT/cc_10.abf,12,600.0,15.0,-20.0,50,95.02090459901179,600.0,1126.2,0.5262
WT,WT_10,/root/neurothermo/WT/cc_10.abf,12,600.0,15.0,-10.0,50,95.02090459901179,600.0,1126.2,0.5262
WT,WT_11,/root/neurothermo/WT/cc_11.abf,0,0.0,8.0,-30.0,0,0.0,600.0,1126.2,0.5262
WT,WT_11,/root/neurothermo/WT/cc_11.abf,0,0.0,8.0,-20.0,0,0.0,600.0,1126.2,0.5262
WT,WT_11,/root/neurothermo/WT/cc_11.abf,0,0.0,8.0,-10.0,0,0.0,600.0,1126.2,0.5262
WT,WT_11,/root/neurothermo/WT/cc_11.abf,0,0.0,10.0,-30.0,0,0.0,600.0,1126.2,0.5262
WT,WT_11,/root/neurothermo/WT/cc_11.abf,0,0.0,10.0,-20.0,0,0.0,600.0,1126.2,0.5262
WT,WT_11,/root/neurothermo/WT/cc_11.abf,0,0.0,10.0,-10.0,0,0.0,600.0,1126.2,0.5262
WT,WT_11,/root/neurothermo/WT/cc_11.abf,0,0.0,12.0,-30.0,0,0.0,600.0,1126.2,0.5262
WT,WT_11,/root/neurothermo/WT/cc_11.abf,0,0.0,12.0,-20.0,0,0.0,600.0,1126.2,0.5262
WT,WT_11,/root/neurothermo/WT/cc_11.abf,0,0.0,12.0,-10.0,0,0.0,600.0,1126.2,0.5262
WT,WT_11,/root/neurothermo/WT/cc_11.abf,0,0.0,15.0,-30.0,0,0.0,600.0,1126.2,0.5262
WT,WT_11,/root/neurothermo/WT/cc_11.abf,0,0.0,15.0,-20.0,0,0.0,600.0,1126.2,0.5262
WT,WT_11,/root/neurothermo/WT/cc_11.abf,0,0.0,15.0,-10.0,0,0.0,600.0,1126.2,0.5262
WT,WT_11,/root/neurothermo/WT/cc_11.abf,1,50.0,8.0,-30.0,0,0.0,600.0,1126.2,0.5262
WT,WT_11,/root/neurothermo/WT/cc_11.abf,1,50.0,8.0,-20.0,0,0.0,600.0,1126.2,0.5262
WT,WT_11,/root/neurothermo/WT/cc_11.abf,1,50.0,8.0,-10.0,0,0.0,600.0,1126.2,0.5262
WT,WT_11,/root/neurothermo/WT/cc_11.abf,1,50.0,10.0,-30.0,0,0.0,600.0,1126.2,0.5262
WT,WT_11,/root/neurothermo/WT/cc_11.abf,1,50.0,10.0,-20.0,0,0.0,600.0,1126.2,0.5262
WT,WT_11,/root/neurothermo/WT/cc_11.abf,1,50.0,10.0,-10.0,0,0.0,600.0,1126.2,0.5262
WT,WT_11,/root/neurothermo/WT/cc_11.abf,1,50.0,12.0,-30.0,0,0.0,600.0,1126.2,0.5262
WT,WT_11,/root/neurothermo/WT/cc_11.abf,1,50.0,12.0,-20.0,0,0.0,600.0,1126.2,0.5262
WT,WT_11,/root/neurothermo/WT/cc_11.abf,1,50.0,12.0,-10.0,0,0.0,600.0,1126.2,0.5262
WT,WT_11,/root/neurothermo/WT/cc_11.abf,1,50.0,15.0,-30.0,0,0.0,600.0,1126.2,0.5262
WT,WT_11,/root/neurothermo/WT/cc_11.abf,1,50.0,15.0,-20.0,0,0.0,600.0,1126.2,0.5262
WT,WT_11,/root/neurothermo/WT/cc_11.abf,1,50.0,15.0,-10.0,0,0.0,600.0,1126.2,0.5262
WT,WT_11,/root/neurothermo/WT/cc_11.abf,2,100.0,8.0,-30.0,0,0.0,600.0,1126.2,0.5262
WT,WT_11,/root/neurothermo/WT/cc_11.abf,2,100.0,8.0,-20.0,0,0.0,600.0,1126.2,0.5262
WT,WT_11,/root/neurothermo/WT/cc_11.abf,2,100.0,8.0,-10.0,0,0.0,600.0,1126.2,0.5262
WT,WT_11,/root/neurothermo/WT/cc_11.abf,2,100.0,10.0,-30.0,0,0.0,600.0,1126.2,0.5262
WT,WT_11,/root/neurothermo/WT/cc_11.abf,2,100.0,10.0,-20.0,0,0.0,600.0,1126.2,0.5262
WT,WT_11,/root/neurothermo/WT/cc_11.abf,2,100.0,10.0,-10.0,0,0.0,600.0,1126.2,0.5262
WT,WT_11,/root/neurothermo/WT/cc_11.abf,2,100.0,12.0,-30.0,0,0.0,600.0,1126.2,0.5262
WT,WT_11,/root/neurothermo/WT/cc_11.abf,2,100.0,12.0,-20.0,0,0.0,600.0,1126.2,0.5262
WT,WT_11,/root/neurothermo/WT/cc_11.abf,2,100.0,12.0,-10.0,0,0.0,600.0,1126.2,0.5262
WT,WT_11,/root/neurothermo/WT/cc_11.abf,2,100.0,15.0,-30.0,0,0.0,600.0,1126.2,0.5262
WT,WT_11,/root/neurothermo/WT/cc_11.abf,2,100.0,15.0,-20.0,0,0.0,600.0,1126.2,0.5262
WT,WT_11,/root/neurothermo/WT/cc_11.abf,2,100.0,15.0,-10.0,0,0.0,600.0,1126.2,0.5262
WT,WT_11,/root/neurothermo/WT/cc_11.abf,3,150.0,8.0,-30.0,0,0.0,600.0,1126.2,0.5262
WT,WT_11,/root/neurothermo/WT/cc_11.abf,3,150.0,8.0,-20.0,0,0.0,600.0,1126.2,0.5262
WT,WT_11,/root/neurothermo/WT/cc_11.abf,3,150.0,8.0,-10.0,0,0.0,600.0,1126.2,0.5262
WT,WT_11,/root/neurothermo/WT/cc_11.abf,3,150.0,10.0,-30.0,0,0.0,600.0,1126.2,0.5262
WT,WT_11,/root/neurothermo/WT/cc_11.abf,3,150.0,10.0,-20.0,0,0.0,600.0,1126.2,0.5262
WT,WT_11,/root/neurothermo/WT/cc_11.abf,3,150.0,10.0,-10.0,0,0.0,600.0,1126.2,0.5262
WT,WT_11,/root/neurothermo/WT/cc_11.abf,3,150.0,12.0,-30.0,0,0.0,600.0,1126.2,0.5262
WT,WT_11,/root/neurothermo/WT/cc_11.abf,3,150.0,12.0,-20.0,0,0.0,600.0,1126.2,0.5262
WT,WT_11,/root/neurothermo/WT/cc_11.abf,3,150.0,12.0,-10.0,0,0.0,600.0,1126.2,0.5262
WT,WT_11,/root/neurothermo/WT/cc_11.abf,3,150.0,15.0,-30.0,0,0.0,600.0,1126.2,0.5262
WT,WT_11,/root/neurothermo/WT/cc_11.abf,3,150.0,15.0,-20.0,0,0.0,600.0,1126.2,0.5262
WT,WT_11,/root/neurothermo/WT/cc_11.abf,3,150.0,15.0,-10.0,0,0.0,600.0,1126.2,0.5262
WT,WT_11,/root/neurothermo/WT/cc_11.abf,4,200.0,8.0,-30.0,0,0.0,600.0,1126.2,0.5262
WT,WT_11,/root/neurothermo/WT/cc_11.abf,4,200.0,8.0,-20.0,0,0.0,600.0,1126.2,0.5262
WT,WT_11,/root/neurothermo/WT/cc_11.abf,4,200.0,8.0,-10.0,0,0.0,600.0,1126.2,0.5262
WT,WT_11,/root/neurothermo/WT/cc_11.abf,4,200.0,10.0,-30.0,0,0.0,600.0,1126.2,0.5262
WT,WT_11,/root/neurothermo/WT/cc_11.abf,4,200.0,10.0,-20.0,0,0.0,600.0,1126.2,0.5262
WT,WT_11,/root/neurothermo/WT/cc_11.abf,4,200.0,10.0,-10.0,0,0.0,600.0,1126.2,0.5262
WT,WT_11,/root/neurothermo/WT/cc_11.abf,4,200.0,12.0,-30.0,0,0.0,600.0,1126.2,0.5262
WT,WT_11,/root/neurothermo/WT/cc_11.abf,4,200.0,12.0,-20.0,0,0.0,600.0,1126.2,0.5262
WT,WT_11,/root/neurothermo/WT/cc_11.abf,4,200.0,12.0,-10.0,0,0.0,600.0,1126.2,0.5262
WT,WT_11,/root/neurothermo/WT/cc_11.abf,4,200.0,15.0,-30.0,0,0.0,600.0,1126.2,0.5262
WT,WT_11,/root/neurothermo/WT/cc_11.abf,4,200.0,15.0,-20.0,0,0.0,600.0,1126.2,0.5262
WT,WT_11,/root/neurothermo/WT/cc_11.abf,4,200.0,15.0,-10.0,0,0.0,600.0,1126.2,0.5262
WT,WT_11,/root/neurothermo/WT/cc_11.abf,5,250.0,8.0,-30.0,0,0.0,600.0,1126.2,0.5262
WT,WT_11,/root/neurothermo/WT/cc_11.abf,5,250.0,8.0,-20.0,0,0.0,600.0,1126.2,0.5262
WT,WT_11,/root/neurothermo/WT/cc_11.abf,5,250.0,8.0,-10.0,0,0.0,600.0,1126.2,0.5262
WT,WT_11,/root/neurothermo/WT/cc_11.abf,5,250.0,10.0,-30.0,0,0.0,600.0,1126.2,0.5262
WT,WT_11,/root/neurothermo/WT/cc_11.abf,5,250.0,10.0,-20.0,0,0.0,600.0,1126.2,0.5262
WT,WT_11,/root/neurothermo/WT/cc_11.abf,5,250.0,10.0,-10.0,0,0.0,600.0,1126.2,0.5262
WT,WT_11,/root/neurothermo/WT/cc_11.abf,5,250.0,12.0,-30.0,0,0.0,600.0,1126.2,0.5262
WT,WT_11,/root/neurothermo/WT/cc_11.abf,5,250.0,12.0,-20.0,0,0.0,600.0,1126.2,0.5262
WT,WT_11,/root/neurothermo/WT/cc_11.abf,5,250.0,12.0,-10.0,0,0.0,600.0,1126.2,0.5262
WT,WT_11,/root/neurothermo/WT/cc_11.abf,5,250.0,15.0,-30.0,0,0.0,600.0,1126.2,0.5262
WT,WT_11,/root/neurothermo/WT/cc_11.abf,5,250.0,15.0,-20.0,0,0.0,600.0,1126.2,0.5262
WT,WT_11,/root/neurothermo/WT/cc_11.abf,5,250.0,15.0,-10.0,0,0.0,600.0,1126.2,0.5262
WT,WT_11,/root/neurothermo/WT/cc_11.abf,6,300.0,8.0,-30.0,0,0.0,600.0,1126.2,0.5262
WT,WT_11,/root/neurothermo/WT/cc_11.abf,6,300.0,8.0,-20.0,0,0.0,600.0,1126.2,0.5262
WT,WT_11,/root/neurothermo/WT/cc_11.abf,6,300.0,8.0,-10.0,0,0.0,600.0,1126.2,0.5262
WT,WT_11,/root/neurothermo/WT/cc_11.abf,6,300.0,10.0,-30.0,0,0.0,600.0,1126.2,0.5262
WT,WT_11,/root/neurothermo/WT/cc_11.abf,6,300.0,10.0,-20.0,0,0.0,600.0,1126.2,0.5262
WT,WT_11,/root/neurothermo/WT/cc_11.abf,6,300.0,10.0,-10.0,0,0.0,600.0,1126.2,0.5262
WT,WT_11,/root/neurothermo/WT/cc_11.abf,6,300.0,12.0,-30.0,0,0.0,600.0,1126.2,0.5262
WT,WT_11,/root/neurothermo/WT/cc_11.abf,6,300.0,12.0,-20.0,0,0.0,600.0,1126.2,0.5262
WT,WT_11,/root/neurothermo/WT/cc_11.abf,6,300.0,12.0,-10.0,0,0.0,600.0,1126.2,0.5262
WT,WT_11,/root/neurothermo/WT/cc_11.abf,6,300.0,15.0,-30.0,0,0.0,600.0,1126.2,0.5262
WT,WT_11,/root/neurothermo/WT/cc_11.abf,6,300.0,15.0,-20.0,0,0.0,600.0,1126.2,0.5262
WT,WT_11,/root/neurothermo/WT/cc_11.abf,6,300.0,15.0,-10.0,0,0.0,600.0,1126.2,0.5262
WT,WT_11,/root/neurothermo/WT/cc_11.abf,7,350.0,8.0,-30.0,0,0.0,600.0,1126.2,0.5262
WT,WT_11,/root/neurothermo/WT/cc_11.abf,7,350.0,8.0,-20.0,0,0.0,600.0,1126.2,0.5262
WT,WT_11,/root/neurothermo/WT/cc_11.abf,7,350.0,8.0,-10.0,0,0.0,600.0,1126.2,0.5262
WT,WT_11,/root/neurothermo/WT/cc_11.abf,7,350.0,10.0,-30.0,0,0.0,600.0,1126.2,0.5262
WT,WT_11,/root/neurothermo/WT/cc_11.abf,7,350.0,10.0,-20.0,0,0.0,600.0,1126.2,0.5262
WT,WT_11,/root/neurothermo/WT/cc_11.abf,7,350.0,10.0,-10.0,0,0.0,600.0,1126.2,0.5262
WT,WT_11,/root/neurothermo/WT/cc_11.abf,7,350.0,12.0,-30.0,0,0.0,600.0,1126.2,0.5262
WT,WT_11,/root/neurothermo/WT/cc_11.abf,7,350.0,12.0,-20.0,0,0.0,600.0,1126.2,0.5262
WT,WT_11,/root/neurothermo/WT/cc_11.abf,7,350.0,12.0,-10.0,0,0.0,600.0,1126.2,0.5262
WT,WT_11,/root/neurothermo/WT/cc_11.abf,7,350.0,15.0,-30.0,0,0.0,600.0,1126.2,0.5262
WT,WT_11,/root/neurothermo/WT/cc_11.abf,7,350.0,15.0,-20.0,0,0.0,600.0,1126.2,0.5262
WT,WT_11,/root/neurothermo/WT/cc_11.abf,7,350.0,15.0,-10.0,0,0.0,600.0,1126.2,0.5262
WT,WT_11,/root/neurothermo/WT/cc_11.abf,8,400.0,8.0,-30.0,0,0.0,600.0,1126.2,0.5262
WT,WT_11,/root/neurothermo/WT/cc_11.abf,8,400.0,8.0,-20.0,0,0.0,600.0,1126.2,0.5262
WT,WT_11,/root/neurothermo/WT/cc_11.abf,8,400.0,8.0,-10.0,0,0.0,600.0,1126.2,0.5262
WT,WT_11,/root/neurothermo/WT/cc_11.abf,8,400.0,10.0,-30.0,0,0.0,600.0,1126.2,0.5262
WT,WT_11,/root/neurothermo/WT/cc_11.abf,8,400.0,10.0,-20.0,0,0.0,600.0,1126.2,0.5262
WT,WT_11,/root/neurothermo/WT/cc_11.abf,8,400.0,10.0,-10.0,0,0.0,600.0,1126.2,0.5262
WT,WT_11,/root/neurothermo/WT/cc_11.abf,8,400.0,12.0,-30.0,0,0.0,600.0,1126.2,0.5262
WT,WT_11,/root/neurothermo/WT/cc_11.abf,8,400.0,12.0,-20.0,0,0.0,600.0,1126.2,0.5262
WT,WT_11,/root/neurothermo/WT/cc_11.abf,8,400.0,12.0,-10.0,0,0.0,600.0,1126.2,0.5262
WT,WT_11,/root/neurothermo/WT/cc_11.abf,8,400.0,15.0,-30.0,0,0.0,600.0,1126.2,0.5262
WT,WT_11,/root/neurothermo/WT/cc_11.abf,8,400.0,15.0,-20.0,0,0.0,600.0,1126.2,0.5262
WT,WT_11,/root/neurothermo/WT/cc_11.abf,8,400.0,15.0,-10.0,0,0.0,600.0,1126.2,0.5262
WT,WT_11,/root/neurothermo/WT/cc_11.abf,9,450.0,8.0,-30.0,12,22.80501710376283,600.0,1126.2,0.5262
WT,WT_11,/root/neurothermo/WT/cc_11.abf,9,450.0,8.0,-20.0,12,22.80501710376283,600.0,1126.2,0.5262
WT,WT_11,/root/neurothermo/WT/cc_11.abf,9,450.0,8.0,-10.0,0,0.0,600.0,1126.2,0.5262
WT,WT_11,/root/neurothermo/WT/cc_11.abf,9,450.0,10.0,-30.0,12,22.80501710376283,600.0,1126.2,0.5262
WT,WT_11,/root/neurothermo/WT/cc_11.abf,9,450.0,10.0,-20.0,12,22.80501710376283,600.0,1126.2,0.5262
WT,WT_11,/root/neurothermo/WT/cc_11.abf,9,450.0,10.0,-10.0,0,0.0,600.0,1126.2,0.5262
WT,WT_11,/root/neurothermo/WT/cc_11.abf,9,450.0,12.0,-30.0,12,22.80501710376283,600.0,1126.2,0.5262
WT,WT_11,/root/neurothermo/WT/cc_11.abf,9,450.0,12.0,-20.0,12,22.80501710376283,600.0,1126.2,0.5262
WT,WT_11,/root/neurothermo/WT/cc_11.abf,9,450.0,12.0,-10.0,0,0.0,600.0,1126.2,0.5262
WT,WT_11,/root/neurothermo/WT/cc_11.abf,9,450.0,15.0,-30.0,12,22.80501710376283,600.0,1126.2,0.5262
WT,WT_11,/root/neurothermo/WT/cc_11.abf,9,450.0,15.0,-20.0,12,22.80501710376283,600.0,1126.2,0.5262
WT,WT_11,/root/neurothermo/WT/cc_11.abf,9,450.0,15.0,-10.0,0,0.0,600.0,1126.2,0.5262
WT,WT_11,/root/neurothermo/WT/cc_11.abf,10,500.0,8.0,-30.0,26,49.41087039148613,600.0,1126.2,0.5262
WT,WT_11,/root/neurothermo/WT/cc_11.abf,10,500.0,8.0,-20.0,26,49.41087039148613,600.0,1126.2,0.5262
WT,WT_11,/root/neurothermo/WT/cc_11.abf,10,500.0,8.0,-10.0,18,34.20752565564424,600.0,1126.2,0.5262
WT,WT_11,/root/neurothermo/WT/cc_11.abf,10,500.0,10.0,-30.0,26,49.41087039148613,600.0,1126.2,0.5262
WT,WT_11,/root/neurothermo/WT/cc_11.abf,10,500.0,10.0,-20.0,26,49.41087039148613,600.0,1126.2,0.5262
WT,WT_11,/root/neurothermo/WT/cc_11.abf,10,500.0,10.0,-10.0,18,34.20752565564424,600.0,1126.2,0.5262
WT,WT_11,/root/neurothermo/WT/cc_11.abf,10,500.0,12.0,-30.0,26,49.41087039148613,600.0,1126.2,0.5262
WT,WT_11,/root/neurothermo/WT/cc_11.abf,10,500.0,12.0,-20.0,26,49.41087039148613,600.0,1126.2,0.5262
WT,WT_11,/root/neurothermo/WT/cc_11.abf,10,500.0,12.0,-10.0,18,34.20752565564424,600.0,1126.2,0.5262
WT,WT_11,/root/neurothermo/WT/cc_11.abf,10,500.0,15.0,-30.0,26,49.41087039148613,600.0,1126.2,0.5262
WT,WT_11,/root/neurothermo/WT/cc_11.abf,10,500.0,15.0,-20.0,26,49.41087039148613,600.0,1126.2,0.5262
WT,WT_11,/root/neurothermo/WT/cc_11.abf,10,500.0,15.0,-10.0,18,34.20752565564424,600.0,1126.2,0.5262
WT,WT_11,/root/neurothermo/WT/cc_11.abf,11,550.0,8.0,-30.0,23,43.70961611554542,600.0,1126.2,0.5262
WT,WT_11,/root/neurothermo/WT/cc_11.abf,11,550.0,8.0,-20.0,23,43.70961611554542,600.0,1126.2,0.5262
WT,WT_11,/root/neurothermo/WT/cc_11.abf,11,550.0,8.0,-10.0,23,43.70961611554542,600.0,1126.2,0.5262
WT,WT_11,/root/neurothermo/WT/cc_11.abf,11,550.0,10.0,-30.0,23,43.70961611554542,600.0,1126.2,0.5262
WT,WT_11,/root/neurothermo/WT/cc_11.abf,11,550.0,10.0,-20.0,23,43.70961611554542,600.0,1126.2,0.5262
WT,WT_11,/root/neurothermo/WT/cc_11.abf,11,550.0,10.0,-10.0,23,43.70961611554542,600.0,1126.2,0.5262
WT,WT_11,/root/neurothermo/WT/cc_11.abf,11,550.0,12.0,-30.0,23,43.70961611554542,600.0,1126.2,0.5262
WT,WT_11,/root/neurothermo/WT/cc_11.abf,11,550.0,12.0,-20.0,23,43.70961611554542,600.0,1126.2,0.5262
WT,WT_11,/root/neurothermo/WT/cc_11.abf,11,550.0,12.0,-10.0,23,43.70961611554542,600.0,1126.2,0.5262
WT,WT_11,/root/neurothermo/WT/cc_11.abf,11,550.0,15.0,-30.0,23,43.70961611554542,600.0,1126.2,0.5262
WT,WT_11,/root/neurothermo/WT/cc_11.abf,11,550.0,15.0,-20.0,23,43.70961611554542,600.0,1126.2,0.5262
WT,WT_11,/root/neurothermo/WT/cc_11.abf,11,550.0,15.0,-10.0,23,43.70961611554542,600.0,1126.2,0.5262
WT,WT_11,/root/neurothermo/WT/cc_11.abf,12,600.0,8.0,-30.0,1,1.9004180919802356,600.0,1126.2,0.5262
WT,WT_11,/root/neurothermo/WT/cc_11.abf,12,600.0,8.0,-20.0,1,1.9004180919802356,600.0,1126.2,0.5262
WT,WT_11,/root/neurothermo/WT/cc_11.abf,12,600.0,8.0,-10.0,1,1.9004180919802356,600.0,1126.2,0.5262
WT,WT_11,/root/neurothermo/WT/cc_11.abf,12,600.0,10.0,-30.0,1,1.9004180919802356,600.0,1126.2,0.5262
WT,WT_11,/root/neurothermo/WT/cc_11.abf,12,600.0,10.0,-20.0,1,1.9004180919802356,600.0,1126.2,0.5262
WT,WT_11,/root/neurothermo/WT/cc_11.abf,12,600.0,10.0,-10.0,1,1.9004180919802356,600.0,1126.2,0.5262
WT,WT_11,/root/neurothermo/WT/cc_11.abf,12,600.0,12.0,-30.0,1,1.9004180919802356,600.0,1126.2,0.5262
WT,WT_11,/root/neurothermo/WT/cc_11.abf,12,600.0,12.0,-20.0,1,1.9004180919802356,600.0,1126.2,0.5262
WT,WT_11,/root/neurothermo/WT/cc_11.abf,12,600.0,12.0,-10.0,1,1.9004180919802356,600.0,1126.2,0.5262
WT,WT_11,/root/neurothermo/WT/cc_11.abf,12,600.0,15.0,-30.0,1,1.9004180919802356,600.0,1126.2,0.5262
WT,WT_11,/root/neurothermo/WT/cc_11.abf,12,600.0,15.0,-20.0,1,1.9004180919802356,600.0,1126.2,0.5262
WT,WT_11,/root/neurothermo/WT/cc_11.abf,12,600.0,15.0,-10.0,1,1.9004180919802356,600.0,1126.2,0.5262
WT,WT_12,/root/neurothermo/WT/cc_12.abf,0,0.0,8.0,-30.0,0,0.0,600.0,1126.2,0.5262
WT,WT_12,/root/neurothermo/WT/cc_12.abf,0,0.0,8.0,-20.0,0,0.0,600.0,1126.2,0.5262
WT,WT_12,/root/neurothermo/WT/cc_12.abf,0,0.0,8.0,-10.0,0,0.0,600.0,1126.2,0.5262
WT,WT_12,/root/neurothermo/WT/cc_12.abf,0,0.0,10.0,-30.0,0,0.0,600.0,1126.2,0.5262
WT,WT_12,/root/neurothermo/WT/cc_12.abf,0,0.0,10.0,-20.0,0,0.0,600.0,1126.2,0.5262
WT,WT_12,/root/neurothermo/WT/cc_12.abf,0,0.0,10.0,-10.0,0,0.0,600.0,1126.2,0.5262
WT,WT_12,/root/neurothermo/WT/cc_12.abf,0,0.0,12.0,-30.0,0,0.0,600.0,1126.2,0.5262
WT,WT_12,/root/neurothermo/WT/cc_12.abf,0,0.0,12.0,-20.0,0,0.0,600.0,1126.2,0.5262
WT,WT_12,/root/neurothermo/WT/cc_12.abf,0,0.0,12.0,-10.0,0,0.0,600.0,1126.2,0.5262
WT,WT_12,/root/neurothermo/WT/cc_12.abf,0,0.0,15.0,-30.0,0,0.0,600.0,1126.2,0.5262
WT,WT_12,/root/neurothermo/WT/cc_12.abf,0,0.0,15.0,-20.0,0,0.0,600.0,1126.2,0.5262
WT,WT_12,/root/neurothermo/WT/cc_12.abf,0,0.0,15.0,-10.0,0,0.0,600.0,1126.2,0.5262
WT,WT_12,/root/neurothermo/WT/cc_12.abf,1,50.0,8.0,-30.0,0,0.0,600.0,1126.2,0.5262
WT,WT_12,/root/neurothermo/WT/cc_12.abf,1,50.0,8.0,-20.0,0,0.0,600.0,1126.2,0.5262
WT,WT_12,/root/neurothermo/WT/cc_12.abf,1,50.0,8.0,-10.0,0,0.0,600.0,1126.2,0.5262
WT,WT_12,/root/neurothermo/WT/cc_12.abf,1,50.0,10.0,-30.0,0,0.0,600.0,1126.2,0.5262
WT,WT_12,/root/neurothermo/WT/cc_12.abf,1,50.0,10.0,-20.0,0,0.0,600.0,1126.2,0.5262
WT,WT_12,/root/neurothermo/WT/cc_12.abf,1,50.0,10.0,-10.0,0,0.0,600.0,1126.2,0.5262
WT,WT_12,/root/neurothermo/WT/cc_12.abf,1,50.0,12.0,-30.0,0,0.0,600.0,1126.2,0.5262
WT,WT_12,/root/neurothermo/WT/cc_12.abf,1,50.0,12.0,-20.0,0,0.0,600.0,1126.2,0.5262
WT,WT_12,/root/neurothermo/WT/cc_12.abf,1,50.0,12.0,-10.0,0,0.0,600.0,1126.2,0.5262
WT,WT_12,/root/neurothermo/WT/cc_12.abf,1,50.0,15.0,-30.0,0,0.0,600.0,1126.2,0.5262
WT,WT_12,/root/neurothermo/WT/cc_12.abf,1,50.0,15.0,-20.0,0,0.0,600.0,1126.2,0.5262
WT,WT_12,/root/neurothermo/WT/cc_12.abf,1,50.0,15.0,-10.0,0,0.0,600.0,1126.2,0.5262
WT,WT_12,/root/neurothermo/WT/cc_12.abf,2,100.0,8.0,-30.0,0,0.0,600.0,1126.2,0.5262
WT,WT_12,/root/neurothermo/WT/cc_12.abf,2,100.0,8.0,-20.0,0,0.0,600.0,1126.2,0.5262
WT,WT_12,/root/neurothermo/WT/cc_12.abf,2,100.0,8.0,-10.0,0,0.0,600.0,1126.2,0.5262
WT,WT_12,/root/neurothermo/WT/cc_12.abf,2,100.0,10.0,-30.0,0,0.0,600.0,1126.2,0.5262
WT,WT_12,/root/neurothermo/WT/cc_12.abf,2,100.0,10.0,-20.0,0,0.0,600.0,1126.2,0.5262
WT,WT_12,/root/neurothermo/WT/cc_12.abf,2,100.0,10.0,-10.0,0,0.0,600.0,1126.2,0.5262
WT,WT_12,/root/neurothermo/WT/cc_12.abf,2,100.0,12.0,-30.0,0,0.0,600.0,1126.2,0.5262
WT,WT_12,/root/neurothermo/WT/cc_12.abf,2,100.0,12.0,-20.0,0,0.0,600.0,1126.2,0.5262
WT,WT_12,/root/neurothermo/WT/cc_12.abf,2,100.0,12.0,-10.0,0,0.0,600.0,1126.2,0.5262
WT,WT_12,/root/neurothermo/WT/cc_12.abf,2,100.0,15.0,-30.0,0,0.0,600.0,1126.2,0.5262
WT,WT_12,/root/neurothermo/WT/cc_12.abf,2,100.0,15.0,-20.0,0,0.0,600.0,1126.2,0.5262
WT,WT_12,/root/neurothermo/WT/cc_12.abf,2,100.0,15.0,-10.0,0,0.0,600.0,1126.2,0.5262
WT,WT_12,/root/neurothermo/WT/cc_12.abf,3,150.0,8.0,-30.0,0,0.0,600.0,1126.2,0.5262
WT,WT_12,/root/neurothermo/WT/cc_12.abf,3,150.0,8.0,-20.0,0,0.0,600.0,1126.2,0.5262
WT,WT_12,/root/neurothermo/WT/cc_12.abf,3,150.0,8.0,-10.0,0,0.0,600.0,1126.2,0.5262
WT,WT_12,/root/neurothermo/WT/cc_12.abf,3,150.0,10.0,-30.0,0,0.0,600.0,1126.2,0.5262
WT,WT_12,/root/neurothermo/WT/cc_12.abf,3,150.0,10.0,-20.0,0,0.0,600.0,1126.2,0.5262
WT,WT_12,/root/neurothermo/WT/cc_12.abf,3,150.0,10.0,-10.0,0,0.0,600.0,1126.2,0.5262
WT,WT_12,/root/neurothermo/WT/cc_12.abf,3,150.0,12.0,-30.0,0,0.0,600.0,1126.2,0.5262
WT,WT_12,/root/neurothermo/WT/cc_12.abf,3,150.0,12.0,-20.0,0,0.0,600.0,1126.2,0.5262
WT,WT_12,/root/neurothermo/WT/cc_12.abf,3,150.0,12.0,-10.0,0,0.0,600.0,1126.2,0.5262
WT,WT_12,/root/neurothermo/WT/cc_12.abf,3,150.0,15.0,-30.0,0,0.0,600.0,1126.2,0.5262
WT,WT_12,/root/neurothermo/WT/cc_12.abf,3,150.0,15.0,-20.0,0,0.0,600.0,1126.2,0.5262
WT,WT_12,/root/neurothermo/WT/cc_12.abf,3,150.0,15.0,-10.0,0,0.0,600.0,1126.2,0.5262
WT,WT_12,/root/neurothermo/WT/cc_12.abf,4,200.0,8.0,-30.0,0,0.0,600.0,1126.2,0.5262
WT,WT_12,/root/neurothermo/WT/cc_12.abf,4,200.0,8.0,-20.0,0,0.0,600.0,1126.2,0.5262
WT,WT_12,/root/neurothermo/WT/cc_12.abf,4,200.0,8.0,-10.0,0,0.0,600.0,1126.2,0.5262
WT,WT_12,/root/neurothermo/WT/cc_12.abf,4,200.0,10.0,-30.0,0,0.0,600.0,1126.2,0.5262
WT,WT_12,/root/neurothermo/WT/cc_12.abf,4,200.0,10.0,-20.0,0,0.0,600.0,1126.2,0.5262
WT,WT_12,/root/neurothermo/WT/cc_12.abf,4,200.0,10.0,-10.0,0,0.0,600.0,1126.2,0.5262
WT,WT_12,/root/neurothermo/WT/cc_12.abf,4,200.0,12.0,-30.0,0,0.0,600.0,1126.2,0.5262
WT,WT_12,/root/neurothermo/WT/cc_12.abf,4,200.0,12.0,-20.0,0,0.0,600.0,1126.2,0.5262
WT,WT_12,/root/neurothermo/WT/cc_12.abf,4,200.0,12.0,-10.0,0,0.0,600.0,1126.2,0.5262
WT,WT_12,/root/neurothermo/WT/cc_12.abf,4,200.0,15.0,-30.0,0,0.0,600.0,1126.2,0.5262
WT,WT_12,/root/neurothermo/WT/cc_12.abf,4,200.0,15.0,-20.0,0,0.0,600.0,1126.2,0.5262
WT,WT_12,/root/neurothermo/WT/cc_12.abf,4,200.0,15.0,-10.0,0,0.0,600.0,1126.2,0.5262
WT,WT_12,/root/neurothermo/WT/cc_12.abf,5,250.0,8.0,-30.0,0,0.0,600.0,1126.2,0.5262
WT,WT_12,/root/neurothermo/WT/cc_12.abf,5,250.0,8.0,-20.0,0,0.0,600.0,1126.2,0.5262
WT,WT_12,/root/neurothermo/WT/cc_12.abf,5,250.0,8.0,-10.0,0,0.0,600.0,1126.2,0.5262
WT,WT_12,/root/neurothermo/WT/cc_12.abf,5,250.0,10.0,-30.0,0,0.0,600.0,1126.2,0.5262
WT,WT_12,/root/neurothermo/WT/cc_12.abf,5,250.0,10.0,-20.0,0,0.0,600.0,1126.2,0.5262
WT,WT_12,/root/neurothermo/WT/cc_12.abf,5,250.0,10.0,-10.0,0,0.0,600.0,1126.2,0.5262
WT,WT_12,/root/neurothermo/WT/cc_12.abf,5,250.0,12.0,-30.0,0,0.0,600.0,1126.2,0.5262
WT,WT_12,/root/neurothermo/WT/cc_12.abf,5,250.0,12.0,-20.0,0,0.0,600.0,1126.2,0.5262
WT,WT_12,/root/neurothermo/WT/cc_12.abf,5,250.0,12.0,-10.0,0,0.0,600.0,1126.2,0.5262
WT,WT_12,/root/neurothermo/WT/cc_12.abf,5,250.0,15.0,-30.0,0,0.0,600.0,1126.2,0.5262
WT,WT_12,/root/neurothermo/WT/cc_12.abf,5,250.0,15.0,-20.0,0,0.0,600.0,1126.2,0.5262
WT,WT_12,/root/neurothermo/WT/cc_12.abf,5,250.0,15.0,-10.0,0,0.0,600.0,1126.2,0.5262
WT,WT_12,/root/neurothermo/WT/cc_12.abf,6,300.0,8.0,-30.0,0,0.0,600.0,1126.2,0.5262
WT,WT_12,/root/neurothermo/WT/cc_12.abf,6,300.0,8.0,-20.0,0,0.0,600.0,1126.2,0.5262
WT,WT_12,/root/neurothermo/WT/cc_12.abf,6,300.0,8.0,-10.0,0,0.0,600.0,1126.2,0.5262
WT,WT_12,/root/neurothermo/WT/cc_12.abf,6,300.0,10.0,-30.0,0,0.0,600.0,1126.2,0.5262
WT,WT_12,/root/neurothermo/WT/cc_12.abf,6,300.0,10.0,-20.0,0,0.0,600.0,1126.2,0.5262
WT,WT_12,/root/neurothermo/WT/cc_12.abf,6,300.0,10.0,-10.0,0,0.0,600.0,1126.2,0.5262
WT,WT_12,/root/neurothermo/WT/cc_12.abf,6,300.0,12.0,-30.0,0,0.0,600.0,1126.2,0.5262
WT,WT_12,/root/neurothermo/WT/cc_12.abf,6,300.0,12.0,-20.0,0,0.0,600.0,1126.2,0.5262
WT,WT_12,/root/neurothermo/WT/cc_12.abf,6,300.0,12.0,-10.0,0,0.0,600.0,1126.2,0.5262
WT,WT_12,/root/neurothermo/WT/cc_12.abf,6,300.0,15.0,-30.0,0,0.0,600.0,1126.2,0.5262
WT,WT_12,/root/neurothermo/WT/cc_12.abf,6,300.0,15.0,-20.0,0,0.0,600.0,1126.2,0.5262
WT,WT_12,/root/neurothermo/WT/cc_12.abf,6,300.0,15.0,-10.0,0,0.0,600.0,1126.2,0.5262
WT,WT_12,/root/neurothermo/WT/cc_12.abf,7,350.0,8.0,-30.0,0,0.0,600.0,1126.2,0.5262
WT,WT_12,/root/neurothermo/WT/cc_12.abf,7,350.0,8.0,-20.0,0,0.0,600.0,1126.2,0.5262
WT,WT_12,/root/neurothermo/WT/cc_12.abf,7,350.0,8.0,-10.0,0,0.0,600.0,1126.2,0.5262
WT,WT_12,/root/neurothermo/WT/cc_12.abf,7,350.0,10.0,-30.0,0,0.0,600.0,1126.2,0.5262
WT,WT_12,/root/neurothermo/WT/cc_12.abf,7,350.0,10.0,-20.0,0,0.0,600.0,1126.2,0.5262
WT,WT_12,/root/neurothermo/WT/cc_12.abf,7,350.0,10.0,-10.0,0,0.0,600.0,1126.2,0.5262
WT,WT_12,/root/neurothermo/WT/cc_12.abf,7,350.0,12.0,-30.0,0,0.0,600.0,1126.2,0.5262
WT,WT_12,/root/neurothermo/WT/cc_12.abf,7,350.0,12.0,-20.0,0,0.0,600.0,1126.2,0.5262
WT,WT_12,/root/neurothermo/WT/cc_12.abf,7,350.0,12.0,-10.0,0,0.0,600.0,1126.2,0.5262
WT,WT_12,/root/neurothermo/WT/cc_12.abf,7,350.0,15.0,-30.0,0,0.0,600.0,1126.2,0.5262
WT,WT_12,/root/neurothermo/WT/cc_12.abf,7,350.0,15.0,-20.0,0,0.0,600.0,1126.2,0.5262
WT,WT_12,/root/neurothermo/WT/cc_12.abf,7,350.0,15.0,-10.0,0,0.0,600.0,1126.2,0.5262
WT,WT_12,/root/neurothermo/WT/cc_12.abf,8,400.0,8.0,-30.0,0,0.0,600.0,1126.2,0.5262
WT,WT_12,/root/neurothermo/WT/cc_12.abf,8,400.0,8.0,-20.0,0,0.0,600.0,1126.2,0.5262
WT,WT_12,/root/neurothermo/WT/cc_12.abf,8,400.0,8.0,-10.0,0,0.0,600.0,1126.2,0.5262
WT,WT_12,/root/neurothermo/WT/cc_12.abf,8,400.0,10.0,-30.0,0,0.0,600.0,1126.2,0.5262
WT,WT_12,/root/neurothermo/WT/cc_12.abf,8,400.0,10.0,-20.0,0,0.0,600.0,1126.2,0.5262
WT,WT_12,/root/neurothermo/WT/cc_12.abf,8,400.0,10.0,-10.0,0,0.0,600.0,1126.2,0.5262
WT,WT_12,/root/neurothermo/WT/cc_12.abf,8,400.0,12.0,-30.0,0,0.0,600.0,1126.2,0.5262
WT,WT_12,/root/neurothermo/WT/cc_12.abf,8,400.0,12.0,-20.0,0,0.0,600.0,1126.2,0.5262
WT,WT_12,/root/neurothermo/WT/cc_12.abf,8,400.0,12.0,-10.0,0,0.0,600.0,1126.2,0.5262
WT,WT_12,/root/neurothermo/WT/cc_12.abf,8,400.0,15.0,-30.0,0,0.0,600.0,1126.2,0.5262
WT,WT_12,/root/neurothermo/WT/cc_12.abf,8,400.0,15.0,-20.0,0,0.0,600.0,1126.2,0.5262
WT,WT_12,/root/neurothermo/WT/cc_12.abf,8,400.0,15.0,-10.0,0,0.0,600.0,1126.2,0.5262
WT,WT_12,/root/neurothermo/WT/cc_12.abf,9,450.0,8.0,-30.0,0,0.0,600.0,1126.2,0.5262
WT,WT_12,/root/neurothermo/WT/cc_12.abf,9,450.0,8.0,-20.0,0,0.0,600.0,1126.2,0.5262
WT,WT_12,/root/neurothermo/WT/cc_12.abf,9,450.0,8.0,-10.0,0,0.0,600.0,1126.2,0.5262
WT,WT_12,/root/neurothermo/WT/cc_12.abf,9,450.0,10.0,-30.0,0,0.0,600.0,1126.2,0.5262
WT,WT_12,/root/neurothermo/WT/cc_12.abf,9,450.0,10.0,-20.0,0,0.0,600.0,1126.2,0.5262
WT,WT_12,/root/neurothermo/WT/cc_12.abf,9,450.0,10.0,-10.0,0,0.0,600.0,1126.2,0.5262
WT,WT_12,/root/neurothermo/WT/cc_12.abf,9,450.0,12.0,-30.0,0,0.0,600.0,1126.2,0.5262
WT,WT_12,/root/neurothermo/WT/cc_12.abf,9,450.0,12.0,-20.0,0,0.0,600.0,1126.2,0.5262
WT,WT_12,/root/neurothermo/WT/cc_12.abf,9,450.0,12.0,-10.0,0,0.0,600.0,1126.2,0.5262
WT,WT_12,/root/neurothermo/WT/cc_12.abf,9,450.0,15.0,-30.0,0,0.0,600.0,1126.2,0.5262
WT,WT_12,/root/neurothermo/WT/cc_12.abf,9,450.0,15.0,-20.0,0,0.0,600.0,1126.2,0.5262
WT,WT_12,/root/neurothermo/WT/cc_12.abf,9,450.0,15.0,-10.0,0,0.0,600.0,1126.2,0.5262
WT,WT_12,/root/neurothermo/WT/cc_12.abf,10,500.0,8.0,-30.0,10,19.004180919802355,600.0,1126.2,0.5262
WT,WT_12,/root/neurothermo/WT/cc_12.abf,10,500.0,8.0,-20.0,10,19.004180919802355,600.0,1126.2,0.5262
WT,WT_12,/root/neurothermo/WT/cc_12.abf,10,500.0,8.0,-10.0,0,0.0,600.0,1126.2,0.5262
WT,WT_12,/root/neurothermo/WT/cc_12.abf,10,500.0,10.0,-30.0,10,19.004180919802355,600.0,1126.2,0.5262
WT,WT_12,/root/neurothermo/WT/cc_12.abf,10,500.0,10.0,-20.0,10,19.004180919802355,600.0,1126.2,0.5262
WT,WT_12,/root/neurothermo/WT/cc_12.abf,10,500.0,10.0,-10.0,0,0.0,600.0,1126.2,0.5262
WT,WT_12,/root/neurothermo/WT/cc_12.abf,10,500.0,12.0,-30.0,10,19.004180919802355,600.0,1126.2,0.5262
WT,WT_12,/root/neurothermo/WT/cc_12.abf,10,500.0,12.0,-20.0,10,19.004180919802355,600.0,1126.2,0.5262
WT,WT_12,/root/neurothermo/WT/cc_12.abf,10,500.0,12.0,-10.0,0,0.0,600.0,1126.2,0.5262
WT,WT_12,/root/neurothermo/WT/cc_12.abf,10,500.0,15.0,-30.0,10,19.004180919802355,600.0,1126.2,0.5262
WT,WT_12,/root/neurothermo/WT/cc_12.abf,10,500.0,15.0,-20.0,10,19.004180919802355,600.0,1126.2,0.5262
WT,WT_12,/root/neurothermo/WT/cc_12.abf,10,500.0,15.0,-10.0,0,0.0,600.0,1126.2,0.5262
WT,WT_12,/root/neurothermo/WT/cc_12.abf,11,550.0,8.0,-30.0,13,24.705435195743064,600.0,1126.2,0.5262
WT,WT_12,/root/neurothermo/WT/cc_12.abf,11,550.0,8.0,-20.0,13,24.705435195743064,600.0,1126.2,0.5262
WT,WT_12,/root/neurothermo/WT/cc_12.abf,11,550.0,8.0,-10.0,13,24.705435195743064,600.0,1126.2,0.5262
WT,WT_12,/root/neurothermo/WT/cc_12.abf,11,550.0,10.0,-30.0,13,24.705435195743064,600.0,1126.2,0.5262
WT,WT_12,/root/neurothermo/WT/cc_12.abf,11,550.0,10.0,-20.0,13,24.705435195743064,600.0,1126.2,0.5262
WT,WT_12,/root/neurothermo/WT/cc_12.abf,11,550.0,10.0,-10.0,13,24.705435195743064,600.0,1126.2,0.5262
WT,WT_12,/root/neurothermo/WT/cc_12.abf,11,550.0,12.0,-30.0,13,24.705435195743064,600.0,1126.2,0.5262
WT,WT_12,/root/neurothermo/WT/cc_12.abf,11,550.0,12.0,-20.0,13,24.705435195743064,600.0,1126.2,0.5262
WT,WT_12,/root/neurothermo/WT/cc_12.abf,11,550.0,12.0,-10.0,13,24.705435195743064,600.0,1126.2,0.5262
WT,WT_12,/root/neurothermo/WT/cc_12.abf,11,550.0,15.0,-30.0,13,24.705435195743064,600.0,1126.2,0.5262
WT,WT_12,/root/neurothermo/WT/cc_12.abf,11,550.0,15.0,-20.0,13,24.705435195743064,600.0,1126.2,0.5262
WT,WT_12,/root/neurothermo/WT/cc_12.abf,11,550.0,15.0,-10.0,13,24.705435195743064,600.0,1126.2,0.5262
WT,WT_12,/root/neurothermo/WT/cc_12.abf,12,600.0,8.0,-30.0,17,32.307107563664005,600.0,1126.2,0.5262
WT,WT_12,/root/neurothermo/WT/cc_12.abf,12,600.0,8.0,-20.0,17,32.307107563664005,600.0,1126.2,0.5262
WT,WT_12,/root/neurothermo/WT/cc_12.abf,12,600.0,8.0,-10.0,3,5.701254275940707,600.0,1126.2,0.5262
WT,WT_12,/root/neurothermo/WT/cc_12.abf,12,600.0,10.0,-30.0,17,32.307107563664005,600.0,1126.2,0.5262
WT,WT_12,/root/neurothermo/WT/cc_12.abf,12,600.0,10.0,-20.0,17,32.307107563664005,600.0,1126.2,0.5262
WT,WT_12,/root/neurothermo/WT/cc_12.abf,12,600.0,10.0,-10.0,3,5.701254275940707,600.0,1126.2,0.5262
WT,WT_12,/root/neurothermo/WT/cc_12.abf,12,600.0,12.0,-30.0,17,32.307107563664005,600.0,1126.2,0.5262
WT,WT_12,/root/neurothermo/WT/cc_12.abf,12,600.0,12.0,-20.0,17,32.307107563664005,600.0,1126.2,0.5262
WT,WT_12,/root/neurothermo/WT/cc_12.abf,12,600.0,12.0,-10.0,3,5.701254275940707,600.0,1126.2,0.5262
WT,WT_12,/root/neurothermo/WT/cc_12.abf,12,600.0,15.0,-30.0,17,32.307107563664005,600.0,1126.2,0.5262
WT,WT_12,/root/neurothermo/WT/cc_12.abf,12,600.0,15.0,-20.0,17,32.307107563664005,600.0,1126.2,0.5262
WT,WT_12,/root/neurothermo/WT/cc_12.abf,12,600.0,15.0,-10.0,3,5.701254275940707,600.0,1126.2,0.5262
WT,WT_13,/root/neurothermo/WT/cc_13.abf,0,0.0,8.0,-30.0,0,0.0,600.0,1126.2,0.5262
WT,WT_13,/root/neurothermo/WT/cc_13.abf,0,0.0,8.0,-20.0,0,0.0,600.0,1126.2,0.5262
WT,WT_13,/root/neurothermo/WT/cc_13.abf,0,0.0,8.0,-10.0,0,0.0,600.0,1126.2,0.5262
WT,WT_13,/root/neurothermo/WT/cc_13.abf,0,0.0,10.0,-30.0,0,0.0,600.0,1126.2,0.5262
WT,WT_13,/root/neurothermo/WT/cc_13.abf,0,0.0,10.0,-20.0,0,0.0,600.0,1126.2,0.5262
WT,WT_13,/root/neurothermo/WT/cc_13.abf,0,0.0,10.0,-10.0,0,0.0,600.0,1126.2,0.5262
WT,WT_13,/root/neurothermo/WT/cc_13.abf,0,0.0,12.0,-30.0,0,0.0,600.0,1126.2,0.5262
WT,WT_13,/root/neurothermo/WT/cc_13.abf,0,0.0,12.0,-20.0,0,0.0,600.0,1126.2,0.5262
WT,WT_13,/root/neurothermo/WT/cc_13.abf,0,0.0,12.0,-10.0,0,0.0,600.0,1126.2,0.5262
WT,WT_13,/root/neurothermo/WT/cc_13.abf,0,0.0,15.0,-30.0,0,0.0,600.0,1126.2,0.5262
WT,WT_13,/root/neurothermo/WT/cc_13.abf,0,0.0,15.0,-20.0,0,0.0,600.0,1126.2,0.5262
WT,WT_13,/root/neurothermo/WT/cc_13.abf,0,0.0,15.0,-10.0,0,0.0,600.0,1126.2,0.5262
WT,WT_13,/root/neurothermo/WT/cc_13.abf,1,50.0,8.0,-30.0,0,0.0,600.0,1126.2,0.5262
WT,WT_13,/root/neurothermo/WT/cc_13.abf,1,50.0,8.0,-20.0,0,0.0,600.0,1126.2,0.5262
WT,WT_13,/root/neurothermo/WT/cc_13.abf,1,50.0,8.0,-10.0,0,0.0,600.0,1126.2,0.5262
WT,WT_13,/root/neurothermo/WT/cc_13.abf,1,50.0,10.0,-30.0,0,0.0,600.0,1126.2,0.5262
WT,WT_13,/root/neurothermo/WT/cc_13.abf,1,50.0,10.0,-20.0,0,0.0,600.0,1126.2,0.5262
WT,WT_13,/root/neurothermo/WT/cc_13.abf,1,50.0,10.0,-10.0,0,0.0,600.0,1126.2,0.5262
WT,WT_13,/root/neurothermo/WT/cc_13.abf,1,50.0,12.0,-30.0,0,0.0,600.0,1126.2,0.5262
WT,WT_13,/root/neurothermo/WT/cc_13.abf,1,50.0,12.0,-20.0,0,0.0,600.0,1126.2,0.5262
WT,WT_13,/root/neurothermo/WT/cc_13.abf,1,50.0,12.0,-10.0,0,0.0,600.0,1126.2,0.5262
WT,WT_13,/root/neurothermo/WT/cc_13.abf,1,50.0,15.0,-30.0,0,0.0,600.0,1126.2,0.5262
WT,WT_13,/root/neurothermo/WT/cc_13.abf,1,50.0,15.0,-20.0,0,0.0,600.0,1126.2,0.5262
WT,WT_13,/root/neurothermo/WT/cc_13.abf,1,50.0,15.0,-10.0,0,0.0,600.0,1126.2,0.5262
WT,WT_13,/root/neurothermo/WT/cc_13.abf,2,100.0,8.0,-30.0,0,0.0,600.0,1126.2,0.5262
WT,WT_13,/root/neurothermo/WT/cc_13.abf,2,100.0,8.0,-20.0,0,0.0,600.0,1126.2,0.5262
WT,WT_13,/root/neurothermo/WT/cc_13.abf,2,100.0,8.0,-10.0,0,0.0,600.0,1126.2,0.5262
WT,WT_13,/root/neurothermo/WT/cc_13.abf,2,100.0,10.0,-30.0,0,0.0,600.0,1126.2,0.5262
WT,WT_13,/root/neurothermo/WT/cc_13.abf,2,100.0,10.0,-20.0,0,0.0,600.0,1126.2,0.5262
WT,WT_13,/root/neurothermo/WT/cc_13.abf,2,100.0,10.0,-10.0,0,0.0,600.0,1126.2,0.5262
WT,WT_13,/root/neurothermo/WT/cc_13.abf,2,100.0,12.0,-30.0,0,0.0,600.0,1126.2,0.5262
WT,WT_13,/root/neurothermo/WT/cc_13.abf,2,100.0,12.0,-20.0,0,0.0,600.0,1126.2,0.5262
WT,WT_13,/root/neurothermo/WT/cc_13.abf,2,100.0,12.0,-10.0,0,0.0,600.0,1126.2,0.5262
WT,WT_13,/root/neurothermo/WT/cc_13.abf,2,100.0,15.0,-30.0,0,0.0,600.0,1126.2,0.5262
WT,WT_13,/root/neurothermo/WT/cc_13.abf,2,100.0,15.0,-20.0,0,0.0,600.0,1126.2,0.5262
WT,WT_13,/root/neurothermo/WT/cc_13.abf,2,100.0,15.0,-10.0,0,0.0,600.0,1126.2,0.5262
WT,WT_13,/root/neurothermo/WT/cc_13.abf,3,150.0,8.0,-30.0,0,0.0,600.0,1126.2,0.5262
WT,WT_13,/root/neurothermo/WT/cc_13.abf,3,150.0,8.0,-20.0,0,0.0,600.0,1126.2,0.5262
WT,WT_13,/root/neurothermo/WT/cc_13.abf,3,150.0,8.0,-10.0,0,0.0,600.0,1126.2,0.5262
WT,WT_13,/root/neurothermo/WT/cc_13.abf,3,150.0,10.0,-30.0,0,0.0,600.0,1126.2,0.5262
WT,WT_13,/root/neurothermo/WT/cc_13.abf,3,150.0,10.0,-20.0,0,0.0,600.0,1126.2,0.5262
WT,WT_13,/root/neurothermo/WT/cc_13.abf,3,150.0,10.0,-10.0,0,0.0,600.0,1126.2,0.5262
WT,WT_13,/root/neurothermo/WT/cc_13.abf,3,150.0,12.0,-30.0,0,0.0,600.0,1126.2,0.5262
WT,WT_13,/root/neurothermo/WT/cc_13.abf,3,150.0,12.0,-20.0,0,0.0,600.0,1126.2,0.5262
WT,WT_13,/root/neurothermo/WT/cc_13.abf,3,150.0,12.0,-10.0,0,0.0,600.0,1126.2,0.5262
WT,WT_13,/root/neurothermo/WT/cc_13.abf,3,150.0,15.0,-30.0,0,0.0,600.0,1126.2,0.5262
WT,WT_13,/root/neurothermo/WT/cc_13.abf,3,150.0,15.0,-20.0,0,0.0,600.0,1126.2,0.5262
WT,WT_13,/root/neurothermo/WT/cc_13.abf,3,150.0,15.0,-10.0,0,0.0,600.0,1126.2,0.5262
WT,WT_13,/root/neurothermo/WT/cc_13.abf,4,200.0,8.0,-30.0,0,0.0,600.0,1126.2,0.5262
WT,WT_13,/root/neurothermo/WT/cc_13.abf,4,200.0,8.0,-20.0,0,0.0,600.0,1126.2,0.5262
WT,WT_13,/root/neurothermo/WT/cc_13.abf,4,200.0,8.0,-10.0,0,0.0,600.0,1126.2,0.5262
WT,WT_13,/root/neurothermo/WT/cc_13.abf,4,200.0,10.0,-30.0,0,0.0,600.0,1126.2,0.5262
WT,WT_13,/root/neurothermo/WT/cc_13.abf,4,200.0,10.0,-20.0,0,0.0,600.0,1126.2,0.5262
WT,WT_13,/root/neurothermo/WT/cc_13.abf,4,200.0,10.0,-10.0,0,0.0,600.0,1126.2,0.5262
WT,WT_13,/root/neurothermo/WT/cc_13.abf,4,200.0,12.0,-30.0,0,0.0,600.0,1126.2,0.5262
WT,WT_13,/root/neurothermo/WT/cc_13.abf,4,200.0,12.0,-20.0,0,0.0,600.0,1126.2,0.5262
WT,WT_13,/root/neurothermo/WT/cc_13.abf,4,200.0,12.0,-10.0,0,0.0,600.0,1126.2,0.5262
WT,WT_13,/root/neurothermo/WT/cc_13.abf,4,200.0,15.0,-30.0,0,0.0,600.0,1126.2,0.5262
WT,WT_13,/root/neurothermo/WT/cc_13.abf,4,200.0,15.0,-20.0,0,0.0,600.0,1126.2,0.5262
WT,WT_13,/root/neurothermo/WT/cc_13.abf,4,200.0,15.0,-10.0,0,0.0,600.0,1126.2,0.5262
WT,WT_13,/root/neurothermo/WT/cc_13.abf,5,250.0,8.0,-30.0,0,0.0,600.0,1126.2,0.5262
WT,WT_13,/root/neurothermo/WT/cc_13.abf,5,250.0,8.0,-20.0,0,0.0,600.0,1126.2,0.5262
WT,WT_13,/root/neurothermo/WT/cc_13.abf,5,250.0,8.0,-10.0,0,0.0,600.0,1126.2,0.5262
WT,WT_13,/root/neurothermo/WT/cc_13.abf,5,250.0,10.0,-30.0,0,0.0,600.0,1126.2,0.5262
WT,WT_13,/root/neurothermo/WT/cc_13.abf,5,250.0,10.0,-20.0,0,0.0,600.0,1126.2,0.5262
WT,WT_13,/root/neurothermo/WT/cc_13.abf,5,250.0,10.0,-10.0,0,0.0,600.0,1126.2,0.5262
WT,WT_13,/root/neurothermo/WT/cc_13.abf,5,250.0,12.0,-30.0,0,0.0,600.0,1126.2,0.5262
WT,WT_13,/root/neurothermo/WT/cc_13.abf,5,250.0,12.0,-20.0,0,0.0,600.0,1126.2,0.5262
WT,WT_13,/root/neurothermo/WT/cc_13.abf,5,250.0,12.0,-10.0,0,0.0,600.0,1126.2,0.5262
WT,WT_13,/root/neurothermo/WT/cc_13.abf,5,250.0,15.0,-30.0,0,0.0,600.0,1126.2,0.5262
WT,WT_13,/root/neurothermo/WT/cc_13.abf,5,250.0,15.0,-20.0,0,0.0,600.0,1126.2,0.5262
WT,WT_13,/root/neurothermo/WT/cc_13.abf,5,250.0,15.0,-10.0,0,0.0,600.0,1126.2,0.5262
WT,WT_13,/root/neurothermo/WT/cc_13.abf,6,300.0,8.0,-30.0,0,0.0,600.0,1126.2,0.5262
WT,WT_13,/root/neurothermo/WT/cc_13.abf,6,300.0,8.0,-20.0,0,0.0,600.0,1126.2,0.5262
WT,WT_13,/root/neurothermo/WT/cc_13.abf,6,300.0,8.0,-10.0,0,0.0,600.0,1126.2,0.5262
WT,WT_13,/root/neurothermo/WT/cc_13.abf,6,300.0,10.0,-30.0,0,0.0,600.0,1126.2,0.5262
WT,WT_13,/root/neurothermo/WT/cc_13.abf,6,300.0,10.0,-20.0,0,0.0,600.0,1126.2,0.5262
WT,WT_13,/root/neurothermo/WT/cc_13.abf,6,300.0,10.0,-10.0,0,0.0,600.0,1126.2,0.5262
WT,WT_13,/root/neurothermo/WT/cc_13.abf,6,300.0,12.0,-30.0,0,0.0,600.0,1126.2,0.5262
WT,WT_13,/root/neurothermo/WT/cc_13.abf,6,300.0,12.0,-20.0,0,0.0,600.0,1126.2,0.5262
WT,WT_13,/root/neurothermo/WT/cc_13.abf,6,300.0,12.0,-10.0,0,0.0,600.0,1126.2,0.5262
WT,WT_13,/root/neurothermo/WT/cc_13.abf,6,300.0,15.0,-30.0,0,0.0,600.0,1126.2,0.5262
WT,WT_13,/root/neurothermo/WT/cc_13.abf,6,300.0,15.0,-20.0,0,0.0,600.0,1126.2,0.5262
WT,WT_13,/root/neurothermo/WT/cc_13.abf,6,300.0,15.0,-10.0,0,0.0,600.0,1126.2,0.5262
WT,WT_13,/root/neurothermo/WT/cc_13.abf,7,350.0,8.0,-30.0,0,0.0,600.0,1126.2,0.5262
WT,WT_13,/root/neurothermo/WT/cc_13.abf,7,350.0,8.0,-20.0,0,0.0,600.0,1126.2,0.5262
WT,WT_13,/root/neurothermo/WT/cc_13.abf,7,350.0,8.0,-10.0,0,0.0,600.0,1126.2,0.5262
WT,WT_13,/root/neurothermo/WT/cc_13.abf,7,350.0,10.0,-30.0,0,0.0,600.0,1126.2,0.5262
WT,WT_13,/root/neurothermo/WT/cc_13.abf,7,350.0,10.0,-20.0,0,0.0,600.0,1126.2,0.5262
WT,WT_13,/root/neurothermo/WT/cc_13.abf,7,350.0,10.0,-10.0,0,0.0,600.0,1126.2,0.5262
WT,WT_13,/root/neurothermo/WT/cc_13.abf,7,350.0,12.0,-30.0,0,0.0,600.0,1126.2,0.5262
WT,WT_13,/root/neurothermo/WT/cc_13.abf,7,350.0,12.0,-20.0,0,0.0,600.0,1126.2,0.5262
WT,WT_13,/root/neurothermo/WT/cc_13.abf,7,350.0,12.0,-10.0,0,0.0,600.0,1126.2,0.5262
WT,WT_13,/root/neurothermo/WT/cc_13.abf,7,350.0,15.0,-30.0,0,0.0,600.0,1126.2,0.5262
WT,WT_13,/root/neurothermo/WT/cc_13.abf,7,350.0,15.0,-20.0,0,0.0,600.0,1126.2,0.5262
WT,WT_13,/root/neurothermo/WT/cc_13.abf,7,350.0,15.0,-10.0,0,0.0,600.0,1126.2,0.5262
WT,WT_13,/root/neurothermo/WT/cc_13.abf,8,400.0,8.0,-30.0,0,0.0,600.0,1126.2,0.5262
WT,WT_13,/root/neurothermo/WT/cc_13.abf,8,400.0,8.0,-20.0,0,0.0,600.0,1126.2,0.5262
WT,WT_13,/root/neurothermo/WT/cc_13.abf,8,400.0,8.0,-10.0,0,0.0,600.0,1126.2,0.5262
WT,WT_13,/root/neurothermo/WT/cc_13.abf,8,400.0,10.0,-30.0,0,0.0,600.0,1126.2,0.5262
WT,WT_13,/root/neurothermo/WT/cc_13.abf,8,400.0,10.0,-20.0,0,0.0,600.0,1126.2,0.5262
WT,WT_13,/root/neurothermo/WT/cc_13.abf,8,400.0,10.0,-10.0,0,0.0,600.0,1126.2,0.5262
WT,WT_13,/root/neurothermo/WT/cc_13.abf,8,400.0,12.0,-30.0,0,0.0,600.0,1126.2,0.5262
WT,WT_13,/root/neurothermo/WT/cc_13.abf,8,400.0,12.0,-20.0,0,0.0,600.0,1126.2,0.5262
WT,WT_13,/root/neurothermo/WT/cc_13.abf,8,400.0,12.0,-10.0,0,0.0,600.0,1126.2,0.5262
WT,WT_13,/root/neurothermo/WT/cc_13.abf,8,400.0,15.0,-30.0,0,0.0,600.0,1126.2,0.5262
WT,WT_13,/root/neurothermo/WT/cc_13.abf,8,400.0,15.0,-20.0,0,0.0,600.0,1126.2,0.5262
WT,WT_13,/root/neurothermo/WT/cc_13.abf,8,400.0,15.0,-10.0,0,0.0,600.0,1126.2,0.5262
WT,WT_13,/root/neurothermo/WT/cc_13.abf,9,450.0,8.0,-30.0,46,87.41923223109085,600.0,1126.2,0.5262
WT,WT_13,/root/neurothermo/WT/cc_13.abf,9,450.0,8.0,-20.0,46,87.41923223109085,600.0,1126.2,0.5262
WT,WT_13,/root/neurothermo/WT/cc_13.abf,9,450.0,8.0,-10.0,46,87.41923223109085,600.0,1126.2,0.5262
WT,WT_13,/root/neurothermo/WT/cc_13.abf,9,450.0,10.0,-30.0,46,87.41923223109085,600.0,1126.2,0.5262
WT,WT_13,/root/neurothermo/WT/cc_13.abf,9,450.0,10.0,-20.0,46,87.41923223109085,600.0,1126.2,0.5262
WT,WT_13,/root/neurothermo/WT/cc_13.abf,9,450.0,10.0,-10.0,46,87.41923223109085,600.0,1126.2,0.5262
WT,WT_13,/root/neurothermo/WT/cc_13.abf,9,450.0,12.0,-30.0,46,87.41923223109085,600.0,1126.2,0.5262
WT,WT_13,/root/neurothermo/WT/cc_13.abf,9,450.0,12.0,-20.0,46,87.41923223109085,600.0,1126.2,0.5262
WT,WT_13,/root/neurothermo/WT/cc_13.abf,9,450.0,12.0,-10.0,46,87.41923223109085,600.0,1126.2,0.5262
WT,WT_13,/root/neurothermo/WT/cc_13.abf,9,450.0,15.0,-30.0,46,87.41923223109085,600.0,1126.2,0.5262
WT,WT_13,/root/neurothermo/WT/cc_13.abf,9,450.0,15.0,-20.0,46,87.41923223109085,600.0,1126.2,0.5262
WT,WT_13,/root/neurothermo/WT/cc_13.abf,9,450.0,15.0,-10.0,46,87.41923223109085,600.0,1126.2,0.5262
WT,WT_13,/root/neurothermo/WT/cc_13.abf,10,500.0,8.0,-30.0,49,93.12048650703154,600.0,1126.2,0.5262
WT,WT_13,/root/neurothermo/WT/cc_13.abf,10,500.0,8.0,-20.0,49,93.12048650703154,600.0,1126.2,0.5262
WT,WT_13,/root/neurothermo/WT/cc_13.abf,10,500.0,8.0,-10.0,49,93.12048650703154,600.0,1126.2,0.5262
WT,WT_13,/root/neurothermo/WT/cc_13.abf,10,500.0,10.0,-30.0,49,93.12048650703154,600.0,1126.2,0.5262
WT,WT_13,/root/neurothermo/WT/cc_13.abf,10,500.0,10.0,-20.0,49,93.12048650703154,600.0,1126.2,0.5262
WT,WT_13,/root/neurothermo/WT/cc_13.abf,10,500.0,10.0,-10.0,49,93.12048650703154,600.0,1126.2,0.5262
WT,WT_13,/root/neurothermo/WT/cc_13.abf,10,500.0,12.0,-30.0,49,93.12048650703154,600.0,1126.2,0.5262
WT,WT_13,/root/neurothermo/WT/cc_13.abf,10,500.0,12.0,-20.0,49,93.12048650703154,600.0,1126.2,0.5262
WT,WT_13,/root/neurothermo/WT/cc_13.abf,10,500.0,12.0,-10.0,49,93.12048650703154,600.0,1126.2,0.5262
WT,WT_13,/root/neurothermo/WT/cc_13.abf,10,500.0,15.0,-30.0,49,93.12048650703154,600.0,1126.2,0.5262
WT,WT_13,/root/neurothermo/WT/cc_13.abf,10,500.0,15.0,-20.0,49,93.12048650703154,600.0,1126.2,0.5262
WT,WT_13,/root/neurothermo/WT/cc_13.abf,10,500.0,15.0,-10.0,49,93.12048650703154,600.0,1126.2,0.5262
WT,WT_13,/root/neurothermo/WT/cc_13.abf,11,550.0,8.0,-30.0,34,64.61421512732801,600.0,1126.2,0.5262
WT,WT_13,/root/neurothermo/WT/cc_13.abf,11,550.0,8.0,-20.0,34,64.61421512732801,600.0,1126.2,0.5262
WT,WT_13,/root/neurothermo/WT/cc_13.abf,11,550.0,8.0,-10.0,34,64.61421512732801,600.0,1126.2,0.5262
WT,WT_13,/root/neurothermo/WT/cc_13.abf,11,550.0,10.0,-30.0,33,62.713797035347774,600.0,1126.2,0.5262
WT,WT_13,/root/neurothermo/WT/cc_13.abf,11,550.0,10.0,-20.0,33,62.713797035347774,600.0,1126.2,0.5262
WT,WT_13,/root/neurothermo/WT/cc_13.abf,11,550.0,10.0,-10.0,33,62.713797035347774,600.0,1126.2,0.5262
WT,WT_13,/root/neurothermo/WT/cc_13.abf,11,550.0,12.0,-30.0,32,60.81337894336754,600.0,1126.2,0.5262
WT,WT_13,/root/neurothermo/WT/cc_13.abf,11,550.0,12.0,-20.0,32,60.81337894336754,600.0,1126.2,0.5262
WT,WT_13,/root/neurothermo/WT/cc_13.abf,11,550.0,12.0,-10.0,32,60.81337894336754,600.0,1126.2,0.5262
WT,WT_13,/root/neurothermo/WT/cc_13.abf,11,550.0,15.0,-30.0,32,60.81337894336754,600.0,1126.2,0.5262
WT,WT_13,/root/neurothermo/WT/cc_13.abf,11,550.0,15.0,-20.0,32,60.81337894336754,600.0,1126.2,0.5262
WT,WT_13,/root/neurothermo/WT/cc_13.abf,11,550.0,15.0,-10.0,32,60.81337894336754,600.0,1126.2,0.5262
WT,WT_13,/root/neurothermo/WT/cc_13.abf,12,600.0,8.0,-30.0,21,39.908779931584945,600.0,1126.2,0.5262
WT,WT_13,/root/neurothermo/WT/cc_13.abf,12,600.0,8.0,-20.0,21,39.908779931584945,600.0,1126.2,0.5262
WT,WT_13,/root/neurothermo/WT/cc_13.abf,12,600.0,8.0,-10.0,21,39.908779931584945,600.0,1126.2,0.5262
WT,WT_13,/root/neurothermo/WT/cc_13.abf,12,600.0,10.0,-30.0,21,39.908779931584945,600.0,1126.2,0.5262
WT,WT_13,/root/neurothermo/WT/cc_13.abf,12,600.0,10.0,-20.0,21,39.908779931584945,600.0,1126.2,0.5262
WT,WT_13,/root/neurothermo/WT/cc_13.abf,12,600.0,10.0,-10.0,21,39.908779931584945,600.0,1126.2,0.5262
WT,WT_13,/root/neurothermo/WT/cc_13.abf,12,600.0,12.0,-30.0,20,38.00836183960471,600.0,1126.2,0.5262
WT,WT_13,/root/neurothermo/WT/cc_13.abf,12,600.0,12.0,-20.0,20,38.00836183960471,600.0,1126.2,0.5262
WT,WT_13,/root/neurothermo/WT/cc_13.abf,12,600.0,12.0,-10.0,20,38.00836183960471,600.0,1126.2,0.5262
WT,WT_13,/root/neurothermo/WT/cc_13.abf,12,600.0,15.0,-30.0,19,36.107943747624475,600.0,1126.2,0.5262
WT,WT_13,/root/neurothermo/WT/cc_13.abf,12,600.0,15.0,-20.0,19,36.107943747624475,600.0,1126.2,0.5262
WT,WT_13,/root/neurothermo/WT/cc_13.abf,12,600.0,15.0,-10.0,19,36.107943747624475,600.0,1126.2,0.5262
WT,WT_14,/root/neurothermo/WT/cc_14.abf,0,0.0,8.0,-30.0,0,0.0,600.0,1126.2,0.5262
WT,WT_14,/root/neurothermo/WT/cc_14.abf,0,0.0,8.0,-20.0,0,0.0,600.0,1126.2,0.5262
WT,WT_14,/root/neurothermo/WT/cc_14.abf,0,0.0,8.0,-10.0,0,0.0,600.0,1126.2,0.5262
WT,WT_14,/root/neurothermo/WT/cc_14.abf,0,0.0,10.0,-30.0,0,0.0,600.0,1126.2,0.5262
WT,WT_14,/root/neurothermo/WT/cc_14.abf,0,0.0,10.0,-20.0,0,0.0,600.0,1126.2,0.5262
WT,WT_14,/root/neurothermo/WT/cc_14.abf,0,0.0,10.0,-10.0,0,0.0,600.0,1126.2,0.5262
WT,WT_14,/root/neurothermo/WT/cc_14.abf,0,0.0,12.0,-30.0,0,0.0,600.0,1126.2,0.5262
WT,WT_14,/root/neurothermo/WT/cc_14.abf,0,0.0,12.0,-20.0,0,0.0,600.0,1126.2,0.5262
WT,WT_14,/root/neurothermo/WT/cc_14.abf,0,0.0,12.0,-10.0,0,0.0,600.0,1126.2,0.5262
WT,WT_14,/root/neurothermo/WT/cc_14.abf,0,0.0,15.0,-30.0,0,0.0,600.0,1126.2,0.5262
WT,WT_14,/root/neurothermo/WT/cc_14.abf,0,0.0,15.0,-20.0,0,0.0,600.0,1126.2,0.5262
WT,WT_14,/root/neurothermo/WT/cc_14.abf,0,0.0,15.0,-10.0,0,0.0,600.0,1126.2,0.5262
WT,WT_14,/root/neurothermo/WT/cc_14.abf,1,50.0,8.0,-30.0,0,0.0,600.0,1126.2,0.5262
WT,WT_14,/root/neurothermo/WT/cc_14.abf,1,50.0,8.0,-20.0,0,0.0,600.0,1126.2,0.5262
WT,WT_14,/root/neurothermo/WT/cc_14.abf,1,50.0,8.0,-10.0,0,0.0,600.0,1126.2,0.5262
WT,WT_14,/root/neurothermo/WT/cc_14.abf,1,50.0,10.0,-30.0,0,0.0,600.0,1126.2,0.5262
WT,WT_14,/root/neurothermo/WT/cc_14.abf,1,50.0,10.0,-20.0,0,0.0,600.0,1126.2,0.5262
WT,WT_14,/root/neurothermo/WT/cc_14.abf,1,50.0,10.0,-10.0,0,0.0,600.0,1126.2,0.5262
WT,WT_14,/root/neurothermo/WT/cc_14.abf,1,50.0,12.0,-30.0,0,0.0,600.0,1126.2,0.5262
WT,WT_14,/root/neurothermo/WT/cc_14.abf,1,50.0,12.0,-20.0,0,0.0,600.0,1126.2,0.5262
WT,WT_14,/root/neurothermo/WT/cc_14.abf,1,50.0,12.0,-10.0,0,0.0,600.0,1126.2,0.5262
WT,WT_14,/root/neurothermo/WT/cc_14.abf,1,50.0,15.0,-30.0,0,0.0,600.0,1126.2,0.5262
WT,WT_14,/root/neurothermo/WT/cc_14.abf,1,50.0,15.0,-20.0,0,0.0,600.0,1126.2,0.5262
WT,WT_14,/root/neurothermo/WT/cc_14.abf,1,50.0,15.0,-10.0,0,0.0,600.0,1126.2,0.5262
WT,WT_14,/root/neurothermo/WT/cc_14.abf,2,100.0,8.0,-30.0,0,0.0,600.0,1126.2,0.5262
WT,WT_14,/root/neurothermo/WT/cc_14.abf,2,100.0,8.0,-20.0,0,0.0,600.0,1126.2,0.5262
WT,WT_14,/root/neurothermo/WT/cc_14.abf,2,100.0,8.0,-10.0,0,0.0,600.0,1126.2,0.5262
WT,WT_14,/root/neurothermo/WT/cc_14.abf,2,100.0,10.0,-30.0,0,0.0,600.0,1126.2,0.5262
WT,WT_14,/root/neurothermo/WT/cc_14.abf,2,100.0,10.0,-20.0,0,0.0,600.0,1126.2,0.5262
WT,WT_14,/root/neurothermo/WT/cc_14.abf,2,100.0,10.0,-10.0,0,0.0,600.0,1126.2,0.5262
WT,WT_14,/root/neurothermo/WT/cc_14.abf,2,100.0,12.0,-30.0,0,0.0,600.0,1126.2,0.5262
WT,WT_14,/root/neurothermo/WT/cc_14.abf,2,100.0,12.0,-20.0,0,0.0,600.0,1126.2,0.5262
WT,WT_14,/root/neurothermo/WT/cc_14.abf,2,100.0,12.0,-10.0,0,0.0,600.0,1126.2,0.5262
WT,WT_14,/root/neurothermo/WT/cc_14.abf,2,100.0,15.0,-30.0,0,0.0,600.0,1126.2,0.5262
WT,WT_14,/root/neurothermo/WT/cc_14.abf,2,100.0,15.0,-20.0,0,0.0,600.0,1126.2,0.5262
WT,WT_14,/root/neurothermo/WT/cc_14.abf,2,100.0,15.0,-10.0,0,0.0,600.0,1126.2,0.5262
WT,WT_14,/root/neurothermo/WT/cc_14.abf,3,150.0,8.0,-30.0,0,0.0,600.0,1126.2,0.5262
WT,WT_14,/root/neurothermo/WT/cc_14.abf,3,150.0,8.0,-20.0,0,0.0,600.0,1126.2,0.5262
WT,WT_14,/root/neurothermo/WT/cc_14.abf,3,150.0,8.0,-10.0,0,0.0,600.0,1126.2,0.5262
WT,WT_14,/root/neurothermo/WT/cc_14.abf,3,150.0,10.0,-30.0,0,0.0,600.0,1126.2,0.5262
WT,WT_14,/root/neurothermo/WT/cc_14.abf,3,150.0,10.0,-20.0,0,0.0,600.0,1126.2,0.5262
WT,WT_14,/root/neurothermo/WT/cc_14.abf,3,150.0,10.0,-10.0,0,0.0,600.0,1126.2,0.5262
WT,WT_14,/root/neurothermo/WT/cc_14.abf,3,150.0,12.0,-30.0,0,0.0,600.0,1126.2,0.5262
WT,WT_14,/root/neurothermo/WT/cc_14.abf,3,150.0,12.0,-20.0,0,0.0,600.0,1126.2,0.5262
WT,WT_14,/root/neurothermo/WT/cc_14.abf,3,150.0,12.0,-10.0,0,0.0,600.0,1126.2,0.5262
WT,WT_14,/root/neurothermo/WT/cc_14.abf,3,150.0,15.0,-30.0,0,0.0,600.0,1126.2,0.5262
WT,WT_14,/root/neurothermo/WT/cc_14.abf,3,150.0,15.0,-20.0,0,0.0,600.0,1126.2,0.5262
WT,WT_14,/root/neurothermo/WT/cc_14.abf,3,150.0,15.0,-10.0,0,0.0,600.0,1126.2,0.5262
WT,WT_14,/root/neurothermo/WT/cc_14.abf,4,200.0,8.0,-30.0,0,0.0,600.0,1126.2,0.5262
WT,WT_14,/root/neurothermo/WT/cc_14.abf,4,200.0,8.0,-20.0,0,0.0,600.0,1126.2,0.5262
WT,WT_14,/root/neurothermo/WT/cc_14.abf,4,200.0,8.0,-10.0,0,0.0,600.0,1126.2,0.5262
WT,WT_14,/root/neurothermo/WT/cc_14.abf,4,200.0,10.0,-30.0,0,0.0,600.0,1126.2,0.5262
WT,WT_14,/root/neurothermo/WT/cc_14.abf,4,200.0,10.0,-20.0,0,0.0,600.0,1126.2,0.5262
WT,WT_14,/root/neurothermo/WT/cc_14.abf,4,200.0,10.0,-10.0,0,0.0,600.0,1126.2,0.5262
WT,WT_14,/root/neurothermo/WT/cc_14.abf,4,200.0,12.0,-30.0,0,0.0,600.0,1126.2,0.5262
WT,WT_14,/root/neurothermo/WT/cc_14.abf,4,200.0,12.0,-20.0,0,0.0,600.0,1126.2,0.5262
WT,WT_14,/root/neurothermo/WT/cc_14.abf,4,200.0,12.0,-10.0,0,0.0,600.0,1126.2,0.5262
WT,WT_14,/root/neurothermo/WT/cc_14.abf,4,200.0,15.0,-30.0,0,0.0,600.0,1126.2,0.5262
WT,WT_14,/root/neurothermo/WT/cc_14.abf,4,200.0,15.0,-20.0,0,0.0,600.0,1126.2,0.5262
WT,WT_14,/root/neurothermo/WT/cc_14.abf,4,200.0,15.0,-10.0,0,0.0,600.0,1126.2,0.5262
WT,WT_14,/root/neurothermo/WT/cc_14.abf,5,250.0,8.0,-30.0,0,0.0,600.0,1126.2,0.5262
WT,WT_14,/root/neurothermo/WT/cc_14.abf,5,250.0,8.0,-20.0,0,0.0,600.0,1126.2,0.5262
WT,WT_14,/root/neurothermo/WT/cc_14.abf,5,250.0,8.0,-10.0,0,0.0,600.0,1126.2,0.5262
WT,WT_14,/root/neurothermo/WT/cc_14.abf,5,250.0,10.0,-30.0,0,0.0,600.0,1126.2,0.5262
WT,WT_14,/root/neurothermo/WT/cc_14.abf,5,250.0,10.0,-20.0,0,0.0,600.0,1126.2,0.5262
WT,WT_14,/root/neurothermo/WT/cc_14.abf,5,250.0,10.0,-10.0,0,0.0,600.0,1126.2,0.5262
WT,WT_14,/root/neurothermo/WT/cc_14.abf,5,250.0,12.0,-30.0,0,0.0,600.0,1126.2,0.5262
WT,WT_14,/root/neurothermo/WT/cc_14.abf,5,250.0,12.0,-20.0,0,0.0,600.0,1126.2,0.5262
WT,WT_14,/root/neurothermo/WT/cc_14.abf,5,250.0,12.0,-10.0,0,0.0,600.0,1126.2,0.5262
WT,WT_14,/root/neurothermo/WT/cc_14.abf,5,250.0,15.0,-30.0,0,0.0,600.0,1126.2,0.5262
WT,WT_14,/root/neurothermo/WT/cc_14.abf,5,250.0,15.0,-20.0,0,0.0,600.0,1126.2,0.5262
WT,WT_14,/root/neurothermo/WT/cc_14.abf,5,250.0,15.0,-10.0,0,0.0,600.0,1126.2,0.5262
WT,WT_14,/root/neurothermo/WT/cc_14.abf,6,300.0,8.0,-30.0,0,0.0,600.0,1126.2,0.5262
WT,WT_14,/root/neurothermo/WT/cc_14.abf,6,300.0,8.0,-20.0,0,0.0,600.0,1126.2,0.5262
WT,WT_14,/root/neurothermo/WT/cc_14.abf,6,300.0,8.0,-10.0,0,0.0,600.0,1126.2,0.5262
WT,WT_14,/root/neurothermo/WT/cc_14.abf,6,300.0,10.0,-30.0,0,0.0,600.0,1126.2,0.5262
WT,WT_14,/root/neurothermo/WT/cc_14.abf,6,300.0,10.0,-20.0,0,0.0,600.0,1126.2,0.5262
WT,WT_14,/root/neurothermo/WT/cc_14.abf,6,300.0,10.0,-10.0,0,0.0,600.0,1126.2,0.5262
WT,WT_14,/root/neurothermo/WT/cc_14.abf,6,300.0,12.0,-30.0,0,0.0,600.0,1126.2,0.5262
WT,WT_14,/root/neurothermo/WT/cc_14.abf,6,300.0,12.0,-20.0,0,0.0,600.0,1126.2,0.5262
WT,WT_14,/root/neurothermo/WT/cc_14.abf,6,300.0,12.0,-10.0,0,0.0,600.0,1126.2,0.5262
WT,WT_14,/root/neurothermo/WT/cc_14.abf,6,300.0,15.0,-30.0,0,0.0,600.0,1126.2,0.5262
WT,WT_14,/root/neurothermo/WT/cc_14.abf,6,300.0,15.0,-20.0,0,0.0,600.0,1126.2,0.5262
WT,WT_14,/root/neurothermo/WT/cc_14.abf,6,300.0,15.0,-10.0,0,0.0,600.0,1126.2,0.5262
WT,WT_14,/root/neurothermo/WT/cc_14.abf,7,350.0,8.0,-30.0,10,19.004180919802355,600.0,1126.2,0.5262
WT,WT_14,/root/neurothermo/WT/cc_14.abf,7,350.0,8.0,-20.0,10,19.004180919802355,600.0,1126.2,0.5262
WT,WT_14,/root/neurothermo/WT/cc_14.abf,7,350.0,8.0,-10.0,0,0.0,600.0,1126.2,0.5262
WT,WT_14,/root/neurothermo/WT/cc_14.abf,7,350.0,10.0,-30.0,10,19.004180919802355,600.0,1126.2,0.5262
WT,WT_14,/root/neurothermo/WT/cc_14.abf,7,350.0,10.0,-20.0,10,19.004180919802355,600.0,1126.2,0.5262
WT,WT_14,/root/neurothermo/WT/cc_14.abf,7,350.0,10.0,-10.0,0,0.0,600.0,1126.2,0.5262
WT,WT_14,/root/neurothermo/WT/cc_14.abf,7,350.0,12.0,-30.0,10,19.004180919802355,600.0,1126.2,0.5262
WT,WT_14,/root/neurothermo/WT/cc_14.abf,7,350.0,12.0,-20.0,10,19.004180919802355,600.0,1126.2,0.5262
WT,WT_14,/root/neurothermo/WT/cc_14.abf,7,350.0,12.0,-10.0,0,0.0,600.0,1126.2,0.5262
WT,WT_14,/root/neurothermo/WT/cc_14.abf,7,350.0,15.0,-30.0,10,19.004180919802355,600.0,1126.2,0.5262
WT,WT_14,/root/neurothermo/WT/cc_14.abf,7,350.0,15.0,-20.0,10,19.004180919802355,600.0,1126.2,0.5262
WT,WT_14,/root/neurothermo/WT/cc_14.abf,7,350.0,15.0,-10.0,0,0.0,600.0,1126.2,0.5262
WT,WT_14,/root/neurothermo/WT/cc_14.abf,8,400.0,8.0,-30.0,2,3.800836183960471,600.0,1126.2,0.5262
WT,WT_14,/root/neurothermo/WT/cc_14.abf,8,400.0,8.0,-20.0,2,3.800836183960471,600.0,1126.2,0.5262
WT,WT_14,/root/neurothermo/WT/cc_14.abf,8,400.0,8.0,-10.0,0,0.0,600.0,1126.2,0.5262
WT,WT_14,/root/neurothermo/WT/cc_14.abf,8,400.0,10.0,-30.0,2,3.800836183960471,600.0,1126.2,0.5262
WT,WT_14,/root/neurothermo/WT/cc_14.abf,8,400.0,10.0,-20.0,2,3.800836183960471,600.0,1126.2,0.5262
WT,WT_14,/root/neurothermo/WT/cc_14.abf,8,400.0,10.0,-10.0,0,0.0,600.0,1126.2,0.5262
WT,WT_14,/root/neurothermo/WT/cc_14.abf,8,400.0,12.0,-30.0,2,3.800836183960471,600.0,1126.2,0.5262
WT,WT_14,/root/neurothermo/WT/cc_14.abf,8,400.0,12.0,-20.0,2,3.800836183960471,600.0,1126.2,0.5262
WT,WT_14,/root/neurothermo/WT/cc_14.abf,8,400.0,12.0,-10.0,0,0.0,600.0,1126.2,0.5262
WT,WT_14,/root/neurothermo/WT/cc_14.abf,8,400.0,15.0,-30.0,2,3.800836183960471,600.0,1126.2,0.5262
WT,WT_14,/root/neurothermo/WT/cc_14.abf,8,400.0,15.0,-20.0,2,3.800836183960471,600.0,1126.2,0.5262
WT,WT_14,/root/neurothermo/WT/cc_14.abf,8,400.0,15.0,-10.0,0,0.0,600.0,1126.2,0.5262
WT,WT_14,/root/neurothermo/WT/cc_14.abf,9,450.0,8.0,-30.0,0,0.0,600.0,1126.2,0.5262
WT,WT_14,/root/neurothermo/WT/cc_14.abf,9,450.0,8.0,-20.0,0,0.0,600.0,1126.2,0.5262
WT,WT_14,/root/neurothermo/WT/cc_14.abf,9,450.0,8.0,-10.0,0,0.0,600.0,1126.2,0.5262
WT,WT_14,/root/neurothermo/WT/cc_14.abf,9,450.0,10.0,-30.0,0,0.0,600.0,1126.2,0.5262
WT,WT_14,/root/neurothermo/WT/cc_14.abf,9,450.0,10.0,-20.0,0,0.0,600.0,1126.2,0.5262
WT,WT_14,/root/neurothermo/WT/cc_14.abf,9,450.0,10.0,-10.0,0,0.0,600.0,1126.2,0.5262
WT,WT_14,/root/neurothermo/WT/cc_14.abf,9,450.0,12.0,-30.0,0,0.0,600.0,1126.2,0.5262
WT,WT_14,/root/neurothermo/WT/cc_14.abf,9,450.0,12.0,-20.0,0,0.0,600.0,1126.2,0.5262
WT,WT_14,/root/neurothermo/WT/cc_14.abf,9,450.0,12.0,-10.0,0,0.0,600.0,1126.2,0.5262
WT,WT_14,/root/neurothermo/WT/cc_14.abf,9,450.0,15.0,-30.0,0,0.0,600.0,1126.2,0.5262
WT,WT_14,/root/neurothermo/WT/cc_14.abf,9,450.0,15.0,-20.0,0,0.0,600.0,1126.2,0.5262
WT,WT_14,/root/neurothermo/WT/cc_14.abf,9,450.0,15.0,-10.0,0,0.0,600.0,1126.2,0.5262
WT,WT_14,/root/neurothermo/WT/cc_14.abf,10,500.0,8.0,-30.0,0,0.0,600.0,1126.2,0.5262
WT,WT_14,/root/neurothermo/WT/cc_14.abf,10,500.0,8.0,-20.0,0,0.0,600.0,1126.2,0.5262
WT,WT_14,/root/neurothermo/WT/cc_14.abf,10,500.0,8.0,-10.0,0,0.0,600.0,1126.2,0.5262
WT,WT_14,/root/neurothermo/WT/cc_14.abf,10,500.0,10.0,-30.0,0,0.0,600.0,1126.2,0.5262
WT,WT_14,/root/neurothermo/WT/cc_14.abf,10,500.0,10.0,-20.0,0,0.0,600.0,1126.2,0.5262
WT,WT_14,/root/neurothermo/WT/cc_14.abf,10,500.0,10.0,-10.0,0,0.0,600.0,1126.2,0.5262
WT,WT_14,/root/neurothermo/WT/cc_14.abf,10,500.0,12.0,-30.0,0,0.0,600.0,1126.2,0.5262
WT,WT_14,/root/neurothermo/WT/cc_14.abf,10,500.0,12.0,-20.0,0,0.0,600.0,1126.2,0.5262
WT,WT_14,/root/neurothermo/WT/cc_14.abf,10,500.0,12.0,-10.0,0,0.0,600.0,1126.2,0.5262
WT,WT_14,/root/neurothermo/WT/cc_14.abf,10,500.0,15.0,-30.0,0,0.0,600.0,1126.2,0.5262
WT,WT_14,/root/neurothermo/WT/cc_14.abf,10,500.0,15.0,-20.0,0,0.0,600.0,1126.2,0.5262
WT,WT_14,/root/neurothermo/WT/cc_14.abf,10,500.0,15.0,-10.0,0,0.0,600.0,1126.2,0.5262
WT,WT_14,/root/neurothermo/WT/cc_14.abf,11,550.0,8.0,-30.0,0,0.0,600.0,1126.2,0.5262
WT,WT_14,/root/neurothermo/WT/cc_14.abf,11,550.0,8.0,-20.0,0,0.0,600.0,1126.2,0.5262
WT,WT_14,/root/neurothermo/WT/cc_14.abf,11,550.0,8.0,-10.0,0,0.0,600.0,1126.2,0.5262
WT,WT_14,/root/neurothermo/WT/cc_14.abf,11,550.0,10.0,-30.0,0,0.0,600.0,1126.2,0.5262
WT,WT_14,/root/neurothermo/WT/cc_14.abf,11,550.0,10.0,-20.0,0,0.0,600.0,1126.2,0.5262
WT,WT_14,/root/neurothermo/WT/cc_14.abf,11,550.0,10.0,-10.0,0,0.0,600.0,1126.2,0.5262
WT,WT_14,/root/neurothermo/WT/cc_14.abf,11,550.0,12.0,-30.0,0,0.0,600.0,1126.2,0.5262
WT,WT_14,/root/neurothermo/WT/cc_14.abf,11,550.0,12.0,-20.0,0,0.0,600.0,1126.2,0.5262
WT,WT_14,/root/neurothermo/WT/cc_14.abf,11,550.0,12.0,-10.0,0,0.0,600.0,1126.2,0.5262
WT,WT_14,/root/neurothermo/WT/cc_14.abf,11,550.0,15.0,-30.0,0,0.0,600.0,1126.2,0.5262
WT,WT_14,/root/neurothermo/WT/cc_14.abf,11,550.0,15.0,-20.0,0,0.0,600.0,1126.2,0.5262
WT,WT_14,/root/neurothermo/WT/cc_14.abf,11,550.0,15.0,-10.0,0,0.0,600.0,1126.2,0.5262
WT,WT_14,/root/neurothermo/WT/cc_14.abf,12,600.0,8.0,-30.0,0,0.0,600.0,1126.2,0.5262
WT,WT_14,/root/neurothermo/WT/cc_14.abf,12,600.0,8.0,-20.0,0,0.0,600.0,1126.2,0.5262
WT,WT_14,/root/neurothermo/WT/cc_14.abf,12,600.0,8.0,-10.0,0,0.0,600.0,1126.2,0.5262
WT,WT_14,/root/neurothermo/WT/cc_14.abf,12,600.0,10.0,-30.0,0,0.0,600.0,1126.2,0.5262
WT,WT_14,/root/neurothermo/WT/cc_14.abf,12,600.0,10.0,-20.0,0,0.0,600.0,1126.2,0.5262
WT,WT_14,/root/neurothermo/WT/cc_14.abf,12,600.0,10.0,-10.0,0,0.0,600.0,1126.2,0.5262
WT,WT_14,/root/neurothermo/WT/cc_14.abf,12,600.0,12.0,-30.0,0,0.0,600.0,1126.2,0.5262
WT,WT_14,/root/neurothermo/WT/cc_14.abf,12,600.0,12.0,-20.0,0,0.0,600.0,1126.2,0.5262
WT,WT_14,/root/neurothermo/WT/cc_14.abf,12,600.0,12.0,-10.0,0,0.0,600.0,1126.2,0.5262
WT,WT_14,/root/neurothermo/WT/cc_14.abf,12,600.0,15.0,-30.0,0,0.0,600.0,1126.2,0.5262
WT,WT_14,/root/neurothermo/WT/cc_14.abf,12,600.0,15.0,-20.0,0,0.0,600.0,1126.2,0.5262
WT,WT_14,/root/neurothermo/WT/cc_14.abf,12,600.0,15.0,-10.0,0,0.0,600.0,1126.2,0.5262
WT,WT_15,/root/neurothermo/WT/cc_15.abf,0,0.0,8.0,-30.0,0,0.0,600.0,1126.2,0.5262
WT,WT_15,/root/neurothermo/WT/cc_15.abf,0,0.0,8.0,-20.0,0,0.0,600.0,1126.2,0.5262
WT,WT_15,/root/neurothermo/WT/cc_15.abf,0,0.0,8.0,-10.0,0,0.0,600.0,1126.2,0.5262
WT,WT_15,/root/neurothermo/WT/cc_15.abf,0,0.0,10.0,-30.0,0,0.0,600.0,1126.2,0.5262
WT,WT_15,/root/neurothermo/WT/cc_15.abf,0,0.0,10.0,-20.0,0,0.0,600.0,1126.2,0.5262
WT,WT_15,/root/neurothermo/WT/cc_15.abf,0,0.0,10.0,-10.0,0,0.0,600.0,1126.2,0.5262
WT,WT_15,/root/neurothermo/WT/cc_15.abf,0,0.0,12.0,-30.0,0,0.0,600.0,1126.2,0.5262
WT,WT_15,/root/neurothermo/WT/cc_15.abf,0,0.0,12.0,-20.0,0,0.0,600.0,1126.2,0.5262
WT,WT_15,/root/neurothermo/WT/cc_15.abf,0,0.0,12.0,-10.0,0,0.0,600.0,1126.2,0.5262
WT,WT_15,/root/neurothermo/WT/cc_15.abf,0,0.0,15.0,-30.0,0,0.0,600.0,1126.2,0.5262
WT,WT_15,/root/neurothermo/WT/cc_15.abf,0,0.0,15.0,-20.0,0,0.0,600.0,1126.2,0.5262
WT,WT_15,/root/neurothermo/WT/cc_15.abf,0,0.0,15.0,-10.0,0,0.0,600.0,1126.2,0.5262
WT,WT_15,/root/neurothermo/WT/cc_15.abf,1,50.0,8.0,-30.0,0,0.0,600.0,1126.2,0.5262
WT,WT_15,/root/neurothermo/WT/cc_15.abf,1,50.0,8.0,-20.0,0,0.0,600.0,1126.2,0.5262
WT,WT_15,/root/neurothermo/WT/cc_15.abf,1,50.0,8.0,-10.0,0,0.0,600.0,1126.2,0.5262
WT,WT_15,/root/neurothermo/WT/cc_15.abf,1,50.0,10.0,-30.0,0,0.0,600.0,1126.2,0.5262
WT,WT_15,/root/neurothermo/WT/cc_15.abf,1,50.0,10.0,-20.0,0,0.0,600.0,1126.2,0.5262
WT,WT_15,/root/neurothermo/WT/cc_15.abf,1,50.0,10.0,-10.0,0,0.0,600.0,1126.2,0.5262
WT,WT_15,/root/neurothermo/WT/cc_15.abf,1,50.0,12.0,-30.0,0,0.0,600.0,1126.2,0.5262
WT,WT_15,/root/neurothermo/WT/cc_15.abf,1,50.0,12.0,-20.0,0,0.0,600.0,1126.2,0.5262
WT,WT_15,/root/neurothermo/WT/cc_15.abf,1,50.0,12.0,-10.0,0,0.0,600.0,1126.2,0.5262
WT,WT_15,/root/neurothermo/WT/cc_15.abf,1,50.0,15.0,-30.0,0,0.0,600.0,1126.2,0.5262
WT,WT_15,/root/neurothermo/WT/cc_15.abf,1,50.0,15.0,-20.0,0,0.0,600.0,1126.2,0.5262
WT,WT_15,/root/neurothermo/WT/cc_15.abf,1,50.0,15.0,-10.0,0,0.0,600.0,1126.2,0.5262
WT,WT_15,/root/neurothermo/WT/cc_15.abf,2,100.0,8.0,-30.0,0,0.0,600.0,1126.2,0.5262
WT,WT_15,/root/neurothermo/WT/cc_15.abf,2,100.0,8.0,-20.0,0,0.0,600.0,1126.2,0.5262
WT,WT_15,/root/neurothermo/WT/cc_15.abf,2,100.0,8.0,-10.0,0,0.0,600.0,1126.2,0.5262
WT,WT_15,/root/neurothermo/WT/cc_15.abf,2,100.0,10.0,-30.0,0,0.0,600.0,1126.2,0.5262
WT,WT_15,/root/neurothermo/WT/cc_15.abf,2,100.0,10.0,-20.0,0,0.0,600.0,1126.2,0.5262
WT,WT_15,/root/neurothermo/WT/cc_15.abf,2,100.0,10.0,-10.0,0,0.0,600.0,1126.2,0.5262
WT,WT_15,/root/neurothermo/WT/cc_15.abf,2,100.0,12.0,-30.0,0,0.0,600.0,1126.2,0.5262
WT,WT_15,/root/neurothermo/WT/cc_15.abf,2,100.0,12.0,-20.0,0,0.0,600.0,1126.2,0.5262
WT,WT_15,/root/neurothermo/WT/cc_15.abf,2,100.0,12.0,-10.0,0,0.0,600.0,1126.2,0.5262
WT,WT_15,/root/neurothermo/WT/cc_15.abf,2,100.0,15.0,-30.0,0,0.0,600.0,1126.2,0.5262
WT,WT_15,/root/neurothermo/WT/cc_15.abf,2,100.0,15.0,-20.0,0,0.0,600.0,1126.2,0.5262
WT,WT_15,/root/neurothermo/WT/cc_15.abf,2,100.0,15.0,-10.0,0,0.0,600.0,1126.2,0.5262
WT,WT_15,/root/neurothermo/WT/cc_15.abf,3,150.0,8.0,-30.0,0,0.0,600.0,1126.2,0.5262
WT,WT_15,/root/neurothermo/WT/cc_15.abf,3,150.0,8.0,-20.0,0,0.0,600.0,1126.2,0.5262
WT,WT_15,/root/neurothermo/WT/cc_15.abf,3,150.0,8.0,-10.0,0,0.0,600.0,1126.2,0.5262
WT,WT_15,/root/neurothermo/WT/cc_15.abf,3,150.0,10.0,-30.0,0,0.0,600.0,1126.2,0.5262
WT,WT_15,/root/neurothermo/WT/cc_15.abf,3,150.0,10.0,-20.0,0,0.0,600.0,1126.2,0.5262
WT,WT_15,/root/neurothermo/WT/cc_15.abf,3,150.0,10.0,-10.0,0,0.0,600.0,1126.2,0.5262
WT,WT_15,/root/neurothermo/WT/cc_15.abf,3,150.0,12.0,-30.0,0,0.0,600.0,1126.2,0.5262
WT,WT_15,/root/neurothermo/WT/cc_15.abf,3,150.0,12.0,-20.0,0,0.0,600.0,1126.2,0.5262
WT,WT_15,/root/neurothermo/WT/cc_15.abf,3,150.0,12.0,-10.0,0,0.0,600.0,1126.2,0.5262
WT,WT_15,/root/neurothermo/WT/cc_15.abf,3,150.0,15.0,-30.0,0,0.0,600.0,1126.2,0.5262
WT,WT_15,/root/neurothermo/WT/cc_15.abf,3,150.0,15.0,-20.0,0,0.0,600.0,1126.2,0.5262
WT,WT_15,/root/neurothermo/WT/cc_15.abf,3,150.0,15.0,-10.0,0,0.0,600.0,1126.2,0.5262
WT,WT_15,/root/neurothermo/WT/cc_15.abf,4,200.0,8.0,-30.0,0,0.0,600.0,1126.2,0.5262
WT,WT_15,/root/neurothermo/WT/cc_15.abf,4,200.0,8.0,-20.0,0,0.0,600.0,1126.2,0.5262
WT,WT_15,/root/neurothermo/WT/cc_15.abf,4,200.0,8.0,-10.0,0,0.0,600.0,1126.2,0.5262
WT,WT_15,/root/neurothermo/WT/cc_15.abf,4,200.0,10.0,-30.0,0,0.0,600.0,1126.2,0.5262
WT,WT_15,/root/neurothermo/WT/cc_15.abf,4,200.0,10.0,-20.0,0,0.0,600.0,1126.2,0.5262
WT,WT_15,/root/neurothermo/WT/cc_15.abf,4,200.0,10.0,-10.0,0,0.0,600.0,1126.2,0.5262
WT,WT_15,/root/neurothermo/WT/cc_15.abf,4,200.0,12.0,-30.0,0,0.0,600.0,1126.2,0.5262
WT,WT_15,/root/neurothermo/WT/cc_15.abf,4,200.0,12.0,-20.0,0,0.0,600.0,1126.2,0.5262
WT,WT_15,/root/neurothermo/WT/cc_15.abf,4,200.0,12.0,-10.0,0,0.0,600.0,1126.2,0.5262
WT,WT_15,/root/neurothermo/WT/cc_15.abf,4,200.0,15.0,-30.0,0,0.0,600.0,1126.2,0.5262
WT,WT_15,/root/neurothermo/WT/cc_15.abf,4,200.0,15.0,-20.0,0,0.0,600.0,1126.2,0.5262
WT,WT_15,/root/neurothermo/WT/cc_15.abf,4,200.0,15.0,-10.0,0,0.0,600.0,1126.2,0.5262
WT,WT_15,/root/neurothermo/WT/cc_15.abf,5,250.0,8.0,-30.0,11,20.904599011782594,600.0,1126.2,0.5262
WT,WT_15,/root/neurothermo/WT/cc_15.abf,5,250.0,8.0,-20.0,1,1.9004180919802356,600.0,1126.2,0.5262
WT,WT_15,/root/neurothermo/WT/cc_15.abf,5,250.0,8.0,-10.0,0,0.0,600.0,1126.2,0.5262
WT,WT_15,/root/neurothermo/WT/cc_15.abf,5,250.0,10.0,-30.0,11,20.904599011782594,600.0,1126.2,0.5262
WT,WT_15,/root/neurothermo/WT/cc_15.abf,5,250.0,10.0,-20.0,1,1.9004180919802356,600.0,1126.2,0.5262
WT,WT_15,/root/neurothermo/WT/cc_15.abf,5,250.0,10.0,-10.0,0,0.0,600.0,1126.2,0.5262
WT,WT_15,/root/neurothermo/WT/cc_15.abf,5,250.0,12.0,-30.0,11,20.904599011782594,600.0,1126.2,0.5262
WT,WT_15,/root/neurothermo/WT/cc_15.abf,5,250.0,12.0,-20.0,1,1.9004180919802356,600.0,1126.2,0.5262
WT,WT_15,/root/neurothermo/WT/cc_15.abf,5,250.0,12.0,-10.0,0,0.0,600.0,1126.2,0.5262
WT,WT_15,/root/neurothermo/WT/cc_15.abf,5,250.0,15.0,-30.0,11,20.904599011782594,600.0,1126.2,0.5262
WT,WT_15,/root/neurothermo/WT/cc_15.abf,5,250.0,15.0,-20.0,1,1.9004180919802356,600.0,1126.2,0.5262
WT,WT_15,/root/neurothermo/WT/cc_15.abf,5,250.0,15.0,-10.0,0,0.0,600.0,1126.2,0.5262
WT,WT_15,/root/neurothermo/WT/cc_15.abf,6,300.0,8.0,-30.0,26,49.41087039148613,600.0,1126.2,0.5262
WT,WT_15,/root/neurothermo/WT/cc_15.abf,6,300.0,8.0,-20.0,0,0.0,600.0,1126.2,0.5262
WT,WT_15,/root/neurothermo/WT/cc_15.abf,6,300.0,8.0,-10.0,0,0.0,600.0,1126.2,0.5262
WT,WT_15,/root/neurothermo/WT/cc_15.abf,6,300.0,10.0,-30.0,26,49.41087039148613,600.0,1126.2,0.5262
WT,WT_15,/root/neurothermo/WT/cc_15.abf,6,300.0,10.0,-20.0,0,0.0,600.0,1126.2,0.5262
WT,WT_15,/root/neurothermo/WT/cc_15.abf,6,300.0,10.0,-10.0,0,0.0,600.0,1126.2,0.5262
WT,WT_15,/root/neurothermo/WT/cc_15.abf,6,300.0,12.0,-30.0,26,49.41087039148613,600.0,1126.2,0.5262
WT,WT_15,/root/neurothermo/WT/cc_15.abf,6,300.0,12.0,-20.0,0,0.0,600.0,1126.2,0.5262
WT,WT_15,/root/neurothermo/WT/cc_15.abf,6,300.0,12.0,-10.0,0,0.0,600.0,1126.2,0.5262
WT,WT_15,/root/neurothermo/WT/cc_15.abf,6,300.0,15.0,-30.0,26,49.41087039148613,600.0,1126.2,0.5262
WT,WT_15,/root/neurothermo/WT/cc_15.abf,6,300.0,15.0,-20.0,0,0.0,600.0,1126.2,0.5262
WT,WT_15,/root/neurothermo/WT/cc_15.abf,6,300.0,15.0,-10.0,0,0.0,600.0,1126.2,0.5262
WT,WT_15,/root/neurothermo/WT/cc_15.abf,7,350.0,8.0,-30.0,34,64.61421512732801,600.0,1126.2,0.5262
WT,WT_15,/root/neurothermo/WT/cc_15.abf,7,350.0,8.0,-20.0,3,5.701254275940707,600.0,1126.2,0.5262
WT,WT_15,/root/neurothermo/WT/cc_15.abf,7,350.0,8.0,-10.0,0,0.0,600.0,1126.2,0.5262
WT,WT_15,/root/neurothermo/WT/cc_15.abf,7,350.0,10.0,-30.0,34,64.61421512732801,600.0,1126.2,0.5262
WT,WT_15,/root/neurothermo/WT/cc_15.abf,7,350.0,10.0,-20.0,3,5.701254275940707,600.0,1126.2,0.5262
WT,WT_15,/root/neurothermo/WT/cc_15.abf,7,350.0,10.0,-10.0,0,0.0,600.0,1126.2,0.5262
WT,WT_15,/root/neurothermo/WT/cc_15.abf,7,350.0,12.0,-30.0,34,64.61421512732801,600.0,1126.2,0.5262
WT,WT_15,/root/neurothermo/WT/cc_15.abf,7,350.0,12.0,-20.0,3,5.701254275940707,600.0,1126.2,0.5262
WT,WT_15,/root/neurothermo/WT/cc_15.abf,7,350.0,12.0,-10.0,0,0.0,600.0,1126.2,0.5262
WT,WT_15,/root/neurothermo/WT/cc_15.abf,7,350.0,15.0,-30.0,34,64.61421512732801,600.0,1126.2,0.5262
WT,WT_15,/root/neurothermo/WT/cc_15.abf,7,350.0,15.0,-20.0,3,5.701254275940707,600.0,1126.2,0.5262
WT,WT_15,/root/neurothermo/WT/cc_15.abf,7,350.0,15.0,-10.0,0,0.0,600.0,1126.2,0.5262
WT,WT_15,/root/neurothermo/WT/cc_15.abf,8,400.0,8.0,-30.0,41,77.91714177118966,600.0,1126.2,0.5262
WT,WT_15,/root/neurothermo/WT/cc_15.abf,8,400.0,8.0,-20.0,30,57.01254275940707,600.0,1126.2,0.5262
WT,WT_15,/root/neurothermo/WT/cc_15.abf,8,400.0,8.0,-10.0,0,0.0,600.0,1126.2,0.5262
WT,WT_15,/root/neurothermo/WT/cc_15.abf,8,400.0,10.0,-30.0,41,77.91714177118966,600.0,1126.2,0.5262
WT,WT_15,/root/neurothermo/WT/cc_15.abf,8,400.0,10.0,-20.0,30,57.01254275940707,600.0,1126.2,0.5262
WT,WT_15,/root/neurothermo/WT/cc_15.abf,8,400.0,10.0,-10.0,0,0.0,600.0,1126.2,0.5262
WT,WT_15,/root/neurothermo/WT/cc_15.abf,8,400.0,12.0,-30.0,41,77.91714177118966,600.0,1126.2,0.5262
WT,WT_15,/root/neurothermo/WT/cc_15.abf,8,400.0,12.0,-20.0,30,57.01254275940707,600.0,1126.2,0.5262
WT,WT_15,/root/neurothermo/WT/cc_15.abf,8,400.0,12.0,-10.0,0,0.0,600.0,1126.2,0.5262
WT,WT_15,/root/neurothermo/WT/cc_15.abf,8,400.0,15.0,-30.0,41,77.91714177118966,600.0,1126.2,0.5262
WT,WT_15,/root/neurothermo/WT/cc_15.abf,8,400.0,15.0,-20.0,30,57.01254275940707,600.0,1126.2,0.5262
WT,WT_15,/root/neurothermo/WT/cc_15.abf,8,400.0,15.0,-10.0,0,0.0,600.0,1126.2,0.5262
WT,WT_15,/root/neurothermo/WT/cc_15.abf,9,450.0,8.0,-30.0,47,89.31965032307107,600.0,1126.2,0.5262
WT,WT_15,/root/neurothermo/WT/cc_15.abf,9,450.0,8.0,-20.0,47,89.31965032307107,600.0,1126.2,0.5262
WT,WT_15,/root/neurothermo/WT/cc_15.abf,9,450.0,8.0,-10.0,0,0.0,600.0,1126.2,0.5262
WT,WT_15,/root/neurothermo/WT/cc_15.abf,9,450.0,10.0,-30.0,47,89.31965032307107,600.0,1126.2,0.5262
WT,WT_15,/root/neurothermo/WT/cc_15.abf,9,450.0,10.0,-20.0,47,89.31965032307107,600.0,1126.2,0.5262
WT,WT_15,/root/neurothermo/WT/cc_15.abf,9,450.0,10.0,-10.0,0,0.0,600.0,1126.2,0.5262
WT,WT_15,/root/neurothermo/WT/cc_15.abf,9,450.0,12.0,-30.0,47,89.31965032307107,600.0,1126.2,0.5262
WT,WT_15,/root/neurothermo/WT/cc_15.abf,9,450.0,12.0,-20.0,47,89.31965032307107,600.0,1126.2,0.5262
WT,WT_15,/root/neurothermo/WT/cc_15.abf,9,450.0,12.0,-10.0,0,0.0,600.0,1126.2,0.5262
WT,WT_15,/root/neurothermo/WT/cc_15.abf,9,450.0,15.0,-30.0,47,89.31965032307107,600.0,1126.2,0.5262
WT,WT_15,/root/neurothermo/WT/cc_15.abf,9,450.0,15.0,-20.0,47,89.31965032307107,600.0,1126.2,0.5262
WT,WT_15,/root/neurothermo/WT/cc_15.abf,9,450.0,15.0,-10.0,0,0.0,600.0,1126.2,0.5262
WT,WT_15,/root/neurothermo/WT/cc_15.abf,10,500.0,8.0,-30.0,52,98.82174078297226,600.0,1126.2,0.5262
WT,WT_15,/root/neurothermo/WT/cc_15.abf,10,500.0,8.0,-20.0,52,98.82174078297226,600.0,1126.2,0.5262
WT,WT_15,/root/neurothermo/WT/cc_15.abf,10,500.0,8.0,-10.0,0,0.0,600.0,1126.2,0.5262
WT,WT_15,/root/neurothermo/WT/cc_15.abf,10,500.0,10.0,-30.0,52,98.82174078297226,600.0,1126.2,0.5262
WT,WT_15,/root/neurothermo/WT/cc_15.abf,10,500.0,10.0,-20.0,52,98.82174078297226,600.0,1126.2,0.5262
WT,WT_15,/root/neurothermo/WT/cc_15.abf,10,500.0,10.0,-10.0,0,0.0,600.0,1126.2,0.5262
WT,WT_15,/root/neurothermo/WT/cc_15.abf,10,500.0,12.0,-30.0,52,98.82174078297226,600.0,1126.2,0.5262
WT,WT_15,/root/neurothermo/WT/cc_15.abf,10,500.0,12.0,-20.0,52,98.82174078297226,600.0,1126.2,0.5262
WT,WT_15,/root/neurothermo/WT/cc_15.abf,10,500.0,12.0,-10.0,0,0.0,600.0,1126.2,0.5262
WT,WT_15,/root/neurothermo/WT/cc_15.abf,10,500.0,15.0,-30.0,52,98.82174078297226,600.0,1126.2,0.5262
WT,WT_15,/root/neurothermo/WT/cc_15.abf,10,500.0,15.0,-20.0,52,98.82174078297226,600.0,1126.2,0.5262
WT,WT_15,/root/neurothermo/WT/cc_15.abf,10,500.0,15.0,-10.0,0,0.0,600.0,1126.2,0.5262
WT,WT_15,/root/neurothermo/WT/cc_15.abf,11,550.0,8.0,-30.0,57,108.32383124287344,600.0,1126.2,0.5262
WT,WT_15,/root/neurothermo/WT/cc_15.abf,11,550.0,8.0,-20.0,57,108.32383124287344,600.0,1126.2,0.5262
WT,WT_15,/root/neurothermo/WT/cc_15.abf,11,550.0,8.0,-10.0,0,0.0,600.0,1126.2,0.5262
WT,WT_15,/root/neurothermo/WT/cc_15.abf,11,550.0,10.0,-30.0,57,108.32383124287344,600.0,1126.2,0.5262
WT,WT_15,/root/neurothermo/WT/cc_15.abf,11,550.0,10.0,-20.0,57,108.32383124287344,600.0,1126.2,0.5262
WT,WT_15,/root/neurothermo/WT/cc_15.abf,11,550.0,10.0,-10.0,0,0.0,600.0,1126.2,0.5262
WT,WT_15,/root/neurothermo/WT/cc_15.abf,11,550.0,12.0,-30.0,57,108.32383124287344,600.0,1126.2,0.5262
WT,WT_15,/root/neurothermo/WT/cc_15.abf,11,550.0,12.0,-20.0,57,108.32383124287344,600.0,1126.2,0.5262
WT,WT_15,/root/neurothermo/WT/cc_15.abf,11,550.0,12.0,-10.0,0,0.0,600.0,1126.2,0.5262
WT,WT_15,/root/neurothermo/WT/cc_15.abf,11,550.0,15.0,-30.0,57,108.32383124287344,600.0,1126.2,0.5262
WT,WT_15,/root/neurothermo/WT/cc_15.abf,11,550.0,15.0,-20.0,57,108.32383124287344,600.0,1126.2,0.5262
WT,WT_15,/root/neurothermo/WT/cc_15.abf,11,550.0,15.0,-10.0,0,0.0,600.0,1126.2,0.5262
WT,WT_15,/root/neurothermo/WT/cc_15.abf,12,600.0,8.0,-30.0,61,115.92550361079438,600.0,1126.2,0.5262
WT,WT_15,/root/neurothermo/WT/cc_15.abf,12,600.0,8.0,-20.0,61,115.92550361079438,600.0,1126.2,0.5262
WT,WT_15,/root/neurothermo/WT/cc_15.abf,12,600.0,8.0,-10.0,0,0.0,600.0,1126.2,0.5262
WT,WT_15,/root/neurothermo/WT/cc_15.abf,12,600.0,10.0,-30.0,61,115.92550361079438,600.0,1126.2,0.5262
WT,WT_15,/root/neurothermo/WT/cc_15.abf,12,600.0,10.0,-20.0,61,115.92550361079438,600.0,1126.2,0.5262
WT,WT_15,/root/neurothermo/WT/cc_15.abf,12,600.0,10.0,-10.0,0,0.0,600.0,1126.2,0.5262
WT,WT_15,/root/neurothermo/WT/cc_15.abf,12,600.0,12.0,-30.0,61,115.92550361079438,600.0,1126.2,0.5262
WT,WT_15,/root/neurothermo/WT/cc_15.abf,12,600.0,12.0,-20.0,61,115.92550361079438,600.0,1126.2,0.5262
WT,WT_15,/root/neurothermo/WT/cc_15.abf,12,600.0,12.0,-10.0,0,0.0,600.0,1126.2,0.5262
WT,WT_15,/root/neurothermo/WT/cc_15.abf,12,600.0,15.0,-30.0,61,115.92550361079438,600.0,1126.2,0.5262
WT,WT_15,/root/neurothermo/WT/cc_15.abf,12,600.0,15.0,-20.0,61,115.92550361079438,600.0,1126.2,0.5262
WT,WT_15,/root/neurothermo/WT/cc_15.abf,12,600.0,15.0,-10.0,0,0.0,600.0,1126.2,0.5262
WT,WT_16,/root/neurothermo/WT/cc_16.abf,0,0.0,8.0,-30.0,0,0.0,600.0,1126.2,0.5262
WT,WT_16,/root/neurothermo/WT/cc_16.abf,0,0.0,8.0,-20.0,0,0.0,600.0,1126.2,0.5262
WT,WT_16,/root/neurothermo/WT/cc_16.abf,0,0.0,8.0,-10.0,0,0.0,600.0,1126.2,0.5262
WT,WT_16,/root/neurothermo/WT/cc_16.abf,0,0.0,10.0,-30.0,0,0.0,600.0,1126.2,0.5262
WT,WT_16,/root/neurothermo/WT/cc_16.abf,0,0.0,10.0,-20.0,0,0.0,600.0,1126.2,0.5262
WT,WT_16,/root/neurothermo/WT/cc_16.abf,0,0.0,10.0,-10.0,0,0.0,600.0,1126.2,0.5262
WT,WT_16,/root/neurothermo/WT/cc_16.abf,0,0.0,12.0,-30.0,0,0.0,600.0,1126.2,0.5262
WT,WT_16,/root/neurothermo/WT/cc_16.abf,0,0.0,12.0,-20.0,0,0.0,600.0,1126.2,0.5262
WT,WT_16,/root/neurothermo/WT/cc_16.abf,0,0.0,12.0,-10.0,0,0.0,600.0,1126.2,0.5262
WT,WT_16,/root/neurothermo/WT/cc_16.abf,0,0.0,15.0,-30.0,0,0.0,600.0,1126.2,0.5262
WT,WT_16,/root/neurothermo/WT/cc_16.abf,0,0.0,15.0,-20.0,0,0.0,600.0,1126.2,0.5262
WT,WT_16,/root/neurothermo/WT/cc_16.abf,0,0.0,15.0,-10.0,0,0.0,600.0,1126.2,0.5262
WT,WT_16,/root/neurothermo/WT/cc_16.abf,1,50.0,8.0,-30.0,0,0.0,600.0,1126.2,0.5262
WT,WT_16,/root/neurothermo/WT/cc_16.abf,1,50.0,8.0,-20.0,0,0.0,600.0,1126.2,0.5262
WT,WT_16,/root/neurothermo/WT/cc_16.abf,1,50.0,8.0,-10.0,0,0.0,600.0,1126.2,0.5262
WT,WT_16,/root/neurothermo/WT/cc_16.abf,1,50.0,10.0,-30.0,0,0.0,600.0,1126.2,0.5262
WT,WT_16,/root/neurothermo/WT/cc_16.abf,1,50.0,10.0,-20.0,0,0.0,600.0,1126.2,0.5262
WT,WT_16,/root/neurothermo/WT/cc_16.abf,1,50.0,10.0,-10.0,0,0.0,600.0,1126.2,0.5262
WT,WT_16,/root/neurothermo/WT/cc_16.abf,1,50.0,12.0,-30.0,0,0.0,600.0,1126.2,0.5262
WT,WT_16,/root/neurothermo/WT/cc_16.abf,1,50.0,12.0,-20.0,0,0.0,600.0,1126.2,0.5262
WT,WT_16,/root/neurothermo/WT/cc_16.abf,1,50.0,12.0,-10.0,0,0.0,600.0,1126.2,0.5262
WT,WT_16,/root/neurothermo/WT/cc_16.abf,1,50.0,15.0,-30.0,0,0.0,600.0,1126.2,0.5262
WT,WT_16,/root/neurothermo/WT/cc_16.abf,1,50.0,15.0,-20.0,0,0.0,600.0,1126.2,0.5262
WT,WT_16,/root/neurothermo/WT/cc_16.abf,1,50.0,15.0,-10.0,0,0.0,600.0,1126.2,0.5262
WT,WT_16,/root/neurothermo/WT/cc_16.abf,2,100.0,8.0,-30.0,0,0.0,600.0,1126.2,0.5262
WT,WT_16,/root/neurothermo/WT/cc_16.abf,2,100.0,8.0,-20.0,0,0.0,600.0,1126.2,0.5262
WT,WT_16,/root/neurothermo/WT/cc_16.abf,2,100.0,8.0,-10.0,0,0.0,600.0,1126.2,0.5262
WT,WT_16,/root/neurothermo/WT/cc_16.abf,2,100.0,10.0,-30.0,0,0.0,600.0,1126.2,0.5262
WT,WT_16,/root/neurothermo/WT/cc_16.abf,2,100.0,10.0,-20.0,0,0.0,600.0,1126.2,0.5262
WT,WT_16,/root/neurothermo/WT/cc_16.abf,2,100.0,10.0,-10.0,0,0.0,600.0,1126.2,0.5262
WT,WT_16,/root/neurothermo/WT/cc_16.abf,2,100.0,12.0,-30.0,0,0.0,600.0,1126.2,0.5262
WT,WT_16,/root/neurothermo/WT/cc_16.abf,2,100.0,12.0,-20.0,0,0.0,600.0,1126.2,0.5262
WT,WT_16,/root/neurothermo/WT/cc_16.abf,2,100.0,12.0,-10.0,0,0.0,600.0,1126.2,0.5262
WT,WT_16,/root/neurothermo/WT/cc_16.abf,2,100.0,15.0,-30.0,0,0.0,600.0,1126.2,0.5262
WT,WT_16,/root/neurothermo/WT/cc_16.abf,2,100.0,15.0,-20.0,0,0.0,600.0,1126.2,0.5262
WT,WT_16,/root/neurothermo/WT/cc_16.abf,2,100.0,15.0,-10.0,0,0.0,600.0,1126.2,0.5262
WT,WT_16,/root/neurothermo/WT/cc_16.abf,3,150.0,8.0,-30.0,0,0.0,600.0,1126.2,0.5262
WT,WT_16,/root/neurothermo/WT/cc_16.abf,3,150.0,8.0,-20.0,0,0.0,600.0,1126.2,0.5262
WT,WT_16,/root/neurothermo/WT/cc_16.abf,3,150.0,8.0,-10.0,0,0.0,600.0,1126.2,0.5262
WT,WT_16,/root/neurothermo/WT/cc_16.abf,3,150.0,10.0,-30.0,0,0.0,600.0,1126.2,0.5262
WT,WT_16,/root/neurothermo/WT/cc_16.abf,3,150.0,10.0,-20.0,0,0.0,600.0,1126.2,0.5262
WT,WT_16,/root/neurothermo/WT/cc_16.abf,3,150.0,10.0,-10.0,0,0.0,600.0,1126.2,0.5262
WT,WT_16,/root/neurothermo/WT/cc_16.abf,3,150.0,12.0,-30.0,0,0.0,600.0,1126.2,0.5262
WT,WT_16,/root/neurothermo/WT/cc_16.abf,3,150.0,12.0,-20.0,0,0.0,600.0,1126.2,0.5262
WT,WT_16,/root/neurothermo/WT/cc_16.abf,3,150.0,12.0,-10.0,0,0.0,600.0,1126.2,0.5262
WT,WT_16,/root/neurothermo/WT/cc_16.abf,3,150.0,15.0,-30.0,0,0.0,600.0,1126.2,0.5262
WT,WT_16,/root/neurothermo/WT/cc_16.abf,3,150.0,15.0,-20.0,0,0.0,600.0,1126.2,0.5262
WT,WT_16,/root/neurothermo/WT/cc_16.abf,3,150.0,15.0,-10.0,0,0.0,600.0,1126.2,0.5262
WT,WT_16,/root/neurothermo/WT/cc_16.abf,4,200.0,8.0,-30.0,2,3.800836183960471,600.0,1126.2,0.5262
WT,WT_16,/root/neurothermo/WT/cc_16.abf,4,200.0,8.0,-20.0,0,0.0,600.0,1126.2,0.5262
WT,WT_16,/root/neurothermo/WT/cc_16.abf,4,200.0,8.0,-10.0,0,0.0,600.0,1126.2,0.5262
WT,WT_16,/root/neurothermo/WT/cc_16.abf,4,200.0,10.0,-30.0,2,3.800836183960471,600.0,1126.2,0.5262
WT,WT_16,/root/neurothermo/WT/cc_16.abf,4,200.0,10.0,-20.0,0,0.0,600.0,1126.2,0.5262
WT,WT_16,/root/neurothermo/WT/cc_16.abf,4,200.0,10.0,-10.0,0,0.0,600.0,1126.2,0.5262
WT,WT_16,/root/neurothermo/WT/cc_16.abf,4,200.0,12.0,-30.0,2,3.800836183960471,600.0,1126.2,0.5262
WT,WT_16,/root/neurothermo/WT/cc_16.abf,4,200.0,12.0,-20.0,0,0.0,600.0,1126.2,0.5262
WT,WT_16,/root/neurothermo/WT/cc_16.abf,4,200.0,12.0,-10.0,0,0.0,600.0,1126.2,0.5262
WT,WT_16,/root/neurothermo/WT/cc_16.abf,4,200.0,15.0,-30.0,2,3.800836183960471,600.0,1126.2,0.5262
WT,WT_16,/root/neurothermo/WT/cc_16.abf,4,200.0,15.0,-20.0,0,0.0,600.0,1126.2,0.5262
WT,WT_16,/root/neurothermo/WT/cc_16.abf,4,200.0,15.0,-10.0,0,0.0,600.0,1126.2,0.5262
WT,WT_16,/root/neurothermo/WT/cc_16.abf,5,250.0,8.0,-30.0,12,22.80501710376283,600.0,1126.2,0.5262
WT,WT_16,/root/neurothermo/WT/cc_16.abf,5,250.0,8.0,-20.0,0,0.0,600.0,1126.2,0.5262
WT,WT_16,/root/neurothermo/WT/cc_16.abf,5,250.0,8.0,-10.0,0,0.0,600.0,1126.2,0.5262
WT,WT_16,/root/neurothermo/WT/cc_16.abf,5,250.0,10.0,-30.0,12,22.80501710376283,600.0,1126.2,0.5262
WT,WT_16,/root/neurothermo/WT/cc_16.abf,5,250.0,10.0,-20.0,0,0.0,600.0,1126.2,0.5262
WT,WT_16,/root/neurothermo/WT/cc_16.abf,5,250.0,10.0,-10.0,0,0.0,600.0,1126.2,0.5262
WT,WT_16,/root/neurothermo/WT/cc_16.abf,5,250.0,12.0,-30.0,12,22.80501710376283,600.0,1126.2,0.5262
WT,WT_16,/root/neurothermo/WT/cc_16.abf,5,250.0,12.0,-20.0,0,0.0,600.0,1126.2,0.5262
WT,WT_16,/root/neurothermo/WT/cc_16.abf,5,250.0,12.0,-10.0,0,0.0,600.0,1126.2,0.5262
WT,WT_16,/root/neurothermo/WT/cc_16.abf,5,250.0,15.0,-30.0,12,22.80501710376283,600.0,1126.2,0.5262
WT,WT_16,/root/neurothermo/WT/cc_16.abf,5,250.0,15.0,-20.0,0,0.0,600.0,1126.2,0.5262
WT,WT_16,/root/neurothermo/WT/cc_16.abf,5,250.0,15.0,-10.0,0,0.0,600.0,1126.2,0.5262
WT,WT_16,/root/neurothermo/WT/cc_16.abf,6,300.0,8.0,-30.0,18,34.20752565564424,600.0,1126.2,0.5262
WT,WT_16,/root/neurothermo/WT/cc_16.abf,6,300.0,8.0,-20.0,0,0.0,600.0,1126.2,0.5262
WT,WT_16,/root/neurothermo/WT/cc_16.abf,6,300.0,8.0,-10.0,0,0.0,600.0,1126.2,0.5262
WT,WT_16,/root/neurothermo/WT/cc_16.abf,6,300.0,10.0,-30.0,18,34.20752565564424,600.0,1126.2,0.5262
WT,WT_16,/root/neurothermo/WT/cc_16.abf,6,300.0,10.0,-20.0,0,0.0,600.0,1126.2,0.5262
WT,WT_16,/root/neurothermo/WT/cc_16.abf,6,300.0,10.0,-10.0,0,0.0,600.0,1126.2,0.5262
WT,WT_16,/root/neurothermo/WT/cc_16.abf,6,300.0,12.0,-30.0,18,34.20752565564424,600.0,1126.2,0.5262
WT,WT_16,/root/neurothermo/WT/cc_16.abf,6,300.0,12.0,-20.0,0,0.0,600.0,1126.2,0.5262
WT,WT_16,/root/neurothermo/WT/cc_16.abf,6,300.0,12.0,-10.0,0,0.0,600.0,1126.2,0.5262
WT,WT_16,/root/neurothermo/WT/cc_16.abf,6,300.0,15.0,-30.0,18,34.20752565564424,600.0,1126.2,0.5262
WT,WT_16,/root/neurothermo/WT/cc_16.abf,6,300.0,15.0,-20.0,0,0.0,600.0,1126.2,0.5262
WT,WT_16,/root/neurothermo/WT/cc_16.abf,6,300.0,15.0,-10.0,0,0.0,600.0,1126.2,0.5262
WT,WT_16,/root/neurothermo/WT/cc_16.abf,7,350.0,8.0,-30.0,26,49.41087039148613,600.0,1126.2,0.5262
WT,WT_16,/root/neurothermo/WT/cc_16.abf,7,350.0,8.0,-20.0,0,0.0,600.0,1126.2,0.5262
WT,WT_16,/root/neurothermo/WT/cc_16.abf,7,350.0,8.0,-10.0,0,0.0,600.0,1126.2,0.5262
WT,WT_16,/root/neurothermo/WT/cc_16.abf,7,350.0,10.0,-30.0,26,49.41087039148613,600.0,1126.2,0.5262
WT,WT_16,/root/neurothermo/WT/cc_16.abf,7,350.0,10.0,-20.0,0,0.0,600.0,1126.2,0.5262
WT,WT_16,/root/neurothermo/WT/cc_16.abf,7,350.0,10.0,-10.0,0,0.0,600.0,1126.2,0.5262
WT,WT_16,/root/neurothermo/WT/cc_16.abf,7,350.0,12.0,-30.0,26,49.41087039148613,600.0,1126.2,0.5262
WT,WT_16,/root/neurothermo/WT/cc_16.abf,7,350.0,12.0,-20.0,0,0.0,600.0,1126.2,0.5262
WT,WT_16,/root/neurothermo/WT/cc_16.abf,7,350.0,12.0,-10.0,0,0.0,600.0,1126.2,0.5262
WT,WT_16,/root/neurothermo/WT/cc_16.abf,7,350.0,15.0,-30.0,26,49.41087039148613,600.0,1126.2,0.5262
WT,WT_16,/root/neurothermo/WT/cc_16.abf,7,350.0,15.0,-20.0,0,0.0,600.0,1126.2,0.5262
WT,WT_16,/root/neurothermo/WT/cc_16.abf,7,350.0,15.0,-10.0,0,0.0,600.0,1126.2,0.5262
WT,WT_16,/root/neurothermo/WT/cc_16.abf,8,400.0,8.0,-30.0,31,58.912960851387304,600.0,1126.2,0.5262
WT,WT_16,/root/neurothermo/WT/cc_16.abf,8,400.0,8.0,-20.0,0,0.0,600.0,1126.2,0.5262
WT,WT_16,/root/neurothermo/WT/cc_16.abf,8,400.0,8.0,-10.0,0,0.0,600.0,1126.2,0.5262
WT,WT_16,/root/neurothermo/WT/cc_16.abf,8,400.0,10.0,-30.0,31,58.912960851387304,600.0,1126.2,0.5262
WT,WT_16,/root/neurothermo/WT/cc_16.abf,8,400.0,10.0,-20.0,0,0.0,600.0,1126.2,0.5262
WT,WT_16,/root/neurothermo/WT/cc_16.abf,8,400.0,10.0,-10.0,0,0.0,600.0,1126.2,0.5262
WT,WT_16,/root/neurothermo/WT/cc_16.abf,8,400.0,12.0,-30.0,31,58.912960851387304,600.0,1126.2,0.5262
WT,WT_16,/root/neurothermo/WT/cc_16.abf,8,400.0,12.0,-20.0,0,0.0,600.0,1126.2,0.5262
WT,WT_16,/root/neurothermo/WT/cc_16.abf,8,400.0,12.0,-10.0,0,0.0,600.0,1126.2,0.5262
WT,WT_16,/root/neurothermo/WT/cc_16.abf,8,400.0,15.0,-30.0,31,58.912960851387304,600.0,1126.2,0.5262
WT,WT_16,/root/neurothermo/WT/cc_16.abf,8,400.0,15.0,-20.0,0,0.0,600.0,1126.2,0.5262
WT,WT_16,/root/neurothermo/WT/cc_16.abf,8,400.0,15.0,-10.0,0,0.0,600.0,1126.2,0.5262
WT,WT_16,/root/neurothermo/WT/cc_16.abf,9,450.0,8.0,-30.0,36,68.41505131128848,600.0,1126.2,0.5262
WT,WT_16,/root/neurothermo/WT/cc_16.abf,9,450.0,8.0,-20.0,4,7.601672367920942,600.0,1126.2,0.5262
WT,WT_16,/root/neurothermo/WT/cc_16.abf,9,450.0,8.0,-10.0,0,0.0,600.0,1126.2,0.5262
WT,WT_16,/root/neurothermo/WT/cc_16.abf,9,450.0,10.0,-30.0,36,68.41505131128848,600.0,1126.2,0.5262
WT,WT_16,/root/neurothermo/WT/cc_16.abf,9,450.0,10.0,-20.0,4,7.601672367920942,600.0,1126.2,0.5262
WT,WT_16,/root/neurothermo/WT/cc_16.abf,9,450.0,10.0,-10.0,0,0.0,600.0,1126.2,0.5262
WT,WT_16,/root/neurothermo/WT/cc_16.abf,9,450.0,12.0,-30.0,36,68.41505131128848,600.0,1126.2,0.5262
WT,WT_16,/root/neurothermo/WT/cc_16.abf,9,450.0,12.0,-20.0,4,7.601672367920942,600.0,1126.2,0.5262
WT,WT_16,/root/neurothermo/WT/cc_16.abf,9,450.0,12.0,-10.0,0,0.0,600.0,1126.2,0.5262
WT,WT_16,/root/neurothermo/WT/cc_16.abf,9,450.0,15.0,-30.0,36,68.41505131128848,600.0,1126.2,0.5262
WT,WT_16,/root/neurothermo/WT/cc_16.abf,9,450.0,15.0,-20.0,4,7.601672367920942,600.0,1126.2,0.5262
WT,WT_16,/root/neurothermo/WT/cc_16.abf,9,450.0,15.0,-10.0,0,0.0,600.0,1126.2,0.5262
WT,WT_16,/root/neurothermo/WT/cc_16.abf,10,500.0,8.0,-30.0,44,83.61839604713037,600.0,1126.2,0.5262
WT,WT_16,/root/neurothermo/WT/cc_16.abf,10,500.0,8.0,-20.0,42,79.81755986316989,600.0,1126.2,0.5262
WT,WT_16,/root/neurothermo/WT/cc_16.abf,10,500.0,8.0,-10.0,0,0.0,600.0,1126.2,0.5262
WT,WT_16,/root/neurothermo/WT/cc_16.abf,10,500.0,10.0,-30.0,44,83.61839604713037,600.0,1126.2,0.5262
WT,WT_16,/root/neurothermo/WT/cc_16.abf,10,500.0,10.0,-20.0,42,79.81755986316989,600.0,1126.2,0.5262
WT,WT_16,/root/neurothermo/WT/cc_16.abf,10,500.0,10.0,-10.0,0,0.0,600.0,1126.2,0.5262
WT,WT_16,/root/neurothermo/WT/cc_16.abf,10,500.0,12.0,-30.0,44,83.61839604713037,600.0,1126.2,0.5262
WT,WT_16,/root/neurothermo/WT/cc_16.abf,10,500.0,12.0,-20.0,42,79.81755986316989,600.0,1126.2,0.5262
WT,WT_16,/root/neurothermo/WT/cc_16.abf,10,500.0,12.0,-10.0,0,0.0,600.0,1126.2,0.5262
WT,WT_16,/root/neurothermo/WT/cc_16.abf,10,500.0,15.0,-30.0,44,83.61839604713037,600.0,1126.2,0.5262
WT,WT_16,/root/neurothermo/WT/cc_16.abf,10,500.0,15.0,-20.0,42,79.81755986316989,600.0,1126.2,0.5262
WT,WT_16,/root/neurothermo/WT/cc_16.abf,10,500.0,15.0,-10.0,0,0.0,600.0,1126.2,0.5262
WT,WT_16,/root/neurothermo/WT/cc_16.abf,11,550.0,8.0,-30.0,45,85.5188141391106,600.0,1126.2,0.5262
WT,WT_16,/root/neurothermo/WT/cc_16.abf,11,550.0,8.0,-20.0,45,85.5188141391106,600.0,1126.2,0.5262
WT,WT_16,/root/neurothermo/WT/cc_16.abf,11,550.0,8.0,-10.0,0,0.0,600.0,1126.2,0.5262
WT,WT_16,/root/neurothermo/WT/cc_16.abf,11,550.0,10.0,-30.0,45,85.5188141391106,600.0,1126.2,0.5262
WT,WT_16,/root/neurothermo/WT/cc_16.abf,11,550.0,10.0,-20.0,45,85.5188141391106,600.0,1126.2,0.5262
WT,WT_16,/root/neurothermo/WT/cc_16.abf,11,550.0,10.0,-10.0,0,0.0,600.0,1126.2,0.5262
WT,WT_16,/root/neurothermo/WT/cc_16.abf,11,550.0,12.0,-30.0,45,85.5188141391106,600.0,1126.2,0.5262
WT,WT_16,/root/neurothermo/WT/cc_16.abf,11,550.0,12.0,-20.0,45,85.5188141391106,600.0,1126.2,0.5262
WT,WT_16,/root/neurothermo/WT/cc_16.abf,11,550.0,12.0,-10.0,0,0.0,600.0,1126.2,0.5262
WT,WT_16,/root/neurothermo/WT/cc_16.abf,11,550.0,15.0,-30.0,45,85.5188141391106,600.0,1126.2,0.5262
WT,WT_16,/root/neurothermo/WT/cc_16.abf,11,550.0,15.0,-20.0,45,85.5188141391106,600.0,1126.2,0.5262
WT,WT_16,/root/neurothermo/WT/cc_16.abf,11,550.0,15.0,-10.0,0,0.0,600.0,1126.2,0.5262
WT,WT_16,/root/neurothermo/WT/cc_16.abf,12,600.0,8.0,-30.0,50,95.02090459901179,600.0,1126.2,0.5262
WT,WT_16,/root/neurothermo/WT/cc_16.abf,12,600.0,8.0,-20.0,50,95.02090459901179,600.0,1126.2,0.5262
WT,WT_16,/root/neurothermo/WT/cc_16.abf,12,600.0,8.0,-10.0,0,0.0,600.0,1126.2,0.5262
WT,WT_16,/root/neurothermo/WT/cc_16.abf,12,600.0,10.0,-30.0,50,95.02090459901179,600.0,1126.2,0.5262
WT,WT_16,/root/neurothermo/WT/cc_16.abf,12,600.0,10.0,-20.0,50,95.02090459901179,600.0,1126.2,0.5262
WT,WT_16,/root/neurothermo/WT/cc_16.abf,12,600.0,10.0,-10.0,0,0.0,600.0,1126.2,0.5262
WT,WT_16,/root/neurothermo/WT/cc_16.abf,12,600.0,12.0,-30.0,50,95.02090459901179,600.0,1126.2,0.5262
WT,WT_16,/root/neurothermo/WT/cc_16.abf,12,600.0,12.0,-20.0,50,95.02090459901179,600.0,1126.2,0.5262
WT,WT_16,/root/neurothermo/WT/cc_16.abf,12,600.0,12.0,-10.0,0,0.0,600.0,1126.2,0.5262
WT,WT_16,/root/neurothermo/WT/cc_16.abf,12,600.0,15.0,-30.0,50,95.02090459901179,600.0,1126.2,0.5262
WT,WT_16,/root/neurothermo/WT/cc_16.abf,12,600.0,15.0,-20.0,50,95.02090459901179,600.0,1126.2,0.5262
WT,WT_16,/root/neurothermo/WT/cc_16.abf,12,600.0,15.0,-10.0,0,0.0,600.0,1126.2,0.5262
SCA3,SCA3_01,/root/neurothermo/SCA3/cc_01.abf,0,0.0,8.0,-30.0,0,0.0,600.0,1126.2,0.5262
SCA3,SCA3_01,/root/neurothermo/SCA3/cc_01.abf,0,0.0,8.0,-20.0,0,0.0,600.0,1126.2,0.5262
SCA3,SCA3_01,/root/neurothermo/SCA3/cc_01.abf,0,0.0,8.0,-10.0,0,0.0,600.0,1126.2,0.5262
SCA3,SCA3_01,/root/neurothermo/SCA3/cc_01.abf,0,0.0,10.0,-30.0,0,0.0,600.0,1126.2,0.5262
SCA3,SCA3_01,/root/neurothermo/SCA3/cc_01.abf,0,0.0,10.0,-20.0,0,0.0,600.0,1126.2,0.5262
SCA3,SCA3_01,/root/neurothermo/SCA3/cc_01.abf,0,0.0,10.0,-10.0,0,0.0,600.0,1126.2,0.5262
SCA3,SCA3_01,/root/neurothermo/SCA3/cc_01.abf,0,0.0,12.0,-30.0,0,0.0,600.0,1126.2,0.5262
SCA3,SCA3_01,/root/neurothermo/SCA3/cc_01.abf,0,0.0,12.0,-20.0,0,0.0,600.0,1126.2,0.5262
SCA3,SCA3_01,/root/neurothermo/SCA3/cc_01.abf,0,0.0,12.0,-10.0,0,0.0,600.0,1126.2,0.5262
SCA3,SCA3_01,/root/neurothermo/SCA3/cc_01.abf,0,0.0,15.0,-30.0,0,0.0,600.0,1126.2,0.5262
SCA3,SCA3_01,/root/neurothermo/SCA3/cc_01.abf,0,0.0,15.0,-20.0,0,0.0,600.0,1126.2,0.5262
SCA3,SCA3_01,/root/neurothermo/SCA3/cc_01.abf,0,0.0,15.0,-10.0,0,0.0,600.0,1126.2,0.5262
SCA3,SCA3_01,/root/neurothermo/SCA3/cc_01.abf,1,50.0,8.0,-30.0,0,0.0,600.0,1126.2,0.5262
SCA3,SCA3_01,/root/neurothermo/SCA3/cc_01.abf,1,50.0,8.0,-20.0,0,0.0,600.0,1126.2,0.5262
SCA3,SCA3_01,/root/neurothermo/SCA3/cc_01.abf,1,50.0,8.0,-10.0,0,0.0,600.0,1126.2,0.5262
SCA3,SCA3_01,/root/neurothermo/SCA3/cc_01.abf,1,50.0,10.0,-30.0,0,0.0,600.0,1126.2,0.5262
SCA3,SCA3_01,/root/neurothermo/SCA3/cc_01.abf,1,50.0,10.0,-20.0,0,0.0,600.0,1126.2,0.5262
SCA3,SCA3_01,/root/neurothermo/SCA3/cc_01.abf,1,50.0,10.0,-10.0,0,0.0,600.0,1126.2,0.5262
SCA3,SCA3_01,/root/neurothermo/SCA3/cc_01.abf,1,50.0,12.0,-30.0,0,0.0,600.0,1126.2,0.5262
SCA3,SCA3_01,/root/neurothermo/SCA3/cc_01.abf,1,50.0,12.0,-20.0,0,0.0,600.0,1126.2,0.5262
SCA3,SCA3_01,/root/neurothermo/SCA3/cc_01.abf,1,50.0,12.0,-10.0,0,0.0,600.0,1126.2,0.5262
SCA3,SCA3_01,/root/neurothermo/SCA3/cc_01.abf,1,50.0,15.0,-30.0,0,0.0,600.0,1126.2,0.5262
SCA3,SCA3_01,/root/neurothermo/SCA3/cc_01.abf,1,50.0,15.0,-20.0,0,0.0,600.0,1126.2,0.5262
SCA3,SCA3_01,/root/neurothermo/SCA3/cc_01.abf,1,50.0,15.0,-10.0,0,0.0,600.0,1126.2,0.5262
SCA3,SCA3_01,/root/neurothermo/SCA3/cc_01.abf,2,100.0,8.0,-30.0,0,0.0,600.0,1126.2,0.5262
SCA3,SCA3_01,/root/neurothermo/SCA3/cc_01.abf,2,100.0,8.0,-20.0,0,0.0,600.0,1126.2,0.5262
SCA3,SCA3_01,/root/neurothermo/SCA3/cc_01.abf,2,100.0,8.0,-10.0,0,0.0,600.0,1126.2,0.5262
SCA3,SCA3_01,/root/neurothermo/SCA3/cc_01.abf,2,100.0,10.0,-30.0,0,0.0,600.0,1126.2,0.5262
SCA3,SCA3_01,/root/neurothermo/SCA3/cc_01.abf,2,100.0,10.0,-20.0,0,0.0,600.0,1126.2,0.5262
SCA3,SCA3_01,/root/neurothermo/SCA3/cc_01.abf,2,100.0,10.0,-10.0,0,0.0,600.0,1126.2,0.5262
SCA3,SCA3_01,/root/neurothermo/SCA3/cc_01.abf,2,100.0,12.0,-30.0,0,0.0,600.0,1126.2,0.5262
SCA3,SCA3_01,/root/neurothermo/SCA3/cc_01.abf,2,100.0,12.0,-20.0,0,0.0,600.0,1126.2,0.5262
SCA3,SCA3_01,/root/neurothermo/SCA3/cc_01.abf,2,100.0,12.0,-10.0,0,0.0,600.0,1126.2,0.5262
SCA3,SCA3_01,/root/neurothermo/SCA3/cc_01.abf,2,100.0,15.0,-30.0,0,0.0,600.0,1126.2,0.5262
SCA3,SCA3_01,/root/neurothermo/SCA3/cc_01.abf,2,100.0,15.0,-20.0,0,0.0,600.0,1126.2,0.5262
SCA3,SCA3_01,/root/neurothermo/SCA3/cc_01.abf,2,100.0,15.0,-10.0,0,0.0,600.0,1126.2,0.5262
SCA3,SCA3_01,/root/neurothermo/SCA3/cc_01.abf,3,150.0,8.0,-30.0,0,0.0,600.0,1126.2,0.5262
SCA3,SCA3_01,/root/neurothermo/SCA3/cc_01.abf,3,150.0,8.0,-20.0,0,0.0,600.0,1126.2,0.5262
SCA3,SCA3_01,/root/neurothermo/SCA3/cc_01.abf,3,150.0,8.0,-10.0,0,0.0,600.0,1126.2,0.5262
SCA3,SCA3_01,/root/neurothermo/SCA3/cc_01.abf,3,150.0,10.0,-30.0,0,0.0,600.0,1126.2,0.5262
SCA3,SCA3_01,/root/neurothermo/SCA3/cc_01.abf,3,150.0,10.0,-20.0,0,0.0,600.0,1126.2,0.5262
SCA3,SCA3_01,/root/neurothermo/SCA3/cc_01.abf,3,150.0,10.0,-10.0,0,0.0,600.0,1126.2,0.5262
SCA3,SCA3_01,/root/neurothermo/SCA3/cc_01.abf,3,150.0,12.0,-30.0,0,0.0,600.0,1126.2,0.5262
SCA3,SCA3_01,/root/neurothermo/SCA3/cc_01.abf,3,150.0,12.0,-20.0,0,0.0,600.0,1126.2,0.5262
SCA3,SCA3_01,/root/neurothermo/SCA3/cc_01.abf,3,150.0,12.0,-10.0,0,0.0,600.0,1126.2,0.5262
SCA3,SCA3_01,/root/neurothermo/SCA3/cc_01.abf,3,150.0,15.0,-30.0,0,0.0,600.0,1126.2,0.5262
SCA3,SCA3_01,/root/neurothermo/SCA3/cc_01.abf,3,150.0,15.0,-20.0,0,0.0,600.0,1126.2,0.5262
SCA3,SCA3_01,/root/neurothermo/SCA3/cc_01.abf,3,150.0,15.0,-10.0,0,0.0,600.0,1126.2,0.5262
SCA3,SCA3_01,/root/neurothermo/SCA3/cc_01.abf,4,200.0,8.0,-30.0,0,0.0,600.0,1126.2,0.5262
SCA3,SCA3_01,/root/neurothermo/SCA3/cc_01.abf,4,200.0,8.0,-20.0,0,0.0,600.0,1126.2,0.5262
SCA3,SCA3_01,/root/neurothermo/SCA3/cc_01.abf,4,200.0,8.0,-10.0,0,0.0,600.0,1126.2,0.5262
SCA3,SCA3_01,/root/neurothermo/SCA3/cc_01.abf,4,200.0,10.0,-30.0,0,0.0,600.0,1126.2,0.5262
SCA3,SCA3_01,/root/neurothermo/SCA3/cc_01.abf,4,200.0,10.0,-20.0,0,0.0,600.0,1126.2,0.5262
SCA3,SCA3_01,/root/neurothermo/SCA3/cc_01.abf,4,200.0,10.0,-10.0,0,0.0,600.0,1126.2,0.5262
SCA3,SCA3_01,/root/neurothermo/SCA3/cc_01.abf,4,200.0,12.0,-30.0,0,0.0,600.0,1126.2,0.5262
SCA3,SCA3_01,/root/neurothermo/SCA3/cc_01.abf,4,200.0,12.0,-20.0,0,0.0,600.0,1126.2,0.5262
SCA3,SCA3_01,/root/neurothermo/SCA3/cc_01.abf,4,200.0,12.0,-10.0,0,0.0,600.0,1126.2,0.5262
SCA3,SCA3_01,/root/neurothermo/SCA3/cc_01.abf,4,200.0,15.0,-30.0,0,0.0,600.0,1126.2,0.5262
SCA3,SCA3_01,/root/neurothermo/SCA3/cc_01.abf,4,200.0,15.0,-20.0,0,0.0,600.0,1126.2,0.5262
SCA3,SCA3_01,/root/neurothermo/SCA3/cc_01.abf,4,200.0,15.0,-10.0,0,0.0,600.0,1126.2,0.5262
SCA3,SCA3_01,/root/neurothermo/SCA3/cc_01.abf,5,250.0,8.0,-30.0,0,0.0,600.0,1126.2,0.5262
SCA3,SCA3_01,/root/neurothermo/SCA3/cc_01.abf,5,250.0,8.0,-20.0,0,0.0,600.0,1126.2,0.5262
SCA3,SCA3_01,/root/neurothermo/SCA3/cc_01.abf,5,250.0,8.0,-10.0,0,0.0,600.0,1126.2,0.5262
SCA3,SCA3_01,/root/neurothermo/SCA3/cc_01.abf,5,250.0,10.0,-30.0,0,0.0,600.0,1126.2,0.5262
SCA3,SCA3_01,/root/neurothermo/SCA3/cc_01.abf,5,250.0,10.0,-20.0,0,0.0,600.0,1126.2,0.5262
SCA3,SCA3_01,/root/neurothermo/SCA3/cc_01.abf,5,250.0,10.0,-10.0,0,0.0,600.0,1126.2,0.5262
SCA3,SCA3_01,/root/neurothermo/SCA3/cc_01.abf,5,250.0,12.0,-30.0,0,0.0,600.0,1126.2,0.5262
SCA3,SCA3_01,/root/neurothermo/SCA3/cc_01.abf,5,250.0,12.0,-20.0,0,0.0,600.0,1126.2,0.5262
SCA3,SCA3_01,/root/neurothermo/SCA3/cc_01.abf,5,250.0,12.0,-10.0,0,0.0,600.0,1126.2,0.5262
SCA3,SCA3_01,/root/neurothermo/SCA3/cc_01.abf,5,250.0,15.0,-30.0,0,0.0,600.0,1126.2,0.5262
SCA3,SCA3_01,/root/neurothermo/SCA3/cc_01.abf,5,250.0,15.0,-20.0,0,0.0,600.0,1126.2,0.5262
SCA3,SCA3_01,/root/neurothermo/SCA3/cc_01.abf,5,250.0,15.0,-10.0,0,0.0,600.0,1126.2,0.5262
SCA3,SCA3_01,/root/neurothermo/SCA3/cc_01.abf,6,300.0,8.0,-30.0,0,0.0,600.0,1126.2,0.5262
SCA3,SCA3_01,/root/neurothermo/SCA3/cc_01.abf,6,300.0,8.0,-20.0,0,0.0,600.0,1126.2,0.5262
SCA3,SCA3_01,/root/neurothermo/SCA3/cc_01.abf,6,300.0,8.0,-10.0,0,0.0,600.0,1126.2,0.5262
SCA3,SCA3_01,/root/neurothermo/SCA3/cc_01.abf,6,300.0,10.0,-30.0,0,0.0,600.0,1126.2,0.5262
SCA3,SCA3_01,/root/neurothermo/SCA3/cc_01.abf,6,300.0,10.0,-20.0,0,0.0,600.0,1126.2,0.5262
SCA3,SCA3_01,/root/neurothermo/SCA3/cc_01.abf,6,300.0,10.0,-10.0,0,0.0,600.0,1126.2,0.5262
SCA3,SCA3_01,/root/neurothermo/SCA3/cc_01.abf,6,300.0,12.0,-30.0,0,0.0,600.0,1126.2,0.5262
SCA3,SCA3_01,/root/neurothermo/SCA3/cc_01.abf,6,300.0,12.0,-20.0,0,0.0,600.0,1126.2,0.5262
SCA3,SCA3_01,/root/neurothermo/SCA3/cc_01.abf,6,300.0,12.0,-10.0,0,0.0,600.0,1126.2,0.5262
SCA3,SCA3_01,/root/neurothermo/SCA3/cc_01.abf,6,300.0,15.0,-30.0,0,0.0,600.0,1126.2,0.5262
SCA3,SCA3_01,/root/neurothermo/SCA3/cc_01.abf,6,300.0,15.0,-20.0,0,0.0,600.0,1126.2,0.5262
SCA3,SCA3_01,/root/neurothermo/SCA3/cc_01.abf,6,300.0,15.0,-10.0,0,0.0,600.0,1126.2,0.5262
SCA3,SCA3_01,/root/neurothermo/SCA3/cc_01.abf,7,350.0,8.0,-30.0,0,0.0,600.0,1126.2,0.5262
SCA3,SCA3_01,/root/neurothermo/SCA3/cc_01.abf,7,350.0,8.0,-20.0,0,0.0,600.0,1126.2,0.5262
SCA3,SCA3_01,/root/neurothermo/SCA3/cc_01.abf,7,350.0,8.0,-10.0,0,0.0,600.0,1126.2,0.5262
SCA3,SCA3_01,/root/neurothermo/SCA3/cc_01.abf,7,350.0,10.0,-30.0,0,0.0,600.0,1126.2,0.5262
SCA3,SCA3_01,/root/neurothermo/SCA3/cc_01.abf,7,350.0,10.0,-20.0,0,0.0,600.0,1126.2,0.5262
SCA3,SCA3_01,/root/neurothermo/SCA3/cc_01.abf,7,350.0,10.0,-10.0,0,0.0,600.0,1126.2,0.5262
SCA3,SCA3_01,/root/neurothermo/SCA3/cc_01.abf,7,350.0,12.0,-30.0,0,0.0,600.0,1126.2,0.5262
SCA3,SCA3_01,/root/neurothermo/SCA3/cc_01.abf,7,350.0,12.0,-20.0,0,0.0,600.0,1126.2,0.5262
SCA3,SCA3_01,/root/neurothermo/SCA3/cc_01.abf,7,350.0,12.0,-10.0,0,0.0,600.0,1126.2,0.5262
SCA3,SCA3_01,/root/neurothermo/SCA3/cc_01.abf,7,350.0,15.0,-30.0,0,0.0,600.0,1126.2,0.5262
SCA3,SCA3_01,/root/neurothermo/SCA3/cc_01.abf,7,350.0,15.0,-20.0,0,0.0,600.0,1126.2,0.5262
SCA3,SCA3_01,/root/neurothermo/SCA3/cc_01.abf,7,350.0,15.0,-10.0,0,0.0,600.0,1126.2,0.5262
SCA3,SCA3_01,/root/neurothermo/SCA3/cc_01.abf,8,400.0,8.0,-30.0,2,3.800836183960471,600.0,1126.2,0.5262
SCA3,SCA3_01,/root/neurothermo/SCA3/cc_01.abf,8,400.0,8.0,-20.0,2,3.800836183960471,600.0,1126.2,0.5262
SCA3,SCA3_01,/root/neurothermo/SCA3/cc_01.abf,8,400.0,8.0,-10.0,0,0.0,600.0,1126.2,0.5262
SCA3,SCA3_01,/root/neurothermo/SCA3/cc_01.abf,8,400.0,10.0,-30.0,2,3.800836183960471,600.0,1126.2,0.5262
SCA3,SCA3_01,/root/neurothermo/SCA3/cc_01.abf,8,400.0,10.0,-20.0,2,3.800836183960471,600.0,1126.2,0.5262
SCA3,SCA3_01,/root/neurothermo/SCA3/cc_01.abf,8,400.0,10.0,-10.0,0,0.0,600.0,1126.2,0.5262
SCA3,SCA3_01,/root/neurothermo/SCA3/cc_01.abf,8,400.0,12.0,-30.0,2,3.800836183960471,600.0,1126.2,0.5262
SCA3,SCA3_01,/root/neurothermo/SCA3/cc_01.abf,8,400.0,12.0,-20.0,2,3.800836183960471,600.0,1126.2,0.5262
SCA3,SCA3_01,/root/neurothermo/SCA3/cc_01.abf,8,400.0,12.0,-10.0,0,0.0,600.0,1126.2,0.5262
SCA3,SCA3_01,/root/neurothermo/SCA3/cc_01.abf,8,400.0,15.0,-30.0,2,3.800836183960471,600.0,1126.2,0.5262
SCA3,SCA3_01,/root/neurothermo/SCA3/cc_01.abf,8,400.0,15.0,-20.0,2,3.800836183960471,600.0,1126.2,0.5262
SCA3,SCA3_01,/root/neurothermo/SCA3/cc_01.abf,8,400.0,15.0,-10.0,0,0.0,600.0,1126.2,0.5262
SCA3,SCA3_01,/root/neurothermo/SCA3/cc_01.abf,9,450.0,8.0,-30.0,1,1.9004180919802356,600.0,1126.2,0.5262
SCA3,SCA3_01,/root/neurothermo/SCA3/cc_01.abf,9,450.0,8.0,-20.0,1,1.9004180919802356,600.0,1126.2,0.5262
SCA3,SCA3_01,/root/neurothermo/SCA3/cc_01.abf,9,450.0,8.0,-10.0,0,0.0,600.0,1126.2,0.5262
SCA3,SCA3_01,/root/neurothermo/SCA3/cc_01.abf,9,450.0,10.0,-30.0,1,1.9004180919802356,600.0,1126.2,0.5262
SCA3,SCA3_01,/root/neurothermo/SCA3/cc_01.abf,9,450.0,10.0,-20.0,1,1.9004180919802356,600.0,1126.2,0.5262
SCA3,SCA3_01,/root/neurothermo/SCA3/cc_01.abf,9,450.0,10.0,-10.0,0,0.0,600.0,1126.2,0.5262
SCA3,SCA3_01,/root/neurothermo/SCA3/cc_01.abf,9,450.0,12.0,-30.0,1,1.9004180919802356,600.0,1126.2,0.5262
SCA3,SCA3_01,/root/neurothermo/SCA3/cc_01.abf,9,450.0,12.0,-20.0,1,1.9004180919802356,600.0,1126.2,0.5262
SCA3,SCA3_01,/root/neurothermo/SCA3/cc_01.abf,9,450.0,12.0,-10.0,0,0.0,600.0,1126.2,0.5262
SCA3,SCA3_01,/root/neurothermo/SCA3/cc_01.abf,9,450.0,15.0,-30.0,1,1.9004180919802356,600.0,1126.2,0.5262
SCA3,SCA3_01,/root/neurothermo/SCA3/cc_01.abf,9,450.0,15.0,-20.0,1,1.9004180919802356,600.0,1126.2,0.5262
SCA3,SCA3_01,/root/neurothermo/SCA3/cc_01.abf,9,450.0,15.0,-10.0,0,0.0,600.0,1126.2,0.5262
SCA3,SCA3_01,/root/neurothermo/SCA3/cc_01.abf,10,500.0,8.0,-30.0,12,22.80501710376283,600.0,1126.2,0.5262
SCA3,SCA3_01,/root/neurothermo/SCA3/cc_01.abf,10,500.0,8.0,-20.0,12,22.80501710376283,600.0,1126.2,0.5262
SCA3,SCA3_01,/root/neurothermo/SCA3/cc_01.abf,10,500.0,8.0,-10.0,12,22.80501710376283,600.0,1126.2,0.5262
SCA3,SCA3_01,/root/neurothermo/SCA3/cc_01.abf,10,500.0,10.0,-30.0,12,22.80501710376283,600.0,1126.2,0.5262
SCA3,SCA3_01,/root/neurothermo/SCA3/cc_01.abf,10,500.0,10.0,-20.0,12,22.80501710376283,600.0,1126.2,0.5262
SCA3,SCA3_01,/root/neurothermo/SCA3/cc_01.abf,10,500.0,10.0,-10.0,12,22.80501710376283,600.0,1126.2,0.5262
SCA3,SCA3_01,/root/neurothermo/SCA3/cc_01.abf,10,500.0,12.0,-30.0,12,22.80501710376283,600.0,1126.2,0.5262
SCA3,SCA3_01,/root/neurothermo/SCA3/cc_01.abf,10,500.0,12.0,-20.0,12,22.80501710376283,600.0,1126.2,0.5262
SCA3,SCA3_01,/root/neurothermo/SCA3/cc_01.abf,10,500.0,12.0,-10.0,12,22.80501710376283,600.0,1126.2,0.5262
SCA3,SCA3_01,/root/neurothermo/SCA3/cc_01.abf,10,500.0,15.0,-30.0,12,22.80501710376283,600.0,1126.2,0.5262
SCA3,SCA3_01,/root/neurothermo/SCA3/cc_01.abf,10,500.0,15.0,-20.0,12,22.80501710376283,600.0,1126.2,0.5262
SCA3,SCA3_01,/root/neurothermo/SCA3/cc_01.abf,10,500.0,15.0,-10.0,12,22.80501710376283,600.0,1126.2,0.5262
SCA3,SCA3_01,/root/neurothermo/SCA3/cc_01.abf,11,550.0,8.0,-30.0,19,36.107943747624475,600.0,1126.2,0.5262
SCA3,SCA3_01,/root/neurothermo/SCA3/cc_01.abf,11,550.0,8.0,-20.0,19,36.107943747624475,600.0,1126.2,0.5262
SCA3,SCA3_01,/root/neurothermo/SCA3/cc_01.abf,11,550.0,8.0,-10.0,19,36.107943747624475,600.0,1126.2,0.5262
SCA3,SCA3_01,/root/neurothermo/SCA3/cc_01.abf,11,550.0,10.0,-30.0,19,36.107943747624475,600.0,1126.2,0.5262
SCA3,SCA3_01,/root/neurothermo/SCA3/cc_01.abf,11,550.0,10.0,-20.0,19,36.107943747624475,600.0,1126.2,0.5262
SCA3,SCA3_01,/root/neurothermo/SCA3/cc_01.abf,11,550.0,10.0,-10.0,19,36.107943747624475,600.0,1126.2,0.5262
SCA3,SCA3_01,/root/neurothermo/SCA3/cc_01.abf,11,550.0,12.0,-30.0,19,36.107943747624475,600.0,1126.2,0.5262
SCA3,SCA3_01,/root/neurothermo/SCA3/cc_01.abf,11,550.0,12.0,-20.0,19,36.107943747624475,600.0,1126.2,0.5262
SCA3,SCA3_01,/root/neurothermo/SCA3/cc_01.abf,11,550.0,12.0,-10.0,19,36.107943747624475,600.0,1126.2,0.5262
SCA3,SCA3_01,/root/neurothermo/SCA3/cc_01.abf,11,550.0,15.0,-30.0,19,36.107943747624475,600.0,1126.2,0.5262
SCA3,SCA3_01,/root/neurothermo/SCA3/cc_01.abf,11,550.0,15.0,-20.0,19,36.107943747624475,600.0,1126.2,0.5262
SCA3,SCA3_01,/root/neurothermo/SCA3/cc_01.abf,11,550.0,15.0,-10.0,19,36.107943747624475,600.0,1126.2,0.5262
SCA3,SCA3_01,/root/neurothermo/SCA3/cc_01.abf,12,600.0,8.0,-30.0,25,47.51045229950589,600.0,1126.2,0.5262
SCA3,SCA3_01,/root/neurothermo/SCA3/cc_01.abf,12,600.0,8.0,-20.0,25,47.51045229950589,600.0,1126.2,0.5262
SCA3,SCA3_01,/root/neurothermo/SCA3/cc_01.abf,12,600.0,8.0,-10.0,25,47.51045229950589,600.0,1126.2,0.5262
SCA3,SCA3_01,/root/neurothermo/SCA3/cc_01.abf,12,600.0,10.0,-30.0,25,47.51045229950589,600.0,1126.2,0.5262
SCA3,SCA3_01,/root/neurothermo/SCA3/cc_01.abf,12,600.0,10.0,-20.0,25,47.51045229950589,600.0,1126.2,0.5262
SCA3,SCA3_01,/root/neurothermo/SCA3/cc_01.abf,12,600.0,10.0,-10.0,25,47.51045229950589,600.0,1126.2,0.5262
SCA3,SCA3_01,/root/neurothermo/SCA3/cc_01.abf,12,600.0,12.0,-30.0,25,47.51045229950589,600.0,1126.2,0.5262
SCA3,SCA3_01,/root/neurothermo/SCA3/cc_01.abf,12,600.0,12.0,-20.0,25,47.51045229950589,600.0,1126.2,0.5262
SCA3,SCA3_01,/root/neurothermo/SCA3/cc_01.abf,12,600.0,12.0,-10.0,25,47.51045229950589,600.0,1126.2,0.5262
SCA3,SCA3_01,/root/neurothermo/SCA3/cc_01.abf,12,600.0,15.0,-30.0,25,47.51045229950589,600.0,1126.2,0.5262
SCA3,SCA3_01,/root/neurothermo/SCA3/cc_01.abf,12,600.0,15.0,-20.0,25,47.51045229950589,600.0,1126.2,0.5262
SCA3,SCA3_01,/root/neurothermo/SCA3/cc_01.abf,12,600.0,15.0,-10.0,25,47.51045229950589,600.0,1126.2,0.5262
SCA3,SCA3_02,/root/neurothermo/SCA3/cc_02.abf,0,0.0,8.0,-30.0,0,0.0,600.0,1126.2,0.5262
SCA3,SCA3_02,/root/neurothermo/SCA3/cc_02.abf,0,0.0,8.0,-20.0,0,0.0,600.0,1126.2,0.5262
SCA3,SCA3_02,/root/neurothermo/SCA3/cc_02.abf,0,0.0,8.0,-10.0,0,0.0,600.0,1126.2,0.5262
SCA3,SCA3_02,/root/neurothermo/SCA3/cc_02.abf,0,0.0,10.0,-30.0,0,0.0,600.0,1126.2,0.5262
SCA3,SCA3_02,/root/neurothermo/SCA3/cc_02.abf,0,0.0,10.0,-20.0,0,0.0,600.0,1126.2,0.5262
SCA3,SCA3_02,/root/neurothermo/SCA3/cc_02.abf,0,0.0,10.0,-10.0,0,0.0,600.0,1126.2,0.5262
SCA3,SCA3_02,/root/neurothermo/SCA3/cc_02.abf,0,0.0,12.0,-30.0,0,0.0,600.0,1126.2,0.5262
SCA3,SCA3_02,/root/neurothermo/SCA3/cc_02.abf,0,0.0,12.0,-20.0,0,0.0,600.0,1126.2,0.5262
SCA3,SCA3_02,/root/neurothermo/SCA3/cc_02.abf,0,0.0,12.0,-10.0,0,0.0,600.0,1126.2,0.5262
SCA3,SCA3_02,/root/neurothermo/SCA3/cc_02.abf,0,0.0,15.0,-30.0,0,0.0,600.0,1126.2,0.5262
SCA3,SCA3_02,/root/neurothermo/SCA3/cc_02.abf,0,0.0,15.0,-20.0,0,0.0,600.0,1126.2,0.5262
SCA3,SCA3_02,/root/neurothermo/SCA3/cc_02.abf,0,0.0,15.0,-10.0,0,0.0,600.0,1126.2,0.5262
SCA3,SCA3_02,/root/neurothermo/SCA3/cc_02.abf,1,50.0,8.0,-30.0,0,0.0,600.0,1126.2,0.5262
SCA3,SCA3_02,/root/neurothermo/SCA3/cc_02.abf,1,50.0,8.0,-20.0,0,0.0,600.0,1126.2,0.5262
SCA3,SCA3_02,/root/neurothermo/SCA3/cc_02.abf,1,50.0,8.0,-10.0,0,0.0,600.0,1126.2,0.5262
SCA3,SCA3_02,/root/neurothermo/SCA3/cc_02.abf,1,50.0,10.0,-30.0,0,0.0,600.0,1126.2,0.5262
SCA3,SCA3_02,/root/neurothermo/SCA3/cc_02.abf,1,50.0,10.0,-20.0,0,0.0,600.0,1126.2,0.5262
SCA3,SCA3_02,/root/neurothermo/SCA3/cc_02.abf,1,50.0,10.0,-10.0,0,0.0,600.0,1126.2,0.5262
SCA3,SCA3_02,/root/neurothermo/SCA3/cc_02.abf,1,50.0,12.0,-30.0,0,0.0,600.0,1126.2,0.5262
SCA3,SCA3_02,/root/neurothermo/SCA3/cc_02.abf,1,50.0,12.0,-20.0,0,0.0,600.0,1126.2,0.5262
SCA3,SCA3_02,/root/neurothermo/SCA3/cc_02.abf,1,50.0,12.0,-10.0,0,0.0,600.0,1126.2,0.5262
SCA3,SCA3_02,/root/neurothermo/SCA3/cc_02.abf,1,50.0,15.0,-30.0,0,0.0,600.0,1126.2,0.5262
SCA3,SCA3_02,/root/neurothermo/SCA3/cc_02.abf,1,50.0,15.0,-20.0,0,0.0,600.0,1126.2,0.5262
SCA3,SCA3_02,/root/neurothermo/SCA3/cc_02.abf,1,50.0,15.0,-10.0,0,0.0,600.0,1126.2,0.5262
SCA3,SCA3_02,/root/neurothermo/SCA3/cc_02.abf,2,100.0,8.0,-30.0,0,0.0,600.0,1126.2,0.5262
SCA3,SCA3_02,/root/neurothermo/SCA3/cc_02.abf,2,100.0,8.0,-20.0,0,0.0,600.0,1126.2,0.5262
SCA3,SCA3_02,/root/neurothermo/SCA3/cc_02.abf,2,100.0,8.0,-10.0,0,0.0,600.0,1126.2,0.5262
SCA3,SCA3_02,/root/neurothermo/SCA3/cc_02.abf,2,100.0,10.0,-30.0,0,0.0,600.0,1126.2,0.5262
SCA3,SCA3_02,/root/neurothermo/SCA3/cc_02.abf,2,100.0,10.0,-20.0,0,0.0,600.0,1126.2,0.5262
SCA3,SCA3_02,/root/neurothermo/SCA3/cc_02.abf,2,100.0,10.0,-10.0,0,0.0,600.0,1126.2,0.5262
SCA3,SCA3_02,/root/neurothermo/SCA3/cc_02.abf,2,100.0,12.0,-30.0,0,0.0,600.0,1126.2,0.5262
SCA3,SCA3_02,/root/neurothermo/SCA3/cc_02.abf,2,100.0,12.0,-20.0,0,0.0,600.0,1126.2,0.5262
SCA3,SCA3_02,/root/neurothermo/SCA3/cc_02.abf,2,100.0,12.0,-10.0,0,0.0,600.0,1126.2,0.5262
SCA3,SCA3_02,/root/neurothermo/SCA3/cc_02.abf,2,100.0,15.0,-30.0,0,0.0,600.0,1126.2,0.5262
SCA3,SCA3_02,/root/neurothermo/SCA3/cc_02.abf,2,100.0,15.0,-20.0,0,0.0,600.0,1126.2,0.5262
SCA3,SCA3_02,/root/neurothermo/SCA3/cc_02.abf,2,100.0,15.0,-10.0,0,0.0,600.0,1126.2,0.5262
SCA3,SCA3_02,/root/neurothermo/SCA3/cc_02.abf,3,150.0,8.0,-30.0,0,0.0,600.0,1126.2,0.5262
SCA3,SCA3_02,/root/neurothermo/SCA3/cc_02.abf,3,150.0,8.0,-20.0,0,0.0,600.0,1126.2,0.5262
SCA3,SCA3_02,/root/neurothermo/SCA3/cc_02.abf,3,150.0,8.0,-10.0,0,0.0,600.0,1126.2,0.5262
SCA3,SCA3_02,/root/neurothermo/SCA3/cc_02.abf,3,150.0,10.0,-30.0,0,0.0,600.0,1126.2,0.5262
SCA3,SCA3_02,/root/neurothermo/SCA3/cc_02.abf,3,150.0,10.0,-20.0,0,0.0,600.0,1126.2,0.5262
SCA3,SCA3_02,/root/neurothermo/SCA3/cc_02.abf,3,150.0,10.0,-10.0,0,0.0,600.0,1126.2,0.5262
SCA3,SCA3_02,/root/neurothermo/SCA3/cc_02.abf,3,150.0,12.0,-30.0,0,0.0,600.0,1126.2,0.5262
SCA3,SCA3_02,/root/neurothermo/SCA3/cc_02.abf,3,150.0,12.0,-20.0,0,0.0,600.0,1126.2,0.5262
SCA3,SCA3_02,/root/neurothermo/SCA3/cc_02.abf,3,150.0,12.0,-10.0,0,0.0,600.0,1126.2,0.5262
SCA3,SCA3_02,/root/neurothermo/SCA3/cc_02.abf,3,150.0,15.0,-30.0,0,0.0,600.0,1126.2,0.5262
SCA3,SCA3_02,/root/neurothermo/SCA3/cc_02.abf,3,150.0,15.0,-20.0,0,0.0,600.0,1126.2,0.5262
SCA3,SCA3_02,/root/neurothermo/SCA3/cc_02.abf,3,150.0,15.0,-10.0,0,0.0,600.0,1126.2,0.5262
SCA3,SCA3_02,/root/neurothermo/SCA3/cc_02.abf,4,200.0,8.0,-30.0,0,0.0,600.0,1126.2,0.5262
SCA3,SCA3_02,/root/neurothermo/SCA3/cc_02.abf,4,200.0,8.0,-20.0,0,0.0,600.0,1126.2,0.5262
SCA3,SCA3_02,/root/neurothermo/SCA3/cc_02.abf,4,200.0,8.0,-10.0,0,0.0,600.0,1126.2,0.5262
SCA3,SCA3_02,/root/neurothermo/SCA3/cc_02.abf,4,200.0,10.0,-30.0,0,0.0,600.0,1126.2,0.5262
SCA3,SCA3_02,/root/neurothermo/SCA3/cc_02.abf,4,200.0,10.0,-20.0,0,0.0,600.0,1126.2,0.5262
SCA3,SCA3_02,/root/neurothermo/SCA3/cc_02.abf,4,200.0,10.0,-10.0,0,0.0,600.0,1126.2,0.5262
SCA3,SCA3_02,/root/neurothermo/SCA3/cc_02.abf,4,200.0,12.0,-30.0,0,0.0,600.0,1126.2,0.5262
SCA3,SCA3_02,/root/neurothermo/SCA3/cc_02.abf,4,200.0,12.0,-20.0,0,0.0,600.0,1126.2,0.5262
SCA3,SCA3_02,/root/neurothermo/SCA3/cc_02.abf,4,200.0,12.0,-10.0,0,0.0,600.0,1126.2,0.5262
SCA3,SCA3_02,/root/neurothermo/SCA3/cc_02.abf,4,200.0,15.0,-30.0,0,0.0,600.0,1126.2,0.5262
SCA3,SCA3_02,/root/neurothermo/SCA3/cc_02.abf,4,200.0,15.0,-20.0,0,0.0,600.0,1126.2,0.5262
SCA3,SCA3_02,/root/neurothermo/SCA3/cc_02.abf,4,200.0,15.0,-10.0,0,0.0,600.0,1126.2,0.5262
SCA3,SCA3_02,/root/neurothermo/SCA3/cc_02.abf,5,250.0,8.0,-30.0,0,0.0,600.0,1126.2,0.5262
SCA3,SCA3_02,/root/neurothermo/SCA3/cc_02.abf,5,250.0,8.0,-20.0,0,0.0,600.0,1126.2,0.5262
SCA3,SCA3_02,/root/neurothermo/SCA3/cc_02.abf,5,250.0,8.0,-10.0,0,0.0,600.0,1126.2,0.5262
SCA3,SCA3_02,/root/neurothermo/SCA3/cc_02.abf,5,250.0,10.0,-30.0,0,0.0,600.0,1126.2,0.5262
SCA3,SCA3_02,/root/neurothermo/SCA3/cc_02.abf,5,250.0,10.0,-20.0,0,0.0,600.0,1126.2,0.5262
SCA3,SCA3_02,/root/neurothermo/SCA3/cc_02.abf,5,250.0,10.0,-10.0,0,0.0,600.0,1126.2,0.5262
SCA3,SCA3_02,/root/neurothermo/SCA3/cc_02.abf,5,250.0,12.0,-30.0,0,0.0,600.0,1126.2,0.5262
SCA3,SCA3_02,/root/neurothermo/SCA3/cc_02.abf,5,250.0,12.0,-20.0,0,0.0,600.0,1126.2,0.5262
SCA3,SCA3_02,/root/neurothermo/SCA3/cc_02.abf,5,250.0,12.0,-10.0,0,0.0,600.0,1126.2,0.5262
SCA3,SCA3_02,/root/neurothermo/SCA3/cc_02.abf,5,250.0,15.0,-30.0,0,0.0,600.0,1126.2,0.5262
SCA3,SCA3_02,/root/neurothermo/SCA3/cc_02.abf,5,250.0,15.0,-20.0,0,0.0,600.0,1126.2,0.5262
SCA3,SCA3_02,/root/neurothermo/SCA3/cc_02.abf,5,250.0,15.0,-10.0,0,0.0,600.0,1126.2,0.5262
SCA3,SCA3_02,/root/neurothermo/SCA3/cc_02.abf,6,300.0,8.0,-30.0,0,0.0,600.0,1126.2,0.5262
SCA3,SCA3_02,/root/neurothermo/SCA3/cc_02.abf,6,300.0,8.0,-20.0,0,0.0,600.0,1126.2,0.5262
SCA3,SCA3_02,/root/neurothermo/SCA3/cc_02.abf,6,300.0,8.0,-10.0,0,0.0,600.0,1126.2,0.5262
SCA3,SCA3_02,/root/neurothermo/SCA3/cc_02.abf,6,300.0,10.0,-30.0,0,0.0,600.0,1126.2,0.5262
SCA3,SCA3_02,/root/neurothermo/SCA3/cc_02.abf,6,300.0,10.0,-20.0,0,0.0,600.0,1126.2,0.5262
SCA3,SCA3_02,/root/neurothermo/SCA3/cc_02.abf,6,300.0,10.0,-10.0,0,0.0,600.0,1126.2,0.5262
SCA3,SCA3_02,/root/neurothermo/SCA3/cc_02.abf,6,300.0,12.0,-30.0,0,0.0,600.0,1126.2,0.5262
SCA3,SCA3_02,/root/neurothermo/SCA3/cc_02.abf,6,300.0,12.0,-20.0,0,0.0,600.0,1126.2,0.5262
SCA3,SCA3_02,/root/neurothermo/SCA3/cc_02.abf,6,300.0,12.0,-10.0,0,0.0,600.0,1126.2,0.5262
SCA3,SCA3_02,/root/neurothermo/SCA3/cc_02.abf,6,300.0,15.0,-30.0,0,0.0,600.0,1126.2,0.5262
SCA3,SCA3_02,/root/neurothermo/SCA3/cc_02.abf,6,300.0,15.0,-20.0,0,0.0,600.0,1126.2,0.5262
SCA3,SCA3_02,/root/neurothermo/SCA3/cc_02.abf,6,300.0,15.0,-10.0,0,0.0,600.0,1126.2,0.5262
SCA3,SCA3_02,/root/neurothermo/SCA3/cc_02.abf,7,350.0,8.0,-30.0,0,0.0,600.0,1126.2,0.5262
SCA3,SCA3_02,/root/neurothermo/SCA3/cc_02.abf,7,350.0,8.0,-20.0,0,0.0,600.0,1126.2,0.5262
SCA3,SCA3_02,/root/neurothermo/SCA3/cc_02.abf,7,350.0,8.0,-10.0,0,0.0,600.0,1126.2,0.5262
SCA3,SCA3_02,/root/neurothermo/SCA3/cc_02.abf,7,350.0,10.0,-30.0,0,0.0,600.0,1126.2,0.5262
SCA3,SCA3_02,/root/neurothermo/SCA3/cc_02.abf,7,350.0,10.0,-20.0,0,0.0,600.0,1126.2,0.5262
SCA3,SCA3_02,/root/neurothermo/SCA3/cc_02.abf,7,350.0,10.0,-10.0,0,0.0,600.0,1126.2,0.5262
SCA3,SCA3_02,/root/neurothermo/SCA3/cc_02.abf,7,350.0,12.0,-30.0,0,0.0,600.0,1126.2,0.5262
SCA3,SCA3_02,/root/neurothermo/SCA3/cc_02.abf,7,350.0,12.0,-20.0,0,0.0,600.0,1126.2,0.5262
SCA3,SCA3_02,/root/neurothermo/SCA3/cc_02.abf,7,350.0,12.0,-10.0,0,0.0,600.0,1126.2,0.5262
SCA3,SCA3_02,/root/neurothermo/SCA3/cc_02.abf,7,350.0,15.0,-30.0,0,0.0,600.0,1126.2,0.5262
SCA3,SCA3_02,/root/neurothermo/SCA3/cc_02.abf,7,350.0,15.0,-20.0,0,0.0,600.0,1126.2,0.5262
SCA3,SCA3_02,/root/neurothermo/SCA3/cc_02.abf,7,350.0,15.0,-10.0,0,0.0,600.0,1126.2,0.5262
SCA3,SCA3_02,/root/neurothermo/SCA3/cc_02.abf,8,400.0,8.0,-30.0,0,0.0,600.0,1126.2,0.5262
SCA3,SCA3_02,/root/neurothermo/SCA3/cc_02.abf,8,400.0,8.0,-20.0,0,0.0,600.0,1126.2,0.5262
SCA3,SCA3_02,/root/neurothermo/SCA3/cc_02.abf,8,400.0,8.0,-10.0,0,0.0,600.0,1126.2,0.5262
SCA3,SCA3_02,/root/neurothermo/SCA3/cc_02.abf,8,400.0,10.0,-30.0,0,0.0,600.0,1126.2,0.5262
SCA3,SCA3_02,/root/neurothermo/SCA3/cc_02.abf,8,400.0,10.0,-20.0,0,0.0,600.0,1126.2,0.5262
SCA3,SCA3_02,/root/neurothermo/SCA3/cc_02.abf,8,400.0,10.0,-10.0,0,0.0,600.0,1126.2,0.5262
SCA3,SCA3_02,/root/neurothermo/SCA3/cc_02.abf,8,400.0,12.0,-30.0,0,0.0,600.0,1126.2,0.5262
SCA3,SCA3_02,/root/neurothermo/SCA3/cc_02.abf,8,400.0,12.0,-20.0,0,0.0,600.0,1126.2,0.5262
SCA3,SCA3_02,/root/neurothermo/SCA3/cc_02.abf,8,400.0,12.0,-10.0,0,0.0,600.0,1126.2,0.5262
SCA3,SCA3_02,/root/neurothermo/SCA3/cc_02.abf,8,400.0,15.0,-30.0,0,0.0,600.0,1126.2,0.5262
SCA3,SCA3_02,/root/neurothermo/SCA3/cc_02.abf,8,400.0,15.0,-20.0,0,0.0,600.0,1126.2,0.5262
SCA3,SCA3_02,/root/neurothermo/SCA3/cc_02.abf,8,400.0,15.0,-10.0,0,0.0,600.0,1126.2,0.5262
SCA3,SCA3_02,/root/neurothermo/SCA3/cc_02.abf,9,450.0,8.0,-30.0,0,0.0,600.0,1126.2,0.5262
SCA3,SCA3_02,/root/neurothermo/SCA3/cc_02.abf,9,450.0,8.0,-20.0,0,0.0,600.0,1126.2,0.5262
SCA3,SCA3_02,/root/neurothermo/SCA3/cc_02.abf,9,450.0,8.0,-10.0,0,0.0,600.0,1126.2,0.5262
SCA3,SCA3_02,/root/neurothermo/SCA3/cc_02.abf,9,450.0,10.0,-30.0,0,0.0,600.0,1126.2,0.5262
SCA3,SCA3_02,/root/neurothermo/SCA3/cc_02.abf,9,450.0,10.0,-20.0,0,0.0,600.0,1126.2,0.5262
SCA3,SCA3_02,/root/neurothermo/SCA3/cc_02.abf,9,450.0,10.0,-10.0,0,0.0,600.0,1126.2,0.5262
SCA3,SCA3_02,/root/neurothermo/SCA3/cc_02.abf,9,450.0,12.0,-30.0,0,0.0,600.0,1126.2,0.5262
SCA3,SCA3_02,/root/neurothermo/SCA3/cc_02.abf,9,450.0,12.0,-20.0,0,0.0,600.0,1126.2,0.5262
SCA3,SCA3_02,/root/neurothermo/SCA3/cc_02.abf,9,450.0,12.0,-10.0,0,0.0,600.0,1126.2,0.5262
SCA3,SCA3_02,/root/neurothermo/SCA3/cc_02.abf,9,450.0,15.0,-30.0,0,0.0,600.0,1126.2,0.5262
SCA3,SCA3_02,/root/neurothermo/SCA3/cc_02.abf,9,450.0,15.0,-20.0,0,0.0,600.0,1126.2,0.5262
SCA3,SCA3_02,/root/neurothermo/SCA3/cc_02.abf,9,450.0,15.0,-10.0,0,0.0,600.0,1126.2,0.5262
SCA3,SCA3_02,/root/neurothermo/SCA3/cc_02.abf,10,500.0,8.0,-30.0,0,0.0,600.0,1126.2,0.5262
SCA3,SCA3_02,/root/neurothermo/SCA3/cc_02.abf,10,500.0,8.0,-20.0,0,0.0,600.0,1126.2,0.5262
SCA3,SCA3_02,/root/neurothermo/SCA3/cc_02.abf,10,500.0,8.0,-10.0,0,0.0,600.0,1126.2,0.5262
SCA3,SCA3_02,/root/neurothermo/SCA3/cc_02.abf,10,500.0,10.0,-30.0,0,0.0,600.0,1126.2,0.5262
SCA3,SCA3_02,/root/neurothermo/SCA3/cc_02.abf,10,500.0,10.0,-20.0,0,0.0,600.0,1126.2,0.5262
SCA3,SCA3_02,/root/neurothermo/SCA3/cc_02.abf,10,500.0,10.0,-10.0,0,0.0,600.0,1126.2,0.5262
SCA3,SCA3_02,/root/neurothermo/SCA3/cc_02.abf,10,500.0,12.0,-30.0,0,0.0,600.0,1126.2,0.5262
SCA3,SCA3_02,/root/neurothermo/SCA3/cc_02.abf,10,500.0,12.0,-20.0,0,0.0,600.0,1126.2,0.5262
SCA3,SCA3_02,/root/neurothermo/SCA3/cc_02.abf,10,500.0,12.0,-10.0,0,0.0,600.0,1126.2,0.5262
SCA3,SCA3_02,/root/neurothermo/SCA3/cc_02.abf,10,500.0,15.0,-30.0,0,0.0,600.0,1126.2,0.5262
SCA3,SCA3_02,/root/neurothermo/SCA3/cc_02.abf,10,500.0,15.0,-20.0,0,0.0,600.0,1126.2,0.5262
SCA3,SCA3_02,/root/neurothermo/SCA3/cc_02.abf,10,500.0,15.0,-10.0,0,0.0,600.0,1126.2,0.5262
SCA3,SCA3_02,/root/neurothermo/SCA3/cc_02.abf,11,550.0,8.0,-30.0,0,0.0,600.0,1126.2,0.5262
SCA3,SCA3_02,/root/neurothermo/SCA3/cc_02.abf,11,550.0,8.0,-20.0,0,0.0,600.0,1126.2,0.5262
SCA3,SCA3_02,/root/neurothermo/SCA3/cc_02.abf,11,550.0,8.0,-10.0,0,0.0,600.0,1126.2,0.5262
SCA3,SCA3_02,/root/neurothermo/SCA3/cc_02.abf,11,550.0,10.0,-30.0,0,0.0,600.0,1126.2,0.5262
SCA3,SCA3_02,/root/neurothermo/SCA3/cc_02.abf,11,550.0,10.0,-20.0,0,0.0,600.0,1126.2,0.5262
SCA3,SCA3_02,/root/neurothermo/SCA3/cc_02.abf,11,550.0,10.0,-10.0,0,0.0,600.0,1126.2,0.5262
SCA3,SCA3_02,/root/neurothermo/SCA3/cc_02.abf,11,550.0,12.0,-30.0,0,0.0,600.0,1126.2,0.5262
SCA3,SCA3_02,/root/neurothermo/SCA3/cc_02.abf,11,550.0,12.0,-20.0,0,0.0,600.0,1126.2,0.5262
SCA3,SCA3_02,/root/neurothermo/SCA3/cc_02.abf,11,550.0,12.0,-10.0,0,0.0,600.0,1126.2,0.5262
SCA3,SCA3_02,/root/neurothermo/SCA3/cc_02.abf,11,550.0,15.0,-30.0,0,0.0,600.0,1126.2,0.5262
SCA3,SCA3_02,/root/neurothermo/SCA3/cc_02.abf,11,550.0,15.0,-20.0,0,0.0,600.0,1126.2,0.5262
SCA3,SCA3_02,/root/neurothermo/SCA3/cc_02.abf,11,550.0,15.0,-10.0,0,0.0,600.0,1126.2,0.5262
SCA3,SCA3_02,/root/neurothermo/SCA3/cc_02.abf,12,600.0,8.0,-30.0,0,0.0,600.0,1126.2,0.5262
SCA3,SCA3_02,/root/neurothermo/SCA3/cc_02.abf,12,600.0,8.0,-20.0,0,0.0,600.0,1126.2,0.5262
SCA3,SCA3_02,/root/neurothermo/SCA3/cc_02.abf,12,600.0,8.0,-10.0,0,0.0,600.0,1126.2,0.5262
SCA3,SCA3_02,/root/neurothermo/SCA3/cc_02.abf,12,600.0,10.0,-30.0,0,0.0,600.0,1126.2,0.5262
SCA3,SCA3_02,/root/neurothermo/SCA3/cc_02.abf,12,600.0,10.0,-20.0,0,0.0,600.0,1126.2,0.5262
SCA3,SCA3_02,/root/neurothermo/SCA3/cc_02.abf,12,600.0,10.0,-10.0,0,0.0,600.0,1126.2,0.5262
SCA3,SCA3_02,/root/neurothermo/SCA3/cc_02.abf,12,600.0,12.0,-30.0,0,0.0,600.0,1126.2,0.5262
SCA3,SCA3_02,/root/neurothermo/SCA3/cc_02.abf,12,600.0,12.0,-20.0,0,0.0,600.0,1126.2,0.5262
SCA3,SCA3_02,/root/neurothermo/SCA3/cc_02.abf,12,600.0,12.0,-10.0,0,0.0,600.0,1126.2,0.5262
SCA3,SCA3_02,/root/neurothermo/SCA3/cc_02.abf,12,600.0,15.0,-30.0,0,0.0,600.0,1126.2,0.5262
SCA3,SCA3_02,/root/neurothermo/SCA3/cc_02.abf,12,600.0,15.0,-20.0,0,0.0,600.0,1126.2,0.5262
SCA3,SCA3_02,/root/neurothermo/SCA3/cc_02.abf,12,600.0,15.0,-10.0,0,0.0,600.0,1126.2,0.5262
SCA3,SCA3_03,/root/neurothermo/SCA3/cc_03.abf,0,0.0,8.0,-30.0,0,0.0,600.0,1126.2,0.5262
SCA3,SCA3_03,/root/neurothermo/SCA3/cc_03.abf,0,0.0,8.0,-20.0,0,0.0,600.0,1126.2,0.5262
SCA3,SCA3_03,/root/neurothermo/SCA3/cc_03.abf,0,0.0,8.0,-10.0,0,0.0,600.0,1126.2,0.5262
SCA3,SCA3_03,/root/neurothermo/SCA3/cc_03.abf,0,0.0,10.0,-30.0,0,0.0,600.0,1126.2,0.5262
SCA3,SCA3_03,/root/neurothermo/SCA3/cc_03.abf,0,0.0,10.0,-20.0,0,0.0,600.0,1126.2,0.5262
SCA3,SCA3_03,/root/neurothermo/SCA3/cc_03.abf,0,0.0,10.0,-10.0,0,0.0,600.0,1126.2,0.5262
SCA3,SCA3_03,/root/neurothermo/SCA3/cc_03.abf,0,0.0,12.0,-30.0,0,0.0,600.0,1126.2,0.5262
SCA3,SCA3_03,/root/neurothermo/SCA3/cc_03.abf,0,0.0,12.0,-20.0,0,0.0,600.0,1126.2,0.5262
SCA3,SCA3_03,/root/neurothermo/SCA3/cc_03.abf,0,0.0,12.0,-10.0,0,0.0,600.0,1126.2,0.5262
SCA3,SCA3_03,/root/neurothermo/SCA3/cc_03.abf,0,0.0,15.0,-30.0,0,0.0,600.0,1126.2,0.5262
SCA3,SCA3_03,/root/neurothermo/SCA3/cc_03.abf,0,0.0,15.0,-20.0,0,0.0,600.0,1126.2,0.5262
SCA3,SCA3_03,/root/neurothermo/SCA3/cc_03.abf,0,0.0,15.0,-10.0,0,0.0,600.0,1126.2,0.5262
SCA3,SCA3_03,/root/neurothermo/SCA3/cc_03.abf,1,50.0,8.0,-30.0,0,0.0,600.0,1126.2,0.5262
SCA3,SCA3_03,/root/neurothermo/SCA3/cc_03.abf,1,50.0,8.0,-20.0,0,0.0,600.0,1126.2,0.5262
SCA3,SCA3_03,/root/neurothermo/SCA3/cc_03.abf,1,50.0,8.0,-10.0,0,0.0,600.0,1126.2,0.5262
SCA3,SCA3_03,/root/neurothermo/SCA3/cc_03.abf,1,50.0,10.0,-30.0,0,0.0,600.0,1126.2,0.5262
SCA3,SCA3_03,/root/neurothermo/SCA3/cc_03.abf,1,50.0,10.0,-20.0,0,0.0,600.0,1126.2,0.5262
SCA3,SCA3_03,/root/neurothermo/SCA3/cc_03.abf,1,50.0,10.0,-10.0,0,0.0,600.0,1126.2,0.5262
SCA3,SCA3_03,/root/neurothermo/SCA3/cc_03.abf,1,50.0,12.0,-30.0,0,0.0,600.0,1126.2,0.5262
SCA3,SCA3_03,/root/neurothermo/SCA3/cc_03.abf,1,50.0,12.0,-20.0,0,0.0,600.0,1126.2,0.5262
SCA3,SCA3_03,/root/neurothermo/SCA3/cc_03.abf,1,50.0,12.0,-10.0,0,0.0,600.0,1126.2,0.5262
SCA3,SCA3_03,/root/neurothermo/SCA3/cc_03.abf,1,50.0,15.0,-30.0,0,0.0,600.0,1126.2,0.5262
SCA3,SCA3_03,/root/neurothermo/SCA3/cc_03.abf,1,50.0,15.0,-20.0,0,0.0,600.0,1126.2,0.5262
SCA3,SCA3_03,/root/neurothermo/SCA3/cc_03.abf,1,50.0,15.0,-10.0,0,0.0,600.0,1126.2,0.5262
SCA3,SCA3_03,/root/neurothermo/SCA3/cc_03.abf,2,100.0,8.0,-30.0,0,0.0,600.0,1126.2,0.5262
SCA3,SCA3_03,/root/neurothermo/SCA3/cc_03.abf,2,100.0,8.0,-20.0,0,0.0,600.0,1126.2,0.5262
SCA3,SCA3_03,/root/neurothermo/SCA3/cc_03.abf,2,100.0,8.0,-10.0,0,0.0,600.0,1126.2,0.5262
SCA3,SCA3_03,/root/neurothermo/SCA3/cc_03.abf,2,100.0,10.0,-30.0,0,0.0,600.0,1126.2,0.5262
SCA3,SCA3_03,/root/neurothermo/SCA3/cc_03.abf,2,100.0,10.0,-20.0,0,0.0,600.0,1126.2,0.5262
SCA3,SCA3_03,/root/neurothermo/SCA3/cc_03.abf,2,100.0,10.0,-10.0,0,0.0,600.0,1126.2,0.5262
SCA3,SCA3_03,/root/neurothermo/SCA3/cc_03.abf,2,100.0,12.0,-30.0,0,0.0,600.0,1126.2,0.5262
SCA3,SCA3_03,/root/neurothermo/SCA3/cc_03.abf,2,100.0,12.0,-20.0,0,0.0,600.0,1126.2,0.5262
SCA3,SCA3_03,/root/neurothermo/SCA3/cc_03.abf,2,100.0,12.0,-10.0,0,0.0,600.0,1126.2,0.5262
SCA3,SCA3_03,/root/neurothermo/SCA3/cc_03.abf,2,100.0,15.0,-30.0,0,0.0,600.0,1126.2,0.5262
SCA3,SCA3_03,/root/neurothermo/SCA3/cc_03.abf,2,100.0,15.0,-20.0,0,0.0,600.0,1126.2,0.5262
SCA3,SCA3_03,/root/neurothermo/SCA3/cc_03.abf,2,100.0,15.0,-10.0,0,0.0,600.0,1126.2,0.5262
SCA3,SCA3_03,/root/neurothermo/SCA3/cc_03.abf,3,150.0,8.0,-30.0,0,0.0,600.0,1126.2,0.5262
SCA3,SCA3_03,/root/neurothermo/SCA3/cc_03.abf,3,150.0,8.0,-20.0,0,0.0,600.0,1126.2,0.5262
SCA3,SCA3_03,/root/neurothermo/SCA3/cc_03.abf,3,150.0,8.0,-10.0,0,0.0,600.0,1126.2,0.5262
SCA3,SCA3_03,/root/neurothermo/SCA3/cc_03.abf,3,150.0,10.0,-30.0,0,0.0,600.0,1126.2,0.5262
SCA3,SCA3_03,/root/neurothermo/SCA3/cc_03.abf,3,150.0,10.0,-20.0,0,0.0,600.0,1126.2,0.5262
SCA3,SCA3_03,/root/neurothermo/SCA3/cc_03.abf,3,150.0,10.0,-10.0,0,0.0,600.0,1126.2,0.5262
SCA3,SCA3_03,/root/neurothermo/SCA3/cc_03.abf,3,150.0,12.0,-30.0,0,0.0,600.0,1126.2,0.5262
SCA3,SCA3_03,/root/neurothermo/SCA3/cc_03.abf,3,150.0,12.0,-20.0,0,0.0,600.0,1126.2,0.5262
SCA3,SCA3_03,/root/neurothermo/SCA3/cc_03.abf,3,150.0,12.0,-10.0,0,0.0,600.0,1126.2,0.5262
SCA3,SCA3_03,/root/neurothermo/SCA3/cc_03.abf,3,150.0,15.0,-30.0,0,0.0,600.0,1126.2,0.5262
SCA3,SCA3_03,/root/neurothermo/SCA3/cc_03.abf,3,150.0,15.0,-20.0,0,0.0,600.0,1126.2,0.5262
SCA3,SCA3_03,/root/neurothermo/SCA3/cc_03.abf,3,150.0,15.0,-10.0,0,0.0,600.0,1126.2,0.5262
SCA3,SCA3_03,/root/neurothermo/SCA3/cc_03.abf,4,200.0,8.0,-30.0,0,0.0,600.0,1126.2,0.5262
SCA3,SCA3_03,/root/neurothermo/SCA3/cc_03.abf,4,200.0,8.0,-20.0,0,0.0,600.0,1126.2,0.5262
SCA3,SCA3_03,/root/neurothermo/SCA3/cc_03.abf,4,200.0,8.0,-10.0,0,0.0,600.0,1126.2,0.5262
SCA3,SCA3_03,/root/neurothermo/SCA3/cc_03.abf,4,200.0,10.0,-30.0,0,0.0,600.0,1126.2,0.5262
SCA3,SCA3_03,/root/neurothermo/SCA3/cc_03.abf,4,200.0,10.0,-20.0,0,0.0,600.0,1126.2,0.5262
SCA3,SCA3_03,/root/neurothermo/SCA3/cc_03.abf,4,200.0,10.0,-10.0,0,0.0,600.0,1126.2,0.5262
SCA3,SCA3_03,/root/neurothermo/SCA3/cc_03.abf,4,200.0,12.0,-30.0,0,0.0,600.0,1126.2,0.5262
SCA3,SCA3_03,/root/neurothermo/SCA3/cc_03.abf,4,200.0,12.0,-20.0,0,0.0,600.0,1126.2,0.5262
SCA3,SCA3_03,/root/neurothermo/SCA3/cc_03.abf,4,200.0,12.0,-10.0,0,0.0,600.0,1126.2,0.5262
SCA3,SCA3_03,/root/neurothermo/SCA3/cc_03.abf,4,200.0,15.0,-30.0,0,0.0,600.0,1126.2,0.5262
SCA3,SCA3_03,/root/neurothermo/SCA3/cc_03.abf,4,200.0,15.0,-20.0,0,0.0,600.0,1126.2,0.5262
SCA3,SCA3_03,/root/neurothermo/SCA3/cc_03.abf,4,200.0,15.0,-10.0,0,0.0,600.0,1126.2,0.5262
SCA3,SCA3_03,/root/neurothermo/SCA3/cc_03.abf,5,250.0,8.0,-30.0,0,0.0,600.0,1126.2,0.5262
SCA3,SCA3_03,/root/neurothermo/SCA3/cc_03.abf,5,250.0,8.0,-20.0,0,0.0,600.0,1126.2,0.5262
SCA3,SCA3_03,/root/neurothermo/SCA3/cc_03.abf,5,250.0,8.0,-10.0,0,0.0,600.0,1126.2,0.5262
SCA3,SCA3_03,/root/neurothermo/SCA3/cc_03.abf,5,250.0,10.0,-30.0,0,0.0,600.0,1126.2,0.5262
SCA3,SCA3_03,/root/neurothermo/SCA3/cc_03.abf,5,250.0,10.0,-20.0,0,0.0,600.0,1126.2,0.5262
SCA3,SCA3_03,/root/neurothermo/SCA3/cc_03.abf,5,250.0,10.0,-10.0,0,0.0,600.0,1126.2,0.5262
SCA3,SCA3_03,/root/neurothermo/SCA3/cc_03.abf,5,250.0,12.0,-30.0,0,0.0,600.0,1126.2,0.5262
SCA3,SCA3_03,/root/neurothermo/SCA3/cc_03.abf,5,250.0,12.0,-20.0,0,0.0,600.0,1126.2,0.5262
SCA3,SCA3_03,/root/neurothermo/SCA3/cc_03.abf,5,250.0,12.0,-10.0,0,0.0,600.0,1126.2,0.5262
SCA3,SCA3_03,/root/neurothermo/SCA3/cc_03.abf,5,250.0,15.0,-30.0,0,0.0,600.0,1126.2,0.5262
SCA3,SCA3_03,/root/neurothermo/SCA3/cc_03.abf,5,250.0,15.0,-20.0,0,0.0,600.0,1126.2,0.5262
SCA3,SCA3_03,/root/neurothermo/SCA3/cc_03.abf,5,250.0,15.0,-10.0,0,0.0,600.0,1126.2,0.5262
SCA3,SCA3_03,/root/neurothermo/SCA3/cc_03.abf,6,300.0,8.0,-30.0,0,0.0,600.0,1126.2,0.5262
SCA3,SCA3_03,/root/neurothermo/SCA3/cc_03.abf,6,300.0,8.0,-20.0,0,0.0,600.0,1126.2,0.5262
SCA3,SCA3_03,/root/neurothermo/SCA3/cc_03.abf,6,300.0,8.0,-10.0,0,0.0,600.0,1126.2,0.5262
SCA3,SCA3_03,/root/neurothermo/SCA3/cc_03.abf,6,300.0,10.0,-30.0,0,0.0,600.0,1126.2,0.5262
SCA3,SCA3_03,/root/neurothermo/SCA3/cc_03.abf,6,300.0,10.0,-20.0,0,0.0,600.0,1126.2,0.5262
SCA3,SCA3_03,/root/neurothermo/SCA3/cc_03.abf,6,300.0,10.0,-10.0,0,0.0,600.0,1126.2,0.5262
SCA3,SCA3_03,/root/neurothermo/SCA3/cc_03.abf,6,300.0,12.0,-30.0,0,0.0,600.0,1126.2,0.5262
SCA3,SCA3_03,/root/neurothermo/SCA3/cc_03.abf,6,300.0,12.0,-20.0,0,0.0,600.0,1126.2,0.5262
SCA3,SCA3_03,/root/neurothermo/SCA3/cc_03.abf,6,300.0,12.0,-10.0,0,0.0,600.0,1126.2,0.5262
SCA3,SCA3_03,/root/neurothermo/SCA3/cc_03.abf,6,300.0,15.0,-30.0,0,0.0,600.0,1126.2,0.5262
SCA3,SCA3_03,/root/neurothermo/SCA3/cc_03.abf,6,300.0,15.0,-20.0,0,0.0,600.0,1126.2,0.5262
SCA3,SCA3_03,/root/neurothermo/SCA3/cc_03.abf,6,300.0,15.0,-10.0,0,0.0,600.0,1126.2,0.5262
SCA3,SCA3_03,/root/neurothermo/SCA3/cc_03.abf,7,350.0,8.0,-30.0,0,0.0,600.0,1126.2,0.5262
SCA3,SCA3_03,/root/neurothermo/SCA3/cc_03.abf,7,350.0,8.0,-20.0,0,0.0,600.0,1126.2,0.5262
SCA3,SCA3_03,/root/neurothermo/SCA3/cc_03.abf,7,350.0,8.0,-10.0,0,0.0,600.0,1126.2,0.5262
SCA3,SCA3_03,/root/neurothermo/SCA3/cc_03.abf,7,350.0,10.0,-30.0,0,0.0,600.0,1126.2,0.5262
SCA3,SCA3_03,/root/neurothermo/SCA3/cc_03.abf,7,350.0,10.0,-20.0,0,0.0,600.0,1126.2,0.5262
SCA3,SCA3_03,/root/neurothermo/SCA3/cc_03.abf,7,350.0,10.0,-10.0,0,0.0,600.0,1126.2,0.5262
SCA3,SCA3_03,/root/neurothermo/SCA3/cc_03.abf,7,350.0,12.0,-30.0,0,0.0,600.0,1126.2,0.5262
SCA3,SCA3_03,/root/neurothermo/SCA3/cc_03.abf,7,350.0,12.0,-20.0,0,0.0,600.0,1126.2,0.5262
SCA3,SCA3_03,/root/neurothermo/SCA3/cc_03.abf,7,350.0,12.0,-10.0,0,0.0,600.0,1126.2,0.5262
SCA3,SCA3_03,/root/neurothermo/SCA3/cc_03.abf,7,350.0,15.0,-30.0,0,0.0,600.0,1126.2,0.5262
SCA3,SCA3_03,/root/neurothermo/SCA3/cc_03.abf,7,350.0,15.0,-20.0,0,0.0,600.0,1126.2,0.5262
SCA3,SCA3_03,/root/neurothermo/SCA3/cc_03.abf,7,350.0,15.0,-10.0,0,0.0,600.0,1126.2,0.5262
SCA3,SCA3_03,/root/neurothermo/SCA3/cc_03.abf,8,400.0,8.0,-30.0,0,0.0,600.0,1126.2,0.5262
SCA3,SCA3_03,/root/neurothermo/SCA3/cc_03.abf,8,400.0,8.0,-20.0,0,0.0,600.0,1126.2,0.5262
SCA3,SCA3_03,/root/neurothermo/SCA3/cc_03.abf,8,400.0,8.0,-10.0,0,0.0,600.0,1126.2,0.5262
SCA3,SCA3_03,/root/neurothermo/SCA3/cc_03.abf,8,400.0,10.0,-30.0,0,0.0,600.0,1126.2,0.5262
SCA3,SCA3_03,/root/neurothermo/SCA3/cc_03.abf,8,400.0,10.0,-20.0,0,0.0,600.0,1126.2,0.5262
SCA3,SCA3_03,/root/neurothermo/SCA3/cc_03.abf,8,400.0,10.0,-10.0,0,0.0,600.0,1126.2,0.5262
SCA3,SCA3_03,/root/neurothermo/SCA3/cc_03.abf,8,400.0,12.0,-30.0,0,0.0,600.0,1126.2,0.5262
SCA3,SCA3_03,/root/neurothermo/SCA3/cc_03.abf,8,400.0,12.0,-20.0,0,0.0,600.0,1126.2,0.5262
SCA3,SCA3_03,/root/neurothermo/SCA3/cc_03.abf,8,400.0,12.0,-10.0,0,0.0,600.0,1126.2,0.5262
SCA3,SCA3_03,/root/neurothermo/SCA3/cc_03.abf,8,400.0,15.0,-30.0,0,0.0,600.0,1126.2,0.5262
SCA3,SCA3_03,/root/neurothermo/SCA3/cc_03.abf,8,400.0,15.0,-20.0,0,0.0,600.0,1126.2,0.5262
SCA3,SCA3_03,/root/neurothermo/SCA3/cc_03.abf,8,400.0,15.0,-10.0,0,0.0,600.0,1126.2,0.5262
SCA3,SCA3_03,/root/neurothermo/SCA3/cc_03.abf,9,450.0,8.0,-30.0,0,0.0,600.0,1126.2,0.5262
SCA3,SCA3_03,/root/neurothermo/SCA3/cc_03.abf,9,450.0,8.0,-20.0,0,0.0,600.0,1126.2,0.5262
SCA3,SCA3_03,/root/neurothermo/SCA3/cc_03.abf,9,450.0,8.0,-10.0,0,0.0,600.0,1126.2,0.5262
SCA3,SCA3_03,/root/neurothermo/SCA3/cc_03.abf,9,450.0,10.0,-30.0,0,0.0,600.0,1126.2,0.5262
SCA3,SCA3_03,/root/neurothermo/SCA3/cc_03.abf,9,450.0,10.0,-20.0,0,0.0,600.0,1126.2,0.5262
SCA3,SCA3_03,/root/neurothermo/SCA3/cc_03.abf,9,450.0,10.0,-10.0,0,0.0,600.0,1126.2,0.5262
SCA3,SCA3_03,/root/neurothermo/SCA3/cc_03.abf,9,450.0,12.0,-30.0,0,0.0,600.0,1126.2,0.5262
SCA3,SCA3_03,/root/neurothermo/SCA3/cc_03.abf,9,450.0,12.0,-20.0,0,0.0,600.0,1126.2,0.5262
SCA3,SCA3_03,/root/neurothermo/SCA3/cc_03.abf,9,450.0,12.0,-10.0,0,0.0,600.0,1126.2,0.5262
SCA3,SCA3_03,/root/neurothermo/SCA3/cc_03.abf,9,450.0,15.0,-30.0,0,0.0,600.0,1126.2,0.5262
SCA3,SCA3_03,/root/neurothermo/SCA3/cc_03.abf,9,450.0,15.0,-20.0,0,0.0,600.0,1126.2,0.5262
SCA3,SCA3_03,/root/neurothermo/SCA3/cc_03.abf,9,450.0,15.0,-10.0,0,0.0,600.0,1126.2,0.5262
SCA3,SCA3_03,/root/neurothermo/SCA3/cc_03.abf,10,500.0,8.0,-30.0,9,17.10376282782212,600.0,1126.2,0.5262
SCA3,SCA3_03,/root/neurothermo/SCA3/cc_03.abf,10,500.0,8.0,-20.0,9,17.10376282782212,600.0,1126.2,0.5262
SCA3,SCA3_03,/root/neurothermo/SCA3/cc_03.abf,10,500.0,8.0,-10.0,9,17.10376282782212,600.0,1126.2,0.5262
SCA3,SCA3_03,/root/neurothermo/SCA3/cc_03.abf,10,500.0,10.0,-30.0,9,17.10376282782212,600.0,1126.2,0.5262
SCA3,SCA3_03,/root/neurothermo/SCA3/cc_03.abf,10,500.0,10.0,-20.0,9,17.10376282782212,600.0,1126.2,0.5262
SCA3,SCA3_03,/root/neurothermo/SCA3/cc_03.abf,10,500.0,10.0,-10.0,9,17.10376282782212,600.0,1126.2,0.5262
SCA3,SCA3_03,/root/neurothermo/SCA3/cc_03.abf,10,500.0,12.0,-30.0,9,17.10376282782212,600.0,1126.2,0.5262
SCA3,SCA3_03,/root/neurothermo/SCA3/cc_03.abf,10,500.0,12.0,-20.0,9,17.10376282782212,600.0,1126.2,0.5262
SCA3,SCA3_03,/root/neurothermo/SCA3/cc_03.abf,10,500.0,12.0,-10.0,9,17.10376282782212,600.0,1126.2,0.5262
SCA3,SCA3_03,/root/neurothermo/SCA3/cc_03.abf,10,500.0,15.0,-30.0,9,17.10376282782212,600.0,1126.2,0.5262
SCA3,SCA3_03,/root/neurothermo/SCA3/cc_03.abf,10,500.0,15.0,-20.0,9,17.10376282782212,600.0,1126.2,0.5262
SCA3,SCA3_03,/root/neurothermo/SCA3/cc_03.abf,10,500.0,15.0,-10.0,9,17.10376282782212,600.0,1126.2,0.5262
SCA3,SCA3_03,/root/neurothermo/SCA3/cc_03.abf,11,550.0,8.0,-30.0,17,32.307107563664005,600.0,1126.2,0.5262
SCA3,SCA3_03,/root/neurothermo/SCA3/cc_03.abf,11,550.0,8.0,-20.0,17,32.307107563664005,600.0,1126.2,0.5262
SCA3,SCA3_03,/root/neurothermo/SCA3/cc_03.abf,11,550.0,8.0,-10.0,17,32.307107563664005,600.0,1126.2,0.5262
SCA3,SCA3_03,/root/neurothermo/SCA3/cc_03.abf,11,550.0,10.0,-30.0,17,32.307107563664005,600.0,1126.2,0.5262
SCA3,SCA3_03,/root/neurothermo/SCA3/cc_03.abf,11,550.0,10.0,-20.0,17,32.307107563664005,600.0,1126.2,0.5262
SCA3,SCA3_03,/root/neurothermo/SCA3/cc_03.abf,11,550.0,10.0,-10.0,17,32.307107563664005,600.0,1126.2,0.5262
SCA3,SCA3_03,/root/neurothermo/SCA3/cc_03.abf,11,550.0,12.0,-30.0,17,32.307107563664005,600.0,1126.2,0.5262
SCA3,SCA3_03,/root/neurothermo/SCA3/cc_03.abf,11,550.0,12.0,-20.0,17,32.307107563664005,600.0,1126.2,0.5262
SCA3,SCA3_03,/root/neurothermo/SCA3/cc_03.abf,11,550.0,12.0,-10.0,17,32.307107563664005,600.0,1126.2,0.5262
SCA3,SCA3_03,/root/neurothermo/SCA3/cc_03.abf,11,550.0,15.0,-30.0,17,32.307107563664005,600.0,1126.2,0.5262
SCA3,SCA3_03,/root/neurothermo/SCA3/cc_03.abf,11,550.0,15.0,-20.0,17,32.307107563664005,600.0,1126.2,0.5262
SCA3,SCA3_03,/root/neurothermo/SCA3/cc_03.abf,11,550.0,15.0,-10.0,17,32.307107563664005,600.0,1126.2,0.5262
SCA3,SCA3_03,/root/neurothermo/SCA3/cc_03.abf,12,600.0,8.0,-30.0,23,43.70961611554542,600.0,1126.2,0.5262
SCA3,SCA3_03,/root/neurothermo/SCA3/cc_03.abf,12,600.0,8.0,-20.0,23,43.70961611554542,600.0,1126.2,0.5262
SCA3,SCA3_03,/root/neurothermo/SCA3/cc_03.abf,12,600.0,8.0,-10.0,23,43.70961611554542,600.0,1126.2,0.5262
SCA3,SCA3_03,/root/neurothermo/SCA3/cc_03.abf,12,600.0,10.0,-30.0,23,43.70961611554542,600.0,1126.2,0.5262
SCA3,SCA3_03,/root/neurothermo/SCA3/cc_03.abf,12,600.0,10.0,-20.0,23,43.70961611554542,600.0,1126.2,0.5262
SCA3,SCA3_03,/root/neurothermo/SCA3/cc_03.abf,12,600.0,10.0,-10.0,23,43.70961611554542,600.0,1126.2,0.5262
SCA3,SCA3_03,/root/neurothermo/SCA3/cc_03.abf,12,600.0,12.0,-30.0,23,43.70961611554542,600.0,1126.2,0.5262
SCA3,SCA3_03,/root/neurothermo/SCA3/cc_03.abf,12,600.0,12.0,-20.0,23,43.70961611554542,600.0,1126.2,0.5262
SCA3,SCA3_03,/root/neurothermo/SCA3/cc_03.abf,12,600.0,12.0,-10.0,23,43.70961611554542,600.0,1126.2,0.5262
SCA3,SCA3_03,/root/neurothermo/SCA3/cc_03.abf,12,600.0,15.0,-30.0,23,43.70961611554542,600.0,1126.2,0.5262
SCA3,SCA3_03,/root/neurothermo/SCA3/cc_03.abf,12,600.0,15.0,-20.0,23,43.70961611554542,600.0,1126.2,0.5262
SCA3,SCA3_03,/root/neurothermo/SCA3/cc_03.abf,12,600.0,15.0,-10.0,23,43.70961611554542,600.0,1126.2,0.5262
SCA3,SCA3_04,/root/neurothermo/SCA3/cc_04.abf,0,0.0,8.0,-30.0,0,0.0,600.0,1126.2,0.5262
SCA3,SCA3_04,/root/neurothermo/SCA3/cc_04.abf,0,0.0,8.0,-20.0,0,0.0,600.0,1126.2,0.5262
SCA3,SCA3_04,/root/neurothermo/SCA3/cc_04.abf,0,0.0,8.0,-10.0,0,0.0,600.0,1126.2,0.5262
SCA3,SCA3_04,/root/neurothermo/SCA3/cc_04.abf,0,0.0,10.0,-30.0,0,0.0,600.0,1126.2,0.5262
SCA3,SCA3_04,/root/neurothermo/SCA3/cc_04.abf,0,0.0,10.0,-20.0,0,0.0,600.0,1126.2,0.5262
SCA3,SCA3_04,/root/neurothermo/SCA3/cc_04.abf,0,0.0,10.0,-10.0,0,0.0,600.0,1126.2,0.5262
SCA3,SCA3_04,/root/neurothermo/SCA3/cc_04.abf,0,0.0,12.0,-30.0,0,0.0,600.0,1126.2,0.5262
SCA3,SCA3_04,/root/neurothermo/SCA3/cc_04.abf,0,0.0,12.0,-20.0,0,0.0,600.0,1126.2,0.5262
SCA3,SCA3_04,/root/neurothermo/SCA3/cc_04.abf,0,0.0,12.0,-10.0,0,0.0,600.0,1126.2,0.5262
SCA3,SCA3_04,/root/neurothermo/SCA3/cc_04.abf,0,0.0,15.0,-30.0,0,0.0,600.0,1126.2,0.5262
SCA3,SCA3_04,/root/neurothermo/SCA3/cc_04.abf,0,0.0,15.0,-20.0,0,0.0,600.0,1126.2,0.5262
SCA3,SCA3_04,/root/neurothermo/SCA3/cc_04.abf,0,0.0,15.0,-10.0,0,0.0,600.0,1126.2,0.5262
SCA3,SCA3_04,/root/neurothermo/SCA3/cc_04.abf,1,50.0,8.0,-30.0,0,0.0,600.0,1126.2,0.5262
SCA3,SCA3_04,/root/neurothermo/SCA3/cc_04.abf,1,50.0,8.0,-20.0,0,0.0,600.0,1126.2,0.5262
SCA3,SCA3_04,/root/neurothermo/SCA3/cc_04.abf,1,50.0,8.0,-10.0,0,0.0,600.0,1126.2,0.5262
SCA3,SCA3_04,/root/neurothermo/SCA3/cc_04.abf,1,50.0,10.0,-30.0,0,0.0,600.0,1126.2,0.5262
SCA3,SCA3_04,/root/neurothermo/SCA3/cc_04.abf,1,50.0,10.0,-20.0,0,0.0,600.0,1126.2,0.5262
SCA3,SCA3_04,/root/neurothermo/SCA3/cc_04.abf,1,50.0,10.0,-10.0,0,0.0,600.0,1126.2,0.5262
SCA3,SCA3_04,/root/neurothermo/SCA3/cc_04.abf,1,50.0,12.0,-30.0,0,0.0,600.0,1126.2,0.5262
SCA3,SCA3_04,/root/neurothermo/SCA3/cc_04.abf,1,50.0,12.0,-20.0,0,0.0,600.0,1126.2,0.5262
SCA3,SCA3_04,/root/neurothermo/SCA3/cc_04.abf,1,50.0,12.0,-10.0,0,0.0,600.0,1126.2,0.5262
SCA3,SCA3_04,/root/neurothermo/SCA3/cc_04.abf,1,50.0,15.0,-30.0,0,0.0,600.0,1126.2,0.5262
SCA3,SCA3_04,/root/neurothermo/SCA3/cc_04.abf,1,50.0,15.0,-20.0,0,0.0,600.0,1126.2,0.5262
SCA3,SCA3_04,/root/neurothermo/SCA3/cc_04.abf,1,50.0,15.0,-10.0,0,0.0,600.0,1126.2,0.5262
SCA3,SCA3_04,/root/neurothermo/SCA3/cc_04.abf,2,100.0,8.0,-30.0,0,0.0,600.0,1126.2,0.5262
SCA3,SCA3_04,/root/neurothermo/SCA3/cc_04.abf,2,100.0,8.0,-20.0,0,0.0,600.0,1126.2,0.5262
SCA3,SCA3_04,/root/neurothermo/SCA3/cc_04.abf,2,100.0,8.0,-10.0,0,0.0,600.0,1126.2,0.5262
SCA3,SCA3_04,/root/neurothermo/SCA3/cc_04.abf,2,100.0,10.0,-30.0,0,0.0,600.0,1126.2,0.5262
SCA3,SCA3_04,/root/neurothermo/SCA3/cc_04.abf,2,100.0,10.0,-20.0,0,0.0,600.0,1126.2,0.5262
SCA3,SCA3_04,/root/neurothermo/SCA3/cc_04.abf,2,100.0,10.0,-10.0,0,0.0,600.0,1126.2,0.5262
SCA3,SCA3_04,/root/neurothermo/SCA3/cc_04.abf,2,100.0,12.0,-30.0,0,0.0,600.0,1126.2,0.5262
SCA3,SCA3_04,/root/neurothermo/SCA3/cc_04.abf,2,100.0,12.0,-20.0,0,0.0,600.0,1126.2,0.5262
SCA3,SCA3_04,/root/neurothermo/SCA3/cc_04.abf,2,100.0,12.0,-10.0,0,0.0,600.0,1126.2,0.5262
SCA3,SCA3_04,/root/neurothermo/SCA3/cc_04.abf,2,100.0,15.0,-30.0,0,0.0,600.0,1126.2,0.5262
SCA3,SCA3_04,/root/neurothermo/SCA3/cc_04.abf,2,100.0,15.0,-20.0,0,0.0,600.0,1126.2,0.5262
SCA3,SCA3_04,/root/neurothermo/SCA3/cc_04.abf,2,100.0,15.0,-10.0,0,0.0,600.0,1126.2,0.5262
SCA3,SCA3_04,/root/neurothermo/SCA3/cc_04.abf,3,150.0,8.0,-30.0,0,0.0,600.0,1126.2,0.5262
SCA3,SCA3_04,/root/neurothermo/SCA3/cc_04.abf,3,150.0,8.0,-20.0,0,0.0,600.0,1126.2,0.5262
SCA3,SCA3_04,/root/neurothermo/SCA3/cc_04.abf,3,150.0,8.0,-10.0,0,0.0,600.0,1126.2,0.5262
SCA3,SCA3_04,/root/neurothermo/SCA3/cc_04.abf,3,150.0,10.0,-30.0,0,0.0,600.0,1126.2,0.5262
SCA3,SCA3_04,/root/neurothermo/SCA3/cc_04.abf,3,150.0,10.0,-20.0,0,0.0,600.0,1126.2,0.5262
SCA3,SCA3_04,/root/neurothermo/SCA3/cc_04.abf,3,150.0,10.0,-10.0,0,0.0,600.0,1126.2,0.5262
SCA3,SCA3_04,/root/neurothermo/SCA3/cc_04.abf,3,150.0,12.0,-30.0,0,0.0,600.0,1126.2,0.5262
SCA3,SCA3_04,/root/neurothermo/SCA3/cc_04.abf,3,150.0,12.0,-20.0,0,0.0,600.0,1126.2,0.5262
SCA3,SCA3_04,/root/neurothermo/SCA3/cc_04.abf,3,150.0,12.0,-10.0,0,0.0,600.0,1126.2,0.5262
SCA3,SCA3_04,/root/neurothermo/SCA3/cc_04.abf,3,150.0,15.0,-30.0,0,0.0,600.0,1126.2,0.5262
SCA3,SCA3_04,/root/neurothermo/SCA3/cc_04.abf,3,150.0,15.0,-20.0,0,0.0,600.0,1126.2,0.5262
SCA3,SCA3_04,/root/neurothermo/SCA3/cc_04.abf,3,150.0,15.0,-10.0,0,0.0,600.0,1126.2,0.5262
SCA3,SCA3_04,/root/neurothermo/SCA3/cc_04.abf,4,200.0,8.0,-30.0,0,0.0,600.0,1126.2,0.5262
SCA3,SCA3_04,/root/neurothermo/SCA3/cc_04.abf,4,200.0,8.0,-20.0,0,0.0,600.0,1126.2,0.5262
SCA3,SCA3_04,/root/neurothermo/SCA3/cc_04.abf,4,200.0,8.0,-10.0,0,0.0,600.0,1126.2,0.5262
SCA3,SCA3_04,/root/neurothermo/SCA3/cc_04.abf,4,200.0,10.0,-30.0,0,0.0,600.0,1126.2,0.5262
SCA3,SCA3_04,/root/neurothermo/SCA3/cc_04.abf,4,200.0,10.0,-20.0,0,0.0,600.0,1126.2,0.5262
SCA3,SCA3_04,/root/neurothermo/SCA3/cc_04.abf,4,200.0,10.0,-10.0,0,0.0,600.0,1126.2,0.5262
SCA3,SCA3_04,/root/neurothermo/SCA3/cc_04.abf,4,200.0,12.0,-30.0,0,0.0,600.0,1126.2,0.5262
SCA3,SCA3_04,/root/neurothermo/SCA3/cc_04.abf,4,200.0,12.0,-20.0,0,0.0,600.0,1126.2,0.5262
SCA3,SCA3_04,/root/neurothermo/SCA3/cc_04.abf,4,200.0,12.0,-10.0,0,0.0,600.0,1126.2,0.5262
SCA3,SCA3_04,/root/neurothermo/SCA3/cc_04.abf,4,200.0,15.0,-30.0,0,0.0,600.0,1126.2,0.5262
SCA3,SCA3_04,/root/neurothermo/SCA3/cc_04.abf,4,200.0,15.0,-20.0,0,0.0,600.0,1126.2,0.5262
SCA3,SCA3_04,/root/neurothermo/SCA3/cc_04.abf,4,200.0,15.0,-10.0,0,0.0,600.0,1126.2,0.5262
SCA3,SCA3_04,/root/neurothermo/SCA3/cc_04.abf,5,250.0,8.0,-30.0,0,0.0,600.0,1126.2,0.5262
SCA3,SCA3_04,/root/neurothermo/SCA3/cc_04.abf,5,250.0,8.0,-20.0,0,0.0,600.0,1126.2,0.5262
SCA3,SCA3_04,/root/neurothermo/SCA3/cc_04.abf,5,250.0,8.0,-10.0,0,0.0,600.0,1126.2,0.5262
SCA3,SCA3_04,/root/neurothermo/SCA3/cc_04.abf,5,250.0,10.0,-30.0,0,0.0,600.0,1126.2,0.5262
SCA3,SCA3_04,/root/neurothermo/SCA3/cc_04.abf,5,250.0,10.0,-20.0,0,0.0,600.0,1126.2,0.5262
SCA3,SCA3_04,/root/neurothermo/SCA3/cc_04.abf,5,250.0,10.0,-10.0,0,0.0,600.0,1126.2,0.5262
SCA3,SCA3_04,/root/neurothermo/SCA3/cc_04.abf,5,250.0,12.0,-30.0,0,0.0,600.0,1126.2,0.5262
SCA3,SCA3_04,/root/neurothermo/SCA3/cc_04.abf,5,250.0,12.0,-20.0,0,0.0,600.0,1126.2,0.5262
SCA3,SCA3_04,/root/neurothermo/SCA3/cc_04.abf,5,250.0,12.0,-10.0,0,0.0,600.0,1126.2,0.5262
SCA3,SCA3_04,/root/neurothermo/SCA3/cc_04.abf,5,250.0,15.0,-30.0,0,0.0,600.0,1126.2,0.5262
SCA3,SCA3_04,/root/neurothermo/SCA3/cc_04.abf,5,250.0,15.0,-20.0,0,0.0,600.0,1126.2,0.5262
SCA3,SCA3_04,/root/neurothermo/SCA3/cc_04.abf,5,250.0,15.0,-10.0,0,0.0,600.0,1126.2,0.5262
SCA3,SCA3_04,/root/neurothermo/SCA3/cc_04.abf,6,300.0,8.0,-30.0,0,0.0,600.0,1126.2,0.5262
SCA3,SCA3_04,/root/neurothermo/SCA3/cc_04.abf,6,300.0,8.0,-20.0,0,0.0,600.0,1126.2,0.5262
SCA3,SCA3_04,/root/neurothermo/SCA3/cc_04.abf,6,300.0,8.0,-10.0,0,0.0,600.0,1126.2,0.5262
SCA3,SCA3_04,/root/neurothermo/SCA3/cc_04.abf,6,300.0,10.0,-30.0,0,0.0,600.0,1126.2,0.5262
SCA3,SCA3_04,/root/neurothermo/SCA3/cc_04.abf,6,300.0,10.0,-20.0,0,0.0,600.0,1126.2,0.5262
SCA3,SCA3_04,/root/neurothermo/SCA3/cc_04.abf,6,300.0,10.0,-10.0,0,0.0,600.0,1126.2,0.5262
SCA3,SCA3_04,/root/neurothermo/SCA3/cc_04.abf,6,300.0,12.0,-30.0,0,0.0,600.0,1126.2,0.5262
SCA3,SCA3_04,/root/neurothermo/SCA3/cc_04.abf,6,300.0,12.0,-20.0,0,0.0,600.0,1126.2,0.5262
SCA3,SCA3_04,/root/neurothermo/SCA3/cc_04.abf,6,300.0,12.0,-10.0,0,0.0,600.0,1126.2,0.5262
SCA3,SCA3_04,/root/neurothermo/SCA3/cc_04.abf,6,300.0,15.0,-30.0,0,0.0,600.0,1126.2,0.5262
SCA3,SCA3_04,/root/neurothermo/SCA3/cc_04.abf,6,300.0,15.0,-20.0,0,0.0,600.0,1126.2,0.5262
SCA3,SCA3_04,/root/neurothermo/SCA3/cc_04.abf,6,300.0,15.0,-10.0,0,0.0,600.0,1126.2,0.5262
SCA3,SCA3_04,/root/neurothermo/SCA3/cc_04.abf,7,350.0,8.0,-30.0,10,19.004180919802355,600.0,1126.2,0.5262
SCA3,SCA3_04,/root/neurothermo/SCA3/cc_04.abf,7,350.0,8.0,-20.0,10,19.004180919802355,600.0,1126.2,0.5262
SCA3,SCA3_04,/root/neurothermo/SCA3/cc_04.abf,7,350.0,8.0,-10.0,0,0.0,600.0,1126.2,0.5262
SCA3,SCA3_04,/root/neurothermo/SCA3/cc_04.abf,7,350.0,10.0,-30.0,10,19.004180919802355,600.0,1126.2,0.5262
SCA3,SCA3_04,/root/neurothermo/SCA3/cc_04.abf,7,350.0,10.0,-20.0,10,19.004180919802355,600.0,1126.2,0.5262
SCA3,SCA3_04,/root/neurothermo/SCA3/cc_04.abf,7,350.0,10.0,-10.0,0,0.0,600.0,1126.2,0.5262
SCA3,SCA3_04,/root/neurothermo/SCA3/cc_04.abf,7,350.0,12.0,-30.0,10,19.004180919802355,600.0,1126.2,0.5262
SCA3,SCA3_04,/root/neurothermo/SCA3/cc_04.abf,7,350.0,12.0,-20.0,10,19.004180919802355,600.0,1126.2,0.5262
SCA3,SCA3_04,/root/neurothermo/SCA3/cc_04.abf,7,350.0,12.0,-10.0,0,0.0,600.0,1126.2,0.5262
SCA3,SCA3_04,/root/neurothermo/SCA3/cc_04.abf,7,350.0,15.0,-30.0,10,19.004180919802355,600.0,1126.2,0.5262
SCA3,SCA3_04,/root/neurothermo/SCA3/cc_04.abf,7,350.0,15.0,-20.0,10,19.004180919802355,600.0,1126.2,0.5262
SCA3,SCA3_04,/root/neurothermo/SCA3/cc_04.abf,7,350.0,15.0,-10.0,0,0.0,600.0,1126.2,0.5262
SCA3,SCA3_04,/root/neurothermo/SCA3/cc_04.abf,8,400.0,8.0,-30.0,14,26.6058532877233,600.0,1126.2,0.5262
SCA3,SCA3_04,/root/neurothermo/SCA3/cc_04.abf,8,400.0,8.0,-20.0,14,26.6058532877233,600.0,1126.2,0.5262
SCA3,SCA3_04,/root/neurothermo/SCA3/cc_04.abf,8,400.0,8.0,-10.0,0,0.0,600.0,1126.2,0.5262
SCA3,SCA3_04,/root/neurothermo/SCA3/cc_04.abf,8,400.0,10.0,-30.0,14,26.6058532877233,600.0,1126.2,0.5262
SCA3,SCA3_04,/root/neurothermo/SCA3/cc_04.abf,8,400.0,10.0,-20.0,14,26.6058532877233,600.0,1126.2,0.5262
SCA3,SCA3_04,/root/neurothermo/SCA3/cc_04.abf,8,400.0,10.0,-10.0,0,0.0,600.0,1126.2,0.5262
SCA3,SCA3_04,/root/neurothermo/SCA3/cc_04.abf,8,400.0,12.0,-30.0,14,26.6058532877233,600.0,1126.2,0.5262
SCA3,SCA3_04,/root/neurothermo/SCA3/cc_04.abf,8,400.0,12.0,-20.0,14,26.6058532877233,600.0,1126.2,0.5262
SCA3,SCA3_04,/root/neurothermo/SCA3/cc_04.abf,8,400.0,12.0,-10.0,0,0.0,600.0,1126.2,0.5262
SCA3,SCA3_04,/root/neurothermo/SCA3/cc_04.abf,8,400.0,15.0,-30.0,14,26.6058532877233,600.0,1126.2,0.5262
SCA3,SCA3_04,/root/neurothermo/SCA3/cc_04.abf,8,400.0,15.0,-20.0,14,26.6058532877233,600.0,1126.2,0.5262
SCA3,SCA3_04,/root/neurothermo/SCA3/cc_04.abf,8,400.0,15.0,-10.0,0,0.0,600.0,1126.2,0.5262
SCA3,SCA3_04,/root/neurothermo/SCA3/cc_04.abf,9,450.0,8.0,-30.0,16,30.40668947168377,600.0,1126.2,0.5262
SCA3,SCA3_04,/root/neurothermo/SCA3/cc_04.abf,9,450.0,8.0,-20.0,16,30.40668947168377,600.0,1126.2,0.5262
SCA3,SCA3_04,/root/neurothermo/SCA3/cc_04.abf,9,450.0,8.0,-10.0,0,0.0,600.0,1126.2,0.5262
SCA3,SCA3_04,/root/neurothermo/SCA3/cc_04.abf,9,450.0,10.0,-30.0,16,30.40668947168377,600.0,1126.2,0.5262
SCA3,SCA3_04,/root/neurothermo/SCA3/cc_04.abf,9,450.0,10.0,-20.0,16,30.40668947168377,600.0,1126.2,0.5262
SCA3,SCA3_04,/root/neurothermo/SCA3/cc_04.abf,9,450.0,10.0,-10.0,0,0.0,600.0,1126.2,0.5262
SCA3,SCA3_04,/root/neurothermo/SCA3/cc_04.abf,9,450.0,12.0,-30.0,16,30.40668947168377,600.0,1126.2,0.5262
SCA3,SCA3_04,/root/neurothermo/SCA3/cc_04.abf,9,450.0,12.0,-20.0,16,30.40668947168377,600.0,1126.2,0.5262
SCA3,SCA3_04,/root/neurothermo/SCA3/cc_04.abf,9,450.0,12.0,-10.0,0,0.0,600.0,1126.2,0.5262
SCA3,SCA3_04,/root/neurothermo/SCA3/cc_04.abf,9,450.0,15.0,-30.0,16,30.40668947168377,600.0,1126.2,0.5262
SCA3,SCA3_04,/root/neurothermo/SCA3/cc_04.abf,9,450.0,15.0,-20.0,16,30.40668947168377,600.0,1126.2,0.5262
SCA3,SCA3_04,/root/neurothermo/SCA3/cc_04.abf,9,450.0,15.0,-10.0,0,0.0,600.0,1126.2,0.5262
SCA3,SCA3_04,/root/neurothermo/SCA3/cc_04.abf,10,500.0,8.0,-30.0,0,0.0,600.0,1126.2,0.5262
SCA3,SCA3_04,/root/neurothermo/SCA3/cc_04.abf,10,500.0,8.0,-20.0,0,0.0,600.0,1126.2,0.5262
SCA3,SCA3_04,/root/neurothermo/SCA3/cc_04.abf,10,500.0,8.0,-10.0,0,0.0,600.0,1126.2,0.5262
SCA3,SCA3_04,/root/neurothermo/SCA3/cc_04.abf,10,500.0,10.0,-30.0,0,0.0,600.0,1126.2,0.5262
SCA3,SCA3_04,/root/neurothermo/SCA3/cc_04.abf,10,500.0,10.0,-20.0,0,0.0,600.0,1126.2,0.5262
SCA3,SCA3_04,/root/neurothermo/SCA3/cc_04.abf,10,500.0,10.0,-10.0,0,0.0,600.0,1126.2,0.5262
SCA3,SCA3_04,/root/neurothermo/SCA3/cc_04.abf,10,500.0,12.0,-30.0,0,0.0,600.0,1126.2,0.5262
SCA3,SCA3_04,/root/neurothermo/SCA3/cc_04.abf,10,500.0,12.0,-20.0,0,0.0,600.0,1126.2,0.5262
SCA3,SCA3_04,/root/neurothermo/SCA3/cc_04.abf,10,500.0,12.0,-10.0,0,0.0,600.0,1126.2,0.5262
SCA3,SCA3_04,/root/neurothermo/SCA3/cc_04.abf,10,500.0,15.0,-30.0,0,0.0,600.0,1126.2,0.5262
SCA3,SCA3_04,/root/neurothermo/SCA3/cc_04.abf,10,500.0,15.0,-20.0,0,0.0,600.0,1126.2,0.5262
SCA3,SCA3_04,/root/neurothermo/SCA3/cc_04.abf,10,500.0,15.0,-10.0,0,0.0,600.0,1126.2,0.5262
SCA3,SCA3_04,/root/neurothermo/SCA3/cc_04.abf,11,550.0,8.0,-30.0,0,0.0,600.0,1126.2,0.5262
SCA3,SCA3_04,/root/neurothermo/SCA3/cc_04.abf,11,550.0,8.0,-20.0,0,0.0,600.0,1126.2,0.5262
SCA3,SCA3_04,/root/neurothermo/SCA3/cc_04.abf,11,550.0,8.0,-10.0,0,0.0,600.0,1126.2,0.5262
SCA3,SCA3_04,/root/neurothermo/SCA3/cc_04.abf,11,550.0,10.0,-30.0,0,0.0,600.0,1126.2,0.5262
SCA3,SCA3_04,/root/neurothermo/SCA3/cc_04.abf,11,550.0,10.0,-20.0,0,0.0,600.0,1126.2,0.5262
SCA3,SCA3_04,/root/neurothermo/SCA3/cc_04.abf,11,550.0,10.0,-10.0,0,0.0,600.0,1126.2,0.5262
SCA3,SCA3_04,/root/neurothermo/SCA3/cc_04.abf,11,550.0,12.0,-30.0,0,0.0,600.0,1126.2,0.5262
SCA3,SCA3_04,/root/neurothermo/SCA3/cc_04.abf,11,550.0,12.0,-20.0,0,0.0,600.0,1126.2,0.5262
SCA3,SCA3_04,/root/neurothermo/SCA3/cc_04.abf,11,550.0,12.0,-10.0,0,0.0,600.0,1126.2,0.5262
SCA3,SCA3_04,/root/neurothermo/SCA3/cc_04.abf,11,550.0,15.0,-30.0,0,0.0,600.0,1126.2,0.5262
SCA3,SCA3_04,/root/neurothermo/SCA3/cc_04.abf,11,550.0,15.0,-20.0,0,0.0,600.0,1126.2,0.5262
SCA3,SCA3_04,/root/neurothermo/SCA3/cc_04.abf,11,550.0,15.0,-10.0,0,0.0,600.0,1126.2,0.5262
SCA3,SCA3_04,/root/neurothermo/SCA3/cc_04.abf,12,600.0,8.0,-30.0,0,0.0,600.0,1126.2,0.5262
SCA3,SCA3_04,/root/neurothermo/SCA3/cc_04.abf,12,600.0,8.0,-20.0,0,0.0,600.0,1126.2,0.5262
SCA3,SCA3_04,/root/neurothermo/SCA3/cc_04.abf,12,600.0,8.0,-10.0,0,0.0,600.0,1126.2,0.5262
SCA3,SCA3_04,/root/neurothermo/SCA3/cc_04.abf,12,600.0,10.0,-30.0,0,0.0,600.0,1126.2,0.5262
SCA3,SCA3_04,/root/neurothermo/SCA3/cc_04.abf,12,600.0,10.0,-20.0,0,0.0,600.0,1126.2,0.5262
SCA3,SCA3_04,/root/neurothermo/SCA3/cc_04.abf,12,600.0,10.0,-10.0,0,0.0,600.0,1126.2,0.5262
SCA3,SCA3_04,/root/neurothermo/SCA3/cc_04.abf,12,600.0,12.0,-30.0,0,0.0,600.0,1126.2,0.5262
SCA3,SCA3_04,/root/neurothermo/SCA3/cc_04.abf,12,600.0,12.0,-20.0,0,0.0,600.0,1126.2,0.5262
SCA3,SCA3_04,/root/neurothermo/SCA3/cc_04.abf,12,600.0,12.0,-10.0,0,0.0,600.0,1126.2,0.5262
SCA3,SCA3_04,/root/neurothermo/SCA3/cc_04.abf,12,600.0,15.0,-30.0,0,0.0,600.0,1126.2,0.5262
SCA3,SCA3_04,/root/neurothermo/SCA3/cc_04.abf,12,600.0,15.0,-20.0,0,0.0,600.0,1126.2,0.5262
SCA3,SCA3_04,/root/neurothermo/SCA3/cc_04.abf,12,600.0,15.0,-10.0,0,0.0,600.0,1126.2,0.5262
SCA3,SCA3_05,/root/neurothermo/SCA3/cc_05.abf,0,0.0,8.0,-30.0,0,0.0,600.0,1126.2,0.5262
SCA3,SCA3_05,/root/neurothermo/SCA3/cc_05.abf,0,0.0,8.0,-20.0,0,0.0,600.0,1126.2,0.5262
SCA3,SCA3_05,/root/neurothermo/SCA3/cc_05.abf,0,0.0,8.0,-10.0,0,0.0,600.0,1126.2,0.5262
SCA3,SCA3_05,/root/neurothermo/SCA3/cc_05.abf,0,0.0,10.0,-30.0,0,0.0,600.0,1126.2,0.5262
SCA3,SCA3_05,/root/neurothermo/SCA3/cc_05.abf,0,0.0,10.0,-20.0,0,0.0,600.0,1126.2,0.5262
SCA3,SCA3_05,/root/neurothermo/SCA3/cc_05.abf,0,0.0,10.0,-10.0,0,0.0,600.0,1126.2,0.5262
SCA3,SCA3_05,/root/neurothermo/SCA3/cc_05.abf,0,0.0,12.0,-30.0,0,0.0,600.0,1126.2,0.5262
SCA3,SCA3_05,/root/neurothermo/SCA3/cc_05.abf,0,0.0,12.0,-20.0,0,0.0,600.0,1126.2,0.5262
SCA3,SCA3_05,/root/neurothermo/SCA3/cc_05.abf,0,0.0,12.0,-10.0,0,0.0,600.0,1126.2,0.5262
SCA3,SCA3_05,/root/neurothermo/SCA3/cc_05.abf,0,0.0,15.0,-30.0,0,0.0,600.0,1126.2,0.5262
SCA3,SCA3_05,/root/neurothermo/SCA3/cc_05.abf,0,0.0,15.0,-20.0,0,0.0,600.0,1126.2,0.5262
SCA3,SCA3_05,/root/neurothermo/SCA3/cc_05.abf,0,0.0,15.0,-10.0,0,0.0,600.0,1126.2,0.5262
SCA3,SCA3_05,/root/neurothermo/SCA3/cc_05.abf,1,50.0,8.0,-30.0,0,0.0,600.0,1126.2,0.5262
SCA3,SCA3_05,/root/neurothermo/SCA3/cc_05.abf,1,50.0,8.0,-20.0,0,0.0,600.0,1126.2,0.5262
SCA3,SCA3_05,/root/neurothermo/SCA3/cc_05.abf,1,50.0,8.0,-10.0,0,0.0,600.0,1126.2,0.5262
SCA3,SCA3_05,/root/neurothermo/SCA3/cc_05.abf,1,50.0,10.0,-30.0,0,0.0,600.0,1126.2,0.5262
SCA3,SCA3_05,/root/neurothermo/SCA3/cc_05.abf,1,50.0,10.0,-20.0,0,0.0,600.0,1126.2,0.5262
SCA3,SCA3_05,/root/neurothermo/SCA3/cc_05.abf,1,50.0,10.0,-10.0,0,0.0,600.0,1126.2,0.5262
SCA3,SCA3_05,/root/neurothermo/SCA3/cc_05.abf,1,50.0,12.0,-30.0,0,0.0,600.0,1126.2,0.5262
SCA3,SCA3_05,/root/neurothermo/SCA3/cc_05.abf,1,50.0,12.0,-20.0,0,0.0,600.0,1126.2,0.5262
SCA3,SCA3_05,/root/neurothermo/SCA3/cc_05.abf,1,50.0,12.0,-10.0,0,0.0,600.0,1126.2,0.5262
SCA3,SCA3_05,/root/neurothermo/SCA3/cc_05.abf,1,50.0,15.0,-30.0,0,0.0,600.0,1126.2,0.5262
SCA3,SCA3_05,/root/neurothermo/SCA3/cc_05.abf,1,50.0,15.0,-20.0,0,0.0,600.0,1126.2,0.5262
SCA3,SCA3_05,/root/neurothermo/SCA3/cc_05.abf,1,50.0,15.0,-10.0,0,0.0,600.0,1126.2,0.5262
SCA3,SCA3_05,/root/neurothermo/SCA3/cc_05.abf,2,100.0,8.0,-30.0,0,0.0,600.0,1126.2,0.5262
SCA3,SCA3_05,/root/neurothermo/SCA3/cc_05.abf,2,100.0,8.0,-20.0,0,0.0,600.0,1126.2,0.5262
SCA3,SCA3_05,/root/neurothermo/SCA3/cc_05.abf,2,100.0,8.0,-10.0,0,0.0,600.0,1126.2,0.5262
SCA3,SCA3_05,/root/neurothermo/SCA3/cc_05.abf,2,100.0,10.0,-30.0,0,0.0,600.0,1126.2,0.5262
SCA3,SCA3_05,/root/neurothermo/SCA3/cc_05.abf,2,100.0,10.0,-20.0,0,0.0,600.0,1126.2,0.5262
SCA3,SCA3_05,/root/neurothermo/SCA3/cc_05.abf,2,100.0,10.0,-10.0,0,0.0,600.0,1126.2,0.5262
SCA3,SCA3_05,/root/neurothermo/SCA3/cc_05.abf,2,100.0,12.0,-30.0,0,0.0,600.0,1126.2,0.5262
SCA3,SCA3_05,/root/neurothermo/SCA3/cc_05.abf,2,100.0,12.0,-20.0,0,0.0,600.0,1126.2,0.5262
SCA3,SCA3_05,/root/neurothermo/SCA3/cc_05.abf,2,100.0,12.0,-10.0,0,0.0,600.0,1126.2,0.5262
SCA3,SCA3_05,/root/neurothermo/SCA3/cc_05.abf,2,100.0,15.0,-30.0,0,0.0,600.0,1126.2,0.5262
SCA3,SCA3_05,/root/neurothermo/SCA3/cc_05.abf,2,100.0,15.0,-20.0,0,0.0,600.0,1126.2,0.5262
SCA3,SCA3_05,/root/neurothermo/SCA3/cc_05.abf,2,100.0,15.0,-10.0,0,0.0,600.0,1126.2,0.5262
SCA3,SCA3_05,/root/neurothermo/SCA3/cc_05.abf,3,150.0,8.0,-30.0,0,0.0,600.0,1126.2,0.5262
SCA3,SCA3_05,/root/neurothermo/SCA3/cc_05.abf,3,150.0,8.0,-20.0,0,0.0,600.0,1126.2,0.5262
SCA3,SCA3_05,/root/neurothermo/SCA3/cc_05.abf,3,150.0,8.0,-10.0,0,0.0,600.0,1126.2,0.5262
SCA3,SCA3_05,/root/neurothermo/SCA3/cc_05.abf,3,150.0,10.0,-30.0,0,0.0,600.0,1126.2,0.5262
SCA3,SCA3_05,/root/neurothermo/SCA3/cc_05.abf,3,150.0,10.0,-20.0,0,0.0,600.0,1126.2,0.5262
SCA3,SCA3_05,/root/neurothermo/SCA3/cc_05.abf,3,150.0,10.0,-10.0,0,0.0,600.0,1126.2,0.5262
SCA3,SCA3_05,/root/neurothermo/SCA3/cc_05.abf,3,150.0,12.0,-30.0,0,0.0,600.0,1126.2,0.5262
SCA3,SCA3_05,/root/neurothermo/SCA3/cc_05.abf,3,150.0,12.0,-20.0,0,0.0,600.0,1126.2,0.5262
SCA3,SCA3_05,/root/neurothermo/SCA3/cc_05.abf,3,150.0,12.0,-10.0,0,0.0,600.0,1126.2,0.5262
SCA3,SCA3_05,/root/neurothermo/SCA3/cc_05.abf,3,150.0,15.0,-30.0,0,0.0,600.0,1126.2,0.5262
SCA3,SCA3_05,/root/neurothermo/SCA3/cc_05.abf,3,150.0,15.0,-20.0,0,0.0,600.0,1126.2,0.5262
SCA3,SCA3_05,/root/neurothermo/SCA3/cc_05.abf,3,150.0,15.0,-10.0,0,0.0,600.0,1126.2,0.5262
SCA3,SCA3_05,/root/neurothermo/SCA3/cc_05.abf,4,200.0,8.0,-30.0,0,0.0,600.0,1126.2,0.5262
SCA3,SCA3_05,/root/neurothermo/SCA3/cc_05.abf,4,200.0,8.0,-20.0,0,0.0,600.0,1126.2,0.5262
SCA3,SCA3_05,/root/neurothermo/SCA3/cc_05.abf,4,200.0,8.0,-10.0,0,0.0,600.0,1126.2,0.5262
SCA3,SCA3_05,/root/neurothermo/SCA3/cc_05.abf,4,200.0,10.0,-30.0,0,0.0,600.0,1126.2,0.5262
SCA3,SCA3_05,/root/neurothermo/SCA3/cc_05.abf,4,200.0,10.0,-20.0,0,0.0,600.0,1126.2,0.5262
SCA3,SCA3_05,/root/neurothermo/SCA3/cc_05.abf,4,200.0,10.0,-10.0,0,0.0,600.0,1126.2,0.5262
SCA3,SCA3_05,/root/neurothermo/SCA3/cc_05.abf,4,200.0,12.0,-30.0,0,0.0,600.0,1126.2,0.5262
SCA3,SCA3_05,/root/neurothermo/SCA3/cc_05.abf,4,200.0,12.0,-20.0,0,0.0,600.0,1126.2,0.5262
SCA3,SCA3_05,/root/neurothermo/SCA3/cc_05.abf,4,200.0,12.0,-10.0,0,0.0,600.0,1126.2,0.5262
SCA3,SCA3_05,/root/neurothermo/SCA3/cc_05.abf,4,200.0,15.0,-30.0,0,0.0,600.0,1126.2,0.5262
SCA3,SCA3_05,/root/neurothermo/SCA3/cc_05.abf,4,200.0,15.0,-20.0,0,0.0,600.0,1126.2,0.5262
SCA3,SCA3_05,/root/neurothermo/SCA3/cc_05.abf,4,200.0,15.0,-10.0,0,0.0,600.0,1126.2,0.5262
SCA3,SCA3_05,/root/neurothermo/SCA3/cc_05.abf,5,250.0,8.0,-30.0,0,0.0,600.0,1126.2,0.5262
SCA3,SCA3_05,/root/neurothermo/SCA3/cc_05.abf,5,250.0,8.0,-20.0,0,0.0,600.0,1126.2,0.5262
SCA3,SCA3_05,/root/neurothermo/SCA3/cc_05.abf,5,250.0,8.0,-10.0,0,0.0,600.0,1126.2,0.5262
SCA3,SCA3_05,/root/neurothermo/SCA3/cc_05.abf,5,250.0,10.0,-30.0,0,0.0,600.0,1126.2,0.5262
SCA3,SCA3_05,/root/neurothermo/SCA3/cc_05.abf,5,250.0,10.0,-20.0,0,0.0,600.0,1126.2,0.5262
SCA3,SCA3_05,/root/neurothermo/SCA3/cc_05.abf,5,250.0,10.0,-10.0,0,0.0,600.0,1126.2,0.5262
SCA3,SCA3_05,/root/neurothermo/SCA3/cc_05.abf,5,250.0,12.0,-30.0,0,0.0,600.0,1126.2,0.5262
SCA3,SCA3_05,/root/neurothermo/SCA3/cc_05.abf,5,250.0,12.0,-20.0,0,0.0,600.0,1126.2,0.5262
SCA3,SCA3_05,/root/neurothermo/SCA3/cc_05.abf,5,250.0,12.0,-10.0,0,0.0,600.0,1126.2,0.5262
SCA3,SCA3_05,/root/neurothermo/SCA3/cc_05.abf,5,250.0,15.0,-30.0,0,0.0,600.0,1126.2,0.5262
SCA3,SCA3_05,/root/neurothermo/SCA3/cc_05.abf,5,250.0,15.0,-20.0,0,0.0,600.0,1126.2,0.5262
SCA3,SCA3_05,/root/neurothermo/SCA3/cc_05.abf,5,250.0,15.0,-10.0,0,0.0,600.0,1126.2,0.5262
SCA3,SCA3_05,/root/neurothermo/SCA3/cc_05.abf,6,300.0,8.0,-30.0,0,0.0,600.0,1126.2,0.5262
SCA3,SCA3_05,/root/neurothermo/SCA3/cc_05.abf,6,300.0,8.0,-20.0,0,0.0,600.0,1126.2,0.5262
SCA3,SCA3_05,/root/neurothermo/SCA3/cc_05.abf,6,300.0,8.0,-10.0,0,0.0,600.0,1126.2,0.5262
SCA3,SCA3_05,/root/neurothermo/SCA3/cc_05.abf,6,300.0,10.0,-30.0,0,0.0,600.0,1126.2,0.5262
SCA3,SCA3_05,/root/neurothermo/SCA3/cc_05.abf,6,300.0,10.0,-20.0,0,0.0,600.0,1126.2,0.5262
SCA3,SCA3_05,/root/neurothermo/SCA3/cc_05.abf,6,300.0,10.0,-10.0,0,0.0,600.0,1126.2,0.5262
SCA3,SCA3_05,/root/neurothermo/SCA3/cc_05.abf,6,300.0,12.0,-30.0,0,0.0,600.0,1126.2,0.5262
SCA3,SCA3_05,/root/neurothermo/SCA3/cc_05.abf,6,300.0,12.0,-20.0,0,0.0,600.0,1126.2,0.5262
SCA3,SCA3_05,/root/neurothermo/SCA3/cc_05.abf,6,300.0,12.0,-10.0,0,0.0,600.0,1126.2,0.5262
SCA3,SCA3_05,/root/neurothermo/SCA3/cc_05.abf,6,300.0,15.0,-30.0,0,0.0,600.0,1126.2,0.5262
SCA3,SCA3_05,/root/neurothermo/SCA3/cc_05.abf,6,300.0,15.0,-20.0,0,0.0,600.0,1126.2,0.5262
SCA3,SCA3_05,/root/neurothermo/SCA3/cc_05.abf,6,300.0,15.0,-10.0,0,0.0,600.0,1126.2,0.5262
SCA3,SCA3_05,/root/neurothermo/SCA3/cc_05.abf,7,350.0,8.0,-30.0,0,0.0,600.0,1126.2,0.5262
SCA3,SCA3_05,/root/neurothermo/SCA3/cc_05.abf,7,350.0,8.0,-20.0,0,0.0,600.0,1126.2,0.5262
SCA3,SCA3_05,/root/neurothermo/SCA3/cc_05.abf,7,350.0,8.0,-10.0,0,0.0,600.0,1126.2,0.5262
SCA3,SCA3_05,/root/neurothermo/SCA3/cc_05.abf,7,350.0,10.0,-30.0,0,0.0,600.0,1126.2,0.5262
SCA3,SCA3_05,/root/neurothermo/SCA3/cc_05.abf,7,350.0,10.0,-20.0,0,0.0,600.0,1126.2,0.5262
SCA3,SCA3_05,/root/neurothermo/SCA3/cc_05.abf,7,350.0,10.0,-10.0,0,0.0,600.0,1126.2,0.5262
SCA3,SCA3_05,/root/neurothermo/SCA3/cc_05.abf,7,350.0,12.0,-30.0,0,0.0,600.0,1126.2,0.5262
SCA3,SCA3_05,/root/neurothermo/SCA3/cc_05.abf,7,350.0,12.0,-20.0,0,0.0,600.0,1126.2,0.5262
SCA3,SCA3_05,/root/neurothermo/SCA3/cc_05.abf,7,350.0,12.0,-10.0,0,0.0,600.0,1126.2,0.5262
SCA3,SCA3_05,/root/neurothermo/SCA3/cc_05.abf,7,350.0,15.0,-30.0,0,0.0,600.0,1126.2,0.5262
SCA3,SCA3_05,/root/neurothermo/SCA3/cc_05.abf,7,350.0,15.0,-20.0,0,0.0,600.0,1126.2,0.5262
SCA3,SCA3_05,/root/neurothermo/SCA3/cc_05.abf,7,350.0,15.0,-10.0,0,0.0,600.0,1126.2,0.5262
SCA3,SCA3_05,/root/neurothermo/SCA3/cc_05.abf,8,400.0,8.0,-30.0,1,1.9004180919802356,600.0,1126.2,0.5262
SCA3,SCA3_05,/root/neurothermo/SCA3/cc_05.abf,8,400.0,8.0,-20.0,1,1.9004180919802356,600.0,1126.2,0.5262
SCA3,SCA3_05,/root/neurothermo/SCA3/cc_05.abf,8,400.0,8.0,-10.0,1,1.9004180919802356,600.0,1126.2,0.5262
SCA3,SCA3_05,/root/neurothermo/SCA3/cc_05.abf,8,400.0,10.0,-30.0,1,1.9004180919802356,600.0,1126.2,0.5262
SCA3,SCA3_05,/root/neurothermo/SCA3/cc_05.abf,8,400.0,10.0,-20.0,1,1.9004180919802356,600.0,1126.2,0.5262
SCA3,SCA3_05,/root/neurothermo/SCA3/cc_05.abf,8,400.0,10.0,-10.0,1,1.9004180919802356,600.0,1126.2,0.5262
SCA3,SCA3_05,/root/neurothermo/SCA3/cc_05.abf,8,400.0,12.0,-30.0,1,1.9004180919802356,600.0,1126.2,0.5262
SCA3,SCA3_05,/root/neurothermo/SCA3/cc_05.abf,8,400.0,12.0,-20.0,1,1.9004180919802356,600.0,1126.2,0.5262
SCA3,SCA3_05,/root/neurothermo/SCA3/cc_05.abf,8,400.0,12.0,-10.0,1,1.9004180919802356,600.0,1126.2,0.5262
SCA3,SCA3_05,/root/neurothermo/SCA3/cc_05.abf,8,400.0,15.0,-30.0,1,1.9004180919802356,600.0,1126.2,0.5262
SCA3,SCA3_05,/root/neurothermo/SCA3/cc_05.abf,8,400.0,15.0,-20.0,1,1.9004180919802356,600.0,1126.2,0.5262
SCA3,SCA3_05,/root/neurothermo/SCA3/cc_05.abf,8,400.0,15.0,-10.0,1,1.9004180919802356,600.0,1126.2,0.5262
SCA3,SCA3_05,/root/neurothermo/SCA3/cc_05.abf,9,450.0,8.0,-30.0,2,3.800836183960471,600.0,1126.2,0.5262
SCA3,SCA3_05,/root/neurothermo/SCA3/cc_05.abf,9,450.0,8.0,-20.0,2,3.800836183960471,600.0,1126.2,0.5262
SCA3,SCA3_05,/root/neurothermo/SCA3/cc_05.abf,9,450.0,8.0,-10.0,2,3.800836183960471,600.0,1126.2,0.5262
SCA3,SCA3_05,/root/neurothermo/SCA3/cc_05.abf,9,450.0,10.0,-30.0,2,3.800836183960471,600.0,1126.2,0.5262
SCA3,SCA3_05,/root/neurothermo/SCA3/cc_05.abf,9,450.0,10.0,-20.0,2,3.800836183960471,600.0,1126.2,0.5262
SCA3,SCA3_05,/root/neurothermo/SCA3/cc_05.abf,9,450.0,10.0,-10.0,2,3.800836183960471,600.0,1126.2,0.5262
SCA3,SCA3_05,/root/neurothermo/SCA3/cc_05.abf,9,450.0,12.0,-30.0,2,3.800836183960471,600.0,1126.2,0.5262
SCA3,SCA3_05,/root/neurothermo/SCA3/cc_05.abf,9,450.0,12.0,-20.0,2,3.800836183960471,600.0,1126.2,0.5262
SCA3,SCA3_05,/root/neurothermo/SCA3/cc_05.abf,9,450.0,12.0,-10.0,2,3.800836183960471,600.0,1126.2,0.5262
SCA3,SCA3_05,/root/neurothermo/SCA3/cc_05.abf,9,450.0,15.0,-30.0,2,3.800836183960471,600.0,1126.2,0.5262
SCA3,SCA3_05,/root/neurothermo/SCA3/cc_05.abf,9,450.0,15.0,-20.0,2,3.800836183960471,600.0,1126.2,0.5262
SCA3,SCA3_05,/root/neurothermo/SCA3/cc_05.abf,9,450.0,15.0,-10.0,2,3.800836183960471,600.0,1126.2,0.5262
SCA3,SCA3_05,/root/neurothermo/SCA3/cc_05.abf,10,500.0,8.0,-30.0,3,5.701254275940707,600.0,1126.2,0.5262
SCA3,SCA3_05,/root/neurothermo/SCA3/cc_05.abf,10,500.0,8.0,-20.0,3,5.701254275940707,600.0,1126.2,0.5262
SCA3,SCA3_05,/root/neurothermo/SCA3/cc_05.abf,10,500.0,8.0,-10.0,3,5.701254275940707,600.0,1126.2,0.5262
SCA3,SCA3_05,/root/neurothermo/SCA3/cc_05.abf,10,500.0,10.0,-30.0,3,5.701254275940707,600.0,1126.2,0.5262
SCA3,SCA3_05,/root/neurothermo/SCA3/cc_05.abf,10,500.0,10.0,-20.0,3,5.701254275940707,600.0,1126.2,0.5262
SCA3,SCA3_05,/root/neurothermo/SCA3/cc_05.abf,10,500.0,10.0,-10.0,3,5.701254275940707,600.0,1126.2,0.5262
SCA3,SCA3_05,/root/neurothermo/SCA3/cc_05.abf,10,500.0,12.0,-30.0,3,5.701254275940707,600.0,1126.2,0.5262
SCA3,SCA3_05,/root/neurothermo/SCA3/cc_05.abf,10,500.0,12.0,-20.0,3,5.701254275940707,600.0,1126.2,0.5262
SCA3,SCA3_05,/root/neurothermo/SCA3/cc_05.abf,10,500.0,12.0,-10.0,3,5.701254275940707,600.0,1126.2,0.5262
SCA3,SCA3_05,/root/neurothermo/SCA3/cc_05.abf,10,500.0,15.0,-30.0,3,5.701254275940707,600.0,1126.2,0.5262
SCA3,SCA3_05,/root/neurothermo/SCA3/cc_05.abf,10,500.0,15.0,-20.0,3,5.701254275940707,600.0,1126.2,0.5262
SCA3,SCA3_05,/root/neurothermo/SCA3/cc_05.abf,10,500.0,15.0,-10.0,3,5.701254275940707,600.0,1126.2,0.5262
SCA3,SCA3_05,/root/neurothermo/SCA3/cc_05.abf,11,550.0,8.0,-30.0,2,3.800836183960471,600.0,1126.2,0.5262
SCA3,SCA3_05,/root/neurothermo/SCA3/cc_05.abf,11,550.0,8.0,-20.0,2,3.800836183960471,600.0,1126.2,0.5262
SCA3,SCA3_05,/root/neurothermo/SCA3/cc_05.abf,11,550.0,8.0,-10.0,2,3.800836183960471,600.0,1126.2,0.5262
SCA3,SCA3_05,/root/neurothermo/SCA3/cc_05.abf,11,550.0,10.0,-30.0,2,3.800836183960471,600.0,1126.2,0.5262
SCA3,SCA3_05,/root/neurothermo/SCA3/cc_05.abf,11,550.0,10.0,-20.0,2,3.800836183960471,600.0,1126.2,0.5262
SCA3,SCA3_05,/root/neurothermo/SCA3/cc_05.abf,11,550.0,10.0,-10.0,2,3.800836183960471,600.0,1126.2,0.5262
SCA3,SCA3_05,/root/neurothermo/SCA3/cc_05.abf,11,550.0,12.0,-30.0,2,3.800836183960471,600.0,1126.2,0.5262
SCA3,SCA3_05,/root/neurothermo/SCA3/cc_05.abf,11,550.0,12.0,-20.0,2,3.800836183960471,600.0,1126.2,0.5262
SCA3,SCA3_05,/root/neurothermo/SCA3/cc_05.abf,11,550.0,12.0,-10.0,2,3.800836183960471,600.0,1126.2,0.5262
SCA3,SCA3_05,/root/neurothermo/SCA3/cc_05.abf,11,550.0,15.0,-30.0,2,3.800836183960471,600.0,1126.2,0.5262
SCA3,SCA3_05,/root/neurothermo/SCA3/cc_05.abf,11,550.0,15.0,-20.0,2,3.800836183960471,600.0,1126.2,0.5262
SCA3,SCA3_05,/root/neurothermo/SCA3/cc_05.abf,11,550.0,15.0,-10.0,2,3.800836183960471,600.0,1126.2,0.5262
SCA3,SCA3_05,/root/neurothermo/SCA3/cc_05.abf,12,600.0,8.0,-30.0,12,22.80501710376283,600.0,1126.2,0.5262
SCA3,SCA3_05,/root/neurothermo/SCA3/cc_05.abf,12,600.0,8.0,-20.0,12,22.80501710376283,600.0,1126.2,0.5262
SCA3,SCA3_05,/root/neurothermo/SCA3/cc_05.abf,12,600.0,8.0,-10.0,12,22.80501710376283,600.0,1126.2,0.5262
SCA3,SCA3_05,/root/neurothermo/SCA3/cc_05.abf,12,600.0,10.0,-30.0,12,22.80501710376283,600.0,1126.2,0.5262
SCA3,SCA3_05,/root/neurothermo/SCA3/cc_05.abf,12,600.0,10.0,-20.0,12,22.80501710376283,600.0,1126.2,0.5262
SCA3,SCA3_05,/root/neurothermo/SCA3/cc_05.abf,12,600.0,10.0,-10.0,12,22.80501710376283,600.0,1126.2,0.5262
SCA3,SCA3_05,/root/neurothermo/SCA3/cc_05.abf,12,600.0,12.0,-30.0,12,22.80501710376283,600.0,1126.2,0.5262
SCA3,SCA3_05,/root/neurothermo/SCA3/cc_05.abf,12,600.0,12.0,-20.0,12,22.80501710376283,600.0,1126.2,0.5262
SCA3,SCA3_05,/root/neurothermo/SCA3/cc_05.abf,12,600.0,12.0,-10.0,12,22.80501710376283,600.0,1126.2,0.5262
SCA3,SCA3_05,/root/neurothermo/SCA3/cc_05.abf,12,600.0,15.0,-30.0,12,22.80501710376283,600.0,1126.2,0.5262
SCA3,SCA3_05,/root/neurothermo/SCA3/cc_05.abf,12,600.0,15.0,-20.0,12,22.80501710376283,600.0,1126.2,0.5262
SCA3,SCA3_05,/root/neurothermo/SCA3/cc_05.abf,12,600.0,15.0,-10.0,12,22.80501710376283,600.0,1126.2,0.5262
SCA3,SCA3_06,/root/neurothermo/SCA3/cc_06.abf,0,0.0,8.0,-30.0,0,0.0,600.0,1126.2,0.5262
SCA3,SCA3_06,/root/neurothermo/SCA3/cc_06.abf,0,0.0,8.0,-20.0,0,0.0,600.0,1126.2,0.5262
SCA3,SCA3_06,/root/neurothermo/SCA3/cc_06.abf,0,0.0,8.0,-10.0,0,0.0,600.0,1126.2,0.5262
SCA3,SCA3_06,/root/neurothermo/SCA3/cc_06.abf,0,0.0,10.0,-30.0,0,0.0,600.0,1126.2,0.5262
SCA3,SCA3_06,/root/neurothermo/SCA3/cc_06.abf,0,0.0,10.0,-20.0,0,0.0,600.0,1126.2,0.5262
SCA3,SCA3_06,/root/neurothermo/SCA3/cc_06.abf,0,0.0,10.0,-10.0,0,0.0,600.0,1126.2,0.5262
SCA3,SCA3_06,/root/neurothermo/SCA3/cc_06.abf,0,0.0,12.0,-30.0,0,0.0,600.0,1126.2,0.5262
SCA3,SCA3_06,/root/neurothermo/SCA3/cc_06.abf,0,0.0,12.0,-20.0,0,0.0,600.0,1126.2,0.5262
SCA3,SCA3_06,/root/neurothermo/SCA3/cc_06.abf,0,0.0,12.0,-10.0,0,0.0,600.0,1126.2,0.5262
SCA3,SCA3_06,/root/neurothermo/SCA3/cc_06.abf,0,0.0,15.0,-30.0,0,0.0,600.0,1126.2,0.5262
SCA3,SCA3_06,/root/neurothermo/SCA3/cc_06.abf,0,0.0,15.0,-20.0,0,0.0,600.0,1126.2,0.5262
SCA3,SCA3_06,/root/neurothermo/SCA3/cc_06.abf,0,0.0,15.0,-10.0,0,0.0,600.0,1126.2,0.5262
SCA3,SCA3_06,/root/neurothermo/SCA3/cc_06.abf,1,50.0,8.0,-30.0,0,0.0,600.0,1126.2,0.5262
SCA3,SCA3_06,/root/neurothermo/SCA3/cc_06.abf,1,50.0,8.0,-20.0,0,0.0,600.0,1126.2,0.5262
SCA3,SCA3_06,/root/neurothermo/SCA3/cc_06.abf,1,50.0,8.0,-10.0,0,0.0,600.0,1126.2,0.5262
SCA3,SCA3_06,/root/neurothermo/SCA3/cc_06.abf,1,50.0,10.0,-30.0,0,0.0,600.0,1126.2,0.5262
SCA3,SCA3_06,/root/neurothermo/SCA3/cc_06.abf,1,50.0,10.0,-20.0,0,0.0,600.0,1126.2,0.5262
SCA3,SCA3_06,/root/neurothermo/SCA3/cc_06.abf,1,50.0,10.0,-10.0,0,0.0,600.0,1126.2,0.5262
SCA3,SCA3_06,/root/neurothermo/SCA3/cc_06.abf,1,50.0,12.0,-30.0,0,0.0,600.0,1126.2,0.5262
SCA3,SCA3_06,/root/neurothermo/SCA3/cc_06.abf,1,50.0,12.0,-20.0,0,0.0,600.0,1126.2,0.5262
SCA3,SCA3_06,/root/neurothermo/SCA3/cc_06.abf,1,50.0,12.0,-10.0,0,0.0,600.0,1126.2,0.5262
SCA3,SCA3_06,/root/neurothermo/SCA3/cc_06.abf,1,50.0,15.0,-30.0,0,0.0,600.0,1126.2,0.5262
SCA3,SCA3_06,/root/neurothermo/SCA3/cc_06.abf,1,50.0,15.0,-20.0,0,0.0,600.0,1126.2,0.5262
SCA3,SCA3_06,/root/neurothermo/SCA3/cc_06.abf,1,50.0,15.0,-10.0,0,0.0,600.0,1126.2,0.5262
SCA3,SCA3_06,/root/neurothermo/SCA3/cc_06.abf,2,100.0,8.0,-30.0,0,0.0,600.0,1126.2,0.5262
SCA3,SCA3_06,/root/neurothermo/SCA3/cc_06.abf,2,100.0,8.0,-20.0,0,0.0,600.0,1126.2,0.5262
SCA3,SCA3_06,/root/neurothermo/SCA3/cc_06.abf,2,100.0,8.0,-10.0,0,0.0,600.0,1126.2,0.5262
SCA3,SCA3_06,/root/neurothermo/SCA3/cc_06.abf,2,100.0,10.0,-30.0,0,0.0,600.0,1126.2,0.5262
SCA3,SCA3_06,/root/neurothermo/SCA3/cc_06.abf,2,100.0,10.0,-20.0,0,0.0,600.0,1126.2,0.5262
SCA3,SCA3_06,/root/neurothermo/SCA3/cc_06.abf,2,100.0,10.0,-10.0,0,0.0,600.0,1126.2,0.5262
SCA3,SCA3_06,/root/neurothermo/SCA3/cc_06.abf,2,100.0,12.0,-30.0,0,0.0,600.0,1126.2,0.5262
SCA3,SCA3_06,/root/neurothermo/SCA3/cc_06.abf,2,100.0,12.0,-20.0,0,0.0,600.0,1126.2,0.5262
SCA3,SCA3_06,/root/neurothermo/SCA3/cc_06.abf,2,100.0,12.0,-10.0,0,0.0,600.0,1126.2,0.5262
SCA3,SCA3_06,/root/neurothermo/SCA3/cc_06.abf,2,100.0,15.0,-30.0,0,0.0,600.0,1126.2,0.5262
SCA3,SCA3_06,/root/neurothermo/SCA3/cc_06.abf,2,100.0,15.0,-20.0,0,0.0,600.0,1126.2,0.5262
SCA3,SCA3_06,/root/neurothermo/SCA3/cc_06.abf,2,100.0,15.0,-10.0,0,0.0,600.0,1126.2,0.5262
SCA3,SCA3_06,/root/neurothermo/SCA3/cc_06.abf,3,150.0,8.0,-30.0,0,0.0,600.0,1126.2,0.5262
SCA3,SCA3_06,/root/neurothermo/SCA3/cc_06.abf,3,150.0,8.0,-20.0,0,0.0,600.0,1126.2,0.5262
SCA3,SCA3_06,/root/neurothermo/SCA3/cc_06.abf,3,150.0,8.0,-10.0,0,0.0,600.0,1126.2,0.5262
SCA3,SCA3_06,/root/neurothermo/SCA3/cc_06.abf,3,150.0,10.0,-30.0,0,0.0,600.0,1126.2,0.5262
SCA3,SCA3_06,/root/neurothermo/SCA3/cc_06.abf,3,150.0,10.0,-20.0,0,0.0,600.0,1126.2,0.5262
SCA3,SCA3_06,/root/neurothermo/SCA3/cc_06.abf,3,150.0,10.0,-10.0,0,0.0,600.0,1126.2,0.5262
SCA3,SCA3_06,/root/neurothermo/SCA3/cc_06.abf,3,150.0,12.0,-30.0,0,0.0,600.0,1126.2,0.5262
SCA3,SCA3_06,/root/neurothermo/SCA3/cc_06.abf,3,150.0,12.0,-20.0,0,0.0,600.0,1126.2,0.5262
SCA3,SCA3_06,/root/neurothermo/SCA3/cc_06.abf,3,150.0,12.0,-10.0,0,0.0,600.0,1126.2,0.5262
SCA3,SCA3_06,/root/neurothermo/SCA3/cc_06.abf,3,150.0,15.0,-30.0,0,0.0,600.0,1126.2,0.5262
SCA3,SCA3_06,/root/neurothermo/SCA3/cc_06.abf,3,150.0,15.0,-20.0,0,0.0,600.0,1126.2,0.5262
SCA3,SCA3_06,/root/neurothermo/SCA3/cc_06.abf,3,150.0,15.0,-10.0,0,0.0,600.0,1126.2,0.5262
SCA3,SCA3_06,/root/neurothermo/SCA3/cc_06.abf,4,200.0,8.0,-30.0,0,0.0,600.0,1126.2,0.5262
SCA3,SCA3_06,/root/neurothermo/SCA3/cc_06.abf,4,200.0,8.0,-20.0,0,0.0,600.0,1126.2,0.5262
SCA3,SCA3_06,/root/neurothermo/SCA3/cc_06.abf,4,200.0,8.0,-10.0,0,0.0,600.0,1126.2,0.5262
SCA3,SCA3_06,/root/neurothermo/SCA3/cc_06.abf,4,200.0,10.0,-30.0,0,0.0,600.0,1126.2,0.5262
SCA3,SCA3_06,/root/neurothermo/SCA3/cc_06.abf,4,200.0,10.0,-20.0,0,0.0,600.0,1126.2,0.5262
SCA3,SCA3_06,/root/neurothermo/SCA3/cc_06.abf,4,200.0,10.0,-10.0,0,0.0,600.0,1126.2,0.5262
SCA3,SCA3_06,/root/neurothermo/SCA3/cc_06.abf,4,200.0,12.0,-30.0,0,0.0,600.0,1126.2,0.5262
SCA3,SCA3_06,/root/neurothermo/SCA3/cc_06.abf,4,200.0,12.0,-20.0,0,0.0,600.0,1126.2,0.5262
SCA3,SCA3_06,/root/neurothermo/SCA3/cc_06.abf,4,200.0,12.0,-10.0,0,0.0,600.0,1126.2,0.5262
SCA3,SCA3_06,/root/neurothermo/SCA3/cc_06.abf,4,200.0,15.0,-30.0,0,0.0,600.0,1126.2,0.5262
SCA3,SCA3_06,/root/neurothermo/SCA3/cc_06.abf,4,200.0,15.0,-20.0,0,0.0,600.0,1126.2,0.5262
SCA3,SCA3_06,/root/neurothermo/SCA3/cc_06.abf,4,200.0,15.0,-10.0,0,0.0,600.0,1126.2,0.5262
SCA3,SCA3_06,/root/neurothermo/SCA3/cc_06.abf,5,250.0,8.0,-30.0,0,0.0,600.0,1126.2,0.5262
SCA3,SCA3_06,/root/neurothermo/SCA3/cc_06.abf,5,250.0,8.0,-20.0,0,0.0,600.0,1126.2,0.5262
SCA3,SCA3_06,/root/neurothermo/SCA3/cc_06.abf,5,250.0,8.0,-10.0,0,0.0,600.0,1126.2,0.5262
SCA3,SCA3_06,/root/neurothermo/SCA3/cc_06.abf,5,250.0,10.0,-30.0,0,0.0,600.0,1126.2,0.5262
SCA3,SCA3_06,/root/neurothermo/SCA3/cc_06.abf,5,250.0,10.0,-20.0,0,0.0,600.0,1126.2,0.5262
SCA3,SCA3_06,/root/neurothermo/SCA3/cc_06.abf,5,250.0,10.0,-10.0,0,0.0,600.0,1126.2,0.5262
SCA3,SCA3_06,/root/neurothermo/SCA3/cc_06.abf,5,250.0,12.0,-30.0,0,0.0,600.0,1126.2,0.5262
SCA3,SCA3_06,/root/neurothermo/SCA3/cc_06.abf,5,250.0,12.0,-20.0,0,0.0,600.0,1126.2,0.5262
SCA3,SCA3_06,/root/neurothermo/SCA3/cc_06.abf,5,250.0,12.0,-10.0,0,0.0,600.0,1126.2,0.5262
SCA3,SCA3_06,/root/neurothermo/SCA3/cc_06.abf,5,250.0,15.0,-30.0,0,0.0,600.0,1126.2,0.5262
SCA3,SCA3_06,/root/neurothermo/SCA3/cc_06.abf,5,250.0,15.0,-20.0,0,0.0,600.0,1126.2,0.5262
SCA3,SCA3_06,/root/neurothermo/SCA3/cc_06.abf,5,250.0,15.0,-10.0,0,0.0,600.0,1126.2,0.5262
SCA3,SCA3_06,/root/neurothermo/SCA3/cc_06.abf,6,300.0,8.0,-30.0,0,0.0,600.0,1126.2,0.5262
SCA3,SCA3_06,/root/neurothermo/SCA3/cc_06.abf,6,300.0,8.0,-20.0,0,0.0,600.0,1126.2,0.5262
SCA3,SCA3_06,/root/neurothermo/SCA3/cc_06.abf,6,300.0,8.0,-10.0,0,0.0,600.0,1126.2,0.5262
SCA3,SCA3_06,/root/neurothermo/SCA3/cc_06.abf,6,300.0,10.0,-30.0,0,0.0,600.0,1126.2,0.5262
SCA3,SCA3_06,/root/neurothermo/SCA3/cc_06.abf,6,300.0,10.0,-20.0,0,0.0,600.0,1126.2,0.5262
SCA3,SCA3_06,/root/neurothermo/SCA3/cc_06.abf,6,300.0,10.0,-10.0,0,0.0,600.0,1126.2,0.5262
SCA3,SCA3_06,/root/neurothermo/SCA3/cc_06.abf,6,300.0,12.0,-30.0,0,0.0,600.0,1126.2,0.5262
SCA3,SCA3_06,/root/neurothermo/SCA3/cc_06.abf,6,300.0,12.0,-20.0,0,0.0,600.0,1126.2,0.5262
SCA3,SCA3_06,/root/neurothermo/SCA3/cc_06.abf,6,300.0,12.0,-10.0,0,0.0,600.0,1126.2,0.5262
SCA3,SCA3_06,/root/neurothermo/SCA3/cc_06.abf,6,300.0,15.0,-30.0,0,0.0,600.0,1126.2,0.5262
SCA3,SCA3_06,/root/neurothermo/SCA3/cc_06.abf,6,300.0,15.0,-20.0,0,0.0,600.0,1126.2,0.5262
SCA3,SCA3_06,/root/neurothermo/SCA3/cc_06.abf,6,300.0,15.0,-10.0,0,0.0,600.0,1126.2,0.5262
SCA3,SCA3_06,/root/neurothermo/SCA3/cc_06.abf,7,350.0,8.0,-30.0,0,0.0,600.0,1126.2,0.5262
SCA3,SCA3_06,/root/neurothermo/SCA3/cc_06.abf,7,350.0,8.0,-20.0,0,0.0,600.0,1126.2,0.5262
SCA3,SCA3_06,/root/neurothermo/SCA3/cc_06.abf,7,350.0,8.0,-10.0,0,0.0,600.0,1126.2,0.5262
SCA3,SCA3_06,/root/neurothermo/SCA3/cc_06.abf,7,350.0,10.0,-30.0,0,0.0,600.0,1126.2,0.5262
SCA3,SCA3_06,/root/neurothermo/SCA3/cc_06.abf,7,350.0,10.0,-20.0,0,0.0,600.0,1126.2,0.5262
SCA3,SCA3_06,/root/neurothermo/SCA3/cc_06.abf,7,350.0,10.0,-10.0,0,0.0,600.0,1126.2,0.5262
SCA3,SCA3_06,/root/neurothermo/SCA3/cc_06.abf,7,350.0,12.0,-30.0,0,0.0,600.0,1126.2,0.5262
SCA3,SCA3_06,/root/neurothermo/SCA3/cc_06.abf,7,350.0,12.0,-20.0,0,0.0,600.0,1126.2,0.5262
SCA3,SCA3_06,/root/neurothermo/SCA3/cc_06.abf,7,350.0,12.0,-10.0,0,0.0,600.0,1126.2,0.5262
SCA3,SCA3_06,/root/neurothermo/SCA3/cc_06.abf,7,350.0,15.0,-30.0,0,0.0,600.0,1126.2,0.5262
SCA3,SCA3_06,/root/neurothermo/SCA3/cc_06.abf,7,350.0,15.0,-20.0,0,0.0,600.0,1126.2,0.5262
SCA3,SCA3_06,/root/neurothermo/SCA3/cc_06.abf,7,350.0,15.0,-10.0,0,0.0,600.0,1126.2,0.5262
SCA3,SCA3_06,/root/neurothermo/SCA3/cc_06.abf,8,400.0,8.0,-30.0,0,0.0,600.0,1126.2,0.5262
SCA3,SCA3_06,/root/neurothermo/SCA3/cc_06.abf,8,400.0,8.0,-20.0,0,0.0,600.0,1126.2,0.5262
SCA3,SCA3_06,/root/neurothermo/SCA3/cc_06.abf,8,400.0,8.0,-10.0,0,0.0,600.0,1126.2,0.5262
SCA3,SCA3_06,/root/neurothermo/SCA3/cc_06.abf,8,400.0,10.0,-30.0,0,0.0,600.0,1126.2,0.5262
SCA3,SCA3_06,/root/neurothermo/SCA3/cc_06.abf,8,400.0,10.0,-20.0,0,0.0,600.0,1126.2,0.5262
SCA3,SCA3_06,/root/neurothermo/SCA3/cc_06.abf,8,400.0,10.0,-10.0,0,0.0,600.0,1126.2,0.5262
SCA3,SCA3_06,/root/neurothermo/SCA3/cc_06.abf,8,400.0,12.0,-30.0,0,0.0,600.0,1126.2,0.5262
SCA3,SCA3_06,/root/neurothermo/SCA3/cc_06.abf,8,400.0,12.0,-20.0,0,0.0,600.0,1126.2,0.5262
SCA3,SCA3_06,/root/neurothermo/SCA3/cc_06.abf,8,400.0,12.0,-10.0,0,0.0,600.0,1126.2,0.5262
SCA3,SCA3_06,/root/neurothermo/SCA3/cc_06.abf,8,400.0,15.0,-30.0,0,0.0,600.0,1126.2,0.5262
SCA3,SCA3_06,/root/neurothermo/SCA3/cc_06.abf,8,400.0,15.0,-20.0,0,0.0,600.0,1126.2,0.5262
SCA3,SCA3_06,/root/neurothermo/SCA3/cc_06.abf,8,400.0,15.0,-10.0,0,0.0,600.0,1126.2,0.5262
SCA3,SCA3_06,/root/neurothermo/SCA3/cc_06.abf,9,450.0,8.0,-30.0,4,7.601672367920942,600.0,1126.2,0.5262
SCA3,SCA3_06,/root/neurothermo/SCA3/cc_06.abf,9,450.0,8.0,-20.0,4,7.601672367920942,600.0,1126.2,0.5262
SCA3,SCA3_06,/root/neurothermo/SCA3/cc_06.abf,9,450.0,8.0,-10.0,4,7.601672367920942,600.0,1126.2,0.5262
SCA3,SCA3_06,/root/neurothermo/SCA3/cc_06.abf,9,450.0,10.0,-30.0,4,7.601672367920942,600.0,1126.2,0.5262
SCA3,SCA3_06,/root/neurothermo/SCA3/cc_06.abf,9,450.0,10.0,-20.0,4,7.601672367920942,600.0,1126.2,0.5262
SCA3,SCA3_06,/root/neurothermo/SCA3/cc_06.abf,9,450.0,10.0,-10.0,4,7.601672367920942,600.0,1126.2,0.5262
SCA3,SCA3_06,/root/neurothermo/SCA3/cc_06.abf,9,450.0,12.0,-30.0,4,7.601672367920942,600.0,1126.2,0.5262
SCA3,SCA3_06,/root/neurothermo/SCA3/cc_06.abf,9,450.0,12.0,-20.0,4,7.601672367920942,600.0,1126.2,0.5262
SCA3,SCA3_06,/root/neurothermo/SCA3/cc_06.abf,9,450.0,12.0,-10.0,4,7.601672367920942,600.0,1126.2,0.5262
SCA3,SCA3_06,/root/neurothermo/SCA3/cc_06.abf,9,450.0,15.0,-30.0,4,7.601672367920942,600.0,1126.2,0.5262
SCA3,SCA3_06,/root/neurothermo/SCA3/cc_06.abf,9,450.0,15.0,-20.0,4,7.601672367920942,600.0,1126.2,0.5262
SCA3,SCA3_06,/root/neurothermo/SCA3/cc_06.abf,9,450.0,15.0,-10.0,4,7.601672367920942,600.0,1126.2,0.5262
SCA3,SCA3_06,/root/neurothermo/SCA3/cc_06.abf,10,500.0,8.0,-30.0,8,15.203344735841885,600.0,1126.2,0.5262
SCA3,SCA3_06,/root/neurothermo/SCA3/cc_06.abf,10,500.0,8.0,-20.0,8,15.203344735841885,600.0,1126.2,0.5262
SCA3,SCA3_06,/root/neurothermo/SCA3/cc_06.abf,10,500.0,8.0,-10.0,8,15.203344735841885,600.0,1126.2,0.5262
SCA3,SCA3_06,/root/neurothermo/SCA3/cc_06.abf,10,500.0,10.0,-30.0,8,15.203344735841885,600.0,1126.2,0.5262
SCA3,SCA3_06,/root/neurothermo/SCA3/cc_06.abf,10,500.0,10.0,-20.0,8,15.203344735841885,600.0,1126.2,0.5262
SCA3,SCA3_06,/root/neurothermo/SCA3/cc_06.abf,10,500.0,10.0,-10.0,8,15.203344735841885,600.0,1126.2,0.5262
SCA3,SCA3_06,/root/neurothermo/SCA3/cc_06.abf,10,500.0,12.0,-30.0,8,15.203344735841885,600.0,1126.2,0.5262
SCA3,SCA3_06,/root/neurothermo/SCA3/cc_06.abf,10,500.0,12.0,-20.0,8,15.203344735841885,600.0,1126.2,0.5262
SCA3,SCA3_06,/root/neurothermo/SCA3/cc_06.abf,10,500.0,12.0,-10.0,8,15.203344735841885,600.0,1126.2,0.5262
SCA3,SCA3_06,/root/neurothermo/SCA3/cc_06.abf,10,500.0,15.0,-30.0,8,15.203344735841885,600.0,1126.2,0.5262
SCA3,SCA3_06,/root/neurothermo/SCA3/cc_06.abf,10,500.0,15.0,-20.0,8,15.203344735841885,600.0,1126.2,0.5262
SCA3,SCA3_06,/root/neurothermo/SCA3/cc_06.abf,10,500.0,15.0,-10.0,8,15.203344735841885,600.0,1126.2,0.5262
SCA3,SCA3_06,/root/neurothermo/SCA3/cc_06.abf,11,550.0,8.0,-30.0,15,28.506271379703534,600.0,1126.2,0.5262
SCA3,SCA3_06,/root/neurothermo/SCA3/cc_06.abf,11,550.0,8.0,-20.0,15,28.506271379703534,600.0,1126.2,0.5262
SCA3,SCA3_06,/root/neurothermo/SCA3/cc_06.abf,11,550.0,8.0,-10.0,15,28.506271379703534,600.0,1126.2,0.5262
SCA3,SCA3_06,/root/neurothermo/SCA3/cc_06.abf,11,550.0,10.0,-30.0,15,28.506271379703534,600.0,1126.2,0.5262
SCA3,SCA3_06,/root/neurothermo/SCA3/cc_06.abf,11,550.0,10.0,-20.0,15,28.506271379703534,600.0,1126.2,0.5262
SCA3,SCA3_06,/root/neurothermo/SCA3/cc_06.abf,11,550.0,10.0,-10.0,15,28.506271379703534,600.0,1126.2,0.5262
SCA3,SCA3_06,/root/neurothermo/SCA3/cc_06.abf,11,550.0,12.0,-30.0,15,28.506271379703534,600.0,1126.2,0.5262
SCA3,SCA3_06,/root/neurothermo/SCA3/cc_06.abf,11,550.0,12.0,-20.0,15,28.506271379703534,600.0,1126.2,0.5262
SCA3,SCA3_06,/root/neurothermo/SCA3/cc_06.abf,11,550.0,12.0,-10.0,15,28.506271379703534,600.0,1126.2,0.5262
SCA3,SCA3_06,/root/neurothermo/SCA3/cc_06.abf,11,550.0,15.0,-30.0,15,28.506271379703534,600.0,1126.2,0.5262
SCA3,SCA3_06,/root/neurothermo/SCA3/cc_06.abf,11,550.0,15.0,-20.0,15,28.506271379703534,600.0,1126.2,0.5262
SCA3,SCA3_06,/root/neurothermo/SCA3/cc_06.abf,11,550.0,15.0,-10.0,15,28.506271379703534,600.0,1126.2,0.5262
SCA3,SCA3_06,/root/neurothermo/SCA3/cc_06.abf,12,600.0,8.0,-30.0,19,36.107943747624475,600.0,1126.2,0.5262
SCA3,SCA3_06,/root/neurothermo/SCA3/cc_06.abf,12,600.0,8.0,-20.0,19,36.107943747624475,600.0,1126.2,0.5262
SCA3,SCA3_06,/root/neurothermo/SCA3/cc_06.abf,12,600.0,8.0,-10.0,19,36.107943747624475,600.0,1126.2,0.5262
SCA3,SCA3_06,/root/neurothermo/SCA3/cc_06.abf,12,600.0,10.0,-30.0,19,36.107943747624475,600.0,1126.2,0.5262
SCA3,SCA3_06,/root/neurothermo/SCA3/cc_06.abf,12,600.0,10.0,-20.0,19,36.107943747624475,600.0,1126.2,0.5262
SCA3,SCA3_06,/root/neurothermo/SCA3/cc_06.abf,12,600.0,10.0,-10.0,19,36.107943747624475,600.0,1126.2,0.5262
SCA3,SCA3_06,/root/neurothermo/SCA3/cc_06.abf,12,600.0,12.0,-30.0,19,36.107943747624475,600.0,1126.2,0.5262
SCA3,SCA3_06,/root/neurothermo/SCA3/cc_06.abf,12,600.0,12.0,-20.0,19,36.107943747624475,600.0,1126.2,0.5262
SCA3,SCA3_06,/root/neurothermo/SCA3/cc_06.abf,12,600.0,12.0,-10.0,19,36.107943747624475,600.0,1126.2,0.5262
SCA3,SCA3_06,/root/neurothermo/SCA3/cc_06.abf,12,600.0,15.0,-30.0,19,36.107943747624475,600.0,1126.2,0.5262
SCA3,SCA3_06,/root/neurothermo/SCA3/cc_06.abf,12,600.0,15.0,-20.0,19,36.107943747624475,600.0,1126.2,0.5262
SCA3,SCA3_06,/root/neurothermo/SCA3/cc_06.abf,12,600.0,15.0,-10.0,19,36.107943747624475,600.0,1126.2,0.5262
SCA3,SCA3_07,/root/neurothermo/SCA3/cc_07.abf,0,0.0,8.0,-30.0,0,0.0,600.0,1126.2,0.5262
SCA3,SCA3_07,/root/neurothermo/SCA3/cc_07.abf,0,0.0,8.0,-20.0,0,0.0,600.0,1126.2,0.5262
SCA3,SCA3_07,/root/neurothermo/SCA3/cc_07.abf,0,0.0,8.0,-10.0,0,0.0,600.0,1126.2,0.5262
SCA3,SCA3_07,/root/neurothermo/SCA3/cc_07.abf,0,0.0,10.0,-30.0,0,0.0,600.0,1126.2,0.5262
SCA3,SCA3_07,/root/neurothermo/SCA3/cc_07.abf,0,0.0,10.0,-20.0,0,0.0,600.0,1126.2,0.5262
SCA3,SCA3_07,/root/neurothermo/SCA3/cc_07.abf,0,0.0,10.0,-10.0,0,0.0,600.0,1126.2,0.5262
SCA3,SCA3_07,/root/neurothermo/SCA3/cc_07.abf,0,0.0,12.0,-30.0,0,0.0,600.0,1126.2,0.5262
SCA3,SCA3_07,/root/neurothermo/SCA3/cc_07.abf,0,0.0,12.0,-20.0,0,0.0,600.0,1126.2,0.5262
SCA3,SCA3_07,/root/neurothermo/SCA3/cc_07.abf,0,0.0,12.0,-10.0,0,0.0,600.0,1126.2,0.5262
SCA3,SCA3_07,/root/neurothermo/SCA3/cc_07.abf,0,0.0,15.0,-30.0,0,0.0,600.0,1126.2,0.5262
SCA3,SCA3_07,/root/neurothermo/SCA3/cc_07.abf,0,0.0,15.0,-20.0,0,0.0,600.0,1126.2,0.5262
SCA3,SCA3_07,/root/neurothermo/SCA3/cc_07.abf,0,0.0,15.0,-10.0,0,0.0,600.0,1126.2,0.5262
SCA3,SCA3_07,/root/neurothermo/SCA3/cc_07.abf,1,50.0,8.0,-30.0,0,0.0,600.0,1126.2,0.5262
SCA3,SCA3_07,/root/neurothermo/SCA3/cc_07.abf,1,50.0,8.0,-20.0,0,0.0,600.0,1126.2,0.5262
SCA3,SCA3_07,/root/neurothermo/SCA3/cc_07.abf,1,50.0,8.0,-10.0,0,0.0,600.0,1126.2,0.5262
SCA3,SCA3_07,/root/neurothermo/SCA3/cc_07.abf,1,50.0,10.0,-30.0,0,0.0,600.0,1126.2,0.5262
SCA3,SCA3_07,/root/neurothermo/SCA3/cc_07.abf,1,50.0,10.0,-20.0,0,0.0,600.0,1126.2,0.5262
SCA3,SCA3_07,/root/neurothermo/SCA3/cc_07.abf,1,50.0,10.0,-10.0,0,0.0,600.0,1126.2,0.5262
SCA3,SCA3_07,/root/neurothermo/SCA3/cc_07.abf,1,50.0,12.0,-30.0,0,0.0,600.0,1126.2,0.5262
SCA3,SCA3_07,/root/neurothermo/SCA3/cc_07.abf,1,50.0,12.0,-20.0,0,0.0,600.0,1126.2,0.5262
SCA3,SCA3_07,/root/neurothermo/SCA3/cc_07.abf,1,50.0,12.0,-10.0,0,0.0,600.0,1126.2,0.5262
SCA3,SCA3_07,/root/neurothermo/SCA3/cc_07.abf,1,50.0,15.0,-30.0,0,0.0,600.0,1126.2,0.5262
SCA3,SCA3_07,/root/neurothermo/SCA3/cc_07.abf,1,50.0,15.0,-20.0,0,0.0,600.0,1126.2,0.5262
SCA3,SCA3_07,/root/neurothermo/SCA3/cc_07.abf,1,50.0,15.0,-10.0,0,0.0,600.0,1126.2,0.5262
SCA3,SCA3_07,/root/neurothermo/SCA3/cc_07.abf,2,100.0,8.0,-30.0,0,0.0,600.0,1126.2,0.5262
SCA3,SCA3_07,/root/neurothermo/SCA3/cc_07.abf,2,100.0,8.0,-20.0,0,0.0,600.0,1126.2,0.5262
SCA3,SCA3_07,/root/neurothermo/SCA3/cc_07.abf,2,100.0,8.0,-10.0,0,0.0,600.0,1126.2,0.5262
SCA3,SCA3_07,/root/neurothermo/SCA3/cc_07.abf,2,100.0,10.0,-30.0,0,0.0,600.0,1126.2,0.5262
SCA3,SCA3_07,/root/neurothermo/SCA3/cc_07.abf,2,100.0,10.0,-20.0,0,0.0,600.0,1126.2,0.5262
SCA3,SCA3_07,/root/neurothermo/SCA3/cc_07.abf,2,100.0,10.0,-10.0,0,0.0,600.0,1126.2,0.5262
SCA3,SCA3_07,/root/neurothermo/SCA3/cc_07.abf,2,100.0,12.0,-30.0,0,0.0,600.0,1126.2,0.5262
SCA3,SCA3_07,/root/neurothermo/SCA3/cc_07.abf,2,100.0,12.0,-20.0,0,0.0,600.0,1126.2,0.5262
SCA3,SCA3_07,/root/neurothermo/SCA3/cc_07.abf,2,100.0,12.0,-10.0,0,0.0,600.0,1126.2,0.5262
SCA3,SCA3_07,/root/neurothermo/SCA3/cc_07.abf,2,100.0,15.0,-30.0,0,0.0,600.0,1126.2,0.5262
SCA3,SCA3_07,/root/neurothermo/SCA3/cc_07.abf,2,100.0,15.0,-20.0,0,0.0,600.0,1126.2,0.5262
SCA3,SCA3_07,/root/neurothermo/SCA3/cc_07.abf,2,100.0,15.0,-10.0,0,0.0,600.0,1126.2,0.5262
SCA3,SCA3_07,/root/neurothermo/SCA3/cc_07.abf,3,150.0,8.0,-30.0,0,0.0,600.0,1126.2,0.5262
SCA3,SCA3_07,/root/neurothermo/SCA3/cc_07.abf,3,150.0,8.0,-20.0,0,0.0,600.0,1126.2,0.5262
SCA3,SCA3_07,/root/neurothermo/SCA3/cc_07.abf,3,150.0,8.0,-10.0,0,0.0,600.0,1126.2,0.5262
SCA3,SCA3_07,/root/neurothermo/SCA3/cc_07.abf,3,150.0,10.0,-30.0,0,0.0,600.0,1126.2,0.5262
SCA3,SCA3_07,/root/neurothermo/SCA3/cc_07.abf,3,150.0,10.0,-20.0,0,0.0,600.0,1126.2,0.5262
SCA3,SCA3_07,/root/neurothermo/SCA3/cc_07.abf,3,150.0,10.0,-10.0,0,0.0,600.0,1126.2,0.5262
SCA3,SCA3_07,/root/neurothermo/SCA3/cc_07.abf,3,150.0,12.0,-30.0,0,0.0,600.0,1126.2,0.5262
SCA3,SCA3_07,/root/neurothermo/SCA3/cc_07.abf,3,150.0,12.0,-20.0,0,0.0,600.0,1126.2,0.5262
SCA3,SCA3_07,/root/neurothermo/SCA3/cc_07.abf,3,150.0,12.0,-10.0,0,0.0,600.0,1126.2,0.5262
SCA3,SCA3_07,/root/neurothermo/SCA3/cc_07.abf,3,150.0,15.0,-30.0,0,0.0,600.0,1126.2,0.5262
SCA3,SCA3_07,/root/neurothermo/SCA3/cc_07.abf,3,150.0,15.0,-20.0,0,0.0,600.0,1126.2,0.5262
SCA3,SCA3_07,/root/neurothermo/SCA3/cc_07.abf,3,150.0,15.0,-10.0,0,0.0,600.0,1126.2,0.5262
SCA3,SCA3_07,/root/neurothermo/SCA3/cc_07.abf,4,200.0,8.0,-30.0,0,0.0,600.0,1126.2,0.5262
SCA3,SCA3_07,/root/neurothermo/SCA3/cc_07.abf,4,200.0,8.0,-20.0,0,0.0,600.0,1126.2,0.5262
SCA3,SCA3_07,/root/neurothermo/SCA3/cc_07.abf,4,200.0,8.0,-10.0,0,0.0,600.0,1126.2,0.5262
SCA3,SCA3_07,/root/neurothermo/SCA3/cc_07.abf,4,200.0,10.0,-30.0,0,0.0,600.0,1126.2,0.5262
SCA3,SCA3_07,/root/neurothermo/SCA3/cc_07.abf,4,200.0,10.0,-20.0,0,0.0,600.0,1126.2,0.5262
SCA3,SCA3_07,/root/neurothermo/SCA3/cc_07.abf,4,200.0,10.0,-10.0,0,0.0,600.0,1126.2,0.5262
SCA3,SCA3_07,/root/neurothermo/SCA3/cc_07.abf,4,200.0,12.0,-30.0,0,0.0,600.0,1126.2,0.5262
SCA3,SCA3_07,/root/neurothermo/SCA3/cc_07.abf,4,200.0,12.0,-20.0,0,0.0,600.0,1126.2,0.5262
SCA3,SCA3_07,/root/neurothermo/SCA3/cc_07.abf,4,200.0,12.0,-10.0,0,0.0,600.0,1126.2,0.5262
SCA3,SCA3_07,/root/neurothermo/SCA3/cc_07.abf,4,200.0,15.0,-30.0,0,0.0,600.0,1126.2,0.5262
SCA3,SCA3_07,/root/neurothermo/SCA3/cc_07.abf,4,200.0,15.0,-20.0,0,0.0,600.0,1126.2,0.5262
SCA3,SCA3_07,/root/neurothermo/SCA3/cc_07.abf,4,200.0,15.0,-10.0,0,0.0,600.0,1126.2,0.5262
SCA3,SCA3_07,/root/neurothermo/SCA3/cc_07.abf,5,250.0,8.0,-30.0,0,0.0,600.0,1126.2,0.5262
SCA3,SCA3_07,/root/neurothermo/SCA3/cc_07.abf,5,250.0,8.0,-20.0,0,0.0,600.0,1126.2,0.5262
SCA3,SCA3_07,/root/neurothermo/SCA3/cc_07.abf,5,250.0,8.0,-10.0,0,0.0,600.0,1126.2,0.5262
SCA3,SCA3_07,/root/neurothermo/SCA3/cc_07.abf,5,250.0,10.0,-30.0,0,0.0,600.0,1126.2,0.5262
SCA3,SCA3_07,/root/neurothermo/SCA3/cc_07.abf,5,250.0,10.0,-20.0,0,0.0,600.0,1126.2,0.5262
SCA3,SCA3_07,/root/neurothermo/SCA3/cc_07.abf,5,250.0,10.0,-10.0,0,0.0,600.0,1126.2,0.5262
SCA3,SCA3_07,/root/neurothermo/SCA3/cc_07.abf,5,250.0,12.0,-30.0,0,0.0,600.0,1126.2,0.5262
SCA3,SCA3_07,/root/neurothermo/SCA3/cc_07.abf,5,250.0,12.0,-20.0,0,0.0,600.0,1126.2,0.5262
SCA3,SCA3_07,/root/neurothermo/SCA3/cc_07.abf,5,250.0,12.0,-10.0,0,0.0,600.0,1126.2,0.5262
SCA3,SCA3_07,/root/neurothermo/SCA3/cc_07.abf,5,250.0,15.0,-30.0,0,0.0,600.0,1126.2,0.5262
SCA3,SCA3_07,/root/neurothermo/SCA3/cc_07.abf,5,250.0,15.0,-20.0,0,0.0,600.0,1126.2,0.5262
SCA3,SCA3_07,/root/neurothermo/SCA3/cc_07.abf,5,250.0,15.0,-10.0,0,0.0,600.0,1126.2,0.5262
SCA3,SCA3_07,/root/neurothermo/SCA3/cc_07.abf,6,300.0,8.0,-30.0,0,0.0,600.0,1126.2,0.5262
SCA3,SCA3_07,/root/neurothermo/SCA3/cc_07.abf,6,300.0,8.0,-20.0,0,0.0,600.0,1126.2,0.5262
SCA3,SCA3_07,/root/neurothermo/SCA3/cc_07.abf,6,300.0,8.0,-10.0,0,0.0,600.0,1126.2,0.5262
SCA3,SCA3_07,/root/neurothermo/SCA3/cc_07.abf,6,300.0,10.0,-30.0,0,0.0,600.0,1126.2,0.5262
SCA3,SCA3_07,/root/neurothermo/SCA3/cc_07.abf,6,300.0,10.0,-20.0,0,0.0,600.0,1126.2,0.5262
SCA3,SCA3_07,/root/neurothermo/SCA3/cc_07.abf,6,300.0,10.0,-10.0,0,0.0,600.0,1126.2,0.5262
SCA3,SCA3_07,/root/neurothermo/SCA3/cc_07.abf,6,300.0,12.0,-30.0,0,0.0,600.0,1126.2,0.5262
SCA3,SCA3_07,/root/neurothermo/SCA3/cc_07.abf,6,300.0,12.0,-20.0,0,0.0,600.0,1126.2,0.5262
SCA3,SCA3_07,/root/neurothermo/SCA3/cc_07.abf,6,300.0,12.0,-10.0,0,0.0,600.0,1126.2,0.5262
SCA3,SCA3_07,/root/neurothermo/SCA3/cc_07.abf,6,300.0,15.0,-30.0,0,0.0,600.0,1126.2,0.5262
SCA3,SCA3_07,/root/neurothermo/SCA3/cc_07.abf,6,300.0,15.0,-20.0,0,0.0,600.0,1126.2,0.5262
SCA3,SCA3_07,/root/neurothermo/SCA3/cc_07.abf,6,300.0,15.0,-10.0,0,0.0,600.0,1126.2,0.5262
SCA3,SCA3_07,/root/neurothermo/SCA3/cc_07.abf,7,350.0,8.0,-30.0,0,0.0,600.0,1126.2,0.5262
SCA3,SCA3_07,/root/neurothermo/SCA3/cc_07.abf,7,350.0,8.0,-20.0,0,0.0,600.0,1126.2,0.5262
SCA3,SCA3_07,/root/neurothermo/SCA3/cc_07.abf,7,350.0,8.0,-10.0,0,0.0,600.0,1126.2,0.5262
SCA3,SCA3_07,/root/neurothermo/SCA3/cc_07.abf,7,350.0,10.0,-30.0,0,0.0,600.0,1126.2,0.5262
SCA3,SCA3_07,/root/neurothermo/SCA3/cc_07.abf,7,350.0,10.0,-20.0,0,0.0,600.0,1126.2,0.5262
SCA3,SCA3_07,/root/neurothermo/SCA3/cc_07.abf,7,350.0,10.0,-10.0,0,0.0,600.0,1126.2,0.5262
SCA3,SCA3_07,/root/neurothermo/SCA3/cc_07.abf,7,350.0,12.0,-30.0,0,0.0,600.0,1126.2,0.5262
SCA3,SCA3_07,/root/neurothermo/SCA3/cc_07.abf,7,350.0,12.0,-20.0,0,0.0,600.0,1126.2,0.5262
SCA3,SCA3_07,/root/neurothermo/SCA3/cc_07.abf,7,350.0,12.0,-10.0,0,0.0,600.0,1126.2,0.5262
SCA3,SCA3_07,/root/neurothermo/SCA3/cc_07.abf,7,350.0,15.0,-30.0,0,0.0,600.0,1126.2,0.5262
SCA3,SCA3_07,/root/neurothermo/SCA3/cc_07.abf,7,350.0,15.0,-20.0,0,0.0,600.0,1126.2,0.5262
SCA3,SCA3_07,/root/neurothermo/SCA3/cc_07.abf,7,350.0,15.0,-10.0,0,0.0,600.0,1126.2,0.5262
SCA3,SCA3_07,/root/neurothermo/SCA3/cc_07.abf,8,400.0,8.0,-30.0,0,0.0,600.0,1126.2,0.5262
SCA3,SCA3_07,/root/neurothermo/SCA3/cc_07.abf,8,400.0,8.0,-20.0,0,0.0,600.0,1126.2,0.5262
SCA3,SCA3_07,/root/neurothermo/SCA3/cc_07.abf,8,400.0,8.0,-10.0,0,0.0,600.0,1126.2,0.5262
SCA3,SCA3_07,/root/neurothermo/SCA3/cc_07.abf,8,400.0,10.0,-30.0,0,0.0,600.0,1126.2,0.5262
SCA3,SCA3_07,/root/neurothermo/SCA3/cc_07.abf,8,400.0,10.0,-20.0,0,0.0,600.0,1126.2,0.5262
SCA3,SCA3_07,/root/neurothermo/SCA3/cc_07.abf,8,400.0,10.0,-10.0,0,0.0,600.0,1126.2,0.5262
SCA3,SCA3_07,/root/neurothermo/SCA3/cc_07.abf,8,400.0,12.0,-30.0,0,0.0,600.0,1126.2,0.5262
SCA3,SCA3_07,/root/neurothermo/SCA3/cc_07.abf,8,400.0,12.0,-20.0,0,0.0,600.0,1126.2,0.5262
SCA3,SCA3_07,/root/neurothermo/SCA3/cc_07.abf,8,400.0,12.0,-10.0,0,0.0,600.0,1126.2,0.5262
SCA3,SCA3_07,/root/neurothermo/SCA3/cc_07.abf,8,400.0,15.0,-30.0,0,0.0,600.0,1126.2,0.5262
SCA3,SCA3_07,/root/neurothermo/SCA3/cc_07.abf,8,400.0,15.0,-20.0,0,0.0,600.0,1126.2,0.5262
SCA3,SCA3_07,/root/neurothermo/SCA3/cc_07.abf,8,400.0,15.0,-10.0,0,0.0,600.0,1126.2,0.5262
SCA3,SCA3_07,/root/neurothermo/SCA3/cc_07.abf,9,450.0,8.0,-30.0,0,0.0,600.0,1126.2,0.5262
SCA3,SCA3_07,/root/neurothermo/SCA3/cc_07.abf,9,450.0,8.0,-20.0,0,0.0,600.0,1126.2,0.5262
SCA3,SCA3_07,/root/neurothermo/SCA3/cc_07.abf,9,450.0,8.0,-10.0,0,0.0,600.0,1126.2,0.5262
SCA3,SCA3_07,/root/neurothermo/SCA3/cc_07.abf,9,450.0,10.0,-30.0,0,0.0,600.0,1126.2,0.5262
SCA3,SCA3_07,/root/neurothermo/SCA3/cc_07.abf,9,450.0,10.0,-20.0,0,0.0,600.0,1126.2,0.5262
SCA3,SCA3_07,/root/neurothermo/SCA3/cc_07.abf,9,450.0,10.0,-10.0,0,0.0,600.0,1126.2,0.5262
SCA3,SCA3_07,/root/neurothermo/SCA3/cc_07.abf,9,450.0,12.0,-30.0,0,0.0,600.0,1126.2,0.5262
SCA3,SCA3_07,/root/neurothermo/SCA3/cc_07.abf,9,450.0,12.0,-20.0,0,0.0,600.0,1126.2,0.5262
SCA3,SCA3_07,/root/neurothermo/SCA3/cc_07.abf,9,450.0,12.0,-10.0,0,0.0,600.0,1126.2,0.5262
SCA3,SCA3_07,/root/neurothermo/SCA3/cc_07.abf,9,450.0,15.0,-30.0,0,0.0,600.0,1126.2,0.5262
SCA3,SCA3_07,/root/neurothermo/SCA3/cc_07.abf,9,450.0,15.0,-20.0,0,0.0,600.0,1126.2,0.5262
SCA3,SCA3_07,/root/neurothermo/SCA3/cc_07.abf,9,450.0,15.0,-10.0,0,0.0,600.0,1126.2,0.5262
SCA3,SCA3_07,/root/neurothermo/SCA3/cc_07.abf,10,500.0,8.0,-30.0,0,0.0,600.0,1126.2,0.5262
SCA3,SCA3_07,/root/neurothermo/SCA3/cc_07.abf,10,500.0,8.0,-20.0,0,0.0,600.0,1126.2,0.5262
SCA3,SCA3_07,/root/neurothermo/SCA3/cc_07.abf,10,500.0,8.0,-10.0,0,0.0,600.0,1126.2,0.5262
SCA3,SCA3_07,/root/neurothermo/SCA3/cc_07.abf,10,500.0,10.0,-30.0,0,0.0,600.0,1126.2,0.5262
SCA3,SCA3_07,/root/neurothermo/SCA3/cc_07.abf,10,500.0,10.0,-20.0,0,0.0,600.0,1126.2,0.5262
SCA3,SCA3_07,/root/neurothermo/SCA3/cc_07.abf,10,500.0,10.0,-10.0,0,0.0,600.0,1126.2,0.5262
SCA3,SCA3_07,/root/neurothermo/SCA3/cc_07.abf,10,500.0,12.0,-30.0,0,0.0,600.0,1126.2,0.5262
SCA3,SCA3_07,/root/neurothermo/SCA3/cc_07.abf,10,500.0,12.0,-20.0,0,0.0,600.0,1126.2,0.5262
SCA3,SCA3_07,/root/neurothermo/SCA3/cc_07.abf,10,500.0,12.0,-10.0,0,0.0,600.0,1126.2,0.5262
SCA3,SCA3_07,/root/neurothermo/SCA3/cc_07.abf,10,500.0,15.0,-30.0,0,0.0,600.0,1126.2,0.5262
SCA3,SCA3_07,/root/neurothermo/SCA3/cc_07.abf,10,500.0,15.0,-20.0,0,0.0,600.0,1126.2,0.5262
SCA3,SCA3_07,/root/neurothermo/SCA3/cc_07.abf,10,500.0,15.0,-10.0,0,0.0,600.0,1126.2,0.5262
SCA3,SCA3_07,/root/neurothermo/SCA3/cc_07.abf,11,550.0,8.0,-30.0,0,0.0,600.0,1126.2,0.5262
SCA3,SCA3_07,/root/neurothermo/SCA3/cc_07.abf,11,550.0,8.0,-20.0,0,0.0,600.0,1126.2,0.5262
SCA3,SCA3_07,/root/neurothermo/SCA3/cc_07.abf,11,550.0,8.0,-10.0,0,0.0,600.0,1126.2,0.5262
SCA3,SCA3_07,/root/neurothermo/SCA3/cc_07.abf,11,550.0,10.0,-30.0,0,0.0,600.0,1126.2,0.5262
SCA3,SCA3_07,/root/neurothermo/SCA3/cc_07.abf,11,550.0,10.0,-20.0,0,0.0,600.0,1126.2,0.5262
SCA3,SCA3_07,/root/neurothermo/SCA3/cc_07.abf,11,550.0,10.0,-10.0,0,0.0,600.0,1126.2,0.5262
SCA3,SCA3_07,/root/neurothermo/SCA3/cc_07.abf,11,550.0,12.0,-30.0,0,0.0,600.0,1126.2,0.5262
SCA3,SCA3_07,/root/neurothermo/SCA3/cc_07.abf,11,550.0,12.0,-20.0,0,0.0,600.0,1126.2,0.5262
SCA3,SCA3_07,/root/neurothermo/SCA3/cc_07.abf,11,550.0,12.0,-10.0,0,0.0,600.0,1126.2,0.5262
SCA3,SCA3_07,/root/neurothermo/SCA3/cc_07.abf,11,550.0,15.0,-30.0,0,0.0,600.0,1126.2,0.5262
SCA3,SCA3_07,/root/neurothermo/SCA3/cc_07.abf,11,550.0,15.0,-20.0,0,0.0,600.0,1126.2,0.5262
SCA3,SCA3_07,/root/neurothermo/SCA3/cc_07.abf,11,550.0,15.0,-10.0,0,0.0,600.0,1126.2,0.5262
SCA3,SCA3_07,/root/neurothermo/SCA3/cc_07.abf,12,600.0,8.0,-30.0,8,15.203344735841885,600.0,1126.2,0.5262
SCA3,SCA3_07,/root/neurothermo/SCA3/cc_07.abf,12,600.0,8.0,-20.0,8,15.203344735841885,600.0,1126.2,0.5262
SCA3,SCA3_07,/root/neurothermo/SCA3/cc_07.abf,12,600.0,8.0,-10.0,8,15.203344735841885,600.0,1126.2,0.5262
SCA3,SCA3_07,/root/neurothermo/SCA3/cc_07.abf,12,600.0,10.0,-30.0,8,15.203344735841885,600.0,1126.2,0.5262
SCA3,SCA3_07,/root/neurothermo/SCA3/cc_07.abf,12,600.0,10.0,-20.0,8,15.203344735841885,600.0,1126.2,0.5262
SCA3,SCA3_07,/root/neurothermo/SCA3/cc_07.abf,12,600.0,10.0,-10.0,8,15.203344735841885,600.0,1126.2,0.5262
SCA3,SCA3_07,/root/neurothermo/SCA3/cc_07.abf,12,600.0,12.0,-30.0,8,15.203344735841885,600.0,1126.2,0.5262
SCA3,SCA3_07,/root/neurothermo/SCA3/cc_07.abf,12,600.0,12.0,-20.0,8,15.203344735841885,600.0,1126.2,0.5262
SCA3,SCA3_07,/root/neurothermo/SCA3/cc_07.abf,12,600.0,12.0,-10.0,8,15.203344735841885,600.0,1126.2,0.5262
SCA3,SCA3_07,/root/neurothermo/SCA3/cc_07.abf,12,600.0,15.0,-30.0,8,15.203344735841885,600.0,1126.2,0.5262
SCA3,SCA3_07,/root/neurothermo/SCA3/cc_07.abf,12,600.0,15.0,-20.0,8,15.203344735841885,600.0,1126.2,0.5262
SCA3,SCA3_07,/root/neurothermo/SCA3/cc_07.abf,12,600.0,15.0,-10.0,8,15.203344735841885,600.0,1126.2,0.5262
SCA3,SCA3_08,/root/neurothermo/SCA3/cc_08.abf,0,0.0,8.0,-30.0,0,0.0,600.0,1126.2,0.5262
SCA3,SCA3_08,/root/neurothermo/SCA3/cc_08.abf,0,0.0,8.0,-20.0,0,0.0,600.0,1126.2,0.5262
SCA3,SCA3_08,/root/neurothermo/SCA3/cc_08.abf,0,0.0,8.0,-10.0,0,0.0,600.0,1126.2,0.5262
SCA3,SCA3_08,/root/neurothermo/SCA3/cc_08.abf,0,0.0,10.0,-30.0,0,0.0,600.0,1126.2,0.5262
SCA3,SCA3_08,/root/neurothermo/SCA3/cc_08.abf,0,0.0,10.0,-20.0,0,0.0,600.0,1126.2,0.5262
SCA3,SCA3_08,/root/neurothermo/SCA3/cc_08.abf,0,0.0,10.0,-10.0,0,0.0,600.0,1126.2,0.5262
SCA3,SCA3_08,/root/neurothermo/SCA3/cc_08.abf,0,0.0,12.0,-30.0,0,0.0,600.0,1126.2,0.5262
SCA3,SCA3_08,/root/neurothermo/SCA3/cc_08.abf,0,0.0,12.0,-20.0,0,0.0,600.0,1126.2,0.5262
SCA3,SCA3_08,/root/neurothermo/SCA3/cc_08.abf,0,0.0,12.0,-10.0,0,0.0,600.0,1126.2,0.5262
SCA3,SCA3_08,/root/neurothermo/SCA3/cc_08.abf,0,0.0,15.0,-30.0,0,0.0,600.0,1126.2,0.5262
SCA3,SCA3_08,/root/neurothermo/SCA3/cc_08.abf,0,0.0,15.0,-20.0,0,0.0,600.0,1126.2,0.5262
SCA3,SCA3_08,/root/neurothermo/SCA3/cc_08.abf,0,0.0,15.0,-10.0,0,0.0,600.0,1126.2,0.5262
SCA3,SCA3_08,/root/neurothermo/SCA3/cc_08.abf,1,50.0,8.0,-30.0,0,0.0,600.0,1126.2,0.5262
SCA3,SCA3_08,/root/neurothermo/SCA3/cc_08.abf,1,50.0,8.0,-20.0,0,0.0,600.0,1126.2,0.5262
SCA3,SCA3_08,/root/neurothermo/SCA3/cc_08.abf,1,50.0,8.0,-10.0,0,0.0,600.0,1126.2,0.5262
SCA3,SCA3_08,/root/neurothermo/SCA3/cc_08.abf,1,50.0,10.0,-30.0,0,0.0,600.0,1126.2,0.5262
SCA3,SCA3_08,/root/neurothermo/SCA3/cc_08.abf,1,50.0,10.0,-20.0,0,0.0,600.0,1126.2,0.5262
SCA3,SCA3_08,/root/neurothermo/SCA3/cc_08.abf,1,50.0,10.0,-10.0,0,0.0,600.0,1126.2,0.5262
SCA3,SCA3_08,/root/neurothermo/SCA3/cc_08.abf,1,50.0,12.0,-30.0,0,0.0,600.0,1126.2,0.5262
SCA3,SCA3_08,/root/neurothermo/SCA3/cc_08.abf,1,50.0,12.0,-20.0,0,0.0,600.0,1126.2,0.5262
SCA3,SCA3_08,/root/neurothermo/SCA3/cc_08.abf,1,50.0,12.0,-10.0,0,0.0,600.0,1126.2,0.5262
SCA3,SCA3_08,/root/neurothermo/SCA3/cc_08.abf,1,50.0,15.0,-30.0,0,0.0,600.0,1126.2,0.5262
SCA3,SCA3_08,/root/neurothermo/SCA3/cc_08.abf,1,50.0,15.0,-20.0,0,0.0,600.0,1126.2,0.5262
SCA3,SCA3_08,/root/neurothermo/SCA3/cc_08.abf,1,50.0,15.0,-10.0,0,0.0,600.0,1126.2,0.5262
SCA3,SCA3_08,/root/neurothermo/SCA3/cc_08.abf,2,100.0,8.0,-30.0,0,0.0,600.0,1126.2,0.5262
SCA3,SCA3_08,/root/neurothermo/SCA3/cc_08.abf,2,100.0,8.0,-20.0,0,0.0,600.0,1126.2,0.5262
SCA3,SCA3_08,/root/neurothermo/SCA3/cc_08.abf,2,100.0,8.0,-10.0,0,0.0,600.0,1126.2,0.5262
SCA3,SCA3_08,/root/neurothermo/SCA3/cc_08.abf,2,100.0,10.0,-30.0,0,0.0,600.0,1126.2,0.5262
SCA3,SCA3_08,/root/neurothermo/SCA3/cc_08.abf,2,100.0,10.0,-20.0,0,0.0,600.0,1126.2,0.5262
SCA3,SCA3_08,/root/neurothermo/SCA3/cc_08.abf,2,100.0,10.0,-10.0,0,0.0,600.0,1126.2,0.5262
SCA3,SCA3_08,/root/neurothermo/SCA3/cc_08.abf,2,100.0,12.0,-30.0,0,0.0,600.0,1126.2,0.5262
SCA3,SCA3_08,/root/neurothermo/SCA3/cc_08.abf,2,100.0,12.0,-20.0,0,0.0,600.0,1126.2,0.5262
SCA3,SCA3_08,/root/neurothermo/SCA3/cc_08.abf,2,100.0,12.0,-10.0,0,0.0,600.0,1126.2,0.5262
SCA3,SCA3_08,/root/neurothermo/SCA3/cc_08.abf,2,100.0,15.0,-30.0,0,0.0,600.0,1126.2,0.5262
SCA3,SCA3_08,/root/neurothermo/SCA3/cc_08.abf,2,100.0,15.0,-20.0,0,0.0,600.0,1126.2,0.5262
SCA3,SCA3_08,/root/neurothermo/SCA3/cc_08.abf,2,100.0,15.0,-10.0,0,0.0,600.0,1126.2,0.5262
SCA3,SCA3_08,/root/neurothermo/SCA3/cc_08.abf,3,150.0,8.0,-30.0,0,0.0,600.0,1126.2,0.5262
SCA3,SCA3_08,/root/neurothermo/SCA3/cc_08.abf,3,150.0,8.0,-20.0,0,0.0,600.0,1126.2,0.5262
SCA3,SCA3_08,/root/neurothermo/SCA3/cc_08.abf,3,150.0,8.0,-10.0,0,0.0,600.0,1126.2,0.5262
SCA3,SCA3_08,/root/neurothermo/SCA3/cc_08.abf,3,150.0,10.0,-30.0,0,0.0,600.0,1126.2,0.5262
SCA3,SCA3_08,/root/neurothermo/SCA3/cc_08.abf,3,150.0,10.0,-20.0,0,0.0,600.0,1126.2,0.5262
SCA3,SCA3_08,/root/neurothermo/SCA3/cc_08.abf,3,150.0,10.0,-10.0,0,0.0,600.0,1126.2,0.5262
SCA3,SCA3_08,/root/neurothermo/SCA3/cc_08.abf,3,150.0,12.0,-30.0,0,0.0,600.0,1126.2,0.5262
SCA3,SCA3_08,/root/neurothermo/SCA3/cc_08.abf,3,150.0,12.0,-20.0,0,0.0,600.0,1126.2,0.5262
SCA3,SCA3_08,/root/neurothermo/SCA3/cc_08.abf,3,150.0,12.0,-10.0,0,0.0,600.0,1126.2,0.5262
SCA3,SCA3_08,/root/neurothermo/SCA3/cc_08.abf,3,150.0,15.0,-30.0,0,0.0,600.0,1126.2,0.5262
SCA3,SCA3_08,/root/neurothermo/SCA3/cc_08.abf,3,150.0,15.0,-20.0,0,0.0,600.0,1126.2,0.5262
SCA3,SCA3_08,/root/neurothermo/SCA3/cc_08.abf,3,150.0,15.0,-10.0,0,0.0,600.0,1126.2,0.5262
SCA3,SCA3_08,/root/neurothermo/SCA3/cc_08.abf,4,200.0,8.0,-30.0,0,0.0,600.0,1126.2,0.5262
SCA3,SCA3_08,/root/neurothermo/SCA3/cc_08.abf,4,200.0,8.0,-20.0,0,0.0,600.0,1126.2,0.5262
SCA3,SCA3_08,/root/neurothermo/SCA3/cc_08.abf,4,200.0,8.0,-10.0,0,0.0,600.0,1126.2,0.5262
SCA3,SCA3_08,/root/neurothermo/SCA3/cc_08.abf,4,200.0,10.0,-30.0,0,0.0,600.0,1126.2,0.5262
SCA3,SCA3_08,/root/neurothermo/SCA3/cc_08.abf,4,200.0,10.0,-20.0,0,0.0,600.0,1126.2,0.5262
SCA3,SCA3_08,/root/neurothermo/SCA3/cc_08.abf,4,200.0,10.0,-10.0,0,0.0,600.0,1126.2,0.5262
SCA3,SCA3_08,/root/neurothermo/SCA3/cc_08.abf,4,200.0,12.0,-30.0,0,0.0,600.0,1126.2,0.5262
SCA3,SCA3_08,/root/neurothermo/SCA3/cc_08.abf,4,200.0,12.0,-20.0,0,0.0,600.0,1126.2,0.5262
SCA3,SCA3_08,/root/neurothermo/SCA3/cc_08.abf,4,200.0,12.0,-10.0,0,0.0,600.0,1126.2,0.5262
SCA3,SCA3_08,/root/neurothermo/SCA3/cc_08.abf,4,200.0,15.0,-30.0,0,0.0,600.0,1126.2,0.5262
SCA3,SCA3_08,/root/neurothermo/SCA3/cc_08.abf,4,200.0,15.0,-20.0,0,0.0,600.0,1126.2,0.5262
SCA3,SCA3_08,/root/neurothermo/SCA3/cc_08.abf,4,200.0,15.0,-10.0,0,0.0,600.0,1126.2,0.5262
SCA3,SCA3_08,/root/neurothermo/SCA3/cc_08.abf,5,250.0,8.0,-30.0,0,0.0,600.0,1126.2,0.5262
SCA3,SCA3_08,/root/neurothermo/SCA3/cc_08.abf,5,250.0,8.0,-20.0,0,0.0,600.0,1126.2,0.5262
SCA3,SCA3_08,/root/neurothermo/SCA3/cc_08.abf,5,250.0,8.0,-10.0,0,0.0,600.0,1126.2,0.5262
SCA3,SCA3_08,/root/neurothermo/SCA3/cc_08.abf,5,250.0,10.0,-30.0,0,0.0,600.0,1126.2,0.5262
SCA3,SCA3_08,/root/neurothermo/SCA3/cc_08.abf,5,250.0,10.0,-20.0,0,0.0,600.0,1126.2,0.5262
SCA3,SCA3_08,/root/neurothermo/SCA3/cc_08.abf,5,250.0,10.0,-10.0,0,0.0,600.0,1126.2,0.5262
SCA3,SCA3_08,/root/neurothermo/SCA3/cc_08.abf,5,250.0,12.0,-30.0,0,0.0,600.0,1126.2,0.5262
SCA3,SCA3_08,/root/neurothermo/SCA3/cc_08.abf,5,250.0,12.0,-20.0,0,0.0,600.0,1126.2,0.5262
SCA3,SCA3_08,/root/neurothermo/SCA3/cc_08.abf,5,250.0,12.0,-10.0,0,0.0,600.0,1126.2,0.5262
SCA3,SCA3_08,/root/neurothermo/SCA3/cc_08.abf,5,250.0,15.0,-30.0,0,0.0,600.0,1126.2,0.5262
SCA3,SCA3_08,/root/neurothermo/SCA3/cc_08.abf,5,250.0,15.0,-20.0,0,0.0,600.0,1126.2,0.5262
SCA3,SCA3_08,/root/neurothermo/SCA3/cc_08.abf,5,250.0,15.0,-10.0,0,0.0,600.0,1126.2,0.5262
SCA3,SCA3_08,/root/neurothermo/SCA3/cc_08.abf,6,300.0,8.0,-30.0,0,0.0,600.0,1126.2,0.5262
SCA3,SCA3_08,/root/neurothermo/SCA3/cc_08.abf,6,300.0,8.0,-20.0,0,0.0,600.0,1126.2,0.5262
SCA3,SCA3_08,/root/neurothermo/SCA3/cc_08.abf,6,300.0,8.0,-10.0,0,0.0,600.0,1126.2,0.5262
SCA3,SCA3_08,/root/neurothermo/SCA3/cc_08.abf,6,300.0,10.0,-30.0,0,0.0,600.0,1126.2,0.5262
SCA3,SCA3_08,/root/neurothermo/SCA3/cc_08.abf,6,300.0,10.0,-20.0,0,0.0,600.0,1126.2,0.5262
SCA3,SCA3_08,/root/neurothermo/SCA3/cc_08.abf,6,300.0,10.0,-10.0,0,0.0,600.0,1126.2,0.5262
SCA3,SCA3_08,/root/neurothermo/SCA3/cc_08.abf,6,300.0,12.0,-30.0,0,0.0,600.0,1126.2,0.5262
SCA3,SCA3_08,/root/neurothermo/SCA3/cc_08.abf,6,300.0,12.0,-20.0,0,0.0,600.0,1126.2,0.5262
SCA3,SCA3_08,/root/neurothermo/SCA3/cc_08.abf,6,300.0,12.0,-10.0,0,0.0,600.0,1126.2,0.5262
SCA3,SCA3_08,/root/neurothermo/SCA3/cc_08.abf,6,300.0,15.0,-30.0,0,0.0,600.0,1126.2,0.5262
SCA3,SCA3_08,/root/neurothermo/SCA3/cc_08.abf,6,300.0,15.0,-20.0,0,0.0,600.0,1126.2,0.5262
SCA3,SCA3_08,/root/neurothermo/SCA3/cc_08.abf,6,300.0,15.0,-10.0,0,0.0,600.0,1126.2,0.5262
SCA3,SCA3_08,/root/neurothermo/SCA3/cc_08.abf,7,350.0,8.0,-30.0,0,0.0,600.0,1126.2,0.5262
SCA3,SCA3_08,/root/neurothermo/SCA3/cc_08.abf,7,350.0,8.0,-20.0,0,0.0,600.0,1126.2,0.5262
SCA3,SCA3_08,/root/neurothermo/SCA3/cc_08.abf,7,350.0,8.0,-10.0,0,0.0,600.0,1126.2,0.5262
SCA3,SCA3_08,/root/neurothermo/SCA3/cc_08.abf,7,350.0,10.0,-30.0,0,0.0,600.0,1126.2,0.5262
SCA3,SCA3_08,/root/neurothermo/SCA3/cc_08.abf,7,350.0,10.0,-20.0,0,0.0,600.0,1126.2,0.5262
SCA3,SCA3_08,/root/neurothermo/SCA3/cc_08.abf,7,350.0,10.0,-10.0,0,0.0,600.0,1126.2,0.5262
SCA3,SCA3_08,/root/neurothermo/SCA3/cc_08.abf,7,350.0,12.0,-30.0,0,0.0,600.0,1126.2,0.5262
SCA3,SCA3_08,/root/neurothermo/SCA3/cc_08.abf,7,350.0,12.0,-20.0,0,0.0,600.0,1126.2,0.5262
SCA3,SCA3_08,/root/neurothermo/SCA3/cc_08.abf,7,350.0,12.0,-10.0,0,0.0,600.0,1126.2,0.5262
SCA3,SCA3_08,/root/neurothermo/SCA3/cc_08.abf,7,350.0,15.0,-30.0,0,0.0,600.0,1126.2,0.5262
SCA3,SCA3_08,/root/neurothermo/SCA3/cc_08.abf,7,350.0,15.0,-20.0,0,0.0,600.0,1126.2,0.5262
SCA3,SCA3_08,/root/neurothermo/SCA3/cc_08.abf,7,350.0,15.0,-10.0,0,0.0,600.0,1126.2,0.5262
SCA3,SCA3_08,/root/neurothermo/SCA3/cc_08.abf,8,400.0,8.0,-30.0,5,9.502090459901178,600.0,1126.2,0.5262
SCA3,SCA3_08,/root/neurothermo/SCA3/cc_08.abf,8,400.0,8.0,-20.0,5,9.502090459901178,600.0,1126.2,0.5262
SCA3,SCA3_08,/root/neurothermo/SCA3/cc_08.abf,8,400.0,8.0,-10.0,5,9.502090459901178,600.0,1126.2,0.5262
SCA3,SCA3_08,/root/neurothermo/SCA3/cc_08.abf,8,400.0,10.0,-30.0,5,9.502090459901178,600.0,1126.2,0.5262
SCA3,SCA3_08,/root/neurothermo/SCA3/cc_08.abf,8,400.0,10.0,-20.0,5,9.502090459901178,600.0,1126.2,0.5262
SCA3,SCA3_08,/root/neurothermo/SCA3/cc_08.abf,8,400.0,10.0,-10.0,5,9.502090459901178,600.0,1126.2,0.5262
SCA3,SCA3_08,/root/neurothermo/SCA3/cc_08.abf,8,400.0,12.0,-30.0,5,9.502090459901178,600.0,1126.2,0.5262
SCA3,SCA3_08,/root/neurothermo/SCA3/cc_08.abf,8,400.0,12.0,-20.0,5,9.502090459901178,600.0,1126.2,0.5262
SCA3,SCA3_08,/root/neurothermo/SCA3/cc_08.abf,8,400.0,12.0,-10.0,5,9.502090459901178,600.0,1126.2,0.5262
SCA3,SCA3_08,/root/neurothermo/SCA3/cc_08.abf,8,400.0,15.0,-30.0,5,9.502090459901178,600.0,1126.2,0.5262
SCA3,SCA3_08,/root/neurothermo/SCA3/cc_08.abf,8,400.0,15.0,-20.0,5,9.502090459901178,600.0,1126.2,0.5262
SCA3,SCA3_08,/root/neurothermo/SCA3/cc_08.abf,8,400.0,15.0,-10.0,5,9.502090459901178,600.0,1126.2,0.5262
SCA3,SCA3_08,/root/neurothermo/SCA3/cc_08.abf,9,450.0,8.0,-30.0,7,13.30292664386165,600.0,1126.2,0.5262
SCA3,SCA3_08,/root/neurothermo/SCA3/cc_08.abf,9,450.0,8.0,-20.0,7,13.30292664386165,600.0,1126.2,0.5262
SCA3,SCA3_08,/root/neurothermo/SCA3/cc_08.abf,9,450.0,8.0,-10.0,7,13.30292664386165,600.0,1126.2,0.5262
SCA3,SCA3_08,/root/neurothermo/SCA3/cc_08.abf,9,450.0,10.0,-30.0,7,13.30292664386165,600.0,1126.2,0.5262
SCA3,SCA3_08,/root/neurothermo/SCA3/cc_08.abf,9,450.0,10.0,-20.0,7,13.30292664386165,600.0,1126.2,0.5262
SCA3,SCA3_08,/root/neurothermo/SCA3/cc_08.abf,9,450.0,10.0,-10.0,7,13.30292664386165,600.0,1126.2,0.5262
SCA3,SCA3_08,/root/neurothermo/SCA3/cc_08.abf,9,450.0,12.0,-30.0,7,13.30292664386165,600.0,1126.2,0.5262
SCA3,SCA3_08,/root/neurothermo/SCA3/cc_08.abf,9,450.0,12.0,-20.0,7,13.30292664386165,600.0,1126.2,0.5262
SCA3,SCA3_08,/root/neurothermo/SCA3/cc_08.abf,9,450.0,12.0,-10.0,7,13.30292664386165,600.0,1126.2,0.5262
SCA3,SCA3_08,/root/neurothermo/SCA3/cc_08.abf,9,450.0,15.0,-30.0,7,13.30292664386165,600.0,1126.2,0.5262
SCA3,SCA3_08,/root/neurothermo/SCA3/cc_08.abf,9,450.0,15.0,-20.0,7,13.30292664386165,600.0,1126.2,0.5262
SCA3,SCA3_08,/root/neurothermo/SCA3/cc_08.abf,9,450.0,15.0,-10.0,7,13.30292664386165,600.0,1126.2,0.5262
SCA3,SCA3_08,/root/neurothermo/SCA3/cc_08.abf,10,500.0,8.0,-30.0,10,19.004180919802355,600.0,1126.2,0.5262
SCA3,SCA3_08,/root/neurothermo/SCA3/cc_08.abf,10,500.0,8.0,-20.0,10,19.004180919802355,600.0,1126.2,0.5262
SCA3,SCA3_08,/root/neurothermo/SCA3/cc_08.abf,10,500.0,8.0,-10.0,10,19.004180919802355,600.0,1126.2,0.5262
SCA3,SCA3_08,/root/neurothermo/SCA3/cc_08.abf,10,500.0,10.0,-30.0,10,19.004180919802355,600.0,1126.2,0.5262
SCA3,SCA3_08,/root/neurothermo/SCA3/cc_08.abf,10,500.0,10.0,-20.0,10,19.004180919802355,600.0,1126.2,0.5262
SCA3,SCA3_08,/root/neurothermo/SCA3/cc_08.abf,10,500.0,10.0,-10.0,10,19.004180919802355,600.0,1126.2,0.5262
SCA3,SCA3_08,/root/neurothermo/SCA3/cc_08.abf,10,500.0,12.0,-30.0,10,19.004180919802355,600.0,1126.2,0.5262
SCA3,SCA3_08,/root/neurothermo/SCA3/cc_08.abf,10,500.0,12.0,-20.0,10,19.004180919802355,600.0,1126.2,0.5262
SCA3,SCA3_08,/root/neurothermo/SCA3/cc_08.abf,10,500.0,12.0,-10.0,10,19.004180919802355,600.0,1126.2,0.5262
SCA3,SCA3_08,/root/neurothermo/SCA3/cc_08.abf,10,500.0,15.0,-30.0,10,19.004180919802355,600.0,1126.2,0.5262
SCA3,SCA3_08,/root/neurothermo/SCA3/cc_08.abf,10,500.0,15.0,-20.0,10,19.004180919802355,600.0,1126.2,0.5262
SCA3,SCA3_08,/root/neurothermo/SCA3/cc_08.abf,10,500.0,15.0,-10.0,10,19.004180919802355,600.0,1126.2,0.5262
SCA3,SCA3_08,/root/neurothermo/SCA3/cc_08.abf,11,550.0,8.0,-30.0,12,22.80501710376283,600.0,1126.2,0.5262
SCA3,SCA3_08,/root/neurothermo/SCA3/cc_08.abf,11,550.0,8.0,-20.0,12,22.80501710376283,600.0,1126.2,0.5262
SCA3,SCA3_08,/root/neurothermo/SCA3/cc_08.abf,11,550.0,8.0,-10.0,12,22.80501710376283,600.0,1126.2,0.5262
SCA3,SCA3_08,/root/neurothermo/SCA3/cc_08.abf,11,550.0,10.0,-30.0,12,22.80501710376283,600.0,1126.2,0.5262
SCA3,SCA3_08,/root/neurothermo/SCA3/cc_08.abf,11,550.0,10.0,-20.0,12,22.80501710376283,600.0,1126.2,0.5262
SCA3,SCA3_08,/root/neurothermo/SCA3/cc_08.abf,11,550.0,10.0,-10.0,12,22.80501710376283,600.0,1126.2,0.5262
SCA3,SCA3_08,/root/neurothermo/SCA3/cc_08.abf,11,550.0,12.0,-30.0,12,22.80501710376283,600.0,1126.2,0.5262
SCA3,SCA3_08,/root/neurothermo/SCA3/cc_08.abf,11,550.0,12.0,-20.0,12,22.80501710376283,600.0,1126.2,0.5262
SCA3,SCA3_08,/root/neurothermo/SCA3/cc_08.abf,11,550.0,12.0,-10.0,12,22.80501710376283,600.0,1126.2,0.5262
SCA3,SCA3_08,/root/neurothermo/SCA3/cc_08.abf,11,550.0,15.0,-30.0,12,22.80501710376283,600.0,1126.2,0.5262
SCA3,SCA3_08,/root/neurothermo/SCA3/cc_08.abf,11,550.0,15.0,-20.0,12,22.80501710376283,600.0,1126.2,0.5262
SCA3,SCA3_08,/root/neurothermo/SCA3/cc_08.abf,11,550.0,15.0,-10.0,12,22.80501710376283,600.0,1126.2,0.5262
SCA3,SCA3_08,/root/neurothermo/SCA3/cc_08.abf,12,600.0,8.0,-30.0,14,26.6058532877233,600.0,1126.2,0.5262
SCA3,SCA3_08,/root/neurothermo/SCA3/cc_08.abf,12,600.0,8.0,-20.0,14,26.6058532877233,600.0,1126.2,0.5262
SCA3,SCA3_08,/root/neurothermo/SCA3/cc_08.abf,12,600.0,8.0,-10.0,14,26.6058532877233,600.0,1126.2,0.5262
SCA3,SCA3_08,/root/neurothermo/SCA3/cc_08.abf,12,600.0,10.0,-30.0,14,26.6058532877233,600.0,1126.2,0.5262
SCA3,SCA3_08,/root/neurothermo/SCA3/cc_08.abf,12,600.0,10.0,-20.0,14,26.6058532877233,600.0,1126.2,0.5262
SCA3,SCA3_08,/root/neurothermo/SCA3/cc_08.abf,12,600.0,10.0,-10.0,14,26.6058532877233,600.0,1126.2,0.5262
SCA3,SCA3_08,/root/neurothermo/SCA3/cc_08.abf,12,600.0,12.0,-30.0,14,26.6058532877233,600.0,1126.2,0.5262
SCA3,SCA3_08,/root/neurothermo/SCA3/cc_08.abf,12,600.0,12.0,-20.0,14,26.6058532877233,600.0,1126.2,0.5262
SCA3,SCA3_08,/root/neurothermo/SCA3/cc_08.abf,12,600.0,12.0,-10.0,14,26.6058532877233,600.0,1126.2,0.5262
SCA3,SCA3_08,/root/neurothermo/SCA3/cc_08.abf,12,600.0,15.0,-30.0,14,26.6058532877233,600.0,1126.2,0.5262
SCA3,SCA3_08,/root/neurothermo/SCA3/cc_08.abf,12,600.0,15.0,-20.0,14,26.6058532877233,600.0,1126.2,0.5262
SCA3,SCA3_08,/root/neurothermo/SCA3/cc_08.abf,12,600.0,15.0,-10.0,14,26.6058532877233,600.0,1126.2,0.5262
SCA3,SCA3_09,/root/neurothermo/SCA3/cc_09.abf,0,0.0,8.0,-30.0,0,0.0,600.0,1126.2,0.5262
SCA3,SCA3_09,/root/neurothermo/SCA3/cc_09.abf,0,0.0,8.0,-20.0,0,0.0,600.0,1126.2,0.5262
SCA3,SCA3_09,/root/neurothermo/SCA3/cc_09.abf,0,0.0,8.0,-10.0,0,0.0,600.0,1126.2,0.5262
SCA3,SCA3_09,/root/neurothermo/SCA3/cc_09.abf,0,0.0,10.0,-30.0,0,0.0,600.0,1126.2,0.5262
SCA3,SCA3_09,/root/neurothermo/SCA3/cc_09.abf,0,0.0,10.0,-20.0,0,0.0,600.0,1126.2,0.5262
SCA3,SCA3_09,/root/neurothermo/SCA3/cc_09.abf,0,0.0,10.0,-10.0,0,0.0,600.0,1126.2,0.5262
SCA3,SCA3_09,/root/neurothermo/SCA3/cc_09.abf,0,0.0,12.0,-30.0,0,0.0,600.0,1126.2,0.5262
SCA3,SCA3_09,/root/neurothermo/SCA3/cc_09.abf,0,0.0,12.0,-20.0,0,0.0,600.0,1126.2,0.5262
SCA3,SCA3_09,/root/neurothermo/SCA3/cc_09.abf,0,0.0,12.0,-10.0,0,0.0,600.0,1126.2,0.5262
SCA3,SCA3_09,/root/neurothermo/SCA3/cc_09.abf,0,0.0,15.0,-30.0,0,0.0,600.0,1126.2,0.5262
SCA3,SCA3_09,/root/neurothermo/SCA3/cc_09.abf,0,0.0,15.0,-20.0,0,0.0,600.0,1126.2,0.5262
SCA3,SCA3_09,/root/neurothermo/SCA3/cc_09.abf,0,0.0,15.0,-10.0,0,0.0,600.0,1126.2,0.5262
SCA3,SCA3_09,/root/neurothermo/SCA3/cc_09.abf,1,50.0,8.0,-30.0,0,0.0,600.0,1126.2,0.5262
SCA3,SCA3_09,/root/neurothermo/SCA3/cc_09.abf,1,50.0,8.0,-20.0,0,0.0,600.0,1126.2,0.5262
SCA3,SCA3_09,/root/neurothermo/SCA3/cc_09.abf,1,50.0,8.0,-10.0,0,0.0,600.0,1126.2,0.5262
SCA3,SCA3_09,/root/neurothermo/SCA3/cc_09.abf,1,50.0,10.0,-30.0,0,0.0,600.0,1126.2,0.5262
SCA3,SCA3_09,/root/neurothermo/SCA3/cc_09.abf,1,50.0,10.0,-20.0,0,0.0,600.0,1126.2,0.5262
SCA3,SCA3_09,/root/neurothermo/SCA3/cc_09.abf,1,50.0,10.0,-10.0,0,0.0,600.0,1126.2,0.5262
SCA3,SCA3_09,/root/neurothermo/SCA3/cc_09.abf,1,50.0,12.0,-30.0,0,0.0,600.0,1126.2,0.5262
SCA3,SCA3_09,/root/neurothermo/SCA3/cc_09.abf,1,50.0,12.0,-20.0,0,0.0,600.0,1126.2,0.5262
SCA3,SCA3_09,/root/neurothermo/SCA3/cc_09.abf,1,50.0,12.0,-10.0,0,0.0,600.0,1126.2,0.5262
SCA3,SCA3_09,/root/neurothermo/SCA3/cc_09.abf,1,50.0,15.0,-30.0,0,0.0,600.0,1126.2,0.5262
SCA3,SCA3_09,/root/neurothermo/SCA3/cc_09.abf,1,50.0,15.0,-20.0,0,0.0,600.0,1126.2,0.5262
SCA3,SCA3_09,/root/neurothermo/SCA3/cc_09.abf,1,50.0,15.0,-10.0,0,0.0,600.0,1126.2,0.5262
SCA3,SCA3_09,/root/neurothermo/SCA3/cc_09.abf,2,100.0,8.0,-30.0,0,0.0,600.0,1126.2,0.5262
SCA3,SCA3_09,/root/neurothermo/SCA3/cc_09.abf,2,100.0,8.0,-20.0,0,0.0,600.0,1126.2,0.5262
SCA3,SCA3_09,/root/neurothermo/SCA3/cc_09.abf,2,100.0,8.0,-10.0,0,0.0,600.0,1126.2,0.5262
SCA3,SCA3_09,/root/neurothermo/SCA3/cc_09.abf,2,100.0,10.0,-30.0,0,0.0,600.0,1126.2,0.5262
SCA3,SCA3_09,/root/neurothermo/SCA3/cc_09.abf,2,100.0,10.0,-20.0,0,0.0,600.0,1126.2,0.5262
SCA3,SCA3_09,/root/neurothermo/SCA3/cc_09.abf,2,100.0,10.0,-10.0,0,0.0,600.0,1126.2,0.5262
SCA3,SCA3_09,/root/neurothermo/SCA3/cc_09.abf,2,100.0,12.0,-30.0,0,0.0,600.0,1126.2,0.5262
SCA3,SCA3_09,/root/neurothermo/SCA3/cc_09.abf,2,100.0,12.0,-20.0,0,0.0,600.0,1126.2,0.5262
SCA3,SCA3_09,/root/neurothermo/SCA3/cc_09.abf,2,100.0,12.0,-10.0,0,0.0,600.0,1126.2,0.5262
SCA3,SCA3_09,/root/neurothermo/SCA3/cc_09.abf,2,100.0,15.0,-30.0,0,0.0,600.0,1126.2,0.5262
SCA3,SCA3_09,/root/neurothermo/SCA3/cc_09.abf,2,100.0,15.0,-20.0,0,0.0,600.0,1126.2,0.5262
SCA3,SCA3_09,/root/neurothermo/SCA3/cc_09.abf,2,100.0,15.0,-10.0,0,0.0,600.0,1126.2,0.5262
SCA3,SCA3_09,/root/neurothermo/SCA3/cc_09.abf,3,150.0,8.0,-30.0,0,0.0,600.0,1126.2,0.5262
SCA3,SCA3_09,/root/neurothermo/SCA3/cc_09.abf,3,150.0,8.0,-20.0,0,0.0,600.0,1126.2,0.5262
SCA3,SCA3_09,/root/neurothermo/SCA3/cc_09.abf,3,150.0,8.0,-10.0,0,0.0,600.0,1126.2,0.5262
SCA3,SCA3_09,/root/neurothermo/SCA3/cc_09.abf,3,150.0,10.0,-30.0,0,0.0,600.0,1126.2,0.5262
SCA3,SCA3_09,/root/neurothermo/SCA3/cc_09.abf,3,150.0,10.0,-20.0,0,0.0,600.0,1126.2,0.5262
SCA3,SCA3_09,/root/neurothermo/SCA3/cc_09.abf,3,150.0,10.0,-10.0,0,0.0,600.0,1126.2,0.5262
SCA3,SCA3_09,/root/neurothermo/SCA3/cc_09.abf,3,150.0,12.0,-30.0,0,0.0,600.0,1126.2,0.5262
SCA3,SCA3_09,/root/neurothermo/SCA3/cc_09.abf,3,150.0,12.0,-20.0,0,0.0,600.0,1126.2,0.5262
SCA3,SCA3_09,/root/neurothermo/SCA3/cc_09.abf,3,150.0,12.0,-10.0,0,0.0,600.0,1126.2,0.5262
SCA3,SCA3_09,/root/neurothermo/SCA3/cc_09.abf,3,150.0,15.0,-30.0,0,0.0,600.0,1126.2,0.5262
SCA3,SCA3_09,/root/neurothermo/SCA3/cc_09.abf,3,150.0,15.0,-20.0,0,0.0,600.0,1126.2,0.5262
SCA3,SCA3_09,/root/neurothermo/SCA3/cc_09.abf,3,150.0,15.0,-10.0,0,0.0,600.0,1126.2,0.5262
SCA3,SCA3_09,/root/neurothermo/SCA3/cc_09.abf,4,200.0,8.0,-30.0,0,0.0,600.0,1126.2,0.5262
SCA3,SCA3_09,/root/neurothermo/SCA3/cc_09.abf,4,200.0,8.0,-20.0,0,0.0,600.0,1126.2,0.5262
SCA3,SCA3_09,/root/neurothermo/SCA3/cc_09.abf,4,200.0,8.0,-10.0,0,0.0,600.0,1126.2,0.5262
SCA3,SCA3_09,/root/neurothermo/SCA3/cc_09.abf,4,200.0,10.0,-30.0,0,0.0,600.0,1126.2,0.5262
SCA3,SCA3_09,/root/neurothermo/SCA3/cc_09.abf,4,200.0,10.0,-20.0,0,0.0,600.0,1126.2,0.5262
SCA3,SCA3_09,/root/neurothermo/SCA3/cc_09.abf,4,200.0,10.0,-10.0,0,0.0,600.0,1126.2,0.5262
SCA3,SCA3_09,/root/neurothermo/SCA3/cc_09.abf,4,200.0,12.0,-30.0,0,0.0,600.0,1126.2,0.5262
SCA3,SCA3_09,/root/neurothermo/SCA3/cc_09.abf,4,200.0,12.0,-20.0,0,0.0,600.0,1126.2,0.5262
SCA3,SCA3_09,/root/neurothermo/SCA3/cc_09.abf,4,200.0,12.0,-10.0,0,0.0,600.0,1126.2,0.5262
SCA3,SCA3_09,/root/neurothermo/SCA3/cc_09.abf,4,200.0,15.0,-30.0,0,0.0,600.0,1126.2,0.5262
SCA3,SCA3_09,/root/neurothermo/SCA3/cc_09.abf,4,200.0,15.0,-20.0,0,0.0,600.0,1126.2,0.5262
SCA3,SCA3_09,/root/neurothermo/SCA3/cc_09.abf,4,200.0,15.0,-10.0,0,0.0,600.0,1126.2,0.5262
SCA3,SCA3_09,/root/neurothermo/SCA3/cc_09.abf,5,250.0,8.0,-30.0,0,0.0,600.0,1126.2,0.5262
SCA3,SCA3_09,/root/neurothermo/SCA3/cc_09.abf,5,250.0,8.0,-20.0,0,0.0,600.0,1126.2,0.5262
SCA3,SCA3_09,/root/neurothermo/SCA3/cc_09.abf,5,250.0,8.0,-10.0,0,0.0,600.0,1126.2,0.5262
SCA3,SCA3_09,/root/neurothermo/SCA3/cc_09.abf,5,250.0,10.0,-30.0,0,0.0,600.0,1126.2,0.5262
SCA3,SCA3_09,/root/neurothermo/SCA3/cc_09.abf,5,250.0,10.0,-20.0,0,0.0,600.0,1126.2,0.5262
SCA3,SCA3_09,/root/neurothermo/SCA3/cc_09.abf,5,250.0,10.0,-10.0,0,0.0,600.0,1126.2,0.5262
SCA3,SCA3_09,/root/neurothermo/SCA3/cc_09.abf,5,250.0,12.0,-30.0,0,0.0,600.0,1126.2,0.5262
SCA3,SCA3_09,/root/neurothermo/SCA3/cc_09.abf,5,250.0,12.0,-20.0,0,0.0,600.0,1126.2,0.5262
SCA3,SCA3_09,/root/neurothermo/SCA3/cc_09.abf,5,250.0,12.0,-10.0,0,0.0,600.0,1126.2,0.5262
SCA3,SCA3_09,/root/neurothermo/SCA3/cc_09.abf,5,250.0,15.0,-30.0,0,0.0,600.0,1126.2,0.5262
SCA3,SCA3_09,/root/neurothermo/SCA3/cc_09.abf,5,250.0,15.0,-20.0,0,0.0,600.0,1126.2,0.5262
SCA3,SCA3_09,/root/neurothermo/SCA3/cc_09.abf,5,250.0,15.0,-10.0,0,0.0,600.0,1126.2,0.5262
SCA3,SCA3_09,/root/neurothermo/SCA3/cc_09.abf,6,300.0,8.0,-30.0,4,7.601672367920942,600.0,1126.2,0.5262
SCA3,SCA3_09,/root/neurothermo/SCA3/cc_09.abf,6,300.0,8.0,-20.0,4,7.601672367920942,600.0,1126.2,0.5262
SCA3,SCA3_09,/root/neurothermo/SCA3/cc_09.abf,6,300.0,8.0,-10.0,4,7.601672367920942,600.0,1126.2,0.5262
SCA3,SCA3_09,/root/neurothermo/SCA3/cc_09.abf,6,300.0,10.0,-30.0,4,7.601672367920942,600.0,1126.2,0.5262
SCA3,SCA3_09,/root/neurothermo/SCA3/cc_09.abf,6,300.0,10.0,-20.0,4,7.601672367920942,600.0,1126.2,0.5262
SCA3,SCA3_09,/root/neurothermo/SCA3/cc_09.abf,6,300.0,10.0,-10.0,4,7.601672367920942,600.0,1126.2,0.5262
SCA3,SCA3_09,/root/neurothermo/SCA3/cc_09.abf,6,300.0,12.0,-30.0,4,7.601672367920942,600.0,1126.2,0.5262
SCA3,SCA3_09,/root/neurothermo/SCA3/cc_09.abf,6,300.0,12.0,-20.0,4,7.601672367920942,600.0,1126.2,0.5262
SCA3,SCA3_09,/root/neurothermo/SCA3/cc_09.abf,6,300.0,12.0,-10.0,4,7.601672367920942,600.0,1126.2,0.5262
SCA3,SCA3_09,/root/neurothermo/SCA3/cc_09.abf,6,300.0,15.0,-30.0,4,7.601672367920942,600.0,1126.2,0.5262
SCA3,SCA3_09,/root/neurothermo/SCA3/cc_09.abf,6,300.0,15.0,-20.0,4,7.601672367920942,600.0,1126.2,0.5262
SCA3,SCA3_09,/root/neurothermo/SCA3/cc_09.abf,6,300.0,15.0,-10.0,4,7.601672367920942,600.0,1126.2,0.5262
SCA3,SCA3_09,/root/neurothermo/SCA3/cc_09.abf,7,350.0,8.0,-30.0,6,11.402508551881414,600.0,1126.2,0.5262
SCA3,SCA3_09,/root/neurothermo/SCA3/cc_09.abf,7,350.0,8.0,-20.0,6,11.402508551881414,600.0,1126.2,0.5262
SCA3,SCA3_09,/root/neurothermo/SCA3/cc_09.abf,7,350.0,8.0,-10.0,6,11.402508551881414,600.0,1126.2,0.5262
SCA3,SCA3_09,/root/neurothermo/SCA3/cc_09.abf,7,350.0,10.0,-30.0,6,11.402508551881414,600.0,1126.2,0.5262
SCA3,SCA3_09,/root/neurothermo/SCA3/cc_09.abf,7,350.0,10.0,-20.0,6,11.402508551881414,600.0,1126.2,0.5262
SCA3,SCA3_09,/root/neurothermo/SCA3/cc_09.abf,7,350.0,10.0,-10.0,6,11.402508551881414,600.0,1126.2,0.5262
SCA3,SCA3_09,/root/neurothermo/SCA3/cc_09.abf,7,350.0,12.0,-30.0,6,11.402508551881414,600.0,1126.2,0.5262
SCA3,SCA3_09,/root/neurothermo/SCA3/cc_09.abf,7,350.0,12.0,-20.0,6,11.402508551881414,600.0,1126.2,0.5262
SCA3,SCA3_09,/root/neurothermo/SCA3/cc_09.abf,7,350.0,12.0,-10.0,6,11.402508551881414,600.0,1126.2,0.5262
SCA3,SCA3_09,/root/neurothermo/SCA3/cc_09.abf,7,350.0,15.0,-30.0,6,11.402508551881414,600.0,1126.2,0.5262
SCA3,SCA3_09,/root/neurothermo/SCA3/cc_09.abf,7,350.0,15.0,-20.0,6,11.402508551881414,600.0,1126.2,0.5262
SCA3,SCA3_09,/root/neurothermo/SCA3/cc_09.abf,7,350.0,15.0,-10.0,6,11.402508551881414,600.0,1126.2,0.5262
SCA3,SCA3_09,/root/neurothermo/SCA3/cc_09.abf,8,400.0,8.0,-30.0,11,20.904599011782594,600.0,1126.2,0.5262
SCA3,SCA3_09,/root/neurothermo/SCA3/cc_09.abf,8,400.0,8.0,-20.0,11,20.904599011782594,600.0,1126.2,0.5262
SCA3,SCA3_09,/root/neurothermo/SCA3/cc_09.abf,8,400.0,8.0,-10.0,11,20.904599011782594,600.0,1126.2,0.5262
SCA3,SCA3_09,/root/neurothermo/SCA3/cc_09.abf,8,400.0,10.0,-30.0,11,20.904599011782594,600.0,1126.2,0.5262
SCA3,SCA3_09,/root/neurothermo/SCA3/cc_09.abf,8,400.0,10.0,-20.0,11,20.904599011782594,600.0,1126.2,0.5262
SCA3,SCA3_09,/root/neurothermo/SCA3/cc_09.abf,8,400.0,10.0,-10.0,11,20.904599011782594,600.0,1126.2,0.5262
SCA3,SCA3_09,/root/neurothermo/SCA3/cc_09.abf,8,400.0,12.0,-30.0,11,20.904599011782594,600.0,1126.2,0.5262
SCA3,SCA3_09,/root/neurothermo/SCA3/cc_09.abf,8,400.0,12.0,-20.0,11,20.904599011782594,600.0,1126.2,0.5262
SCA3,SCA3_09,/root/neurothermo/SCA3/cc_09.abf,8,400.0,12.0,-10.0,11,20.904599011782594,600.0,1126.2,0.5262
SCA3,SCA3_09,/root/neurothermo/SCA3/cc_09.abf,8,400.0,15.0,-30.0,11,20.904599011782594,600.0,1126.2,0.5262
SCA3,SCA3_09,/root/neurothermo/SCA3/cc_09.abf,8,400.0,15.0,-20.0,11,20.904599011782594,600.0,1126.2,0.5262
SCA3,SCA3_09,/root/neurothermo/SCA3/cc_09.abf,8,400.0,15.0,-10.0,11,20.904599011782594,600.0,1126.2,0.5262
SCA3,SCA3_09,/root/neurothermo/SCA3/cc_09.abf,9,450.0,8.0,-30.0,15,28.506271379703534,600.0,1126.2,0.5262
SCA3,SCA3_09,/root/neurothermo/SCA3/cc_09.abf,9,450.0,8.0,-20.0,15,28.506271379703534,600.0,1126.2,0.5262
SCA3,SCA3_09,/root/neurothermo/SCA3/cc_09.abf,9,450.0,8.0,-10.0,15,28.506271379703534,600.0,1126.2,0.5262
SCA3,SCA3_09,/root/neurothermo/SCA3/cc_09.abf,9,450.0,10.0,-30.0,15,28.506271379703534,600.0,1126.2,0.5262
SCA3,SCA3_09,/root/neurothermo/SCA3/cc_09.abf,9,450.0,10.0,-20.0,15,28.506271379703534,600.0,1126.2,0.5262
SCA3,SCA3_09,/root/neurothermo/SCA3/cc_09.abf,9,450.0,10.0,-10.0,15,28.506271379703534,600.0,1126.2,0.5262
SCA3,SCA3_09,/root/neurothermo/SCA3/cc_09.abf,9,450.0,12.0,-30.0,15,28.506271379703534,600.0,1126.2,0.5262
SCA3,SCA3_09,/root/neurothermo/SCA3/cc_09.abf,9,450.0,12.0,-20.0,15,28.506271379703534,600.0,1126.2,0.5262
SCA3,SCA3_09,/root/neurothermo/SCA3/cc_09.abf,9,450.0,12.0,-10.0,15,28.506271379703534,600.0,1126.2,0.5262
SCA3,SCA3_09,/root/neurothermo/SCA3/cc_09.abf,9,450.0,15.0,-30.0,15,28.506271379703534,600.0,1126.2,0.5262
SCA3,SCA3_09,/root/neurothermo/SCA3/cc_09.abf,9,450.0,15.0,-20.0,15,28.506271379703534,600.0,1126.2,0.5262
SCA3,SCA3_09,/root/neurothermo/SCA3/cc_09.abf,9,450.0,15.0,-10.0,15,28.506271379703534,600.0,1126.2,0.5262
SCA3,SCA3_09,/root/neurothermo/SCA3/cc_09.abf,10,500.0,8.0,-30.0,18,34.20752565564424,600.0,1126.2,0.5262
SCA3,SCA3_09,/root/neurothermo/SCA3/cc_09.abf,10,500.0,8.0,-20.0,18,34.20752565564424,600.0,1126.2,0.5262
SCA3,SCA3_09,/root/neurothermo/SCA3/cc_09.abf,10,500.0,8.0,-10.0,18,34.20752565564424,600.0,1126.2,0.5262
SCA3,SCA3_09,/root/neurothermo/SCA3/cc_09.abf,10,500.0,10.0,-30.0,18,34.20752565564424,600.0,1126.2,0.5262
SCA3,SCA3_09,/root/neurothermo/SCA3/cc_09.abf,10,500.0,10.0,-20.0,18,34.20752565564424,600.0,1126.2,0.5262
SCA3,SCA3_09,/root/neurothermo/SCA3/cc_09.abf,10,500.0,10.0,-10.0,18,34.20752565564424,600.0,1126.2,0.5262
SCA3,SCA3_09,/root/neurothermo/SCA3/cc_09.abf,10,500.0,12.0,-30.0,18,34.20752565564424,600.0,1126.2,0.5262
SCA3,SCA3_09,/root/neurothermo/SCA3/cc_09.abf,10,500.0,12.0,-20.0,18,34.20752565564424,600.0,1126.2,0.5262
SCA3,SCA3_09,/root/neurothermo/SCA3/cc_09.abf,10,500.0,12.0,-10.0,18,34.20752565564424,600.0,1126.2,0.5262
SCA3,SCA3_09,/root/neurothermo/SCA3/cc_09.abf,10,500.0,15.0,-30.0,18,34.20752565564424,600.0,1126.2,0.5262
SCA3,SCA3_09,/root/neurothermo/SCA3/cc_09.abf,10,500.0,15.0,-20.0,18,34.20752565564424,600.0,1126.2,0.5262
SCA3,SCA3_09,/root/neurothermo/SCA3/cc_09.abf,10,500.0,15.0,-10.0,18,34.20752565564424,600.0,1126.2,0.5262
SCA3,SCA3_09,/root/neurothermo/SCA3/cc_09.abf,11,550.0,8.0,-30.0,21,39.908779931584945,600.0,1126.2,0.5262
SCA3,SCA3_09,/root/neurothermo/SCA3/cc_09.abf,11,550.0,8.0,-20.0,21,39.908779931584945,600.0,1126.2,0.5262
SCA3,SCA3_09,/root/neurothermo/SCA3/cc_09.abf,11,550.0,8.0,-10.0,21,39.908779931584945,600.0,1126.2,0.5262
SCA3,SCA3_09,/root/neurothermo/SCA3/cc_09.abf,11,550.0,10.0,-30.0,21,39.908779931584945,600.0,1126.2,0.5262
SCA3,SCA3_09,/root/neurothermo/SCA3/cc_09.abf,11,550.0,10.0,-20.0,21,39.908779931584945,600.0,1126.2,0.5262
SCA3,SCA3_09,/root/neurothermo/SCA3/cc_09.abf,11,550.0,10.0,-10.0,21,39.908779931584945,600.0,1126.2,0.5262
SCA3,SCA3_09,/root/neurothermo/SCA3/cc_09.abf,11,550.0,12.0,-30.0,21,39.908779931584945,600.0,1126.2,0.5262
SCA3,SCA3_09,/root/neurothermo/SCA3/cc_09.abf,11,550.0,12.0,-20.0,21,39.908779931584945,600.0,1126.2,0.5262
SCA3,SCA3_09,/root/neurothermo/SCA3/cc_09.abf,11,550.0,12.0,-10.0,21,39.908779931584945,600.0,1126.2,0.5262
SCA3,SCA3_09,/root/neurothermo/SCA3/cc_09.abf,11,550.0,15.0,-30.0,21,39.908779931584945,600.0,1126.2,0.5262
SCA3,SCA3_09,/root/neurothermo/SCA3/cc_09.abf,11,550.0,15.0,-20.0,21,39.908779931584945,600.0,1126.2,0.5262
SCA3,SCA3_09,/root/neurothermo/SCA3/cc_09.abf,11,550.0,15.0,-10.0,21,39.908779931584945,600.0,1126.2,0.5262
SCA3,SCA3_09,/root/neurothermo/SCA3/cc_09.abf,12,600.0,8.0,-30.0,23,43.70961611554542,600.0,1126.2,0.5262
SCA3,SCA3_09,/root/neurothermo/SCA3/cc_09.abf,12,600.0,8.0,-20.0,23,43.70961611554542,600.0,1126.2,0.5262
SCA3,SCA3_09,/root/neurothermo/SCA3/cc_09.abf,12,600.0,8.0,-10.0,23,43.70961611554542,600.0,1126.2,0.5262
SCA3,SCA3_09,/root/neurothermo/SCA3/cc_09.abf,12,600.0,10.0,-30.0,23,43.70961611554542,600.0,1126.2,0.5262
SCA3,SCA3_09,/root/neurothermo/SCA3/cc_09.abf,12,600.0,10.0,-20.0,23,43.70961611554542,600.0,1126.2,0.5262
SCA3,SCA3_09,/root/neurothermo/SCA3/cc_09.abf,12,600.0,10.0,-10.0,23,43.70961611554542,600.0,1126.2,0.5262
SCA3,SCA3_09,/root/neurothermo/SCA3/cc_09.abf,12,600.0,12.0,-30.0,23,43.70961611554542,600.0,1126.2,0.5262
SCA3,SCA3_09,/root/neurothermo/SCA3/cc_09.abf,12,600.0,12.0,-20.0,23,43.70961611554542,600.0,1126.2,0.5262
SCA3,SCA3_09,/root/neurothermo/SCA3/cc_09.abf,12,600.0,12.0,-10.0,23,43.70961611554542,600.0,1126.2,0.5262
SCA3,SCA3_09,/root/neurothermo/SCA3/cc_09.abf,12,600.0,15.0,-30.0,23,43.70961611554542,600.0,1126.2,0.5262
SCA3,SCA3_09,/root/neurothermo/SCA3/cc_09.abf,12,600.0,15.0,-20.0,23,43.70961611554542,600.0,1126.2,0.5262
SCA3,SCA3_09,/root/neurothermo/SCA3/cc_09.abf,12,600.0,15.0,-10.0,23,43.70961611554542,600.0,1126.2,0.5262
