biological_pair_key,dt_ms,view,marker_variant,aggregation_order,n_support_scenarios,kl_balance_p,kl_balance_p_q25,kl_balance_p_q75,firing_balance_p,kl_minus_firing_p
WT_03__TO__SCA3_01,0.0125,xy,median_seed_isotonic,marker_first,8,0.5528408301672075,0.4682910923788996,0.7015272778862938,0.4187767512737397,0.13406407889346783
WT_03__TO__SCA3_01,0.0125,xy,q25_seed_isotonic,marker_first,8,0.5141468169268646,0.43169505398422875,0.6784918370499975,0.4187767512737397,0.09537006565312489
WT_03__TO__SCA3_01,0.0125,xy,q75_seed_isotonic,marker_first,8,0.6764880469736727,0.48328599777043735,0.7673381649448286,0.4187767512737397,0.257711295699933
WT_03__TO__SCA3_01,0.0125,xy,seed_median_curve_first,marker_first,8,0.5431475135076747,0.45725757275437384,0.7014530049077945,0.4187767512737397,0.12437076223393495
WT_03__TO__SCA3_01,0.0125,xy,seed_median_curve_isotonic,marker_first,8,0.5431475135076747,0.4635085832021113,0.7014530049077945,0.4187767512737397,0.12437076223393495
WT_03__TO__SCA3_01,0.0125,xy,seed_median_curve_persistent,marker_first,8,0.560047557998008,0.4724445757391445,0.7014530049077945,0.4187767512737397,0.14127080672426828
WT_03__TO__SCA3_01,0.0125,xyz,median_seed_isotonic,marker_first,8,0.5428050553243216,0.4542787433737413,0.6029573515215296,0.4187767512737397,0.12402830405058185
WT_03__TO__SCA3_01,0.0125,xyz,q25_seed_isotonic,marker_first,8,0.536803325956636,0.4346076463246973,0.5965924065399109,0.4187767512737397,0.11802657468289635
WT_03__TO__SCA3_01,0.0125,xyz,q75_seed_isotonic,marker_first,8,0.6090511833700891,0.557703724507449,0.6618044474252454,0.4187767512737397,0.19027443209634942
WT_03__TO__SCA3_01,0.0125,xyz,seed_median_curve_first,marker_first,8,0.5046580260563709,0.4229529328963752,0.5686852934599376,0.4187767512737397,0.08588127478263119
WT_03__TO__SCA3_01,0.0125,xyz,seed_median_curve_isotonic,marker_first,8,0.5448479605885387,0.4705460044123435,0.6022186329517538,0.4187767512737397,0.12607120931479898
WT_03__TO__SCA3_01,0.0125,xyz,seed_median_curve_persistent,marker_first,8,0.5513865147481967,0.5046580260563709,0.6022186329517538,0.4187767512737397,0.13260976347445697
WT_03__TO__SCA3_01,0.0125,z,median_seed_isotonic,marker_first,8,0.5711881623273527,0.44702491943620215,0.654501813823702,0.4187767512737397,0.152411411053613
WT_03__TO__SCA3_01,0.0125,z,q25_seed_isotonic,marker_first,8,0.5525328135896965,0.43706059463781066,0.6540854982182434,0.4187767512737397,0.13375606231595683
WT_03__TO__SCA3_01,0.0125,z,q75_seed_isotonic,marker_first,8,0.6545672083587641,0.5210997086721061,0.6934190560484605,0.4187767512737397,0.23579045708502444
WT_03__TO__SCA3_01,0.0125,z,seed_median_curve_first,marker_first,8,0.5193928922833806,0.2493712599675984,0.6208324663044591,0.4187767512737397,0.10061614100964089
WT_03__TO__SCA3_01,0.0125,z,seed_median_curve_isotonic,marker_first,8,0.5718950344379423,0.36957976507390716,0.65523888106422,0.4187767512737397,0.15311828316420262
WT_03__TO__SCA3_01,0.0125,z,seed_median_curve_persistent,marker_first,8,0.5718950344379423,0.5152818639554145,0.65523888106422,0.4187767512737397,0.15311828316420262
WT_03__TO__SCA3_01,0.025,xy,median_seed_isotonic,marker_first,8,0.5305340567862651,0.4883624232221977,0.7092740278440793,0.4187767512737397,0.11175730551252538
WT_03__TO__SCA3_01,0.025,xy,q25_seed_isotonic,marker_first,8,0.5204358672039451,0.44998250400917333,0.6350964011508906,0.4187767512737397,0.10165911593020538
WT_03__TO__SCA3_01,0.025,xy,q75_seed_isotonic,marker_first,8,0.6770144380189994,0.5000233534394659,0.7738666720508607,0.4187767512737397,0.2582376867452597
WT_03__TO__SCA3_01,0.025,xy,seed_median_curve_first,marker_first,8,0.5356479423887051,0.4855095510037543,0.7070243952960948,0.4187767512737397,0.11687119111496536
WT_03__TO__SCA3_01,0.025,xy,seed_median_curve_isotonic,marker_first,8,0.5356479423887051,0.4855095510037543,0.7070243952960948,0.4187767512737397,0.11687119111496536
WT_03__TO__SCA3_01,0.025,xy,seed_median_curve_persistent,marker_first,8,0.5356479423887051,0.4855095510037543,0.7070243952960948,0.4187767512737397,0.11687119111496536
WT_03__TO__SCA3_01,0.025,xyz,median_seed_isotonic,marker_first,8,0.5449334535936721,0.46186585208088426,0.5904715240340885,0.4187767512737397,0.12615670231993237
WT_03__TO__SCA3_01,0.025,xyz,q25_seed_isotonic,marker_first,8,0.5401160040809918,0.43852792241098326,0.5869639820206165,0.4187767512737397,0.12133925280725211
WT_03__TO__SCA3_01,0.025,xyz,q75_seed_isotonic,marker_first,8,0.6079383981770903,0.5591559377621088,0.6795799517601906,0.4187767512737397,0.18916164690335058
WT_03__TO__SCA3_01,0.025,xyz,seed_median_curve_first,marker_first,8,0.5120506142191346,0.43224364225165146,0.563823355519937,0.4187767512737397,0.09327386294539486
WT_03__TO__SCA3_01,0.025,xyz,seed_median_curve_isotonic,marker_first,8,0.5530252729371598,0.5120506142191346,0.5910247991462823,0.4187767512737397,0.13424852166342005
WT_03__TO__SCA3_01,0.025,xyz,seed_median_curve_persistent,marker_first,8,0.5563644480449881,0.5120506142191346,0.5911284400280415,0.4187767512737397,0.13758769677124838
WT_03__TO__SCA3_01,0.025,z,median_seed_isotonic,marker_first,8,0.5814916739529954,0.45795248511255837,0.6482047672956059,0.4187767512737397,0.1627149226792557
WT_03__TO__SCA3_01,0.025,z,q25_seed_isotonic,marker_first,8,0.5590280326318047,0.44107900615579543,0.6464722700225018,0.4187767512737397,0.14025128135806497
WT_03__TO__SCA3_01,0.025,z,q75_seed_isotonic,marker_first,8,0.6515815003309998,0.5346070302825411,0.7031804218256925,0.4187767512737397,0.23280474905726012
WT_03__TO__SCA3_01,0.025,z,seed_median_curve_first,marker_first,8,0.533187515842655,0.24588243182558642,0.6155939388280108,0.4187767512737397,0.1144107645689153
WT_03__TO__SCA3_01,0.025,z,seed_median_curve_isotonic,marker_first,8,0.5813592330417324,0.4795012107868074,0.6482168150526326,0.4187767512737397,0.16258248176799273
WT_03__TO__SCA3_01,0.025,z,seed_median_curve_persistent,marker_first,8,0.5813592330417324,0.5252626927205558,0.6482168150526326,0.4187767512737397,0.16258248176799273
WT_03__TO__SCA3_01,0.05,xy,median_seed_isotonic,marker_first,8,0.5645158764614624,0.5056554327856984,0.6695442689975944,0.4187767512737397,0.1457391251877227
WT_03__TO__SCA3_01,0.05,xy,q25_seed_isotonic,marker_first,8,0.5349943825212604,0.43760213552211447,0.6182112568421776,0.4187767512737397,0.11621763124752071
WT_03__TO__SCA3_01,0.05,xy,q75_seed_isotonic,marker_first,8,0.6330968482335302,0.5177358069661199,0.7911611784353425,0.4187767512737397,0.21432009695979048
WT_03__TO__SCA3_01,0.05,xy,seed_median_curve_first,marker_first,8,0.5644346216430125,0.4693930165652539,0.6696782533130285,0.4187767512737397,0.1456578703692728
WT_03__TO__SCA3_01,0.05,xy,seed_median_curve_isotonic,marker_first,8,0.5644346216430125,0.5024302385110802,0.6696782533130285,0.4187767512737397,0.1456578703692728
WT_03__TO__SCA3_01,0.05,xy,seed_median_curve_persistent,marker_first,8,0.5644346216430125,0.5057787917198284,0.6696782533130285,0.4187767512737397,0.1456578703692728
WT_03__TO__SCA3_01,0.05,xyz,median_seed_isotonic,marker_first,8,0.5505711349734277,0.5260055491220598,0.6045170942291587,0.4187767512737397,0.131794383699688
WT_03__TO__SCA3_01,0.05,xyz,q25_seed_isotonic,marker_first,8,0.5411520982024403,0.4453107488314165,0.5910545599246768,0.4187767512737397,0.12237534692870056
WT_03__TO__SCA3_01,0.05,xyz,q75_seed_isotonic,marker_first,8,0.6150219570779333,0.5562874634323164,0.7277246981394097,0.4187767512737397,0.19624520580419358
WT_03__TO__SCA3_01,0.05,xyz,seed_median_curve_first,marker_first,8,0.5272885951481732,0.4146745537970763,0.5678415278996647,0.4187767512737397,0.10851184387443347
WT_03__TO__SCA3_01,0.05,xyz,seed_median_curve_isotonic,marker_first,8,0.5492704637398496,0.5272885951481732,0.607378594360182,0.4187767512737397,0.13049371246610986
WT_03__TO__SCA3_01,0.05,xyz,seed_median_curve_persistent,marker_first,8,0.5504509707380737,0.5272885951481732,0.607378594360182,0.4187767512737397,0.131674219464334
WT_03__TO__SCA3_01,0.05,z,median_seed_isotonic,marker_first,8,0.5887338726641057,0.4706767664787684,0.6427454574583986,0.4187767512737397,0.169957121390366
WT_03__TO__SCA3_01,0.05,z,q25_seed_isotonic,marker_first,8,0.5819830324790777,0.45062612677079983,0.6393248332715635,0.4187767512737397,0.16320628120533798
WT_03__TO__SCA3_01,0.05,z,q75_seed_isotonic,marker_first,8,0.6449580774871004,0.55168817685949,0.6723417216445924,0.4187767512737397,0.22618132621336073
WT_03__TO__SCA3_01,0.05,z,seed_median_curve_first,marker_first,8,0.5504790513072264,0.241451644555934,0.6195077159140803,0.4187767512737397,0.1317023000334867
WT_03__TO__SCA3_01,0.05,z,seed_median_curve_isotonic,marker_first,8,0.5886178738371995,0.46663820764524433,0.6438369080854773,0.4187767512737397,0.16984112256345985
WT_03__TO__SCA3_01,0.05,z,seed_median_curve_persistent,marker_first,8,0.5886510481103344,0.38519275549084,0.6438369080854773,0.4187767512737397,0.16987429683659472
WT_03__TO__SCA3_04,0.0125,xy,median_seed_isotonic,marker_first,24,0.4131457162488908,0.1774658639889863,0.533566357234793,0.6501014070438412,-0.23695569079495044
WT_03__TO__SCA3_04,0.0125,xy,q25_seed_isotonic,marker_first,24,0.36590718849853526,0.06888214767406514,0.4911958359823176,0.6501014070438412,-0.28419421854530597
WT_03__TO__SCA3_04,0.0125,xy,q75_seed_isotonic,marker_first,24,0.4628596509085894,0.255700097876914,0.5519943658773967,0.6501014070438412,-0.18724175613525185
WT_03__TO__SCA3_04,0.0125,xy,seed_median_curve_first,marker_first,24,0.39516545899534106,0.15525839061349142,0.5116935901300309,0.6501014070438412,-0.25493594804850017
WT_03__TO__SCA3_04,0.0125,xy,seed_median_curve_isotonic,marker_first,24,0.40639738726465185,0.15512086973889444,0.5294788794655355,0.6501014070438412,-0.24370401977918937
WT_03__TO__SCA3_04,0.0125,xy,seed_median_curve_persistent,marker_first,24,0.41462779064747385,0.22103854405831772,0.5316490473251407,0.6501014070438412,-0.23547361639636738
WT_03__TO__SCA3_04,0.0125,xyz,median_seed_isotonic,marker_first,24,0.42899766023074914,0.3532160361028318,0.533262250633983,0.6501014070438412,-0.22110374681309208
WT_03__TO__SCA3_04,0.0125,xyz,q25_seed_isotonic,marker_first,24,0.40088798927642233,0.3056748917790185,0.5203145178619155,0.6501014070438412,-0.2492134177674189
WT_03__TO__SCA3_04,0.0125,xyz,q75_seed_isotonic,marker_first,24,0.46605416979854564,0.38624902993318483,0.540292015831828,0.6501014070438412,-0.1840472372452956
WT_03__TO__SCA3_04,0.0125,xyz,seed_median_curve_first,marker_first,24,0.42622722203426616,0.3368191269235863,0.5364097743605672,0.6501014070438412,-0.22387418500957507
WT_03__TO__SCA3_04,0.0125,xyz,seed_median_curve_isotonic,marker_first,24,0.42622722203426616,0.3558306644366666,0.5364097743605672,0.6501014070438412,-0.22387418500957507
WT_03__TO__SCA3_04,0.0125,xyz,seed_median_curve_persistent,marker_first,24,0.4390007555075346,0.3703761958899951,0.5364097743605672,0.6501014070438412,-0.21110065153630664
WT_03__TO__SCA3_04,0.0125,z,median_seed_isotonic,marker_first,24,0.5139967886715892,0.32721658846999346,0.6088067592184463,0.6501014070438412,-0.13610461837225207
WT_03__TO__SCA3_04,0.0125,z,q25_seed_isotonic,marker_first,24,0.4476582147307653,0.279797526716601,0.5577165782713458,0.6501014070438412,-0.20244319231307595
WT_03__TO__SCA3_04,0.0125,z,q75_seed_isotonic,marker_first,24,0.54299474053466,0.44757353708465014,0.6337169912477731,0.6501014070438412,-0.10710666650918121
WT_03__TO__SCA3_04,0.0125,z,seed_median_curve_first,marker_first,24,0.4811279718812327,0.3010037251553796,0.6044991882845695,0.6501014070438412,-0.16897343516260854
WT_03__TO__SCA3_04,0.0125,z,seed_median_curve_isotonic,marker_first,24,0.5106347329366357,0.3232617464499609,0.6139209906008599,0.6501014070438412,-0.13946667410720548
WT_03__TO__SCA3_04,0.0125,z,seed_median_curve_persistent,marker_first,24,0.5106347329366357,0.3294638550374547,0.615860136804685,0.6501014070438412,-0.13946667410720548
WT_03__TO__SCA3_04,0.025,xy,median_seed_isotonic,marker_first,24,0.41065904169651823,0.1827345055574774,0.5254955838766681,0.6501014070438412,-0.239442365347323
WT_03__TO__SCA3_04,0.025,xy,q25_seed_isotonic,marker_first,24,0.365131845181213,0.07251110814725334,0.4859245827688692,0.6501014070438412,-0.28496956186262823
WT_03__TO__SCA3_04,0.025,xy,q75_seed_isotonic,marker_first,24,0.4564605817126397,0.2607856947984596,0.5604837989443224,0.6501014070438412,-0.19364082533120153
WT_03__TO__SCA3_04,0.025,xy,seed_median_curve_first,marker_first,24,0.39323552321546984,0.16191507574815486,0.5257732402693243,0.6501014070438412,-0.2568658838283714
WT_03__TO__SCA3_04,0.025,xy,seed_median_curve_isotonic,marker_first,24,0.4232729916133777,0.21520759802470693,0.5257732402693243,0.6501014070438412,-0.2268284154304635
WT_03__TO__SCA3_04,0.025,xy,seed_median_curve_persistent,marker_first,24,0.4542282282252515,0.2785171160962666,0.5409561507730486,0.6501014070438412,-0.19587317881858973
WT_03__TO__SCA3_04,0.025,xyz,median_seed_isotonic,marker_first,24,0.43241346074310155,0.34487550448732296,0.5289951437660139,0.6501014070438412,-0.21768794630073968
WT_03__TO__SCA3_04,0.025,xyz,q25_seed_isotonic,marker_first,24,0.40591766410888197,0.3068689505446195,0.5141632622052698,0.6501014070438412,-0.24418374293495926
WT_03__TO__SCA3_04,0.025,xyz,q75_seed_isotonic,marker_first,24,0.4581746151250254,0.38489944241296553,0.5389359507611454,0.6501014070438412,-0.19192679191881584
WT_03__TO__SCA3_04,0.025,xyz,seed_median_curve_first,marker_first,24,0.428908091249332,0.3370912284029316,0.5291813283578839,0.6501014070438412,-0.22119331579450924
WT_03__TO__SCA3_04,0.025,xyz,seed_median_curve_isotonic,marker_first,24,0.428908091249332,0.34258163566783284,0.5307412517391732,0.6501014070438412,-0.22119331579450924
WT_03__TO__SCA3_04,0.025,xyz,seed_median_curve_persistent,marker_first,24,0.45033374519883995,0.37514577714994535,0.5291813283578839,0.6501014070438412,-0.19976766184500128
WT_03__TO__SCA3_04,0.025,z,median_seed_isotonic,marker_first,24,0.5180821894209172,0.33511731032271697,0.609153477182669,0.6501014070438412,-0.132019217622924
WT_03__TO__SCA3_04,0.025,z,q25_seed_isotonic,marker_first,24,0.4624827657692848,0.28185930754439864,0.5608972286172614,0.6501014070438412,-0.1876186412745564
WT_03__TO__SCA3_04,0.025,z,q75_seed_isotonic,marker_first,24,0.5514419620301184,0.44588049065697194,0.6346420575123037,0.6501014070438412,-0.09865944501372281
WT_03__TO__SCA3_04,0.025,z,seed_median_curve_first,marker_first,24,0.48217569211712735,0.32992622852991027,0.6055451710099067,0.6501014070438412,-0.16792571492671388
WT_03__TO__SCA3_04,0.025,z,seed_median_curve_isotonic,marker_first,24,0.5163811215395645,0.33095436626625396,0.615108036525238,0.6501014070438412,-0.13372028550427673
WT_03__TO__SCA3_04,0.025,z,seed_median_curve_persistent,marker_first,24,0.5163811215395645,0.34478349772453404,0.6172174705390291,0.6501014070438412,-0.13372028550427673
WT_03__TO__SCA3_04,0.05,xy,median_seed_isotonic,marker_first,24,0.39674946045731674,0.20437194644527068,0.5217748223333539,0.6501014070438412,-0.2533519465865245
WT_03__TO__SCA3_04,0.05,xy,q25_seed_isotonic,marker_first,24,0.3474338050363244,0.08281990982313356,0.48759654046246215,0.6501014070438412,-0.30266760200751686
WT_03__TO__SCA3_04,0.05,xy,q75_seed_isotonic,marker_first,24,0.4269734260582609,0.30903699643694627,0.5396213885563746,0.6501014070438412,-0.22312798098558034
WT_03__TO__SCA3_04,0.05,xy,seed_median_curve_first,marker_first,24,0.3781056999612902,0.1970495240395817,0.5188805163262812,0.6501014070438412,-0.27199570708255105
WT_03__TO__SCA3_04,0.05,xy,seed_median_curve_isotonic,marker_first,24,0.4250852698662572,0.3125720867638526,0.5477977638059688,0.6501014070438412,-0.225016137177584
WT_03__TO__SCA3_04,0.05,xy,seed_median_curve_persistent,marker_first,24,0.43545436615692606,0.3125720867638526,0.5486813924872598,0.6501014070438412,-0.21464704088691516
WT_03__TO__SCA3_04,0.05,xyz,median_seed_isotonic,marker_first,24,0.457172623224601,0.3539718676057781,0.5389270622577562,0.6501014070438412,-0.19292878381924022
WT_03__TO__SCA3_04,0.05,xyz,q25_seed_isotonic,marker_first,24,0.42328727434352625,0.30898179006200793,0.5275731158018757,0.6501014070438412,-0.22681413270031497
WT_03__TO__SCA3_04,0.05,xyz,q75_seed_isotonic,marker_first,24,0.4815639884381812,0.3914676940800655,0.5559833614910944,0.6501014070438412,-0.16853741860566002
WT_03__TO__SCA3_04,0.05,xyz,seed_median_curve_first,marker_first,24,0.4473704960441833,0.3378476356801388,0.5317659860624079,0.6501014070438412,-0.20273091099965795
WT_03__TO__SCA3_04,0.05,xyz,seed_median_curve_isotonic,marker_first,24,0.44799800308829396,0.3599869569851053,0.5350761537251646,0.6501014070438412,-0.20210340395554727
WT_03__TO__SCA3_04,0.05,xyz,seed_median_curve_persistent,marker_first,24,0.45433791179270644,0.3790153492762065,0.561404210633994,0.6501014070438412,-0.1957634952511348
WT_03__TO__SCA3_04,0.05,z,median_seed_isotonic,marker_first,24,0.5540068275489907,0.4053384631793259,0.6765285519228248,0.6501014070438412,-0.09609457949485056
WT_03__TO__SCA3_04,0.05,z,q25_seed_isotonic,marker_first,24,0.48965195630862546,0.303010876395403,0.6673777627149565,0.6501014070438412,-0.16044945073521577
WT_03__TO__SCA3_04,0.05,z,q75_seed_isotonic,marker_first,24,0.5619462102123653,0.4479816660641778,0.6989648698674982,0.6501014070438412,-0.08815519683147588
WT_03__TO__SCA3_04,0.05,z,seed_median_curve_first,marker_first,24,0.522592099812884,0.37148727220687683,0.6750400227318497,0.6501014070438412,-0.12750930723095721
WT_03__TO__SCA3_04,0.05,z,seed_median_curve_isotonic,marker_first,24,0.5540068275489907,0.39133451434181465,0.6765376970975726,0.6501014070438412,-0.09609457949485056
WT_03__TO__SCA3_04,0.05,z,seed_median_curve_persistent,marker_first,24,0.5540068275489907,0.404881115798403,0.679099350626288,0.6501014070438412,-0.09609457949485056
WT_03__TO__SCA3_06,0.0125,xy,median_seed_isotonic,marker_first,4,0.35478176432736147,0.1578710372499514,0.7146586372136277,0.3934040442084981,-0.038622279881136645
WT_03__TO__SCA3_06,0.0125,xy,q25_seed_isotonic,marker_first,4,0.3398235689373129,0.13221774587717655,0.6728577886936201,0.3934040442084981,-0.0535804752711852
WT_03__TO__SCA3_06,0.0125,xy,q75_seed_isotonic,marker_first,4,0.3776560586148324,0.18605009261413924,0.735559608693847,0.3934040442084981,-0.015747985593665692
WT_03__TO__SCA3_06,0.0125,xy,seed_median_curve_first,marker_first,4,0.3074330192957112,0.15592439350090348,0.414745738663647,0.3934040442084981,-0.08597102491278691
WT_03__TO__SCA3_06,0.0125,xy,seed_median_curve_isotonic,marker_first,4,0.3612224651730672,0.15999563601522906,0.7088463530309929,0.3934040442084981,-0.032181579035430896
WT_03__TO__SCA3_06,0.0125,xy,seed_median_curve_persistent,marker_first,4,0.3612224651730672,0.18163429424119298,0.7104952932875863,0.3934040442084981,-0.032181579035430896
WT_03__TO__SCA3_06,0.0125,xyz,median_seed_isotonic,marker_first,4,0.4532964157711147,0.22954240028828365,0.7838179550715322,0.3934040442084981,0.059892371562616564
WT_03__TO__SCA3_06,0.0125,xyz,q25_seed_isotonic,marker_first,4,0.17861065661449105,0.06557050692454422,0.4423164082031288,0.3934040442084981,-0.21479338759400707
WT_03__TO__SCA3_06,0.0125,xyz,q75_seed_isotonic,marker_first,4,0.4897642006302022,0.30003138295311915,0.813182263385249,0.3934040442084981,0.09636015642170409
WT_03__TO__SCA3_06,0.0125,xyz,seed_median_curve_first,marker_first,4,0.3901186339866406,0.20890128828639803,0.5532591986396453,0.3934040442084981,-0.003285410221857521
WT_03__TO__SCA3_06,0.0125,xyz,seed_median_curve_isotonic,marker_first,4,0.45580503220449214,0.211776162971049,0.7251152202799502,0.3934040442084981,0.06240098799599403
WT_03__TO__SCA3_06,0.0125,xyz,seed_median_curve_persistent,marker_first,4,0.3901186339866406,0.2311631083467696,0.5532591986396453,0.3934040442084981,-0.003285410221857521
WT_03__TO__SCA3_06,0.0125,z,median_seed_isotonic,marker_first,4,0.6840603651100381,0.4219775710754541,0.8742396676731028,0.3934040442084981,0.29065632090154
WT_03__TO__SCA3_06,0.0125,z,q25_seed_isotonic,marker_first,4,0.3683476745402009,0.11718198368027825,0.6060668148558375,0.3934040442084981,-0.025056369668297218
WT_03__TO__SCA3_06,0.0125,z,q75_seed_isotonic,marker_first,4,0.7808841773974753,0.6797566073704511,0.8909444913357238,0.3934040442084981,0.38748013318897717
WT_03__TO__SCA3_06,0.0125,z,seed_median_curve_first,marker_first,4,0.4007548251135532,0.13187791741792654,0.661418422797508,0.3934040442084981,0.007350780905055088
WT_03__TO__SCA3_06,0.0125,z,seed_median_curve_isotonic,marker_first,4,0.6646169007545762,0.3841343279376003,0.8027691109734212,0.3934040442084981,0.27121285654607813
WT_03__TO__SCA3_06,0.0125,z,seed_median_curve_persistent,marker_first,4,0.5206736697171027,0.3335350058465748,0.6844713517249612,0.3934040442084981,0.1272696255086046
WT_03__TO__SCA3_06,0.025,xy,median_seed_isotonic,marker_first,4,0.3695714159980896,0.17095599981436216,0.7158752188056956,0.3934040442084981,-0.02383262821040849
WT_03__TO__SCA3_06,0.025,xy,q25_seed_isotonic,marker_first,4,0.3595497156294788,0.14164532648885728,0.6848216925208997,0.3934040442084981,-0.03385432857901932
WT_03__TO__SCA3_06,0.025,xy,q75_seed_isotonic,marker_first,4,0.3855654656463209,0.19165264430447657,0.738435451824615,0.3934040442084981,-0.007838578562177234
WT_03__TO__SCA3_06,0.025,xy,seed_median_curve_first,marker_first,4,0.31366026424616794,0.16062216072822,0.4158487351426512,0.3934040442084981,-0.07974377996233017
WT_03__TO__SCA3_06,0.025,xy,seed_median_curve_isotonic,marker_first,4,0.3695402563553738,0.16468017857184747,0.7101670206297253,0.3934040442084981,-0.02386378785312432
WT_03__TO__SCA3_06,0.025,xy,seed_median_curve_persistent,marker_first,4,0.3695402563553738,0.1872984886905209,0.7123581154758593,0.3934040442084981,-0.02386378785312432
WT_03__TO__SCA3_06,0.025,xyz,median_seed_isotonic,marker_first,4,0.458747693537756,0.23645765605973312,0.7857798426429472,0.3934040442084981,0.0653436493292579
WT_03__TO__SCA3_06,0.025,xyz,q25_seed_isotonic,marker_first,4,0.23236946046640508,0.1093385210733889,0.4489232974872792,0.3934040442084981,-0.16103458374209303
WT_03__TO__SCA3_06,0.025,xyz,q75_seed_isotonic,marker_first,4,0.5100715875736473,0.3206323520658224,0.8134868416883863,0.3934040442084981,0.11666754336514923
WT_03__TO__SCA3_06,0.025,xyz,seed_median_curve_first,marker_first,4,0.3931540288443305,0.2122763059066194,0.5561349624659215,0.3934040442084981,-0.0002500153641676328
WT_03__TO__SCA3_06,0.025,xyz,seed_median_curve_isotonic,marker_first,4,0.4612569632046666,0.21528814583795375,0.7277948987093252,0.3934040442084981,0.06785291899616847
WT_03__TO__SCA3_06,0.025,xyz,seed_median_curve_persistent,marker_first,4,0.3931540288443305,0.23509012911585125,0.5561349624659215,0.3934040442084981,-0.0002500153641676328
WT_03__TO__SCA3_06,0.025,z,median_seed_isotonic,marker_first,4,0.6627262986625266,0.42335934658947216,0.8524375048149175,0.3934040442084981,0.2693222544540285
WT_03__TO__SCA3_06,0.025,z,q25_seed_isotonic,marker_first,4,0.36809293890951367,0.10982002715320167,0.6038083027494063,0.3934040442084981,-0.02531110529898445
WT_03__TO__SCA3_06,0.025,z,q75_seed_isotonic,marker_first,4,0.7790189188445875,0.6796630545901051,0.889096160407318,0.3934040442084981,0.3856148746360894
WT_03__TO__SCA3_06,0.025,z,seed_median_curve_first,marker_first,4,0.5220225589696406,0.2529237852884281,0.6600584838689795,0.3934040442084981,0.12861851476114244
WT_03__TO__SCA3_06,0.025,z,seed_median_curve_isotonic,marker_first,4,0.6624164756462831,0.409452870331223,0.7989263879130227,0.3934040442084981,0.269012431437785
WT_03__TO__SCA3_06,0.025,z,seed_median_curve_persistent,marker_first,4,0.5220225589696406,0.4561062048910256,0.6600584838689795,0.3934040442084981,0.12861851476114244
WT_03__TO__SCA3_06,0.05,xy,median_seed_isotonic,marker_first,4,0.3815601643821014,0.18224410746291964,0.7161153798940412,0.3934040442084981,-0.01184387982639673
WT_03__TO__SCA3_06,0.05,xy,q25_seed_isotonic,marker_first,4,0.14643268980241303,0.027021483594676633,0.3674987836332439,0.3934040442084981,-0.2469713544060851
WT_03__TO__SCA3_06,0.05,xy,q75_seed_isotonic,marker_first,4,0.4307970357647182,0.2239452831498418,0.7515652168467113,0.3934040442084981,0.03739299155622006
WT_03__TO__SCA3_06,0.05,xy,seed_median_curve_first,marker_first,4,0.31176194098997523,0.17479584607386658,0.40331731641166774,0.3934040442084981,-0.08164210321852289
WT_03__TO__SCA3_06,0.05,xy,seed_median_curve_isotonic,marker_first,4,0.3825356642252064,0.17823702259521712,0.7079148508723968,0.3934040442084981,-0.01086837998329171
WT_03__TO__SCA3_06,0.05,xy,seed_median_curve_persistent,marker_first,4,0.3825356642252064,0.19981216061867113,0.7113281643220891,0.3934040442084981,-0.01086837998329171
WT_03__TO__SCA3_06,0.05,xyz,median_seed_isotonic,marker_first,4,0.4750382738088609,0.25700676806139383,0.7818869247032031,0.3934040442084981,0.08163422960036276
WT_03__TO__SCA3_06,0.05,xyz,q25_seed_isotonic,marker_first,4,0.2538440002496984,0.10153405905875136,0.472718975284358,0.3934040442084981,-0.13956004395879973
WT_03__TO__SCA3_06,0.05,xyz,q75_seed_isotonic,marker_first,4,0.5209383851420444,0.3306069531306071,0.8142911203668037,0.3934040442084981,0.12753434093354626
WT_03__TO__SCA3_06,0.05,xyz,seed_median_curve_first,marker_first,4,0.43070299764435427,0.24979401479023572,0.5588455828986361,0.3934040442084981,0.03729895343585615
WT_03__TO__SCA3_06,0.05,xyz,seed_median_curve_isotonic,marker_first,4,0.5011412939912023,0.2521067907257667,0.7306916170552477,0.3934040442084981,0.10773724978270421
WT_03__TO__SCA3_06,0.05,xyz,seed_median_curve_persistent,marker_first,4,0.43070299764435427,0.2735094009767758,0.5588455828986361,0.3934040442084981,0.03729895343585615
WT_03__TO__SCA3_06,0.05,z,median_seed_isotonic,marker_first,4,0.6602870780622732,0.4257015239988403,0.8496908121915292,0.3934040442084981,0.26688303385377504
WT_03__TO__SCA3_06,0.05,z,q25_seed_isotonic,marker_first,4,0.3679161573966976,0.10955329920596599,0.5933379887891884,0.3934040442084981,-0.02548788681180053
WT_03__TO__SCA3_06,0.05,z,q75_seed_isotonic,marker_first,4,0.7720450562832477,0.6856132381306264,0.8829016227249809,0.3934040442084981,0.3786410120747496
WT_03__TO__SCA3_06,0.05,z,seed_median_curve_first,marker_first,4,0.5240168444562168,0.2545645459059455,0.6543779736499735,0.3934040442084981,0.13061280024771865
WT_03__TO__SCA3_06,0.05,z,seed_median_curve_isotonic,marker_first,4,0.6548705093966944,0.4152752012736386,0.7901095303788273,0.3934040442084981,0.26146646518819633
WT_03__TO__SCA3_06,0.05,z,seed_median_curve_persistent,marker_first,4,0.5240168444562168,0.4572388367685539,0.6543779736499735,0.3934040442084981,0.13061280024771865
WT_03__TO__SCA3_09,0.0125,xy,median_seed_isotonic,marker_first,12,0.32546262535301423,0.11493056350057597,0.619604907055154,0.4331096114441799,-0.10764698609116569
WT_03__TO__SCA3_09,0.0125,xy,q25_seed_isotonic,marker_first,12,0.3164943213058481,0.049610472713321196,0.5242011058487552,0.4331096114441799,-0.11661529013833183
WT_03__TO__SCA3_09,0.0125,xy,q75_seed_isotonic,marker_first,12,0.5163965475239127,0.3390800741219887,0.7220243561593768,0.4331096114441799,0.08328693607973281
WT_03__TO__SCA3_09,0.0125,xy,seed_median_curve_first,marker_first,12,0.32546262535301423,0.06378964723336336,0.5805076428742253,0.4331096114441799,-0.10764698609116569
WT_03__TO__SCA3_09,0.0125,xy,seed_median_curve_isotonic,marker_first,12,0.32546262535301423,0.1160691853615246,0.6184606114765882,0.4331096114441799,-0.10764698609116569
WT_03__TO__SCA3_09,0.0125,xy,seed_median_curve_persistent,marker_first,12,0.32546262535301423,0.1382287846632452,0.5805076428742253,0.4331096114441799,-0.10764698609116569
WT_03__TO__SCA3_09,0.0125,xyz,median_seed_isotonic,marker_first,12,0.44147891083969415,0.1641299336656466,0.4969633647868459,0.4331096114441799,0.00836929939551423
WT_03__TO__SCA3_09,0.0125,xyz,q25_seed_isotonic,marker_first,12,0.29453508567952025,0.15358023890187045,0.48962240765880594,0.4331096114441799,-0.13857452576465967
WT_03__TO__SCA3_09,0.0125,xyz,q75_seed_isotonic,marker_first,12,0.516109041251484,0.30918936556253696,0.531815642282033,0.4331096114441799,0.08299942980730413
WT_03__TO__SCA3_09,0.0125,xyz,seed_median_curve_first,marker_first,12,0.4298067138370436,0.1545736446327144,0.4697565321113047,0.4331096114441799,-0.0033028976071363125
WT_03__TO__SCA3_09,0.0125,xyz,seed_median_curve_isotonic,marker_first,12,0.44147891083969415,0.16131310996778228,0.4973566100833863,0.4331096114441799,0.00836929939551423
WT_03__TO__SCA3_09,0.0125,xyz,seed_median_curve_persistent,marker_first,12,0.4298067138370436,0.16330441460112377,0.4697565321113047,0.4331096114441799,-0.0033028976071363125
WT_03__TO__SCA3_09,0.0125,z,median_seed_isotonic,marker_first,12,0.481302224690645,0.26108740768608335,0.5321634217679336,0.4331096114441799,0.048192613246465066
WT_03__TO__SCA3_09,0.0125,z,q25_seed_isotonic,marker_first,12,0.2269294735511501,0.048604954804277394,0.5269856918741986,0.4331096114441799,-0.20618013789302983
WT_03__TO__SCA3_09,0.0125,z,q75_seed_isotonic,marker_first,12,0.5711546848219569,0.49063636283567963,0.6656503992589422,0.4331096114441799,0.13804507337777694
WT_03__TO__SCA3_09,0.0125,z,seed_median_curve_first,marker_first,12,0.2686496039601901,0.09604501988940779,0.5222568582532968,0.4331096114441799,-0.1644600074839898
WT_03__TO__SCA3_09,0.0125,z,seed_median_curve_isotonic,marker_first,12,0.4807882504377413,0.18225443175682232,0.5321634217679336,0.4331096114441799,0.047678638993561395
WT_03__TO__SCA3_09,0.0125,z,seed_median_curve_persistent,marker_first,12,0.4807882504377413,0.18367456738066595,0.5321634217679336,0.4331096114441799,0.047678638993561395
WT_03__TO__SCA3_09,0.025,xy,median_seed_isotonic,marker_first,12,0.3332155013141156,0.11877498879403281,0.6126125115771559,0.4331096114441799,-0.09989411013006433
WT_03__TO__SCA3_09,0.025,xy,q25_seed_isotonic,marker_first,12,0.3193847795330646,0.05053088348629013,0.5374420637850855,0.4331096114441799,-0.11372483191111532
WT_03__TO__SCA3_09,0.025,xy,q75_seed_isotonic,marker_first,12,0.5019564931624585,0.3714050436039808,0.7101250914966786,0.4331096114441799,0.06884688171827857
WT_03__TO__SCA3_09,0.025,xy,seed_median_curve_first,marker_first,12,0.33572258559540535,0.06408893677988896,0.5769054447559778,0.4331096114441799,-0.09738702584877457
WT_03__TO__SCA3_09,0.025,xy,seed_median_curve_isotonic,marker_first,12,0.33657122417704505,0.1202778766240632,0.6096636758281035,0.4331096114441799,-0.09653838726713487
WT_03__TO__SCA3_09,0.025,xy,seed_median_curve_persistent,marker_first,12,0.33572258559540535,0.1408121875139769,0.5769054447559778,0.4331096114441799,-0.09738702584877457
WT_03__TO__SCA3_09,0.025,xyz,median_seed_isotonic,marker_first,12,0.46121893448721024,0.1673300688951433,0.5008415525478265,0.4331096114441799,0.02810932304303032
WT_03__TO__SCA3_09,0.025,xyz,q25_seed_isotonic,marker_first,12,0.30357738456534666,0.13181151403152225,0.49321761010980397,0.4331096114441799,-0.12953222687883326
WT_03__TO__SCA3_09,0.025,xyz,q75_seed_isotonic,marker_first,12,0.5155860632214055,0.3146026528407181,0.5359165120767712,0.4331096114441799,0.08247645177722562
WT_03__TO__SCA3_09,0.025,xyz,seed_median_curve_first,marker_first,12,0.4362234500174284,0.16183810994648223,0.49095211641917885,0.4331096114441799,0.003113838573248484
WT_03__TO__SCA3_09,0.025,xyz,seed_median_curve_isotonic,marker_first,12,0.4610735049161876,0.1637515334087111,0.5015205018836228,0.4331096114441799,0.027963893472007673
WT_03__TO__SCA3_09,0.025,xyz,seed_median_curve_persistent,marker_first,12,0.4362234500174284,0.16709282927331415,0.49095211641917885,0.4331096114441799,0.003113838573248484
WT_03__TO__SCA3_09,0.025,z,median_seed_isotonic,marker_first,12,0.51734579751085,0.2609275683716391,0.5546577912874093,0.4331096114441799,0.08423618606667005
WT_03__TO__SCA3_09,0.025,z,q25_seed_isotonic,marker_first,12,0.35299486936640395,0.06365902570573545,0.515370417162249,0.4331096114441799,-0.08011474207777597
WT_03__TO__SCA3_09,0.025,z,q75_seed_isotonic,marker_first,12,0.5848394626620224,0.49076833582919405,0.7073425783249622,0.4331096114441799,0.15172985121784244
WT_03__TO__SCA3_09,0.025,z,seed_median_curve_first,marker_first,12,0.2662895606589784,0.10899745266063098,0.5284225650997191,0.4331096114441799,-0.1668200507852015
WT_03__TO__SCA3_09,0.025,z,seed_median_curve_isotonic,marker_first,12,0.487981840762559,0.20029513957669548,0.5284225650997191,0.4331096114441799,0.054872229318379095
WT_03__TO__SCA3_09,0.025,z,seed_median_curve_persistent,marker_first,12,0.487981840762559,0.2532091856939571,0.5284225650997191,0.4331096114441799,0.054872229318379095
WT_03__TO__SCA3_09,0.05,xy,median_seed_isotonic,marker_first,12,0.35894272979872455,0.12453936871758045,0.5870877671779023,0.4331096114441799,-0.07416688164545537
WT_03__TO__SCA3_09,0.05,xy,q25_seed_isotonic,marker_first,12,0.32163850379106884,0.053232846129884756,0.5240484481741711,0.4331096114441799,-0.11147110765311108
WT_03__TO__SCA3_09,0.05,xy,q75_seed_isotonic,marker_first,12,0.49662239988378243,0.37644999270639884,0.6930969580621228,0.4331096114441799,0.06351278843960251
WT_03__TO__SCA3_09,0.05,xy,seed_median_curve_first,marker_first,12,0.3399050372922533,0.06641409877465175,0.5685617167479554,0.4331096114441799,-0.09320457415192662
WT_03__TO__SCA3_09,0.05,xy,seed_median_curve_isotonic,marker_first,12,0.35489723761437786,0.1255364587118033,0.5961405324345974,0.4331096114441799,-0.07821237382980206
WT_03__TO__SCA3_09,0.05,xy,seed_median_curve_persistent,marker_first,12,0.36104958751528027,0.23073390274636524,0.5685617167479554,0.4331096114441799,-0.07206002392889965
WT_03__TO__SCA3_09,0.05,xyz,median_seed_isotonic,marker_first,12,0.47023477818867926,0.1763806852607963,0.5043995201400658,0.4331096114441799,0.03712516674449934
WT_03__TO__SCA3_09,0.05,xyz,q25_seed_isotonic,marker_first,12,0.3265205610543988,0.13080822809864737,0.48402950947169965,0.4331096114441799,-0.10658905038978111
WT_03__TO__SCA3_09,0.05,xyz,q75_seed_isotonic,marker_first,12,0.5046727536199798,0.3377179223640532,0.552089324726217,0.4331096114441799,0.07156314217579984
WT_03__TO__SCA3_09,0.05,xyz,seed_median_curve_first,marker_first,12,0.4472471293289693,0.17070928902142857,0.4981995728850395,0.4331096114441799,0.014137517884789397
WT_03__TO__SCA3_09,0.05,xyz,seed_median_curve_isotonic,marker_first,12,0.4702317837055829,0.17477804963361981,0.504298975961749,0.4331096114441799,0.037122172261402964
WT_03__TO__SCA3_09,0.05,xyz,seed_median_curve_persistent,marker_first,12,0.4702317837055829,0.1786210199892,0.5040825639021225,0.4331096114441799,0.037122172261402964
WT_03__TO__SCA3_09,0.05,z,median_seed_isotonic,marker_first,12,0.49788633763444845,0.2592628588506366,0.5728314565605531,0.4331096114441799,0.06477672619026853
WT_03__TO__SCA3_09,0.05,z,q25_seed_isotonic,marker_first,12,0.3517631937584473,0.0617448351993299,0.5159298319849358,0.4331096114441799,-0.08134641768573264
WT_03__TO__SCA3_09,0.05,z,q75_seed_isotonic,marker_first,12,0.5933955120497546,0.4714297758061703,0.755149796318042,0.4331096114441799,0.16028590060557468
WT_03__TO__SCA3_09,0.05,z,seed_median_curve_first,marker_first,12,0.26627323820232246,0.10814914689470065,0.5485793459170771,0.4331096114441799,-0.16683637324185746
WT_03__TO__SCA3_09,0.05,z,seed_median_curve_isotonic,marker_first,12,0.4803002266779739,0.25306062965124265,0.5485793459170771,0.4331096114441799,0.047190615233793975
WT_03__TO__SCA3_09,0.05,z,seed_median_curve_persistent,marker_first,12,0.4803002266779739,0.25413175028632917,0.5485793459170771,0.4331096114441799,0.047190615233793975
WT_04__TO__SCA3_01,0.0125,xy,median_seed_isotonic,marker_first,12,0.6529801795459655,0.47222451719959463,0.895204075725216,0.7015683614961412,-0.04858818195017567
WT_04__TO__SCA3_01,0.0125,xy,q25_seed_isotonic,marker_first,12,0.645848800827506,0.4278974262517266,0.8881039341039607,0.7015683614961412,-0.05571956066863526
WT_04__TO__SCA3_01,0.0125,xy,q75_seed_isotonic,marker_first,12,0.6645680572908742,0.5016555180252518,0.9014700053977583,0.7015683614961412,-0.03700030420526701
WT_04__TO__SCA3_01,0.0125,xy,seed_median_curve_first,marker_first,12,0.6529801795459655,0.47222451719959463,0.8929907625766881,0.7015683614961412,-0.04858818195017567
WT_04__TO__SCA3_01,0.0125,xy,seed_median_curve_isotonic,marker_first,12,0.6529801795459655,0.47222451719959463,0.8929907625766881,0.7015683614961412,-0.04858818195017567
WT_04__TO__SCA3_01,0.0125,xy,seed_median_curve_persistent,marker_first,12,0.6529801795459655,0.47222451719959463,0.8929907625766881,0.7015683614961412,-0.04858818195017567
WT_04__TO__SCA3_01,0.0125,xyz,median_seed_isotonic,marker_first,12,0.5576103683392418,0.4718478618306196,0.6078651435224859,0.7015683614961412,-0.1439579931568994
WT_04__TO__SCA3_01,0.0125,xyz,q25_seed_isotonic,marker_first,12,0.48952218244187246,0.454138439015733,0.5527222662245055,0.7015683614961412,-0.21204617905426876
WT_04__TO__SCA3_01,0.0125,xyz,q75_seed_isotonic,marker_first,12,0.6140185316519977,0.47886890863735043,0.6761607994119924,0.7015683614961412,-0.0875498298441435
WT_04__TO__SCA3_01,0.0125,xyz,seed_median_curve_first,marker_first,12,0.5543323870649207,0.4718478618306196,0.6078651435224859,0.7015683614961412,-0.1472359744312205
WT_04__TO__SCA3_01,0.0125,xyz,seed_median_curve_isotonic,marker_first,12,0.5543323870649207,0.4718478618306196,0.6078651435224859,0.7015683614961412,-0.1472359744312205
WT_04__TO__SCA3_01,0.0125,xyz,seed_median_curve_persistent,marker_first,12,0.5543323870649207,0.4718478618306196,0.6078651435224859,0.7015683614961412,-0.1472359744312205
WT_04__TO__SCA3_01,0.0125,z,median_seed_isotonic,marker_first,12,0.4496538358737262,0.2826140978470133,0.5213603640162622,0.7015683614961412,-0.251914525622415
WT_04__TO__SCA3_01,0.0125,z,q25_seed_isotonic,marker_first,12,0.428378603768223,0.26026118874285503,0.49864186257510146,0.7015683614961412,-0.2731897577279182
WT_04__TO__SCA3_01,0.0125,z,q75_seed_isotonic,marker_first,12,0.4708076358475609,0.3434843326372248,0.6467231068418892,0.7015683614961412,-0.2307607256485803
WT_04__TO__SCA3_01,0.0125,z,seed_median_curve_first,marker_first,12,0.446456460095063,0.28093583013906326,0.5213319358257047,0.7015683614961412,-0.2551119014010782
WT_04__TO__SCA3_01,0.0125,z,seed_median_curve_isotonic,marker_first,12,0.446456460095063,0.2870032254191561,0.5213319358257047,0.7015683614961412,-0.2551119014010782
WT_04__TO__SCA3_01,0.0125,z,seed_median_curve_persistent,marker_first,12,0.446456460095063,0.3319135344703642,0.5213319358257047,0.7015683614961412,-0.2551119014010782
WT_04__TO__SCA3_01,0.025,xy,median_seed_isotonic,marker_first,12,0.6373196898597843,0.4772642743582157,0.8920044283752698,0.7015683614961412,-0.06424867163635695
WT_04__TO__SCA3_01,0.025,xy,q25_seed_isotonic,marker_first,12,0.6308638066317168,0.4387945909634037,0.8839324801719957,0.7015683614961412,-0.0707045548644244
WT_04__TO__SCA3_01,0.025,xy,q75_seed_isotonic,marker_first,12,0.6477456144327561,0.49551595905534807,0.9035344352458408,0.7015683614961412,-0.05382274706338508
WT_04__TO__SCA3_01,0.025,xy,seed_median_curve_first,marker_first,12,0.6377614492500773,0.47695268283705555,0.8891053910810717,0.7015683614961412,-0.06380691224606394
WT_04__TO__SCA3_01,0.025,xy,seed_median_curve_isotonic,marker_first,12,0.6377614492500773,0.47695268283705555,0.8891053910810717,0.7015683614961412,-0.06380691224606394
WT_04__TO__SCA3_01,0.025,xy,seed_median_curve_persistent,marker_first,12,0.6377614492500773,0.47695268283705555,0.8891053910810717,0.7015683614961412,-0.06380691224606394
WT_04__TO__SCA3_01,0.025,xyz,median_seed_isotonic,marker_first,12,0.5992556797025832,0.4667971785371709,0.6190576749761717,0.7015683614961412,-0.10231268179355801
WT_04__TO__SCA3_01,0.025,xyz,q25_seed_isotonic,marker_first,12,0.5139933991585439,0.4588348352676321,0.56990927374389,0.7015683614961412,-0.1875749623375973
WT_04__TO__SCA3_01,0.025,xyz,q75_seed_isotonic,marker_first,12,0.6162894121129585,0.4778267222685596,0.6772410437790904,0.7015683614961412,-0.0852789493831827
WT_04__TO__SCA3_01,0.025,xyz,seed_median_curve_first,marker_first,12,0.5992556797025832,0.46678312361986024,0.6194132789683034,0.7015683614961412,-0.10231268179355801
WT_04__TO__SCA3_01,0.025,xyz,seed_median_curve_isotonic,marker_first,12,0.5992556797025832,0.46678312361986024,0.6190576749761717,0.7015683614961412,-0.10231268179355801
WT_04__TO__SCA3_01,0.025,xyz,seed_median_curve_persistent,marker_first,12,0.5992556797025832,0.46678312361986024,0.6194132789683034,0.7015683614961412,-0.10231268179355801
WT_04__TO__SCA3_01,0.025,z,median_seed_isotonic,marker_first,12,0.4536366063739524,0.2688577630223932,0.5958659444149191,0.7015683614961412,-0.2479317551221888
WT_04__TO__SCA3_01,0.025,z,q25_seed_isotonic,marker_first,12,0.4464086870768776,0.2560754770046969,0.5399224722964125,0.7015683614961412,-0.2551596744192636
WT_04__TO__SCA3_01,0.025,z,q75_seed_isotonic,marker_first,12,0.461863624365202,0.3306289719024725,0.6468384496570476,0.7015683614961412,-0.2397047371309392
WT_04__TO__SCA3_01,0.025,z,seed_median_curve_first,marker_first,12,0.45307629246338904,0.2654326994645961,0.5958659444149191,0.7015683614961412,-0.24849206903275217
WT_04__TO__SCA3_01,0.025,z,seed_median_curve_isotonic,marker_first,12,0.45307629246338904,0.2654326994645961,0.5958659444149191,0.7015683614961412,-0.24849206903275217
WT_04__TO__SCA3_01,0.025,z,seed_median_curve_persistent,marker_first,12,0.45307629246338904,0.3181647462483114,0.5958659444149191,0.7015683614961412,-0.24849206903275217
WT_04__TO__SCA3_01,0.05,xy,median_seed_isotonic,marker_first,12,0.6394939022262103,0.5090621821079481,0.8904603459039382,0.7015683614961412,-0.06207445926993094
WT_04__TO__SCA3_01,0.05,xy,q25_seed_isotonic,marker_first,12,0.6344759078226457,0.4411417838697881,0.8462856253466557,0.7015683614961412,-0.06709245367349548
WT_04__TO__SCA3_01,0.05,xy,q75_seed_isotonic,marker_first,12,0.6652535320493667,0.516856073604564,0.9059832047448719,0.7015683614961412,-0.036314829446774555
WT_04__TO__SCA3_01,0.05,xy,seed_median_curve_first,marker_first,12,0.6430491297461722,0.5090621821079481,0.8898583006730757,0.7015683614961412,-0.05851923174996898
WT_04__TO__SCA3_01,0.05,xy,seed_median_curve_isotonic,marker_first,12,0.6430491297461722,0.5090621821079481,0.8898583006730757,0.7015683614961412,-0.05851923174996898
WT_04__TO__SCA3_01,0.05,xy,seed_median_curve_persistent,marker_first,12,0.6430491297461722,0.5090621821079481,0.8898583006730757,0.7015683614961412,-0.05851923174996898
WT_04__TO__SCA3_01,0.05,xyz,median_seed_isotonic,marker_first,12,0.6055189626143851,0.465749530123152,0.6255274394355387,0.7015683614961412,-0.09604939888175612
WT_04__TO__SCA3_01,0.05,xyz,q25_seed_isotonic,marker_first,12,0.507455126890799,0.45931052284571644,0.5802246693709527,0.7015683614961412,-0.19411323460534224
WT_04__TO__SCA3_01,0.05,xyz,q75_seed_isotonic,marker_first,12,0.6174594251494895,0.47578387087777474,0.7015981948476027,0.7015683614961412,-0.08410893634665173
WT_04__TO__SCA3_01,0.05,xyz,seed_median_curve_first,marker_first,12,0.6055189626143851,0.46561013473367197,0.6260749853684584,0.7015683614961412,-0.09604939888175612
WT_04__TO__SCA3_01,0.05,xyz,seed_median_curve_isotonic,marker_first,12,0.6055189626143851,0.46561013473367197,0.6255274394355387,0.7015683614961412,-0.09604939888175612
WT_04__TO__SCA3_01,0.05,xyz,seed_median_curve_persistent,marker_first,12,0.6055189626143851,0.46561013473367197,0.6260749853684584,0.7015683614961412,-0.09604939888175612
WT_04__TO__SCA3_01,0.05,z,median_seed_isotonic,marker_first,12,0.447213669239195,0.2938618044090829,0.6125320856297644,0.7015683614961412,-0.25435469225694624
WT_04__TO__SCA3_01,0.05,z,q25_seed_isotonic,marker_first,12,0.43733259362873395,0.27413041983515474,0.5416992290729747,0.7015683614961412,-0.26423576786740727
WT_04__TO__SCA3_01,0.05,z,q75_seed_isotonic,marker_first,12,0.45225489263827445,0.29688452932545517,0.6421694221964303,0.7015683614961412,-0.24931346885786676
WT_04__TO__SCA3_01,0.05,z,seed_median_curve_first,marker_first,12,0.4476925632480917,0.28989456258709484,0.6132070927264504,0.7015683614961412,-0.2538757982480495
WT_04__TO__SCA3_01,0.05,z,seed_median_curve_isotonic,marker_first,12,0.4476925632480917,0.28989456258709484,0.6125803782995133,0.7015683614961412,-0.2538757982480495
WT_04__TO__SCA3_01,0.05,z,seed_median_curve_persistent,marker_first,12,0.4476925632480917,0.28989456258709484,0.6132070927264504,0.7015683614961412,-0.2538757982480495
WT_04__TO__SCA3_04,0.0125,xy,median_seed_isotonic,marker_first,36,0.542922771157049,0.3053076776555621,0.6836310307628484,0.5531056006839034,-0.010182829526854342
WT_04__TO__SCA3_04,0.0125,xy,q25_seed_isotonic,marker_first,36,0.4975438702890716,0.277885681277806,0.6519107038898452,0.5531056006839034,-0.055561730394831754
WT_04__TO__SCA3_04,0.0125,xy,q75_seed_isotonic,marker_first,36,0.5825987759670036,0.31835345683395305,0.6933089196654185,0.5531056006839034,0.029493175283100248
WT_04__TO__SCA3_04,0.0125,xy,seed_median_curve_first,marker_first,36,0.5443206942484926,0.30788296309544866,0.6698036696788774,0.5531056006839034,-0.008784906435410744
WT_04__TO__SCA3_04,0.0125,xy,seed_median_curve_isotonic,marker_first,36,0.5443206942484926,0.30788296309544866,0.6833588466240642,0.5531056006839034,-0.008784906435410744
WT_04__TO__SCA3_04,0.0125,xy,seed_median_curve_persistent,marker_first,36,0.5500444912628931,0.30788296309544866,0.6833588466240642,0.5531056006839034,-0.003061109421010233
WT_04__TO__SCA3_04,0.0125,xyz,median_seed_isotonic,marker_first,36,0.48538149510462925,0.32750761366322306,0.6634279097148799,0.5531056006839034,-0.06772410557927411
WT_04__TO__SCA3_04,0.0125,xyz,q25_seed_isotonic,marker_first,36,0.4728176253631473,0.32248251454879984,0.5995985664285672,0.5531056006839034,-0.08028797532075604
WT_04__TO__SCA3_04,0.0125,xyz,q75_seed_isotonic,marker_first,36,0.49742358908386797,0.3306265083423085,0.684778791274192,0.5531056006839034,-0.055682011600035386
WT_04__TO__SCA3_04,0.0125,xyz,seed_median_curve_first,marker_first,36,0.48539186305116,0.32819344119003657,0.6674739981002231,0.5531056006839034,-0.06771373763274335
WT_04__TO__SCA3_04,0.0125,xyz,seed_median_curve_isotonic,marker_first,36,0.48539186305116,0.32819344119003657,0.6654320999443598,0.5531056006839034,-0.06771373763274335
WT_04__TO__SCA3_04,0.0125,xyz,seed_median_curve_persistent,marker_first,36,0.48539186305116,0.32819344119003657,0.6674739981002231,0.5531056006839034,-0.06771373763274335
WT_04__TO__SCA3_04,0.0125,z,median_seed_isotonic,marker_first,36,0.4840340033810645,0.3061906814859215,0.6393234484128263,0.5531056006839034,-0.06907159730283885
WT_04__TO__SCA3_04,0.0125,z,q25_seed_isotonic,marker_first,36,0.4634389710969603,0.23818564453405155,0.5791612629217788,0.5531056006839034,-0.08966662958694305
WT_04__TO__SCA3_04,0.0125,z,q75_seed_isotonic,marker_first,36,0.4922273870381751,0.31153514025541834,0.6556277984730549,0.5531056006839034,-0.06087821364572826
WT_04__TO__SCA3_04,0.0125,z,seed_median_curve_first,marker_first,36,0.4840340033810645,0.3065190124865335,0.616618062771017,0.5531056006839034,-0.06907159730283885
WT_04__TO__SCA3_04,0.0125,z,seed_median_curve_isotonic,marker_first,36,0.4840340033810645,0.3065190124865335,0.6397038891283842,0.5531056006839034,-0.06907159730283885
WT_04__TO__SCA3_04,0.0125,z,seed_median_curve_persistent,marker_first,36,0.4840340033810645,0.3065190124865335,0.6397038891283842,0.5531056006839034,-0.06907159730283885
WT_04__TO__SCA3_04,0.025,xy,median_seed_isotonic,marker_first,36,0.5394001653631352,0.3280771162801123,0.6839750513533267,0.5531056006839034,-0.013705435320768178
WT_04__TO__SCA3_04,0.025,xy,q25_seed_isotonic,marker_first,36,0.49806343149952503,0.29570704879129484,0.6520263385393058,0.5531056006839034,-0.05504216918437832
WT_04__TO__SCA3_04,0.025,xy,q75_seed_isotonic,marker_first,36,0.5767358675863702,0.3381559294924681,0.6926873535936651,0.5531056006839034,0.023630266902466834
WT_04__TO__SCA3_04,0.025,xy,seed_median_curve_first,marker_first,36,0.5136358077265455,0.3273373758870777,0.6692798810597037,0.5531056006839034,-0.03946979295735786
WT_04__TO__SCA3_04,0.025,xy,seed_median_curve_isotonic,marker_first,36,0.5415799653441341,0.3273373758870777,0.6839750513533267,0.5531056006839034,-0.011525635339769247
WT_04__TO__SCA3_04,0.025,xy,seed_median_curve_persistent,marker_first,36,0.548589657156596,0.3273373758870777,0.6839750513533267,0.5531056006839034,-0.004515943527307331
WT_04__TO__SCA3_04,0.025,xyz,median_seed_isotonic,marker_first,36,0.4861146196887493,0.3388986302949553,0.665179695569649,0.5531056006839034,-0.06699098099515405
WT_04__TO__SCA3_04,0.025,xyz,q25_seed_isotonic,marker_first,36,0.46481276725151177,0.3286030059042323,0.6005326906502735,0.5531056006839034,-0.08829283343239158
WT_04__TO__SCA3_04,0.025,xyz,q75_seed_isotonic,marker_first,36,0.5028456332186414,0.3451615711460306,0.6873153764615045,0.5531056006839034,-0.05025996746526196
WT_04__TO__SCA3_04,0.025,xyz,seed_median_curve_first,marker_first,36,0.48587867923359357,0.3340744961951546,0.6694941170578408,0.5531056006839034,-0.06722692145030978
WT_04__TO__SCA3_04,0.025,xyz,seed_median_curve_isotonic,marker_first,36,0.48587867923359357,0.3390589021669118,0.6674688767509431,0.5531056006839034,-0.06722692145030978
WT_04__TO__SCA3_04,0.025,xyz,seed_median_curve_persistent,marker_first,36,0.48587867923359357,0.3390589021669118,0.6694941170578408,0.5531056006839034,-0.06722692145030978
WT_04__TO__SCA3_04,0.025,z,median_seed_isotonic,marker_first,36,0.48701649233457317,0.311555999793185,0.624829169386417,0.5531056006839034,-0.06608910834933018
WT_04__TO__SCA3_04,0.025,z,q25_seed_isotonic,marker_first,36,0.4675193978490752,0.24103569732801572,0.5731310330685685,0.5531056006839034,-0.08558620283482815
WT_04__TO__SCA3_04,0.025,z,q75_seed_isotonic,marker_first,36,0.4919254996907198,0.3179502998159535,0.6606873809099468,0.5531056006839034,-0.06118010099318355
WT_04__TO__SCA3_04,0.025,z,seed_median_curve_first,marker_first,36,0.48701649233457317,0.3126332736422493,0.6177950313294882,0.5531056006839034,-0.06608910834933018
WT_04__TO__SCA3_04,0.025,z,seed_median_curve_isotonic,marker_first,36,0.48701649233457317,0.3126332736422493,0.6386756468869975,0.5531056006839034,-0.06608910834933018
WT_04__TO__SCA3_04,0.025,z,seed_median_curve_persistent,marker_first,36,0.48701649233457317,0.3126332736422493,0.6386756468869975,0.5531056006839034,-0.06608910834933018
WT_04__TO__SCA3_04,0.05,xy,median_seed_isotonic,marker_first,36,0.5136744753210809,0.3352352853474004,0.6735945395379715,0.5531056006839034,-0.03943112536282245
WT_04__TO__SCA3_04,0.05,xy,q25_seed_isotonic,marker_first,36,0.4928270633319152,0.31450127747427703,0.6496846732254605,0.5531056006839034,-0.060278537351988126
WT_04__TO__SCA3_04,0.05,xy,q75_seed_isotonic,marker_first,36,0.5550619441295955,0.33693015824572814,0.6954971481132707,0.5531056006839034,0.001956343445692177
WT_04__TO__SCA3_04,0.05,xy,seed_median_curve_first,marker_first,36,0.5110107445323713,0.3350682732116165,0.6595205714176302,0.5531056006839034,-0.04209485615153208
WT_04__TO__SCA3_04,0.05,xy,seed_median_curve_isotonic,marker_first,36,0.5139371217890516,0.3350682732116165,0.6735945395379715,0.5531056006839034,-0.039168478894851755
WT_04__TO__SCA3_04,0.05,xy,seed_median_curve_persistent,marker_first,36,0.5305169730022218,0.3350682732116165,0.6735945395379715,0.5531056006839034,-0.022588627681681572
WT_04__TO__SCA3_04,0.05,xyz,median_seed_isotonic,marker_first,36,0.48718781094889185,0.3739082278279768,0.6688364300587919,0.5531056006839034,-0.0659177897350115
WT_04__TO__SCA3_04,0.05,xyz,q25_seed_isotonic,marker_first,36,0.4631388900037704,0.34002160821708927,0.6161601071831958,0.5531056006839034,-0.08996671068013296
WT_04__TO__SCA3_04,0.05,xyz,q75_seed_isotonic,marker_first,36,0.5063634920497267,0.3926501866401622,0.7117071396602845,0.5531056006839034,-0.046742108634176605
WT_04__TO__SCA3_04,0.05,xyz,seed_median_curve_first,marker_first,36,0.48718781094889185,0.3739082278279768,0.671500683653705,0.5531056006839034,-0.0659177897350115
WT_04__TO__SCA3_04,0.05,xyz,seed_median_curve_isotonic,marker_first,36,0.48718781094889185,0.3739082278279768,0.6701619086589559,0.5531056006839034,-0.0659177897350115
WT_04__TO__SCA3_04,0.05,xyz,seed_median_curve_persistent,marker_first,36,0.48718781094889185,0.3739082278279768,0.6718703383120297,0.5531056006839034,-0.0659177897350115
WT_04__TO__SCA3_04,0.05,z,median_seed_isotonic,marker_first,36,0.4821120718090687,0.32557689116049626,0.6173689595405472,0.5531056006839034,-0.07099352887483468
WT_04__TO__SCA3_04,0.05,z,q25_seed_isotonic,marker_first,36,0.4689044493733339,0.24097865095585225,0.5685346816946317,0.5531056006839034,-0.08420115131056943
WT_04__TO__SCA3_04,0.05,z,q75_seed_isotonic,marker_first,36,0.4925072363141094,0.3271164885532625,0.66594529908633,0.5531056006839034,-0.06059836436979393
WT_04__TO__SCA3_04,0.05,z,seed_median_curve_first,marker_first,36,0.48288903998535904,0.3246825260313031,0.6163822308118335,0.5531056006839034,-0.07021656069854432
WT_04__TO__SCA3_04,0.05,z,seed_median_curve_isotonic,marker_first,36,0.48288903998535904,0.3246825260313031,0.6209060875805689,0.5531056006839034,-0.07021656069854432
WT_04__TO__SCA3_04,0.05,z,seed_median_curve_persistent,marker_first,36,0.48288903998535904,0.3246825260313031,0.6362272137461049,0.5531056006839034,-0.07021656069854432
WT_04__TO__SCA3_06,0.0125,xy,median_seed_isotonic,marker_first,6,0.4766881834195763,0.4651328677474914,0.5173345838208255,0.6786463925580624,-0.20195820913848606
WT_04__TO__SCA3_06,0.0125,xy,q25_seed_isotonic,marker_first,6,0.44972724292042254,0.3802986656319138,0.47413634133383165,0.6786463925580624,-0.22891914963763982
WT_04__TO__SCA3_06,0.0125,xy,q75_seed_isotonic,marker_first,6,0.5652742252426263,0.4995906595967502,0.6007606551521212,0.6786463925580624,-0.11337216731543609
WT_04__TO__SCA3_06,0.0125,xy,seed_median_curve_first,marker_first,6,0.48229720841714063,0.45605861341748394,0.5153364540679792,0.6786463925580624,-0.19634918414092173
WT_04__TO__SCA3_06,0.0125,xy,seed_median_curve_isotonic,marker_first,6,0.4872010765681521,0.4603013760683502,0.5119963721818939,0.6786463925580624,-0.19144531598991027
WT_04__TO__SCA3_06,0.0125,xy,seed_median_curve_persistent,marker_first,6,0.5010160070550236,0.45605861341748394,0.5509680436668679,0.6786463925580624,-0.17763038550303878
WT_04__TO__SCA3_06,0.0125,xyz,median_seed_isotonic,marker_first,6,0.5462347734528308,0.37490938470513,0.732310930182178,0.6786463925580624,-0.13241161910523158
WT_04__TO__SCA3_06,0.0125,xyz,q25_seed_isotonic,marker_first,6,0.4736584301694836,0.28160767588584484,0.6977205269062233,0.6786463925580624,-0.20498796238857875
WT_04__TO__SCA3_06,0.0125,xyz,q75_seed_isotonic,marker_first,6,0.5816760669466841,0.4069992009770005,0.7865619108565436,0.6786463925580624,-0.0969703256113783
WT_04__TO__SCA3_06,0.0125,xyz,seed_median_curve_first,marker_first,6,0.5435008379485426,0.3747605371701599,0.6938237948519416,0.6786463925580624,-0.1351455546095197
WT_04__TO__SCA3_06,0.0125,xyz,seed_median_curve_isotonic,marker_first,6,0.5493678006369902,0.37469413723981027,0.6981847736420835,0.6786463925580624,-0.12927859192107216
WT_04__TO__SCA3_06,0.0125,xyz,seed_median_curve_persistent,marker_first,6,0.5846801470410345,0.3747605371701599,0.8281481045329065,0.6786463925580624,-0.09396624551702781
WT_04__TO__SCA3_06,0.0125,z,median_seed_isotonic,marker_first,6,0.46282332897556117,0.3164394175487549,0.6887905501418078,0.6786463925580624,-0.2158230635825012
WT_04__TO__SCA3_06,0.0125,z,q25_seed_isotonic,marker_first,6,0.40123558692415395,0.21049466673619305,0.6335094606200218,0.6786463925580624,-0.2774108056339084
WT_04__TO__SCA3_06,0.0125,z,q75_seed_isotonic,marker_first,6,0.5580794481821332,0.3345636083700328,0.7745098688148048,0.6786463925580624,-0.12056694437592919
WT_04__TO__SCA3_06,0.0125,z,seed_median_curve_first,marker_first,6,0.4188392197901924,0.3121732434412979,0.5957088195317236,0.6786463925580624,-0.25980717276786996
WT_04__TO__SCA3_06,0.0125,z,seed_median_curve_isotonic,marker_first,6,0.49955479265918407,0.3121732434412979,0.6917450118526742,0.6786463925580624,-0.1790915998988783
WT_04__TO__SCA3_06,0.0125,z,seed_median_curve_persistent,marker_first,6,0.5045609363029031,0.3121732434412979,0.6907149348815541,0.6786463925580624,-0.17408545625515925
WT_04__TO__SCA3_06,0.025,xy,median_seed_isotonic,marker_first,6,0.5086816357829912,0.47947453822873237,0.5321341808275131,0.6786463925580624,-0.16996475677507117
WT_04__TO__SCA3_06,0.025,xy,q25_seed_isotonic,marker_first,6,0.45925007951404484,0.4507109826230947,0.4783903491729876,0.6786463925580624,-0.21939631304401752
WT_04__TO__SCA3_06,0.025,xy,q75_seed_isotonic,marker_first,6,0.5496020163876317,0.5240405261980499,0.5742661662321749,0.6786463925580624,-0.12904437617043063
WT_04__TO__SCA3_06,0.025,xy,seed_median_curve_first,marker_first,6,0.495476004503552,0.4632088009994962,0.5325110677589113,0.6786463925580624,-0.18317038805451036
WT_04__TO__SCA3_06,0.025,xy,seed_median_curve_isotonic,marker_first,6,0.5002845065968251,0.46359681960601373,0.5325110677589113,0.6786463925580624,-0.17836188596123725
WT_04__TO__SCA3_06,0.025,xy,seed_median_curve_persistent,marker_first,6,0.5245045174217098,0.4632088009994962,0.5471871229067675,0.6786463925580624,-0.15414187513635258
WT_04__TO__SCA3_06,0.025,xyz,median_seed_isotonic,marker_first,6,0.5508668238872654,0.37606274519238236,0.7318636401408418,0.6786463925580624,-0.12777956867079698
WT_04__TO__SCA3_06,0.025,xyz,q25_seed_isotonic,marker_first,6,0.48059954273223243,0.2775376914796288,0.69657077920267,0.6786463925580624,-0.19804684982582993
WT_04__TO__SCA3_06,0.025,xyz,q75_seed_isotonic,marker_first,6,0.5825412503757795,0.4123567778583884,0.7864061401722744,0.6786463925580624,-0.09610514218228283
WT_04__TO__SCA3_06,0.025,xyz,seed_median_curve_first,marker_first,6,0.5482229863217538,0.37606274519238236,0.6939852766491138,0.6786463925580624,-0.13042340623630855
WT_04__TO__SCA3_06,0.025,xyz,seed_median_curve_isotonic,marker_first,6,0.5546803850676398,0.37606274519238236,0.6981415621252771,0.6786463925580624,-0.12396600749042253
WT_04__TO__SCA3_06,0.025,xyz,seed_median_curve_persistent,marker_first,6,0.5908456789762737,0.37606274519238236,0.8287253927322236,0.6786463925580624,-0.08780071358178865
WT_04__TO__SCA3_06,0.025,z,median_seed_isotonic,marker_first,6,0.4653646315932852,0.32254743061876934,0.7243250793932107,0.6786463925580624,-0.21328176096477713
WT_04__TO__SCA3_06,0.025,z,q25_seed_isotonic,marker_first,6,0.40961785384364635,0.21241939932726814,0.6336419231309864,0.6786463925580624,-0.269028538714416
WT_04__TO__SCA3_06,0.025,z,q75_seed_isotonic,marker_first,6,0.588624608808822,0.3275084028651045,0.7980156402879663,0.6786463925580624,-0.09002178374924041
WT_04__TO__SCA3_06,0.025,z,seed_median_curve_first,marker_first,6,0.42094575080099284,0.31462603253197885,0.5950933794182532,0.6786463925580624,-0.2577006417570695
WT_04__TO__SCA3_06,0.025,z,seed_median_curve_isotonic,marker_first,6,0.5020385899320234,0.31462603253197885,0.6920421916599978,0.6786463925580624,-0.17660780262603892
WT_04__TO__SCA3_06,0.025,z,seed_median_curve_persistent,marker_first,6,0.5072860060009035,0.31462603253197885,0.6906251368096522,0.6786463925580624,-0.1713603865571589
WT_04__TO__SCA3_06,0.05,xy,median_seed_isotonic,marker_first,6,0.5266587862512125,0.5059944398281956,0.538033268706323,0.6786463925580624,-0.15198760630684982
WT_04__TO__SCA3_06,0.05,xy,q25_seed_isotonic,marker_first,6,0.48782974877538776,0.46754527383159156,0.495527884348752,0.6786463925580624,-0.1908166437826746
WT_04__TO__SCA3_06,0.05,xy,q75_seed_isotonic,marker_first,6,0.5576248012694294,0.5318843700014225,0.5984105975643293,0.6786463925580624,-0.12102159128863299
WT_04__TO__SCA3_06,0.05,xy,seed_median_curve_first,marker_first,6,0.5334055787337373,0.5184927397477062,0.5779915719206393,0.6786463925580624,-0.14524081382432508
WT_04__TO__SCA3_06,0.05,xy,seed_median_curve_isotonic,marker_first,6,0.5334055787337373,0.5166231578266314,0.5779915719206393,0.6786463925580624,-0.14524081382432508
WT_04__TO__SCA3_06,0.05,xy,seed_median_curve_persistent,marker_first,6,0.5334055787337373,0.5184927397477062,0.5779915719206393,0.6786463925580624,-0.14524081382432508
WT_04__TO__SCA3_06,0.05,xyz,median_seed_isotonic,marker_first,6,0.5503403569313681,0.3860972693512328,0.7307375494487416,0.6786463925580624,-0.1283060356266943
WT_04__TO__SCA3_06,0.05,xyz,q25_seed_isotonic,marker_first,6,0.4817098954107338,0.27569932969447497,0.6972794904418322,0.6786463925580624,-0.19693649714732858
WT_04__TO__SCA3_06,0.05,xyz,q75_seed_isotonic,marker_first,6,0.5871905355842579,0.4155689159195693,0.7864949936773944,0.6786463925580624,-0.09145585697380443
WT_04__TO__SCA3_06,0.05,xyz,seed_median_curve_first,marker_first,6,0.5489238365196284,0.3860972693512328,0.6935326157445918,0.6786463925580624,-0.12972255603843397
WT_04__TO__SCA3_06,0.05,xyz,seed_median_curve_isotonic,marker_first,6,0.5553607626630415,0.3860972693512328,0.697371199271191,0.6786463925580624,-0.1232856298950209
WT_04__TO__SCA3_06,0.05,xyz,seed_median_curve_persistent,marker_first,6,0.5916359673585518,0.3860972693512328,0.8283231848584647,0.6786463925580624,-0.08701042519951052
WT_04__TO__SCA3_06,0.05,z,median_seed_isotonic,marker_first,6,0.4703751075941347,0.33054040086951614,0.7207082999068032,0.6786463925580624,-0.20827128496392766
WT_04__TO__SCA3_06,0.05,z,q25_seed_isotonic,marker_first,6,0.4202166375346511,0.2218314700959733,0.6314171422625087,0.6786463925580624,-0.25842975502341126
WT_04__TO__SCA3_06,0.05,z,q75_seed_isotonic,marker_first,6,0.595393463618573,0.34696756024685044,0.7987447466305863,0.6786463925580624,-0.08325292893948932
WT_04__TO__SCA3_06,0.05,z,seed_median_curve_first,marker_first,6,0.3831545822723432,0.3288690232929598,0.5933035378214728,0.6786463925580624,-0.29549181028571914
WT_04__TO__SCA3_06,0.05,z,seed_median_curve_isotonic,marker_first,6,0.5075948717388029,0.3288690232929598,0.6921099747440458,0.6786463925580624,-0.17105152081925945
WT_04__TO__SCA3_06,0.05,z,seed_median_curve_persistent,marker_first,6,0.512696044533559,0.3288690232929598,0.6908446709442889,0.6786463925580624,-0.16595034802450337
WT_04__TO__SCA3_09,0.0125,xy,median_seed_isotonic,marker_first,18,0.4994253146838044,0.1444277557218665,0.5687380192916659,0.6872428658139085,-0.18781755113010407
WT_04__TO__SCA3_09,0.0125,xy,q25_seed_isotonic,marker_first,18,0.48116389913071145,0.14231923671959956,0.5556205203236618,0.6872428658139085,-0.20607896668319703
WT_04__TO__SCA3_09,0.0125,xy,q75_seed_isotonic,marker_first,18,0.5087802776005447,0.14454288334240742,0.5761019529230669,0.6872428658139085,-0.1784625882133638
WT_04__TO__SCA3_09,0.0125,xy,seed_median_curve_first,marker_first,18,0.4972049788711149,0.14454288334240742,0.5722573691078832,0.6872428658139085,-0.19003788694279355
WT_04__TO__SCA3_09,0.0125,xy,seed_median_curve_isotonic,marker_first,18,0.4993228226296322,0.14454288334240742,0.5717331724101179,0.6872428658139085,-0.1879200431842763
WT_04__TO__SCA3_09,0.0125,xy,seed_median_curve_persistent,marker_first,18,0.4993228226296322,0.14454288334240742,0.5722573691078834,0.6872428658139085,-0.1879200431842763
WT_04__TO__SCA3_09,0.0125,xyz,median_seed_isotonic,marker_first,18,0.427111358067544,0.24180813354583874,0.5535548915065428,0.6872428658139085,-0.26013150774636445
WT_04__TO__SCA3_09,0.0125,xyz,q25_seed_isotonic,marker_first,18,0.35746717318435955,0.23007667501530984,0.5119303156311387,0.6872428658139085,-0.3297756926295489
WT_04__TO__SCA3_09,0.0125,xyz,q75_seed_isotonic,marker_first,18,0.4426593816851222,0.2451025063883495,0.6122792051798999,0.6872428658139085,-0.24458348412878628
WT_04__TO__SCA3_09,0.0125,xyz,seed_median_curve_first,marker_first,18,0.4209753528466351,0.24180813354583874,0.46590219492712737,0.6872428658139085,-0.26626751296727336
WT_04__TO__SCA3_09,0.0125,xyz,seed_median_curve_isotonic,marker_first,18,0.427085171548116,0.24180813354583874,0.5586634447899658,0.6872428658139085,-0.2601576942657925
WT_04__TO__SCA3_09,0.0125,xyz,seed_median_curve_persistent,marker_first,18,0.4415311118708012,0.24180813354583874,0.5586634447899658,0.6872428658139085,-0.2457117539431073
WT_04__TO__SCA3_09,0.0125,z,median_seed_isotonic,marker_first,18,0.30359471942140487,0.17636251609601797,0.46225653967468394,0.6872428658139085,-0.3836481463925036
WT_04__TO__SCA3_09,0.0125,z,q25_seed_isotonic,marker_first,18,0.29047885614378516,0.16790074641859948,0.461787589178224,0.6872428658139085,-0.3967640096701233
WT_04__TO__SCA3_09,0.0125,z,q75_seed_isotonic,marker_first,18,0.39360228283444887,0.2014363300414507,0.46275035407956494,0.6872428658139085,-0.2936405829794596
WT_04__TO__SCA3_09,0.0125,z,seed_median_curve_first,marker_first,18,0.2768684892784465,0.1874655271157516,0.4624403196299206,0.6872428658139085,-0.410374376535462
WT_04__TO__SCA3_09,0.0125,z,seed_median_curve_isotonic,marker_first,18,0.32159388070969086,0.19225739349576806,0.4624403196299206,0.6872428658139085,-0.3656489851042176
WT_04__TO__SCA3_09,0.0125,z,seed_median_curve_persistent,marker_first,18,0.32618094917597884,0.19225739349576806,0.4624403196299206,0.6872428658139085,-0.36106191663792964
WT_04__TO__SCA3_09,0.025,xy,median_seed_isotonic,marker_first,18,0.5069366299913959,0.16102371466684798,0.5708354818120506,0.6872428658139085,-0.1803062358225126
WT_04__TO__SCA3_09,0.025,xy,q25_seed_isotonic,marker_first,18,0.4837968660537014,0.14232321187763697,0.555247655685234,0.6872428658139085,-0.20344599976020705
WT_04__TO__SCA3_09,0.025,xy,q75_seed_isotonic,marker_first,18,0.5184332683651425,0.16154177599207117,0.578791299224308,0.6872428658139085,-0.168809597448766
WT_04__TO__SCA3_09,0.025,xy,seed_median_curve_first,marker_first,18,0.5053201563931171,0.16066447790788776,0.577937227246638,0.6872428658139085,-0.18192270942079136
WT_04__TO__SCA3_09,0.025,xy,seed_median_curve_isotonic,marker_first,18,0.5054545497271369,0.16066447790788776,0.5771879591633798,0.6872428658139085,-0.1817883160867716
WT_04__TO__SCA3_09,0.025,xy,seed_median_curve_persistent,marker_first,18,0.5053201563931171,0.16066447790788776,0.577937227246638,0.6872428658139085,-0.18192270942079136
WT_04__TO__SCA3_09,0.025,xyz,median_seed_isotonic,marker_first,18,0.42798857830724285,0.24805420113318696,0.5529527531625867,0.6872428658139085,-0.2592542875066656
WT_04__TO__SCA3_09,0.025,xyz,q25_seed_isotonic,marker_first,18,0.36403499761036257,0.2046474693801283,0.5111522770867045,0.6872428658139085,-0.3232078682035459
WT_04__TO__SCA3_09,0.025,xyz,q75_seed_isotonic,marker_first,18,0.44547091601772487,0.2487755876826413,0.6115889340576335,0.6872428658139085,-0.2417719497961836
WT_04__TO__SCA3_09,0.025,xyz,seed_median_curve_first,marker_first,18,0.4278616668660993,0.2480268059255478,0.4657757922573832,0.6872428658139085,-0.2593811989478092
WT_04__TO__SCA3_09,0.025,xyz,seed_median_curve_isotonic,marker_first,18,0.4440175588574075,0.2480268059255478,0.5628651227556571,0.6872428658139085,-0.24322530695650096
WT_04__TO__SCA3_09,0.025,xyz,seed_median_curve_persistent,marker_first,18,0.4440175588574075,0.2480268059255478,0.5628651227556571,0.6872428658139085,-0.24322530695650096
WT_04__TO__SCA3_09,0.025,z,median_seed_isotonic,marker_first,18,0.2889075173309191,0.17874844135264847,0.46415129998709925,0.6872428658139085,-0.3983353484829894
WT_04__TO__SCA3_09,0.025,z,q25_seed_isotonic,marker_first,18,0.2529570995233301,0.16614434264174405,0.44575634887379584,0.6872428658139085,-0.43428576629057836
WT_04__TO__SCA3_09,0.025,z,q75_seed_isotonic,marker_first,18,0.3944912576180946,0.2034671677730455,0.4643650938088873,0.6872428658139085,-0.29275160819581386
WT_04__TO__SCA3_09,0.025,z,seed_median_curve_first,marker_first,18,0.27511514109184915,0.1869772355313439,0.46412397048439646,0.6872428658139085,-0.41212772472205933
WT_04__TO__SCA3_09,0.025,z,seed_median_curve_isotonic,marker_first,18,0.3214614669648993,0.19362786457359496,0.46412397048439646,0.6872428658139085,-0.3657813988490092
WT_04__TO__SCA3_09,0.025,z,seed_median_curve_persistent,marker_first,18,0.326109277206846,0.19362786457359496,0.46412397048439646,0.6872428658139085,-0.36113358860706246
WT_04__TO__SCA3_09,0.05,xy,median_seed_isotonic,marker_first,18,0.5208968722438219,0.16750946373033815,0.5605574279634514,0.6872428658139085,-0.16634599357008661
WT_04__TO__SCA3_09,0.05,xy,q25_seed_isotonic,marker_first,18,0.4687059422015632,0.16737800364994293,0.5531770603869852,0.6872428658139085,-0.21853692361234528
WT_04__TO__SCA3_09,0.05,xy,q75_seed_isotonic,marker_first,18,0.5304603125266493,0.16754239730600165,0.5959918288003447,0.6872428658139085,-0.1567825532872592
WT_04__TO__SCA3_09,0.05,xy,seed_median_curve_first,marker_first,18,0.516683893181018,0.16750946373033815,0.5737394886509176,0.6872428658139085,-0.17055897263289044
WT_04__TO__SCA3_09,0.05,xy,seed_median_curve_isotonic,marker_first,18,0.516683893181018,0.16750946373033815,0.5742826064281636,0.6872428658139085,-0.17055897263289044
WT_04__TO__SCA3_09,0.05,xy,seed_median_curve_persistent,marker_first,18,0.516683893181018,0.16750946373033815,0.5737394886509176,0.6872428658139085,-0.17055897263289044
WT_04__TO__SCA3_09,0.05,xyz,median_seed_isotonic,marker_first,18,0.4337248411948114,0.2629118730019061,0.5513931944900058,0.6872428658139085,-0.25351802461909706
WT_04__TO__SCA3_09,0.05,xyz,q25_seed_isotonic,marker_first,18,0.37693993963884354,0.20218486673689326,0.5111828002617345,0.6872428658139085,-0.31030292617506494
WT_04__TO__SCA3_09,0.05,xyz,q75_seed_isotonic,marker_first,18,0.45747090755285863,0.2642522213189078,0.5919357149630874,0.6872428658139085,-0.22977195826104985
WT_04__TO__SCA3_09,0.05,xyz,seed_median_curve_first,marker_first,18,0.4334374593995938,0.26313883025463836,0.4927859814223125,0.6872428658139085,-0.25380540641431465
WT_04__TO__SCA3_09,0.05,xyz,seed_median_curve_isotonic,marker_first,18,0.4547796107265235,0.26313883025463836,0.5629478696697587,0.6872428658139085,-0.23246325508738497
WT_04__TO__SCA3_09,0.05,xyz,seed_median_curve_persistent,marker_first,18,0.4547796107265235,0.26313883025463836,0.5629478696697587,0.6872428658139085,-0.23246325508738497
WT_04__TO__SCA3_09,0.05,z,median_seed_isotonic,marker_first,18,0.2828017592675407,0.19434611873282076,0.4718426035989192,0.6872428658139085,-0.4044411065463678
WT_04__TO__SCA3_09,0.05,z,q25_seed_isotonic,marker_first,18,0.24826783874632788,0.18449508177210422,0.46916518068396484,0.6872428658139085,-0.4389750270675806
WT_04__TO__SCA3_09,0.05,z,q75_seed_isotonic,marker_first,18,0.3967665721596142,0.21085570471180953,0.4719277338180113,0.6872428658139085,-0.2904762936542943
WT_04__TO__SCA3_09,0.05,z,seed_median_curve_first,marker_first,18,0.2693700667047062,0.18552315668826494,0.4722498015513245,0.6872428658139085,-0.4178727991092023
WT_04__TO__SCA3_09,0.05,z,seed_median_curve_isotonic,marker_first,18,0.3202685091834963,0.19553195694504547,0.4722498015513245,0.6872428658139085,-0.36697435663041217
WT_04__TO__SCA3_09,0.05,z,seed_median_curve_persistent,marker_first,18,0.3249756720227258,0.19553195694504547,0.4722498015513245,0.6872428658139085,-0.36226719379118266
WT_08__TO__SCA3_01,0.0125,xy,median_seed_isotonic,marker_first,2,0.9118768626679103,0.8806746622384437,0.9430790630973769,0.7795542992069673,0.13232256346094307
WT_08__TO__SCA3_01,0.0125,xy,q25_seed_isotonic,marker_first,2,0.9035787886056357,0.8702967166125357,0.9368608605987357,0.7795542992069673,0.12402448939866839
WT_08__TO__SCA3_01,0.0125,xy,q75_seed_isotonic,marker_first,2,0.9190706438753051,0.8836682856734691,0.9544730020771413,0.7795542992069673,0.13951634466833784
WT_08__TO__SCA3_01,0.0125,xy,seed_median_curve_first,marker_first,2,0.9128756680879498,0.8806746622384437,0.945076673937456,0.7795542992069673,0.13332136888098256
WT_08__TO__SCA3_01,0.0125,xy,seed_median_curve_isotonic,marker_first,2,0.9128756680879498,0.8806746622384437,0.945076673937456,0.7795542992069673,0.13332136888098256
WT_08__TO__SCA3_01,0.0125,xy,seed_median_curve_persistent,marker_first,2,0.9128756680879498,0.8806746622384437,0.945076673937456,0.7795542992069673,0.13332136888098256
WT_08__TO__SCA3_01,0.0125,xyz,median_seed_isotonic,marker_first,2,0.4385142561236284,0.30929617208411303,0.5677323401631438,0.7795542992069673,-0.3410400430833389
WT_08__TO__SCA3_01,0.0125,xyz,q25_seed_isotonic,marker_first,2,0.42365224990096606,0.29003054820995794,0.5572739515919741,0.7795542992069673,-0.3559020493060012
WT_08__TO__SCA3_01,0.0125,xyz,q75_seed_isotonic,marker_first,2,0.4484171035913719,0.31428031594616324,0.5825538912365805,0.7795542992069673,-0.3311371956155954
WT_08__TO__SCA3_01,0.0125,xyz,seed_median_curve_first,marker_first,2,0.43876892227376785,0.3097006306035148,0.5678372139440209,0.7795542992069673,-0.34078537693319944
WT_08__TO__SCA3_01,0.0125,xyz,seed_median_curve_isotonic,marker_first,2,0.4379460677737967,0.3080549216035725,0.5678372139440209,0.7795542992069673,-0.3416082314331706
WT_08__TO__SCA3_01,0.0125,xyz,seed_median_curve_persistent,marker_first,2,0.43876892227376785,0.3097006306035148,0.5678372139440209,0.7795542992069673,-0.34078537693319944
WT_08__TO__SCA3_01,0.0125,z,median_seed_isotonic,marker_first,2,0.34919059348985093,0.14417386896718098,0.5542073180125209,0.7795542992069673,-0.43036370571711635
WT_08__TO__SCA3_01,0.0125,z,q25_seed_isotonic,marker_first,2,0.32411381770723746,0.0954093098688151,0.5528183255456599,0.7795542992069673,-0.4554404814997298
WT_08__TO__SCA3_01,0.0125,z,q75_seed_isotonic,marker_first,2,0.3585443113917244,0.14470252825408433,0.5723860945293644,0.7795542992069673,-0.4210099878152429
WT_08__TO__SCA3_01,0.0125,z,seed_median_curve_first,marker_first,2,0.34844378964848766,0.1430449023284785,0.5538426769684968,0.7795542992069673,-0.4311105095584796
WT_08__TO__SCA3_01,0.0125,z,seed_median_curve_isotonic,marker_first,2,0.3491411037871139,0.144439530605731,0.5538426769684968,0.7795542992069673,-0.4304131954198534
WT_08__TO__SCA3_01,0.0125,z,seed_median_curve_persistent,marker_first,2,0.34844378964848766,0.1430449023284785,0.5538426769684968,0.7795542992069673,-0.4311105095584796
WT_08__TO__SCA3_01,0.025,xy,median_seed_isotonic,marker_first,2,0.9157876213581557,0.8877606272760162,0.9438146154402951,0.7795542992069673,0.13623332215118844
WT_08__TO__SCA3_01,0.025,xy,q25_seed_isotonic,marker_first,2,0.8751281685126171,0.8682946505834249,0.8819616864418093,0.7795542992069673,0.09557386930564982
WT_08__TO__SCA3_01,0.025,xy,q75_seed_isotonic,marker_first,2,0.9295657364649558,0.8884725959906463,0.9706588769392652,0.7795542992069673,0.1500114372579885
WT_08__TO__SCA3_01,0.025,xy,seed_median_curve_first,marker_first,2,0.9163083546737687,0.8884792612515431,0.9441374480959942,0.7795542992069673,0.13675405546680142
WT_08__TO__SCA3_01,0.025,xy,seed_median_curve_isotonic,marker_first,2,0.9163083546737687,0.8884792612515431,0.9441374480959942,0.7795542992069673,0.13675405546680142
WT_08__TO__SCA3_01,0.025,xy,seed_median_curve_persistent,marker_first,2,0.9163083546737687,0.8884792612515431,0.9441374480959942,0.7795542992069673,0.13675405546680142
WT_08__TO__SCA3_01,0.025,xyz,median_seed_isotonic,marker_first,2,0.42311823457892767,0.2833587743853603,0.562877694772495,0.7795542992069673,-0.3564360646280396
WT_08__TO__SCA3_01,0.025,xyz,q25_seed_isotonic,marker_first,2,0.40620458380771907,0.2508269027577603,0.5615822648576778,0.7795542992069673,-0.3733497153992482
WT_08__TO__SCA3_01,0.025,xyz,q75_seed_isotonic,marker_first,2,0.4452449547028695,0.30227241448250564,0.5882174949232334,0.7795542992069673,-0.33430934450409777
WT_08__TO__SCA3_01,0.025,xyz,seed_median_curve_first,marker_first,2,0.4106454567672581,0.25769305278933197,0.5635978607451843,0.7795542992069673,-0.3689088424397092
WT_08__TO__SCA3_01,0.025,xyz,seed_median_curve_isotonic,marker_first,2,0.4106454567672581,0.25769305278933197,0.5635978607451843,0.7795542992069673,-0.3689088424397092
WT_08__TO__SCA3_01,0.025,xyz,seed_median_curve_persistent,marker_first,2,0.4106454567672581,0.25769305278933197,0.5635978607451843,0.7795542992069673,-0.3689088424397092
WT_08__TO__SCA3_01,0.025,z,median_seed_isotonic,marker_first,2,0.3503407006498044,0.14301433756369084,0.5576670637359179,0.7795542992069673,-0.4292135985571629
WT_08__TO__SCA3_01,0.025,z,q25_seed_isotonic,marker_first,2,0.3244981228788238,0.09359252729456412,0.5554037184630835,0.7795542992069673,-0.4550561763281435
WT_08__TO__SCA3_01,0.025,z,q75_seed_isotonic,marker_first,2,0.3575586180317776,0.14520762825951097,0.5699096078040441,0.7795542992069673,-0.4219956811751897
WT_08__TO__SCA3_01,0.025,z,seed_median_curve_first,marker_first,2,0.34962366466014094,0.14210840034979563,0.5571389289704863,0.7795542992069673,-0.42993063454682634
WT_08__TO__SCA3_01,0.025,z,seed_median_curve_isotonic,marker_first,2,0.35024109655214586,0.14334326413380533,0.5571389289704863,0.7795542992069673,-0.4293132026548214
WT_08__TO__SCA3_01,0.025,z,seed_median_curve_persistent,marker_first,2,0.34962366466014094,0.14210840034979563,0.5571389289704863,0.7795542992069673,-0.42993063454682634
WT_08__TO__SCA3_01,0.05,xy,median_seed_isotonic,marker_first,2,0.910712118276364,0.8813530756585876,0.9400711608941403,0.7795542992069673,0.13115781906939672
WT_08__TO__SCA3_01,0.05,xy,q25_seed_isotonic,marker_first,2,0.8534848447358071,0.8305496344706136,0.8764200550010006,0.7795542992069673,0.07393054552883982
WT_08__TO__SCA3_01,0.05,xy,q75_seed_isotonic,marker_first,2,0.925998430793304,0.8849481398682698,0.9670487217183381,0.7795542992069673,0.14644413158633673
WT_08__TO__SCA3_01,0.05,xy,seed_median_curve_first,marker_first,2,0.9103376055110846,0.8806040501280287,0.9400711608941403,0.7795542992069673,0.13078330630411727
WT_08__TO__SCA3_01,0.05,xy,seed_median_curve_isotonic,marker_first,2,0.9103376055110846,0.8806040501280287,0.9400711608941403,0.7795542992069673,0.13078330630411727
WT_08__TO__SCA3_01,0.05,xy,seed_median_curve_persistent,marker_first,2,0.9103376055110846,0.8806040501280287,0.9400711608941403,0.7795542992069673,0.13078330630411727
WT_08__TO__SCA3_01,0.05,xyz,median_seed_isotonic,marker_first,2,0.40672241123836717,0.25273860303646517,0.5607062194402691,0.7795542992069673,-0.3728318879686001
WT_08__TO__SCA3_01,0.05,xyz,q25_seed_isotonic,marker_first,2,0.40530663734092565,0.25249785558948873,0.5581154190923625,0.7795542992069673,-0.37424766186604164
WT_08__TO__SCA3_01,0.05,xyz,q75_seed_isotonic,marker_first,2,0.42707780736869183,0.28676003918127874,0.5673955755561049,0.7795542992069673,-0.35247649183827545
WT_08__TO__SCA3_01,0.05,xyz,seed_median_curve_first,marker_first,2,0.40224949978433855,0.24506184352274116,0.5594371560459359,0.7795542992069673,-0.37730479942262873
WT_08__TO__SCA3_01,0.05,xyz,seed_median_curve_isotonic,marker_first,2,0.4023545764226839,0.24527199679943198,0.5594371560459359,0.7795542992069673,-0.3771997227842834
WT_08__TO__SCA3_01,0.05,xyz,seed_median_curve_persistent,marker_first,2,0.40224949978433855,0.24506184352274116,0.5594371560459359,0.7795542992069673,-0.37730479942262873
WT_08__TO__SCA3_01,0.05,z,median_seed_isotonic,marker_first,2,0.35211371804014446,0.14494309534412245,0.5592843407361664,0.7795542992069673,-0.4274405811668228
WT_08__TO__SCA3_01,0.05,z,q25_seed_isotonic,marker_first,2,0.32218890667700756,0.0930740222721912,0.5513037910818239,0.7795542992069673,-0.4573653925299597
WT_08__TO__SCA3_01,0.05,z,q75_seed_isotonic,marker_first,2,0.3582884441193962,0.14955156777481332,0.5670253204639791,0.7795542992069673,-0.4212658550875711
WT_08__TO__SCA3_01,0.05,z,seed_median_curve_first,marker_first,2,0.34982713015506417,0.14382461777346897,0.5558296425366595,0.7795542992069673,-0.4297271690519031
WT_08__TO__SCA3_01,0.05,z,seed_median_curve_isotonic,marker_first,2,0.35062991303160274,0.145430183526546,0.5558296425366595,0.7795542992069673,-0.42892438617536455
WT_08__TO__SCA3_01,0.05,z,seed_median_curve_persistent,marker_first,2,0.34982713015506417,0.14382461777346897,0.5558296425366595,0.7795542992069673,-0.4297271690519031
WT_08__TO__SCA3_04,0.0125,xy,median_seed_isotonic,marker_first,6,0.3928425227516377,0.15242297631667287,0.5639952127318564,0.8481475013224421,-0.4553049785708044
WT_08__TO__SCA3_04,0.0125,xy,q25_seed_isotonic,marker_first,6,0.3499156315537429,0.14723324750653494,0.536716428311106,0.8481475013224421,-0.4982318697686992
WT_08__TO__SCA3_04,0.0125,xy,q75_seed_isotonic,marker_first,6,0.4034649442772319,0.1592416434661456,0.6022508722469393,0.8481475013224421,-0.4446825570452102
WT_08__TO__SCA3_04,0.0125,xy,seed_median_curve_first,marker_first,6,0.39317246084604746,0.15300891930648697,0.5639952127318564,0.8481475013224421,-0.45497504047639464
WT_08__TO__SCA3_04,0.0125,xy,seed_median_curve_isotonic,marker_first,6,0.39375932675257597,0.15300891930648697,0.5639952127318564,0.8481475013224421,-0.45438817456986613
WT_08__TO__SCA3_04,0.0125,xy,seed_median_curve_persistent,marker_first,6,0.39317246084604746,0.15300891930648697,0.5639952127318564,0.8481475013224421,-0.45497504047639464
WT_08__TO__SCA3_04,0.0125,xyz,median_seed_isotonic,marker_first,6,0.40714004876455534,0.2992100569613264,0.5451770430763702,0.8481475013224421,-0.44100745255788676
WT_08__TO__SCA3_04,0.0125,xyz,q25_seed_isotonic,marker_first,6,0.39653640646048904,0.28875955613123305,0.5095692923183832,0.8481475013224421,-0.45161109486195306
WT_08__TO__SCA3_04,0.0125,xyz,q75_seed_isotonic,marker_first,6,0.4107132013556936,0.32044007706764926,0.5535511413685881,0.8481475013224421,-0.4374342999667485
WT_08__TO__SCA3_04,0.0125,xyz,seed_median_curve_first,marker_first,6,0.4060402654702222,0.2992100569613264,0.5437883371633543,0.8481475013224421,-0.4421072358522199
WT_08__TO__SCA3_04,0.0125,xyz,seed_median_curve_isotonic,marker_first,6,0.4060402654702222,0.2992100569613264,0.5437883371633543,0.8481475013224421,-0.4421072358522199
WT_08__TO__SCA3_04,0.0125,xyz,seed_median_curve_persistent,marker_first,6,0.4060402654702222,0.2992100569613264,0.5437883371633543,0.8481475013224421,-0.4421072358522199
WT_08__TO__SCA3_04,0.0125,z,median_seed_isotonic,marker_first,6,0.4045597682348616,0.2946088199776379,0.5450247483909056,0.8481475013224421,-0.4435877330875805
WT_08__TO__SCA3_04,0.0125,z,q25_seed_isotonic,marker_first,6,0.4012440977392639,0.26474902837631953,0.5086163885348496,0.8481475013224421,-0.4469034035831782
WT_08__TO__SCA3_04,0.0125,z,q75_seed_isotonic,marker_first,6,0.41308673763619674,0.31698381259765324,0.5523750311735288,0.8481475013224421,-0.43506076368624536
WT_08__TO__SCA3_04,0.0125,z,seed_median_curve_first,marker_first,6,0.4048406200617732,0.2946088199776379,0.5419251010561823,0.8481475013224421,-0.4433068812606689
WT_08__TO__SCA3_04,0.0125,z,seed_median_curve_isotonic,marker_first,6,0.4048406200617732,0.2946088199776379,0.5419251010561823,0.8481475013224421,-0.4433068812606689
WT_08__TO__SCA3_04,0.0125,z,seed_median_curve_persistent,marker_first,6,0.4048406200617732,0.2946088199776379,0.5419251010561823,0.8481475013224421,-0.4433068812606689
WT_08__TO__SCA3_04,0.025,xy,median_seed_isotonic,marker_first,6,0.39903830234799303,0.16024886958953402,0.5236230024876611,0.8481475013224421,-0.44910919897444906
WT_08__TO__SCA3_04,0.025,xy,q25_seed_isotonic,marker_first,6,0.38128238865163,0.13303531091457416,0.5231989137301263,0.8481475013224421,-0.4668651126708121
WT_08__TO__SCA3_04,0.025,xy,q75_seed_isotonic,marker_first,6,0.4175426947156632,0.18982892119458136,0.5814458434948406,0.8481475013224421,-0.4306048066067789
WT_08__TO__SCA3_04,0.025,xy,seed_median_curve_first,marker_first,6,0.39676381620049955,0.16024886958953402,0.5292957218934166,0.8481475013224421,-0.45138368512194255
WT_08__TO__SCA3_04,0.025,xy,seed_median_curve_isotonic,marker_first,6,0.3977536644306831,0.16024886958953402,0.5292957218934166,0.8481475013224421,-0.450393836891759
WT_08__TO__SCA3_04,0.025,xy,seed_median_curve_persistent,marker_first,6,0.39676381620049955,0.16024886958953402,0.5292957218934166,0.8481475013224421,-0.45138368512194255
WT_08__TO__SCA3_04,0.025,xyz,median_seed_isotonic,marker_first,6,0.40538304024003713,0.30393185372597253,0.5554809247204381,0.8481475013224421,-0.44276446108240497
WT_08__TO__SCA3_04,0.025,xyz,q25_seed_isotonic,marker_first,6,0.40057839555405805,0.28737686818885516,0.5122853046643976,0.8481475013224421,-0.44756910576838405
WT_08__TO__SCA3_04,0.025,xyz,q75_seed_isotonic,marker_first,6,0.4082219032733568,0.3185848411202305,0.5604743571404365,0.8481475013224421,-0.4399255980490853
WT_08__TO__SCA3_04,0.025,xyz,seed_median_curve_first,marker_first,6,0.4072167265115612,0.30387122229289615,0.5520923010318536,0.8481475013224421,-0.4409307748108809
WT_08__TO__SCA3_04,0.025,xyz,seed_median_curve_isotonic,marker_first,6,0.4072167265115612,0.30387122229289615,0.5520923010318536,0.8481475013224421,-0.4409307748108809
WT_08__TO__SCA3_04,0.025,xyz,seed_median_curve_persistent,marker_first,6,0.4072167265115612,0.30387122229289615,0.5520923010318536,0.8481475013224421,-0.4409307748108809
WT_08__TO__SCA3_04,0.025,z,median_seed_isotonic,marker_first,6,0.4143307885378585,0.29195338461299103,0.5524020858727339,0.8481475013224421,-0.4338167127845836
WT_08__TO__SCA3_04,0.025,z,q25_seed_isotonic,marker_first,6,0.4041576443663564,0.263687475764173,0.5112451158272017,0.8481475013224421,-0.4439898569560857
WT_08__TO__SCA3_04,0.025,z,q75_seed_isotonic,marker_first,6,0.4200211299643074,0.3191202470008369,0.5648135361173249,0.8481475013224421,-0.4281263713581347
WT_08__TO__SCA3_04,0.025,z,seed_median_curve_first,marker_first,6,0.4138990711358137,0.29195338461299103,0.5484267301683516,0.8481475013224421,-0.4342484301866284
WT_08__TO__SCA3_04,0.025,z,seed_median_curve_isotonic,marker_first,6,0.4138990711358137,0.29195338461299103,0.5484267301683516,0.8481475013224421,-0.4342484301866284
WT_08__TO__SCA3_04,0.025,z,seed_median_curve_persistent,marker_first,6,0.4138990711358137,0.29195338461299103,0.5484267301683516,0.8481475013224421,-0.4342484301866284
WT_08__TO__SCA3_04,0.05,xy,median_seed_isotonic,marker_first,6,0.4871550450918663,0.16021859872094069,0.5538872359768616,0.8481475013224421,-0.3609924562305758
WT_08__TO__SCA3_04,0.05,xy,q25_seed_isotonic,marker_first,6,0.38789191970485076,0.1478165137775936,0.49422156204820367,0.8481475013224421,-0.46025558161759134
WT_08__TO__SCA3_04,0.05,xy,q75_seed_isotonic,marker_first,6,0.539172981304005,0.183820231957269,0.5752009699395786,0.8481475013224421,-0.30897452001843706
WT_08__TO__SCA3_04,0.05,xy,seed_median_curve_first,marker_first,6,0.48669496702611464,0.1644053531478044,0.5051933900547768,0.8481475013224421,-0.36145253429632745
WT_08__TO__SCA3_04,0.05,xy,seed_median_curve_isotonic,marker_first,6,0.4871550450918663,0.1644053531478044,0.5051933900547768,0.8481475013224421,-0.3609924562305758
WT_08__TO__SCA3_04,0.05,xy,seed_median_curve_persistent,marker_first,6,0.48669496702611464,0.1644053531478044,0.5051933900547768,0.8481475013224421,-0.36145253429632745
WT_08__TO__SCA3_04,0.05,xyz,median_seed_isotonic,marker_first,6,0.40818352913459505,0.29606404395892383,0.5492076336845934,0.8481475013224421,-0.43996397218784705
WT_08__TO__SCA3_04,0.05,xyz,q25_seed_isotonic,marker_first,6,0.4019763399560916,0.28866779398791487,0.5172987453977677,0.8481475013224421,-0.4461711613663505
WT_08__TO__SCA3_04,0.05,xyz,q75_seed_isotonic,marker_first,6,0.4099489463678258,0.31951809149512206,0.5640980360405105,0.8481475013224421,-0.4381985549546163
WT_08__TO__SCA3_04,0.05,xyz,seed_median_curve_first,marker_first,6,0.40818352913459505,0.29606404395892383,0.5492718878881916,0.8481475013224421,-0.43996397218784705
WT_08__TO__SCA3_04,0.05,xyz,seed_median_curve_isotonic,marker_first,6,0.40818352913459505,0.29606404395892383,0.5492718878881916,0.8481475013224421,-0.43996397218784705
WT_08__TO__SCA3_04,0.05,xyz,seed_median_curve_persistent,marker_first,6,0.40818352913459505,0.29606404395892383,0.5492718878881916,0.8481475013224421,-0.43996397218784705
WT_08__TO__SCA3_04,0.05,z,median_seed_isotonic,marker_first,6,0.41709246418668744,0.2962448066083408,0.5667149202525857,0.8481475013224421,-0.43105503713575466
WT_08__TO__SCA3_04,0.05,z,q25_seed_isotonic,marker_first,6,0.416006483426065,0.25847852876848965,0.5165111765562778,0.8481475013224421,-0.4321410178963771
WT_08__TO__SCA3_04,0.05,z,q75_seed_isotonic,marker_first,6,0.4250162526883537,0.32397553392994105,0.5697346003494692,0.8481475013224421,-0.4231312486340884
WT_08__TO__SCA3_04,0.05,z,seed_median_curve_first,marker_first,6,0.41676606935412824,0.2962448066083408,0.5667226902647889,0.8481475013224421,-0.43138143196831386
WT_08__TO__SCA3_04,0.05,z,seed_median_curve_isotonic,marker_first,6,0.41676606935412824,0.2962448066083408,0.5667226902647889,0.8481475013224421,-0.43138143196831386
WT_08__TO__SCA3_04,0.05,z,seed_median_curve_persistent,marker_first,6,0.41676606935412824,0.2962448066083408,0.5667226902647889,0.8481475013224421,-0.43138143196831386
WT_08__TO__SCA3_06,0.0125,xy,median_seed_isotonic,marker_first,1,0.4538184273955377,0.4538184273955377,0.4538184273955377,0.681034327812895,-0.22721590041735729
WT_08__TO__SCA3_06,0.0125,xy,q25_seed_isotonic,marker_first,1,0.43221667009935294,0.43221667009935294,0.43221667009935294,0.681034327812895,-0.24881765771354203
WT_08__TO__SCA3_06,0.0125,xy,q75_seed_isotonic,marker_first,1,0.4695085378344794,0.4695085378344794,0.4695085378344794,0.681034327812895,-0.2115257899784156
WT_08__TO__SCA3_06,0.0125,xy,seed_median_curve_first,marker_first,1,0.4933231473520236,0.4933231473520236,0.4933231473520236,0.681034327812895,-0.18771118046087137
WT_08__TO__SCA3_06,0.0125,xy,seed_median_curve_isotonic,marker_first,1,0.4933231473520236,0.4933231473520236,0.4933231473520236,0.681034327812895,-0.18771118046087137
WT_08__TO__SCA3_06,0.0125,xy,seed_median_curve_persistent,marker_first,1,0.5712759036806846,0.5712759036806846,0.5712759036806846,0.681034327812895,-0.10975842413221037
WT_08__TO__SCA3_06,0.0125,xyz,median_seed_isotonic,marker_first,1,0.23424048485630014,0.23424048485630014,0.23424048485630014,0.681034327812895,-0.44679384295659486
WT_08__TO__SCA3_06,0.0125,xyz,q25_seed_isotonic,marker_first,1,0.18335905097345434,0.18335905097345434,0.18335905097345434,0.681034327812895,-0.49767527683944063
WT_08__TO__SCA3_06,0.0125,xyz,q75_seed_isotonic,marker_first,1,0.243074218930196,0.243074218930196,0.243074218930196,0.681034327812895,-0.437960108882699
WT_08__TO__SCA3_06,0.0125,xyz,seed_median_curve_first,marker_first,1,0.18931192400730676,0.18931192400730676,0.18931192400730676,0.681034327812895,-0.4917224038055882
WT_08__TO__SCA3_06,0.0125,xyz,seed_median_curve_isotonic,marker_first,1,0.23455206739520135,0.23455206739520135,0.23455206739520135,0.681034327812895,-0.4464822604176936
WT_08__TO__SCA3_06,0.0125,xyz,seed_median_curve_persistent,marker_first,1,0.24209553737159284,0.24209553737159284,0.24209553737159284,0.681034327812895,-0.43893879044130213
WT_08__TO__SCA3_06,0.0125,z,median_seed_isotonic,marker_first,1,0.1964338563340316,0.1964338563340316,0.1964338563340316,0.681034327812895,-0.48460047147886337
WT_08__TO__SCA3_06,0.0125,z,q25_seed_isotonic,marker_first,1,0.177099233078443,0.177099233078443,0.177099233078443,0.681034327812895,-0.503935094734452
WT_08__TO__SCA3_06,0.0125,z,q75_seed_isotonic,marker_first,1,0.24091438877454838,0.24091438877454838,0.24091438877454838,0.681034327812895,-0.44011993903834656
WT_08__TO__SCA3_06,0.0125,z,seed_median_curve_first,marker_first,1,0.1841490917513541,0.1841490917513541,0.1841490917513541,0.681034327812895,-0.4968852360615409
WT_08__TO__SCA3_06,0.0125,z,seed_median_curve_isotonic,marker_first,1,0.19689450126800023,0.19689450126800023,0.19689450126800023,0.681034327812895,-0.48413982654489474
WT_08__TO__SCA3_06,0.0125,z,seed_median_curve_persistent,marker_first,1,0.24154026088294767,0.24154026088294767,0.24154026088294767,0.681034327812895,-0.4394940669299473
WT_08__TO__SCA3_06,0.025,xy,median_seed_isotonic,marker_first,1,0.4759927997177798,0.4759927997177798,0.4759927997177798,0.681034327812895,-0.20504152809511517
WT_08__TO__SCA3_06,0.025,xy,q25_seed_isotonic,marker_first,1,0.43127141606175806,0.43127141606175806,0.43127141606175806,0.681034327812895,-0.2497629117511369
WT_08__TO__SCA3_06,0.025,xy,q75_seed_isotonic,marker_first,1,0.5847751256312064,0.5847751256312064,0.5847751256312064,0.681034327812895,-0.0962592021816886
WT_08__TO__SCA3_06,0.025,xy,seed_median_curve_first,marker_first,1,0.49384231307674303,0.49384231307674303,0.49384231307674303,0.681034327812895,-0.18719201473615193
WT_08__TO__SCA3_06,0.025,xy,seed_median_curve_isotonic,marker_first,1,0.49384231307674303,0.49384231307674303,0.49384231307674303,0.681034327812895,-0.18719201473615193
WT_08__TO__SCA3_06,0.025,xy,seed_median_curve_persistent,marker_first,1,0.5694838845429789,0.5694838845429789,0.5694838845429789,0.681034327812895,-0.11155044326991603
WT_08__TO__SCA3_06,0.025,xyz,median_seed_isotonic,marker_first,1,0.1954100380155281,0.1954100380155281,0.1954100380155281,0.681034327812895,-0.4856242897973669
WT_08__TO__SCA3_06,0.025,xyz,q25_seed_isotonic,marker_first,1,0.18421390929351766,0.18421390929351766,0.18421390929351766,0.681034327812895,-0.4968204185193773
WT_08__TO__SCA3_06,0.025,xyz,q75_seed_isotonic,marker_first,1,0.24741774180393566,0.24741774180393566,0.24741774180393566,0.681034327812895,-0.4336165860089593
WT_08__TO__SCA3_06,0.025,xyz,seed_median_curve_first,marker_first,1,0.18919708410272967,0.18919708410272967,0.18919708410272967,0.681034327812895,-0.4918372437101653
WT_08__TO__SCA3_06,0.025,xyz,seed_median_curve_isotonic,marker_first,1,0.19644110688171895,0.19644110688171895,0.19644110688171895,0.681034327812895,-0.484593220931176
WT_08__TO__SCA3_06,0.025,xyz,seed_median_curve_persistent,marker_first,1,0.23951330300206636,0.23951330300206636,0.23951330300206636,0.681034327812895,-0.4415210248108286
WT_08__TO__SCA3_06,0.025,z,median_seed_isotonic,marker_first,1,0.23350833582966954,0.23350833582966954,0.23350833582966954,0.681034327812895,-0.4475259919832254
WT_08__TO__SCA3_06,0.025,z,q25_seed_isotonic,marker_first,1,0.17857994259681234,0.17857994259681234,0.17857994259681234,0.681034327812895,-0.5024543852160827
WT_08__TO__SCA3_06,0.025,z,q75_seed_isotonic,marker_first,1,0.24296831841900865,0.24296831841900865,0.24296831841900865,0.681034327812895,-0.4380660093938863
WT_08__TO__SCA3_06,0.025,z,seed_median_curve_first,marker_first,1,0.18673664448006844,0.18673664448006844,0.18673664448006844,0.681034327812895,-0.49429768333282653
WT_08__TO__SCA3_06,0.025,z,seed_median_curve_isotonic,marker_first,1,0.23357780418338522,0.23357780418338522,0.23357780418338522,0.681034327812895,-0.4474565236295097
WT_08__TO__SCA3_06,0.025,z,seed_median_curve_persistent,marker_first,1,0.2425742033791196,0.2425742033791196,0.2425742033791196,0.681034327812895,-0.43846012443377536
WT_08__TO__SCA3_06,0.05,xy,median_seed_isotonic,marker_first,1,0.4781988329880727,0.4781988329880727,0.4781988329880727,0.681034327812895,-0.20283549482482227
WT_08__TO__SCA3_06,0.05,xy,q25_seed_isotonic,marker_first,1,0.44422764954221394,0.44422764954221394,0.44422764954221394,0.681034327812895,-0.23680667827068103
WT_08__TO__SCA3_06,0.05,xy,q75_seed_isotonic,marker_first,1,0.5948817086247595,0.5948817086247595,0.5948817086247595,0.681034327812895,-0.08615261918813544
WT_08__TO__SCA3_06,0.05,xy,seed_median_curve_first,marker_first,1,0.4807864326062007,0.4807864326062007,0.4807864326062007,0.681034327812895,-0.20024789520669428
WT_08__TO__SCA3_06,0.05,xy,seed_median_curve_isotonic,marker_first,1,0.4807864326062007,0.4807864326062007,0.4807864326062007,0.681034327812895,-0.20024789520669428
WT_08__TO__SCA3_06,0.05,xy,seed_median_curve_persistent,marker_first,1,0.4807864326062007,0.4807864326062007,0.4807864326062007,0.681034327812895,-0.20024789520669428
WT_08__TO__SCA3_06,0.05,xyz,median_seed_isotonic,marker_first,1,0.19818566552577285,0.19818566552577285,0.19818566552577285,0.681034327812895,-0.4828486622871221
WT_08__TO__SCA3_06,0.05,xyz,q25_seed_isotonic,marker_first,1,0.18677807510498057,0.18677807510498057,0.18677807510498057,0.681034327812895,-0.4942562527079144
WT_08__TO__SCA3_06,0.05,xyz,q75_seed_isotonic,marker_first,1,0.25234737074620134,0.25234737074620134,0.25234737074620134,0.681034327812895,-0.42868695706669363
WT_08__TO__SCA3_06,0.05,xyz,seed_median_curve_first,marker_first,1,0.19083694312365818,0.19083694312365818,0.19083694312365818,0.681034327812895,-0.4901973846892368
WT_08__TO__SCA3_06,0.05,xyz,seed_median_curve_isotonic,marker_first,1,0.19858710291684148,0.19858710291684148,0.19858710291684148,0.681034327812895,-0.4824472248960535
WT_08__TO__SCA3_06,0.05,xyz,seed_median_curve_persistent,marker_first,1,0.24171117649225626,0.24171117649225626,0.24171117649225626,0.681034327812895,-0.4393231513206387
WT_08__TO__SCA3_06,0.05,z,median_seed_isotonic,marker_first,1,0.2369450142978378,0.2369450142978378,0.2369450142978378,0.681034327812895,-0.4440893135150572
WT_08__TO__SCA3_06,0.05,z,q25_seed_isotonic,marker_first,1,0.1826656247486689,0.1826656247486689,0.1826656247486689,0.681034327812895,-0.4983687030642261
WT_08__TO__SCA3_06,0.05,z,q75_seed_isotonic,marker_first,1,0.24976661845306897,0.24976661845306897,0.24976661845306897,0.681034327812895,-0.431267709359826
WT_08__TO__SCA3_06,0.05,z,seed_median_curve_first,marker_first,1,0.19242758845621985,0.19242758845621985,0.19242758845621985,0.681034327812895,-0.4886067393566751
WT_08__TO__SCA3_06,0.05,z,seed_median_curve_isotonic,marker_first,1,0.2383302916831158,0.2383302916831158,0.2383302916831158,0.681034327812895,-0.44270403612977915
WT_08__TO__SCA3_06,0.05,z,seed_median_curve_persistent,marker_first,1,0.24569541262218703,0.24569541262218703,0.24569541262218703,0.681034327812895,-0.43533891519070794
WT_08__TO__SCA3_09,0.0125,xy,median_seed_isotonic,marker_first,3,0.3121760377277483,0.1366729057279861,0.6881313575098758,0.2742650106394408,0.037911027088307514
WT_08__TO__SCA3_09,0.0125,xy,q25_seed_isotonic,marker_first,3,0.24229280019377317,0.09273520373788062,0.5341172304814823,0.2742650106394408,-0.03197221044566764
WT_08__TO__SCA3_09,0.0125,xy,q75_seed_isotonic,marker_first,3,0.33258498923134294,0.1531420373163028,0.7389704119084349,0.2742650106394408,0.05831997859190213
WT_08__TO__SCA3_09,0.0125,xy,seed_median_curve_first,marker_first,3,0.3035134901443566,0.13450726883213815,0.40327614639548187,0.2742650106394408,0.02924847950491577
WT_08__TO__SCA3_09,0.0125,xy,seed_median_curve_isotonic,marker_first,3,0.3035134901443566,0.13450726883213815,0.5384708666368118,0.2742650106394408,0.02924847950491577
WT_08__TO__SCA3_09,0.0125,xy,seed_median_curve_persistent,marker_first,3,0.3035134901443566,0.13450726883213815,0.5379186359422101,0.2742650106394408,0.02924847950491577
WT_08__TO__SCA3_09,0.0125,xyz,median_seed_isotonic,marker_first,3,0.41518390192131166,0.3133359350451425,0.4812314678965228,0.2742650106394408,0.14091889128187085
WT_08__TO__SCA3_09,0.0125,xyz,q25_seed_isotonic,marker_first,3,0.3489672640429387,0.2125850740632665,0.46331833443374393,0.2742650106394408,0.0747022534034979
WT_08__TO__SCA3_09,0.0125,xyz,q75_seed_isotonic,marker_first,3,0.4422156091649324,0.32803441293512353,0.48815622836477723,0.2742650106394408,0.1679505985254916
WT_08__TO__SCA3_09,0.0125,xyz,seed_median_curve_first,marker_first,3,0.2932579270427388,0.2828544413254993,0.4507499741768796,0.2742650106394408,0.018992916403297977
WT_08__TO__SCA3_09,0.0125,xyz,seed_median_curve_isotonic,marker_first,3,0.4480437857460724,0.3215509060013327,0.48944643885271305,0.2742650106394408,0.1737787751066316
WT_08__TO__SCA3_09,0.0125,xyz,seed_median_curve_persistent,marker_first,3,0.45209077359419825,0.32256265296336417,0.4904581858147445,0.2742650106394408,0.17782576295475744
WT_08__TO__SCA3_09,0.0125,z,median_seed_isotonic,marker_first,3,0.4528989555565308,0.2953616900796827,0.48872573318419765,0.2742650106394408,0.17863394491709
WT_08__TO__SCA3_09,0.0125,z,q25_seed_isotonic,marker_first,3,0.2747647085350011,0.25010707314906055,0.44126222314755226,0.2742650106394408,0.0004996978955603137
WT_08__TO__SCA3_09,0.0125,z,q75_seed_isotonic,marker_first,3,0.5125012497998316,0.31788013677193194,0.6071690547467179,0.2742650106394408,0.23823623916039077
WT_08__TO__SCA3_09,0.0125,z,seed_median_curve_first,marker_first,3,0.28035336964359603,0.25495640830792476,0.44558933670596396,0.2742650106394408,0.006088359004155219
WT_08__TO__SCA3_09,0.0125,z,seed_median_curve_isotonic,marker_first,3,0.4606140830094709,0.3000215866493935,0.4906545150474327,0.2742650106394408,0.18634907237003007
WT_08__TO__SCA3_09,0.0125,z,seed_median_curve_persistent,marker_first,3,0.50066799239342,0.3100350639953808,0.6132578170569839,0.2742650106394408,0.22640298175397916
WT_08__TO__SCA3_09,0.025,xy,median_seed_isotonic,marker_first,3,0.28162391646058554,0.14099766464514074,0.5429180171134129,0.2742650106394408,0.0073589058211447345
WT_08__TO__SCA3_09,0.025,xy,q25_seed_isotonic,marker_first,3,0.26590399957369126,0.10384139887769363,0.5118720916882356,0.2742650106394408,-0.008361011065749546
WT_08__TO__SCA3_09,0.025,xy,q75_seed_isotonic,marker_first,3,0.28821197080512134,0.1529674628236893,0.6815161830918081,0.2742650106394408,0.013946960165680533
WT_08__TO__SCA3_09,0.025,xy,seed_median_curve_first,marker_first,3,0.282147734469784,0.1395611738039312,0.3950781447661267,0.2742650106394408,0.007882723830343163
WT_08__TO__SCA3_09,0.025,xy,seed_median_curve_isotonic,marker_first,3,0.282147734469784,0.1395611738039312,0.5319266258319184,0.2742650106394408,0.007882723830343163
WT_08__TO__SCA3_09,0.025,xy,seed_median_curve_persistent,marker_first,3,0.282147734469784,0.1395611738039312,0.5321943451945661,0.2742650106394408,0.007882723830343163
WT_08__TO__SCA3_09,0.025,xyz,median_seed_isotonic,marker_first,3,0.4124956380287243,0.32471129777553653,0.4821268073561921,0.2742650106394408,0.1382306273892835
WT_08__TO__SCA3_09,0.025,xyz,q25_seed_isotonic,marker_first,3,0.3390615839681839,0.23682375115203658,0.4627019423629835,0.2742650106394408,0.06479657332874311
WT_08__TO__SCA3_09,0.025,xyz,q75_seed_isotonic,marker_first,3,0.4400687861727707,0.333981939491808,0.48943658842612087,0.2742650106394408,0.16580377553332987
WT_08__TO__SCA3_09,0.025,xyz,seed_median_curve_first,marker_first,3,0.29544985102447396,0.2932038633160578,0.4528653606051295,0.2742650106394408,0.021184840385033155
WT_08__TO__SCA3_09,0.025,xyz,seed_median_curve_isotonic,marker_first,3,0.4451099509443865,0.3328648760044521,0.49028038558510767,0.2742650106394408,0.17084494030494568
WT_08__TO__SCA3_09,0.025,xyz,seed_median_curve_persistent,marker_first,3,0.4504704006548199,0.3342049884320605,0.491620498012716,0.2742650106394408,0.1762053900153791
WT_08__TO__SCA3_09,0.025,z,median_seed_isotonic,marker_first,3,0.4519942193632201,0.3086058182286909,0.4921721203005025,0.2742650106394408,0.1777292087237793
WT_08__TO__SCA3_09,0.025,z,q25_seed_isotonic,marker_first,3,0.2746934946970817,0.2551551328550255,0.444012199422382,0.2742650106394408,0.0004284840576408988
WT_08__TO__SCA3_09,0.025,z,q75_seed_isotonic,marker_first,3,0.5152778370077412,0.3272677035866625,0.6082672261507335,0.2742650106394408,0.2410128263683004
WT_08__TO__SCA3_09,0.025,z,seed_median_curve_first,marker_first,3,0.27955175527180515,0.2636800026239209,0.4490615042776488,0.2742650106394408,0.0052867446323643374
WT_08__TO__SCA3_09,0.025,z,seed_median_curve_isotonic,marker_first,3,0.4615810914411275,0.3091873366662515,0.4945688383199794,0.2742650106394408,0.1873160808016867
WT_08__TO__SCA3_09,0.025,z,seed_median_curve_persistent,marker_first,3,0.5055647539462633,0.3201832522925354,0.6131204961386943,0.2742650106394408,0.23129974330682251
WT_08__TO__SCA3_09,0.05,xy,median_seed_isotonic,marker_first,3,0.26507508101316085,0.13768967228332124,0.4693095473119514,0.2742650106394408,-0.009189929626279958
WT_08__TO__SCA3_09,0.05,xy,q25_seed_isotonic,marker_first,3,0.22104665117147737,0.08889726304338103,0.3752074170601011,0.2742650106394408,-0.05321835946796344
WT_08__TO__SCA3_09,0.05,xy,q75_seed_isotonic,marker_first,3,0.3130020964865078,0.16818453234090552,0.5572212823725571,0.2742650106394408,0.03873708584706698
WT_08__TO__SCA3_09,0.05,xy,seed_median_curve_first,marker_first,3,0.2650083717231954,0.13717445601146325,0.33884935593055826,0.2742650106394408,-0.009256638916245397
WT_08__TO__SCA3_09,0.05,xy,seed_median_curve_isotonic,marker_first,3,0.2648210565398263,0.13712762721562097,0.524904566702713,0.2742650106394408,-0.009443954099614515
WT_08__TO__SCA3_09,0.05,xy,seed_median_curve_persistent,marker_first,3,0.2650083717231954,0.13717445601146325,0.5957563274482354,0.2742650106394408,-0.009256638916245397
WT_08__TO__SCA3_09,0.05,xyz,median_seed_isotonic,marker_first,3,0.4188934075417942,0.3305589804541593,0.4813503143449968,0.2742650106394408,0.1446283969023534
WT_08__TO__SCA3_09,0.05,xyz,q25_seed_isotonic,marker_first,3,0.2912728460680712,0.20612881652822462,0.44820958682978485,0.2742650106394408,0.01700783542863038
WT_08__TO__SCA3_09,0.05,xyz,q75_seed_isotonic,marker_first,3,0.44066558425567254,0.34491357729950367,0.4912247777554479,0.2742650106394408,0.16640057361623173
WT_08__TO__SCA3_09,0.05,xyz,seed_median_curve_first,marker_first,3,0.30111417142494773,0.2934153025645886,0.4519055053157852,0.2742650106394408,0.02684916078550692
WT_08__TO__SCA3_09,0.05,xyz,seed_median_curve_isotonic,marker_first,3,0.44666332931450925,0.3375014608973381,0.48829279478817555,0.2742650106394408,0.17239831867506844
WT_08__TO__SCA3_09,0.05,xyz,seed_median_curve_persistent,marker_first,3,0.4519109814943037,0.3388133739422867,0.4896047078331242,0.2742650106394408,0.1776459708548629
WT_08__TO__SCA3_09,0.05,z,median_seed_isotonic,marker_first,3,0.4562392422023233,0.31485602067430857,0.4947217504681034,0.2742650106394408,0.1819742315628825
WT_08__TO__SCA3_09,0.05,z,q25_seed_isotonic,marker_first,3,0.27706884760881006,0.26719675102976004,0.4483408864263311,0.2742650106394408,0.0028038369693692555
WT_08__TO__SCA3_09,0.05,z,q75_seed_isotonic,marker_first,3,0.5118693838767661,0.33058852397961463,0.6084495602418588,0.2742650106394408,0.23760437323732525
WT_08__TO__SCA3_09,0.05,z,seed_median_curve_first,marker_first,3,0.2825581158692329,0.271435739091036,0.4513115157875863,0.2742650106394408,0.008293105229792097
WT_08__TO__SCA3_09,0.05,z,seed_median_curve_isotonic,marker_first,3,0.5009507492166168,0.32603389742788197,0.5059096741244323,0.2742650106394408,0.22668573857717594
WT_08__TO__SCA3_09,0.05,z,seed_median_curve_persistent,marker_first,3,0.5075626490937042,0.3276868723971538,0.6150035848422334,0.2742650106394408,0.23329763845426338
WT_09__TO__SCA3_01,0.0125,xy,median_seed_isotonic,marker_first,12,0.7630630969304367,0.556012754574855,0.9212103999909979,0.6402271073882175,0.12283598954221919
WT_09__TO__SCA3_01,0.0125,xy,q25_seed_isotonic,marker_first,12,0.5789386498747322,0.5144820878293642,0.9055474762994472,0.6402271073882175,-0.06128845751348533
WT_09__TO__SCA3_01,0.0125,xy,q75_seed_isotonic,marker_first,12,0.7749417187724564,0.5659670639990445,0.9311729937939736,0.6402271073882175,0.1347146113842389
WT_09__TO__SCA3_01,0.0125,xy,seed_median_curve_first,marker_first,12,0.7630630969304367,0.5560784715020219,0.920012878524015,0.6402271073882175,0.12283598954221919
WT_09__TO__SCA3_01,0.0125,xy,seed_median_curve_isotonic,marker_first,12,0.7630630969304367,0.5560784715020219,0.920012878524015,0.6402271073882175,0.12283598954221919
WT_09__TO__SCA3_01,0.0125,xy,seed_median_curve_persistent,marker_first,12,0.7630630969304367,0.5560784715020219,0.920012878524015,0.6402271073882175,0.12283598954221919
WT_09__TO__SCA3_01,0.0125,xyz,median_seed_isotonic,marker_first,12,0.5679804680794519,0.49542073854525226,0.6319940338349672,0.6402271073882175,-0.07224663930876563
WT_09__TO__SCA3_01,0.0125,xyz,q25_seed_isotonic,marker_first,12,0.5587331515103428,0.48481173027487956,0.6076159770466858,0.6402271073882175,-0.08149395587787478
WT_09__TO__SCA3_01,0.0125,xyz,q75_seed_isotonic,marker_first,12,0.5706201841445186,0.5018421996112715,0.6626145710569331,0.6402271073882175,-0.06960692324369888
WT_09__TO__SCA3_01,0.0125,xyz,seed_median_curve_first,marker_first,12,0.5671904431752534,0.4954317485776092,0.6319940338349672,0.6402271073882175,-0.07303666421296418
WT_09__TO__SCA3_01,0.0125,xyz,seed_median_curve_isotonic,marker_first,12,0.5671904431752534,0.4954317485776092,0.6319940338349672,0.6402271073882175,-0.07303666421296418
WT_09__TO__SCA3_01,0.0125,xyz,seed_median_curve_persistent,marker_first,12,0.5671904431752534,0.4954317485776092,0.6319940338349672,0.6402271073882175,-0.07303666421296418
WT_09__TO__SCA3_01,0.0125,z,median_seed_isotonic,marker_first,12,0.5671236654967994,0.38499850594952156,0.646242986605404,0.6402271073882175,-0.07310344189141815
WT_09__TO__SCA3_01,0.0125,z,q25_seed_isotonic,marker_first,12,0.5522144437608998,0.3824518357357774,0.6200491268273756,0.6402271073882175,-0.08801266362731774
WT_09__TO__SCA3_01,0.0125,z,q75_seed_isotonic,marker_first,12,0.5781913486958512,0.3871608402251066,0.7047991181940444,0.6402271073882175,-0.06203575869236633
WT_09__TO__SCA3_01,0.0125,z,seed_median_curve_first,marker_first,12,0.5671236654967994,0.38531762198016645,0.6487046614630456,0.6402271073882175,-0.07310344189141815
WT_09__TO__SCA3_01,0.0125,z,seed_median_curve_isotonic,marker_first,12,0.5671236654967994,0.38531762198016645,0.6485118776006872,0.6402271073882175,-0.07310344189141815
WT_09__TO__SCA3_01,0.0125,z,seed_median_curve_persistent,marker_first,12,0.5671236654967994,0.38531762198016645,0.6487046614630456,0.6402271073882175,-0.07310344189141815
WT_09__TO__SCA3_01,0.025,xy,median_seed_isotonic,marker_first,12,0.7650802990694398,0.5559657575377043,0.9241483981394332,0.6402271073882175,0.12485319168122222
WT_09__TO__SCA3_01,0.025,xy,q25_seed_isotonic,marker_first,12,0.5673532860289409,0.5186678220180257,0.9172193980600867,0.6402271073882175,-0.07287382135927667
WT_09__TO__SCA3_01,0.025,xy,q75_seed_isotonic,marker_first,12,0.783584228991798,0.5576898398076684,0.9255043740736019,0.6402271073882175,0.1433571216035805
WT_09__TO__SCA3_01,0.025,xy,seed_median_curve_first,marker_first,12,0.7650967572859426,0.5559657575377043,0.9228403932881442,0.6402271073882175,0.12486964989772509
WT_09__TO__SCA3_01,0.025,xy,seed_median_curve_isotonic,marker_first,12,0.7650802990694398,0.5559657575377043,0.9228403932881442,0.6402271073882175,0.12485319168122222
WT_09__TO__SCA3_01,0.025,xy,seed_median_curve_persistent,marker_first,12,0.7650967572859426,0.5559657575377043,0.9228403932881442,0.6402271073882175,0.12486964989772509
WT_09__TO__SCA3_01,0.025,xyz,median_seed_isotonic,marker_first,12,0.5715514982129917,0.48432064045340417,0.6522843005793568,0.6402271073882175,-0.06867560917522586
WT_09__TO__SCA3_01,0.025,xyz,q25_seed_isotonic,marker_first,12,0.5666292486592555,0.48038361635057447,0.6347024626115463,0.6402271073882175,-0.07359785872896207
WT_09__TO__SCA3_01,0.025,xyz,q75_seed_isotonic,marker_first,12,0.5781920094690659,0.4950055239223174,0.6746370432881683,0.6402271073882175,-0.06203509791915163
WT_09__TO__SCA3_01,0.025,xyz,seed_median_curve_first,marker_first,12,0.5712272236106128,0.48629350806613986,0.6522843005793568,0.6402271073882175,-0.06899988377760469
WT_09__TO__SCA3_01,0.025,xyz,seed_median_curve_isotonic,marker_first,12,0.5712272236106128,0.48629350806613986,0.6522843005793568,0.6402271073882175,-0.06899988377760469
WT_09__TO__SCA3_01,0.025,xyz,seed_median_curve_persistent,marker_first,12,0.5712272236106128,0.48629350806613986,0.6522843005793568,0.6402271073882175,-0.06899988377760469
WT_09__TO__SCA3_01,0.025,z,median_seed_isotonic,marker_first,12,0.5695976704076231,0.3778265082558045,0.6358464402488352,0.6402271073882175,-0.07062943698059443
WT_09__TO__SCA3_01,0.025,z,q25_seed_isotonic,marker_first,12,0.5585713494939717,0.3766516797544099,0.6083164598205718,0.6402271073882175,-0.08165575789424584
WT_09__TO__SCA3_01,0.025,z,q75_seed_isotonic,marker_first,12,0.5849740191717533,0.3825192019914437,0.7027527333583274,0.6402271073882175,-0.05525308821646424
WT_09__TO__SCA3_01,0.025,z,seed_median_curve_first,marker_first,12,0.5693101889846391,0.3781916688192637,0.6413447940882478,0.6402271073882175,-0.07091691840357839
WT_09__TO__SCA3_01,0.025,z,seed_median_curve_isotonic,marker_first,12,0.5693101889846391,0.3781916688192637,0.6411520485079057,0.6402271073882175,-0.07091691840357839
WT_09__TO__SCA3_01,0.025,z,seed_median_curve_persistent,marker_first,12,0.5693101889846391,0.3781916688192637,0.6413447940882478,0.6402271073882175,-0.07091691840357839
WT_09__TO__SCA3_01,0.05,xy,median_seed_isotonic,marker_first,12,0.7147499007055864,0.5661360902449963,0.9242168890091975,0.6402271073882175,0.07452279331736889
WT_09__TO__SCA3_01,0.05,xy,q25_seed_isotonic,marker_first,12,0.586680300552919,0.5507190988423908,0.8792545282567085,0.6402271073882175,-0.053546806835298555
WT_09__TO__SCA3_01,0.05,xy,q75_seed_isotonic,marker_first,12,0.7620318072168657,0.5747234824828584,0.9393429757177714,0.6402271073882175,0.12180469982864817
WT_09__TO__SCA3_01,0.05,xy,seed_median_curve_first,marker_first,12,0.7094140998464388,0.5661360902449963,0.9258976074259124,0.6402271073882175,0.06918699245822124
WT_09__TO__SCA3_01,0.05,xy,seed_median_curve_isotonic,marker_first,12,0.7096564687788621,0.5661360902449963,0.9258976074259124,0.6402271073882175,0.0694293613906446
WT_09__TO__SCA3_01,0.05,xy,seed_median_curve_persistent,marker_first,12,0.7094140998464388,0.5661360902449963,0.9258976074259124,0.6402271073882175,0.06918699245822124
WT_09__TO__SCA3_01,0.05,xyz,median_seed_isotonic,marker_first,12,0.5647747960359176,0.489923010764003,0.6706167147109255,0.6402271073882175,-0.0754523113522999
WT_09__TO__SCA3_01,0.05,xyz,q25_seed_isotonic,marker_first,12,0.5485358041463363,0.4802359884071609,0.5818298594987771,0.6402271073882175,-0.09169130324188124
WT_09__TO__SCA3_01,0.05,xyz,q75_seed_isotonic,marker_first,12,0.5750357649752093,0.4967367597387904,0.6815513059345341,0.6402271073882175,-0.06519134241300828
WT_09__TO__SCA3_01,0.05,xyz,seed_median_curve_first,marker_first,12,0.5646311366205059,0.4871067699856078,0.6706167147109255,0.6402271073882175,-0.07559597076771163
WT_09__TO__SCA3_01,0.05,xyz,seed_median_curve_isotonic,marker_first,12,0.5646311366205059,0.4871067699856078,0.6702350512021907,0.6402271073882175,-0.07559597076771163
WT_09__TO__SCA3_01,0.05,xyz,seed_median_curve_persistent,marker_first,12,0.5646311366205059,0.4871067699856078,0.6706167147109255,0.6402271073882175,-0.07559597076771163
WT_09__TO__SCA3_01,0.05,z,median_seed_isotonic,marker_first,12,0.5606261970194604,0.38494057387425373,0.5964639052875977,0.6402271073882175,-0.07960091036875716
WT_09__TO__SCA3_01,0.05,z,q25_seed_isotonic,marker_first,12,0.5391281631555999,0.38067243431174547,0.5955810851463448,0.6402271073882175,-0.10109894423261767
WT_09__TO__SCA3_01,0.05,z,q75_seed_isotonic,marker_first,12,0.5791236118897388,0.38708263342742966,0.7131011920006131,0.6402271073882175,-0.06110349549847871
WT_09__TO__SCA3_01,0.05,z,seed_median_curve_first,marker_first,12,0.5606261970194604,0.3838645648345968,0.5988594030961947,0.6402271073882175,-0.07960091036875716
WT_09__TO__SCA3_01,0.05,z,seed_median_curve_isotonic,marker_first,12,0.5606261970194604,0.3838645648345968,0.5988594030961947,0.6402271073882175,-0.07960091036875716
WT_09__TO__SCA3_01,0.05,z,seed_median_curve_persistent,marker_first,12,0.5606261970194604,0.3838645648345968,0.5988594030961947,0.6402271073882175,-0.07960091036875716
WT_09__TO__SCA3_04,0.0125,xy,median_seed_isotonic,marker_first,36,0.6004041522208385,0.4606386133644468,0.6751885719763718,0.6951221497733518,-0.09471799755251331
WT_09__TO__SCA3_04,0.0125,xy,q25_seed_isotonic,marker_first,36,0.5498342230372377,0.4201474716621099,0.6479168894102411,0.6951221497733518,-0.14528792673611413
WT_09__TO__SCA3_04,0.0125,xy,q75_seed_isotonic,marker_first,36,0.6314966560696906,0.4674277205673863,0.7360943986303046,0.6951221497733518,-0.06362549370366122
WT_09__TO__SCA3_04,0.0125,xy,seed_median_curve_first,marker_first,36,0.5993677558713106,0.46187549062528455,0.6628681756784558,0.6951221497733518,-0.09575439390204121
WT_09__TO__SCA3_04,0.0125,xy,seed_median_curve_isotonic,marker_first,36,0.5993677558713106,0.46187549062528455,0.6628681756784558,0.6951221497733518,-0.09575439390204121
WT_09__TO__SCA3_04,0.0125,xy,seed_median_curve_persistent,marker_first,36,0.6080146268609414,0.46187549062528455,0.6729683059606343,0.6951221497733518,-0.08710752291241042
WT_09__TO__SCA3_04,0.0125,xyz,median_seed_isotonic,marker_first,36,0.4231849597555823,0.1840002659077197,0.5177885728233478,0.6951221497733518,-0.27193719001776956
WT_09__TO__SCA3_04,0.0125,xyz,q25_seed_isotonic,marker_first,36,0.4127253359977705,0.1758951617092213,0.49479469444038315,0.6951221497733518,-0.28239681377558135
WT_09__TO__SCA3_04,0.0125,xyz,q75_seed_isotonic,marker_first,36,0.43336348964594207,0.19450357309884161,0.5533954647093513,0.6951221497733518,-0.2617586601274098
WT_09__TO__SCA3_04,0.0125,xyz,seed_median_curve_first,marker_first,36,0.42248845534661467,0.1674068784667215,0.5230124855367125,0.6951221497733518,-0.2726336944267372
WT_09__TO__SCA3_04,0.0125,xyz,seed_median_curve_isotonic,marker_first,36,0.42248845534661467,0.1819661076455881,0.5230124855367125,0.6951221497733518,-0.2726336944267372
WT_09__TO__SCA3_04,0.0125,xyz,seed_median_curve_persistent,marker_first,36,0.42248845534661467,0.19934302860933167,0.5230124855367125,0.6951221497733518,-0.2726336944267372
WT_09__TO__SCA3_04,0.0125,z,median_seed_isotonic,marker_first,36,0.4570687031879443,0.2552744031175963,0.6053391365065807,0.6951221497733518,-0.23805344658540756
WT_09__TO__SCA3_04,0.0125,z,q25_seed_isotonic,marker_first,36,0.4084716155826199,0.11978291462737456,0.511763643717662,0.6951221497733518,-0.28665053419073194
WT_09__TO__SCA3_04,0.0125,z,q75_seed_isotonic,marker_first,36,0.4580338389803644,0.34501585163529,0.6451638404509776,0.6951221497733518,-0.23708831079298742
WT_09__TO__SCA3_04,0.0125,z,seed_median_curve_first,marker_first,36,0.4271139336574755,0.14211868594122376,0.555594737889757,0.6951221497733518,-0.26800821611587633
WT_09__TO__SCA3_04,0.0125,z,seed_median_curve_isotonic,marker_first,36,0.4484056419130058,0.19476846525385358,0.5840243691390685,0.6951221497733518,-0.24671650786034605
WT_09__TO__SCA3_04,0.0125,z,seed_median_curve_persistent,marker_first,36,0.4271139336574755,0.16203195190878972,0.555594737889757,0.6951221497733518,-0.26800821611587633
WT_09__TO__SCA3_04,0.025,xy,median_seed_isotonic,marker_first,36,0.6023972065540164,0.45851882681958317,0.6792849412445582,0.6951221497733518,-0.09272494321933544
WT_09__TO__SCA3_04,0.025,xy,q25_seed_isotonic,marker_first,36,0.5716842809713095,0.4205504878175184,0.6522756161434725,0.6951221497733518,-0.12343786880204233
WT_09__TO__SCA3_04,0.025,xy,q75_seed_isotonic,marker_first,36,0.6296828245220419,0.4594000543834221,0.7366333068059797,0.6951221497733518,-0.06543932525130991
WT_09__TO__SCA3_04,0.025,xy,seed_median_curve_first,marker_first,36,0.5975564774438025,0.458160092946061,0.6587155619238987,0.6951221497733518,-0.09756567232954938
WT_09__TO__SCA3_04,0.025,xy,seed_median_curve_isotonic,marker_first,36,0.6023850460957677,0.458160092946061,0.6694145333477102,0.6951221497733518,-0.09273710367758414
WT_09__TO__SCA3_04,0.025,xy,seed_median_curve_persistent,marker_first,36,0.6023850460957677,0.458160092946061,0.6751028904649092,0.6951221497733518,-0.09273710367758414
WT_09__TO__SCA3_04,0.025,xyz,median_seed_isotonic,marker_first,36,0.42146664194769246,0.18489782397644927,0.5239761613612836,0.6951221497733518,-0.2736555078256594
WT_09__TO__SCA3_04,0.025,xyz,q25_seed_isotonic,marker_first,36,0.40849102621158745,0.1778153985167465,0.5009139120589522,0.6951221497733518,-0.2866311235617644
WT_09__TO__SCA3_04,0.025,xyz,q75_seed_isotonic,marker_first,36,0.4325801514100944,0.1915517749370989,0.5282996169732466,0.6951221497733518,-0.2625419983632574
WT_09__TO__SCA3_04,0.025,xyz,seed_median_curve_first,marker_first,36,0.42054820253878167,0.1697923502897396,0.5258199303099383,0.6951221497733518,-0.2745739472345702
WT_09__TO__SCA3_04,0.025,xyz,seed_median_curve_isotonic,marker_first,36,0.42054820253878167,0.18287091683123347,0.5258199303099383,0.6951221497733518,-0.2745739472345702
WT_09__TO__SCA3_04,0.025,xyz,seed_median_curve_persistent,marker_first,36,0.42054820253878167,0.19816222965994296,0.5258199303099383,0.6951221497733518,-0.2745739472345702
WT_09__TO__SCA3_04,0.025,z,median_seed_isotonic,marker_first,36,0.4554529336041817,0.20669998231436754,0.5906337751828914,0.6951221497733518,-0.23966921616917014
WT_09__TO__SCA3_04,0.025,z,q25_seed_isotonic,marker_first,36,0.41285797015285647,0.1262888734976814,0.5225851504134221,0.6951221497733518,-0.2822641796204954
WT_09__TO__SCA3_04,0.025,z,q75_seed_isotonic,marker_first,36,0.47162381498921785,0.34811095840079037,0.6440804846706867,0.6951221497733518,-0.223498334784134
WT_09__TO__SCA3_04,0.025,z,seed_median_curve_first,marker_first,36,0.4296815090355083,0.14196510983919736,0.5691089421704804,0.6951221497733518,-0.26544064073784357
WT_09__TO__SCA3_04,0.025,z,seed_median_curve_isotonic,marker_first,36,0.4443811634038154,0.15985697856040088,0.5691089421704804,0.6951221497733518,-0.25074098636953646
WT_09__TO__SCA3_04,0.025,z,seed_median_curve_persistent,marker_first,36,0.4296815090355083,0.15879691606869328,0.5691089421704804,0.6951221497733518,-0.26544064073784357
WT_09__TO__SCA3_04,0.05,xy,median_seed_isotonic,marker_first,36,0.5990502003752239,0.44959158676927136,0.6963030286639473,0.6951221497733518,-0.09607194939812791
WT_09__TO__SCA3_04,0.05,xy,q25_seed_isotonic,marker_first,36,0.5732288007616142,0.4343112266237086,0.6580174353958826,0.6951221497733518,-0.12189334901173765
WT_09__TO__SCA3_04,0.05,xy,q75_seed_isotonic,marker_first,36,0.6207502065295202,0.4787011685426129,0.7275812631993378,0.6951221497733518,-0.07437194324383167
WT_09__TO__SCA3_04,0.05,xy,seed_median_curve_first,marker_first,36,0.598979494072815,0.4434080769699141,0.6862011405292159,0.6951221497733518,-0.09614265570053682
WT_09__TO__SCA3_04,0.05,xy,seed_median_curve_isotonic,marker_first,36,0.598979494072815,0.4434080769699141,0.6863296125621065,0.6951221497733518,-0.09614265570053682
WT_09__TO__SCA3_04,0.05,xy,seed_median_curve_persistent,marker_first,36,0.598979494072815,0.4434080769699141,0.6862011405292159,0.6951221497733518,-0.09614265570053682
WT_09__TO__SCA3_04,0.05,xyz,median_seed_isotonic,marker_first,36,0.4212362884513365,0.18454457276521907,0.5376805416412875,0.6951221497733518,-0.27388586132201537
WT_09__TO__SCA3_04,0.05,xyz,q25_seed_isotonic,marker_first,36,0.4188565177099939,0.17809405779444654,0.5066844562777069,0.6951221497733518,-0.27626563206335797
WT_09__TO__SCA3_04,0.05,xyz,q75_seed_isotonic,marker_first,36,0.4304064453085452,0.19462475303292048,0.5588879372720217,0.6951221497733518,-0.26471570446480663
WT_09__TO__SCA3_04,0.05,xyz,seed_median_curve_first,marker_first,36,0.4182432411232874,0.17096126287836297,0.5335500033026696,0.6951221497733518,-0.2768789086500644
WT_09__TO__SCA3_04,0.05,xyz,seed_median_curve_isotonic,marker_first,36,0.4227391917717191,0.18133384992751936,0.5377312704474786,0.6951221497733518,-0.27238295800163276
WT_09__TO__SCA3_04,0.05,xyz,seed_median_curve_persistent,marker_first,36,0.4182432411232874,0.1975241361047036,0.5335500033026696,0.6951221497733518,-0.2768789086500644
WT_09__TO__SCA3_04,0.05,z,median_seed_isotonic,marker_first,36,0.45818088658655975,0.2108227744238208,0.6098704061798798,0.6951221497733518,-0.2369412631867921
WT_09__TO__SCA3_04,0.05,z,q25_seed_isotonic,marker_first,36,0.39755206359066425,0.14204493967129772,0.5306301474358247,0.6951221497733518,-0.2975700861826876
WT_09__TO__SCA3_04,0.05,z,q75_seed_isotonic,marker_first,36,0.46956312370623493,0.26615466153997575,0.6306172079098286,0.6951221497733518,-0.22555902606711692
WT_09__TO__SCA3_04,0.05,z,seed_median_curve_first,marker_first,36,0.44131750878188486,0.1425474995145003,0.5813382018096767,0.6951221497733518,-0.253804640991467
WT_09__TO__SCA3_04,0.05,z,seed_median_curve_isotonic,marker_first,36,0.4477364316152821,0.15760059014614647,0.6002556631476497,0.6951221497733518,-0.24738571815806976
WT_09__TO__SCA3_04,0.05,z,seed_median_curve_persistent,marker_first,36,0.44131750878188486,0.15386348184642912,0.6019479856224306,0.6951221497733518,-0.253804640991467
WT_09__TO__SCA3_06,0.0125,xy,median_seed_isotonic,marker_first,6,0.5688574919947608,0.45825672509948556,0.9034267212627115,0.6958984619902797,-0.12704096999551895
WT_09__TO__SCA3_06,0.0125,xy,q25_seed_isotonic,marker_first,6,0.548268916332453,0.4476288340292691,0.6102193974471077,0.6958984619902797,-0.1476295456578267
WT_09__TO__SCA3_06,0.0125,xy,q75_seed_isotonic,marker_first,6,0.9470738362263839,0.7409248212372745,0.9724617681452917,0.6958984619902797,0.25117537423610414
WT_09__TO__SCA3_06,0.0125,xy,seed_median_curve_first,marker_first,6,0.48756433313476316,0.06320046231052268,0.6246632097373397,0.6958984619902797,-0.20833412885551655
WT_09__TO__SCA3_06,0.0125,xy,seed_median_curve_isotonic,marker_first,6,0.7267658593226594,0.45825672509948556,0.9692009882203432,0.6958984619902797,0.030867397332379642
WT_09__TO__SCA3_06,0.0125,xy,seed_median_curve_persistent,marker_first,6,0.5736416547516661,0.45825672509948556,0.9366597774752776,0.6958984619902797,-0.12225680723861365
WT_09__TO__SCA3_06,0.0125,xyz,median_seed_isotonic,marker_first,6,0.6663375433498757,0.4967745237529233,0.7098822385577697,0.6958984619902797,-0.029560918640404
WT_09__TO__SCA3_06,0.0125,xyz,q25_seed_isotonic,marker_first,6,0.6528219334869484,0.43324045887816837,0.6892503577839781,0.6958984619902797,-0.043076528503331324
WT_09__TO__SCA3_06,0.0125,xyz,q75_seed_isotonic,marker_first,6,0.6966423829951853,0.5330021595655303,0.7366673956468536,0.6958984619902797,0.0007439210049056122
WT_09__TO__SCA3_06,0.0125,xyz,seed_median_curve_first,marker_first,6,0.6672375433054326,0.49049622028580697,0.7114471664960879,0.6958984619902797,-0.028660918684847103
WT_09__TO__SCA3_06,0.0125,xyz,seed_median_curve_isotonic,marker_first,6,0.6668829006904544,0.4884272359957815,0.7139531864598243,0.6958984619902797,-0.0290155612998253
WT_09__TO__SCA3_06,0.0125,xyz,seed_median_curve_persistent,marker_first,6,0.6672375433054326,0.49049622028580697,0.7114471664960879,0.6958984619902797,-0.028660918684847103
WT_09__TO__SCA3_06,0.0125,z,median_seed_isotonic,marker_first,6,0.5321471684195013,0.48624836940077926,0.6326783716554079,0.6958984619902797,-0.16375129357077844
WT_09__TO__SCA3_06,0.0125,z,q25_seed_isotonic,marker_first,6,0.4628470555361214,0.18437754352662125,0.5328570694644841,0.6958984619902797,-0.23305140645415834
WT_09__TO__SCA3_06,0.0125,z,q75_seed_isotonic,marker_first,6,0.595757661687173,0.5833838159432554,0.6698148728152243,0.6958984619902797,-0.10014080030310668
WT_09__TO__SCA3_06,0.0125,z,seed_median_curve_first,marker_first,6,0.48519778989287565,0.19848414622642083,0.5969582579868058,0.6958984619902797,-0.21070067209740406
WT_09__TO__SCA3_06,0.0125,z,seed_median_curve_isotonic,marker_first,6,0.573506701736686,0.4302567306706383,0.6038330215666172,0.6958984619902797,-0.12239176025359366
WT_09__TO__SCA3_06,0.0125,z,seed_median_curve_persistent,marker_first,6,0.5729045555898967,0.4772979240141833,0.6035204024574736,0.6958984619902797,-0.12299390640038299
WT_09__TO__SCA3_06,0.025,xy,median_seed_isotonic,marker_first,6,0.5775683510530434,0.4614017322960838,0.9052183649159059,0.6958984619902797,-0.11833011093723633
WT_09__TO__SCA3_06,0.025,xy,q25_seed_isotonic,marker_first,6,0.5526799370368668,0.44716733004993076,0.6036355641673655,0.6958984619902797,-0.14321852495341292
WT_09__TO__SCA3_06,0.025,xy,q75_seed_isotonic,marker_first,6,0.9465831842440937,0.7129238353119052,0.9721603863547198,0.6958984619902797,0.250684722253814
WT_09__TO__SCA3_06,0.025,xy,seed_median_curve_first,marker_first,6,0.49708865964797455,0.06316453484627316,0.6270389530373611,0.6958984619902797,-0.19880980234230516
WT_09__TO__SCA3_06,0.025,xy,seed_median_curve_isotonic,marker_first,6,0.732767702142104,0.4614017322960838,0.9670939844381156,0.6958984619902797,0.036869240151824245
WT_09__TO__SCA3_06,0.025,xy,seed_median_curve_persistent,marker_first,6,0.5824612040469019,0.4614017322960838,0.9328491901023135,0.6958984619902797,-0.11343725794337778
WT_09__TO__SCA3_06,0.025,xyz,median_seed_isotonic,marker_first,6,0.665069027421118,0.494826927844244,0.710643382440748,0.6958984619902797,-0.030829434569161762
WT_09__TO__SCA3_06,0.025,xyz,q25_seed_isotonic,marker_first,6,0.6521052726361947,0.4331415592776106,0.6872208442085551,0.6958984619902797,-0.04379318935408505
WT_09__TO__SCA3_06,0.025,xyz,q75_seed_isotonic,marker_first,6,0.6840368138192773,0.5330173276330397,0.7322415372894251,0.6958984619902797,-0.011861648171002437
WT_09__TO__SCA3_06,0.025,xyz,seed_median_curve_first,marker_first,6,0.6635428179086184,0.48870819347562244,0.7122397249104235,0.6958984619902797,-0.03235564408166136
WT_09__TO__SCA3_06,0.025,xyz,seed_median_curve_isotonic,marker_first,6,0.6631768159933621,0.4862049553895294,0.7150092814658362,0.6958984619902797,-0.032721645996917625
WT_09__TO__SCA3_06,0.025,xyz,seed_median_curve_persistent,marker_first,6,0.6635428179086184,0.48870819347562244,0.7122397249104235,0.6958984619902797,-0.03235564408166136
WT_09__TO__SCA3_06,0.025,z,median_seed_isotonic,marker_first,6,0.5347667547738799,0.48429660799360974,0.6693330605380057,0.6958984619902797,-0.1611317072163998
WT_09__TO__SCA3_06,0.025,z,q25_seed_isotonic,marker_first,6,0.4623077602645546,0.1796913818756235,0.5308170543926152,0.6958984619902797,-0.2335907017257251
WT_09__TO__SCA3_06,0.025,z,q75_seed_isotonic,marker_first,6,0.5959420767916648,0.5819660891738297,0.6707206500915621,0.6958984619902797,-0.09995638519861494
WT_09__TO__SCA3_06,0.025,z,seed_median_curve_first,marker_first,6,0.4867990860795822,0.19918140192050063,0.594669827360348,0.6958984619902797,-0.2090993759106975
WT_09__TO__SCA3_06,0.025,z,seed_median_curve_isotonic,marker_first,6,0.5748553760910939,0.4300482033830343,0.604185283975895,0.6958984619902797,-0.12104308589918578
WT_09__TO__SCA3_06,0.025,z,seed_median_curve_persistent,marker_first,6,0.5779288518328553,0.47676721346129514,0.6345854398524869,0.6958984619902797,-0.11796961015742446
WT_09__TO__SCA3_06,0.05,xy,median_seed_isotonic,marker_first,6,0.6008228056174888,0.46757958391751436,0.9051337148288998,0.6958984619902797,-0.09507565637279092
WT_09__TO__SCA3_06,0.05,xy,q25_seed_isotonic,marker_first,6,0.5592398020364268,0.4522519105187291,0.6142358126811193,0.6958984619902797,-0.13665865995385296
WT_09__TO__SCA3_06,0.05,xy,q75_seed_isotonic,marker_first,6,0.940143194584028,0.6728113788837755,0.9705444785248843,0.6958984619902797,0.24424473259374824
WT_09__TO__SCA3_06,0.05,xy,seed_median_curve_first,marker_first,6,0.524178548587103,0.06327195326785781,0.6294367245037437,0.6958984619902797,-0.17171991340317672
WT_09__TO__SCA3_06,0.05,xy,seed_median_curve_isotonic,marker_first,6,0.7424751178080691,0.46757958391751436,0.9679775174345243,0.6958984619902797,0.04657665581778936
WT_09__TO__SCA3_06,0.05,xy,seed_median_curve_persistent,marker_first,6,0.6047946959819488,0.46757958391751436,0.9131217611460893,0.6958984619902797,-0.09110376600833092
WT_09__TO__SCA3_06,0.05,xyz,median_seed_isotonic,marker_first,6,0.6652535342502012,0.5308098417224623,0.7120026005003075,0.6958984619902797,-0.030644927740078542
WT_09__TO__SCA3_06,0.05,xyz,q25_seed_isotonic,marker_first,6,0.6477270531458897,0.4876652351480723,0.6865306482887058,0.6958984619902797,-0.048171408844389974
WT_09__TO__SCA3_06,0.05,xyz,q75_seed_isotonic,marker_first,6,0.6810137858163692,0.5436187589103776,0.7845631588410122,0.6958984619902797,-0.014884676173910538
WT_09__TO__SCA3_06,0.05,xyz,seed_median_curve_first,marker_first,6,0.6615960578439722,0.48411261739808414,0.712647599298208,0.6958984619902797,-0.034302404146307475
WT_09__TO__SCA3_06,0.05,xyz,seed_median_curve_isotonic,marker_first,6,0.661995000494811,0.4813332769608983,0.7163614351078156,0.6958984619902797,-0.033903461495468745
WT_09__TO__SCA3_06,0.05,xyz,seed_median_curve_persistent,marker_first,6,0.6615960578439722,0.48411261739808414,0.712647599298208,0.6958984619902797,-0.034302404146307475
WT_09__TO__SCA3_06,0.05,z,median_seed_isotonic,marker_first,6,0.5360524033695611,0.4803055805487792,0.6698013645421198,0.6958984619902797,-0.15984605862071866
WT_09__TO__SCA3_06,0.05,z,q25_seed_isotonic,marker_first,6,0.4621777115294501,0.18358380890216405,0.5184313565544864,0.6958984619902797,-0.23372075046082963
WT_09__TO__SCA3_06,0.05,z,q75_seed_isotonic,marker_first,6,0.5978994418359369,0.5797128805226167,0.6702262049751845,0.6958984619902797,-0.09799902015434281
WT_09__TO__SCA3_06,0.05,z,seed_median_curve_first,marker_first,6,0.4886806480416474,0.19818398718031766,0.5938377649181307,0.6958984619902797,-0.2072178139486323
WT_09__TO__SCA3_06,0.05,z,seed_median_curve_isotonic,marker_first,6,0.5753893998958259,0.4294074798706788,0.6038104181867368,0.6958984619902797,-0.12050906209445378
WT_09__TO__SCA3_06,0.05,z,seed_median_curve_persistent,marker_first,6,0.5750646305895699,0.47546468464815306,0.6039363691907477,0.6958984619902797,-0.1208338314007098
WT_09__TO__SCA3_09,0.0125,xy,median_seed_isotonic,marker_first,18,0.5207689174838936,0.45480763901571636,0.7003062436603196,0.602500475665959,-0.08173155818206534
WT_09__TO__SCA3_09,0.0125,xy,q25_seed_isotonic,marker_first,18,0.45208113125489363,0.328452711708,0.5547207540969482,0.602500475665959,-0.15041934441106536
WT_09__TO__SCA3_09,0.0125,xy,q75_seed_isotonic,marker_first,18,0.5551988099754965,0.464840825019833,0.7887132548433862,0.602500475665959,-0.04730166569046246
WT_09__TO__SCA3_09,0.0125,xy,seed_median_curve_first,marker_first,18,0.4588892390219346,0.395133463926608,0.5616601773948304,0.602500475665959,-0.14361123664402436
WT_09__TO__SCA3_09,0.0125,xy,seed_median_curve_isotonic,marker_first,18,0.5049128735765029,0.45142950017359407,0.700325983292075,0.602500475665959,-0.09758760208945605
WT_09__TO__SCA3_09,0.0125,xy,seed_median_curve_persistent,marker_first,18,0.5117032298785067,0.45480763901571636,0.6047392922684355,0.602500475665959,-0.0907972457874523
WT_09__TO__SCA3_09,0.0125,xyz,median_seed_isotonic,marker_first,18,0.36360905328797505,0.18521118780680218,0.5024817157784215,0.602500475665959,-0.23889142237798394
WT_09__TO__SCA3_09,0.0125,xyz,q25_seed_isotonic,marker_first,18,0.36170384537165345,0.18416811507727446,0.4999274877861077,0.602500475665959,-0.24079663029430554
WT_09__TO__SCA3_09,0.0125,xyz,q75_seed_isotonic,marker_first,18,0.42511089506125416,0.19162827683508613,0.5869577426067899,0.602500475665959,-0.17738958060470483
WT_09__TO__SCA3_09,0.0125,xyz,seed_median_curve_first,marker_first,18,0.36447588411658866,0.18462914401493338,0.5046950008454579,0.602500475665959,-0.23802459154937033
WT_09__TO__SCA3_09,0.0125,xyz,seed_median_curve_isotonic,marker_first,18,0.3915811041544812,0.19139802627767738,0.5046950008454579,0.602500475665959,-0.21091937151147777
WT_09__TO__SCA3_09,0.0125,xyz,seed_median_curve_persistent,marker_first,18,0.36447588411658866,0.19139802627767738,0.5046950008454579,0.602500475665959,-0.23802459154937033
WT_09__TO__SCA3_09,0.0125,z,median_seed_isotonic,marker_first,18,0.3829249876667271,0.17628915392928876,0.48163710417263245,0.602500475665959,-0.21957548799923188
WT_09__TO__SCA3_09,0.0125,z,q25_seed_isotonic,marker_first,18,0.315210220677944,0.175665099226355,0.4559134835054644,0.602500475665959,-0.28729025498801497
WT_09__TO__SCA3_09,0.0125,z,q75_seed_isotonic,marker_first,18,0.4522782301027951,0.17951934558729116,0.5812306977312763,0.602500475665959,-0.15022224556316388
WT_09__TO__SCA3_09,0.0125,z,seed_median_curve_first,marker_first,18,0.36048913687215933,0.17598840958867915,0.4479410540825279,0.602500475665959,-0.24201133879379966
WT_09__TO__SCA3_09,0.0125,z,seed_median_curve_isotonic,marker_first,18,0.39738068299244966,0.17896395744048918,0.4816371041726325,0.602500475665959,-0.20511979267350933
WT_09__TO__SCA3_09,0.0125,z,seed_median_curve_persistent,marker_first,18,0.3819443221910036,0.17896395744048918,0.48163710417263245,0.602500475665959,-0.22055615347495539
WT_09__TO__SCA3_09,0.025,xy,median_seed_isotonic,marker_first,18,0.5306663536933898,0.42537279892960844,0.692473121190768,0.602500475665959,-0.07183412197256922
WT_09__TO__SCA3_09,0.025,xy,q25_seed_isotonic,marker_first,18,0.4603863536716275,0.3094138658324933,0.5641540404367194,0.602500475665959,-0.1421141219943315
WT_09__TO__SCA3_09,0.025,xy,q75_seed_isotonic,marker_first,18,0.5528798170494806,0.46199444810159357,0.7823901931220858,0.602500475665959,-0.04962065861647835
WT_09__TO__SCA3_09,0.025,xy,seed_median_curve_first,marker_first,18,0.45715474550384905,0.38438665649558024,0.564994050688745,0.602500475665959,-0.14534573016210994
WT_09__TO__SCA3_09,0.025,xy,seed_median_curve_isotonic,marker_first,18,0.5085607955200563,0.41936628629431105,0.6924731211907679,0.602500475665959,-0.0939396801459027
WT_09__TO__SCA3_09,0.025,xy,seed_median_curve_persistent,marker_first,18,0.5144302323959232,0.4186858233833553,0.6047529187164551,0.602500475665959,-0.08807024327003576
WT_09__TO__SCA3_09,0.025,xyz,median_seed_isotonic,marker_first,18,0.3600408569302577,0.19030261052818362,0.5091786551180465,0.602500475665959,-0.24245961873570127
WT_09__TO__SCA3_09,0.025,xyz,q25_seed_isotonic,marker_first,18,0.3504790472911171,0.18949761419938269,0.5026715365847031,0.602500475665959,-0.25202142837484187
WT_09__TO__SCA3_09,0.025,xyz,q75_seed_isotonic,marker_first,18,0.3759681907056488,0.1974358794186445,0.5900350876786331,0.602500475665959,-0.2265322849603102
WT_09__TO__SCA3_09,0.025,xyz,seed_median_curve_first,marker_first,18,0.3561122022440314,0.1898624234063632,0.5097699983235637,0.602500475665959,-0.2463882734219276
WT_09__TO__SCA3_09,0.025,xyz,seed_median_curve_isotonic,marker_first,18,0.37245635932514887,0.19701771534693077,0.5097699983235637,0.602500475665959,-0.23004411634081012
WT_09__TO__SCA3_09,0.025,xyz,seed_median_curve_persistent,marker_first,18,0.37245635932514887,0.19701771534693077,0.5097699983235637,0.602500475665959,-0.23004411634081012
WT_09__TO__SCA3_09,0.025,z,median_seed_isotonic,marker_first,18,0.3898041473984262,0.18407304919582546,0.4891628940169528,0.602500475665959,-0.21269632826753276
WT_09__TO__SCA3_09,0.025,z,q25_seed_isotonic,marker_first,18,0.31395275188224575,0.18217772247784536,0.45378794245942783,0.602500475665959,-0.28854772378371324
WT_09__TO__SCA3_09,0.025,z,q75_seed_isotonic,marker_first,18,0.4586891735261255,0.18407497715756369,0.5810906958287605,0.602500475665959,-0.1438113021398335
WT_09__TO__SCA3_09,0.025,z,seed_median_curve_first,marker_first,18,0.36718510348115996,0.18217772247784536,0.45450365317375174,0.602500475665959,-0.23531537218479903
WT_09__TO__SCA3_09,0.025,z,seed_median_curve_isotonic,marker_first,18,0.39472194281456796,0.1840066561932251,0.4891628940169529,0.602500475665959,-0.20777853285139103
WT_09__TO__SCA3_09,0.025,z,seed_median_curve_persistent,marker_first,18,0.3883122915014563,0.1840066561932251,0.4891628940169528,0.602500475665959,-0.2141881841645027
WT_09__TO__SCA3_09,0.05,xy,median_seed_isotonic,marker_first,18,0.5297164648371074,0.4588776044322384,0.6801580028814045,0.602500475665959,-0.07278401082885155
WT_09__TO__SCA3_09,0.05,xy,q25_seed_isotonic,marker_first,18,0.46410514632588207,0.2831211653996411,0.5673229296579534,0.602500475665959,-0.13839532934007692
WT_09__TO__SCA3_09,0.05,xy,q75_seed_isotonic,marker_first,18,0.6026082882804271,0.4677030127078986,0.7897148508977588,0.602500475665959,0.00010781261446812795
WT_09__TO__SCA3_09,0.05,xy,seed_median_curve_first,marker_first,18,0.4628531617317652,0.3317056258418031,0.568161370553352,0.602500475665959,-0.13964731393419377
WT_09__TO__SCA3_09,0.05,xy,seed_median_curve_isotonic,marker_first,18,0.4793033065620847,0.44890399145568766,0.626514472766255,0.602500475665959,-0.1231971691038743
WT_09__TO__SCA3_09,0.05,xy,seed_median_curve_persistent,marker_first,18,0.4649234621823881,0.4078318332107679,0.626514472766255,0.602500475665959,-0.13757701348357088
WT_09__TO__SCA3_09,0.05,xyz,median_seed_isotonic,marker_first,18,0.3522459787216684,0.19972813391367805,0.547447753778996,0.602500475665959,-0.2502544969442906
WT_09__TO__SCA3_09,0.05,xyz,q25_seed_isotonic,marker_first,18,0.34577592331483303,0.19952083293703915,0.5401326955842197,0.602500475665959,-0.25672455235112596
WT_09__TO__SCA3_09,0.05,xyz,q75_seed_isotonic,marker_first,18,0.3806313024670668,0.20983175142337476,0.5867117944045019,0.602500475665959,-0.2218691731988922
WT_09__TO__SCA3_09,0.05,xyz,seed_median_curve_first,marker_first,18,0.35250131021700176,0.19972813391367805,0.552013531464311,0.602500475665959,-0.24999916544895723
WT_09__TO__SCA3_09,0.05,xyz,seed_median_curve_isotonic,marker_first,18,0.37799463684189694,0.2095883698634996,0.552013531464311,0.602500475665959,-0.22450583882406205
WT_09__TO__SCA3_09,0.05,xyz,seed_median_curve_persistent,marker_first,18,0.35901212337405597,0.2095883698634996,0.552013531464311,0.602500475665959,-0.24348835229190302
WT_09__TO__SCA3_09,0.05,z,median_seed_isotonic,marker_first,18,0.395787343857102,0.19684391989086636,0.5120491458567475,0.602500475665959,-0.20671313180885698
WT_09__TO__SCA3_09,0.05,z,q25_seed_isotonic,marker_first,18,0.29788357290296946,0.194594727212096,0.4479054185357143,0.602500475665959,-0.3046169027629895
WT_09__TO__SCA3_09,0.05,z,q75_seed_isotonic,marker_first,18,0.4653921173426003,0.1976000112743281,0.576164353589723,0.602500475665959,-0.13710835832335871
WT_09__TO__SCA3_09,0.05,z,seed_median_curve_first,marker_first,18,0.3723430831544027,0.1950238487086151,0.48645534005074825,0.602500475665959,-0.2301573925115563
WT_09__TO__SCA3_09,0.05,z,seed_median_curve_isotonic,marker_first,18,0.3996453767152656,0.1966756323645921,0.518788532032726,0.602500475665959,-0.20285509895069337
WT_09__TO__SCA3_09,0.05,z,seed_median_curve_persistent,marker_first,18,0.3943421671249089,0.1966756323645921,0.518788532032726,0.602500475665959,-0.2081583085410501
WT_10__TO__SCA3_01,0.0125,xy,median_seed_isotonic,marker_first,2,0.6196787783730279,0.436851979146703,0.8025055775993528,0.6741142935210022,-0.05443551514797429
WT_10__TO__SCA3_01,0.0125,xy,q25_seed_isotonic,marker_first,2,0.5969093698414843,0.4067132191434449,0.7871055205395239,0.6741142935210022,-0.07720492367951781
WT_10__TO__SCA3_01,0.0125,xy,q75_seed_isotonic,marker_first,2,0.6223816277722869,0.43781250342494177,0.8069507521196321,0.6741142935210022,-0.05173266574871527
WT_10__TO__SCA3_01,0.0125,xy,seed_median_curve_first,marker_first,2,0.6194158966399402,0.436851979146703,0.8019798141331775,0.6741142935210022,-0.05469839688106193
WT_10__TO__SCA3_01,0.0125,xy,seed_median_curve_isotonic,marker_first,2,0.6194158966399402,0.436851979146703,0.8019798141331775,0.6741142935210022,-0.05469839688106193
WT_10__TO__SCA3_01,0.0125,xy,seed_median_curve_persistent,marker_first,2,0.6194158966399402,0.436851979146703,0.8019798141331775,0.6741142935210022,-0.05469839688106193
WT_10__TO__SCA3_01,0.0125,xyz,median_seed_isotonic,marker_first,2,0.6136035874631186,0.5176413875439482,0.709565787382289,0.6741142935210022,-0.060510706057883556
WT_10__TO__SCA3_01,0.0125,xyz,q25_seed_isotonic,marker_first,2,0.5857108666931725,0.4705790917927667,0.7008426415935782,0.6741142935210022,-0.08840342682782965
WT_10__TO__SCA3_01,0.0125,xyz,q75_seed_isotonic,marker_first,2,0.6159960507727724,0.5210207029207006,0.7109713986248443,0.6741142935210022,-0.05811824274822974
WT_10__TO__SCA3_01,0.0125,xyz,seed_median_curve_first,marker_first,2,0.6139080421583833,0.5176413875439482,0.7101746967728185,0.6741142935210022,-0.06020625136261881
WT_10__TO__SCA3_01,0.0125,xyz,seed_median_curve_isotonic,marker_first,2,0.6139080421583833,0.5176413875439482,0.7101746967728185,0.6741142935210022,-0.06020625136261881
WT_10__TO__SCA3_01,0.0125,xyz,seed_median_curve_persistent,marker_first,2,0.6139080421583833,0.5176413875439482,0.7101746967728185,0.6741142935210022,-0.06020625136261881
WT_10__TO__SCA3_01,0.0125,z,median_seed_isotonic,marker_first,2,0.8260625436970852,0.7141894803361452,0.9379356070580251,0.6741142935210022,0.15194825017608304
WT_10__TO__SCA3_01,0.0125,z,q25_seed_isotonic,marker_first,2,0.823394262204457,0.7093541330867145,0.9374343913221995,0.6741142935210022,0.14927996868345483
WT_10__TO__SCA3_01,0.0125,z,q75_seed_isotonic,marker_first,2,0.8322893183839745,0.7171102673222884,0.9474683694456605,0.6741142935210022,0.1581750248629723
WT_10__TO__SCA3_01,0.0125,z,seed_median_curve_first,marker_first,2,0.8282542248821212,0.7168897619387978,0.9396186878254447,0.6741142935210022,0.15413993136111903
WT_10__TO__SCA3_01,0.0125,z,seed_median_curve_isotonic,marker_first,2,0.8282542248821212,0.7168897619387978,0.9396186878254447,0.6741142935210022,0.15413993136111903
WT_10__TO__SCA3_01,0.0125,z,seed_median_curve_persistent,marker_first,2,0.8282542248821212,0.7168897619387978,0.9396186878254447,0.6741142935210022,0.15413993136111903
WT_10__TO__SCA3_01,0.025,xy,median_seed_isotonic,marker_first,2,0.6150947893899518,0.4322094871589803,0.7979800916209232,0.6741142935210022,-0.05901950413105039
WT_10__TO__SCA3_01,0.025,xy,q25_seed_isotonic,marker_first,2,0.5969628869495756,0.4050274238061966,0.7888983500929544,0.6741142935210022,-0.0771514065714266
WT_10__TO__SCA3_01,0.025,xy,q75_seed_isotonic,marker_first,2,0.6185202858889063,0.4351712792644713,0.8018692925133413,0.6741142935210022,-0.055594007632095876
WT_10__TO__SCA3_01,0.025,xy,seed_median_curve_first,marker_first,2,0.6141013778022856,0.4318188873857552,0.7963838682188159,0.6741142935210022,-0.060012915718716586
WT_10__TO__SCA3_01,0.025,xy,seed_median_curve_isotonic,marker_first,2,0.6141013778022856,0.4318188873857552,0.7963838682188159,0.6741142935210022,-0.060012915718716586
WT_10__TO__SCA3_01,0.025,xy,seed_median_curve_persistent,marker_first,2,0.6141013778022856,0.4318188873857552,0.7963838682188159,0.6741142935210022,-0.060012915718716586
WT_10__TO__SCA3_01,0.025,xyz,median_seed_isotonic,marker_first,2,0.5957056421685403,0.48130497013531626,0.7101063142017643,0.6741142935210022,-0.07840865135246189
WT_10__TO__SCA3_01,0.025,xyz,q25_seed_isotonic,marker_first,2,0.5836526017238446,0.46359459200460407,0.7037106114430851,0.6741142935210022,-0.09046169179715757
WT_10__TO__SCA3_01,0.025,xyz,q75_seed_isotonic,marker_first,2,0.6084906280756384,0.5041143240404038,0.7128669321108728,0.6741142935210022,-0.0656236654453638
WT_10__TO__SCA3_01,0.025,xyz,seed_median_curve_first,marker_first,2,0.5949328710719054,0.48130497013531626,0.7085607720084945,0.6741142935210022,-0.07918142244909676
WT_10__TO__SCA3_01,0.025,xyz,seed_median_curve_isotonic,marker_first,2,0.5949328710719054,0.48130497013531626,0.7085607720084945,0.6741142935210022,-0.07918142244909676
WT_10__TO__SCA3_01,0.025,xyz,seed_median_curve_persistent,marker_first,2,0.5949328710719054,0.48130497013531626,0.7085607720084945,0.6741142935210022,-0.07918142244909676
WT_10__TO__SCA3_01,0.025,z,median_seed_isotonic,marker_first,2,0.8300401292518985,0.7173947016325971,0.9426855568711999,0.6741142935210022,0.15592583573089636
WT_10__TO__SCA3_01,0.025,z,q25_seed_isotonic,marker_first,2,0.820656114464213,0.7101232390503734,0.9311889898780525,0.6741142935210022,0.1465418209432109
WT_10__TO__SCA3_01,0.025,z,q75_seed_isotonic,marker_first,2,0.8324185052039486,0.7194188058183217,0.9454182045895755,0.6741142935210022,0.1583042116829464
WT_10__TO__SCA3_01,0.025,z,seed_median_curve_first,marker_first,2,0.8297832367207759,0.7151455970727456,0.9444208763688062,0.6741142935210022,0.15566894319977376
WT_10__TO__SCA3_01,0.025,z,seed_median_curve_isotonic,marker_first,2,0.8297832367207759,0.7151455970727456,0.9444208763688062,0.6741142935210022,0.15566894319977376
WT_10__TO__SCA3_01,0.025,z,seed_median_curve_persistent,marker_first,2,0.8297832367207759,0.7151455970727456,0.9444208763688062,0.6741142935210022,0.15566894319977376
WT_10__TO__SCA3_01,0.05,xy,median_seed_isotonic,marker_first,2,0.6088086559842788,0.41279375407134483,0.8048235578972128,0.6741142935210022,-0.06530563753672336
WT_10__TO__SCA3_01,0.05,xy,q25_seed_isotonic,marker_first,2,0.5987882348099846,0.3965584720042037,0.8010179976157654,0.6741142935210022,-0.07532605871101761
WT_10__TO__SCA3_01,0.05,xy,q75_seed_isotonic,marker_first,2,0.6228541895381953,0.4350972939257896,0.810611085150601,0.6741142935210022,-0.05126010398280689
WT_10__TO__SCA3_01,0.05,xy,seed_median_curve_first,marker_first,2,0.6085177695448099,0.41279375407134483,0.8042417850182749,0.6741142935210022,-0.06559652397619231
WT_10__TO__SCA3_01,0.05,xy,seed_median_curve_isotonic,marker_first,2,0.6085177695448099,0.41279375407134483,0.8042417850182749,0.6741142935210022,-0.06559652397619231
WT_10__TO__SCA3_01,0.05,xy,seed_median_curve_persistent,marker_first,2,0.6085177695448099,0.41279375407134483,0.8042417850182749,0.6741142935210022,-0.06559652397619231
WT_10__TO__SCA3_01,0.05,xyz,median_seed_isotonic,marker_first,2,0.5819002554309094,0.44194997042398787,0.7218505404378308,0.6741142935210022,-0.09221403809009276
WT_10__TO__SCA3_01,0.05,xyz,q25_seed_isotonic,marker_first,2,0.5729880992171831,0.42754896041694423,0.7184272380174219,0.6741142935210022,-0.10112619430381908
WT_10__TO__SCA3_01,0.05,xyz,q75_seed_isotonic,marker_first,2,0.5964540395546454,0.46773302539904843,0.7251750537102423,0.6741142935210022,-0.07766025396635678
WT_10__TO__SCA3_01,0.05,xyz,seed_median_curve_first,marker_first,2,0.5814320788159251,0.44194997042398787,0.7209141872078624,0.6741142935210022,-0.09268221470507709
WT_10__TO__SCA3_01,0.05,xyz,seed_median_curve_isotonic,marker_first,2,0.5814320788159251,0.44194997042398787,0.7209141872078624,0.6741142935210022,-0.09268221470507709
WT_10__TO__SCA3_01,0.05,xyz,seed_median_curve_persistent,marker_first,2,0.5814320788159251,0.44194997042398787,0.7209141872078624,0.6741142935210022,-0.09268221470507709
WT_10__TO__SCA3_01,0.05,z,median_seed_isotonic,marker_first,2,0.8296946347203642,0.7247245465379734,0.9346647229027552,0.6741142935210022,0.15558034119936204
WT_10__TO__SCA3_01,0.05,z,q25_seed_isotonic,marker_first,2,0.8272823396955258,0.7203932292770768,0.9341714501139746,0.6741142935210022,0.15316804617452362
WT_10__TO__SCA3_01,0.05,z,q75_seed_isotonic,marker_first,2,0.8324602015409636,0.7277491612137097,0.9371712418682174,0.6741142935210022,0.1583459080199614
WT_10__TO__SCA3_01,0.05,z,seed_median_curve_first,marker_first,2,0.8297830638198755,0.7237823136975423,0.9357838139422089,0.6741142935210022,0.15566877029887338
WT_10__TO__SCA3_01,0.05,z,seed_median_curve_isotonic,marker_first,2,0.8297830638198755,0.7237823136975423,0.9357838139422089,0.6741142935210022,0.15566877029887338
WT_10__TO__SCA3_01,0.05,z,seed_median_curve_persistent,marker_first,2,0.8297830638198755,0.7237823136975423,0.9357838139422089,0.6741142935210022,0.15566877029887338
WT_10__TO__SCA3_04,0.0125,xy,median_seed_isotonic,marker_first,6,0.33678859257839666,0.1509509222413191,0.3581579485020496,0.3176912565606329,0.019097336017763755
WT_10__TO__SCA3_04,0.0125,xy,q25_seed_isotonic,marker_first,6,0.3307008122150926,0.13556085333834222,0.3537467477890393,0.3176912565606329,0.013009555654459715
WT_10__TO__SCA3_04,0.0125,xy,q75_seed_isotonic,marker_first,6,0.34593032653317757,0.15115858739192872,0.40589722698306147,0.3176912565606329,0.02823906997254466
WT_10__TO__SCA3_04,0.0125,xy,seed_median_curve_first,marker_first,6,0.3369412469253111,0.14877808072514145,0.3581579485020496,0.3176912565606329,0.01924999036467817
WT_10__TO__SCA3_04,0.0125,xy,seed_median_curve_isotonic,marker_first,6,0.3369412469253111,0.14877808072514145,0.3581579485020496,0.3176912565606329,0.01924999036467817
WT_10__TO__SCA3_04,0.0125,xy,seed_median_curve_persistent,marker_first,6,0.3369412469253111,0.14877808072514145,0.3581579485020496,0.3176912565606329,0.01924999036467817
WT_10__TO__SCA3_04,0.0125,xyz,median_seed_isotonic,marker_first,6,0.24995855072026063,0.12005128247805397,0.3767302628259248,0.3176912565606329,-0.06773270584037228
WT_10__TO__SCA3_04,0.0125,xyz,q25_seed_isotonic,marker_first,6,0.24427964253779,0.11833378552013388,0.3694625968690674,0.3176912565606329,-0.07341161402284291
WT_10__TO__SCA3_04,0.0125,xyz,q75_seed_isotonic,marker_first,6,0.2525776645841124,0.12784915329729726,0.3774303242619294,0.3176912565606329,-0.0651135919765205
WT_10__TO__SCA3_04,0.0125,xyz,seed_median_curve_first,marker_first,6,0.2495420766258688,0.12005128247805397,0.3767237699090215,0.3176912565606329,-0.0681491799347641
WT_10__TO__SCA3_04,0.0125,xyz,seed_median_curve_isotonic,marker_first,6,0.2495420766258688,0.12005128247805397,0.3767237699090215,0.3176912565606329,-0.0681491799347641
WT_10__TO__SCA3_04,0.0125,xyz,seed_median_curve_persistent,marker_first,6,0.2495420766258688,0.12005128247805397,0.3767237699090215,0.3176912565606329,-0.0681491799347641
WT_10__TO__SCA3_04,0.0125,z,median_seed_isotonic,marker_first,6,0.2346326013766058,0.11227774692473542,0.31177043073521626,0.3176912565606329,-0.08305865518402711
WT_10__TO__SCA3_04,0.0125,z,q25_seed_isotonic,marker_first,6,0.23328956107819,0.10765645090814285,0.30694559135268534,0.3176912565606329,-0.08440169548244292
WT_10__TO__SCA3_04,0.0125,z,q75_seed_isotonic,marker_first,6,0.23673357689094993,0.11998067283734958,0.3140905371230096,0.3176912565606329,-0.08095767966968298
WT_10__TO__SCA3_04,0.0125,z,seed_median_curve_first,marker_first,6,0.23451376922232958,0.11227774692473542,0.3090801996536292,0.3176912565606329,-0.08317748733830332
WT_10__TO__SCA3_04,0.0125,z,seed_median_curve_isotonic,marker_first,6,0.23451376922232958,0.11227774692473542,0.3090801996536292,0.3176912565606329,-0.08317748733830332
WT_10__TO__SCA3_04,0.0125,z,seed_median_curve_persistent,marker_first,6,0.23451376922232958,0.11227774692473542,0.3090801996536292,0.3176912565606329,-0.08317748733830332
WT_10__TO__SCA3_04,0.025,xy,median_seed_isotonic,marker_first,6,0.3403869547049044,0.1500492171061979,0.3537451383814742,0.3176912565606329,0.02269569814427147
WT_10__TO__SCA3_04,0.025,xy,q25_seed_isotonic,marker_first,6,0.3272876845314752,0.13941123697800473,0.3490338873395593,0.3176912565606329,0.009596427970842314
WT_10__TO__SCA3_04,0.025,xy,q75_seed_isotonic,marker_first,6,0.3449573703766952,0.15404391828660327,0.37868264707784566,0.3176912565606329,0.02726611381606231
WT_10__TO__SCA3_04,0.025,xy,seed_median_curve_first,marker_first,6,0.3403869547049044,0.1500492171061979,0.3544383151057272,0.3176912565606329,0.02269569814427147
WT_10__TO__SCA3_04,0.025,xy,seed_median_curve_isotonic,marker_first,6,0.3403869547049044,0.1500492171061979,0.3544383151057272,0.3176912565606329,0.02269569814427147
WT_10__TO__SCA3_04,0.025,xy,seed_median_curve_persistent,marker_first,6,0.3403869547049044,0.1500492171061979,0.3544383151057272,0.3176912565606329,0.02269569814427147
WT_10__TO__SCA3_04,0.025,xyz,median_seed_isotonic,marker_first,6,0.25462817532037907,0.12237732370676456,0.37646047050959897,0.3176912565606329,-0.06306308124025384
WT_10__TO__SCA3_04,0.025,xyz,q25_seed_isotonic,marker_first,6,0.25342224419135406,0.12215162185148248,0.3755260172457865,0.3176912565606329,-0.06426901236927884
WT_10__TO__SCA3_04,0.025,xyz,q75_seed_isotonic,marker_first,6,0.25822822743411233,0.12298403032109878,0.3791238491165463,0.3176912565606329,-0.05946302912652057
WT_10__TO__SCA3_04,0.025,xyz,seed_median_curve_first,marker_first,6,0.25423009583009853,0.12215162185148248,0.37703523440866676,0.3176912565606329,-0.06346116073053437
WT_10__TO__SCA3_04,0.025,xyz,seed_median_curve_isotonic,marker_first,6,0.25423009583009853,0.12215162185148248,0.37703523440866676,0.3176912565606329,-0.06346116073053437
WT_10__TO__SCA3_04,0.025,xyz,seed_median_curve_persistent,marker_first,6,0.25423009583009853,0.12215162185148248,0.37703523440866676,0.3176912565606329,-0.06346116073053437
WT_10__TO__SCA3_04,0.025,z,median_seed_isotonic,marker_first,6,0.23696628016091173,0.11057162119592223,0.3160165675901108,0.3176912565606329,-0.08072497639972118
WT_10__TO__SCA3_04,0.025,z,q25_seed_isotonic,marker_first,6,0.23634422084514628,0.10853160487938648,0.3158026789221433,0.3176912565606329,-0.08134703571548663
WT_10__TO__SCA3_04,0.025,z,q75_seed_isotonic,marker_first,6,0.2374271422841437,0.12235745004781125,0.31699764592985236,0.3176912565606329,-0.08026411427648922
WT_10__TO__SCA3_04,0.025,z,seed_median_curve_first,marker_first,6,0.23684100616075277,0.11098132789375782,0.31626528714373,0.3176912565606329,-0.08085025039988014
WT_10__TO__SCA3_04,0.025,z,seed_median_curve_isotonic,marker_first,6,0.23684100616075277,0.11098132789375782,0.31626528714373,0.3176912565606329,-0.08085025039988014
WT_10__TO__SCA3_04,0.025,z,seed_median_curve_persistent,marker_first,6,0.23684100616075277,0.11098132789375782,0.31626528714373,0.3176912565606329,-0.08085025039988014
WT_10__TO__SCA3_04,0.05,xy,median_seed_isotonic,marker_first,6,0.3415917376303249,0.16304901237945987,0.3757647221774939,0.3176912565606329,0.023900481069692003
WT_10__TO__SCA3_04,0.05,xy,q25_seed_isotonic,marker_first,6,0.33795139855772366,0.1596683905663952,0.37515361629902577,0.3176912565606329,0.020260141997090753
WT_10__TO__SCA3_04,0.05,xy,q75_seed_isotonic,marker_first,6,0.3452868097344917,0.16826496963257767,0.417748457454514,0.3176912565606329,0.02759555317385881
WT_10__TO__SCA3_04,0.05,xy,seed_median_curve_first,marker_first,6,0.3388138214751505,0.1636684892120933,0.37660903067507545,0.3176912565606329,0.021122564914517583
WT_10__TO__SCA3_04,0.05,xy,seed_median_curve_isotonic,marker_first,6,0.3388138214751505,0.1636684892120933,0.37660903067507545,0.3176912565606329,0.021122564914517583
WT_10__TO__SCA3_04,0.05,xy,seed_median_curve_persistent,marker_first,6,0.3388138214751505,0.1636684892120933,0.37660903067507545,0.3176912565606329,0.021122564914517583
WT_10__TO__SCA3_04,0.05,xyz,median_seed_isotonic,marker_first,6,0.2643792279499055,0.11315038394262569,0.3767777200035825,0.3176912565606329,-0.053312028610727424
WT_10__TO__SCA3_04,0.05,xyz,q25_seed_isotonic,marker_first,6,0.2635746822240499,0.10871678627259285,0.3744119740904975,0.3176912565606329,-0.05411657433658301
WT_10__TO__SCA3_04,0.05,xyz,q75_seed_isotonic,marker_first,6,0.26907354047923365,0.12587394480980915,0.3773268211228605,0.3176912565606329,-0.048617716081399254
WT_10__TO__SCA3_04,0.05,xyz,seed_median_curve_first,marker_first,6,0.26427703770598465,0.11315038394262569,0.3767777200035825,0.3176912565606329,-0.053414218854648254
WT_10__TO__SCA3_04,0.05,xyz,seed_median_curve_isotonic,marker_first,6,0.26427703770598465,0.11315038394262569,0.3767777200035825,0.3176912565606329,-0.053414218854648254
WT_10__TO__SCA3_04,0.05,xyz,seed_median_curve_persistent,marker_first,6,0.26427703770598465,0.11315038394262569,0.3767777200035825,0.3176912565606329,-0.053414218854648254
WT_10__TO__SCA3_04,0.05,z,median_seed_isotonic,marker_first,6,0.2387229376913928,0.1173256445965833,0.3316661629150633,0.3176912565606329,-0.0789683188692401
WT_10__TO__SCA3_04,0.05,z,q25_seed_isotonic,marker_first,6,0.23551393670747248,0.113765175704314,0.3269700887383697,0.3176912565606329,-0.08217731985316043
WT_10__TO__SCA3_04,0.05,z,q75_seed_isotonic,marker_first,6,0.24079151768652562,0.12943856417128657,0.3352022497535077,0.3176912565606329,-0.07689973887410728
WT_10__TO__SCA3_04,0.05,z,seed_median_curve_first,marker_first,6,0.2387672868513549,0.1173256445965833,0.33184553451467597,0.3176912565606329,-0.07892396970927801
WT_10__TO__SCA3_04,0.05,z,seed_median_curve_isotonic,marker_first,6,0.2387672868513549,0.1173256445965833,0.33184553451467597,0.3176912565606329,-0.07892396970927801
WT_10__TO__SCA3_04,0.05,z,seed_median_curve_persistent,marker_first,6,0.2387672868513549,0.1173256445965833,0.33184553451467597,0.3176912565606329,-0.07892396970927801
WT_10__TO__SCA3_06,0.0125,xy,median_seed_isotonic,marker_first,1,0.5050283855304594,0.5050283855304594,0.5050283855304594,0.7598531309478366,-0.2548247454173772
WT_10__TO__SCA3_06,0.0125,xy,q25_seed_isotonic,marker_first,1,0.4126247527120648,0.4126247527120648,0.4126247527120648,0.7598531309478366,-0.3472283782357718
WT_10__TO__SCA3_06,0.0125,xy,q75_seed_isotonic,marker_first,1,0.7462601145603216,0.7462601145603216,0.7462601145603216,0.7598531309478366,-0.013593016387514978
WT_10__TO__SCA3_06,0.0125,xy,seed_median_curve_first,marker_first,1,0.5050283855304594,0.5050283855304594,0.5050283855304594,0.7598531309478366,-0.2548247454173772
WT_10__TO__SCA3_06,0.0125,xy,seed_median_curve_isotonic,marker_first,1,0.5050283855304594,0.5050283855304594,0.5050283855304594,0.7598531309478366,-0.2548247454173772
WT_10__TO__SCA3_06,0.0125,xy,seed_median_curve_persistent,marker_first,1,0.5050283855304594,0.5050283855304594,0.5050283855304594,0.7598531309478366,-0.2548247454173772
WT_10__TO__SCA3_06,0.0125,xyz,median_seed_isotonic,marker_first,1,0.7446153676506455,0.7446153676506455,0.7446153676506455,0.7598531309478366,-0.015237763297191065
WT_10__TO__SCA3_06,0.0125,xyz,q25_seed_isotonic,marker_first,1,0.5749982244744976,0.5749982244744976,0.5749982244744976,0.7598531309478366,-0.18485490647333902
WT_10__TO__SCA3_06,0.0125,xyz,q75_seed_isotonic,marker_first,1,0.871523876370993,0.871523876370993,0.871523876370993,0.7598531309478366,0.11167074542315647
WT_10__TO__SCA3_06,0.0125,xyz,seed_median_curve_first,marker_first,1,0.7438028877279748,0.7438028877279748,0.7438028877279748,0.7598531309478366,-0.016050243219861815
WT_10__TO__SCA3_06,0.0125,xyz,seed_median_curve_isotonic,marker_first,1,0.7418468105330014,0.7418468105330014,0.7418468105330014,0.7598531309478366,-0.018006320414835186
WT_10__TO__SCA3_06,0.0125,xyz,seed_median_curve_persistent,marker_first,1,0.7438028877279748,0.7438028877279748,0.7438028877279748,0.7598531309478366,-0.016050243219861815
WT_10__TO__SCA3_06,0.0125,z,median_seed_isotonic,marker_first,1,0.9398539534905058,0.9398539534905058,0.9398539534905058,0.7598531309478366,0.18000082254266925
WT_10__TO__SCA3_06,0.0125,z,q25_seed_isotonic,marker_first,1,0.784620002454119,0.784620002454119,0.784620002454119,0.7598531309478366,0.02476687150628243
WT_10__TO__SCA3_06,0.0125,z,q75_seed_isotonic,marker_first,1,0.9738819907091602,0.9738819907091602,0.9738819907091602,0.7598531309478366,0.21402885976132358
WT_10__TO__SCA3_06,0.0125,z,seed_median_curve_first,marker_first,1,0.9415622312230478,0.9415622312230478,0.9415622312230478,0.7598531309478366,0.18170910027521125
WT_10__TO__SCA3_06,0.0125,z,seed_median_curve_isotonic,marker_first,1,0.9415622312230478,0.9415622312230478,0.9415622312230478,0.7598531309478366,0.18170910027521125
WT_10__TO__SCA3_06,0.0125,z,seed_median_curve_persistent,marker_first,1,0.9415622312230478,0.9415622312230478,0.9415622312230478,0.7598531309478366,0.18170910027521125
WT_10__TO__SCA3_06,0.025,xy,median_seed_isotonic,marker_first,1,0.5321834230482725,0.5321834230482725,0.5321834230482725,0.7598531309478366,-0.2276697078995641
WT_10__TO__SCA3_06,0.025,xy,q25_seed_isotonic,marker_first,1,0.4212410489828191,0.4212410489828191,0.4212410489828191,0.7598531309478366,-0.33861208196501746
WT_10__TO__SCA3_06,0.025,xy,q75_seed_isotonic,marker_first,1,0.7423711241371406,0.7423711241371406,0.7423711241371406,0.7598531309478366,-0.017482006810696005
WT_10__TO__SCA3_06,0.025,xy,seed_median_curve_first,marker_first,1,0.5321834230482725,0.5321834230482725,0.5321834230482725,0.7598531309478366,-0.2276697078995641
WT_10__TO__SCA3_06,0.025,xy,seed_median_curve_isotonic,marker_first,1,0.5321834230482725,0.5321834230482725,0.5321834230482725,0.7598531309478366,-0.2276697078995641
WT_10__TO__SCA3_06,0.025,xy,seed_median_curve_persistent,marker_first,1,0.5321834230482725,0.5321834230482725,0.5321834230482725,0.7598531309478366,-0.2276697078995641
WT_10__TO__SCA3_06,0.025,xyz,median_seed_isotonic,marker_first,1,0.7408693584197293,0.7408693584197293,0.7408693584197293,0.7598531309478366,-0.018983772528107234
WT_10__TO__SCA3_06,0.025,xyz,q25_seed_isotonic,marker_first,1,0.6346849885377136,0.6346849885377136,0.6346849885377136,0.7598531309478366,-0.12516814241012297
WT_10__TO__SCA3_06,0.025,xyz,q75_seed_isotonic,marker_first,1,0.8720306425448633,0.8720306425448633,0.8720306425448633,0.7598531309478366,0.11217751159702671
WT_10__TO__SCA3_06,0.025,xyz,seed_median_curve_first,marker_first,1,0.6925624538144479,0.6925624538144479,0.6925624538144479,0.7598531309478366,-0.06729067713338865
WT_10__TO__SCA3_06,0.025,xyz,seed_median_curve_isotonic,marker_first,1,0.7401936417736608,0.7401936417736608,0.7401936417736608,0.7598531309478366,-0.019659489174175815
WT_10__TO__SCA3_06,0.025,xyz,seed_median_curve_persistent,marker_first,1,0.7442462062612161,0.7442462062612161,0.7442462062612161,0.7598531309478366,-0.015606924686620505
WT_10__TO__SCA3_06,0.025,z,median_seed_isotonic,marker_first,1,0.9401088041694436,0.9401088041694436,0.9401088041694436,0.7598531309478366,0.18025567322160707
WT_10__TO__SCA3_06,0.025,z,q25_seed_isotonic,marker_first,1,0.7822432991637056,0.7822432991637056,0.7822432991637056,0.7598531309478366,0.022390168215869033
WT_10__TO__SCA3_06,0.025,z,q75_seed_isotonic,marker_first,1,0.9731320611052581,0.9731320611052581,0.9731320611052581,0.7598531309478366,0.2132789301574215
WT_10__TO__SCA3_06,0.025,z,seed_median_curve_first,marker_first,1,0.942102670654761,0.942102670654761,0.942102670654761,0.7598531309478366,0.18224953970692448
WT_10__TO__SCA3_06,0.025,z,seed_median_curve_isotonic,marker_first,1,0.942102670654761,0.942102670654761,0.942102670654761,0.7598531309478366,0.18224953970692448
WT_10__TO__SCA3_06,0.025,z,seed_median_curve_persistent,marker_first,1,0.942102670654761,0.942102670654761,0.942102670654761,0.7598531309478366,0.18224953970692448
WT_10__TO__SCA3_06,0.05,xy,median_seed_isotonic,marker_first,1,0.6356384905414896,0.6356384905414896,0.6356384905414896,0.7598531309478366,-0.124214640406347
WT_10__TO__SCA3_06,0.05,xy,q25_seed_isotonic,marker_first,1,0.44542854289043665,0.44542854289043665,0.44542854289043665,0.7598531309478366,-0.3144245880573999
WT_10__TO__SCA3_06,0.05,xy,q75_seed_isotonic,marker_first,1,0.7489735159798238,0.7489735159798238,0.7489735159798238,0.7598531309478366,-0.010879614968012818
WT_10__TO__SCA3_06,0.05,xy,seed_median_curve_first,marker_first,1,0.5865737019470321,0.5865737019470321,0.5865737019470321,0.7598531309478366,-0.1732794290008045
WT_10__TO__SCA3_06,0.05,xy,seed_median_curve_isotonic,marker_first,1,0.639031728308516,0.639031728308516,0.639031728308516,0.7598531309478366,-0.12082140263932062
WT_10__TO__SCA3_06,0.05,xy,seed_median_curve_persistent,marker_first,1,0.6425385141093898,0.6425385141093898,0.6425385141093898,0.7598531309478366,-0.1173146168384468
WT_10__TO__SCA3_06,0.05,xyz,median_seed_isotonic,marker_first,1,0.747368998480262,0.747368998480262,0.747368998480262,0.7598531309478366,-0.012484132467574627
WT_10__TO__SCA3_06,0.05,xyz,q25_seed_isotonic,marker_first,1,0.637674638765749,0.637674638765749,0.637674638765749,0.7598531309478366,-0.12217849218208754
WT_10__TO__SCA3_06,0.05,xyz,q75_seed_isotonic,marker_first,1,0.8850364832632549,0.8850364832632549,0.8850364832632549,0.7598531309478366,0.12518335231541833
WT_10__TO__SCA3_06,0.05,xyz,seed_median_curve_first,marker_first,1,0.748038569072477,0.748038569072477,0.748038569072477,0.7598531309478366,-0.011814561875359564
WT_10__TO__SCA3_06,0.05,xyz,seed_median_curve_isotonic,marker_first,1,0.7489508891996867,0.7489508891996867,0.7489508891996867,0.7598531309478366,-0.01090224174814991
WT_10__TO__SCA3_06,0.05,xyz,seed_median_curve_persistent,marker_first,1,0.748038569072477,0.748038569072477,0.748038569072477,0.7598531309478366,-0.011814561875359564
WT_10__TO__SCA3_06,0.05,z,median_seed_isotonic,marker_first,1,0.94085154883799,0.94085154883799,0.94085154883799,0.7598531309478366,0.18099841789015347
WT_10__TO__SCA3_06,0.05,z,q25_seed_isotonic,marker_first,1,0.7928292256408869,0.7928292256408869,0.7928292256408869,0.7598531309478366,0.032976094693050295
WT_10__TO__SCA3_06,0.05,z,q75_seed_isotonic,marker_first,1,0.9725935484049575,0.9725935484049575,0.9725935484049575,0.7598531309478366,0.2127404174571209
WT_10__TO__SCA3_06,0.05,z,seed_median_curve_first,marker_first,1,0.9434219700689584,0.9434219700689584,0.9434219700689584,0.7598531309478366,0.18356883912112187
WT_10__TO__SCA3_06,0.05,z,seed_median_curve_isotonic,marker_first,1,0.9434219700689584,0.9434219700689584,0.9434219700689584,0.7598531309478366,0.18356883912112187
WT_10__TO__SCA3_06,0.05,z,seed_median_curve_persistent,marker_first,1,0.9434219700689584,0.9434219700689584,0.9434219700689584,0.7598531309478366,0.18356883912112187
WT_10__TO__SCA3_09,0.0125,xy,median_seed_isotonic,marker_first,3,0.33749871555497496,0.15735074560121728,0.3864553655734548,0.1283608672243519,0.20913784833062307
WT_10__TO__SCA3_09,0.0125,xy,q25_seed_isotonic,marker_first,3,0.31424330995848454,0.15066895172535577,0.3671430296021361,0.1283608672243519,0.18588244273413265
WT_10__TO__SCA3_09,0.0125,xy,q75_seed_isotonic,marker_first,3,0.3459777922543764,0.16186039275122233,0.40334575286544505,0.1283608672243519,0.21761692503002453
WT_10__TO__SCA3_09,0.0125,xy,seed_median_curve_first,marker_first,3,0.33749871555497496,0.15720986969784254,0.38635607094452706,0.1283608672243519,0.20913784833062307
WT_10__TO__SCA3_09,0.0125,xy,seed_median_curve_isotonic,marker_first,3,0.33749871555497496,0.15720986969784254,0.38635607094452706,0.1283608672243519,0.20913784833062307
WT_10__TO__SCA3_09,0.0125,xy,seed_median_curve_persistent,marker_first,3,0.33749871555497496,0.15720986969784254,0.38635607094452706,0.1283608672243519,0.20913784833062307
WT_10__TO__SCA3_09,0.0125,xyz,median_seed_isotonic,marker_first,3,0.32755092996765756,0.18178732017690197,0.4799974448113482,0.1283608672243519,0.19919006274330567
WT_10__TO__SCA3_09,0.0125,xyz,q25_seed_isotonic,marker_first,3,0.32558322401906614,0.17962274588143232,0.4069877890801774,0.1283608672243519,0.19722235679471425
WT_10__TO__SCA3_09,0.0125,xyz,q75_seed_isotonic,marker_first,3,0.3286125094224215,0.18297472550736105,0.534416382322384,0.1283608672243519,0.2002516421980696
WT_10__TO__SCA3_09,0.0125,xyz,seed_median_curve_first,marker_first,3,0.32755092996765756,0.1817849530032847,0.45979225381069183,0.1283608672243519,0.19919006274330567
WT_10__TO__SCA3_09,0.0125,xyz,seed_median_curve_isotonic,marker_first,3,0.32755092996765756,0.1817849530032847,0.46053173589509266,0.1283608672243519,0.19919006274330567
WT_10__TO__SCA3_09,0.0125,xyz,seed_median_curve_persistent,marker_first,3,0.32755092996765756,0.1817849530032847,0.45979225381069183,0.1283608672243519,0.19919006274330567
WT_10__TO__SCA3_09,0.0125,z,median_seed_isotonic,marker_first,3,0.3014850151680711,0.1784933860548621,0.698345595753996,0.1283608672243519,0.1731241479437192
WT_10__TO__SCA3_09,0.0125,z,q25_seed_isotonic,marker_first,3,0.2993447412398834,0.1743730393443431,0.47211322414083357,0.1283608672243519,0.17098387401553153
WT_10__TO__SCA3_09,0.0125,z,q75_seed_isotonic,marker_first,3,0.30217850376134675,0.18350944768458977,0.7302681139900962,0.1283608672243519,0.17381763653699486
WT_10__TO__SCA3_09,0.0125,z,seed_median_curve_first,marker_first,3,0.3014089902063349,0.17847437981442804,0.6952148012735069,0.1283608672243519,0.173048122981983
WT_10__TO__SCA3_09,0.0125,z,seed_median_curve_isotonic,marker_first,3,0.3014089902063349,0.17847437981442804,0.6927834034552893,0.1283608672243519,0.173048122981983
WT_10__TO__SCA3_09,0.0125,z,seed_median_curve_persistent,marker_first,3,0.3014089902063349,0.17847437981442804,0.6952148012735069,0.1283608672243519,0.173048122981983
WT_10__TO__SCA3_09,0.025,xy,median_seed_isotonic,marker_first,3,0.3521649174091991,0.16908358345745678,0.4065379644171605,0.1283608672243519,0.2238040501848472
WT_10__TO__SCA3_09,0.025,xy,q25_seed_isotonic,marker_first,3,0.3371415206879764,0.1625451393734553,0.40053636895007866,0.1283608672243519,0.20878065346362454
WT_10__TO__SCA3_09,0.025,xy,q75_seed_isotonic,marker_first,3,0.35287404149026047,0.1710262879686751,0.4146463246437085,0.1283608672243519,0.22451317426590858
WT_10__TO__SCA3_09,0.025,xy,seed_median_curve_first,marker_first,3,0.3457339395001168,0.1674758389801862,0.4046835367086285,0.1283608672243519,0.21737307227576494
WT_10__TO__SCA3_09,0.025,xy,seed_median_curve_isotonic,marker_first,3,0.3457339395001168,0.1674758389801862,0.4046835367086285,0.1283608672243519,0.21737307227576494
WT_10__TO__SCA3_09,0.025,xy,seed_median_curve_persistent,marker_first,3,0.3457339395001168,0.1674758389801862,0.4046835367086285,0.1283608672243519,0.21737307227576494
WT_10__TO__SCA3_09,0.025,xyz,median_seed_isotonic,marker_first,3,0.3312139183942941,0.19008402169202354,0.5412391001212496,0.1283608672243519,0.2028530511699422
WT_10__TO__SCA3_09,0.025,xyz,q25_seed_isotonic,marker_first,3,0.32986003365391237,0.18304956936275196,0.4106309650649824,0.1283608672243519,0.20149916642956048
WT_10__TO__SCA3_09,0.025,xyz,q75_seed_isotonic,marker_first,3,0.33409688694084455,0.19100092575529426,0.5699067510596691,0.1283608672243519,0.20573601971649266
WT_10__TO__SCA3_09,0.025,xyz,seed_median_curve_first,marker_first,3,0.3312139183942941,0.18986552290714037,0.5373944052465015,0.1283608672243519,0.2028530511699422
WT_10__TO__SCA3_09,0.025,xyz,seed_median_curve_isotonic,marker_first,3,0.3312139183942941,0.18986552290714037,0.5373944052465015,0.1283608672243519,0.2028530511699422
WT_10__TO__SCA3_09,0.025,xyz,seed_median_curve_persistent,marker_first,3,0.3312139183942941,0.18986552290714037,0.5373944052465015,0.1283608672243519,0.2028530511699422
WT_10__TO__SCA3_09,0.025,z,median_seed_isotonic,marker_first,3,0.31189300599525605,0.17968129222039908,0.7337947751789495,0.1283608672243519,0.18353213877090416
WT_10__TO__SCA3_09,0.025,z,q25_seed_isotonic,marker_first,3,0.30666891995410445,0.1717620083823047,0.48952275840566706,0.1283608672243519,0.17830805272975256
WT_10__TO__SCA3_09,0.025,z,q75_seed_isotonic,marker_first,3,0.31383539805373833,0.18373128887736634,0.8038639418883702,0.1283608672243519,0.18547453082938645
WT_10__TO__SCA3_09,0.025,z,seed_median_curve_first,marker_first,3,0.31189300599525605,0.17977676561659245,0.6997831895639219,0.1283608672243519,0.18353213877090416
WT_10__TO__SCA3_09,0.025,z,seed_median_curve_isotonic,marker_first,3,0.31189300599525605,0.17977676561659245,0.7298102509782156,0.1283608672243519,0.18353213877090416
WT_10__TO__SCA3_09,0.025,z,seed_median_curve_persistent,marker_first,3,0.31189300599525605,0.17977676561659245,0.7323524800978585,0.1283608672243519,0.18353213877090416
WT_10__TO__SCA3_09,0.05,xy,median_seed_isotonic,marker_first,3,0.39978475654045503,0.19199883220877628,0.4260560755106821,0.1283608672243519,0.2714238893161032
WT_10__TO__SCA3_09,0.05,xy,q25_seed_isotonic,marker_first,3,0.3994962011560963,0.1911698766167122,0.4249218963342666,0.1283608672243519,0.2711353339317444
WT_10__TO__SCA3_09,0.05,xy,q75_seed_isotonic,marker_first,3,0.4034416031469513,0.19364850927983016,0.43700891347682735,0.1283608672243519,0.2750807359225994
WT_10__TO__SCA3_09,0.05,xy,seed_median_curve_first,marker_first,3,0.39978475654045503,0.19254416381004277,0.42590017864833246,0.1283608672243519,0.2714238893161032
WT_10__TO__SCA3_09,0.05,xy,seed_median_curve_isotonic,marker_first,3,0.39978475654045503,0.19254416381004277,0.4261266004897592,0.1283608672243519,0.2714238893161032
WT_10__TO__SCA3_09,0.05,xy,seed_median_curve_persistent,marker_first,3,0.39978475654045503,0.19254416381004277,0.42590017864833246,0.1283608672243519,0.2714238893161032
WT_10__TO__SCA3_09,0.05,xyz,median_seed_isotonic,marker_first,3,0.3449740054679358,0.19958142797027334,0.5738518082044316,0.1283608672243519,0.21661313824358389
WT_10__TO__SCA3_09,0.05,xyz,q25_seed_isotonic,marker_first,3,0.3446733391698714,0.1988008972417169,0.42398078583790194,0.1283608672243519,0.21631247194551953
WT_10__TO__SCA3_09,0.05,xyz,q75_seed_isotonic,marker_first,3,0.3479273077193214,0.20085625829458353,0.6269454372001191,0.1283608672243519,0.2195664404949695
WT_10__TO__SCA3_09,0.05,xyz,seed_median_curve_first,marker_first,3,0.34507781584730157,0.19890201641107444,0.5680403404093765,0.1283608672243519,0.21671694862294968
WT_10__TO__SCA3_09,0.05,xyz,seed_median_curve_isotonic,marker_first,3,0.34507781584730157,0.19890201641107444,0.5680139071154318,0.1283608672243519,0.21671694862294968
WT_10__TO__SCA3_09,0.05,xyz,seed_median_curve_persistent,marker_first,3,0.34507781584730157,0.19890201641107444,0.5680403404093765,0.1283608672243519,0.21671694862294968
WT_10__TO__SCA3_09,0.05,z,median_seed_isotonic,marker_first,3,0.3286927923363143,0.17456552186901778,0.7402372297341118,0.1283608672243519,0.20033192511196243
WT_10__TO__SCA3_09,0.05,z,q25_seed_isotonic,marker_first,3,0.32844013589402665,0.17248246733807532,0.5370772777645871,0.1283608672243519,0.20007926866967476
WT_10__TO__SCA3_09,0.05,z,q75_seed_isotonic,marker_first,3,0.32920405998608027,0.1770273736563025,0.8091319266798984,0.1283608672243519,0.20084319276172838
WT_10__TO__SCA3_09,0.05,z,seed_median_curve_first,marker_first,3,0.3285444887970666,0.17542249039464547,0.7056293917681999,0.1283608672243519,0.20018362157271472
WT_10__TO__SCA3_09,0.05,z,seed_median_curve_isotonic,marker_first,3,0.3285444887970666,0.17542249039464547,0.7360130058668091,0.1283608672243519,0.20018362157271472
WT_10__TO__SCA3_09,0.05,z,seed_median_curve_persistent,marker_first,3,0.3285444887970666,0.17542249039464547,0.7378750279227877,0.1283608672243519,0.20018362157271472
WT_13__TO__SCA3_01,0.0125,xy,median_seed_isotonic,marker_first,2,0.89616350081463,0.8537077240189793,0.9386192776102809,0.7739477232750757,0.12221577753955437
WT_13__TO__SCA3_01,0.0125,xy,q25_seed_isotonic,marker_first,2,0.8210247606495957,0.8024323973402931,0.8396171239588984,0.7739477232750757,0.04707703737452007
WT_13__TO__SCA3_01,0.0125,xy,q75_seed_isotonic,marker_first,2,0.9069578292292975,0.8591542622250808,0.9547613962335141,0.7739477232750757,0.1330101059542218
WT_13__TO__SCA3_01,0.0125,xy,seed_median_curve_first,marker_first,2,0.8999843552321183,0.8584135342762871,0.9415551761879494,0.7739477232750757,0.12603663195704262
WT_13__TO__SCA3_01,0.0125,xy,seed_median_curve_isotonic,marker_first,2,0.8999843552321183,0.8584135342762871,0.9415551761879494,0.7739477232750757,0.12603663195704262
WT_13__TO__SCA3_01,0.0125,xy,seed_median_curve_persistent,marker_first,2,0.8999843552321183,0.8584135342762871,0.9415551761879494,0.7739477232750757,0.12603663195704262
WT_13__TO__SCA3_01,0.0125,xyz,median_seed_isotonic,marker_first,2,0.37377736520052984,0.1987704132932689,0.5487843171077909,0.7739477232750757,-0.4001703580745458
WT_13__TO__SCA3_01,0.0125,xyz,q25_seed_isotonic,marker_first,2,0.3531279689786415,0.16930034027576815,0.5369555976815148,0.7739477232750757,-0.42081975429643415
WT_13__TO__SCA3_01,0.0125,xyz,q75_seed_isotonic,marker_first,2,0.4012768311101848,0.23974769086941217,0.5628059713509574,0.7739477232750757,-0.37267089216489085
WT_13__TO__SCA3_01,0.0125,xyz,seed_median_curve_first,marker_first,2,0.3682992866715447,0.18781425623529857,0.5487843171077909,0.7739477232750757,-0.40564843660353095
WT_13__TO__SCA3_01,0.0125,xyz,seed_median_curve_isotonic,marker_first,2,0.3703657864770238,0.1919472558462567,0.5487843171077909,0.7739477232750757,-0.4035819367980519
WT_13__TO__SCA3_01,0.0125,xyz,seed_median_curve_persistent,marker_first,2,0.3682992866715447,0.18781425623529857,0.5487843171077909,0.7739477232750757,-0.40564843660353095
WT_13__TO__SCA3_01,0.0125,z,median_seed_isotonic,marker_first,2,0.35723988521592187,0.10185412368439509,0.6126256467474487,0.7739477232750757,-0.4167078380591538
WT_13__TO__SCA3_01,0.0125,z,q25_seed_isotonic,marker_first,2,0.34923266066651926,0.08778381046372849,0.61068151086931,0.7739477232750757,-0.4247150626085564
WT_13__TO__SCA3_01,0.0125,z,q75_seed_isotonic,marker_first,2,0.40396176519245885,0.17114067350607282,0.636782856878845,0.7739477232750757,-0.3699859580826168
WT_13__TO__SCA3_01,0.0125,z,seed_median_curve_first,marker_first,2,0.3683918435731979,0.11942091266213463,0.6173627744842611,0.7739477232750757,-0.4055558797018778
WT_13__TO__SCA3_01,0.0125,z,seed_median_curve_isotonic,marker_first,2,0.3683918435731979,0.11942091266213463,0.6173627744842611,0.7739477232750757,-0.4055558797018778
WT_13__TO__SCA3_01,0.0125,z,seed_median_curve_persistent,marker_first,2,0.3683918435731979,0.11942091266213463,0.6173627744842611,0.7739477232750757,-0.4055558797018778
WT_13__TO__SCA3_01,0.025,xy,median_seed_isotonic,marker_first,2,0.8148924654172789,0.7981071396430719,0.8316777911914859,0.7739477232750757,0.04094474214220323
WT_13__TO__SCA3_01,0.025,xy,q25_seed_isotonic,marker_first,2,0.7720027932913565,0.7177019815718854,0.8263036050108276,0.7739477232750757,-0.0019449299837192013
WT_13__TO__SCA3_01,0.025,xy,q75_seed_isotonic,marker_first,2,0.9070533059919443,0.8448892179446992,0.9692173940391895,0.7739477232750757,0.13310558271686868
WT_13__TO__SCA3_01,0.025,xy,seed_median_curve_first,marker_first,2,0.8148924654172789,0.7981071396430719,0.8316777911914859,0.7739477232750757,0.04094474214220323
WT_13__TO__SCA3_01,0.025,xy,seed_median_curve_isotonic,marker_first,2,0.8148924654172789,0.7981071396430719,0.8316777911914859,0.7739477232750757,0.04094474214220323
WT_13__TO__SCA3_01,0.025,xy,seed_median_curve_persistent,marker_first,2,0.8148924654172789,0.7981071396430719,0.8316777911914859,0.7739477232750757,0.04094474214220323
WT_13__TO__SCA3_01,0.025,xyz,median_seed_isotonic,marker_first,2,0.3883721489562473,0.2348647183740376,0.5418795795384569,0.7739477232750757,-0.3855755743188284
WT_13__TO__SCA3_01,0.025,xyz,q25_seed_isotonic,marker_first,2,0.3650550202166205,0.21814030160480494,0.511969738828436,0.7739477232750757,-0.40889270305845515
WT_13__TO__SCA3_01,0.025,xyz,q75_seed_isotonic,marker_first,2,0.39554181614357825,0.23493638023416907,0.5561472520529874,0.7739477232750757,-0.3784059071314974
WT_13__TO__SCA3_01,0.025,xyz,seed_median_curve_first,marker_first,2,0.36533727430172225,0.18879496906498755,0.5418795795384569,0.7739477232750757,-0.4086104489733534
WT_13__TO__SCA3_01,0.025,xyz,seed_median_curve_isotonic,marker_first,2,0.36776305364311856,0.1936465277477802,0.5418795795384569,0.7739477232750757,-0.4061846696319571
WT_13__TO__SCA3_01,0.025,xyz,seed_median_curve_persistent,marker_first,2,0.38879731931365313,0.2357150590888493,0.5418795795384569,0.7739477232750757,-0.3851504039614225
WT_13__TO__SCA3_01,0.025,z,median_seed_isotonic,marker_first,2,0.36070553750803835,0.10437793015835663,0.6170331448577201,0.7739477232750757,-0.4132421857670373
WT_13__TO__SCA3_01,0.025,z,q25_seed_isotonic,marker_first,2,0.34858688945587674,0.09290663813845355,0.6042671407732999,0.7739477232750757,-0.4253608338191989
WT_13__TO__SCA3_01,0.025,z,q75_seed_isotonic,marker_first,2,0.3954984191858009,0.1726311788557261,0.6183656595158757,0.7739477232750757,-0.37844930408927474
WT_13__TO__SCA3_01,0.025,z,seed_median_curve_first,marker_first,2,0.37836977205887323,0.1428984592670846,0.6138410848506619,0.7739477232750757,-0.39557795121620243
WT_13__TO__SCA3_01,0.025,z,seed_median_curve_isotonic,marker_first,2,0.37836977205887323,0.1428984592670846,0.6138410848506619,0.7739477232750757,-0.39557795121620243
WT_13__TO__SCA3_01,0.025,z,seed_median_curve_persistent,marker_first,2,0.37836977205887323,0.1428984592670846,0.6138410848506619,0.7739477232750757,-0.39557795121620243
WT_13__TO__SCA3_01,0.05,xy,median_seed_isotonic,marker_first,2,0.8238246910758062,0.8192306970347478,0.8284186851168647,0.7739477232750757,0.04987696780073059
WT_13__TO__SCA3_01,0.05,xy,q25_seed_isotonic,marker_first,2,0.7716999878220991,0.7155097802313336,0.8278901954128647,0.7739477232750757,-0.002247735452976518
WT_13__TO__SCA3_01,0.05,xy,q75_seed_isotonic,marker_first,2,0.884032344770302,0.8335146427985196,0.9345500467420844,0.7739477232750757,0.11008462149522635
WT_13__TO__SCA3_01,0.05,xy,seed_median_curve_first,marker_first,2,0.8237163441529408,0.8192306970347478,0.8282019912711338,0.7739477232750757,0.049768620877865155
WT_13__TO__SCA3_01,0.05,xy,seed_median_curve_isotonic,marker_first,2,0.8237163441529408,0.8192306970347478,0.8282019912711338,0.7739477232750757,0.049768620877865155
WT_13__TO__SCA3_01,0.05,xy,seed_median_curve_persistent,marker_first,2,0.8237163441529408,0.8192306970347478,0.8282019912711338,0.7739477232750757,0.049768620877865155
WT_13__TO__SCA3_01,0.05,xyz,median_seed_isotonic,marker_first,2,0.36061464762325823,0.18344433295326673,0.5377849622932498,0.7739477232750757,-0.4133330756518174
WT_13__TO__SCA3_01,0.05,xyz,q25_seed_isotonic,marker_first,2,0.352455489354093,0.1803111512726516,0.5245998274355345,0.7739477232750757,-0.4214922339209827
WT_13__TO__SCA3_01,0.05,xyz,q75_seed_isotonic,marker_first,2,0.3714110976422251,0.20062345207965904,0.5421987432047911,0.7739477232750757,-0.4025366256328506
WT_13__TO__SCA3_01,0.05,xyz,seed_median_curve_first,marker_first,2,0.36037829059578735,0.18414923902272196,0.5366073421688528,0.7739477232750757,-0.4135694326792883
WT_13__TO__SCA3_01,0.05,xyz,seed_median_curve_isotonic,marker_first,2,0.3624557721860877,0.18830420220332267,0.5366073421688528,0.7739477232750757,-0.41149195108898795
WT_13__TO__SCA3_01,0.05,xyz,seed_median_curve_persistent,marker_first,2,0.3853581841509245,0.23410902613299622,0.5366073421688528,0.7739477232750757,-0.3885895391241512
WT_13__TO__SCA3_01,0.05,z,median_seed_isotonic,marker_first,2,0.3688602027994333,0.11275718761440787,0.6249632179844589,0.7739477232750757,-0.40508752047564234
WT_13__TO__SCA3_01,0.05,z,q25_seed_isotonic,marker_first,2,0.3531060657601899,0.09912017570245416,0.6070919558179256,0.7739477232750757,-0.4208416575148858
WT_13__TO__SCA3_01,0.05,z,q75_seed_isotonic,marker_first,2,0.4092541202704486,0.17658500407689012,0.6419232364640072,0.7739477232750757,-0.36469360300462705
WT_13__TO__SCA3_01,0.05,z,seed_median_curve_first,marker_first,2,0.4007603535361347,0.1765574890878106,0.6249632179844589,0.7739477232750757,-0.37318736973894095
WT_13__TO__SCA3_01,0.05,z,seed_median_curve_isotonic,marker_first,2,0.39997862229493863,0.17499402660541843,0.6249632179844589,0.7739477232750757,-0.373969100980137
WT_13__TO__SCA3_01,0.05,z,seed_median_curve_persistent,marker_first,2,0.4007603535361347,0.1765574890878106,0.6249632179844589,0.7739477232750757,-0.37318736973894095
WT_13__TO__SCA3_04,0.0125,xy,median_seed_isotonic,marker_first,6,0.2913322004262005,0.21127264802897902,0.4139166200854597,0.7826117528334974,-0.49127955240729687
WT_13__TO__SCA3_04,0.0125,xy,q25_seed_isotonic,marker_first,6,0.2577238416529944,0.19531438735204618,0.3878526446195281,0.7826117528334974,-0.5248879111805029
WT_13__TO__SCA3_04,0.0125,xy,q75_seed_isotonic,marker_first,6,0.4061239169935282,0.2598975899508317,0.4420308230956269,0.7826117528334974,-0.3764878358399692
WT_13__TO__SCA3_04,0.0125,xy,seed_median_curve_first,marker_first,6,0.3166201447410469,0.21525642721546048,0.4122833608927922,0.7826117528334974,-0.4659916080924505
WT_13__TO__SCA3_04,0.0125,xy,seed_median_curve_isotonic,marker_first,6,0.3167569119063185,0.21525642721546048,0.4122833608927922,0.7826117528334974,-0.4658548409271789
WT_13__TO__SCA3_04,0.0125,xy,seed_median_curve_persistent,marker_first,6,0.3166201447410469,0.21525642721546048,0.4122833608927922,0.7826117528334974,-0.4659916080924505
WT_13__TO__SCA3_04,0.0125,xyz,median_seed_isotonic,marker_first,6,0.3823186558638793,0.32434927125342,0.4927164043198789,0.7826117528334974,-0.40029309696961807
WT_13__TO__SCA3_04,0.0125,xyz,q25_seed_isotonic,marker_first,6,0.3806351317259466,0.31281552747692487,0.47360302412008687,0.7826117528334974,-0.4019766211075508
WT_13__TO__SCA3_04,0.0125,xyz,q75_seed_isotonic,marker_first,6,0.39386122476734753,0.3326009192563354,0.510365561101067,0.7826117528334974,-0.38875052806614985
WT_13__TO__SCA3_04,0.0125,xyz,seed_median_curve_first,marker_first,6,0.38277294326388306,0.32434927125342,0.4927164043198789,0.7826117528334974,-0.3998388095696143
WT_13__TO__SCA3_04,0.0125,xyz,seed_median_curve_isotonic,marker_first,6,0.38277294326388306,0.32434927125342,0.4927164043198789,0.7826117528334974,-0.3998388095696143
WT_13__TO__SCA3_04,0.0125,xyz,seed_median_curve_persistent,marker_first,6,0.38277294326388306,0.32434927125342,0.4927164043198789,0.7826117528334974,-0.3998388095696143
WT_13__TO__SCA3_04,0.0125,z,median_seed_isotonic,marker_first,6,0.41110554997208454,0.32166228236932864,0.5119172193968134,0.7826117528334974,-0.37150620286141284
WT_13__TO__SCA3_04,0.0125,z,q25_seed_isotonic,marker_first,6,0.39300830349904115,0.31751970954227837,0.49409436235848664,0.7826117528334974,-0.38960344933445623
WT_13__TO__SCA3_04,0.0125,z,q75_seed_isotonic,marker_first,6,0.4367018947059244,0.3221691170339738,0.5130128631769054,0.7826117528334974,-0.34590985812757297
WT_13__TO__SCA3_04,0.0125,z,seed_median_curve_first,marker_first,6,0.4082610234726773,0.3219451698388044,0.5101516775585175,0.7826117528334974,-0.3743507293608201
WT_13__TO__SCA3_04,0.0125,z,seed_median_curve_isotonic,marker_first,6,0.4082610234726773,0.3219451698388044,0.5101516775585175,0.7826117528334974,-0.3743507293608201
WT_13__TO__SCA3_04,0.0125,z,seed_median_curve_persistent,marker_first,6,0.4082610234726773,0.3219451698388044,0.5101516775585175,0.7826117528334974,-0.3743507293608201
WT_13__TO__SCA3_04,0.025,xy,median_seed_isotonic,marker_first,6,0.30008110636248336,0.2409179303655664,0.4242437772019581,0.7826117528334974,-0.482530646471014
WT_13__TO__SCA3_04,0.025,xy,q25_seed_isotonic,marker_first,6,0.28836298955675316,0.21986544507158612,0.3889697182790238,0.7826117528334974,-0.4942487632767442
WT_13__TO__SCA3_04,0.025,xy,q75_seed_isotonic,marker_first,6,0.40299965438007224,0.25871629939780416,0.44717954383318426,0.7826117528334974,-0.37961209845342514
WT_13__TO__SCA3_04,0.025,xy,seed_median_curve_first,marker_first,6,0.3069422030190003,0.2548186328427566,0.4242437772019581,0.7826117528334974,-0.47566954981449705
WT_13__TO__SCA3_04,0.025,xy,seed_median_curve_isotonic,marker_first,6,0.3069422030190003,0.2548186328427566,0.4242437772019581,0.7826117528334974,-0.47566954981449705
WT_13__TO__SCA3_04,0.025,xy,seed_median_curve_persistent,marker_first,6,0.3069422030190003,0.2548186328427566,0.4242437772019581,0.7826117528334974,-0.47566954981449705
WT_13__TO__SCA3_04,0.025,xyz,median_seed_isotonic,marker_first,6,0.3808771554835869,0.3315272968268826,0.4937685358662203,0.7826117528334974,-0.40173459734991046
WT_13__TO__SCA3_04,0.025,xyz,q25_seed_isotonic,marker_first,6,0.3787740334000921,0.3111199849237505,0.4795499236623724,0.7826117528334974,-0.4038377194334053
WT_13__TO__SCA3_04,0.025,xyz,q75_seed_isotonic,marker_first,6,0.3930336941758864,0.3317575194190051,0.5215459555899907,0.7826117528334974,-0.38957805865761097
WT_13__TO__SCA3_04,0.025,xyz,seed_median_curve_first,marker_first,6,0.37966804135959076,0.3295185184244387,0.4937685358662203,0.7826117528334974,-0.4029437114739066
WT_13__TO__SCA3_04,0.025,xyz,seed_median_curve_isotonic,marker_first,6,0.37966804135959076,0.3295185184244387,0.4937685358662203,0.7826117528334974,-0.4029437114739066
WT_13__TO__SCA3_04,0.025,xyz,seed_median_curve_persistent,marker_first,6,0.37966804135959076,0.3295185184244387,0.4937685358662203,0.7826117528334974,-0.4029437114739066
WT_13__TO__SCA3_04,0.025,z,median_seed_isotonic,marker_first,6,0.40982103876413234,0.3183020453314678,0.5219014362929225,0.7826117528334974,-0.37279071406936504
WT_13__TO__SCA3_04,0.025,z,q25_seed_isotonic,marker_first,6,0.39020305830830065,0.31590119967129066,0.49632345144718826,0.7826117528334974,-0.3924086945251967
WT_13__TO__SCA3_04,0.025,z,q75_seed_isotonic,marker_first,6,0.44300105420336056,0.32372772011751416,0.5264771438762982,0.7826117528334974,-0.3396106986301368
WT_13__TO__SCA3_04,0.025,z,seed_median_curve_first,marker_first,6,0.4102337056847176,0.3188636896303831,0.5196429919524808,0.7826117528334974,-0.37237804714877976
WT_13__TO__SCA3_04,0.025,z,seed_median_curve_isotonic,marker_first,6,0.4102337056847176,0.3188636896303831,0.5196429919524808,0.7826117528334974,-0.37237804714877976
WT_13__TO__SCA3_04,0.025,z,seed_median_curve_persistent,marker_first,6,0.4102337056847176,0.3188636896303831,0.5196429919524808,0.7826117528334974,-0.37237804714877976
WT_13__TO__SCA3_04,0.05,xy,median_seed_isotonic,marker_first,6,0.2943756393528093,0.22076963681219436,0.45440355011172423,0.7826117528334974,-0.48823611348068807
WT_13__TO__SCA3_04,0.05,xy,q25_seed_isotonic,marker_first,6,0.2515107642047336,0.19641269189207586,0.4495493972973769,0.7826117528334974,-0.5311009886287638
WT_13__TO__SCA3_04,0.05,xy,q75_seed_isotonic,marker_first,6,0.3558107913242944,0.24996522715160585,0.4683369626956852,0.7826117528334974,-0.426800961509203
WT_13__TO__SCA3_04,0.05,xy,seed_median_curve_first,marker_first,6,0.29836701385202385,0.23069324225968643,0.45553800472905975,0.7826117528334974,-0.4842447389814735
WT_13__TO__SCA3_04,0.05,xy,seed_median_curve_isotonic,marker_first,6,0.29836701385202385,0.23069324225968643,0.45553800472905975,0.7826117528334974,-0.4842447389814735
WT_13__TO__SCA3_04,0.05,xy,seed_median_curve_persistent,marker_first,6,0.29836701385202385,0.23069324225968643,0.45553800472905975,0.7826117528334974,-0.4842447389814735
WT_13__TO__SCA3_04,0.05,xyz,median_seed_isotonic,marker_first,6,0.3790681847281514,0.35526399661201896,0.49413893348771293,0.7826117528334974,-0.403543568105346
WT_13__TO__SCA3_04,0.05,xyz,q25_seed_isotonic,marker_first,6,0.37668355513304563,0.33076350641401253,0.4841110781586141,0.7826117528334974,-0.40592819770045174
WT_13__TO__SCA3_04,0.05,xyz,q75_seed_isotonic,marker_first,6,0.38994164579244894,0.3596790736037858,0.514276826728676,0.7826117528334974,-0.39267010704104843
WT_13__TO__SCA3_04,0.05,xyz,seed_median_curve_first,marker_first,6,0.3790154664299034,0.35526399661201896,0.49413893348771293,0.7826117528334974,-0.40359628640359396
WT_13__TO__SCA3_04,0.05,xyz,seed_median_curve_isotonic,marker_first,6,0.3790154664299034,0.35526399661201896,0.49413893348771293,0.7826117528334974,-0.40359628640359396
WT_13__TO__SCA3_04,0.05,xyz,seed_median_curve_persistent,marker_first,6,0.3790154664299034,0.35526399661201896,0.49413893348771293,0.7826117528334974,-0.40359628640359396
WT_13__TO__SCA3_04,0.05,z,median_seed_isotonic,marker_first,6,0.41545374078213954,0.3219590785571985,0.5375654392567295,0.7826117528334974,-0.36715801205135784
WT_13__TO__SCA3_04,0.05,z,q25_seed_isotonic,marker_first,6,0.392957735180982,0.3202637746956214,0.5358585377246723,0.7826117528334974,-0.3896540176525154
WT_13__TO__SCA3_04,0.05,z,q75_seed_isotonic,marker_first,6,0.4495636745816507,0.32422945662557867,0.5669270779592332,0.7826117528334974,-0.3330480782518467
WT_13__TO__SCA3_04,0.05,z,seed_median_curve_first,marker_first,6,0.415665243919132,0.3228120985403372,0.536113118229067,0.7826117528334974,-0.36694650891436537
WT_13__TO__SCA3_04,0.05,z,seed_median_curve_isotonic,marker_first,6,0.415665243919132,0.3228120985403372,0.536113118229067,0.7826117528334974,-0.36694650891436537
WT_13__TO__SCA3_04,0.05,z,seed_median_curve_persistent,marker_first,6,0.415665243919132,0.3228120985403372,0.536113118229067,0.7826117528334974,-0.36694650891436537
WT_13__TO__SCA3_06,0.0125,xy,median_seed_isotonic,marker_first,1,0.8828406839299352,0.8828406839299352,0.8828406839299352,0.6467993769342012,0.236041306995734
WT_13__TO__SCA3_06,0.0125,xy,q25_seed_isotonic,marker_first,1,0.5300236404929349,0.5300236404929349,0.5300236404929349,0.6467993769342012,-0.11677573644126626
WT_13__TO__SCA3_06,0.0125,xy,q75_seed_isotonic,marker_first,1,0.9793597601420638,0.9793597601420638,0.9793597601420638,0.6467993769342012,0.33256038320786263
WT_13__TO__SCA3_06,0.0125,xy,seed_median_curve_first,marker_first,1,0.7285193883853869,0.7285193883853869,0.7285193883853869,0.6467993769342012,0.08172001145118568
WT_13__TO__SCA3_06,0.0125,xy,seed_median_curve_isotonic,marker_first,1,0.8822695642764966,0.8822695642764966,0.8822695642764966,0.6467993769342012,0.2354701873422954
WT_13__TO__SCA3_06,0.0125,xy,seed_median_curve_persistent,marker_first,1,0.8822695642764966,0.8822695642764966,0.8822695642764966,0.6467993769342012,0.2354701873422954
WT_13__TO__SCA3_06,0.0125,xyz,median_seed_isotonic,marker_first,1,0.5769383813812946,0.5769383813812946,0.5769383813812946,0.6467993769342012,-0.06986099555290659
WT_13__TO__SCA3_06,0.0125,xyz,q25_seed_isotonic,marker_first,1,0.27698267662465437,0.27698267662465437,0.27698267662465437,0.6467993769342012,-0.36981670030954683
WT_13__TO__SCA3_06,0.0125,xyz,q75_seed_isotonic,marker_first,1,0.8034706695605452,0.8034706695605452,0.8034706695605452,0.6467993769342012,0.15667129262634405
WT_13__TO__SCA3_06,0.0125,xyz,seed_median_curve_first,marker_first,1,0.3570583251452172,0.3570583251452172,0.3570583251452172,0.6467993769342012,-0.289741051788984
WT_13__TO__SCA3_06,0.0125,xyz,seed_median_curve_isotonic,marker_first,1,0.43666484108862447,0.43666484108862447,0.43666484108862447,0.6467993769342012,-0.21013453584557673
WT_13__TO__SCA3_06,0.0125,xyz,seed_median_curve_persistent,marker_first,1,0.44896552020464947,0.44896552020464947,0.44896552020464947,0.6467993769342012,-0.19783385672955173
WT_13__TO__SCA3_06,0.0125,z,median_seed_isotonic,marker_first,1,0.27421078236589025,0.27421078236589025,0.27421078236589025,0.6467993769342012,-0.37258859456831095
WT_13__TO__SCA3_06,0.0125,z,q25_seed_isotonic,marker_first,1,0.24689313333202334,0.24689313333202334,0.24689313333202334,0.6467993769342012,-0.39990624360217786
WT_13__TO__SCA3_06,0.0125,z,q75_seed_isotonic,marker_first,1,0.583448249693947,0.583448249693947,0.583448249693947,0.6467993769342012,-0.06335112724025416
WT_13__TO__SCA3_06,0.0125,z,seed_median_curve_first,marker_first,1,0.2790174066539658,0.2790174066539658,0.2790174066539658,0.6467993769342012,-0.3677819702802354
WT_13__TO__SCA3_06,0.0125,z,seed_median_curve_isotonic,marker_first,1,0.3371329494465026,0.3371329494465026,0.3371329494465026,0.6467993769342012,-0.30966642748769857
WT_13__TO__SCA3_06,0.0125,z,seed_median_curve_persistent,marker_first,1,0.35004814824869956,0.35004814824869956,0.35004814824869956,0.6467993769342012,-0.29675122868550163
WT_13__TO__SCA3_06,0.025,xy,median_seed_isotonic,marker_first,1,0.8810201431332827,0.8810201431332827,0.8810201431332827,0.6467993769342012,0.2342207661990815
WT_13__TO__SCA3_06,0.025,xy,q25_seed_isotonic,marker_first,1,0.709824169580555,0.709824169580555,0.709824169580555,0.6467993769342012,0.06302479264635386
WT_13__TO__SCA3_06,0.025,xy,q75_seed_isotonic,marker_first,1,0.9778960284522406,0.9778960284522406,0.9778960284522406,0.6467993769342012,0.33109665151803935
WT_13__TO__SCA3_06,0.025,xy,seed_median_curve_first,marker_first,1,0.7307371459150692,0.7307371459150692,0.7307371459150692,0.6467993769342012,0.08393776898086802
WT_13__TO__SCA3_06,0.025,xy,seed_median_curve_isotonic,marker_first,1,0.8810201431332827,0.8810201431332827,0.8810201431332827,0.6467993769342012,0.2342207661990815
WT_13__TO__SCA3_06,0.025,xy,seed_median_curve_persistent,marker_first,1,0.8810201431332827,0.8810201431332827,0.8810201431332827,0.6467993769342012,0.2342207661990815
WT_13__TO__SCA3_06,0.025,xyz,median_seed_isotonic,marker_first,1,0.579890266447767,0.579890266447767,0.579890266447767,0.6467993769342012,-0.06690911048643422
WT_13__TO__SCA3_06,0.025,xyz,q25_seed_isotonic,marker_first,1,0.27633846599007067,0.27633846599007067,0.27633846599007067,0.6467993769342012,-0.37046091094413053
WT_13__TO__SCA3_06,0.025,xyz,q75_seed_isotonic,marker_first,1,0.8011536565566135,0.8011536565566135,0.8011536565566135,0.6467993769342012,0.15435427962241233
WT_13__TO__SCA3_06,0.025,xyz,seed_median_curve_first,marker_first,1,0.35749528592156565,0.35749528592156565,0.35749528592156565,0.6467993769342012,-0.28930409101263554
WT_13__TO__SCA3_06,0.025,xyz,seed_median_curve_isotonic,marker_first,1,0.3614099337632596,0.3614099337632596,0.3614099337632596,0.6467993769342012,-0.2853894431709416
WT_13__TO__SCA3_06,0.025,xyz,seed_median_curve_persistent,marker_first,1,0.4428678916153389,0.4428678916153389,0.4428678916153389,0.6467993769342012,-0.2039314853188623
WT_13__TO__SCA3_06,0.025,z,median_seed_isotonic,marker_first,1,0.2752554684236252,0.2752554684236252,0.2752554684236252,0.6467993769342012,-0.371543908510576
WT_13__TO__SCA3_06,0.025,z,q25_seed_isotonic,marker_first,1,0.25474995402727924,0.25474995402727924,0.25474995402727924,0.6467993769342012,-0.39204942290692196
WT_13__TO__SCA3_06,0.025,z,q75_seed_isotonic,marker_first,1,0.5860459415953644,0.5860459415953644,0.5860459415953644,0.6467993769342012,-0.060753435338836814
WT_13__TO__SCA3_06,0.025,z,seed_median_curve_first,marker_first,1,0.28087612615934376,0.28087612615934376,0.28087612615934376,0.6467993769342012,-0.36592325077485743
WT_13__TO__SCA3_06,0.025,z,seed_median_curve_isotonic,marker_first,1,0.33906974263781475,0.33906974263781475,0.33906974263781475,0.6467993769342012,-0.30772963429638645
WT_13__TO__SCA3_06,0.025,z,seed_median_curve_persistent,marker_first,1,0.35153907480945873,0.35153907480945873,0.35153907480945873,0.6467993769342012,-0.29526030212474247
WT_13__TO__SCA3_06,0.05,xy,median_seed_isotonic,marker_first,1,0.8889309202666061,0.8889309202666061,0.8889309202666061,0.6467993769342012,0.24213154333240494
WT_13__TO__SCA3_06,0.05,xy,q25_seed_isotonic,marker_first,1,0.7205756000076154,0.7205756000076154,0.7205756000076154,0.6467993769342012,0.07377622307341425
WT_13__TO__SCA3_06,0.05,xy,q75_seed_isotonic,marker_first,1,0.9791645637506577,0.9791645637506577,0.9791645637506577,0.6467993769342012,0.33236518681645655
WT_13__TO__SCA3_06,0.05,xy,seed_median_curve_first,marker_first,1,0.5211239248574961,0.5211239248574961,0.5211239248574961,0.6467993769342012,-0.12567545207670505
WT_13__TO__SCA3_06,0.05,xy,seed_median_curve_isotonic,marker_first,1,0.8889309202666061,0.8889309202666061,0.8889309202666061,0.6467993769342012,0.24213154333240494
WT_13__TO__SCA3_06,0.05,xy,seed_median_curve_persistent,marker_first,1,0.8889309202666061,0.8889309202666061,0.8889309202666061,0.6467993769342012,0.24213154333240494
WT_13__TO__SCA3_06,0.05,xyz,median_seed_isotonic,marker_first,1,0.5779968600015575,0.5779968600015575,0.5779968600015575,0.6467993769342012,-0.06880251693264372
WT_13__TO__SCA3_06,0.05,xyz,q25_seed_isotonic,marker_first,1,0.2785114739212205,0.2785114739212205,0.2785114739212205,0.6467993769342012,-0.3682879030129807
WT_13__TO__SCA3_06,0.05,xyz,q75_seed_isotonic,marker_first,1,0.8068991270934428,0.8068991270934428,0.8068991270934428,0.6467993769342012,0.1600997501592416
WT_13__TO__SCA3_06,0.05,xyz,seed_median_curve_first,marker_first,1,0.34961456208573594,0.34961456208573594,0.34961456208573594,0.6467993769342012,-0.29718481484846526
WT_13__TO__SCA3_06,0.05,xyz,seed_median_curve_isotonic,marker_first,1,0.3558316147730349,0.3558316147730349,0.3558316147730349,0.6467993769342012,-0.2909677621611663
WT_13__TO__SCA3_06,0.05,xyz,seed_median_curve_persistent,marker_first,1,0.44073866562548264,0.44073866562548264,0.44073866562548264,0.6467993769342012,-0.20606071130871856
WT_13__TO__SCA3_06,0.05,z,median_seed_isotonic,marker_first,1,0.27749894431922184,0.27749894431922184,0.27749894431922184,0.6467993769342012,-0.36930043261497936
WT_13__TO__SCA3_06,0.05,z,q25_seed_isotonic,marker_first,1,0.2624571558286226,0.2624571558286226,0.2624571558286226,0.6467993769342012,-0.3843422211055786
WT_13__TO__SCA3_06,0.05,z,q75_seed_isotonic,marker_first,1,0.5899549979303496,0.5899549979303496,0.5899549979303496,0.6467993769342012,-0.05684437900385164
WT_13__TO__SCA3_06,0.05,z,seed_median_curve_first,marker_first,1,0.28274991194248267,0.28274991194248267,0.28274991194248267,0.6467993769342012,-0.36404946499171853
WT_13__TO__SCA3_06,0.05,z,seed_median_curve_isotonic,marker_first,1,0.34283050747507987,0.34283050747507987,0.34283050747507987,0.6467993769342012,-0.3039688694591213
WT_13__TO__SCA3_06,0.05,z,seed_median_curve_persistent,marker_first,1,0.35305592765958893,0.35305592765958893,0.35305592765958893,0.6467993769342012,-0.29374344927461227
WT_13__TO__SCA3_09,0.0125,xy,median_seed_isotonic,marker_first,3,0.5065006110711137,0.22577998910211025,0.7784335644070233,0.2860452529623352,0.22045535810877848
WT_13__TO__SCA3_09,0.0125,xy,q25_seed_isotonic,marker_first,3,0.4995303833498929,0.18996601815713193,0.5027038672348774,0.2860452529623352,0.21348513038755773
WT_13__TO__SCA3_09,0.0125,xy,q75_seed_isotonic,marker_first,3,0.5441498078505311,0.303850122348881,0.7997638069588457,0.2860452529623352,0.25810455488819595
WT_13__TO__SCA3_09,0.0125,xy,seed_median_curve_first,marker_first,3,0.41573609690070873,0.20183904776640887,0.4838094825285124,0.2860452529623352,0.12969084393837355
WT_13__TO__SCA3_09,0.0125,xy,seed_median_curve_isotonic,marker_first,3,0.5065006110711137,0.22518333728191148,0.539067476451565,0.2860452529623352,0.22045535810877848
WT_13__TO__SCA3_09,0.0125,xy,seed_median_curve_persistent,marker_first,3,0.5065006110711137,0.22453017630901007,0.5446477049244451,0.2860452529623352,0.22045535810877848
WT_13__TO__SCA3_09,0.0125,xyz,median_seed_isotonic,marker_first,3,0.48468927491126146,0.3687425930901667,0.5090088773733673,0.2860452529623352,0.19864402194892627
WT_13__TO__SCA3_09,0.0125,xyz,q25_seed_isotonic,marker_first,3,0.388822441891238,0.336863838865873,0.48340066007387894,0.2860452529623352,0.10277718892890281
WT_13__TO__SCA3_09,0.0125,xyz,q75_seed_isotonic,marker_first,3,0.4891207611882007,0.37741645292142295,0.5103312718165601,0.2860452529623352,0.2030755082258655
WT_13__TO__SCA3_09,0.0125,xyz,seed_median_curve_first,marker_first,3,0.3300936991498018,0.32637724283204195,0.4701534640958117,0.2860452529623352,0.04404844618746662
WT_13__TO__SCA3_09,0.0125,xyz,seed_median_curve_isotonic,marker_first,3,0.42290384310336093,0.3532962351381916,0.4933560000842015,0.2860452529623352,0.13685859014102575
WT_13__TO__SCA3_09,0.0125,xyz,seed_median_curve_persistent,marker_first,3,0.4269812618326364,0.3543155898205104,0.4943753547665204,0.2860452529623352,0.14093600887030122
WT_13__TO__SCA3_09,0.0125,z,median_seed_isotonic,marker_first,3,0.29240220049764243,0.21457639174716703,0.47491972249107206,0.2860452529623352,0.006356947535307245
WT_13__TO__SCA3_09,0.0125,z,q25_seed_isotonic,marker_first,3,0.2727083870000777,0.15811795303620851,0.45201400711578743,0.2860452529623352,-0.013336865962257471
WT_13__TO__SCA3_09,0.0125,z,q75_seed_isotonic,marker_first,3,0.30058193665069427,0.27639288965566455,0.47765581454654443,0.2860452529623352,0.014536683688359087
WT_13__TO__SCA3_09,0.0125,z,seed_median_curve_first,marker_first,3,0.291545186819395,0.18995811625624864,0.47470546907151023,0.2860452529623352,0.005499933857059824
WT_13__TO__SCA3_09,0.0125,z,seed_median_curve_isotonic,marker_first,3,0.291545186819395,0.18884903449556473,0.47470546907151023,0.2860452529623352,0.005499933857059824
WT_13__TO__SCA3_09,0.0125,z,seed_median_curve_persistent,marker_first,3,0.291545186819395,0.18995811625624864,0.47470546907151023,0.2860452529623352,0.005499933857059824
WT_13__TO__SCA3_09,0.025,xy,median_seed_isotonic,marker_first,3,0.45660655610139333,0.2699355946608533,0.6670292055541643,0.2860452529623352,0.17056130313905815
WT_13__TO__SCA3_09,0.025,xy,q25_seed_isotonic,marker_first,3,0.4512553799694441,0.18157375525399672,0.5749482025560572,0.2860452529623352,0.1652101270071089
WT_13__TO__SCA3_09,0.025,xy,q75_seed_isotonic,marker_first,3,0.47615714435095946,0.3004060665700419,0.7809584510443682,0.2860452529623352,0.19011189138862428
WT_13__TO__SCA3_09,0.025,xy,seed_median_curve_first,marker_first,3,0.4136371816563042,0.25887688538450115,0.4409660396059563,0.2860452529623352,0.12759192869396901
WT_13__TO__SCA3_09,0.025,xy,seed_median_curve_isotonic,marker_first,3,0.45129554771735014,0.26811526479535414,0.5197451893894993,0.2860452529623352,0.16525029475501496
WT_13__TO__SCA3_09,0.025,xy,seed_median_curve_persistent,marker_first,3,0.4136371816563042,0.25887688538450115,0.4409660396059563,0.2860452529623352,0.12759192869396901
WT_13__TO__SCA3_09,0.025,xyz,median_seed_isotonic,marker_first,3,0.4656518014944496,0.3694890681690072,0.5040194115064238,0.2860452529623352,0.17960654853211444
WT_13__TO__SCA3_09,0.025,xyz,q25_seed_isotonic,marker_first,3,0.37153444052075985,0.3404040479715036,0.4793704923120327,0.2860452529623352,0.08548918755842466
WT_13__TO__SCA3_09,0.025,xyz,q75_seed_isotonic,marker_first,3,0.47873525921292254,0.37932068012557785,0.5073235071865311,0.2860452529623352,0.19269000625058735
WT_13__TO__SCA3_09,0.025,xyz,seed_median_curve_first,marker_first,3,0.33720929779707265,0.3248626337734527,0.47191405843606615,0.2860452529623352,0.051164044834737465
WT_13__TO__SCA3_09,0.025,xyz,seed_median_curve_isotonic,marker_first,3,0.33720929779707265,0.33078102485124516,0.47191405843606615,0.2860452529623352,0.051164044834737465
WT_13__TO__SCA3_09,0.025,xyz,seed_median_curve_persistent,marker_first,3,0.38353112955999596,0.34878975573780346,0.48349451637679697,0.2860452529623352,0.09748587659766078
WT_13__TO__SCA3_09,0.025,z,median_seed_isotonic,marker_first,3,0.29298928935048457,0.21467293320959474,0.4764307666098615,0.2860452529623352,0.006944036388149388
WT_13__TO__SCA3_09,0.025,z,q25_seed_isotonic,marker_first,3,0.27619606583850326,0.15927156232834874,0.45364336871671285,0.2860452529623352,-0.009849187123831926
WT_13__TO__SCA3_09,0.025,z,q75_seed_isotonic,marker_first,3,0.2977505653349541,0.27579989155027096,0.4811161886936992,0.2860452529623352,0.011705312372618903
WT_13__TO__SCA3_09,0.025,z,seed_median_curve_first,marker_first,3,0.29298928935048457,0.1902271473399422,0.4764307666098615,0.2860452529623352,0.006944036388149388
WT_13__TO__SCA3_09,0.025,z,seed_median_curve_isotonic,marker_first,3,0.29298928935048457,0.18933776640875508,0.4764307666098615,0.2860452529623352,0.006944036388149388
WT_13__TO__SCA3_09,0.025,z,seed_median_curve_persistent,marker_first,3,0.29298928935048457,0.1902271473399422,0.4764307666098615,0.2860452529623352,0.006944036388149388
WT_13__TO__SCA3_09,0.05,xy,median_seed_isotonic,marker_first,3,0.4350662617741446,0.28187211102182635,0.6662529918500782,0.2860452529623352,0.1490210088118094
WT_13__TO__SCA3_09,0.05,xy,q25_seed_isotonic,marker_first,3,0.4122097417790997,0.19006304358912762,0.5599704175761908,0.2860452529623352,0.1261644888167645
WT_13__TO__SCA3_09,0.05,xy,q75_seed_isotonic,marker_first,3,0.45443411277235085,0.3232686992618573,0.7692869361594622,0.2860452529623352,0.16838885981001567
WT_13__TO__SCA3_09,0.05,xy,seed_median_curve_first,marker_first,3,0.3987990029686599,0.27238491277329574,0.4264017512847466,0.2860452529623352,0.1127537500063247
WT_13__TO__SCA3_09,0.05,xy,seed_median_curve_isotonic,marker_first,3,0.4356026673901089,0.281585828878658,0.5140368519241602,0.2860452529623352,0.1495574144277737
WT_13__TO__SCA3_09,0.05,xy,seed_median_curve_persistent,marker_first,3,0.3987990029686599,0.27238491277329574,0.4264017512847466,0.2860452529623352,0.1127537500063247
WT_13__TO__SCA3_09,0.05,xyz,median_seed_isotonic,marker_first,3,0.44086647948263663,0.37220127270640524,0.49807497073245516,0.2860452529623352,0.15482122652030145
WT_13__TO__SCA3_09,0.05,xyz,q25_seed_isotonic,marker_first,3,0.3316647092225221,0.31960159092490376,0.465814864765332,0.2860452529623352,0.04561945626018693
WT_13__TO__SCA3_09,0.05,xyz,q75_seed_isotonic,marker_first,3,0.47117280078636714,0.3883984151336217,0.5071660497334329,0.2860452529623352,0.18512754782403196
WT_13__TO__SCA3_09,0.05,xyz,seed_median_curve_first,marker_first,3,0.3488869443246314,0.321635385597211,0.47446833935441546,0.2860452529623352,0.06284169136229623
WT_13__TO__SCA3_09,0.05,xyz,seed_median_curve_isotonic,marker_first,3,0.3488869443246314,0.3235347511179707,0.47446833935441546,0.2860452529623352,0.06284169136229623
WT_13__TO__SCA3_09,0.05,xyz,seed_median_curve_persistent,marker_first,3,0.3488869443246314,0.321635385597211,0.47446833935441546,0.2860452529623352,0.06284169136229623
WT_13__TO__SCA3_09,0.05,z,median_seed_isotonic,marker_first,3,0.31307704033463984,0.21823089704958737,0.4864531979964874,0.2860452529623352,0.02703178737230466
WT_13__TO__SCA3_09,0.05,z,q25_seed_isotonic,marker_first,3,0.2909141710201827,0.1608893734926615,0.4606729577629871,0.2860452529623352,0.004868918057847504
WT_13__TO__SCA3_09,0.05,z,q75_seed_isotonic,marker_first,3,0.3160505158028616,0.28243337311309663,0.48802738038505933,0.2860452529623352,0.030005262840526403
WT_13__TO__SCA3_09,0.05,z,seed_median_curve_first,marker_first,3,0.3118244787812618,0.19563126300506156,0.4861400576081429,0.2860452529623352,0.02577922581892661
WT_13__TO__SCA3_09,0.05,z,seed_median_curve_isotonic,marker_first,3,0.3118244787812618,0.1940586726917649,0.4861400576081429,0.2860452529623352,0.02577922581892661
WT_13__TO__SCA3_09,0.05,z,seed_median_curve_persistent,marker_first,3,0.3118244787812618,0.19563126300506156,0.4861400576081429,0.2860452529623352,0.02577922581892661
WT_14__TO__SCA3_01,0.0125,xy,median_seed_isotonic,marker_first,4,0.7312863629431516,0.6255712763025971,0.8531102922561615,0.6829519270980355,0.0483344358451161
WT_14__TO__SCA3_01,0.0125,xy,q25_seed_isotonic,marker_first,4,0.6515218016605231,0.2997664405081091,0.8489153228787374,0.6829519270980355,-0.031430125437512446
WT_14__TO__SCA3_01,0.0125,xy,q75_seed_isotonic,marker_first,4,0.7692454575723207,0.6868551944479477,0.8593087223475304,0.6829519270980355,0.08629353047428512
WT_14__TO__SCA3_01,0.0125,xy,seed_median_curve_first,marker_first,4,0.6601247873984468,0.3220253053697358,0.8534081795283597,0.6829519270980355,-0.022827139699588717
WT_14__TO__SCA3_01,0.0125,xy,seed_median_curve_isotonic,marker_first,4,0.7307510200563989,0.6247398449226779,0.8534081795283597,0.6829519270980355,0.047799092958363376
WT_14__TO__SCA3_01,0.0125,xy,seed_median_curve_persistent,marker_first,4,0.731536936835746,0.625525761702025,0.8534081795283597,0.6829519270980355,0.048585009737710516
WT_14__TO__SCA3_01,0.0125,xyz,median_seed_isotonic,marker_first,4,0.565292755795636,0.44018458180819664,0.6569058879493237,0.6829519270980355,-0.11765917130239956
WT_14__TO__SCA3_01,0.0125,xyz,q25_seed_isotonic,marker_first,4,0.3091141421018743,0.07869475369168741,0.5797586261921526,0.6829519270980355,-0.3738377849961612
WT_14__TO__SCA3_01,0.0125,xyz,q75_seed_isotonic,marker_first,4,0.6620587581910804,0.5990508512582589,0.6979770025181499,0.6829519270980355,-0.02089316890695514
WT_14__TO__SCA3_01,0.0125,xyz,seed_median_curve_first,marker_first,4,0.3139910219891522,0.08139731838161038,0.6171515868007917,0.6829519270980355,-0.36896090510888335
WT_14__TO__SCA3_01,0.0125,xyz,seed_median_curve_isotonic,marker_first,4,0.5659542345050435,0.4386508834980003,0.6544106494573318,0.6829519270980355,-0.11699769259299209
WT_14__TO__SCA3_01,0.0125,xyz,seed_median_curve_persistent,marker_first,4,0.5679409969712417,0.4810741003005571,0.65639741192353,0.6829519270980355,-0.11501093012679386
WT_14__TO__SCA3_01,0.0125,z,median_seed_isotonic,marker_first,4,0.5637665800430087,0.3111713478662987,0.6704367694932115,0.6829519270980355,-0.11918534705502681
WT_14__TO__SCA3_01,0.0125,z,q25_seed_isotonic,marker_first,4,0.23475688414285756,0.0403831393906652,0.4656113942430901,0.6829519270980355,-0.448195042955178
WT_14__TO__SCA3_01,0.0125,z,q75_seed_isotonic,marker_first,4,0.6080962950423593,0.4119507956162545,0.7171996679645062,0.6829519270980355,-0.07485563205567625
WT_14__TO__SCA3_01,0.0125,z,seed_median_curve_first,marker_first,4,0.2918510147549556,0.04421377838641877,0.5454663316421293,0.6829519270980355,-0.3911009123430799
WT_14__TO__SCA3_01,0.0125,z,seed_median_curve_isotonic,marker_first,4,0.5643768911012391,0.3071113762687435,0.6717667601119132,0.6829519270980355,-0.11857503599679642
WT_14__TO__SCA3_01,0.0125,z,seed_median_curve_persistent,marker_first,4,0.569989344051405,0.3078020207557976,0.6828216301924622,0.6829519270980355,-0.11296258304663054
WT_14__TO__SCA3_01,0.025,xy,median_seed_isotonic,marker_first,4,0.7680698517499762,0.6630350381061665,0.861827927301865,0.6829519270980355,0.08511792465194068
WT_14__TO__SCA3_01,0.025,xy,q25_seed_isotonic,marker_first,4,0.611584227808657,0.25285087185477,0.8343765018279138,0.6829519270980355,-0.07136769928937858
WT_14__TO__SCA3_01,0.025,xy,q75_seed_isotonic,marker_first,4,0.7774674076758779,0.6680098903520406,0.8719414136923256,0.6829519270980355,0.09451548057784231
WT_14__TO__SCA3_01,0.025,xy,seed_median_curve_first,marker_first,4,0.678235869562551,0.32984306406907216,0.8650983646299428,0.6829519270980355,-0.004716057535484541
WT_14__TO__SCA3_01,0.025,xy,seed_median_curve_isotonic,marker_first,4,0.7671374653466929,0.6588322143748052,0.8650983646299428,0.6829519270980355,0.08418553824865738
WT_14__TO__SCA3_01,0.025,xy,seed_median_curve_persistent,marker_first,4,0.7674028059280912,0.6590975549562035,0.8650983646299428,0.6829519270980355,0.08445087883005564
WT_14__TO__SCA3_01,0.025,xyz,median_seed_isotonic,marker_first,4,0.565298573580034,0.42543992951977583,0.6735949653581093,0.6829519270980355,-0.11765335351800155
WT_14__TO__SCA3_01,0.025,xyz,q25_seed_isotonic,marker_first,4,0.3419681370651226,0.11956090051816809,0.6232471559126045,0.6829519270980355,-0.34098379003291296
WT_14__TO__SCA3_01,0.025,xyz,q75_seed_isotonic,marker_first,4,0.7139935478691595,0.6109098786966383,0.7942589865378245,0.6829519270980355,0.031041620771123934
WT_14__TO__SCA3_01,0.025,xyz,seed_median_curve_first,marker_first,4,0.31388442902989644,0.0813685058089901,0.6379958388792439,0.6829519270980355,-0.3690674980681391
WT_14__TO__SCA3_01,0.025,xyz,seed_median_curve_isotonic,marker_first,4,0.565298573580034,0.42543992951977583,0.6730875922126061,0.6829519270980355,-0.11765335351800155
WT_14__TO__SCA3_01,0.025,xyz,seed_median_curve_persistent,marker_first,4,0.5694676319823597,0.42543992951977583,0.677764023760435,0.6829519270980355,-0.11348429511567582
WT_14__TO__SCA3_01,0.025,z,median_seed_isotonic,marker_first,4,0.5376113755258719,0.30516464070380944,0.6818242258629503,0.6829519270980355,-0.14534055157216363
WT_14__TO__SCA3_01,0.025,z,q25_seed_isotonic,marker_first,4,0.28218736992791527,0.042103191407727225,0.6460916078300831,0.6829519270980355,-0.4007645571701203
WT_14__TO__SCA3_01,0.025,z,q75_seed_isotonic,marker_first,4,0.6154790049617576,0.4182642018243936,0.7516105905067689,0.6829519270980355,-0.06747292213627798
WT_14__TO__SCA3_01,0.025,z,seed_median_curve_first,marker_first,4,0.2890672081520836,0.04540285938507933,0.6599322103203356,0.6829519270980355,-0.39388471894595195
WT_14__TO__SCA3_01,0.025,z,seed_median_curve_isotonic,marker_first,4,0.540378782508381,0.30377976213322944,0.6819335703452741,0.6829519270980355,-0.14257314458965453
WT_14__TO__SCA3_01,0.025,z,seed_median_curve_persistent,marker_first,4,0.566163603100559,0.30417407220149967,0.7077183909374521,0.6829519270980355,-0.11678832399747652
WT_14__TO__SCA3_01,0.05,xy,median_seed_isotonic,marker_first,4,0.7892287089238483,0.6697623773046545,0.8298616303948114,0.6829519270980355,0.1062767818258128
WT_14__TO__SCA3_01,0.05,xy,q25_seed_isotonic,marker_first,4,0.6406544026922032,0.2946953596632658,0.7643305355102062,0.6829519270980355,-0.04229752440583234
WT_14__TO__SCA3_01,0.05,xy,q75_seed_isotonic,marker_first,4,0.8225943402253189,0.673119507647015,0.8672940036120456,0.6829519270980355,0.13964241312728332
WT_14__TO__SCA3_01,0.05,xy,seed_median_curve_first,marker_first,4,0.6654813624865394,0.3209508806851263,0.8242888721251593,0.6829519270980355,-0.017470564611496098
WT_14__TO__SCA3_01,0.05,xy,seed_median_curve_isotonic,marker_first,4,0.7805022243465076,0.6654813624865394,0.8252859855412786,0.6829519270980355,0.09755029724847208
WT_14__TO__SCA3_01,0.05,xy,seed_median_curve_persistent,marker_first,4,0.7805022243465076,0.6654813624865394,0.8252859855412786,0.6829519270980355,0.09755029724847208
WT_14__TO__SCA3_01,0.05,xyz,median_seed_isotonic,marker_first,4,0.5564651827672872,0.3995782735768282,0.6933830717660364,0.6829519270980355,-0.12648674433074836
WT_14__TO__SCA3_01,0.05,xyz,q25_seed_isotonic,marker_first,4,0.3417261765226818,0.12499658659627122,0.6339177067899804,0.6829519270980355,-0.34122575057535376
WT_14__TO__SCA3_01,0.05,xyz,q75_seed_isotonic,marker_first,4,0.6800853827750997,0.5907423694861975,0.7331289485443866,0.6829519270980355,-0.002866544322935871
WT_14__TO__SCA3_01,0.05,xyz,seed_median_curve_first,marker_first,4,0.29994712583318817,0.08200098488261173,0.6378839798504167,0.6829519270980355,-0.38300480126484737
WT_14__TO__SCA3_01,0.05,xyz,seed_median_curve_isotonic,marker_first,4,0.5564651827672872,0.39964651568382636,0.6927472924585991,0.6829519270980355,-0.12648674433074836
WT_14__TO__SCA3_01,0.05,xyz,seed_median_curve_persistent,marker_first,4,0.5605612268518854,0.40015624662356397,0.6968433365431974,0.6829519270980355,-0.12239070024615017
WT_14__TO__SCA3_01,0.05,z,median_seed_isotonic,marker_first,4,0.5288779154858114,0.2970823709159812,0.7067299011258319,0.6829519270980355,-0.15407401161222412
WT_14__TO__SCA3_01,0.05,z,q25_seed_isotonic,marker_first,4,0.2752354868598316,0.04309836651172318,0.6724351398344998,0.6829519270980355,-0.4077164402382039
WT_14__TO__SCA3_01,0.05,z,q75_seed_isotonic,marker_first,4,0.5943643791197128,0.39802725894357927,0.7806403272454997,0.6829519270980355,-0.08858754797832269
WT_14__TO__SCA3_01,0.05,z,seed_median_curve_first,marker_first,4,0.2779936084982532,0.04563949480189744,0.6744915375257291,0.6829519270980355,-0.4049583185997823
WT_14__TO__SCA3_01,0.05,z,seed_median_curve_isotonic,marker_first,4,0.5291436804447902,0.29271444344714226,0.7074599632505928,0.6829519270980355,-0.15380824665324533
WT_14__TO__SCA3_01,0.05,z,seed_median_curve_persistent,marker_first,4,0.5558212220386612,0.2930723808501135,0.7341375048444638,0.6829519270980355,-0.1271307050593743
WT_14__TO__SCA3_04,0.0125,xy,median_seed_isotonic,marker_first,12,0.5072048822054365,0.12158923566837271,0.5821769131863243,0.6792810697600805,-0.17207618755464404
WT_14__TO__SCA3_04,0.0125,xy,q25_seed_isotonic,marker_first,12,0.3446406629362035,0.061834252543135085,0.4841938010693583,0.6792810697600805,-0.334640406823877
WT_14__TO__SCA3_04,0.0125,xy,q75_seed_isotonic,marker_first,12,0.5198513383463349,0.15300521970874764,0.6015568591461313,0.6792810697600805,-0.1594297314137456
WT_14__TO__SCA3_04,0.0125,xy,seed_median_curve_first,marker_first,12,0.3759990594584887,0.11910426930860674,0.5574413313219188,0.6792810697600805,-0.3032820103015918
WT_14__TO__SCA3_04,0.0125,xy,seed_median_curve_isotonic,marker_first,12,0.422346871198663,0.12032785269460118,0.5654196641132951,0.6792810697600805,-0.2569341985614175
WT_14__TO__SCA3_04,0.0125,xy,seed_median_curve_persistent,marker_first,12,0.5088472879994771,0.11910426930860674,0.5920453859313083,0.6792810697600805,-0.17043378176060342
WT_14__TO__SCA3_04,0.0125,xyz,median_seed_isotonic,marker_first,12,0.40618303394230193,0.32239338072580653,0.5060795884014271,0.6792810697600805,-0.2730980358177786
WT_14__TO__SCA3_04,0.0125,xyz,q25_seed_isotonic,marker_first,12,0.3477488837886057,0.14356707312459072,0.45841811268266414,0.6792810697600805,-0.3315321859714748
WT_14__TO__SCA3_04,0.0125,xyz,q75_seed_isotonic,marker_first,12,0.41504928624436915,0.34868968168662756,0.5169709373027428,0.6792810697600805,-0.26423178351571136
WT_14__TO__SCA3_04,0.0125,xyz,seed_median_curve_first,marker_first,12,0.3589240946471498,0.23903326896232235,0.44216726522654526,0.6792810697600805,-0.3203569751129307
WT_14__TO__SCA3_04,0.0125,xyz,seed_median_curve_isotonic,marker_first,12,0.40527430915024226,0.31882055969790196,0.4475301628846294,0.6792810697600805,-0.27400676060983825
WT_14__TO__SCA3_04,0.0125,xyz,seed_median_curve_persistent,marker_first,12,0.40527430915024226,0.3183293138225583,0.4773448091237031,0.6792810697600805,-0.27400676060983825
WT_14__TO__SCA3_04,0.0125,z,median_seed_isotonic,marker_first,12,0.4275376962319461,0.32224418713958897,0.5592708072351182,0.6792810697600805,-0.2517433735281344
WT_14__TO__SCA3_04,0.0125,z,q25_seed_isotonic,marker_first,12,0.3855001088318926,0.2307267185444492,0.5116799796276819,0.6792810697600805,-0.2937809609281879
WT_14__TO__SCA3_04,0.0125,z,q75_seed_isotonic,marker_first,12,0.466135023322531,0.3679132868816988,0.5911502936401125,0.6792810697600805,-0.21314604643754953
WT_14__TO__SCA3_04,0.0125,z,seed_median_curve_first,marker_first,12,0.39575659534715424,0.20278261147758342,0.5513946287286897,0.6792810697600805,-0.2835244744129263
WT_14__TO__SCA3_04,0.0125,z,seed_median_curve_isotonic,marker_first,12,0.39990885377187624,0.3080087319957571,0.5589864023799191,0.6792810697600805,-0.2793722159882043
WT_14__TO__SCA3_04,0.0125,z,seed_median_curve_persistent,marker_first,12,0.4074477320117505,0.35068560264090776,0.5589864023799191,0.6792810697600805,-0.27183333774833
WT_14__TO__SCA3_04,0.025,xy,median_seed_isotonic,marker_first,12,0.5050347331139127,0.13543780043466072,0.5859088309354815,0.6792810697600805,-0.17424633664616784
WT_14__TO__SCA3_04,0.025,xy,q25_seed_isotonic,marker_first,12,0.3572625404720837,0.0666813622700287,0.4931138196645253,0.6792810697600805,-0.3220185292879968
WT_14__TO__SCA3_04,0.025,xy,q75_seed_isotonic,marker_first,12,0.5111634987598707,0.18028392169065421,0.6358140992100613,0.6792810697600805,-0.16811757100020985
WT_14__TO__SCA3_04,0.025,xy,seed_median_curve_first,marker_first,12,0.37744423556389356,0.13512214019534824,0.5806218419963527,0.6792810697600805,-0.30183683419618695
WT_14__TO__SCA3_04,0.025,xy,seed_median_curve_isotonic,marker_first,12,0.42641983247648846,0.13693862920155028,0.6078494527458772,0.6792810697600805,-0.25286123728359206
WT_14__TO__SCA3_04,0.025,xy,seed_median_curve_persistent,marker_first,12,0.5041729786699184,0.13512214019534824,0.6134941187619954,0.6792810697600805,-0.17510809109016212
WT_14__TO__SCA3_04,0.025,xyz,median_seed_isotonic,marker_first,12,0.40536898387844067,0.3261770590546256,0.5080490140156589,0.6792810697600805,-0.27391208588163984
WT_14__TO__SCA3_04,0.025,xyz,q25_seed_isotonic,marker_first,12,0.3426286611514648,0.1447645780846795,0.4584466349360996,0.6792810697600805,-0.3366524086086157
WT_14__TO__SCA3_04,0.025,xyz,q75_seed_isotonic,marker_first,12,0.4146966821400931,0.35363994041371277,0.5208042546398817,0.6792810697600805,-0.2645843876199874
WT_14__TO__SCA3_04,0.025,xyz,seed_median_curve_first,marker_first,12,0.40536898387844067,0.23852065337077283,0.4472957363721671,0.6792810697600805,-0.27391208588163984
WT_14__TO__SCA3_04,0.025,xyz,seed_median_curve_isotonic,marker_first,12,0.40536898387844067,0.32301095077992503,0.4725648273609336,0.6792810697600805,-0.27391208588163984
WT_14__TO__SCA3_04,0.025,xyz,seed_median_curve_persistent,marker_first,12,0.40536898387844067,0.3227336723897003,0.4758021365788585,0.6792810697600805,-0.27391208588163984
WT_14__TO__SCA3_04,0.025,z,median_seed_isotonic,marker_first,12,0.42513157518577765,0.32020315021168483,0.5536610959818378,0.6792810697600805,-0.25414949457430286
WT_14__TO__SCA3_04,0.025,z,q25_seed_isotonic,marker_first,12,0.3837477749276044,0.23093939385604617,0.5132988181200765,0.6792810697600805,-0.2955332948324761
WT_14__TO__SCA3_04,0.025,z,q75_seed_isotonic,marker_first,12,0.4663562109960942,0.364356426229625,0.5837865647608766,0.6792810697600805,-0.2129248587639863
WT_14__TO__SCA3_04,0.025,z,seed_median_curve_first,marker_first,12,0.3947000856681155,0.20390714755243378,0.5524029413108681,0.6792810697600805,-0.28458098409196503
WT_14__TO__SCA3_04,0.025,z,seed_median_curve_isotonic,marker_first,12,0.3977878837729259,0.3070491075469356,0.5524029413108681,0.6792810697600805,-0.2814931859871546
WT_14__TO__SCA3_04,0.025,z,seed_median_curve_persistent,marker_first,12,0.4051583270765331,0.3477532242212618,0.5524029413108681,0.6792810697600805,-0.2741227426835474
WT_14__TO__SCA3_04,0.05,xy,median_seed_isotonic,marker_first,12,0.4802830114733021,0.1800293515314026,0.6280366556128091,0.6792810697600805,-0.1989980582867784
WT_14__TO__SCA3_04,0.05,xy,q25_seed_isotonic,marker_first,12,0.38001875915084066,0.17175429244995374,0.5986057541185281,0.6792810697600805,-0.29926231060923986
WT_14__TO__SCA3_04,0.05,xy,q75_seed_isotonic,marker_first,12,0.502182286199097,0.24991752803217104,0.644069052238982,0.6792810697600805,-0.17709878356098352
WT_14__TO__SCA3_04,0.05,xy,seed_median_curve_first,marker_first,12,0.37811841234843124,0.18013017195798325,0.6110041640780963,0.6792810697600805,-0.30116265741164927
WT_14__TO__SCA3_04,0.05,xy,seed_median_curve_isotonic,marker_first,12,0.45620610897629393,0.18013017195798325,0.6251424170376328,0.6792810697600805,-0.22307496078378658
WT_14__TO__SCA3_04,0.05,xy,seed_median_curve_persistent,marker_first,12,0.45651803038150557,0.18013017195798325,0.6283917300603117,0.6792810697600805,-0.22276303937857495
WT_14__TO__SCA3_04,0.05,xyz,median_seed_isotonic,marker_first,12,0.4071804092755305,0.32187308428006883,0.4856817337291362,0.6792810697600805,-0.27210066048455
WT_14__TO__SCA3_04,0.05,xyz,q25_seed_isotonic,marker_first,12,0.3973923726244748,0.24876944323881414,0.4486160541267749,0.6792810697600805,-0.2818886971356057
WT_14__TO__SCA3_04,0.05,xyz,q75_seed_isotonic,marker_first,12,0.4566601394686028,0.3922184306967645,0.5251046105920045,0.6792810697600805,-0.22262093029147773
WT_14__TO__SCA3_04,0.05,xyz,seed_median_curve_first,marker_first,12,0.40655026732339705,0.29868617557634425,0.4756484608889733,0.6792810697600805,-0.27273080243668346
WT_14__TO__SCA3_04,0.05,xyz,seed_median_curve_isotonic,marker_first,12,0.40655026732339705,0.32179863458474894,0.4753609021768833,0.6792810697600805,-0.27273080243668346
WT_14__TO__SCA3_04,0.05,xyz,seed_median_curve_persistent,marker_first,12,0.40655026732339705,0.32260625864959097,0.4756484608889733,0.6792810697600805,-0.27273080243668346
WT_14__TO__SCA3_04,0.05,z,median_seed_isotonic,marker_first,12,0.418379876790528,0.31662217407783827,0.5487709371884648,0.6792810697600805,-0.2609011929695525
WT_14__TO__SCA3_04,0.05,z,q25_seed_isotonic,marker_first,12,0.3856084303039001,0.23074309125585354,0.5216259152576741,0.6792810697600805,-0.29367263945618044
WT_14__TO__SCA3_04,0.05,z,q75_seed_isotonic,marker_first,12,0.4581834364179297,0.3744331174188358,0.573284153826535,0.6792810697600805,-0.22109763334215082
WT_14__TO__SCA3_04,0.05,z,seed_median_curve_first,marker_first,12,0.39564008985903215,0.20537243532151306,0.5477085207540989,0.6792810697600805,-0.28364097990104836
WT_14__TO__SCA3_04,0.05,z,seed_median_curve_isotonic,marker_first,12,0.39564008985903215,0.3111403986502918,0.5477085207540989,0.6792810697600805,-0.28364097990104836
WT_14__TO__SCA3_04,0.05,z,seed_median_curve_persistent,marker_first,12,0.3965066412307983,0.34380406716478906,0.5477085207540989,0.6792810697600805,-0.2827744285292822
WT_14__TO__SCA3_06,0.0125,xy,median_seed_isotonic,marker_first,2,0.3240286599788391,0.2919683041546213,0.3560890158030569,0.6377356054563533,-0.3137069454775142
WT_14__TO__SCA3_06,0.0125,xy,q25_seed_isotonic,marker_first,2,0.15348430929731238,0.08161802571096922,0.22535059288365553,0.6377356054563533,-0.48425129615904094
WT_14__TO__SCA3_06,0.0125,xy,q75_seed_isotonic,marker_first,2,0.46794846270074664,0.3269381738910728,0.6089587515104204,0.6377356054563533,-0.1697871427556067
WT_14__TO__SCA3_06,0.0125,xy,seed_median_curve_first,marker_first,2,0.17547505714024902,0.05132570717865782,0.2996244071018402,0.6377356054563533,-0.4622605483161043
WT_14__TO__SCA3_06,0.0125,xy,seed_median_curve_isotonic,marker_first,2,0.39064055855399415,0.29953811659662033,0.4817430005113679,0.6377356054563533,-0.24709504690235917
WT_14__TO__SCA3_06,0.0125,xy,seed_median_curve_persistent,marker_first,2,0.39431147372895825,0.2996244071018402,0.4889985403560763,0.6377356054563533,-0.24342413172739508
WT_14__TO__SCA3_06,0.0125,xyz,median_seed_isotonic,marker_first,2,0.2338412182255753,0.16643730408895335,0.30124513236219724,0.6377356054563533,-0.40389438723077803
WT_14__TO__SCA3_06,0.0125,xyz,q25_seed_isotonic,marker_first,2,0.17977754391872275,0.06574990396920598,0.29380518386823956,0.6377356054563533,-0.4579580615376306
WT_14__TO__SCA3_06,0.0125,xyz,q75_seed_isotonic,marker_first,2,0.260544830511131,0.18673959429102288,0.3343500667312391,0.6377356054563533,-0.37719077494522235
WT_14__TO__SCA3_06,0.0125,xyz,seed_median_curve_first,marker_first,2,0.17623444250857975,0.06417544319919977,0.28829344181795974,0.6377356054563533,-0.46150116294777355
WT_14__TO__SCA3_06,0.0125,xyz,seed_median_curve_isotonic,marker_first,2,0.38761482030764455,0.29233624008970094,0.48289340052558816,0.6377356054563533,-0.2501207851487088
WT_14__TO__SCA3_06,0.0125,xyz,seed_median_curve_persistent,marker_first,2,0.4165754305261886,0.28829344181795974,0.5448574192344174,0.6377356054563533,-0.2211601749301647
WT_14__TO__SCA3_06,0.0125,z,median_seed_isotonic,marker_first,2,0.2902770289767132,0.179928290255462,0.40062576769796443,0.6377356054563533,-0.3474585764796401
WT_14__TO__SCA3_06,0.0125,z,q25_seed_isotonic,marker_first,2,0.23761342724739054,0.1620367266374791,0.313190127857302,0.6377356054563533,-0.4001221782089628
WT_14__TO__SCA3_06,0.0125,z,q75_seed_isotonic,marker_first,2,0.5504195832907657,0.5021868477977498,0.5986523187837816,0.6377356054563533,-0.08731602216558765
WT_14__TO__SCA3_06,0.0125,z,seed_median_curve_first,marker_first,2,0.20367868657103574,0.05778171305158369,0.3495756600904878,0.6377356054563533,-0.4340569188853176
WT_14__TO__SCA3_06,0.0125,z,seed_median_curve_isotonic,marker_first,2,0.31333201374739084,0.2256673973309068,0.40099663016387493,0.6377356054563533,-0.3244035917089625
WT_14__TO__SCA3_06,0.0125,z,seed_median_curve_persistent,marker_first,2,0.3608917870936181,0.3127437090843626,0.40903986510287355,0.6377356054563533,-0.27684381836273525
WT_14__TO__SCA3_06,0.025,xy,median_seed_isotonic,marker_first,2,0.3241091491272633,0.2916676679472625,0.356550630307264,0.6377356054563533,-0.31362645632909003
WT_14__TO__SCA3_06,0.025,xy,q25_seed_isotonic,marker_first,2,0.14518432778566237,0.08505820313907272,0.20531045243225204,0.6377356054563533,-0.49255127767069096
WT_14__TO__SCA3_06,0.025,xy,q75_seed_isotonic,marker_first,2,0.509106427597362,0.4031798544046649,0.6150330007900592,0.6377356054563533,-0.1286291778589913
WT_14__TO__SCA3_06,0.025,xy,seed_median_curve_first,marker_first,2,0.16704003624172614,0.051447019599637725,0.2826330528838145,0.6377356054563533,-0.4706955692146272
WT_14__TO__SCA3_06,0.025,xy,seed_median_curve_isotonic,marker_first,2,0.3848944696496142,0.28780093266679974,0.4819880066324287,0.6377356054563533,-0.2528411358067391
WT_14__TO__SCA3_06,0.025,xy,seed_median_curve_persistent,marker_first,2,0.38582080688989207,0.2826330528838145,0.48900856089596956,0.6377356054563533,-0.25191479856646126
WT_14__TO__SCA3_06,0.025,xyz,median_seed_isotonic,marker_first,2,0.23272765879768717,0.16579092604739976,0.2996643915479746,0.6377356054563533,-0.40500794665866613
WT_14__TO__SCA3_06,0.025,xyz,q25_seed_isotonic,marker_first,2,0.1590555615504644,0.06592114065432067,0.2521899824466081,0.6377356054563533,-0.4786800439058889
WT_14__TO__SCA3_06,0.025,xyz,q75_seed_isotonic,marker_first,2,0.26231044780440793,0.18760234829952363,0.3370185473092922,0.6377356054563533,-0.3754251576519454
WT_14__TO__SCA3_06,0.025,xyz,seed_median_curve_first,marker_first,2,0.16066253183837698,0.06555621304251194,0.255768850634242,0.6377356054563533,-0.47707307361797635
WT_14__TO__SCA3_06,0.025,xyz,seed_median_curve_isotonic,marker_first,2,0.37210241420297185,0.260096288472842,0.48410853993310166,0.6377356054563533,-0.2656331912533815
WT_14__TO__SCA3_06,0.025,xyz,seed_median_curve_persistent,marker_first,2,0.40111490744543965,0.255768850634242,0.5464609642566373,0.6377356054563533,-0.23662069801091368
WT_14__TO__SCA3_06,0.025,z,median_seed_isotonic,marker_first,2,0.2912317250652027,0.1807385638765851,0.4017248862538203,0.6377356054563533,-0.34650388039115065
WT_14__TO__SCA3_06,0.025,z,q25_seed_isotonic,marker_first,2,0.23470855701743626,0.161745173595398,0.30767194043947454,0.6377356054563533,-0.40302704843891707
WT_14__TO__SCA3_06,0.025,z,q75_seed_isotonic,marker_first,2,0.6012204118651514,0.5023185703011641,0.7001222534291388,0.6377356054563533,-0.03651519359120192
WT_14__TO__SCA3_06,0.025,z,seed_median_curve_first,marker_first,2,0.20470744203826136,0.05845158239540567,0.35096330168111706,0.6377356054563533,-0.43302816341809197
WT_14__TO__SCA3_06,0.025,z,seed_median_curve_isotonic,marker_first,2,0.31527511887561616,0.227469877137318,0.4030803606139143,0.6377356054563533,-0.32246048658073717
WT_14__TO__SCA3_06,0.025,z,seed_median_curve_persistent,marker_first,2,0.36244355201284517,0.3144105213659282,0.41047658265976217,0.6377356054563533,-0.27529205344350816
WT_14__TO__SCA3_06,0.05,xy,median_seed_isotonic,marker_first,2,0.37860496015022094,0.3561297964024032,0.4010801238980386,0.6377356054563533,-0.2591306453061324
WT_14__TO__SCA3_06,0.05,xy,q25_seed_isotonic,marker_first,2,0.21798247076585803,0.09396967585025165,0.34199526568146443,0.6377356054563533,-0.4197531346904953
WT_14__TO__SCA3_06,0.05,xy,q75_seed_isotonic,marker_first,2,0.5245600996692473,0.42232722024177766,0.6267929790967169,0.6377356054563533,-0.113175505787106
WT_14__TO__SCA3_06,0.05,xy,seed_median_curve_first,marker_first,2,0.20445012966084292,0.050276685074451585,0.35862357424723423,0.6377356054563533,-0.4332854757955104
WT_14__TO__SCA3_06,0.05,xy,seed_median_curve_isotonic,marker_first,2,0.44401111472575694,0.40632563615908424,0.48169659329242964,0.6377356054563533,-0.1937244907305964
WT_14__TO__SCA3_06,0.05,xy,seed_median_curve_persistent,marker_first,2,0.45111439104813855,0.41480559124327443,0.4874231908530026,0.6377356054563533,-0.18662121440821478
WT_14__TO__SCA3_06,0.05,xyz,median_seed_isotonic,marker_first,2,0.2289197379931049,0.16375563321475622,0.29408384277145355,0.6377356054563533,-0.40881586746324844
WT_14__TO__SCA3_06,0.05,xyz,q25_seed_isotonic,marker_first,2,0.17689144402647622,0.06633772886704178,0.2874451591859107,0.6377356054563533,-0.4608441614298771
WT_14__TO__SCA3_06,0.05,xyz,q75_seed_isotonic,marker_first,2,0.28670108627800983,0.18879432310459554,0.3846078494514242,0.6377356054563533,-0.3510345191783435
WT_14__TO__SCA3_06,0.05,xyz,seed_median_curve_first,marker_first,2,0.18140354524318966,0.06619111836820024,0.2966159721181791,0.6377356054563533,-0.45633206021316364
WT_14__TO__SCA3_06,0.05,xyz,seed_median_curve_isotonic,marker_first,2,0.38917637454790965,0.2966159721181791,0.48173677697764017,0.6377356054563533,-0.24855923090844367
WT_14__TO__SCA3_06,0.05,xyz,seed_median_curve_persistent,marker_first,2,0.4212255573758459,0.2966159721181791,0.5458351426335127,0.6377356054563533,-0.21651004808050744
WT_14__TO__SCA3_06,0.05,z,median_seed_isotonic,marker_first,2,0.2736589106577281,0.1821962842481469,0.3651215370673093,0.6377356054563533,-0.3640766947986252
WT_14__TO__SCA3_06,0.05,z,q25_seed_isotonic,marker_first,2,0.22920819288221955,0.16084725992494558,0.2975691258394935,0.6377356054563533,-0.4085274125741338
WT_14__TO__SCA3_06,0.05,z,q75_seed_isotonic,marker_first,2,0.5964861412840345,0.4909393879366815,0.7020328946313875,0.6377356054563533,-0.041249464172318784
WT_14__TO__SCA3_06,0.05,z,seed_median_curve_first,marker_first,2,0.2047506149620485,0.06015008752434143,0.34935114239975557,0.6377356054563533,-0.43298499049430483
WT_14__TO__SCA3_06,0.05,z,seed_median_curve_isotonic,marker_first,2,0.2973945415801336,0.22966754609295792,0.3651215370673093,0.6377356054563533,-0.3403410638762197
WT_14__TO__SCA3_06,0.05,z,seed_median_curve_persistent,marker_first,2,0.3615666091453864,0.3159902112207639,0.407143007070009,0.6377356054563533,-0.2761689963109669
WT_14__TO__SCA3_09,0.0125,xy,median_seed_isotonic,marker_first,6,0.3858273046336987,0.06204208740104234,0.45626995404104015,0.6057930916504184,-0.2199657870167197
WT_14__TO__SCA3_09,0.0125,xy,q25_seed_isotonic,marker_first,6,0.14003276275646526,0.03341963799359301,0.32229241965344946,0.6057930916504184,-0.46576032889395313
WT_14__TO__SCA3_09,0.0125,xy,q75_seed_isotonic,marker_first,6,0.41659095382374006,0.07387430650522205,0.7674967379083998,0.6057930916504184,-0.18920213782667833
WT_14__TO__SCA3_09,0.0125,xy,seed_median_curve_first,marker_first,6,0.33654291639542744,0.06377050819904308,0.4168877735577054,0.6057930916504184,-0.26925017525499095
WT_14__TO__SCA3_09,0.0125,xy,seed_median_curve_isotonic,marker_first,6,0.3857812952050744,0.06377050819904309,0.44298197129807204,0.6057930916504184,-0.22001179644534397
WT_14__TO__SCA3_09,0.0125,xy,seed_median_curve_persistent,marker_first,6,0.3829393475526787,0.06377050819904309,0.44298197129807204,0.6057930916504184,-0.22285374409773967
WT_14__TO__SCA3_09,0.0125,xyz,median_seed_isotonic,marker_first,6,0.4692732105535698,0.4064013613820905,0.5245798657931384,0.6057930916504184,-0.1365198810968486
WT_14__TO__SCA3_09,0.0125,xyz,q25_seed_isotonic,marker_first,6,0.42140401282297907,0.30859671866291705,0.5156019180341044,0.6057930916504184,-0.18438907882743932
WT_14__TO__SCA3_09,0.0125,xyz,q75_seed_isotonic,marker_first,6,0.53130370475848,0.43853945187956245,0.5666886291049165,0.6057930916504184,-0.0744893868919384
WT_14__TO__SCA3_09,0.0125,xyz,seed_median_curve_first,marker_first,6,0.41532016700698254,0.3316119211387108,0.5173891361317073,0.6057930916504184,-0.19047292464343585
WT_14__TO__SCA3_09,0.0125,xyz,seed_median_curve_isotonic,marker_first,6,0.4692047991293957,0.4112041673807114,0.5245798657931384,0.6057930916504184,-0.13658829252102267
WT_14__TO__SCA3_09,0.0125,xyz,seed_median_curve_persistent,marker_first,6,0.49299889679486697,0.42102046212708394,0.5245798657931384,0.6057930916504184,-0.11279419485555142
WT_14__TO__SCA3_09,0.0125,z,median_seed_isotonic,marker_first,6,0.569239566773821,0.4981634539168641,0.6170682743407113,0.6057930916504184,-0.036553524876597354
WT_14__TO__SCA3_09,0.0125,z,q25_seed_isotonic,marker_first,6,0.48009912400980803,0.3130798027507487,0.5473201013482077,0.6057930916504184,-0.12569396764061036
WT_14__TO__SCA3_09,0.0125,z,q75_seed_isotonic,marker_first,6,0.5713443573998648,0.501104928766108,0.8765420740617381,0.6057930916504184,-0.034448734250553614
WT_14__TO__SCA3_09,0.0125,z,seed_median_curve_first,marker_first,6,0.5233617588641781,0.455155785870845,0.5902746191516155,0.6057930916504184,-0.08243133278624026
WT_14__TO__SCA3_09,0.0125,z,seed_median_curve_isotonic,marker_first,6,0.569239566773821,0.4985190033323298,0.7113184826769747,0.6057930916504184,-0.036553524876597354
WT_14__TO__SCA3_09,0.0125,z,seed_median_curve_persistent,marker_first,6,0.569239566773821,0.4985190033323298,0.7257977728609482,0.6057930916504184,-0.036553524876597354
WT_14__TO__SCA3_09,0.025,xy,median_seed_isotonic,marker_first,6,0.4036039727273574,0.0632566913615652,0.4711401241424352,0.6057930916504184,-0.20218911892306102
WT_14__TO__SCA3_09,0.025,xy,q25_seed_isotonic,marker_first,6,0.2771660164717246,0.05653469735838913,0.34251531787306977,0.6057930916504184,-0.3286270751786938
WT_14__TO__SCA3_09,0.025,xy,q75_seed_isotonic,marker_first,6,0.437027438457432,0.06411448516571261,0.7144622651377125,0.6057930916504184,-0.16876565319298636
WT_14__TO__SCA3_09,0.025,xy,seed_median_curve_first,marker_first,6,0.34101300500832066,0.06313071354165349,0.42552624821397217,0.6057930916504184,-0.26478008664209773
WT_14__TO__SCA3_09,0.025,xy,seed_median_curve_isotonic,marker_first,6,0.3939937146673818,0.0631307135416535,0.46965452799786983,0.6057930916504184,-0.21179937698303658
WT_14__TO__SCA3_09,0.025,xy,seed_median_curve_persistent,marker_first,6,0.4134980426620261,0.06313071354165352,0.46965452799786983,0.6057930916504184,-0.19229504898839228
WT_14__TO__SCA3_09,0.025,xyz,median_seed_isotonic,marker_first,6,0.4696400080135491,0.40716082230538697,0.5489629857839192,0.6057930916504184,-0.1361530836368693
WT_14__TO__SCA3_09,0.025,xyz,q25_seed_isotonic,marker_first,6,0.4332471546956039,0.31185220936488783,0.5187365004114282,0.6057930916504184,-0.17254593695481452
WT_14__TO__SCA3_09,0.025,xyz,q75_seed_isotonic,marker_first,6,0.5589651740091388,0.4457311517322872,0.6084781627698135,0.6057930916504184,-0.04682791764127958
WT_14__TO__SCA3_09,0.025,xyz,seed_median_curve_first,marker_first,6,0.41964513969609873,0.331850119703229,0.5196988224194011,0.6057930916504184,-0.18614795195431966
WT_14__TO__SCA3_09,0.025,xyz,seed_median_curve_isotonic,marker_first,6,0.4969307595096117,0.4198936205200276,0.5489629857839192,0.6057930916504184,-0.1088623321408067
WT_14__TO__SCA3_09,0.025,xyz,seed_median_curve_persistent,marker_first,6,0.5028391227258868,0.4198936205200276,0.5489629857839192,0.6057930916504184,-0.10295396892453157
WT_14__TO__SCA3_09,0.025,z,median_seed_isotonic,marker_first,6,0.5744095622727144,0.4825839000573637,0.6154498296280694,0.6057930916504184,-0.031383529377703945
WT_14__TO__SCA3_09,0.025,z,q25_seed_isotonic,marker_first,6,0.4670865951489445,0.31145748982313465,0.5489578738588052,0.6057930916504184,-0.13870649650147387
WT_14__TO__SCA3_09,0.025,z,q75_seed_isotonic,marker_first,6,0.5762402252128689,0.48734779492908403,0.8756949592426598,0.6057930916504184,-0.029552866437549508
WT_14__TO__SCA3_09,0.025,z,seed_median_curve_first,marker_first,6,0.5166542654253452,0.4592136261969438,0.5662793658317274,0.6057930916504184,-0.08913882622507319
WT_14__TO__SCA3_09,0.025,z,seed_median_curve_isotonic,marker_first,6,0.5743177806035544,0.4844230482307665,0.7090056082051309,0.6057930916504184,-0.03147531104686396
WT_14__TO__SCA3_09,0.025,z,seed_median_curve_persistent,marker_first,6,0.5743177806035544,0.4844230482307665,0.724817416309516,0.6057930916504184,-0.03147531104686396
WT_14__TO__SCA3_09,0.05,xy,median_seed_isotonic,marker_first,6,0.4177104984349002,0.09137149119329871,0.5105479082400779,0.6057930916504184,-0.18808259321551818
WT_14__TO__SCA3_09,0.05,xy,q25_seed_isotonic,marker_first,6,0.3725053101592297,0.08204184137916695,0.3755655959452074,0.6057930916504184,-0.23328778149118867
WT_14__TO__SCA3_09,0.05,xy,q75_seed_isotonic,marker_first,6,0.49781629865378957,0.09343287369012136,0.7225884095083316,0.6057930916504184,-0.10797679299662882
WT_14__TO__SCA3_09,0.05,xy,seed_median_curve_first,marker_first,6,0.369115615343794,0.09062603990788393,0.43062486303013264,0.6057930916504184,-0.2366774763066244
WT_14__TO__SCA3_09,0.05,xy,seed_median_curve_isotonic,marker_first,6,0.45765849409263515,0.09062603990788395,0.673485471134895,0.6057930916504184,-0.14813459755778324
WT_14__TO__SCA3_09,0.05,xy,seed_median_curve_persistent,marker_first,6,0.4590128196886077,0.09062603990788395,0.5292370572634484,0.6057930916504184,-0.1467802719618107
WT_14__TO__SCA3_09,0.05,xyz,median_seed_isotonic,marker_first,6,0.4834138051134874,0.4131730456416962,0.5824834750854573,0.6057930916504184,-0.12237928653693098
WT_14__TO__SCA3_09,0.05,xyz,q25_seed_isotonic,marker_first,6,0.45491907718982133,0.3215043245775439,0.5483985800241765,0.6057930916504184,-0.15087401446059706
WT_14__TO__SCA3_09,0.05,xyz,q75_seed_isotonic,marker_first,6,0.5811053426815789,0.441629527537356,0.6756693769019781,0.6057930916504184,-0.024687748968839518
WT_14__TO__SCA3_09,0.05,xyz,seed_median_curve_first,marker_first,6,0.42157235280256145,0.33077552158031803,0.5491541143329696,0.6057930916504184,-0.18422073884785695
WT_14__TO__SCA3_09,0.05,xyz,seed_median_curve_isotonic,marker_first,6,0.5147781961458257,0.41720379540288655,0.5824834750854573,0.6057930916504184,-0.09101489550459274
WT_14__TO__SCA3_09,0.05,xyz,seed_median_curve_persistent,marker_first,6,0.5187465839711256,0.41720379540288655,0.5824834750854573,0.6057930916504184,-0.08704650767929278
WT_14__TO__SCA3_09,0.05,z,median_seed_isotonic,marker_first,6,0.5796331374380439,0.4684590714919486,0.6224778288480565,0.6057930916504184,-0.026159954212374492
WT_14__TO__SCA3_09,0.05,z,q25_seed_isotonic,marker_first,6,0.44775648326839557,0.3154912638056855,0.5489877202777531,0.6057930916504184,-0.15803660838202283
WT_14__TO__SCA3_09,0.05,z,q75_seed_isotonic,marker_first,6,0.588440171265566,0.4829251301447145,0.8803002114062349,0.6057930916504184,-0.017352920384852366
WT_14__TO__SCA3_09,0.05,z,seed_median_curve_first,marker_first,6,0.5091023016605972,0.46227518321353117,0.557123328540559,0.6057930916504184,-0.09669078998982117
WT_14__TO__SCA3_09,0.05,z,seed_median_curve_isotonic,marker_first,6,0.5861116803386511,0.4684590714919486,0.7009814995701593,0.6057930916504184,-0.01968141131176726
WT_14__TO__SCA3_09,0.05,z,seed_median_curve_persistent,marker_first,6,0.5861116803386511,0.4684590714919486,0.7225498056869111,0.6057930916504184,-0.01968141131176726
WT_16__TO__SCA3_01,0.0125,xy,median_seed_isotonic,marker_first,2,0.8659155098730562,0.8151761447709623,0.91665487497515,0.7598974899669864,0.10601801990606985
WT_16__TO__SCA3_01,0.0125,xy,q25_seed_isotonic,marker_first,2,0.8220336387318161,0.7901060039514345,0.8539612735121977,0.7598974899669864,0.06213614876482976
WT_16__TO__SCA3_01,0.0125,xy,q75_seed_isotonic,marker_first,2,0.9116502798308044,0.8563534819839649,0.966947077677644,0.7598974899669864,0.15175278986381802
WT_16__TO__SCA3_01,0.0125,xy,seed_median_curve_first,marker_first,2,0.8682013799767481,0.819747884978346,0.91665487497515,0.7598974899669864,0.1083038900097617
WT_16__TO__SCA3_01,0.0125,xy,seed_median_curve_isotonic,marker_first,2,0.8682013799767481,0.819747884978346,0.91665487497515,0.7598974899669864,0.1083038900097617
WT_16__TO__SCA3_01,0.0125,xy,seed_median_curve_persistent,marker_first,2,0.8682013799767481,0.819747884978346,0.91665487497515,0.7598974899669864,0.1083038900097617
WT_16__TO__SCA3_01,0.0125,xyz,median_seed_isotonic,marker_first,2,0.7244648353356462,0.6468669435994787,0.8020627270718138,0.7598974899669864,-0.035432654631340155
WT_16__TO__SCA3_01,0.0125,xyz,q25_seed_isotonic,marker_first,2,0.6849055607762864,0.6416614918408289,0.7281496297117439,0.7598974899669864,-0.07499192919069997
WT_16__TO__SCA3_01,0.0125,xyz,q75_seed_isotonic,marker_first,2,0.8696361927781,0.8021610754175245,0.9371113101386757,0.7598974899669864,0.10973870281111364
WT_16__TO__SCA3_01,0.0125,xyz,seed_median_curve_first,marker_first,2,0.7237870837745197,0.6468669435994787,0.8007072239495607,0.7598974899669864,-0.03611040619246664
WT_16__TO__SCA3_01,0.0125,xyz,seed_median_curve_isotonic,marker_first,2,0.7237870837745197,0.6468669435994787,0.8007072239495607,0.7598974899669864,-0.03611040619246664
WT_16__TO__SCA3_01,0.0125,xyz,seed_median_curve_persistent,marker_first,2,0.7237870837745197,0.6468669435994787,0.8007072239495607,0.7598974899669864,-0.03611040619246664
WT_16__TO__SCA3_01,0.0125,z,median_seed_isotonic,marker_first,2,0.9153590936369639,0.8580083128275894,0.9727098744463384,0.7598974899669864,0.15546160366997752
WT_16__TO__SCA3_01,0.0125,z,q25_seed_isotonic,marker_first,2,0.8523704643701122,0.771198940402911,0.9335419883373134,0.7598974899669864,0.09247297440312585
WT_16__TO__SCA3_01,0.0125,z,q75_seed_isotonic,marker_first,2,0.93648473020422,0.8902105681310033,0.9827588922774366,0.7598974899669864,0.1765872402372336
WT_16__TO__SCA3_01,0.0125,z,seed_median_curve_first,marker_first,2,0.9137766386314743,0.8580083128275894,0.9695449644353593,0.7598974899669864,0.15387914866448793
WT_16__TO__SCA3_01,0.0125,z,seed_median_curve_isotonic,marker_first,2,0.9137766386314743,0.8580083128275894,0.9695449644353593,0.7598974899669864,0.15387914866448793
WT_16__TO__SCA3_01,0.0125,z,seed_median_curve_persistent,marker_first,2,0.9137766386314743,0.8580083128275894,0.9695449644353593,0.7598974899669864,0.15387914866448793
WT_16__TO__SCA3_01,0.025,xy,median_seed_isotonic,marker_first,2,0.820483172134078,0.8045896816813837,0.8363766625867722,0.7598974899669864,0.06058568216709159
WT_16__TO__SCA3_01,0.025,xy,q25_seed_isotonic,marker_first,2,0.7951546473631931,0.7754798560976063,0.8148294386287799,0.7598974899669864,0.03525715739620672
WT_16__TO__SCA3_01,0.025,xy,q75_seed_isotonic,marker_first,2,0.8509389830481209,0.8372066060502473,0.8646713600459943,0.7598974899669864,0.09104149308113452
WT_16__TO__SCA3_01,0.025,xy,seed_median_curve_first,marker_first,2,0.8234973720018057,0.8045896816813837,0.8424050623222277,0.7598974899669864,0.06359988203481937
WT_16__TO__SCA3_01,0.025,xy,seed_median_curve_isotonic,marker_first,2,0.8234973720018057,0.8045896816813837,0.8424050623222277,0.7598974899669864,0.06359988203481937
WT_16__TO__SCA3_01,0.025,xy,seed_median_curve_persistent,marker_first,2,0.8234973720018057,0.8045896816813837,0.8424050623222277,0.7598974899669864,0.06359988203481937
WT_16__TO__SCA3_01,0.025,xyz,median_seed_isotonic,marker_first,2,0.7292901659791158,0.6366769979572037,0.821903334001028,0.7598974899669864,-0.030607323987870583
WT_16__TO__SCA3_01,0.025,xyz,q25_seed_isotonic,marker_first,2,0.6703306122790911,0.6101181188765412,0.7305431056816409,0.7598974899669864,-0.08956687768789529
WT_16__TO__SCA3_01,0.025,xyz,q75_seed_isotonic,marker_first,2,0.817275543451522,0.8024664424067618,0.8320846444962822,0.7598974899669864,0.05737805348453562
WT_16__TO__SCA3_01,0.025,xyz,seed_median_curve_first,marker_first,2,0.7270379472011381,0.6366769979572037,0.8173988964450727,0.7598974899669864,-0.03285954276584824
WT_16__TO__SCA3_01,0.025,xyz,seed_median_curve_isotonic,marker_first,2,0.7270379472011381,0.6366769979572037,0.8173988964450727,0.7598974899669864,-0.03285954276584824
WT_16__TO__SCA3_01,0.025,xyz,seed_median_curve_persistent,marker_first,2,0.7270379472011381,0.6366769979572037,0.8173988964450727,0.7598974899669864,-0.03285954276584824
WT_16__TO__SCA3_01,0.025,z,median_seed_isotonic,marker_first,2,0.915638513073361,0.8596866731781797,0.9715903529685422,0.7598974899669864,0.1557410231063746
WT_16__TO__SCA3_01,0.025,z,q25_seed_isotonic,marker_first,2,0.6871792803621897,0.6056165318356477,0.7687420288887318,0.7598974899669864,-0.07271820960479669
WT_16__TO__SCA3_01,0.025,z,q75_seed_isotonic,marker_first,2,0.9371904632797871,0.8930712794116376,0.9813096471479366,0.7598974899669864,0.1772929733128007
WT_16__TO__SCA3_01,0.025,z,seed_median_curve_first,marker_first,2,0.9148940858684245,0.8596866731781797,0.9701014985586691,0.7598974899669864,0.1549965959014381
WT_16__TO__SCA3_01,0.025,z,seed_median_curve_isotonic,marker_first,2,0.9148940858684245,0.8596866731781797,0.9701014985586691,0.7598974899669864,0.1549965959014381
WT_16__TO__SCA3_01,0.025,z,seed_median_curve_persistent,marker_first,2,0.9148940858684245,0.8596866731781797,0.9701014985586691,0.7598974899669864,0.1549965959014381
WT_16__TO__SCA3_01,0.05,xy,median_seed_isotonic,marker_first,2,0.8215104225884322,0.7493956637874414,0.8936251813894232,0.7598974899669864,0.06161293262144585
WT_16__TO__SCA3_01,0.05,xy,q25_seed_isotonic,marker_first,2,0.7896904118601877,0.6977082149382896,0.8816726087820859,0.7598974899669864,0.029792921893201374
WT_16__TO__SCA3_01,0.05,xy,q75_seed_isotonic,marker_first,2,0.8514043627057953,0.793819768869724,0.9089889565418666,0.7598974899669864,0.09150687273880898
WT_16__TO__SCA3_01,0.05,xy,seed_median_curve_first,marker_first,2,0.8198459542260783,0.7493956637874414,0.8902962446647154,0.7598974899669864,0.05994846425909195
WT_16__TO__SCA3_01,0.05,xy,seed_median_curve_isotonic,marker_first,2,0.8198459542260783,0.7493956637874414,0.8902962446647154,0.7598974899669864,0.05994846425909195
WT_16__TO__SCA3_01,0.05,xy,seed_median_curve_persistent,marker_first,2,0.8198459542260783,0.7493956637874414,0.8902962446647154,0.7598974899669864,0.05994846425909195
WT_16__TO__SCA3_01,0.05,xyz,median_seed_isotonic,marker_first,2,0.7198435040905795,0.6058444615147492,0.8338425466664098,0.7598974899669864,-0.04005398587640685
WT_16__TO__SCA3_01,0.05,xyz,q25_seed_isotonic,marker_first,2,0.673831872109039,0.5850132723658037,0.7626504718522745,0.7598974899669864,-0.08606561785794731
WT_16__TO__SCA3_01,0.05,xyz,q75_seed_isotonic,marker_first,2,0.7949496359059969,0.7281521893966356,0.8617470824153581,0.7598974899669864,0.035052145939010515
WT_16__TO__SCA3_01,0.05,xyz,seed_median_curve_first,marker_first,2,0.7260711739333743,0.6182998012003388,0.8338425466664098,0.7598974899669864,-0.03382631603361208
WT_16__TO__SCA3_01,0.05,xyz,seed_median_curve_isotonic,marker_first,2,0.7252515822065655,0.6166606177467213,0.8338425466664098,0.7598974899669864,-0.03464590776042087
WT_16__TO__SCA3_01,0.05,xyz,seed_median_curve_persistent,marker_first,2,0.7260711739333743,0.6182998012003388,0.8338425466664098,0.7598974899669864,-0.03382631603361208
WT_16__TO__SCA3_01,0.05,z,median_seed_isotonic,marker_first,2,0.9137212298861883,0.8540528414367567,0.97338961833562,0.7598974899669864,0.15382373991920195
WT_16__TO__SCA3_01,0.05,z,q25_seed_isotonic,marker_first,2,0.8339214469870875,0.7908096845903343,0.8770332093838407,0.7598974899669864,0.07402395702010112
WT_16__TO__SCA3_01,0.05,z,q75_seed_isotonic,marker_first,2,0.9380903133990908,0.8940364124996055,0.9821442142985759,0.7598974899669864,0.1781928234321044
WT_16__TO__SCA3_01,0.05,z,seed_median_curve_first,marker_first,2,0.9129760043393478,0.8540528414367567,0.9718991672419389,0.7598974899669864,0.15307851437236142
WT_16__TO__SCA3_01,0.05,z,seed_median_curve_isotonic,marker_first,2,0.9129760043393478,0.8540528414367567,0.9718991672419389,0.7598974899669864,0.15307851437236142
WT_16__TO__SCA3_01,0.05,z,seed_median_curve_persistent,marker_first,2,0.9129760043393478,0.8540528414367567,0.9718991672419389,0.7598974899669864,0.15307851437236142
WT_16__TO__SCA3_04,0.0125,xy,median_seed_isotonic,marker_first,6,0.5545734835135606,0.5013271544841752,0.7861145935830584,0.8661037291468696,-0.311530245633309
WT_16__TO__SCA3_04,0.0125,xy,q25_seed_isotonic,marker_first,6,0.4914130321431055,0.47472982103021194,0.6864575405065839,0.8661037291468696,-0.3746906970037641
WT_16__TO__SCA3_04,0.0125,xy,q75_seed_isotonic,marker_first,6,0.6288873391287656,0.5121746975747258,0.7870808134938113,0.8661037291468696,-0.23721639001810402
WT_16__TO__SCA3_04,0.0125,xy,seed_median_curve_first,marker_first,6,0.5061101105838176,0.49956694741593755,0.785713008981942,0.8661037291468696,-0.359993618563052
WT_16__TO__SCA3_04,0.0125,xy,seed_median_curve_isotonic,marker_first,6,0.5462651602361837,0.5013271544841752,0.7797047728558505,0.8661037291468696,-0.31983856891068596
WT_16__TO__SCA3_04,0.0125,xy,seed_median_curve_persistent,marker_first,6,0.5475259212984966,0.5013271544841752,0.785713008981942,0.8661037291468696,-0.318577807848373
WT_16__TO__SCA3_04,0.0125,xyz,median_seed_isotonic,marker_first,6,0.43954338159178585,0.3794021713106647,0.48412206668787344,0.8661037291468696,-0.42656034755508376
WT_16__TO__SCA3_04,0.0125,xyz,q25_seed_isotonic,marker_first,6,0.36905681460655654,0.34600043272331743,0.4570820733858416,0.8661037291468696,-0.4970469145403131
WT_16__TO__SCA3_04,0.0125,xyz,q75_seed_isotonic,marker_first,6,0.4539533460309508,0.4063884385757237,0.48684181687371614,0.8661037291468696,-0.41215038311591884
WT_16__TO__SCA3_04,0.0125,xyz,seed_median_curve_first,marker_first,6,0.3940862712221329,0.32955891538647336,0.4800738618385395,0.8661037291468696,-0.4720174579247367
WT_16__TO__SCA3_04,0.0125,xyz,seed_median_curve_isotonic,marker_first,6,0.43867375247692375,0.32955891538647336,0.48152045781016384,0.8661037291468696,-0.42742997666994587
WT_16__TO__SCA3_04,0.0125,xyz,seed_median_curve_persistent,marker_first,6,0.43867375247692375,0.32955891538647336,0.48421438650923243,0.8661037291468696,-0.42742997666994587
WT_16__TO__SCA3_04,0.0125,z,median_seed_isotonic,marker_first,6,0.41308101135570885,0.26687610794537275,0.48164101637297124,0.8661037291468696,-0.45302271779116077
WT_16__TO__SCA3_04,0.0125,z,q25_seed_isotonic,marker_first,6,0.3373780155215127,0.22009467341627875,0.3560078387750373,0.8661037291468696,-0.5287257136253569
WT_16__TO__SCA3_04,0.0125,z,q75_seed_isotonic,marker_first,6,0.4555649997171888,0.27863088802503616,0.5207529331350542,0.8661037291468696,-0.41053872942968084
WT_16__TO__SCA3_04,0.0125,z,seed_median_curve_first,marker_first,6,0.37794505635748027,0.197623869209533,0.4232755344079819,0.8661037291468696,-0.48815867278938935
WT_16__TO__SCA3_04,0.0125,z,seed_median_curve_isotonic,marker_first,6,0.40058952757059096,0.2848085480492329,0.4359399970247363,0.8661037291468696,-0.46551420157627865
WT_16__TO__SCA3_04,0.0125,z,seed_median_curve_persistent,marker_first,6,0.4019496996148404,0.2848434550477148,0.483110820132995,0.8661037291468696,-0.4641540295320292
WT_16__TO__SCA3_04,0.025,xy,median_seed_isotonic,marker_first,6,0.5631342774492067,0.4883272964204647,0.7797348958672804,0.8661037291468696,-0.3029694516976629
WT_16__TO__SCA3_04,0.025,xy,q25_seed_isotonic,marker_first,6,0.4937126960297827,0.48106304999956095,0.6853642716382968,0.8661037291468696,-0.37239103311708693
WT_16__TO__SCA3_04,0.025,xy,q75_seed_isotonic,marker_first,6,0.6369718558081534,0.4974822627344593,0.786554795266256,0.8661037291468696,-0.2291318733387162
WT_16__TO__SCA3_04,0.025,xy,seed_median_curve_first,marker_first,6,0.5548109673069702,0.4883272964204647,0.7861809612401236,0.8661037291468696,-0.3112927618398994
WT_16__TO__SCA3_04,0.025,xy,seed_median_curve_isotonic,marker_first,6,0.5542558522303225,0.4883272964204647,0.7802280467517438,0.8661037291468696,-0.31184787691654714
WT_16__TO__SCA3_04,0.025,xy,seed_median_curve_persistent,marker_first,6,0.5548109673069702,0.4883272964204647,0.7861809612401236,0.8661037291468696,-0.3112927618398994
WT_16__TO__SCA3_04,0.025,xyz,median_seed_isotonic,marker_first,6,0.46059249414792997,0.38113372373836113,0.5014358675464408,0.8661037291468696,-0.40551123499893965
WT_16__TO__SCA3_04,0.025,xyz,q25_seed_isotonic,marker_first,6,0.3731960610208769,0.3474901264334115,0.45248404039676826,0.8661037291468696,-0.49290766812599274
WT_16__TO__SCA3_04,0.025,xyz,q75_seed_isotonic,marker_first,6,0.4757511258398331,0.4080040565980552,0.5054671679515902,0.8661037291468696,-0.3903526033070365
WT_16__TO__SCA3_04,0.025,xyz,seed_median_curve_first,marker_first,6,0.40377460622302713,0.3313064251282072,0.48155299364549686,0.8661037291468696,-0.4623291229238425
WT_16__TO__SCA3_04,0.025,xyz,seed_median_curve_isotonic,marker_first,6,0.4459667608065108,0.3313064251282072,0.5014358675464408,0.8661037291468696,-0.4201369683403588
WT_16__TO__SCA3_04,0.025,xyz,seed_median_curve_persistent,marker_first,6,0.4475898561347573,0.3313064251282072,0.5014358675464408,0.8661037291468696,-0.4185138730121123
WT_16__TO__SCA3_04,0.025,z,median_seed_isotonic,marker_first,6,0.4180901021066959,0.2697268732472653,0.48034626325948016,0.8661037291468696,-0.4480136270401737
WT_16__TO__SCA3_04,0.025,z,q25_seed_isotonic,marker_first,6,0.3369942291497237,0.2218675606179227,0.3549181903360383,0.8661037291468696,-0.529109499997146
WT_16__TO__SCA3_04,0.025,z,q75_seed_isotonic,marker_first,6,0.4579770536962022,0.27452353537842816,0.5210295949693959,0.8661037291468696,-0.40812667545066744
WT_16__TO__SCA3_04,0.025,z,seed_median_curve_first,marker_first,6,0.350838559451206,0.1985633881381019,0.3895321742819499,0.8661037291468696,-0.5152651696956636
WT_16__TO__SCA3_04,0.025,z,seed_median_curve_isotonic,marker_first,6,0.40027650492434474,0.2809308916728834,0.44400509861741444,0.8661037291468696,-0.46582722422252487
WT_16__TO__SCA3_04,0.025,z,seed_median_curve_persistent,marker_first,6,0.4063755756293116,0.27980048307555117,0.4814274801520581,0.8661037291468696,-0.459728153517558
WT_16__TO__SCA3_04,0.05,xy,median_seed_isotonic,marker_first,6,0.5749908995439315,0.4646861986529136,0.7719183886827785,0.8661037291468696,-0.29111282960293816
WT_16__TO__SCA3_04,0.05,xy,q25_seed_isotonic,marker_first,6,0.518578550804217,0.4516626896133376,0.6982503467892895,0.8661037291468696,-0.3475251783426526
WT_16__TO__SCA3_04,0.05,xy,q75_seed_isotonic,marker_first,6,0.6411905313044501,0.48276702619970574,0.7838610126556752,0.8661037291468696,-0.22491319784241948
WT_16__TO__SCA3_04,0.05,xy,seed_median_curve_first,marker_first,6,0.5246611232834785,0.4646861986529136,0.7831024338158211,0.8661037291468696,-0.34144260586339115
WT_16__TO__SCA3_04,0.05,xy,seed_median_curve_isotonic,marker_first,6,0.566495885065129,0.46468619865291366,0.7784277129183462,0.8661037291468696,-0.29960784408174057
WT_16__TO__SCA3_04,0.05,xy,seed_median_curve_persistent,marker_first,6,0.5664747276655598,0.46468619865291366,0.7831024338158211,0.8661037291468696,-0.2996290014813098
WT_16__TO__SCA3_04,0.05,xyz,median_seed_isotonic,marker_first,6,0.46602765813819247,0.38497994846883365,0.5280148014672682,0.8661037291468696,-0.40007607100867715
WT_16__TO__SCA3_04,0.05,xyz,q25_seed_isotonic,marker_first,6,0.43611780820266527,0.3506449408414923,0.4780080448991825,0.8661037291468696,-0.42998592094420435
WT_16__TO__SCA3_04,0.05,xyz,q75_seed_isotonic,marker_first,6,0.48375969501534655,0.4137836836664862,0.5323696010477122,0.8661037291468696,-0.38234403413152307
WT_16__TO__SCA3_04,0.05,xyz,seed_median_curve_first,marker_first,6,0.42040084298193725,0.33971457341054584,0.47806436723624557,0.8661037291468696,-0.44570288616493237
WT_16__TO__SCA3_04,0.05,xyz,seed_median_curve_isotonic,marker_first,6,0.45847491881863955,0.34064477917885516,0.5267436361383688,0.8661037291468696,-0.40762881032823006
WT_16__TO__SCA3_04,0.05,xyz,seed_median_curve_persistent,marker_first,6,0.45957243302898676,0.3397145734105459,0.5267436361383688,0.8661037291468696,-0.40653129611788286
WT_16__TO__SCA3_04,0.05,z,median_seed_isotonic,marker_first,6,0.4348228389089208,0.2699422483053316,0.4784470485602736,0.8661037291468696,-0.4312808902379488
WT_16__TO__SCA3_04,0.05,z,q25_seed_isotonic,marker_first,6,0.3419204895617087,0.22366031540323372,0.3578423232857675,0.8661037291468696,-0.5241832395851609
WT_16__TO__SCA3_04,0.05,z,q75_seed_isotonic,marker_first,6,0.4791803096788312,0.2805008023217901,0.5022924927664267,0.8661037291468696,-0.38692341946803843
WT_16__TO__SCA3_04,0.05,z,seed_median_curve_first,marker_first,6,0.35147939705511916,0.2799581135298572,0.39137634713245495,0.8661037291468696,-0.5146243320917505
WT_16__TO__SCA3_04,0.05,z,seed_median_curve_isotonic,marker_first,6,0.4006546814823809,0.2828613721155658,0.4744075760589662,0.8661037291468696,-0.4654490476644887
WT_16__TO__SCA3_04,0.05,z,seed_median_curve_persistent,marker_first,6,0.42255594996895796,0.2799581135298573,0.479395551697895,0.8661037291468696,-0.44354777917791166
WT_16__TO__SCA3_06,0.0125,xy,median_seed_isotonic,marker_first,1,0.13625562090164062,0.13625562090164062,0.13625562090164062,0.7233203181726614,-0.5870646972710207
WT_16__TO__SCA3_06,0.0125,xy,q25_seed_isotonic,marker_first,1,0.05515905171499569,0.05515905171499569,0.05515905171499569,0.7233203181726614,-0.6681612664576657
WT_16__TO__SCA3_06,0.0125,xy,q75_seed_isotonic,marker_first,1,0.47731653975905475,0.47731653975905475,0.47731653975905475,0.7233203181726614,-0.24600377841360666
WT_16__TO__SCA3_06,0.0125,xy,seed_median_curve_first,marker_first,1,0.23086208488475893,0.23086208488475893,0.23086208488475893,0.7233203181726614,-0.4924582332879025
WT_16__TO__SCA3_06,0.0125,xy,seed_median_curve_isotonic,marker_first,1,0.5691943812595868,0.5691943812595868,0.5691943812595868,0.7233203181726614,-0.15412593691307463
WT_16__TO__SCA3_06,0.0125,xy,seed_median_curve_persistent,marker_first,1,0.582550687555276,0.582550687555276,0.582550687555276,0.7233203181726614,-0.14076963061738546
WT_16__TO__SCA3_06,0.0125,xyz,median_seed_isotonic,marker_first,1,0.04531569183030275,0.04531569183030275,0.04531569183030275,0.7233203181726614,-0.6780046263423587
WT_16__TO__SCA3_06,0.0125,xyz,q25_seed_isotonic,marker_first,1,0.03322398400836978,0.03322398400836978,0.03322398400836978,0.7233203181726614,-0.6900963341642916
WT_16__TO__SCA3_06,0.0125,xyz,q75_seed_isotonic,marker_first,1,0.40788319047520544,0.40788319047520544,0.40788319047520544,0.7233203181726614,-0.31543712769745597
WT_16__TO__SCA3_06,0.0125,xyz,seed_median_curve_first,marker_first,1,0.47046093608768536,0.47046093608768536,0.47046093608768536,0.7233203181726614,-0.25285938208497605
WT_16__TO__SCA3_06,0.0125,xyz,seed_median_curve_isotonic,marker_first,1,0.4715211955056858,0.4715211955056858,0.4715211955056858,0.7233203181726614,-0.2517991226669756
WT_16__TO__SCA3_06,0.0125,xyz,seed_median_curve_persistent,marker_first,1,0.5709672067851267,0.5709672067851267,0.5709672067851267,0.7233203181726614,-0.1523531113875347
WT_16__TO__SCA3_06,0.0125,z,median_seed_isotonic,marker_first,1,0.024922838546210416,0.024922838546210416,0.024922838546210416,0.7233203181726614,-0.6983974796264509
WT_16__TO__SCA3_06,0.0125,z,q25_seed_isotonic,marker_first,1,0.01829605058354676,0.01829605058354676,0.01829605058354676,0.7233203181726614,-0.7050242675891146
WT_16__TO__SCA3_06,0.0125,z,q75_seed_isotonic,marker_first,1,0.12828748968495945,0.12828748968495945,0.12828748968495945,0.7233203181726614,-0.595032828487702
WT_16__TO__SCA3_06,0.0125,z,seed_median_curve_first,marker_first,1,0.027895171345610034,0.027895171345610034,0.027895171345610034,0.7233203181726614,-0.6954251468270514
WT_16__TO__SCA3_06,0.0125,z,seed_median_curve_isotonic,marker_first,1,0.027895171345610034,0.027895171345610034,0.027895171345610034,0.7233203181726614,-0.6954251468270514
WT_16__TO__SCA3_06,0.0125,z,seed_median_curve_persistent,marker_first,1,0.027895171345610034,0.027895171345610034,0.027895171345610034,0.7233203181726614,-0.6954251468270514
WT_16__TO__SCA3_06,0.025,xy,median_seed_isotonic,marker_first,1,0.13761712761008266,0.13761712761008266,0.13761712761008266,0.7233203181726614,-0.5857031905625787
WT_16__TO__SCA3_06,0.025,xy,q25_seed_isotonic,marker_first,1,0.06206140082899438,0.06206140082899438,0.06206140082899438,0.7233203181726614,-0.661258917343667
WT_16__TO__SCA3_06,0.025,xy,q75_seed_isotonic,marker_first,1,0.48237946465351467,0.48237946465351467,0.48237946465351467,0.7233203181726614,-0.24094085351914674
WT_16__TO__SCA3_06,0.025,xy,seed_median_curve_first,marker_first,1,0.23216448440004153,0.23216448440004153,0.23216448440004153,0.7233203181726614,-0.49115583377261984
WT_16__TO__SCA3_06,0.025,xy,seed_median_curve_isotonic,marker_first,1,0.5692795532472106,0.5692795532472106,0.5692795532472106,0.7233203181726614,-0.15404076492545082
WT_16__TO__SCA3_06,0.025,xy,seed_median_curve_persistent,marker_first,1,0.6365407100702102,0.6365407100702102,0.6365407100702102,0.7233203181726614,-0.08677960810245122
WT_16__TO__SCA3_06,0.025,xyz,median_seed_isotonic,marker_first,1,0.04617844635482975,0.04617844635482975,0.04617844635482975,0.7233203181726614,-0.6771418718178317
WT_16__TO__SCA3_06,0.025,xyz,q25_seed_isotonic,marker_first,1,0.03325075457098411,0.03325075457098411,0.03325075457098411,0.7233203181726614,-0.6900695636016773
WT_16__TO__SCA3_06,0.025,xyz,q75_seed_isotonic,marker_first,1,0.41021199189528185,0.41021199189528185,0.41021199189528185,0.7233203181726614,-0.31310832627737956
WT_16__TO__SCA3_06,0.025,xyz,seed_median_curve_first,marker_first,1,0.4711050259002927,0.4711050259002927,0.4711050259002927,0.7233203181726614,-0.2522152922723687
WT_16__TO__SCA3_06,0.025,xyz,seed_median_curve_isotonic,marker_first,1,0.473040995638269,0.473040995638269,0.473040995638269,0.7233203181726614,-0.2502793225343924
WT_16__TO__SCA3_06,0.025,xyz,seed_median_curve_persistent,marker_first,1,0.5701742533729033,0.5701742533729033,0.5701742533729033,0.7233203181726614,-0.15314606479975812
WT_16__TO__SCA3_06,0.025,z,median_seed_isotonic,marker_first,1,0.024516375893204094,0.024516375893204094,0.024516375893204094,0.7233203181726614,-0.6988039422794573
WT_16__TO__SCA3_06,0.025,z,q25_seed_isotonic,marker_first,1,0.017990319899653055,0.017990319899653055,0.017990319899653055,0.7233203181726614,-0.7053299982730084
WT_16__TO__SCA3_06,0.025,z,q75_seed_isotonic,marker_first,1,0.12884198164456245,0.12884198164456245,0.12884198164456245,0.7233203181726614,-0.594478336528099
WT_16__TO__SCA3_06,0.025,z,seed_median_curve_first,marker_first,1,0.02726395635442916,0.02726395635442916,0.02726395635442916,0.7233203181726614,-0.6960563618182323
WT_16__TO__SCA3_06,0.025,z,seed_median_curve_isotonic,marker_first,1,0.02726395635442916,0.02726395635442916,0.02726395635442916,0.7233203181726614,-0.6960563618182323
WT_16__TO__SCA3_06,0.025,z,seed_median_curve_persistent,marker_first,1,0.02726395635442916,0.02726395635442916,0.02726395635442916,0.7233203181726614,-0.6960563618182323
WT_16__TO__SCA3_06,0.05,xy,median_seed_isotonic,marker_first,1,0.43694839231594823,0.43694839231594823,0.43694839231594823,0.7233203181726614,-0.28637192585671317
WT_16__TO__SCA3_06,0.05,xy,q25_seed_isotonic,marker_first,1,0.14053172084662374,0.14053172084662374,0.14053172084662374,0.7233203181726614,-0.5827885973260376
WT_16__TO__SCA3_06,0.05,xy,q75_seed_isotonic,marker_first,1,0.49223378776990134,0.49223378776990134,0.49223378776990134,0.7233203181726614,-0.23108653040276006
WT_16__TO__SCA3_06,0.05,xy,seed_median_curve_first,marker_first,1,0.2332238611544165,0.2332238611544165,0.2332238611544165,0.7233203181726614,-0.4900964570182449
WT_16__TO__SCA3_06,0.05,xy,seed_median_curve_isotonic,marker_first,1,0.5966846495539743,0.5966846495539743,0.5966846495539743,0.7233203181726614,-0.12663566861868714
WT_16__TO__SCA3_06,0.05,xy,seed_median_curve_persistent,marker_first,1,0.6410203468255495,0.6410203468255495,0.6410203468255495,0.7233203181726614,-0.08229997134711187
WT_16__TO__SCA3_06,0.05,xyz,median_seed_isotonic,marker_first,1,0.04955394405046472,0.04955394405046472,0.04955394405046472,0.7233203181726614,-0.6737663741221966
WT_16__TO__SCA3_06,0.05,xyz,q25_seed_isotonic,marker_first,1,0.032442484844497396,0.032442484844497396,0.032442484844497396,0.7233203181726614,-0.690877833328164
WT_16__TO__SCA3_06,0.05,xyz,q75_seed_isotonic,marker_first,1,0.41099662939509873,0.41099662939509873,0.41099662939509873,0.7233203181726614,-0.31232368877756267
WT_16__TO__SCA3_06,0.05,xyz,seed_median_curve_first,marker_first,1,0.06358655919712204,0.06358655919712204,0.06358655919712204,0.7233203181726614,-0.6597337589755393
WT_16__TO__SCA3_06,0.05,xyz,seed_median_curve_isotonic,marker_first,1,0.46894483857570674,0.46894483857570674,0.46894483857570674,0.7233203181726614,-0.25437547959695467
WT_16__TO__SCA3_06,0.05,xyz,seed_median_curve_persistent,marker_first,1,0.5679553351573383,0.5679553351573383,0.5679553351573383,0.7233203181726614,-0.1553649830153231
WT_16__TO__SCA3_06,0.05,z,median_seed_isotonic,marker_first,1,0.02462941150071099,0.02462941150071099,0.02462941150071099,0.7233203181726614,-0.6986909066719504
WT_16__TO__SCA3_06,0.05,z,q25_seed_isotonic,marker_first,1,0.017680033543090026,0.017680033543090026,0.017680033543090026,0.7233203181726614,-0.7056402846295714
WT_16__TO__SCA3_06,0.05,z,q75_seed_isotonic,marker_first,1,0.12973155175481663,0.12973155175481663,0.12973155175481663,0.7233203181726614,-0.5935887664178447
WT_16__TO__SCA3_06,0.05,z,seed_median_curve_first,marker_first,1,0.026946078687026982,0.026946078687026982,0.026946078687026982,0.7233203181726614,-0.6963742394856344
WT_16__TO__SCA3_06,0.05,z,seed_median_curve_isotonic,marker_first,1,0.026946078687026982,0.026946078687026982,0.026946078687026982,0.7233203181726614,-0.6963742394856344
WT_16__TO__SCA3_06,0.05,z,seed_median_curve_persistent,marker_first,1,0.026946078687026982,0.026946078687026982,0.026946078687026982,0.7233203181726614,-0.6963742394856344
WT_16__TO__SCA3_09,0.0125,xy,median_seed_isotonic,marker_first,3,0.41277434306409005,0.27191095085600747,0.4419000875304065,0.6348309182300086,-0.22205657516591853
WT_16__TO__SCA3_09,0.0125,xy,q25_seed_isotonic,marker_first,3,0.4117730977609304,0.20271505982470286,0.41223965586175143,0.6348309182300086,-0.22305782046907818
WT_16__TO__SCA3_09,0.0125,xy,q75_seed_isotonic,marker_first,3,0.46675562600385373,0.4437427726401195,0.7163828217811361,0.6348309182300086,-0.16807529222615486
WT_16__TO__SCA3_09,0.0125,xy,seed_median_curve_first,marker_first,3,0.16462983034433543,0.06275287206423102,0.3774450099672992,0.6348309182300086,-0.47020108788567316
WT_16__TO__SCA3_09,0.0125,xy,seed_median_curve_isotonic,marker_first,3,0.4483834031749538,0.42571273914097923,0.45510208695596754,0.6348309182300086,-0.1864475150550548
WT_16__TO__SCA3_09,0.0125,xy,seed_median_curve_persistent,marker_first,3,0.4483834031749538,0.42423530143431487,0.45510208695596754,0.6348309182300086,-0.1864475150550548
WT_16__TO__SCA3_09,0.0125,xyz,median_seed_isotonic,marker_first,3,0.29453433948867874,0.25801300109610675,0.4812309343438035,0.6348309182300086,-0.34029657874132985
WT_16__TO__SCA3_09,0.0125,xyz,q25_seed_isotonic,marker_first,3,0.26958110508605704,0.24881636200239476,0.46411048507150515,0.6348309182300086,-0.36524981314395155
WT_16__TO__SCA3_09,0.0125,xyz,q75_seed_isotonic,marker_first,3,0.5476017338363838,0.42977778828469815,0.8477215490302507,0.6348309182300086,-0.08722918439362481
WT_16__TO__SCA3_09,0.0125,xyz,seed_median_curve_first,marker_first,3,0.25693348038908675,0.08040825403238708,0.47001652084945456,0.6348309182300086,-0.37789743784092183
WT_16__TO__SCA3_09,0.0125,xyz,seed_median_curve_isotonic,marker_first,3,0.5410442010029105,0.32822157895878223,0.8604117947401528,0.6348309182300086,-0.09378671722709808
WT_16__TO__SCA3_09,0.0125,xyz,seed_median_curve_persistent,marker_first,3,0.5410442010029105,0.3279611605425427,0.8640708304520739,0.6348309182300086,-0.09378671722709808
WT_16__TO__SCA3_09,0.0125,z,median_seed_isotonic,marker_first,3,0.3747176489523143,0.2625011366233173,0.3862632707723493,0.6348309182300086,-0.2601132692776943
WT_16__TO__SCA3_09,0.0125,z,q25_seed_isotonic,marker_first,3,0.1647527502381687,0.1258870417073098,0.21818411374415436,0.6348309182300086,-0.4700781679918399
WT_16__TO__SCA3_09,0.0125,z,q75_seed_isotonic,marker_first,3,0.42393210844864704,0.3881847233791928,0.8299093155128346,0.6348309182300086,-0.21089880978136155
WT_16__TO__SCA3_09,0.0125,z,seed_median_curve_first,marker_first,3,0.37048994255053375,0.10707599684688116,0.38520634417190414,0.6348309182300086,-0.26434097567947484
WT_16__TO__SCA3_09,0.0125,z,seed_median_curve_isotonic,marker_first,3,0.3901118113790276,0.37539540975765723,0.830057673411825,0.6348309182300086,-0.24471910685098097
WT_16__TO__SCA3_09,0.0125,z,seed_median_curve_persistent,marker_first,3,0.3901118113790276,0.37539540975765723,0.830057673411825,0.6348309182300086,-0.24471910685098097
WT_16__TO__SCA3_09,0.025,xy,median_seed_isotonic,marker_first,3,0.41648014958484564,0.2670964979689094,0.44805568106349375,0.6348309182300086,-0.21835076864516295
WT_16__TO__SCA3_09,0.025,xy,q25_seed_isotonic,marker_first,3,0.40501773815623276,0.2531462166283755,0.4154700280190637,0.6348309182300086,-0.22981318007377582
WT_16__TO__SCA3_09,0.025,xy,q75_seed_isotonic,marker_first,3,0.4686059158763792,0.4453934934830991,0.7456436162389306,0.6348309182300086,-0.16622500235362941
WT_16__TO__SCA3_09,0.025,xy,seed_median_curve_first,marker_first,3,0.41885378156816416,0.12602610653356805,0.4458828983705851,0.6348309182300086,-0.21597713666184443
WT_16__TO__SCA3_09,0.025,xy,seed_median_curve_isotonic,marker_first,3,0.4543762410578407,0.4277297842491209,0.45476351324300424,0.6348309182300086,-0.1804546771721679
WT_16__TO__SCA3_09,0.025,xy,seed_median_curve_persistent,marker_first,3,0.4543762410578407,0.4277343964405833,0.45476351324300424,0.6348309182300086,-0.1804546771721679
WT_16__TO__SCA3_09,0.025,xyz,median_seed_isotonic,marker_first,3,0.2822818178938345,0.25790362824853785,0.49319210064492897,0.6348309182300086,-0.3525491003361741
WT_16__TO__SCA3_09,0.025,xyz,q25_seed_isotonic,marker_first,3,0.26871571559289864,0.25142010131620646,0.48468818570598476,0.6348309182300086,-0.36611520263710995
WT_16__TO__SCA3_09,0.025,xyz,q75_seed_isotonic,marker_first,3,0.5641635799024725,0.4318601413167878,0.8522071042593647,0.6348309182300086,-0.07066733832753613
WT_16__TO__SCA3_09,0.025,xyz,seed_median_curve_first,marker_first,3,0.2585300467650214,0.08068721736054489,0.4857196815770224,0.6348309182300086,-0.3763008714649872
WT_16__TO__SCA3_09,0.025,xyz,seed_median_curve_isotonic,marker_first,3,0.46635856553703753,0.3108796150430066,0.5376768112700264,0.6348309182300086,-0.16847235269297106
WT_16__TO__SCA3_09,0.025,xyz,seed_median_curve_persistent,marker_first,3,0.5614495598476894,0.3342599250356884,0.8689214067696259,0.6348309182300086,-0.07338135838231918
WT_16__TO__SCA3_09,0.025,z,median_seed_isotonic,marker_first,3,0.37644509836406004,0.26157992743163816,0.3856217304136554,0.6348309182300086,-0.25838581986594855
WT_16__TO__SCA3_09,0.025,z,q25_seed_isotonic,marker_first,3,0.16381586356996608,0.1253738941289,0.21832009262825322,0.6348309182300086,-0.4710150546600425
WT_16__TO__SCA3_09,0.025,z,q75_seed_isotonic,marker_first,3,0.43121593315475565,0.3953530373127145,0.8316673968298159,0.6348309182300086,-0.20361498507525294
WT_16__TO__SCA3_09,0.025,z,seed_median_curve_first,marker_first,3,0.3737684337031159,0.10789293699345266,0.38495256424841934,0.6348309182300086,-0.2610624845268927
WT_16__TO__SCA3_09,0.025,z,seed_median_curve_isotonic,marker_first,3,0.3886806077635205,0.37749647721821705,0.8291016130641615,0.6348309182300086,-0.2461503104664881
WT_16__TO__SCA3_09,0.025,z,seed_median_curve_persistent,marker_first,3,0.3737684337031159,0.26460779589936373,0.38495256424841934,0.6348309182300086,-0.2610624845268927
WT_16__TO__SCA3_09,0.05,xy,median_seed_isotonic,marker_first,3,0.3479967126040029,0.25149294264977273,0.44706769151074705,0.6348309182300086,-0.2868342056260057
WT_16__TO__SCA3_09,0.05,xy,q25_seed_isotonic,marker_first,3,0.3283482043604343,0.17960507719672933,0.42770850321087917,0.6348309182300086,-0.30648271386957426
WT_16__TO__SCA3_09,0.05,xy,q75_seed_isotonic,marker_first,3,0.5002847691384938,0.4558382696945724,0.7296393139476376,0.6348309182300086,-0.13454614909151474
WT_16__TO__SCA3_09,0.05,xy,seed_median_curve_first,marker_first,3,0.35024524739044893,0.10663430848851124,0.44936743267360874,0.6348309182300086,-0.28458567083955966
WT_16__TO__SCA3_09,0.05,xy,seed_median_curve_isotonic,marker_first,3,0.4523158306979022,0.37576289321731227,0.47488507850047207,0.6348309182300086,-0.18251508753210638
WT_16__TO__SCA3_09,0.05,xy,seed_median_curve_persistent,marker_first,3,0.4523158306979022,0.37576289321731227,0.47488507850047207,0.6348309182300086,-0.18251508753210638
WT_16__TO__SCA3_09,0.05,xyz,median_seed_isotonic,marker_first,3,0.2682411300263705,0.2578092512028096,0.5011258778218739,0.6348309182300086,-0.3665897882036381
WT_16__TO__SCA3_09,0.05,xyz,q25_seed_isotonic,marker_first,3,0.24204829270812242,0.15898854769760862,0.4945015607833113,0.6348309182300086,-0.39278262552188614
WT_16__TO__SCA3_09,0.05,xyz,q75_seed_isotonic,marker_first,3,0.5858485293482317,0.4404469830687023,0.8572422660935779,0.6348309182300086,-0.04898238888177686
WT_16__TO__SCA3_09,0.05,xyz,seed_median_curve_first,marker_first,3,0.2565372962728272,0.08002933631696481,0.498199919383488,0.6348309182300086,-0.3782936219571814
WT_16__TO__SCA3_09,0.05,xyz,seed_median_curve_isotonic,marker_first,3,0.4659692095321615,0.31020468510476007,0.5505578976983216,0.6348309182300086,-0.1688617086978471
WT_16__TO__SCA3_09,0.05,xyz,seed_median_curve_persistent,marker_first,3,0.5787541270870417,0.33709150397638077,0.8729981046517874,0.6348309182300086,-0.05607679114296693
WT_16__TO__SCA3_09,0.05,z,median_seed_isotonic,marker_first,3,0.38057004893892854,0.262633191069432,0.39897206209686503,0.6348309182300086,-0.25426086929108005
WT_16__TO__SCA3_09,0.05,z,q25_seed_isotonic,marker_first,3,0.1602176005365161,0.12376696284247976,0.21552741047589613,0.6348309182300086,-0.47461331769349246
WT_16__TO__SCA3_09,0.05,z,q75_seed_isotonic,marker_first,3,0.441738730258698,0.40616574569388825,0.8340776789053282,0.6348309182300086,-0.1930921879713106
WT_16__TO__SCA3_09,0.05,z,seed_median_curve_first,marker_first,3,0.3785490638891631,0.10920249529106721,0.39846681583442367,0.6348309182300086,-0.2562818543408455
WT_16__TO__SCA3_09,0.05,z,seed_median_curve_isotonic,marker_first,3,0.40510606648284386,0.3851883145375833,0.8326979098751572,0.6348309182300086,-0.22972485174716473
WT_16__TO__SCA3_09,0.05,z,seed_median_curve_persistent,marker_first,3,0.40510606648284386,0.3851883145375833,0.8326979098751572,0.6348309182300086,-0.22972485174716473
WT_03__TO__SCA3_01,0.0125,xy,seed_median_curve_isotonic,curve_first,8,0.5305380671310285,,,0.4187767512737397,0.11176131585728877
WT_03__TO__SCA3_01,0.0125,xy,seed_median_curve_first,curve_first,8,0.5305380671310285,,,0.4187767512737397,0.11176131585728877
WT_03__TO__SCA3_01,0.0125,xy,seed_median_curve_persistent,curve_first,8,0.5305380671310285,,,0.4187767512737397,0.11176131585728877
WT_03__TO__SCA3_01,0.0125,xy,q25_seed_isotonic,curve_first,8,0.5200674847158229,,,0.4187767512737397,0.10129073344208317
WT_03__TO__SCA3_01,0.0125,xy,median_seed_isotonic,curve_first,8,0.5307163061589738,,,0.4187767512737397,0.1119395548852341
WT_03__TO__SCA3_01,0.0125,xy,q75_seed_isotonic,curve_first,8,0.5405225325485346,,,0.4187767512737397,0.12174578127479485
WT_03__TO__SCA3_01,0.0125,xyz,seed_median_curve_isotonic,curve_first,8,0.5722147195410687,,,0.4187767512737397,0.15343796826732903
WT_03__TO__SCA3_01,0.0125,xyz,seed_median_curve_first,curve_first,8,0.5722147195410687,,,0.4187767512737397,0.15343796826732903
WT_03__TO__SCA3_01,0.0125,xyz,seed_median_curve_persistent,curve_first,8,0.5722147195410687,,,0.4187767512737397,0.15343796826732903
WT_03__TO__SCA3_01,0.0125,xyz,q25_seed_isotonic,curve_first,8,0.569224284610289,,,0.4187767512737397,0.15044753333654926
WT_03__TO__SCA3_01,0.0125,xyz,median_seed_isotonic,curve_first,8,0.572639464276157,,,0.4187767512737397,0.15386271300241727
WT_03__TO__SCA3_01,0.0125,xyz,q75_seed_isotonic,curve_first,8,0.5726439682606157,,,0.4187767512737397,0.153867216986876
WT_03__TO__SCA3_01,0.0125,z,seed_median_curve_isotonic,curve_first,8,0.5717344338658344,,,0.4187767512737397,0.15295768259209475
WT_03__TO__SCA3_01,0.0125,z,seed_median_curve_first,curve_first,8,0.5717344338658344,,,0.4187767512737397,0.15295768259209475
WT_03__TO__SCA3_01,0.0125,z,seed_median_curve_persistent,curve_first,8,0.5717344338658344,,,0.4187767512737397,0.15295768259209475
WT_03__TO__SCA3_01,0.0125,z,q25_seed_isotonic,curve_first,8,0.5689991247537325,,,0.4187767512737397,0.1502223734799928
WT_03__TO__SCA3_01,0.0125,z,median_seed_isotonic,curve_first,8,0.5717344338658344,,,0.4187767512737397,0.15295768259209475
WT_03__TO__SCA3_01,0.0125,z,q75_seed_isotonic,curve_first,8,0.5737351207360851,,,0.4187767512737397,0.15495836946234542
WT_03__TO__SCA3_01,0.025,xy,seed_median_curve_isotonic,curve_first,8,0.5305919567276014,,,0.4187767512737397,0.1118152054538617
WT_03__TO__SCA3_01,0.025,xy,seed_median_curve_first,curve_first,8,0.5305919567276014,,,0.4187767512737397,0.1118152054538617
WT_03__TO__SCA3_01,0.025,xy,seed_median_curve_persistent,curve_first,8,0.5305919567276014,,,0.4187767512737397,0.1118152054538617
WT_03__TO__SCA3_01,0.025,xy,q25_seed_isotonic,curve_first,8,0.5184260394763353,,,0.4187767512737397,0.09964928820259555
WT_03__TO__SCA3_01,0.025,xy,median_seed_isotonic,curve_first,8,0.5322438862368398,,,0.4187767512737397,0.11346713496310012
WT_03__TO__SCA3_01,0.025,xy,q75_seed_isotonic,curve_first,8,0.5325050933456822,,,0.4187767512737397,0.11372834207194249
WT_03__TO__SCA3_01,0.025,xyz,seed_median_curve_isotonic,curve_first,8,0.5774535827151259,,,0.4187767512737397,0.15867683144138622
WT_03__TO__SCA3_01,0.025,xyz,seed_median_curve_first,curve_first,8,0.5774535827151259,,,0.4187767512737397,0.15867683144138622
WT_03__TO__SCA3_01,0.025,xyz,seed_median_curve_persistent,curve_first,8,0.5774535827151259,,,0.4187767512737397,0.15867683144138622
WT_03__TO__SCA3_01,0.025,xyz,q25_seed_isotonic,curve_first,8,0.5766636490210264,,,0.4187767512737397,0.1578868977472867
WT_03__TO__SCA3_01,0.025,xyz,median_seed_isotonic,curve_first,8,0.5770337597131856,,,0.4187767512737397,0.1582570084394459
WT_03__TO__SCA3_01,0.025,xyz,q75_seed_isotonic,curve_first,8,0.579895470861773,,,0.4187767512737397,0.16111871958803325
WT_03__TO__SCA3_01,0.025,z,seed_median_curve_isotonic,curve_first,8,0.579507814936625,,,0.4187767512737397,0.16073106366288525
WT_03__TO__SCA3_01,0.025,z,seed_median_curve_first,curve_first,8,0.579507814936625,,,0.4187767512737397,0.16073106366288525
WT_03__TO__SCA3_01,0.025,z,seed_median_curve_persistent,curve_first,8,0.579507814936625,,,0.4187767512737397,0.16073106366288525
WT_03__TO__SCA3_01,0.025,z,q25_seed_isotonic,curve_first,8,0.5706067277061394,,,0.4187767512737397,0.1518299764323997
WT_03__TO__SCA3_01,0.025,z,median_seed_isotonic,curve_first,8,0.579507814936625,,,0.4187767512737397,0.16073106366288525
WT_03__TO__SCA3_01,0.025,z,q75_seed_isotonic,curve_first,8,0.5808613826851865,,,0.4187767512737397,0.1620846314114468
WT_03__TO__SCA3_01,0.05,xy,seed_median_curve_isotonic,curve_first,8,0.5225888948316846,,,0.4187767512737397,0.10381214355794488
WT_03__TO__SCA3_01,0.05,xy,seed_median_curve_first,curve_first,8,0.5225888948316846,,,0.4187767512737397,0.10381214355794488
WT_03__TO__SCA3_01,0.05,xy,seed_median_curve_persistent,curve_first,8,0.5225888948316846,,,0.4187767512737397,0.10381214355794488
WT_03__TO__SCA3_01,0.05,xy,q25_seed_isotonic,curve_first,8,0.5162901321057165,,,0.4187767512737397,0.0975133808319768
WT_03__TO__SCA3_01,0.05,xy,median_seed_isotonic,curve_first,8,0.526942907518031,,,0.4187767512737397,0.10816615624429127
WT_03__TO__SCA3_01,0.05,xy,q75_seed_isotonic,curve_first,8,0.5390687535014198,,,0.4187767512737397,0.1202920022276801
WT_03__TO__SCA3_01,0.05,xyz,seed_median_curve_isotonic,curve_first,8,0.5792732396750201,,,0.4187767512737397,0.1604964884012804
WT_03__TO__SCA3_01,0.05,xyz,seed_median_curve_first,curve_first,8,0.5792732396750201,,,0.4187767512737397,0.1604964884012804
WT_03__TO__SCA3_01,0.05,xyz,seed_median_curve_persistent,curve_first,8,0.5792732396750201,,,0.4187767512737397,0.1604964884012804
WT_03__TO__SCA3_01,0.05,xyz,q25_seed_isotonic,curve_first,8,0.5778214874992093,,,0.4187767512737397,0.15904473622546955
WT_03__TO__SCA3_01,0.05,xyz,median_seed_isotonic,curve_first,8,0.5785711295456404,,,0.4187767512737397,0.15979437827190068
WT_03__TO__SCA3_01,0.05,xyz,q75_seed_isotonic,curve_first,8,0.584911766397045,,,0.4187767512737397,0.1661350151233053
WT_03__TO__SCA3_01,0.05,z,seed_median_curve_isotonic,curve_first,8,0.5817453138843308,,,0.4187767512737397,0.16296856261059112
WT_03__TO__SCA3_01,0.05,z,seed_median_curve_first,curve_first,8,0.5817453138843308,,,0.4187767512737397,0.16296856261059112
WT_03__TO__SCA3_01,0.05,z,seed_median_curve_persistent,curve_first,8,0.5817453138843308,,,0.4187767512737397,0.16296856261059112
WT_03__TO__SCA3_01,0.05,z,q25_seed_isotonic,curve_first,8,0.579026245093294,,,0.4187767512737397,0.16024949381955433
WT_03__TO__SCA3_01,0.05,z,median_seed_isotonic,curve_first,8,0.5811249752606175,,,0.4187767512737397,0.16234822398687776
WT_03__TO__SCA3_01,0.05,z,q75_seed_isotonic,curve_first,8,0.5876848897397694,,,0.4187767512737397,0.1689081384660297
WT_03__TO__SCA3_04,0.0125,xy,seed_median_curve_isotonic,curve_first,24,0.23564259595160833,,,0.6501014070438412,-0.4144588110922329
WT_03__TO__SCA3_04,0.0125,xy,seed_median_curve_first,curve_first,24,0.23564259595160833,,,0.6501014070438412,-0.4144588110922329
WT_03__TO__SCA3_04,0.0125,xy,seed_median_curve_persistent,curve_first,24,0.23564259595160833,,,0.6501014070438412,-0.4144588110922329
WT_03__TO__SCA3_04,0.0125,xy,q25_seed_isotonic,curve_first,24,0.18820514377726832,,,0.6501014070438412,-0.4618962632665729
WT_03__TO__SCA3_04,0.0125,xy,median_seed_isotonic,curve_first,24,0.2123880594693497,,,0.6501014070438412,-0.43771334757449154
WT_03__TO__SCA3_04,0.0125,xy,q75_seed_isotonic,curve_first,24,0.25734446865152866,,,0.6501014070438412,-0.39275693839231257
WT_03__TO__SCA3_04,0.0125,xyz,seed_median_curve_isotonic,curve_first,24,0.4771700281304836,,,0.6501014070438412,-0.17293137891335764
WT_03__TO__SCA3_04,0.0125,xyz,seed_median_curve_first,curve_first,24,0.4771700281304836,,,0.6501014070438412,-0.17293137891335764
WT_03__TO__SCA3_04,0.0125,xyz,seed_median_curve_persistent,curve_first,24,0.4771700281304836,,,0.6501014070438412,-0.17293137891335764
WT_03__TO__SCA3_04,0.0125,xyz,q25_seed_isotonic,curve_first,24,0.4740804354937038,,,0.6501014070438412,-0.1760209715501374
WT_03__TO__SCA3_04,0.0125,xyz,median_seed_isotonic,curve_first,24,0.4771700281304836,,,0.6501014070438412,-0.17293137891335764
WT_03__TO__SCA3_04,0.0125,xyz,q75_seed_isotonic,curve_first,24,0.49080055293203906,,,0.6501014070438412,-0.15930085411180217
WT_03__TO__SCA3_04,0.0125,z,seed_median_curve_isotonic,curve_first,24,0.5433972783339143,,,0.6501014070438412,-0.10670412870992696
WT_03__TO__SCA3_04,0.0125,z,seed_median_curve_first,curve_first,24,0.5433972783339143,,,0.6501014070438412,-0.10670412870992696
WT_03__TO__SCA3_04,0.0125,z,seed_median_curve_persistent,curve_first,24,0.5433972783339143,,,0.6501014070438412,-0.10670412870992696
WT_03__TO__SCA3_04,0.0125,z,q25_seed_isotonic,curve_first,24,0.5289607294208547,,,0.6501014070438412,-0.12114067762298653
WT_03__TO__SCA3_04,0.0125,z,median_seed_isotonic,curve_first,24,0.5428109217928904,,,0.6501014070438412,-0.10729048525095086
WT_03__TO__SCA3_04,0.0125,z,q75_seed_isotonic,curve_first,24,0.5533347537181537,,,0.6501014070438412,-0.09676665332568757
WT_03__TO__SCA3_04,0.025,xy,seed_median_curve_isotonic,curve_first,24,0.2510639518184295,,,0.6501014070438412,-0.39903745522541173
WT_03__TO__SCA3_04,0.025,xy,seed_median_curve_first,curve_first,24,0.2510639518184295,,,0.6501014070438412,-0.39903745522541173
WT_03__TO__SCA3_04,0.025,xy,seed_median_curve_persistent,curve_first,24,0.2510639518184295,,,0.6501014070438412,-0.39903745522541173
WT_03__TO__SCA3_04,0.025,xy,q25_seed_isotonic,curve_first,24,0.190000803983254,,,0.6501014070438412,-0.4601006030605872
WT_03__TO__SCA3_04,0.025,xy,median_seed_isotonic,curve_first,24,0.22206309326722523,,,0.6501014070438412,-0.428038313776616
WT_03__TO__SCA3_04,0.025,xy,q75_seed_isotonic,curve_first,24,0.26098277422075083,,,0.6501014070438412,-0.3891186328230904
WT_03__TO__SCA3_04,0.025,xyz,seed_median_curve_isotonic,curve_first,24,0.4802201525638165,,,0.6501014070438412,-0.16988125448002472
WT_03__TO__SCA3_04,0.025,xyz,seed_median_curve_first,curve_first,24,0.4802201525638165,,,0.6501014070438412,-0.16988125448002472
WT_03__TO__SCA3_04,0.025,xyz,seed_median_curve_persistent,curve_first,24,0.4802201525638165,,,0.6501014070438412,-0.16988125448002472
WT_03__TO__SCA3_04,0.025,xyz,q25_seed_isotonic,curve_first,24,0.47770956098180356,,,0.6501014070438412,-0.17239184606203767
WT_03__TO__SCA3_04,0.025,xyz,median_seed_isotonic,curve_first,24,0.478146791524806,,,0.6501014070438412,-0.17195461551903524
WT_03__TO__SCA3_04,0.025,xyz,q75_seed_isotonic,curve_first,24,0.49283148678198374,,,0.6501014070438412,-0.1572699202618575
WT_03__TO__SCA3_04,0.025,z,seed_median_curve_isotonic,curve_first,24,0.5443250788922901,,,0.6501014070438412,-0.10577632815155114
WT_03__TO__SCA3_04,0.025,z,seed_median_curve_first,curve_first,24,0.5443250788922901,,,0.6501014070438412,-0.10577632815155114
WT_03__TO__SCA3_04,0.025,z,seed_median_curve_persistent,curve_first,24,0.5443250788922901,,,0.6501014070438412,-0.10577632815155114
WT_03__TO__SCA3_04,0.025,z,q25_seed_isotonic,curve_first,24,0.5296953714897952,,,0.6501014070438412,-0.12040603555404605
WT_03__TO__SCA3_04,0.025,z,median_seed_isotonic,curve_first,24,0.5432556598709056,,,0.6501014070438412,-0.1068457471729356
WT_03__TO__SCA3_04,0.025,z,q75_seed_isotonic,curve_first,24,0.5521056730908799,,,0.6501014070438412,-0.09799573395296135
WT_03__TO__SCA3_04,0.05,xy,seed_median_curve_isotonic,curve_first,24,0.2760393671467627,,,0.6501014070438412,-0.37406203989707854
WT_03__TO__SCA3_04,0.05,xy,seed_median_curve_first,curve_first,24,0.2760393671467627,,,0.6501014070438412,-0.37406203989707854
WT_03__TO__SCA3_04,0.05,xy,seed_median_curve_persistent,curve_first,24,0.2760393671467627,,,0.6501014070438412,-0.37406203989707854
WT_03__TO__SCA3_04,0.05,xy,q25_seed_isotonic,curve_first,24,0.2675499557103953,,,0.6501014070438412,-0.3825514513334459
WT_03__TO__SCA3_04,0.05,xy,median_seed_isotonic,curve_first,24,0.27774447786028084,,,0.6501014070438412,-0.3723569291835604
WT_03__TO__SCA3_04,0.05,xy,q75_seed_isotonic,curve_first,24,0.27815478489561973,,,0.6501014070438412,-0.3719466221482215
WT_03__TO__SCA3_04,0.05,xyz,seed_median_curve_isotonic,curve_first,24,0.48569854403789753,,,0.6501014070438412,-0.1644028630059437
WT_03__TO__SCA3_04,0.05,xyz,seed_median_curve_first,curve_first,24,0.48569854403789753,,,0.6501014070438412,-0.1644028630059437
WT_03__TO__SCA3_04,0.05,xyz,seed_median_curve_persistent,curve_first,24,0.48569854403789753,,,0.6501014070438412,-0.1644028630059437
WT_03__TO__SCA3_04,0.05,xyz,q25_seed_isotonic,curve_first,24,0.4799885478886,,,0.6501014070438412,-0.17011285915524121
WT_03__TO__SCA3_04,0.05,xyz,median_seed_isotonic,curve_first,24,0.4813121579473411,,,0.6501014070438412,-0.16878924909650012
WT_03__TO__SCA3_04,0.05,xyz,q75_seed_isotonic,curve_first,24,0.5022599310640707,,,0.6501014070438412,-0.1478414759797705
WT_03__TO__SCA3_04,0.05,z,seed_median_curve_isotonic,curve_first,24,0.5458867120632338,,,0.6501014070438412,-0.10421469498060743
WT_03__TO__SCA3_04,0.05,z,seed_median_curve_first,curve_first,24,0.5458867120632338,,,0.6501014070438412,-0.10421469498060743
WT_03__TO__SCA3_04,0.05,z,seed_median_curve_persistent,curve_first,24,0.5458867120632338,,,0.6501014070438412,-0.10421469498060743
WT_03__TO__SCA3_04,0.05,z,q25_seed_isotonic,curve_first,24,0.5301618883029655,,,0.6501014070438412,-0.11993951874087572
WT_03__TO__SCA3_04,0.05,z,median_seed_isotonic,curve_first,24,0.5443997107561098,,,0.6501014070438412,-0.1057016962877314
WT_03__TO__SCA3_04,0.05,z,q75_seed_isotonic,curve_first,24,0.5523012510653544,,,0.6501014070438412,-0.09780015597848679
WT_03__TO__SCA3_06,0.0125,xy,seed_median_curve_isotonic,curve_first,4,0.348617442330306,,,0.3934040442084981,-0.04478660187819211
WT_03__TO__SCA3_06,0.0125,xy,seed_median_curve_first,curve_first,4,0.2590802740759781,,,0.3934040442084981,-0.13432377013252
WT_03__TO__SCA3_06,0.0125,xy,seed_median_curve_persistent,curve_first,4,0.34399717019895315,,,0.3934040442084981,-0.049406874009544965
WT_03__TO__SCA3_06,0.0125,xy,q25_seed_isotonic,curve_first,4,0.2514154780469496,,,0.3934040442084981,-0.14198856616154854
WT_03__TO__SCA3_06,0.0125,xy,median_seed_isotonic,curve_first,4,0.35234177968703706,,,0.3934040442084981,-0.041062264521461056
WT_03__TO__SCA3_06,0.0125,xy,q75_seed_isotonic,curve_first,4,0.41234730401574743,,,0.3934040442084981,0.018943259807249313
WT_03__TO__SCA3_06,0.0125,xyz,seed_median_curve_isotonic,curve_first,4,0.6389745624014774,,,0.3934040442084981,0.24557051819297931
WT_03__TO__SCA3_06,0.0125,xyz,seed_median_curve_first,curve_first,4,0.5856066967415222,,,0.3934040442084981,0.1922026525330241
WT_03__TO__SCA3_06,0.0125,xyz,seed_median_curve_persistent,curve_first,4,0.6479870082181537,,,0.3934040442084981,0.2545829640096556
WT_03__TO__SCA3_06,0.0125,xyz,q25_seed_isotonic,curve_first,4,0.5604519564834306,,,0.3934040442084981,0.1670479122749325
WT_03__TO__SCA3_06,0.0125,xyz,median_seed_isotonic,curve_first,4,0.6337188312192813,,,0.3934040442084981,0.24031478701078318
WT_03__TO__SCA3_06,0.0125,xyz,q75_seed_isotonic,curve_first,4,0.6500616471659003,,,0.3934040442084981,0.2566576029574022
WT_03__TO__SCA3_06,0.0125,z,seed_median_curve_isotonic,curve_first,4,0.5873010475552912,,,0.3934040442084981,0.1938970033467931
WT_03__TO__SCA3_06,0.0125,z,seed_median_curve_first,curve_first,4,0.5854867201343161,,,0.3934040442084981,0.192082675925818
WT_03__TO__SCA3_06,0.0125,z,seed_median_curve_persistent,curve_first,4,0.5854867201343161,,,0.3934040442084981,0.192082675925818
WT_03__TO__SCA3_06,0.0125,z,q25_seed_isotonic,curve_first,4,0.5312694425724431,,,0.3934040442084981,0.137865398363945
WT_03__TO__SCA3_06,0.0125,z,median_seed_isotonic,curve_first,4,0.627442211496953,,,0.3934040442084981,0.2340381672884549
WT_03__TO__SCA3_06,0.0125,z,q75_seed_isotonic,curve_first,4,0.6389322313288668,,,0.3934040442084981,0.24552818712036867
WT_03__TO__SCA3_06,0.025,xy,seed_median_curve_isotonic,curve_first,4,0.35665447385825616,,,0.3934040442084981,-0.036749570350241956
WT_03__TO__SCA3_06,0.025,xy,seed_median_curve_first,curve_first,4,0.2655507454836252,,,0.3934040442084981,-0.12785329872487294
WT_03__TO__SCA3_06,0.025,xy,seed_median_curve_persistent,curve_first,4,0.4033475212910313,,,0.3934040442084981,0.00994347708253318
WT_03__TO__SCA3_06,0.025,xy,q25_seed_isotonic,curve_first,4,0.2521019020320848,,,0.3934040442084981,-0.1413021421764133
WT_03__TO__SCA3_06,0.025,xy,median_seed_isotonic,curve_first,4,0.3562039023353299,,,0.3934040442084981,-0.037200141873168224
WT_03__TO__SCA3_06,0.025,xy,q75_seed_isotonic,curve_first,4,0.41033282609394484,,,0.3934040442084981,0.01692878188544672
WT_03__TO__SCA3_06,0.025,xyz,seed_median_curve_isotonic,curve_first,4,0.640691917774064,,,0.3934040442084981,0.24728787356556586
WT_03__TO__SCA3_06,0.025,xyz,seed_median_curve_first,curve_first,4,0.5863556101595755,,,0.3934040442084981,0.19295156595107738
WT_03__TO__SCA3_06,0.025,xyz,seed_median_curve_persistent,curve_first,4,0.6494895670490368,,,0.3934040442084981,0.2560855228405387
WT_03__TO__SCA3_06,0.025,xyz,q25_seed_isotonic,curve_first,4,0.5611334299278515,,,0.3934040442084981,0.16772938571935342
WT_03__TO__SCA3_06,0.025,xyz,median_seed_isotonic,curve_first,4,0.6404089732153951,,,0.3934040442084981,0.24700492900689702
WT_03__TO__SCA3_06,0.025,xyz,q75_seed_isotonic,curve_first,4,0.649253791702364,,,0.3934040442084981,0.25584974749386585
WT_03__TO__SCA3_06,0.025,z,seed_median_curve_isotonic,curve_first,4,0.5865680988345966,,,0.3934040442084981,0.19316405462609848
WT_03__TO__SCA3_06,0.025,z,seed_median_curve_first,curve_first,4,0.585093577815206,,,0.3934040442084981,0.19168953360670787
WT_03__TO__SCA3_06,0.025,z,seed_median_curve_persistent,curve_first,4,0.585093577815206,,,0.3934040442084981,0.19168953360670787
WT_03__TO__SCA3_06,0.025,z,q25_seed_isotonic,curve_first,4,0.5277905643575318,,,0.3934040442084981,0.13438652014903368
WT_03__TO__SCA3_06,0.025,z,median_seed_isotonic,curve_first,4,0.6242026716348538,,,0.3934040442084981,0.23079862742635565
WT_03__TO__SCA3_06,0.025,z,q75_seed_isotonic,curve_first,4,0.637445801881733,,,0.3934040442084981,0.24404175767323494
WT_03__TO__SCA3_06,0.05,xy,seed_median_curve_isotonic,curve_first,4,0.32718841286066586,,,0.3934040442084981,-0.06621563134783226
WT_03__TO__SCA3_06,0.05,xy,seed_median_curve_first,curve_first,4,0.26179745755257333,,,0.3934040442084981,-0.13160658665592478
WT_03__TO__SCA3_06,0.05,xy,seed_median_curve_persistent,curve_first,4,0.4042654917226066,,,0.3934040442084981,0.010861447514108502
WT_03__TO__SCA3_06,0.05,xy,q25_seed_isotonic,curve_first,4,0.2536984484557996,,,0.3934040442084981,-0.13970559575269853
WT_03__TO__SCA3_06,0.05,xy,median_seed_isotonic,curve_first,4,0.3300658151367052,,,0.3934040442084981,-0.06333822907179293
WT_03__TO__SCA3_06,0.05,xy,q75_seed_isotonic,curve_first,4,0.3576507455137643,,,0.3934040442084981,-0.035753298694733815
WT_03__TO__SCA3_06,0.05,xyz,seed_median_curve_isotonic,curve_first,4,0.6454949279977716,,,0.3934040442084981,0.2520908837892735
WT_03__TO__SCA3_06,0.05,xyz,seed_median_curve_first,curve_first,4,0.5931796932590687,,,0.3934040442084981,0.1997756490505706
WT_03__TO__SCA3_06,0.05,xyz,seed_median_curve_persistent,curve_first,4,0.6527011271811961,,,0.3934040442084981,0.259297082972698
WT_03__TO__SCA3_06,0.05,xyz,q25_seed_isotonic,curve_first,4,0.561665876023985,,,0.3934040442084981,0.16826183181548687
WT_03__TO__SCA3_06,0.05,xyz,median_seed_isotonic,curve_first,4,0.6407310261580869,,,0.3934040442084981,0.24732698194958874
WT_03__TO__SCA3_06,0.05,xyz,q75_seed_isotonic,curve_first,4,0.6525638357960738,,,0.3934040442084981,0.2591597915875757
WT_03__TO__SCA3_06,0.05,z,seed_median_curve_isotonic,curve_first,4,0.5908745896415745,,,0.3934040442084981,0.19747054543307635
WT_03__TO__SCA3_06,0.05,z,seed_median_curve_first,curve_first,4,0.586623205098198,,,0.3934040442084981,0.19321916088969987
WT_03__TO__SCA3_06,0.05,z,seed_median_curve_persistent,curve_first,4,0.6413133069004971,,,0.3934040442084981,0.24790926269199903
WT_03__TO__SCA3_06,0.05,z,q25_seed_isotonic,curve_first,4,0.5314479476779949,,,0.3934040442084981,0.13804390346949674
WT_03__TO__SCA3_06,0.05,z,median_seed_isotonic,curve_first,4,0.6371418848278415,,,0.3934040442084981,0.2437378406193434
WT_03__TO__SCA3_06,0.05,z,q75_seed_isotonic,curve_first,4,0.6719863188400583,,,0.3934040442084981,0.2785822746315602
WT_03__TO__SCA3_09,0.0125,xy,seed_median_curve_isotonic,curve_first,12,0.21235316808614774,,,0.4331096114441799,-0.22075644335803218
WT_03__TO__SCA3_09,0.0125,xy,seed_median_curve_first,curve_first,12,0.15456752051050707,,,0.4331096114441799,-0.2785420909336729
WT_03__TO__SCA3_09,0.0125,xy,seed_median_curve_persistent,curve_first,12,0.22269591216614842,,,0.4331096114441799,-0.2104136992780315
WT_03__TO__SCA3_09,0.0125,xy,q25_seed_isotonic,curve_first,12,0.18836718394932372,,,0.4331096114441799,-0.2447424274948562
WT_03__TO__SCA3_09,0.0125,xy,median_seed_isotonic,curve_first,12,0.21053105944545633,,,0.4331096114441799,-0.2225785519987236
WT_03__TO__SCA3_09,0.0125,xy,q75_seed_isotonic,curve_first,12,0.23715479844817677,,,0.4331096114441799,-0.19595481299600315
WT_03__TO__SCA3_09,0.0125,xyz,seed_median_curve_isotonic,curve_first,12,0.3191901337863422,,,0.4331096114441799,-0.11391947765783772
WT_03__TO__SCA3_09,0.0125,xyz,seed_median_curve_first,curve_first,12,0.3191901337863422,,,0.4331096114441799,-0.11391947765783772
WT_03__TO__SCA3_09,0.0125,xyz,seed_median_curve_persistent,curve_first,12,0.3191901337863422,,,0.4331096114441799,-0.11391947765783772
WT_03__TO__SCA3_09,0.0125,xyz,q25_seed_isotonic,curve_first,12,0.302004360338397,,,0.4331096114441799,-0.13110525110578292
WT_03__TO__SCA3_09,0.0125,xyz,median_seed_isotonic,curve_first,12,0.3191901337863422,,,0.4331096114441799,-0.11391947765783772
WT_03__TO__SCA3_09,0.0125,xyz,q75_seed_isotonic,curve_first,12,0.32386818486774516,,,0.4331096114441799,-0.10924142657643476
WT_03__TO__SCA3_09,0.0125,z,seed_median_curve_isotonic,curve_first,12,0.43860117233431356,,,0.4331096114441799,0.00549156089013364
WT_03__TO__SCA3_09,0.0125,z,seed_median_curve_first,curve_first,12,0.43860117233431356,,,0.4331096114441799,0.00549156089013364
WT_03__TO__SCA3_09,0.0125,z,seed_median_curve_persistent,curve_first,12,0.43860117233431356,,,0.4331096114441799,0.00549156089013364
WT_03__TO__SCA3_09,0.0125,z,q25_seed_isotonic,curve_first,12,0.41085845888280786,,,0.4331096114441799,-0.022251152561372056
WT_03__TO__SCA3_09,0.0125,z,median_seed_isotonic,curve_first,12,0.43594773595694125,,,0.4331096114441799,0.002838124512761331
WT_03__TO__SCA3_09,0.0125,z,q75_seed_isotonic,curve_first,12,0.4508909141330816,,,0.4331096114441799,0.017781302688901657
WT_03__TO__SCA3_09,0.025,xy,seed_median_curve_isotonic,curve_first,12,0.2214892191614505,,,0.4331096114441799,-0.2116203922827294
WT_03__TO__SCA3_09,0.025,xy,seed_median_curve_first,curve_first,12,0.1652087847355434,,,0.4331096114441799,-0.2679008267086365
WT_03__TO__SCA3_09,0.025,xy,seed_median_curve_persistent,curve_first,12,0.22636053757674712,,,0.4331096114441799,-0.2067490738674328
WT_03__TO__SCA3_09,0.025,xy,q25_seed_isotonic,curve_first,12,0.193857516809809,,,0.4331096114441799,-0.23925209463437092
WT_03__TO__SCA3_09,0.025,xy,median_seed_isotonic,curve_first,12,0.22082418322784708,,,0.4331096114441799,-0.21228542821633284
WT_03__TO__SCA3_09,0.025,xy,q75_seed_isotonic,curve_first,12,0.23629616143359491,,,0.4331096114441799,-0.196813450010585
WT_03__TO__SCA3_09,0.025,xyz,seed_median_curve_isotonic,curve_first,12,0.32221348059575666,,,0.4331096114441799,-0.11089613084842326
WT_03__TO__SCA3_09,0.025,xyz,seed_median_curve_first,curve_first,12,0.32221348059575666,,,0.4331096114441799,-0.11089613084842326
WT_03__TO__SCA3_09,0.025,xyz,seed_median_curve_persistent,curve_first,12,0.32221348059575666,,,0.4331096114441799,-0.11089613084842326
WT_03__TO__SCA3_09,0.025,xyz,q25_seed_isotonic,curve_first,12,0.3108626089953809,,,0.4331096114441799,-0.12224700244879905
WT_03__TO__SCA3_09,0.025,xyz,median_seed_isotonic,curve_first,12,0.32221348059575666,,,0.4331096114441799,-0.11089613084842326
WT_03__TO__SCA3_09,0.025,xyz,q75_seed_isotonic,curve_first,12,0.34559640637182876,,,0.4331096114441799,-0.08751320507235116
WT_03__TO__SCA3_09,0.025,z,seed_median_curve_isotonic,curve_first,12,0.43902473213529286,,,0.4331096114441799,0.005915120691112941
WT_03__TO__SCA3_09,0.025,z,seed_median_curve_first,curve_first,12,0.43902473213529286,,,0.4331096114441799,0.005915120691112941
WT_03__TO__SCA3_09,0.025,z,seed_median_curve_persistent,curve_first,12,0.43902473213529286,,,0.4331096114441799,0.005915120691112941
WT_03__TO__SCA3_09,0.025,z,q25_seed_isotonic,curve_first,12,0.41290194108274725,,,0.4331096114441799,-0.020207670361432672
WT_03__TO__SCA3_09,0.025,z,median_seed_isotonic,curve_first,12,0.4395989388298799,,,0.4331096114441799,0.006489327385699961
WT_03__TO__SCA3_09,0.025,z,q75_seed_isotonic,curve_first,12,0.45186156495798063,,,0.4331096114441799,0.018751953513800712
WT_03__TO__SCA3_09,0.05,xy,seed_median_curve_isotonic,curve_first,12,0.2417357692356289,,,0.4331096114441799,-0.19137384220855103
WT_03__TO__SCA3_09,0.05,xy,seed_median_curve_first,curve_first,12,0.2417357692356289,,,0.4331096114441799,-0.19137384220855103
WT_03__TO__SCA3_09,0.05,xy,seed_median_curve_persistent,curve_first,12,0.2417357692356289,,,0.4331096114441799,-0.19137384220855103
WT_03__TO__SCA3_09,0.05,xy,q25_seed_isotonic,curve_first,12,0.21968486040630902,,,0.4331096114441799,-0.2134247510378709
WT_03__TO__SCA3_09,0.05,xy,median_seed_isotonic,curve_first,12,0.23482981628094646,,,0.4331096114441799,-0.19827979516323346
WT_03__TO__SCA3_09,0.05,xy,q75_seed_isotonic,curve_first,12,0.25060877449071406,,,0.4331096114441799,-0.18250083695346586
WT_03__TO__SCA3_09,0.05,xyz,seed_median_curve_isotonic,curve_first,12,0.346417330945756,,,0.4331096114441799,-0.08669228049842392
WT_03__TO__SCA3_09,0.05,xyz,seed_median_curve_first,curve_first,12,0.346417330945756,,,0.4331096114441799,-0.08669228049842392
WT_03__TO__SCA3_09,0.05,xyz,seed_median_curve_persistent,curve_first,12,0.346417330945756,,,0.4331096114441799,-0.08669228049842392
WT_03__TO__SCA3_09,0.05,xyz,q25_seed_isotonic,curve_first,12,0.32359774832550403,,,0.4331096114441799,-0.10951186311867589
WT_03__TO__SCA3_09,0.05,xyz,median_seed_isotonic,curve_first,12,0.3553557539395448,,,0.4331096114441799,-0.0777538575046351
WT_03__TO__SCA3_09,0.05,xyz,q75_seed_isotonic,curve_first,12,0.3633847850781765,,,0.4331096114441799,-0.06972482636600341
WT_03__TO__SCA3_09,0.05,z,seed_median_curve_isotonic,curve_first,12,0.43917134308404043,,,0.4331096114441799,0.0060617316398605126
WT_03__TO__SCA3_09,0.05,z,seed_median_curve_first,curve_first,12,0.43917134308404043,,,0.4331096114441799,0.0060617316398605126
WT_03__TO__SCA3_09,0.05,z,seed_median_curve_persistent,curve_first,12,0.43917134308404043,,,0.4331096114441799,0.0060617316398605126
WT_03__TO__SCA3_09,0.05,z,q25_seed_isotonic,curve_first,12,0.4128606993641775,,,0.4331096114441799,-0.0202489120800024
WT_03__TO__SCA3_09,0.05,z,median_seed_isotonic,curve_first,12,0.4400402872531664,,,0.4331096114441799,0.006930675808986486
WT_03__TO__SCA3_09,0.05,z,q75_seed_isotonic,curve_first,12,0.4479173891368315,,,0.4331096114441799,0.01480777769265157
WT_04__TO__SCA3_01,0.0125,xy,seed_median_curve_isotonic,curve_first,12,0.6207967475969834,,,0.7015683614961412,-0.08077161389915777
WT_04__TO__SCA3_01,0.0125,xy,seed_median_curve_first,curve_first,12,0.6207967475969834,,,0.7015683614961412,-0.08077161389915777
WT_04__TO__SCA3_01,0.0125,xy,seed_median_curve_persistent,curve_first,12,0.6207967475969834,,,0.7015683614961412,-0.08077161389915777
WT_04__TO__SCA3_01,0.0125,xy,q25_seed_isotonic,curve_first,12,0.619446613793969,,,0.7015683614961412,-0.08212174770217218
WT_04__TO__SCA3_01,0.0125,xy,median_seed_isotonic,curve_first,12,0.6198616942064165,,,0.7015683614961412,-0.08170666728972475
WT_04__TO__SCA3_01,0.0125,xy,q75_seed_isotonic,curve_first,12,0.6572764042625484,,,0.7015683614961412,-0.044291957233592805
WT_04__TO__SCA3_01,0.0125,xyz,seed_median_curve_isotonic,curve_first,12,0.5337243928628413,,,0.7015683614961412,-0.16784396863329987
WT_04__TO__SCA3_01,0.0125,xyz,seed_median_curve_first,curve_first,12,0.5337243928628413,,,0.7015683614961412,-0.16784396863329987
WT_04__TO__SCA3_01,0.0125,xyz,seed_median_curve_persistent,curve_first,12,0.5337243928628413,,,0.7015683614961412,-0.16784396863329987
WT_04__TO__SCA3_01,0.0125,xyz,q25_seed_isotonic,curve_first,12,0.520059422005466,,,0.7015683614961412,-0.18150893949067526
WT_04__TO__SCA3_01,0.0125,xyz,median_seed_isotonic,curve_first,12,0.5337243928628413,,,0.7015683614961412,-0.16784396863329987
WT_04__TO__SCA3_01,0.0125,xyz,q75_seed_isotonic,curve_first,12,0.5338415444570348,,,0.7015683614961412,-0.1677268170391064
WT_04__TO__SCA3_01,0.0125,z,seed_median_curve_isotonic,curve_first,12,0.5117981036356793,,,0.7015683614961412,-0.18977025786046187
WT_04__TO__SCA3_01,0.0125,z,seed_median_curve_first,curve_first,12,0.5117981036356793,,,0.7015683614961412,-0.18977025786046187
WT_04__TO__SCA3_01,0.0125,z,seed_median_curve_persistent,curve_first,12,0.5117981036356793,,,0.7015683614961412,-0.18977025786046187
WT_04__TO__SCA3_01,0.0125,z,q25_seed_isotonic,curve_first,12,0.4957793921426366,,,0.7015683614961412,-0.2057889693535046
WT_04__TO__SCA3_01,0.0125,z,median_seed_isotonic,curve_first,12,0.5117981036356793,,,0.7015683614961412,-0.18977025786046187
WT_04__TO__SCA3_01,0.0125,z,q75_seed_isotonic,curve_first,12,0.5167063190707721,,,0.7015683614961412,-0.18486204242536908
WT_04__TO__SCA3_01,0.025,xy,seed_median_curve_isotonic,curve_first,12,0.6226252461748213,,,0.7015683614961412,-0.07894311532131992
WT_04__TO__SCA3_01,0.025,xy,seed_median_curve_first,curve_first,12,0.6226252461748213,,,0.7015683614961412,-0.07894311532131992
WT_04__TO__SCA3_01,0.025,xy,seed_median_curve_persistent,curve_first,12,0.6226252461748213,,,0.7015683614961412,-0.07894311532131992
WT_04__TO__SCA3_01,0.025,xy,q25_seed_isotonic,curve_first,12,0.6198970602016803,,,0.7015683614961412,-0.08167130129446087
WT_04__TO__SCA3_01,0.025,xy,median_seed_isotonic,curve_first,12,0.6226252461748213,,,0.7015683614961412,-0.07894311532131992
WT_04__TO__SCA3_01,0.025,xy,q75_seed_isotonic,curve_first,12,0.6371386815323759,,,0.7015683614961412,-0.06442967996376536
WT_04__TO__SCA3_01,0.025,xyz,seed_median_curve_isotonic,curve_first,12,0.5338137410414772,,,0.7015683614961412,-0.16775462045466405
WT_04__TO__SCA3_01,0.025,xyz,seed_median_curve_first,curve_first,12,0.5338137410414772,,,0.7015683614961412,-0.16775462045466405
WT_04__TO__SCA3_01,0.025,xyz,seed_median_curve_persistent,curve_first,12,0.5338137410414772,,,0.7015683614961412,-0.16775462045466405
WT_04__TO__SCA3_01,0.025,xyz,q25_seed_isotonic,curve_first,12,0.5272187558899737,,,0.7015683614961412,-0.17434960560616752
WT_04__TO__SCA3_01,0.025,xyz,median_seed_isotonic,curve_first,12,0.5338137410414772,,,0.7015683614961412,-0.16775462045466405
WT_04__TO__SCA3_01,0.025,xyz,q75_seed_isotonic,curve_first,12,0.5416536569447232,,,0.7015683614961412,-0.15991470455141799
WT_04__TO__SCA3_01,0.025,z,seed_median_curve_isotonic,curve_first,12,0.5112518288187458,,,0.7015683614961412,-0.19031653267739546
WT_04__TO__SCA3_01,0.025,z,seed_median_curve_first,curve_first,12,0.5112518288187458,,,0.7015683614961412,-0.19031653267739546
WT_04__TO__SCA3_01,0.025,z,seed_median_curve_persistent,curve_first,12,0.5112518288187458,,,0.7015683614961412,-0.19031653267739546
WT_04__TO__SCA3_01,0.025,z,q25_seed_isotonic,curve_first,12,0.49923876703402215,,,0.7015683614961412,-0.20232959446211907
WT_04__TO__SCA3_01,0.025,z,median_seed_isotonic,curve_first,12,0.5112518288187458,,,0.7015683614961412,-0.19031653267739546
WT_04__TO__SCA3_01,0.025,z,q75_seed_isotonic,curve_first,12,0.5248278524629966,,,0.7015683614961412,-0.17674050903314464
WT_04__TO__SCA3_01,0.05,xy,seed_median_curve_isotonic,curve_first,12,0.6112890052873985,,,0.7015683614961412,-0.09027935620874272
WT_04__TO__SCA3_01,0.05,xy,seed_median_curve_first,curve_first,12,0.6112890052873985,,,0.7015683614961412,-0.09027935620874272
WT_04__TO__SCA3_01,0.05,xy,seed_median_curve_persistent,curve_first,12,0.6112890052873985,,,0.7015683614961412,-0.09027935620874272
WT_04__TO__SCA3_01,0.05,xy,q25_seed_isotonic,curve_first,12,0.6104806350511696,,,0.7015683614961412,-0.09108772644497165
WT_04__TO__SCA3_01,0.05,xy,median_seed_isotonic,curve_first,12,0.6107793584955261,,,0.7015683614961412,-0.0907890030006151
WT_04__TO__SCA3_01,0.05,xy,q75_seed_isotonic,curve_first,12,0.6178250657600363,,,0.7015683614961412,-0.08374329573610495
WT_04__TO__SCA3_01,0.05,xyz,seed_median_curve_isotonic,curve_first,12,0.5417657507752297,,,0.7015683614961412,-0.1598026107209115
WT_04__TO__SCA3_01,0.05,xyz,seed_median_curve_first,curve_first,12,0.5417657507752297,,,0.7015683614961412,-0.1598026107209115
WT_04__TO__SCA3_01,0.05,xyz,seed_median_curve_persistent,curve_first,12,0.5417657507752297,,,0.7015683614961412,-0.1598026107209115
WT_04__TO__SCA3_01,0.05,xyz,q25_seed_isotonic,curve_first,12,0.5335764194650358,,,0.7015683614961412,-0.16799194203110546
WT_04__TO__SCA3_01,0.05,xyz,median_seed_isotonic,curve_first,12,0.5417657507752297,,,0.7015683614961412,-0.1598026107209115
WT_04__TO__SCA3_01,0.05,xyz,q75_seed_isotonic,curve_first,12,0.5497159168406551,,,0.7015683614961412,-0.15185244465548609
WT_04__TO__SCA3_01,0.05,z,seed_median_curve_isotonic,curve_first,12,0.5240982916390402,,,0.7015683614961412,-0.177470069857101
WT_04__TO__SCA3_01,0.05,z,seed_median_curve_first,curve_first,12,0.5240982916390402,,,0.7015683614961412,-0.177470069857101
WT_04__TO__SCA3_01,0.05,z,seed_median_curve_persistent,curve_first,12,0.5240982916390402,,,0.7015683614961412,-0.177470069857101
WT_04__TO__SCA3_01,0.05,z,q25_seed_isotonic,curve_first,12,0.5032234113541175,,,0.7015683614961412,-0.1983449501420237
WT_04__TO__SCA3_01,0.05,z,median_seed_isotonic,curve_first,12,0.5240982916390402,,,0.7015683614961412,-0.177470069857101
WT_04__TO__SCA3_01,0.05,z,q75_seed_isotonic,curve_first,12,0.5289170863387955,,,0.7015683614961412,-0.17265127515734568
WT_04__TO__SCA3_04,0.0125,xy,seed_median_curve_isotonic,curve_first,36,0.19403549618554256,,,0.5531056006839034,-0.3590701044983608
WT_04__TO__SCA3_04,0.0125,xy,seed_median_curve_first,curve_first,36,0.19403549618554256,,,0.5531056006839034,-0.3590701044983608
WT_04__TO__SCA3_04,0.0125,xy,seed_median_curve_persistent,curve_first,36,0.19403549618554256,,,0.5531056006839034,-0.3590701044983608
WT_04__TO__SCA3_04,0.0125,xy,q25_seed_isotonic,curve_first,36,0.18455049013611577,,,0.5531056006839034,-0.36855511054778756
WT_04__TO__SCA3_04,0.0125,xy,median_seed_isotonic,curve_first,36,0.19589119596939955,,,0.5531056006839034,-0.35721440471450383
WT_04__TO__SCA3_04,0.0125,xy,q75_seed_isotonic,curve_first,36,0.19855118365866978,,,0.5531056006839034,-0.3545544170252336
WT_04__TO__SCA3_04,0.0125,xyz,seed_median_curve_isotonic,curve_first,36,0.4190359346710261,,,0.5531056006839034,-0.13406966601287723
WT_04__TO__SCA3_04,0.0125,xyz,seed_median_curve_first,curve_first,36,0.4190359346710261,,,0.5531056006839034,-0.13406966601287723
WT_04__TO__SCA3_04,0.0125,xyz,seed_median_curve_persistent,curve_first,36,0.4190359346710261,,,0.5531056006839034,-0.13406966601287723
WT_04__TO__SCA3_04,0.0125,xyz,q25_seed_isotonic,curve_first,36,0.4074200207457814,,,0.5531056006839034,-0.14568557993812198
WT_04__TO__SCA3_04,0.0125,xyz,median_seed_isotonic,curve_first,36,0.41937136180178636,,,0.5531056006839034,-0.133734238882117
WT_04__TO__SCA3_04,0.0125,xyz,q75_seed_isotonic,curve_first,36,0.4205795296027549,,,0.5531056006839034,-0.13252607108114844
WT_04__TO__SCA3_04,0.0125,z,seed_median_curve_isotonic,curve_first,36,0.38853879365965427,,,0.5531056006839034,-0.16456680702424908
WT_04__TO__SCA3_04,0.0125,z,seed_median_curve_first,curve_first,36,0.38853879365965427,,,0.5531056006839034,-0.16456680702424908
WT_04__TO__SCA3_04,0.0125,z,seed_median_curve_persistent,curve_first,36,0.38853879365965427,,,0.5531056006839034,-0.16456680702424908
WT_04__TO__SCA3_04,0.0125,z,q25_seed_isotonic,curve_first,36,0.38205830985356803,,,0.5531056006839034,-0.17104729083033532
WT_04__TO__SCA3_04,0.0125,z,median_seed_isotonic,curve_first,36,0.38853879365965427,,,0.5531056006839034,-0.16456680702424908
WT_04__TO__SCA3_04,0.0125,z,q75_seed_isotonic,curve_first,36,0.38859646516949686,,,0.5531056006839034,-0.1645091355144065
WT_04__TO__SCA3_04,0.025,xy,seed_median_curve_isotonic,curve_first,36,0.23416209187544276,,,0.5531056006839034,-0.31894350880846056
WT_04__TO__SCA3_04,0.025,xy,seed_median_curve_first,curve_first,36,0.23416209187544276,,,0.5531056006839034,-0.31894350880846056
WT_04__TO__SCA3_04,0.025,xy,seed_median_curve_persistent,curve_first,36,0.23416209187544276,,,0.5531056006839034,-0.31894350880846056
WT_04__TO__SCA3_04,0.025,xy,q25_seed_isotonic,curve_first,36,0.2269674401403679,,,0.5531056006839034,-0.32613816054353545
WT_04__TO__SCA3_04,0.025,xy,median_seed_isotonic,curve_first,36,0.23392297229629552,,,0.5531056006839034,-0.3191826283876078
WT_04__TO__SCA3_04,0.025,xy,q75_seed_isotonic,curve_first,36,0.2575157798327827,,,0.5531056006839034,-0.2955898208511207
WT_04__TO__SCA3_04,0.025,xyz,seed_median_curve_isotonic,curve_first,36,0.423275762177473,,,0.5531056006839034,-0.12982983850643037
WT_04__TO__SCA3_04,0.025,xyz,seed_median_curve_first,curve_first,36,0.423275762177473,,,0.5531056006839034,-0.12982983850643037
WT_04__TO__SCA3_04,0.025,xyz,seed_median_curve_persistent,curve_first,36,0.423275762177473,,,0.5531056006839034,-0.12982983850643037
WT_04__TO__SCA3_04,0.025,xyz,q25_seed_isotonic,curve_first,36,0.4165571559876035,,,0.5531056006839034,-0.13654844469629984
WT_04__TO__SCA3_04,0.025,xyz,median_seed_isotonic,curve_first,36,0.423275762177473,,,0.5531056006839034,-0.12982983850643037
WT_04__TO__SCA3_04,0.025,xyz,q75_seed_isotonic,curve_first,36,0.43065639819481166,,,0.5531056006839034,-0.12244920248909169
WT_04__TO__SCA3_04,0.025,z,seed_median_curve_isotonic,curve_first,36,0.3853824210268255,,,0.5531056006839034,-0.16772317965707784
WT_04__TO__SCA3_04,0.025,z,seed_median_curve_first,curve_first,36,0.3853824210268255,,,0.5531056006839034,-0.16772317965707784
WT_04__TO__SCA3_04,0.025,z,seed_median_curve_persistent,curve_first,36,0.3853824210268255,,,0.5531056006839034,-0.16772317965707784
WT_04__TO__SCA3_04,0.025,z,q25_seed_isotonic,curve_first,36,0.38369554122511895,,,0.5531056006839034,-0.1694100594587844
WT_04__TO__SCA3_04,0.025,z,median_seed_isotonic,curve_first,36,0.38537528023042084,,,0.5531056006839034,-0.16773032045348252
WT_04__TO__SCA3_04,0.025,z,q75_seed_isotonic,curve_first,36,0.39555109990624143,,,0.5531056006839034,-0.15755450077766192
WT_04__TO__SCA3_04,0.05,xy,seed_median_curve_isotonic,curve_first,36,0.3549138140613103,,,0.5531056006839034,-0.19819178662259307
WT_04__TO__SCA3_04,0.05,xy,seed_median_curve_first,curve_first,36,0.3549138140613103,,,0.5531056006839034,-0.19819178662259307
WT_04__TO__SCA3_04,0.05,xy,seed_median_curve_persistent,curve_first,36,0.3549138140613103,,,0.5531056006839034,-0.19819178662259307
WT_04__TO__SCA3_04,0.05,xy,q25_seed_isotonic,curve_first,36,0.3377660010859887,,,0.5531056006839034,-0.21533959959791465
WT_04__TO__SCA3_04,0.05,xy,median_seed_isotonic,curve_first,36,0.3549138140613103,,,0.5531056006839034,-0.19819178662259307
WT_04__TO__SCA3_04,0.05,xy,q75_seed_isotonic,curve_first,36,0.35926223048974754,,,0.5531056006839034,-0.19384337019415582
WT_04__TO__SCA3_04,0.05,xyz,seed_median_curve_isotonic,curve_first,36,0.43593612178922025,,,0.5531056006839034,-0.1171694788946831
WT_04__TO__SCA3_04,0.05,xyz,seed_median_curve_first,curve_first,36,0.43593612178922025,,,0.5531056006839034,-0.1171694788946831
WT_04__TO__SCA3_04,0.05,xyz,seed_median_curve_persistent,curve_first,36,0.43593612178922025,,,0.5531056006839034,-0.1171694788946831
WT_04__TO__SCA3_04,0.05,xyz,q25_seed_isotonic,curve_first,36,0.4237443626711198,,,0.5531056006839034,-0.12936123801278354
WT_04__TO__SCA3_04,0.05,xyz,median_seed_isotonic,curve_first,36,0.43593612178922025,,,0.5531056006839034,-0.1171694788946831
WT_04__TO__SCA3_04,0.05,xyz,q75_seed_isotonic,curve_first,36,0.4411286673089684,,,0.5531056006839034,-0.11197693337493497
WT_04__TO__SCA3_04,0.05,z,seed_median_curve_isotonic,curve_first,36,0.3930450157746402,,,0.5531056006839034,-0.16006058490926317
WT_04__TO__SCA3_04,0.05,z,seed_median_curve_first,curve_first,36,0.3930450157746402,,,0.5531056006839034,-0.16006058490926317
WT_04__TO__SCA3_04,0.05,z,seed_median_curve_persistent,curve_first,36,0.3930450157746402,,,0.5531056006839034,-0.16006058490926317
WT_04__TO__SCA3_04,0.05,z,q25_seed_isotonic,curve_first,36,0.3819408156210049,,,0.5531056006839034,-0.17116478506289845
WT_04__TO__SCA3_04,0.05,z,median_seed_isotonic,curve_first,36,0.3930450157746402,,,0.5531056006839034,-0.16006058490926317
WT_04__TO__SCA3_04,0.05,z,q75_seed_isotonic,curve_first,36,0.3948817386946914,,,0.5531056006839034,-0.15822386198921196
WT_04__TO__SCA3_06,0.0125,xy,seed_median_curve_isotonic,curve_first,6,0.4464178460619031,,,0.6786463925580624,-0.23222854649615926
WT_04__TO__SCA3_06,0.0125,xy,seed_median_curve_first,curve_first,6,0.4464178460619031,,,0.6786463925580624,-0.23222854649615926
WT_04__TO__SCA3_06,0.0125,xy,seed_median_curve_persistent,curve_first,6,0.4464178460619031,,,0.6786463925580624,-0.23222854649615926
WT_04__TO__SCA3_06,0.0125,xy,q25_seed_isotonic,curve_first,6,0.42740805707384827,,,0.6786463925580624,-0.2512383354842141
WT_04__TO__SCA3_06,0.0125,xy,median_seed_isotonic,curve_first,6,0.43636149702293225,,,0.6786463925580624,-0.2422848955351301
WT_04__TO__SCA3_06,0.0125,xy,q75_seed_isotonic,curve_first,6,0.4688425840449612,,,0.6786463925580624,-0.20980380851310115
WT_04__TO__SCA3_06,0.0125,xyz,seed_median_curve_isotonic,curve_first,6,0.6373289575463751,,,0.6786463925580624,-0.041317435011687276
WT_04__TO__SCA3_06,0.0125,xyz,seed_median_curve_first,curve_first,6,0.5972051215250117,,,0.6786463925580624,-0.08144127103305066
WT_04__TO__SCA3_06,0.0125,xyz,seed_median_curve_persistent,curve_first,6,0.6451054930740039,,,0.6786463925580624,-0.03354089948405847
WT_04__TO__SCA3_06,0.0125,xyz,q25_seed_isotonic,curve_first,6,0.6392896868917692,,,0.6786463925580624,-0.039356705666293124
WT_04__TO__SCA3_06,0.0125,xyz,median_seed_isotonic,curve_first,6,0.6438324638138844,,,0.6786463925580624,-0.03481392874417799
WT_04__TO__SCA3_06,0.0125,xyz,q75_seed_isotonic,curve_first,6,0.6659607903627724,,,0.6786463925580624,-0.012685602195289913
WT_04__TO__SCA3_06,0.0125,z,seed_median_curve_isotonic,curve_first,6,0.5799011411003754,,,0.6786463925580624,-0.09874525145768698
WT_04__TO__SCA3_06,0.0125,z,seed_median_curve_first,curve_first,6,0.5799011411003754,,,0.6786463925580624,-0.09874525145768698
WT_04__TO__SCA3_06,0.0125,z,seed_median_curve_persistent,curve_first,6,0.5799011411003754,,,0.6786463925580624,-0.09874525145768698
WT_04__TO__SCA3_06,0.0125,z,q25_seed_isotonic,curve_first,6,0.47420846374167336,,,0.6786463925580624,-0.204437928816389
WT_04__TO__SCA3_06,0.0125,z,median_seed_isotonic,curve_first,6,0.607340020096774,,,0.6786463925580624,-0.07130637246128835
WT_04__TO__SCA3_06,0.0125,z,q75_seed_isotonic,curve_first,6,0.6734431994815502,,,0.6786463925580624,-0.00520319307651218
WT_04__TO__SCA3_06,0.025,xy,seed_median_curve_isotonic,curve_first,6,0.46527125104647626,,,0.6786463925580624,-0.2133751415115861
WT_04__TO__SCA3_06,0.025,xy,seed_median_curve_first,curve_first,6,0.46527125104647626,,,0.6786463925580624,-0.2133751415115861
WT_04__TO__SCA3_06,0.025,xy,seed_median_curve_persistent,curve_first,6,0.46527125104647626,,,0.6786463925580624,-0.2133751415115861
WT_04__TO__SCA3_06,0.025,xy,q25_seed_isotonic,curve_first,6,0.4469571365595162,,,0.6786463925580624,-0.23168925599854617
WT_04__TO__SCA3_06,0.025,xy,median_seed_isotonic,curve_first,6,0.4474001809114234,,,0.6786463925580624,-0.23124621164663894
WT_04__TO__SCA3_06,0.025,xy,q75_seed_isotonic,curve_first,6,0.4827809555664355,,,0.6786463925580624,-0.19586543699162684
WT_04__TO__SCA3_06,0.025,xyz,seed_median_curve_isotonic,curve_first,6,0.6482452942636754,,,0.6786463925580624,-0.030401098294386975
WT_04__TO__SCA3_06,0.025,xyz,seed_median_curve_first,curve_first,6,0.6533198298143583,,,0.6786463925580624,-0.02532656274370404
WT_04__TO__SCA3_06,0.025,xyz,seed_median_curve_persistent,curve_first,6,0.6533198298143583,,,0.6786463925580624,-0.02532656274370404
WT_04__TO__SCA3_06,0.025,xyz,q25_seed_isotonic,curve_first,6,0.6417798839145058,,,0.6786463925580624,-0.03686650864355656
WT_04__TO__SCA3_06,0.025,xyz,median_seed_isotonic,curve_first,6,0.6531030240055726,,,0.6786463925580624,-0.02554336855248973
WT_04__TO__SCA3_06,0.025,xyz,q75_seed_isotonic,curve_first,6,0.6704055212154167,,,0.6786463925580624,-0.008240871342645617
WT_04__TO__SCA3_06,0.025,z,seed_median_curve_isotonic,curve_first,6,0.5828317719878094,,,0.6786463925580624,-0.09581462057025292
WT_04__TO__SCA3_06,0.025,z,seed_median_curve_first,curve_first,6,0.5828317719878094,,,0.6786463925580624,-0.09581462057025292
WT_04__TO__SCA3_06,0.025,z,seed_median_curve_persistent,curve_first,6,0.5828317719878094,,,0.6786463925580624,-0.09581462057025292
WT_04__TO__SCA3_06,0.025,z,q25_seed_isotonic,curve_first,6,0.47501950821246414,,,0.6786463925580624,-0.20362688434559822
WT_04__TO__SCA3_06,0.025,z,median_seed_isotonic,curve_first,6,0.6068915243575577,,,0.6786463925580624,-0.0717548682005047
WT_04__TO__SCA3_06,0.025,z,q75_seed_isotonic,curve_first,6,0.6744164781106309,,,0.6786463925580624,-0.004229914447431482
WT_04__TO__SCA3_06,0.05,xy,seed_median_curve_isotonic,curve_first,6,0.4863658906741111,,,0.6786463925580624,-0.19228050188395124
WT_04__TO__SCA3_06,0.05,xy,seed_median_curve_first,curve_first,6,0.4863658906741111,,,0.6786463925580624,-0.19228050188395124
WT_04__TO__SCA3_06,0.05,xy,seed_median_curve_persistent,curve_first,6,0.4863658906741111,,,0.6786463925580624,-0.19228050188395124
WT_04__TO__SCA3_06,0.05,xy,q25_seed_isotonic,curve_first,6,0.4750377269658763,,,0.6786463925580624,-0.20360866559218604
WT_04__TO__SCA3_06,0.05,xy,median_seed_isotonic,curve_first,6,0.4889751720310845,,,0.6786463925580624,-0.18967122052697788
WT_04__TO__SCA3_06,0.05,xy,q75_seed_isotonic,curve_first,6,0.5073179983029309,,,0.6786463925580624,-0.17132839425513147
WT_04__TO__SCA3_06,0.05,xyz,seed_median_curve_isotonic,curve_first,6,0.6621415681362791,,,0.6786463925580624,-0.01650482442178325
WT_04__TO__SCA3_06,0.05,xyz,seed_median_curve_first,curve_first,6,0.6635879523096849,,,0.6786463925580624,-0.015058440248377436
WT_04__TO__SCA3_06,0.05,xyz,seed_median_curve_persistent,curve_first,6,0.6635879523096849,,,0.6786463925580624,-0.015058440248377436
WT_04__TO__SCA3_06,0.05,xyz,q25_seed_isotonic,curve_first,6,0.6474787942315035,,,0.6786463925580624,-0.03116759832655891
WT_04__TO__SCA3_06,0.05,xyz,median_seed_isotonic,curve_first,6,0.6630862470966048,,,0.6786463925580624,-0.015560145461457564
WT_04__TO__SCA3_06,0.05,xyz,q75_seed_isotonic,curve_first,6,0.6753798530323066,,,0.6786463925580624,-0.0032665395257557295
WT_04__TO__SCA3_06,0.05,z,seed_median_curve_isotonic,curve_first,6,0.5856783985031687,,,0.6786463925580624,-0.09296799405489364
WT_04__TO__SCA3_06,0.05,z,seed_median_curve_first,curve_first,6,0.5856783985031687,,,0.6786463925580624,-0.09296799405489364
WT_04__TO__SCA3_06,0.05,z,seed_median_curve_persistent,curve_first,6,0.5856783985031687,,,0.6786463925580624,-0.09296799405489364
WT_04__TO__SCA3_06,0.05,z,q25_seed_isotonic,curve_first,6,0.4771710817952816,,,0.6786463925580624,-0.20147531076278075
WT_04__TO__SCA3_06,0.05,z,median_seed_isotonic,curve_first,6,0.6139242098735394,,,0.6786463925580624,-0.06472218268452301
WT_04__TO__SCA3_06,0.05,z,q75_seed_isotonic,curve_first,6,0.6751376778954529,,,0.6786463925580624,-0.003508714662609491
WT_04__TO__SCA3_09,0.0125,xy,seed_median_curve_isotonic,curve_first,18,0.08353238951976692,,,0.6872428658139085,-0.6037104762941415
WT_04__TO__SCA3_09,0.0125,xy,seed_median_curve_first,curve_first,18,0.08353238951976692,,,0.6872428658139085,-0.6037104762941415
WT_04__TO__SCA3_09,0.0125,xy,seed_median_curve_persistent,curve_first,18,0.08353238951976692,,,0.6872428658139085,-0.6037104762941415
WT_04__TO__SCA3_09,0.0125,xy,q25_seed_isotonic,curve_first,18,0.08266462847462872,,,0.6872428658139085,-0.6045782373392797
WT_04__TO__SCA3_09,0.0125,xy,median_seed_isotonic,curve_first,18,0.08353238951976692,,,0.6872428658139085,-0.6037104762941415
WT_04__TO__SCA3_09,0.0125,xy,q75_seed_isotonic,curve_first,18,0.08492923997228548,,,0.6872428658139085,-0.602313625841623
WT_04__TO__SCA3_09,0.0125,xyz,seed_median_curve_isotonic,curve_first,18,0.332895339190323,,,0.6872428658139085,-0.3543475266235855
WT_04__TO__SCA3_09,0.0125,xyz,seed_median_curve_first,curve_first,18,0.332895339190323,,,0.6872428658139085,-0.3543475266235855
WT_04__TO__SCA3_09,0.0125,xyz,seed_median_curve_persistent,curve_first,18,0.332895339190323,,,0.6872428658139085,-0.3543475266235855
WT_04__TO__SCA3_09,0.0125,xyz,q25_seed_isotonic,curve_first,18,0.3287738990899772,,,0.6872428658139085,-0.3584689667239313
WT_04__TO__SCA3_09,0.0125,xyz,median_seed_isotonic,curve_first,18,0.3296844956270348,,,0.6872428658139085,-0.3575583701868737
WT_04__TO__SCA3_09,0.0125,xyz,q75_seed_isotonic,curve_first,18,0.3468117998072304,,,0.6872428658139085,-0.34043106600667805
WT_04__TO__SCA3_09,0.0125,z,seed_median_curve_isotonic,curve_first,18,0.3678164739181159,,,0.6872428658139085,-0.3194263918957926
WT_04__TO__SCA3_09,0.0125,z,seed_median_curve_first,curve_first,18,0.3678164739181159,,,0.6872428658139085,-0.3194263918957926
WT_04__TO__SCA3_09,0.0125,z,seed_median_curve_persistent,curve_first,18,0.3678164739181159,,,0.6872428658139085,-0.3194263918957926
WT_04__TO__SCA3_09,0.0125,z,q25_seed_isotonic,curve_first,18,0.35301282213708146,,,0.6872428658139085,-0.334230043676827
WT_04__TO__SCA3_09,0.0125,z,median_seed_isotonic,curve_first,18,0.3678164739181159,,,0.6872428658139085,-0.3194263918957926
WT_04__TO__SCA3_09,0.0125,z,q75_seed_isotonic,curve_first,18,0.37378910879404026,,,0.6872428658139085,-0.3134537570198682
WT_04__TO__SCA3_09,0.025,xy,seed_median_curve_isotonic,curve_first,18,0.10069504069561608,,,0.6872428658139085,-0.5865478251182924
WT_04__TO__SCA3_09,0.025,xy,seed_median_curve_first,curve_first,18,0.10069504069561608,,,0.6872428658139085,-0.5865478251182924
WT_04__TO__SCA3_09,0.025,xy,seed_median_curve_persistent,curve_first,18,0.10069504069561608,,,0.6872428658139085,-0.5865478251182924
WT_04__TO__SCA3_09,0.025,xy,q25_seed_isotonic,curve_first,18,0.08971394736939109,,,0.6872428658139085,-0.5975289184445174
WT_04__TO__SCA3_09,0.025,xy,median_seed_isotonic,curve_first,18,0.10069504069561608,,,0.6872428658139085,-0.5865478251182924
WT_04__TO__SCA3_09,0.025,xy,q75_seed_isotonic,curve_first,18,0.12943468263046273,,,0.6872428658139085,-0.5578081831834457
WT_04__TO__SCA3_09,0.025,xyz,seed_median_curve_isotonic,curve_first,18,0.3459575497537448,,,0.6872428658139085,-0.34128531606016366
WT_04__TO__SCA3_09,0.025,xyz,seed_median_curve_first,curve_first,18,0.3459575497537448,,,0.6872428658139085,-0.34128531606016366
WT_04__TO__SCA3_09,0.025,xyz,seed_median_curve_persistent,curve_first,18,0.3459575497537448,,,0.6872428658139085,-0.34128531606016366
WT_04__TO__SCA3_09,0.025,xyz,q25_seed_isotonic,curve_first,18,0.33408230366100944,,,0.6872428658139085,-0.35316056215289904
WT_04__TO__SCA3_09,0.025,xyz,median_seed_isotonic,curve_first,18,0.3455432411330822,,,0.6872428658139085,-0.34169962468082626
WT_04__TO__SCA3_09,0.025,xyz,q75_seed_isotonic,curve_first,18,0.36152592245537674,,,0.6872428658139085,-0.32571694335853174
WT_04__TO__SCA3_09,0.025,z,seed_median_curve_isotonic,curve_first,18,0.3663658804468874,,,0.6872428658139085,-0.3208769853670211
WT_04__TO__SCA3_09,0.025,z,seed_median_curve_first,curve_first,18,0.3663658804468874,,,0.6872428658139085,-0.3208769853670211
WT_04__TO__SCA3_09,0.025,z,seed_median_curve_persistent,curve_first,18,0.3663658804468874,,,0.6872428658139085,-0.3208769853670211
WT_04__TO__SCA3_09,0.025,z,q25_seed_isotonic,curve_first,18,0.34973770143413047,,,0.6872428658139085,-0.337505164379778
WT_04__TO__SCA3_09,0.025,z,median_seed_isotonic,curve_first,18,0.3662882950677772,,,0.6872428658139085,-0.32095457074613126
WT_04__TO__SCA3_09,0.025,z,q75_seed_isotonic,curve_first,18,0.3719332501098662,,,0.6872428658139085,-0.31530961570404226
WT_04__TO__SCA3_09,0.05,xy,seed_median_curve_isotonic,curve_first,18,0.16818422833649294,,,0.6872428658139085,-0.5190586374774155
WT_04__TO__SCA3_09,0.05,xy,seed_median_curve_first,curve_first,18,0.16818422833649294,,,0.6872428658139085,-0.5190586374774155
WT_04__TO__SCA3_09,0.05,xy,seed_median_curve_persistent,curve_first,18,0.16818422833649294,,,0.6872428658139085,-0.5190586374774155
WT_04__TO__SCA3_09,0.05,xy,q25_seed_isotonic,curve_first,18,0.14578306578462216,,,0.6872428658139085,-0.5414598000292863
WT_04__TO__SCA3_09,0.05,xy,median_seed_isotonic,curve_first,18,0.16807642077730403,,,0.6872428658139085,-0.5191664450366045
WT_04__TO__SCA3_09,0.05,xy,q75_seed_isotonic,curve_first,18,0.1985342003131477,,,0.6872428658139085,-0.48870866550076075
WT_04__TO__SCA3_09,0.05,xyz,seed_median_curve_isotonic,curve_first,18,0.37499576175145105,,,0.6872428658139085,-0.3122471040624574
WT_04__TO__SCA3_09,0.05,xyz,seed_median_curve_first,curve_first,18,0.37499576175145105,,,0.6872428658139085,-0.3122471040624574
WT_04__TO__SCA3_09,0.05,xyz,seed_median_curve_persistent,curve_first,18,0.37499576175145105,,,0.6872428658139085,-0.3122471040624574
WT_04__TO__SCA3_09,0.05,xyz,q25_seed_isotonic,curve_first,18,0.3662430099607575,,,0.6872428658139085,-0.320999855853151
WT_04__TO__SCA3_09,0.05,xyz,median_seed_isotonic,curve_first,18,0.37499576175145105,,,0.6872428658139085,-0.3122471040624574
WT_04__TO__SCA3_09,0.05,xyz,q75_seed_isotonic,curve_first,18,0.3927092543644674,,,0.6872428658139085,-0.29453361144944107
WT_04__TO__SCA3_09,0.05,z,seed_median_curve_isotonic,curve_first,18,0.37006756338506813,,,0.6872428658139085,-0.31717530242884034
WT_04__TO__SCA3_09,0.05,z,seed_median_curve_first,curve_first,18,0.37006756338506813,,,0.6872428658139085,-0.31717530242884034
WT_04__TO__SCA3_09,0.05,z,seed_median_curve_persistent,curve_first,18,0.37006756338506813,,,0.6872428658139085,-0.31717530242884034
WT_04__TO__SCA3_09,0.05,z,q25_seed_isotonic,curve_first,18,0.3514070717464673,,,0.6872428658139085,-0.3358357940674412
WT_04__TO__SCA3_09,0.05,z,median_seed_isotonic,curve_first,18,0.37006756338506813,,,0.6872428658139085,-0.31717530242884034
WT_04__TO__SCA3_09,0.05,z,q75_seed_isotonic,curve_first,18,0.3852893275546354,,,0.6872428658139085,-0.30195353825927307
WT_08__TO__SCA3_01,0.0125,xy,seed_median_curve_isotonic,curve_first,2,0.8929658588248868,,,0.7795542992069673,0.11341155961791949
WT_08__TO__SCA3_01,0.0125,xy,seed_median_curve_first,curve_first,2,0.8929658588248868,,,0.7795542992069673,0.11341155961791949
WT_08__TO__SCA3_01,0.0125,xy,seed_median_curve_persistent,curve_first,2,0.8929658588248868,,,0.7795542992069673,0.11341155961791949
WT_08__TO__SCA3_01,0.0125,xy,q25_seed_isotonic,curve_first,2,0.8823447534570484,,,0.7795542992069673,0.10279045425008115
WT_08__TO__SCA3_01,0.0125,xy,median_seed_isotonic,curve_first,2,0.8926223507044333,,,0.7795542992069673,0.11306805149746602
WT_08__TO__SCA3_01,0.0125,xy,q75_seed_isotonic,curve_first,2,0.8938000495685957,,,0.7795542992069673,0.11424575036162843
WT_08__TO__SCA3_01,0.0125,xyz,seed_median_curve_isotonic,curve_first,2,0.5241284214987925,,,0.7795542992069673,-0.2554258777081748
WT_08__TO__SCA3_01,0.0125,xyz,seed_median_curve_first,curve_first,2,0.5241284214987925,,,0.7795542992069673,-0.2554258777081748
WT_08__TO__SCA3_01,0.0125,xyz,seed_median_curve_persistent,curve_first,2,0.5241284214987925,,,0.7795542992069673,-0.2554258777081748
WT_08__TO__SCA3_01,0.0125,xyz,q25_seed_isotonic,curve_first,2,0.5205934517570725,,,0.7795542992069673,-0.2589608474498948
WT_08__TO__SCA3_01,0.0125,xyz,median_seed_isotonic,curve_first,2,0.5274256768674237,,,0.7795542992069673,-0.2521286223395436
WT_08__TO__SCA3_01,0.0125,xyz,q75_seed_isotonic,curve_first,2,0.5334214577298418,,,0.7795542992069673,-0.24613284147712544
WT_08__TO__SCA3_01,0.0125,z,seed_median_curve_isotonic,curve_first,2,0.5164542353247441,,,0.7795542992069673,-0.2631000638822232
WT_08__TO__SCA3_01,0.0125,z,seed_median_curve_first,curve_first,2,0.5164542353247441,,,0.7795542992069673,-0.2631000638822232
WT_08__TO__SCA3_01,0.0125,z,seed_median_curve_persistent,curve_first,2,0.5164542353247441,,,0.7795542992069673,-0.2631000638822232
WT_08__TO__SCA3_01,0.0125,z,q25_seed_isotonic,curve_first,2,0.5001890359327652,,,0.7795542992069673,-0.2793652632742021
WT_08__TO__SCA3_01,0.0125,z,median_seed_isotonic,curve_first,2,0.5128956938647247,,,0.7795542992069673,-0.2666586053422426
WT_08__TO__SCA3_01,0.0125,z,q75_seed_isotonic,curve_first,2,0.5240618257783883,,,0.7795542992069673,-0.25549247342857895
WT_08__TO__SCA3_01,0.025,xy,seed_median_curve_isotonic,curve_first,2,0.8969037581862649,,,0.7795542992069673,0.1173494589792976
WT_08__TO__SCA3_01,0.025,xy,seed_median_curve_first,curve_first,2,0.8969037581862649,,,0.7795542992069673,0.1173494589792976
WT_08__TO__SCA3_01,0.025,xy,seed_median_curve_persistent,curve_first,2,0.8969037581862649,,,0.7795542992069673,0.1173494589792976
WT_08__TO__SCA3_01,0.025,xy,q25_seed_isotonic,curve_first,2,0.8855266415835609,,,0.7795542992069673,0.10597234237659359
WT_08__TO__SCA3_01,0.025,xy,median_seed_isotonic,curve_first,2,0.8946362795962373,,,0.7795542992069673,0.11508198038926998
WT_08__TO__SCA3_01,0.025,xy,q75_seed_isotonic,curve_first,2,0.9312827248016525,,,0.7795542992069673,0.15172842559468525
WT_08__TO__SCA3_01,0.025,xyz,seed_median_curve_isotonic,curve_first,2,0.5134923432380513,,,0.7795542992069673,-0.266061955968916
WT_08__TO__SCA3_01,0.025,xyz,seed_median_curve_first,curve_first,2,0.5134923432380513,,,0.7795542992069673,-0.266061955968916
WT_08__TO__SCA3_01,0.025,xyz,seed_median_curve_persistent,curve_first,2,0.5134923432380513,,,0.7795542992069673,-0.266061955968916
WT_08__TO__SCA3_01,0.025,xyz,q25_seed_isotonic,curve_first,2,0.5129715201431081,,,0.7795542992069673,-0.2665827790638592
WT_08__TO__SCA3_01,0.025,xyz,median_seed_isotonic,curve_first,2,0.5134923432380513,,,0.7795542992069673,-0.266061955968916
WT_08__TO__SCA3_01,0.025,xyz,q75_seed_isotonic,curve_first,2,0.5179348694921357,,,0.7795542992069673,-0.26161942971483154
WT_08__TO__SCA3_01,0.025,z,seed_median_curve_isotonic,curve_first,2,0.5223410338629932,,,0.7795542992069673,-0.25721326534397404
WT_08__TO__SCA3_01,0.025,z,seed_median_curve_first,curve_first,2,0.5223410338629932,,,0.7795542992069673,-0.25721326534397404
WT_08__TO__SCA3_01,0.025,z,seed_median_curve_persistent,curve_first,2,0.5223410338629932,,,0.7795542992069673,-0.25721326534397404
WT_08__TO__SCA3_01,0.025,z,q25_seed_isotonic,curve_first,2,0.5139065563427624,,,0.7795542992069673,-0.2656477428642049
WT_08__TO__SCA3_01,0.025,z,median_seed_isotonic,curve_first,2,0.5157704476442996,,,0.7795542992069673,-0.2637838515626677
WT_08__TO__SCA3_01,0.025,z,q75_seed_isotonic,curve_first,2,0.5252902116798014,,,0.7795542992069673,-0.2542640875271659
WT_08__TO__SCA3_01,0.05,xy,seed_median_curve_isotonic,curve_first,2,0.891893201585738,,,0.7795542992069673,0.11233890237877076
WT_08__TO__SCA3_01,0.05,xy,seed_median_curve_first,curve_first,2,0.891893201585738,,,0.7795542992069673,0.11233890237877076
WT_08__TO__SCA3_01,0.05,xy,seed_median_curve_persistent,curve_first,2,0.891893201585738,,,0.7795542992069673,0.11233890237877076
WT_08__TO__SCA3_01,0.05,xy,q25_seed_isotonic,curve_first,2,0.8657311564371132,,,0.7795542992069673,0.0861768572301459
WT_08__TO__SCA3_01,0.05,xy,median_seed_isotonic,curve_first,2,0.891893201585738,,,0.7795542992069673,0.11233890237877076
WT_08__TO__SCA3_01,0.05,xy,q75_seed_isotonic,curve_first,2,0.915950536172483,,,0.7795542992069673,0.13639623696551573
WT_08__TO__SCA3_01,0.05,xyz,seed_median_curve_isotonic,curve_first,2,0.518345827018573,,,0.7795542992069673,-0.26120847218839427
WT_08__TO__SCA3_01,0.05,xyz,seed_median_curve_first,curve_first,2,0.518345827018573,,,0.7795542992069673,-0.26120847218839427
WT_08__TO__SCA3_01,0.05,xyz,seed_median_curve_persistent,curve_first,2,0.518345827018573,,,0.7795542992069673,-0.26120847218839427
WT_08__TO__SCA3_01,0.05,xyz,q25_seed_isotonic,curve_first,2,0.5088686682922956,,,0.7795542992069673,-0.2706856309146717
WT_08__TO__SCA3_01,0.05,xyz,median_seed_isotonic,curve_first,2,0.5197867178671806,,,0.7795542992069673,-0.2597675813397867
WT_08__TO__SCA3_01,0.05,xyz,q75_seed_isotonic,curve_first,2,0.5215374476459455,,,0.7795542992069673,-0.25801685156102183
WT_08__TO__SCA3_01,0.05,z,seed_median_curve_isotonic,curve_first,2,0.5224823582312309,,,0.7795542992069673,-0.2570719409757364
WT_08__TO__SCA3_01,0.05,z,seed_median_curve_first,curve_first,2,0.5224823582312309,,,0.7795542992069673,-0.2570719409757364
WT_08__TO__SCA3_01,0.05,z,seed_median_curve_persistent,curve_first,2,0.5224823582312309,,,0.7795542992069673,-0.2570719409757364
WT_08__TO__SCA3_01,0.05,z,q25_seed_isotonic,curve_first,2,0.5126218939679178,,,0.7795542992069673,-0.2669324052390495
WT_08__TO__SCA3_01,0.05,z,median_seed_isotonic,curve_first,2,0.5240201526640783,,,0.7795542992069673,-0.255534146542889
WT_08__TO__SCA3_01,0.05,z,q75_seed_isotonic,curve_first,2,0.5349284426187586,,,0.7795542992069673,-0.24462585658820868
WT_08__TO__SCA3_04,0.0125,xy,seed_median_curve_isotonic,curve_first,6,0.19598184811475391,,,0.8481475013224421,-0.6521656532076882
WT_08__TO__SCA3_04,0.0125,xy,seed_median_curve_first,curve_first,6,0.19598184811475391,,,0.8481475013224421,-0.6521656532076882
WT_08__TO__SCA3_04,0.0125,xy,seed_median_curve_persistent,curve_first,6,0.19598184811475391,,,0.8481475013224421,-0.6521656532076882
WT_08__TO__SCA3_04,0.0125,xy,q25_seed_isotonic,curve_first,6,0.19329202990564076,,,0.8481475013224421,-0.6548554714168013
WT_08__TO__SCA3_04,0.0125,xy,median_seed_isotonic,curve_first,6,0.19360797274289407,,,0.8481475013224421,-0.654539528579548
WT_08__TO__SCA3_04,0.0125,xy,q75_seed_isotonic,curve_first,6,0.24149507070327433,,,0.8481475013224421,-0.6066524306191677
WT_08__TO__SCA3_04,0.0125,xyz,seed_median_curve_isotonic,curve_first,6,0.4045317993036603,,,0.8481475013224421,-0.4436157020187818
WT_08__TO__SCA3_04,0.0125,xyz,seed_median_curve_first,curve_first,6,0.4045317993036603,,,0.8481475013224421,-0.4436157020187818
WT_08__TO__SCA3_04,0.0125,xyz,seed_median_curve_persistent,curve_first,6,0.4045317993036603,,,0.8481475013224421,-0.4436157020187818
WT_08__TO__SCA3_04,0.0125,xyz,q25_seed_isotonic,curve_first,6,0.40098669161548856,,,0.8481475013224421,-0.44716080970695354
WT_08__TO__SCA3_04,0.0125,xyz,median_seed_isotonic,curve_first,6,0.4035601432870791,,,0.8481475013224421,-0.444587358035363
WT_08__TO__SCA3_04,0.0125,xyz,q75_seed_isotonic,curve_first,6,0.41281301308142315,,,0.8481475013224421,-0.43533448824101895
WT_08__TO__SCA3_04,0.0125,z,seed_median_curve_isotonic,curve_first,6,0.41293538430773163,,,0.8481475013224421,-0.43521211701471046
WT_08__TO__SCA3_04,0.0125,z,seed_median_curve_first,curve_first,6,0.41293538430773163,,,0.8481475013224421,-0.43521211701471046
WT_08__TO__SCA3_04,0.0125,z,seed_median_curve_persistent,curve_first,6,0.41293538430773163,,,0.8481475013224421,-0.43521211701471046
WT_08__TO__SCA3_04,0.0125,z,q25_seed_isotonic,curve_first,6,0.41088688348837993,,,0.8481475013224421,-0.43726061783406217
WT_08__TO__SCA3_04,0.0125,z,median_seed_isotonic,curve_first,6,0.411268301253706,,,0.8481475013224421,-0.4368792000687361
WT_08__TO__SCA3_04,0.0125,z,q75_seed_isotonic,curve_first,6,0.421154138322203,,,0.8481475013224421,-0.4269933630002391
WT_08__TO__SCA3_04,0.025,xy,seed_median_curve_isotonic,curve_first,6,0.2378421748824405,,,0.8481475013224421,-0.6103053264400016
WT_08__TO__SCA3_04,0.025,xy,seed_median_curve_first,curve_first,6,0.2378421748824405,,,0.8481475013224421,-0.6103053264400016
WT_08__TO__SCA3_04,0.025,xy,seed_median_curve_persistent,curve_first,6,0.2378421748824405,,,0.8481475013224421,-0.6103053264400016
WT_08__TO__SCA3_04,0.025,xy,q25_seed_isotonic,curve_first,6,0.20770856875375365,,,0.8481475013224421,-0.6404389325686884
WT_08__TO__SCA3_04,0.025,xy,median_seed_isotonic,curve_first,6,0.2378421748824405,,,0.8481475013224421,-0.6103053264400016
WT_08__TO__SCA3_04,0.025,xy,q75_seed_isotonic,curve_first,6,0.2452429532969403,,,0.8481475013224421,-0.6029045480255018
WT_08__TO__SCA3_04,0.025,xyz,seed_median_curve_isotonic,curve_first,6,0.4076431091291497,,,0.8481475013224421,-0.4405043921932924
WT_08__TO__SCA3_04,0.025,xyz,seed_median_curve_first,curve_first,6,0.4076431091291497,,,0.8481475013224421,-0.4405043921932924
WT_08__TO__SCA3_04,0.025,xyz,seed_median_curve_persistent,curve_first,6,0.4076431091291497,,,0.8481475013224421,-0.4405043921932924
WT_08__TO__SCA3_04,0.025,xyz,q25_seed_isotonic,curve_first,6,0.40639612571095973,,,0.8481475013224421,-0.44175137561148237
WT_08__TO__SCA3_04,0.025,xyz,median_seed_isotonic,curve_first,6,0.4065696593741165,,,0.8481475013224421,-0.4415778419483256
WT_08__TO__SCA3_04,0.025,xyz,q75_seed_isotonic,curve_first,6,0.4137832423771282,,,0.8481475013224421,-0.4343642589453139
WT_08__TO__SCA3_04,0.025,z,seed_median_curve_isotonic,curve_first,6,0.4176503330776458,,,0.8481475013224421,-0.4304971682447963
WT_08__TO__SCA3_04,0.025,z,seed_median_curve_first,curve_first,6,0.4176503330776458,,,0.8481475013224421,-0.4304971682447963
WT_08__TO__SCA3_04,0.025,z,seed_median_curve_persistent,curve_first,6,0.4176503330776458,,,0.8481475013224421,-0.4304971682447963
WT_08__TO__SCA3_04,0.025,z,q25_seed_isotonic,curve_first,6,0.4157121017826937,,,0.8481475013224421,-0.4324353995397484
WT_08__TO__SCA3_04,0.025,z,median_seed_isotonic,curve_first,6,0.4157960414116064,,,0.8481475013224421,-0.4323514599108357
WT_08__TO__SCA3_04,0.025,z,q75_seed_isotonic,curve_first,6,0.42413838622078087,,,0.8481475013224421,-0.4240091151016612
WT_08__TO__SCA3_04,0.05,xy,seed_median_curve_isotonic,curve_first,6,0.2754511333596003,,,0.8481475013224421,-0.5726963679628418
WT_08__TO__SCA3_04,0.05,xy,seed_median_curve_first,curve_first,6,0.2754511333596003,,,0.8481475013224421,-0.5726963679628418
WT_08__TO__SCA3_04,0.05,xy,seed_median_curve_persistent,curve_first,6,0.2754511333596003,,,0.8481475013224421,-0.5726963679628418
WT_08__TO__SCA3_04,0.05,xy,q25_seed_isotonic,curve_first,6,0.22854354374140867,,,0.8481475013224421,-0.6196039575810335
WT_08__TO__SCA3_04,0.05,xy,median_seed_isotonic,curve_first,6,0.2754511333596003,,,0.8481475013224421,-0.5726963679628418
WT_08__TO__SCA3_04,0.05,xy,q75_seed_isotonic,curve_first,6,0.30020978483499916,,,0.8481475013224421,-0.5479377164874429
WT_08__TO__SCA3_04,0.05,xyz,seed_median_curve_isotonic,curve_first,6,0.4116400503072584,,,0.8481475013224421,-0.4365074510151837
WT_08__TO__SCA3_04,0.05,xyz,seed_median_curve_first,curve_first,6,0.4116400503072584,,,0.8481475013224421,-0.4365074510151837
WT_08__TO__SCA3_04,0.05,xyz,seed_median_curve_persistent,curve_first,6,0.4116400503072584,,,0.8481475013224421,-0.4365074510151837
WT_08__TO__SCA3_04,0.05,xyz,q25_seed_isotonic,curve_first,6,0.41109684555361004,,,0.8481475013224421,-0.43705065576883206
WT_08__TO__SCA3_04,0.05,xyz,median_seed_isotonic,curve_first,6,0.4116400503072584,,,0.8481475013224421,-0.4365074510151837
WT_08__TO__SCA3_04,0.05,xyz,q75_seed_isotonic,curve_first,6,0.4175780767928141,,,0.8481475013224421,-0.430569424529628
WT_08__TO__SCA3_04,0.05,z,seed_median_curve_isotonic,curve_first,6,0.4231977619896534,,,0.8481475013224421,-0.4249497393327887
WT_08__TO__SCA3_04,0.05,z,seed_median_curve_first,curve_first,6,0.4231977619896534,,,0.8481475013224421,-0.4249497393327887
WT_08__TO__SCA3_04,0.05,z,seed_median_curve_persistent,curve_first,6,0.4231977619896534,,,0.8481475013224421,-0.4249497393327887
WT_08__TO__SCA3_04,0.05,z,q25_seed_isotonic,curve_first,6,0.41948944281837025,,,0.8481475013224421,-0.42865805850407185
WT_08__TO__SCA3_04,0.05,z,median_seed_isotonic,curve_first,6,0.4222883910391733,,,0.8481475013224421,-0.4258591102832688
WT_08__TO__SCA3_04,0.05,z,q75_seed_isotonic,curve_first,6,0.4314369559035012,,,0.8481475013224421,-0.4167105454189409
WT_08__TO__SCA3_06,0.0125,xy,seed_median_curve_isotonic,curve_first,1,0.4933231473520236,,,0.681034327812895,-0.18771118046087137
WT_08__TO__SCA3_06,0.0125,xy,seed_median_curve_first,curve_first,1,0.4933231473520236,,,0.681034327812895,-0.18771118046087137
WT_08__TO__SCA3_06,0.0125,xy,seed_median_curve_persistent,curve_first,1,0.5712759036806846,,,0.681034327812895,-0.10975842413221037
WT_08__TO__SCA3_06,0.0125,xy,q25_seed_isotonic,curve_first,1,0.43221667009935294,,,0.681034327812895,-0.24881765771354203
WT_08__TO__SCA3_06,0.0125,xy,median_seed_isotonic,curve_first,1,0.4538184273955377,,,0.681034327812895,-0.22721590041735729
WT_08__TO__SCA3_06,0.0125,xy,q75_seed_isotonic,curve_first,1,0.4695085378344794,,,0.681034327812895,-0.2115257899784156
WT_08__TO__SCA3_06,0.0125,xyz,seed_median_curve_isotonic,curve_first,1,0.23455206739520135,,,0.681034327812895,-0.4464822604176936
WT_08__TO__SCA3_06,0.0125,xyz,seed_median_curve_first,curve_first,1,0.18931192400730676,,,0.681034327812895,-0.4917224038055882
WT_08__TO__SCA3_06,0.0125,xyz,seed_median_curve_persistent,curve_first,1,0.24209553737159284,,,0.681034327812895,-0.43893879044130213
WT_08__TO__SCA3_06,0.0125,xyz,q25_seed_isotonic,curve_first,1,0.18335905097345434,,,0.681034327812895,-0.49767527683944063
WT_08__TO__SCA3_06,0.0125,xyz,median_seed_isotonic,curve_first,1,0.23424048485630014,,,0.681034327812895,-0.44679384295659486
WT_08__TO__SCA3_06,0.0125,xyz,q75_seed_isotonic,curve_first,1,0.243074218930196,,,0.681034327812895,-0.437960108882699
WT_08__TO__SCA3_06,0.0125,z,seed_median_curve_isotonic,curve_first,1,0.19689450126800023,,,0.681034327812895,-0.48413982654489474
WT_08__TO__SCA3_06,0.0125,z,seed_median_curve_first,curve_first,1,0.1841490917513541,,,0.681034327812895,-0.4968852360615409
WT_08__TO__SCA3_06,0.0125,z,seed_median_curve_persistent,curve_first,1,0.24154026088294767,,,0.681034327812895,-0.4394940669299473
WT_08__TO__SCA3_06,0.0125,z,q25_seed_isotonic,curve_first,1,0.177099233078443,,,0.681034327812895,-0.503935094734452
WT_08__TO__SCA3_06,0.0125,z,median_seed_isotonic,curve_first,1,0.1964338563340316,,,0.681034327812895,-0.48460047147886337
WT_08__TO__SCA3_06,0.0125,z,q75_seed_isotonic,curve_first,1,0.24091438877454838,,,0.681034327812895,-0.44011993903834656
WT_08__TO__SCA3_06,0.025,xy,seed_median_curve_isotonic,curve_first,1,0.49384231307674303,,,0.681034327812895,-0.18719201473615193
WT_08__TO__SCA3_06,0.025,xy,seed_median_curve_first,curve_first,1,0.49384231307674303,,,0.681034327812895,-0.18719201473615193
WT_08__TO__SCA3_06,0.025,xy,seed_median_curve_persistent,curve_first,1,0.5694838845429789,,,0.681034327812895,-0.11155044326991603
WT_08__TO__SCA3_06,0.025,xy,q25_seed_isotonic,curve_first,1,0.43127141606175806,,,0.681034327812895,-0.2497629117511369
WT_08__TO__SCA3_06,0.025,xy,median_seed_isotonic,curve_first,1,0.4759927997177798,,,0.681034327812895,-0.20504152809511517
WT_08__TO__SCA3_06,0.025,xy,q75_seed_isotonic,curve_first,1,0.5847751256312064,,,0.681034327812895,-0.0962592021816886
WT_08__TO__SCA3_06,0.025,xyz,seed_median_curve_isotonic,curve_first,1,0.19644110688171895,,,0.681034327812895,-0.484593220931176
WT_08__TO__SCA3_06,0.025,xyz,seed_median_curve_first,curve_first,1,0.18919708410272967,,,0.681034327812895,-0.4918372437101653
WT_08__TO__SCA3_06,0.025,xyz,seed_median_curve_persistent,curve_first,1,0.23951330300206636,,,0.681034327812895,-0.4415210248108286
WT_08__TO__SCA3_06,0.025,xyz,q25_seed_isotonic,curve_first,1,0.18421390929351766,,,0.681034327812895,-0.4968204185193773
WT_08__TO__SCA3_06,0.025,xyz,median_seed_isotonic,curve_first,1,0.1954100380155281,,,0.681034327812895,-0.4856242897973669
WT_08__TO__SCA3_06,0.025,xyz,q75_seed_isotonic,curve_first,1,0.24741774180393566,,,0.681034327812895,-0.4336165860089593
WT_08__TO__SCA3_06,0.025,z,seed_median_curve_isotonic,curve_first,1,0.23357780418338522,,,0.681034327812895,-0.4474565236295097
WT_08__TO__SCA3_06,0.025,z,seed_median_curve_first,curve_first,1,0.18673664448006844,,,0.681034327812895,-0.49429768333282653
WT_08__TO__SCA3_06,0.025,z,seed_median_curve_persistent,curve_first,1,0.2425742033791196,,,0.681034327812895,-0.43846012443377536
WT_08__TO__SCA3_06,0.025,z,q25_seed_isotonic,curve_first,1,0.17857994259681234,,,0.681034327812895,-0.5024543852160827
WT_08__TO__SCA3_06,0.025,z,median_seed_isotonic,curve_first,1,0.23350833582966954,,,0.681034327812895,-0.4475259919832254
WT_08__TO__SCA3_06,0.025,z,q75_seed_isotonic,curve_first,1,0.24296831841900865,,,0.681034327812895,-0.4380660093938863
WT_08__TO__SCA3_06,0.05,xy,seed_median_curve_isotonic,curve_first,1,0.4807864326062007,,,0.681034327812895,-0.20024789520669428
WT_08__TO__SCA3_06,0.05,xy,seed_median_curve_first,curve_first,1,0.4807864326062007,,,0.681034327812895,-0.20024789520669428
WT_08__TO__SCA3_06,0.05,xy,seed_median_curve_persistent,curve_first,1,0.4807864326062007,,,0.681034327812895,-0.20024789520669428
WT_08__TO__SCA3_06,0.05,xy,q25_seed_isotonic,curve_first,1,0.44422764954221394,,,0.681034327812895,-0.23680667827068103
WT_08__TO__SCA3_06,0.05,xy,median_seed_isotonic,curve_first,1,0.4781988329880727,,,0.681034327812895,-0.20283549482482227
WT_08__TO__SCA3_06,0.05,xy,q75_seed_isotonic,curve_first,1,0.5948817086247595,,,0.681034327812895,-0.08615261918813544
WT_08__TO__SCA3_06,0.05,xyz,seed_median_curve_isotonic,curve_first,1,0.19858710291684148,,,0.681034327812895,-0.4824472248960535
WT_08__TO__SCA3_06,0.05,xyz,seed_median_curve_first,curve_first,1,0.19083694312365818,,,0.681034327812895,-0.4901973846892368
WT_08__TO__SCA3_06,0.05,xyz,seed_median_curve_persistent,curve_first,1,0.24171117649225626,,,0.681034327812895,-0.4393231513206387
WT_08__TO__SCA3_06,0.05,xyz,q25_seed_isotonic,curve_first,1,0.18677807510498057,,,0.681034327812895,-0.4942562527079144
WT_08__TO__SCA3_06,0.05,xyz,median_seed_isotonic,curve_first,1,0.19818566552577285,,,0.681034327812895,-0.4828486622871221
WT_08__TO__SCA3_06,0.05,xyz,q75_seed_isotonic,curve_first,1,0.25234737074620134,,,0.681034327812895,-0.42868695706669363
WT_08__TO__SCA3_06,0.05,z,seed_median_curve_isotonic,curve_first,1,0.2383302916831158,,,0.681034327812895,-0.44270403612977915
WT_08__TO__SCA3_06,0.05,z,seed_median_curve_first,curve_first,1,0.19242758845621985,,,0.681034327812895,-0.4886067393566751
WT_08__TO__SCA3_06,0.05,z,seed_median_curve_persistent,curve_first,1,0.24569541262218703,,,0.681034327812895,-0.43533891519070794
WT_08__TO__SCA3_06,0.05,z,q25_seed_isotonic,curve_first,1,0.1826656247486689,,,0.681034327812895,-0.4983687030642261
WT_08__TO__SCA3_06,0.05,z,median_seed_isotonic,curve_first,1,0.2369450142978378,,,0.681034327812895,-0.4440893135150572
WT_08__TO__SCA3_06,0.05,z,q75_seed_isotonic,curve_first,1,0.24976661845306897,,,0.681034327812895,-0.431267709359826
WT_08__TO__SCA3_09,0.0125,xy,seed_median_curve_isotonic,curve_first,3,0.15948131710195818,,,0.2742650106394408,-0.11478369353748263
WT_08__TO__SCA3_09,0.0125,xy,seed_median_curve_first,curve_first,3,0.15841899597639109,,,0.2742650106394408,-0.11584601466304972
WT_08__TO__SCA3_09,0.0125,xy,seed_median_curve_persistent,curve_first,3,0.15841899597639109,,,0.2742650106394408,-0.11584601466304972
WT_08__TO__SCA3_09,0.0125,xy,q25_seed_isotonic,curve_first,3,0.09559738834083592,,,0.2742650106394408,-0.1786676222986049
WT_08__TO__SCA3_09,0.0125,xy,median_seed_isotonic,curve_first,3,0.15948131710195818,,,0.2742650106394408,-0.11478369353748263
WT_08__TO__SCA3_09,0.0125,xy,q75_seed_isotonic,curve_first,3,0.21173740886729775,,,0.2742650106394408,-0.06252760177214306
WT_08__TO__SCA3_09,0.0125,xyz,seed_median_curve_isotonic,curve_first,3,0.4547665206737376,,,0.2742650106394408,0.18050151003429676
WT_08__TO__SCA3_09,0.0125,xyz,seed_median_curve_first,curve_first,3,0.4547665206737376,,,0.2742650106394408,0.18050151003429676
WT_08__TO__SCA3_09,0.0125,xyz,seed_median_curve_persistent,curve_first,3,0.4547665206737376,,,0.2742650106394408,0.18050151003429676
WT_08__TO__SCA3_09,0.0125,xyz,q25_seed_isotonic,curve_first,3,0.43973102377292994,,,0.2742650106394408,0.16546601313348913
WT_08__TO__SCA3_09,0.0125,xyz,median_seed_isotonic,curve_first,3,0.4571633888519802,,,0.2742650106394408,0.1828983782125394
WT_08__TO__SCA3_09,0.0125,xyz,q75_seed_isotonic,curve_first,3,0.4587241466652281,,,0.2742650106394408,0.18445913602578728
WT_08__TO__SCA3_09,0.0125,z,seed_median_curve_isotonic,curve_first,3,0.4601075511604257,,,0.2742650106394408,0.18584254052098487
WT_08__TO__SCA3_09,0.0125,z,seed_median_curve_first,curve_first,3,0.4601075511604257,,,0.2742650106394408,0.18584254052098487
WT_08__TO__SCA3_09,0.0125,z,seed_median_curve_persistent,curve_first,3,0.4601075511604257,,,0.2742650106394408,0.18584254052098487
WT_08__TO__SCA3_09,0.0125,z,q25_seed_isotonic,curve_first,3,0.4554644080056959,,,0.2742650106394408,0.18119939736625507
WT_08__TO__SCA3_09,0.0125,z,median_seed_isotonic,curve_first,3,0.45745724954628,,,0.2742650106394408,0.18319223890683917
WT_08__TO__SCA3_09,0.0125,z,q75_seed_isotonic,curve_first,3,0.4660667187064391,,,0.2742650106394408,0.1918017080669983
WT_08__TO__SCA3_09,0.025,xy,seed_median_curve_isotonic,curve_first,3,0.21807085317516278,,,0.2742650106394408,-0.05619415746427803
WT_08__TO__SCA3_09,0.025,xy,seed_median_curve_first,curve_first,3,0.21807085317516278,,,0.2742650106394408,-0.05619415746427803
WT_08__TO__SCA3_09,0.025,xy,seed_median_curve_persistent,curve_first,3,0.21807085317516278,,,0.2742650106394408,-0.05619415746427803
WT_08__TO__SCA3_09,0.025,xy,q25_seed_isotonic,curve_first,3,0.13992207898345824,,,0.2742650106394408,-0.13434293165598257
WT_08__TO__SCA3_09,0.025,xy,median_seed_isotonic,curve_first,3,0.21954542239136127,,,0.2742650106394408,-0.05471958824807954
WT_08__TO__SCA3_09,0.025,xy,q75_seed_isotonic,curve_first,3,0.22720001600403453,,,0.2742650106394408,-0.04706499463540628
WT_08__TO__SCA3_09,0.025,xyz,seed_median_curve_isotonic,curve_first,3,0.45955396564843665,,,0.2742650106394408,0.18528895500899584
WT_08__TO__SCA3_09,0.025,xyz,seed_median_curve_first,curve_first,3,0.45955396564843665,,,0.2742650106394408,0.18528895500899584
WT_08__TO__SCA3_09,0.025,xyz,seed_median_curve_persistent,curve_first,3,0.45955396564843665,,,0.2742650106394408,0.18528895500899584
WT_08__TO__SCA3_09,0.025,xyz,q25_seed_isotonic,curve_first,3,0.4532452254961146,,,0.2742650106394408,0.1789802148566738
WT_08__TO__SCA3_09,0.025,xyz,median_seed_isotonic,curve_first,3,0.4614535116103458,,,0.2742650106394408,0.187188500970905
WT_08__TO__SCA3_09,0.025,xyz,q75_seed_isotonic,curve_first,3,0.4631198545929608,,,0.2742650106394408,0.18885484395351998
WT_08__TO__SCA3_09,0.025,z,seed_median_curve_isotonic,curve_first,3,0.4645310682997865,,,0.2742650106394408,0.1902660576603457
WT_08__TO__SCA3_09,0.025,z,seed_median_curve_first,curve_first,3,0.4645310682997865,,,0.2742650106394408,0.1902660576603457
WT_08__TO__SCA3_09,0.025,z,seed_median_curve_persistent,curve_first,3,0.4645310682997865,,,0.2742650106394408,0.1902660576603457
WT_08__TO__SCA3_09,0.025,z,q25_seed_isotonic,curve_first,3,0.46012188617511013,,,0.2742650106394408,0.18585687553566932
WT_08__TO__SCA3_09,0.025,z,median_seed_isotonic,curve_first,3,0.4636378726915743,,,0.2742650106394408,0.1893728620521335
WT_08__TO__SCA3_09,0.025,z,q75_seed_isotonic,curve_first,3,0.4708154549436609,,,0.2742650106394408,0.19655044430422008
WT_08__TO__SCA3_09,0.05,xy,seed_median_curve_isotonic,curve_first,3,0.19211933740660123,,,0.2742650106394408,-0.08214567323283958
WT_08__TO__SCA3_09,0.05,xy,seed_median_curve_first,curve_first,3,0.19211933740660123,,,0.2742650106394408,-0.08214567323283958
WT_08__TO__SCA3_09,0.05,xy,seed_median_curve_persistent,curve_first,3,0.19211933740660123,,,0.2742650106394408,-0.08214567323283958
WT_08__TO__SCA3_09,0.05,xy,q25_seed_isotonic,curve_first,3,0.10070823579750637,,,0.2742650106394408,-0.17355677484193444
WT_08__TO__SCA3_09,0.05,xy,median_seed_isotonic,curve_first,3,0.19221606690599596,,,0.2742650106394408,-0.08204894373344485
WT_08__TO__SCA3_09,0.05,xy,q75_seed_isotonic,curve_first,3,0.2275213619375119,,,0.2742650106394408,-0.0467436487019289
WT_08__TO__SCA3_09,0.05,xyz,seed_median_curve_isotonic,curve_first,3,0.4664173668265977,,,0.2742650106394408,0.19215235618715687
WT_08__TO__SCA3_09,0.05,xyz,seed_median_curve_first,curve_first,3,0.4664173668265977,,,0.2742650106394408,0.19215235618715687
WT_08__TO__SCA3_09,0.05,xyz,seed_median_curve_persistent,curve_first,3,0.4664173668265977,,,0.2742650106394408,0.19215235618715687
WT_08__TO__SCA3_09,0.05,xyz,q25_seed_isotonic,curve_first,3,0.4485654335474994,,,0.2742650106394408,0.17430042290805858
WT_08__TO__SCA3_09,0.05,xyz,median_seed_isotonic,curve_first,3,0.4664173668265977,,,0.2742650106394408,0.19215235618715687
WT_08__TO__SCA3_09,0.05,xyz,q75_seed_isotonic,curve_first,3,0.46971829582747454,,,0.2742650106394408,0.19545328518803373
WT_08__TO__SCA3_09,0.05,z,seed_median_curve_isotonic,curve_first,3,0.4784444945828918,,,0.2742650106394408,0.20417948394345098
WT_08__TO__SCA3_09,0.05,z,seed_median_curve_first,curve_first,3,0.4784444945828918,,,0.2742650106394408,0.20417948394345098
WT_08__TO__SCA3_09,0.05,z,seed_median_curve_persistent,curve_first,3,0.4784444945828918,,,0.2742650106394408,0.20417948394345098
WT_08__TO__SCA3_09,0.05,z,q25_seed_isotonic,curve_first,3,0.47139098953766506,,,0.2742650106394408,0.19712597889822425
WT_08__TO__SCA3_09,0.05,z,median_seed_isotonic,curve_first,3,0.4784444945828918,,,0.2742650106394408,0.20417948394345098
WT_08__TO__SCA3_09,0.05,z,q75_seed_isotonic,curve_first,3,0.48428226773515803,,,0.2742650106394408,0.21001725709571722
WT_09__TO__SCA3_01,0.0125,xy,seed_median_curve_isotonic,curve_first,12,0.8118771505494761,,,0.6402271073882175,0.17165004316125854
WT_09__TO__SCA3_01,0.0125,xy,seed_median_curve_first,curve_first,12,0.8118771505494761,,,0.6402271073882175,0.17165004316125854
WT_09__TO__SCA3_01,0.0125,xy,seed_median_curve_persistent,curve_first,12,0.8118771505494761,,,0.6402271073882175,0.17165004316125854
WT_09__TO__SCA3_01,0.0125,xy,q25_seed_isotonic,curve_first,12,0.7509913816493766,,,0.6402271073882175,0.11076427426115909
WT_09__TO__SCA3_01,0.0125,xy,median_seed_isotonic,curve_first,12,0.8118771505494761,,,0.6402271073882175,0.17165004316125854
WT_09__TO__SCA3_01,0.0125,xy,q75_seed_isotonic,curve_first,12,0.8270953595312572,,,0.6402271073882175,0.1868682521430397
WT_09__TO__SCA3_01,0.0125,xyz,seed_median_curve_isotonic,curve_first,12,0.560313260013741,,,0.6402271073882175,-0.07991384737447649
WT_09__TO__SCA3_01,0.0125,xyz,seed_median_curve_first,curve_first,12,0.560313260013741,,,0.6402271073882175,-0.07991384737447649
WT_09__TO__SCA3_01,0.0125,xyz,seed_median_curve_persistent,curve_first,12,0.560313260013741,,,0.6402271073882175,-0.07991384737447649
WT_09__TO__SCA3_01,0.0125,xyz,q25_seed_isotonic,curve_first,12,0.5600870200434381,,,0.6402271073882175,-0.0801400873447794
WT_09__TO__SCA3_01,0.0125,xyz,median_seed_isotonic,curve_first,12,0.5603102750214736,,,0.6402271073882175,-0.07991683236674396
WT_09__TO__SCA3_01,0.0125,xyz,q75_seed_isotonic,curve_first,12,0.5612663448454064,,,0.6402271073882175,-0.07896076254281115
WT_09__TO__SCA3_01,0.0125,z,seed_median_curve_isotonic,curve_first,12,0.5616602011685072,,,0.6402271073882175,-0.0785669062197103
WT_09__TO__SCA3_01,0.0125,z,seed_median_curve_first,curve_first,12,0.5616602011685072,,,0.6402271073882175,-0.0785669062197103
WT_09__TO__SCA3_01,0.0125,z,seed_median_curve_persistent,curve_first,12,0.5616602011685072,,,0.6402271073882175,-0.0785669062197103
WT_09__TO__SCA3_01,0.0125,z,q25_seed_isotonic,curve_first,12,0.5592397844673406,,,0.6402271073882175,-0.08098732292087696
WT_09__TO__SCA3_01,0.0125,z,median_seed_isotonic,curve_first,12,0.5616602011685072,,,0.6402271073882175,-0.0785669062197103
WT_09__TO__SCA3_01,0.0125,z,q75_seed_isotonic,curve_first,12,0.5626238545835305,,,0.6402271073882175,-0.07760325280468705
WT_09__TO__SCA3_01,0.025,xy,seed_median_curve_isotonic,curve_first,12,0.7771554575087031,,,0.6402271073882175,0.13692835012048554
WT_09__TO__SCA3_01,0.025,xy,seed_median_curve_first,curve_first,12,0.7771554575087031,,,0.6402271073882175,0.13692835012048554
WT_09__TO__SCA3_01,0.025,xy,seed_median_curve_persistent,curve_first,12,0.7771554575087031,,,0.6402271073882175,0.13692835012048554
WT_09__TO__SCA3_01,0.025,xy,q25_seed_isotonic,curve_first,12,0.7500445687196204,,,0.6402271073882175,0.10981746133140291
WT_09__TO__SCA3_01,0.025,xy,median_seed_isotonic,curve_first,12,0.7771554575087031,,,0.6402271073882175,0.13692835012048554
WT_09__TO__SCA3_01,0.025,xy,q75_seed_isotonic,curve_first,12,0.8152874012383646,,,0.6402271073882175,0.1750602938501471
WT_09__TO__SCA3_01,0.025,xyz,seed_median_curve_isotonic,curve_first,12,0.5661401735608247,,,0.6402271073882175,-0.07408693382739284
WT_09__TO__SCA3_01,0.025,xyz,seed_median_curve_first,curve_first,12,0.5661401735608247,,,0.6402271073882175,-0.07408693382739284
WT_09__TO__SCA3_01,0.025,xyz,seed_median_curve_persistent,curve_first,12,0.5661401735608247,,,0.6402271073882175,-0.07408693382739284
WT_09__TO__SCA3_01,0.025,xyz,q25_seed_isotonic,curve_first,12,0.5642134722786337,,,0.6402271073882175,-0.07601363510958381
WT_09__TO__SCA3_01,0.025,xyz,median_seed_isotonic,curve_first,12,0.5661340892236223,,,0.6402271073882175,-0.07409301816459524
WT_09__TO__SCA3_01,0.025,xyz,q75_seed_isotonic,curve_first,12,0.5688072077310449,,,0.6402271073882175,-0.07141989965717266
WT_09__TO__SCA3_01,0.025,z,seed_median_curve_isotonic,curve_first,12,0.5674987684128723,,,0.6402271073882175,-0.07272833897534525
WT_09__TO__SCA3_01,0.025,z,seed_median_curve_first,curve_first,12,0.5674987684128723,,,0.6402271073882175,-0.07272833897534525
WT_09__TO__SCA3_01,0.025,z,seed_median_curve_persistent,curve_first,12,0.5674987684128723,,,0.6402271073882175,-0.07272833897534525
WT_09__TO__SCA3_01,0.025,z,q25_seed_isotonic,curve_first,12,0.5662111116180696,,,0.6402271073882175,-0.07401599577014795
WT_09__TO__SCA3_01,0.025,z,median_seed_isotonic,curve_first,12,0.5674987684128723,,,0.6402271073882175,-0.07272833897534525
WT_09__TO__SCA3_01,0.025,z,q75_seed_isotonic,curve_first,12,0.5754598528507106,,,0.6402271073882175,-0.06476725453750698
WT_09__TO__SCA3_01,0.05,xy,seed_median_curve_isotonic,curve_first,12,0.7661876296042758,,,0.6402271073882175,0.12596052221605825
WT_09__TO__SCA3_01,0.05,xy,seed_median_curve_first,curve_first,12,0.7661876296042758,,,0.6402271073882175,0.12596052221605825
WT_09__TO__SCA3_01,0.05,xy,seed_median_curve_persistent,curve_first,12,0.7661876296042758,,,0.6402271073882175,0.12596052221605825
WT_09__TO__SCA3_01,0.05,xy,q25_seed_isotonic,curve_first,12,0.7012243749352376,,,0.6402271073882175,0.06099726754702006
WT_09__TO__SCA3_01,0.05,xy,median_seed_isotonic,curve_first,12,0.7661876296042758,,,0.6402271073882175,0.12596052221605825
WT_09__TO__SCA3_01,0.05,xy,q75_seed_isotonic,curve_first,12,0.8062963676827803,,,0.6402271073882175,0.16606926029456281
WT_09__TO__SCA3_01,0.05,xyz,seed_median_curve_isotonic,curve_first,12,0.5648098629693147,,,0.6402271073882175,-0.07541724441890285
WT_09__TO__SCA3_01,0.05,xyz,seed_median_curve_first,curve_first,12,0.5648098629693147,,,0.6402271073882175,-0.07541724441890285
WT_09__TO__SCA3_01,0.05,xyz,seed_median_curve_persistent,curve_first,12,0.5648098629693147,,,0.6402271073882175,-0.07541724441890285
WT_09__TO__SCA3_01,0.05,xyz,q25_seed_isotonic,curve_first,12,0.5612497948692003,,,0.6402271073882175,-0.07897731251901718
WT_09__TO__SCA3_01,0.05,xyz,median_seed_isotonic,curve_first,12,0.5648098629693147,,,0.6402271073882175,-0.07541724441890285
WT_09__TO__SCA3_01,0.05,xyz,q75_seed_isotonic,curve_first,12,0.5690588798277484,,,0.6402271073882175,-0.07116822756046914
WT_09__TO__SCA3_01,0.05,z,seed_median_curve_isotonic,curve_first,12,0.5676982395857317,,,0.6402271073882175,-0.0725288678024858
WT_09__TO__SCA3_01,0.05,z,seed_median_curve_first,curve_first,12,0.5676982395857317,,,0.6402271073882175,-0.0725288678024858
WT_09__TO__SCA3_01,0.05,z,seed_median_curve_persistent,curve_first,12,0.5676982395857317,,,0.6402271073882175,-0.0725288678024858
WT_09__TO__SCA3_01,0.05,z,q25_seed_isotonic,curve_first,12,0.565833314268966,,,0.6402271073882175,-0.07439379311925154
WT_09__TO__SCA3_01,0.05,z,median_seed_isotonic,curve_first,12,0.5676810915846466,,,0.6402271073882175,-0.0725460158035709
WT_09__TO__SCA3_01,0.05,z,q75_seed_isotonic,curve_first,12,0.5755386098450306,,,0.6402271073882175,-0.06468849754318695
WT_09__TO__SCA3_04,0.0125,xy,seed_median_curve_isotonic,curve_first,36,0.5383741442102769,,,0.6951221497733518,-0.156748005563075
WT_09__TO__SCA3_04,0.0125,xy,seed_median_curve_first,curve_first,36,0.5383741442102769,,,0.6951221497733518,-0.156748005563075
WT_09__TO__SCA3_04,0.0125,xy,seed_median_curve_persistent,curve_first,36,0.5383741442102769,,,0.6951221497733518,-0.156748005563075
WT_09__TO__SCA3_04,0.0125,xy,q25_seed_isotonic,curve_first,36,0.521900967356091,,,0.6951221497733518,-0.1732211824172608
WT_09__TO__SCA3_04,0.0125,xy,median_seed_isotonic,curve_first,36,0.5383741442102769,,,0.6951221497733518,-0.156748005563075
WT_09__TO__SCA3_04,0.0125,xy,q75_seed_isotonic,curve_first,36,0.5465015143480055,,,0.6951221497733518,-0.14862063542534631
WT_09__TO__SCA3_04,0.0125,xyz,seed_median_curve_isotonic,curve_first,36,0.3715077544200459,,,0.6951221497733518,-0.32361439535330594
WT_09__TO__SCA3_04,0.0125,xyz,seed_median_curve_first,curve_first,36,0.3715077544200459,,,0.6951221497733518,-0.32361439535330594
WT_09__TO__SCA3_04,0.0125,xyz,seed_median_curve_persistent,curve_first,36,0.3715077544200459,,,0.6951221497733518,-0.32361439535330594
WT_09__TO__SCA3_04,0.0125,xyz,q25_seed_isotonic,curve_first,36,0.3668693082637645,,,0.6951221497733518,-0.32825284150958733
WT_09__TO__SCA3_04,0.0125,xyz,median_seed_isotonic,curve_first,36,0.3713205920376665,,,0.6951221497733518,-0.32380155773568536
WT_09__TO__SCA3_04,0.0125,xyz,q75_seed_isotonic,curve_first,36,0.3737502732328369,,,0.6951221497733518,-0.32137187654051497
WT_09__TO__SCA3_04,0.0125,z,seed_median_curve_isotonic,curve_first,36,0.3937112450527934,,,0.6951221497733518,-0.3014109047205584
WT_09__TO__SCA3_04,0.0125,z,seed_median_curve_first,curve_first,36,0.3937112450527934,,,0.6951221497733518,-0.3014109047205584
WT_09__TO__SCA3_04,0.0125,z,seed_median_curve_persistent,curve_first,36,0.3937112450527934,,,0.6951221497733518,-0.3014109047205584
WT_09__TO__SCA3_04,0.0125,z,q25_seed_isotonic,curve_first,36,0.37665024544999914,,,0.6951221497733518,-0.3184719043233527
WT_09__TO__SCA3_04,0.0125,z,median_seed_isotonic,curve_first,36,0.3937112450527934,,,0.6951221497733518,-0.3014109047205584
WT_09__TO__SCA3_04,0.0125,z,q75_seed_isotonic,curve_first,36,0.39652210911270186,,,0.6951221497733518,-0.29860004066065
WT_09__TO__SCA3_04,0.025,xy,seed_median_curve_isotonic,curve_first,36,0.5439196805241999,,,0.6951221497733518,-0.15120246924915193
WT_09__TO__SCA3_04,0.025,xy,seed_median_curve_first,curve_first,36,0.5439196805241999,,,0.6951221497733518,-0.15120246924915193
WT_09__TO__SCA3_04,0.025,xy,seed_median_curve_persistent,curve_first,36,0.5439196805241999,,,0.6951221497733518,-0.15120246924915193
WT_09__TO__SCA3_04,0.025,xy,q25_seed_isotonic,curve_first,36,0.5354162499769336,,,0.6951221497733518,-0.15970589979641825
WT_09__TO__SCA3_04,0.025,xy,median_seed_isotonic,curve_first,36,0.5439196805241999,,,0.6951221497733518,-0.15120246924915193
WT_09__TO__SCA3_04,0.025,xy,q75_seed_isotonic,curve_first,36,0.5493179632490784,,,0.6951221497733518,-0.1458041865242734
WT_09__TO__SCA3_04,0.025,xyz,seed_median_curve_isotonic,curve_first,36,0.3688811919514188,,,0.6951221497733518,-0.3262409578219331
WT_09__TO__SCA3_04,0.025,xyz,seed_median_curve_first,curve_first,36,0.3688811919514188,,,0.6951221497733518,-0.3262409578219331
WT_09__TO__SCA3_04,0.025,xyz,seed_median_curve_persistent,curve_first,36,0.3688811919514188,,,0.6951221497733518,-0.3262409578219331
WT_09__TO__SCA3_04,0.025,xyz,q25_seed_isotonic,curve_first,36,0.3683309242629977,,,0.6951221497733518,-0.32679122551035417
WT_09__TO__SCA3_04,0.025,xyz,median_seed_isotonic,curve_first,36,0.36868696310094956,,,0.6951221497733518,-0.3264351866724023
WT_09__TO__SCA3_04,0.025,xyz,q75_seed_isotonic,curve_first,36,0.3719468581458408,,,0.6951221497733518,-0.3231752916275111
WT_09__TO__SCA3_04,0.025,z,seed_median_curve_isotonic,curve_first,36,0.39726251213543373,,,0.6951221497733518,-0.2978596376379181
WT_09__TO__SCA3_04,0.025,z,seed_median_curve_first,curve_first,36,0.39726251213543373,,,0.6951221497733518,-0.2978596376379181
WT_09__TO__SCA3_04,0.025,z,seed_median_curve_persistent,curve_first,36,0.39726251213543373,,,0.6951221497733518,-0.2978596376379181
WT_09__TO__SCA3_04,0.025,z,q25_seed_isotonic,curve_first,36,0.37717908819223833,,,0.6951221497733518,-0.3179430615811135
WT_09__TO__SCA3_04,0.025,z,median_seed_isotonic,curve_first,36,0.3979118331288136,,,0.6951221497733518,-0.29721031664453823
WT_09__TO__SCA3_04,0.025,z,q75_seed_isotonic,curve_first,36,0.3983002187260726,,,0.6951221497733518,-0.2968219310472793
WT_09__TO__SCA3_04,0.05,xy,seed_median_curve_isotonic,curve_first,36,0.5547335590556728,,,0.6951221497733518,-0.14038859071767906
WT_09__TO__SCA3_04,0.05,xy,seed_median_curve_first,curve_first,36,0.5547335590556728,,,0.6951221497733518,-0.14038859071767906
WT_09__TO__SCA3_04,0.05,xy,seed_median_curve_persistent,curve_first,36,0.5547335590556728,,,0.6951221497733518,-0.14038859071767906
WT_09__TO__SCA3_04,0.05,xy,q25_seed_isotonic,curve_first,36,0.5476122705718209,,,0.6951221497733518,-0.1475098792015309
WT_09__TO__SCA3_04,0.05,xy,median_seed_isotonic,curve_first,36,0.5495288823713262,,,0.6951221497733518,-0.1455932674020256
WT_09__TO__SCA3_04,0.05,xy,q75_seed_isotonic,curve_first,36,0.5599816398443982,,,0.6951221497733518,-0.13514050992895366
WT_09__TO__SCA3_04,0.05,xyz,seed_median_curve_isotonic,curve_first,36,0.36764890808901457,,,0.6951221497733518,-0.3274732416843373
WT_09__TO__SCA3_04,0.05,xyz,seed_median_curve_first,curve_first,36,0.36764890808901457,,,0.6951221497733518,-0.3274732416843373
WT_09__TO__SCA3_04,0.05,xyz,seed_median_curve_persistent,curve_first,36,0.36764890808901457,,,0.6951221497733518,-0.3274732416843373
WT_09__TO__SCA3_04,0.05,xyz,q25_seed_isotonic,curve_first,36,0.3636603946481097,,,0.6951221497733518,-0.3314617551252422
WT_09__TO__SCA3_04,0.05,xyz,median_seed_isotonic,curve_first,36,0.3679104240412662,,,0.6951221497733518,-0.3272117257320856
WT_09__TO__SCA3_04,0.05,xyz,q75_seed_isotonic,curve_first,36,0.370157015741574,,,0.6951221497733518,-0.32496513403177785
WT_09__TO__SCA3_04,0.05,z,seed_median_curve_isotonic,curve_first,36,0.39279789747128024,,,0.6951221497733518,-0.3023242523020716
WT_09__TO__SCA3_04,0.05,z,seed_median_curve_first,curve_first,36,0.39279789747128024,,,0.6951221497733518,-0.3023242523020716
WT_09__TO__SCA3_04,0.05,z,seed_median_curve_persistent,curve_first,36,0.39279789747128024,,,0.6951221497733518,-0.3023242523020716
WT_09__TO__SCA3_04,0.05,z,q25_seed_isotonic,curve_first,36,0.3775834792158169,,,0.6951221497733518,-0.31753867055753493
WT_09__TO__SCA3_04,0.05,z,median_seed_isotonic,curve_first,36,0.393927035918277,,,0.6951221497733518,-0.30119511385507486
WT_09__TO__SCA3_04,0.05,z,q75_seed_isotonic,curve_first,36,0.4007482577121211,,,0.6951221497733518,-0.29437389206123077
WT_09__TO__SCA3_06,0.0125,xy,seed_median_curve_isotonic,curve_first,6,0.9358132906597005,,,0.6958984619902797,0.23991482866942082
WT_09__TO__SCA3_06,0.0125,xy,seed_median_curve_first,curve_first,6,0.683215915612795,,,0.6958984619902797,-0.012682546377484671
WT_09__TO__SCA3_06,0.0125,xy,seed_median_curve_persistent,curve_first,6,0.9392346732618413,,,0.6958984619902797,0.24333621127156158
WT_09__TO__SCA3_06,0.0125,xy,q25_seed_isotonic,curve_first,6,0.8196336110340904,,,0.6958984619902797,0.12373514904381067
WT_09__TO__SCA3_06,0.0125,xy,median_seed_isotonic,curve_first,6,0.9386792135333217,,,0.6958984619902797,0.24278075154304202
WT_09__TO__SCA3_06,0.0125,xy,q75_seed_isotonic,curve_first,6,0.9561156038221934,,,0.6958984619902797,0.2602171418319137
WT_09__TO__SCA3_06,0.0125,xyz,seed_median_curve_isotonic,curve_first,6,0.6905458571622206,,,0.6958984619902797,-0.005352604828059104
WT_09__TO__SCA3_06,0.0125,xyz,seed_median_curve_first,curve_first,6,0.6905458571622206,,,0.6958984619902797,-0.005352604828059104
WT_09__TO__SCA3_06,0.0125,xyz,seed_median_curve_persistent,curve_first,6,0.6905458571622206,,,0.6958984619902797,-0.005352604828059104
WT_09__TO__SCA3_06,0.0125,xyz,q25_seed_isotonic,curve_first,6,0.680290688889963,,,0.6958984619902797,-0.01560777310031669
WT_09__TO__SCA3_06,0.0125,xyz,median_seed_isotonic,curve_first,6,0.6926022943724807,,,0.6958984619902797,-0.0032961676177990507
WT_09__TO__SCA3_06,0.0125,xyz,q75_seed_isotonic,curve_first,6,0.7068040378157441,,,0.6958984619902797,0.010905575825464364
WT_09__TO__SCA3_06,0.0125,z,seed_median_curve_isotonic,curve_first,6,0.561143121037381,,,0.6958984619902797,-0.13475534095289876
WT_09__TO__SCA3_06,0.0125,z,seed_median_curve_first,curve_first,6,0.561143121037381,,,0.6958984619902797,-0.13475534095289876
WT_09__TO__SCA3_06,0.0125,z,seed_median_curve_persistent,curve_first,6,0.561143121037381,,,0.6958984619902797,-0.13475534095289876
WT_09__TO__SCA3_06,0.0125,z,q25_seed_isotonic,curve_first,6,0.5369923658559723,,,0.6958984619902797,-0.1589060961343074
WT_09__TO__SCA3_06,0.0125,z,median_seed_isotonic,curve_first,6,0.5620646096014231,,,0.6958984619902797,-0.1338338523888566
WT_09__TO__SCA3_06,0.0125,z,q75_seed_isotonic,curve_first,6,0.5686708442264389,,,0.6958984619902797,-0.12722761776384084
WT_09__TO__SCA3_06,0.025,xy,seed_median_curve_isotonic,curve_first,6,0.937933249637538,,,0.6958984619902797,0.24203478764725828
WT_09__TO__SCA3_06,0.025,xy,seed_median_curve_first,curve_first,6,0.6331289488008752,,,0.6958984619902797,-0.06276951318940449
WT_09__TO__SCA3_06,0.025,xy,seed_median_curve_persistent,curve_first,6,0.9437701111319773,,,0.6958984619902797,0.24787164914169757
WT_09__TO__SCA3_06,0.025,xy,q25_seed_isotonic,curve_first,6,0.6974746472145101,,,0.6958984619902797,0.0015761852242304197
WT_09__TO__SCA3_06,0.025,xy,median_seed_isotonic,curve_first,6,0.8164670290589134,,,0.6958984619902797,0.12056856706863373
WT_09__TO__SCA3_06,0.025,xy,q75_seed_isotonic,curve_first,6,0.9389354099446318,,,0.6958984619902797,0.24303694795435205
WT_09__TO__SCA3_06,0.025,xyz,seed_median_curve_isotonic,curve_first,6,0.6889719065004695,,,0.6958984619902797,-0.006926555489810249
WT_09__TO__SCA3_06,0.025,xyz,seed_median_curve_first,curve_first,6,0.6889719065004695,,,0.6958984619902797,-0.006926555489810249
WT_09__TO__SCA3_06,0.025,xyz,seed_median_curve_persistent,curve_first,6,0.6889719065004695,,,0.6958984619902797,-0.006926555489810249
WT_09__TO__SCA3_06,0.025,xyz,q25_seed_isotonic,curve_first,6,0.6753808548665908,,,0.6958984619902797,-0.020517607123688886
WT_09__TO__SCA3_06,0.025,xyz,median_seed_isotonic,curve_first,6,0.691965753316052,,,0.6958984619902797,-0.003932708674227681
WT_09__TO__SCA3_06,0.025,xyz,q75_seed_isotonic,curve_first,6,0.7037025726911174,,,0.6958984619902797,0.007804110700837641
WT_09__TO__SCA3_06,0.025,z,seed_median_curve_isotonic,curve_first,6,0.5540801121512529,,,0.6958984619902797,-0.14181834983902686
WT_09__TO__SCA3_06,0.025,z,seed_median_curve_first,curve_first,6,0.5540801121512529,,,0.6958984619902797,-0.14181834983902686
WT_09__TO__SCA3_06,0.025,z,seed_median_curve_persistent,curve_first,6,0.5540801121512529,,,0.6958984619902797,-0.14181834983902686
WT_09__TO__SCA3_06,0.025,z,q25_seed_isotonic,curve_first,6,0.5309485503813385,,,0.6958984619902797,-0.16494991160894124
WT_09__TO__SCA3_06,0.025,z,median_seed_isotonic,curve_first,6,0.5581443671971335,,,0.6958984619902797,-0.13775409479314626
WT_09__TO__SCA3_06,0.025,z,q75_seed_isotonic,curve_first,6,0.5675220728236234,,,0.6958984619902797,-0.12837638916665628
WT_09__TO__SCA3_06,0.05,xy,seed_median_curve_isotonic,curve_first,6,0.894397921520109,,,0.6958984619902797,0.19849945952982928
WT_09__TO__SCA3_06,0.05,xy,seed_median_curve_first,curve_first,6,0.6881660642293372,,,0.6958984619902797,-0.007732397760942478
WT_09__TO__SCA3_06,0.05,xy,seed_median_curve_persistent,curve_first,6,0.6881660642293372,,,0.6958984619902797,-0.007732397760942478
WT_09__TO__SCA3_06,0.05,xy,q25_seed_isotonic,curve_first,6,0.689439729730508,,,0.6958984619902797,-0.006458732259771671
WT_09__TO__SCA3_06,0.05,xy,median_seed_isotonic,curve_first,6,0.814099180609967,,,0.6958984619902797,0.11820071861968728
WT_09__TO__SCA3_06,0.05,xy,q75_seed_isotonic,curve_first,6,0.9642148248862886,,,0.6958984619902797,0.2683163628960089
WT_09__TO__SCA3_06,0.05,xyz,seed_median_curve_isotonic,curve_first,6,0.684760994250687,,,0.6958984619902797,-0.011137467739592677
WT_09__TO__SCA3_06,0.05,xyz,seed_median_curve_first,curve_first,6,0.684760994250687,,,0.6958984619902797,-0.011137467739592677
WT_09__TO__SCA3_06,0.05,xyz,seed_median_curve_persistent,curve_first,6,0.684760994250687,,,0.6958984619902797,-0.011137467739592677
WT_09__TO__SCA3_06,0.05,xyz,q25_seed_isotonic,curve_first,6,0.6758868347761446,,,0.6958984619902797,-0.020011627214135075
WT_09__TO__SCA3_06,0.05,xyz,median_seed_isotonic,curve_first,6,0.690294954431203,,,0.6958984619902797,-0.005603507559076681
WT_09__TO__SCA3_06,0.05,xyz,q75_seed_isotonic,curve_first,6,0.7056133445372913,,,0.6958984619902797,0.009714882547011583
WT_09__TO__SCA3_06,0.05,z,seed_median_curve_isotonic,curve_first,6,0.5389559035838064,,,0.6958984619902797,-0.1569425584064733
WT_09__TO__SCA3_06,0.05,z,seed_median_curve_first,curve_first,6,0.5389559035838064,,,0.6958984619902797,-0.1569425584064733
WT_09__TO__SCA3_06,0.05,z,seed_median_curve_persistent,curve_first,6,0.5389559035838064,,,0.6958984619902797,-0.1569425584064733
WT_09__TO__SCA3_06,0.05,z,q25_seed_isotonic,curve_first,6,0.49672159770847696,,,0.6958984619902797,-0.19917686428180276
WT_09__TO__SCA3_06,0.05,z,median_seed_isotonic,curve_first,6,0.5276554074232265,,,0.6958984619902797,-0.16824305456705324
WT_09__TO__SCA3_06,0.05,z,q75_seed_isotonic,curve_first,6,0.5577757388480109,,,0.6958984619902797,-0.1381227231422688
WT_09__TO__SCA3_09,0.0125,xy,seed_median_curve_isotonic,curve_first,18,0.47071400618739645,,,0.602500475665959,-0.13178646947856254
WT_09__TO__SCA3_09,0.0125,xy,seed_median_curve_first,curve_first,18,0.47071400618739645,,,0.602500475665959,-0.13178646947856254
WT_09__TO__SCA3_09,0.0125,xy,seed_median_curve_persistent,curve_first,18,0.47071400618739645,,,0.602500475665959,-0.13178646947856254
WT_09__TO__SCA3_09,0.0125,xy,q25_seed_isotonic,curve_first,18,0.408853745999775,,,0.602500475665959,-0.19364672966618401
WT_09__TO__SCA3_09,0.0125,xy,median_seed_isotonic,curve_first,18,0.47333470339483674,,,0.602500475665959,-0.12916577227112225
WT_09__TO__SCA3_09,0.0125,xy,q75_seed_isotonic,curve_first,18,0.4761671390791475,,,0.602500475665959,-0.1263333365868115
WT_09__TO__SCA3_09,0.0125,xyz,seed_median_curve_isotonic,curve_first,18,0.24628950372515637,,,0.602500475665959,-0.35621097194080265
WT_09__TO__SCA3_09,0.0125,xyz,seed_median_curve_first,curve_first,18,0.24628950372515637,,,0.602500475665959,-0.35621097194080265
WT_09__TO__SCA3_09,0.0125,xyz,seed_median_curve_persistent,curve_first,18,0.24628950372515637,,,0.602500475665959,-0.35621097194080265
WT_09__TO__SCA3_09,0.0125,xyz,q25_seed_isotonic,curve_first,18,0.24176940268438976,,,0.602500475665959,-0.36073107298156926
WT_09__TO__SCA3_09,0.0125,xyz,median_seed_isotonic,curve_first,18,0.24572187343906987,,,0.602500475665959,-0.3567786022268891
WT_09__TO__SCA3_09,0.0125,xyz,q75_seed_isotonic,curve_first,18,0.24771437036552915,,,0.602500475665959,-0.35478610530042987
WT_09__TO__SCA3_09,0.0125,z,seed_median_curve_isotonic,curve_first,18,0.25208923030502195,,,0.602500475665959,-0.35041124536093704
WT_09__TO__SCA3_09,0.0125,z,seed_median_curve_first,curve_first,18,0.25208923030502195,,,0.602500475665959,-0.35041124536093704
WT_09__TO__SCA3_09,0.0125,z,seed_median_curve_persistent,curve_first,18,0.25208923030502195,,,0.602500475665959,-0.35041124536093704
WT_09__TO__SCA3_09,0.0125,z,q25_seed_isotonic,curve_first,18,0.24721833654597616,,,0.602500475665959,-0.35528213911998285
WT_09__TO__SCA3_09,0.0125,z,median_seed_isotonic,curve_first,18,0.25208923030502195,,,0.602500475665959,-0.35041124536093704
WT_09__TO__SCA3_09,0.0125,z,q75_seed_isotonic,curve_first,18,0.2534980183550942,,,0.602500475665959,-0.34900245731086477
WT_09__TO__SCA3_09,0.025,xy,seed_median_curve_isotonic,curve_first,18,0.47110395680526673,,,0.602500475665959,-0.13139651886069226
WT_09__TO__SCA3_09,0.025,xy,seed_median_curve_first,curve_first,18,0.47110395680526673,,,0.602500475665959,-0.13139651886069226
WT_09__TO__SCA3_09,0.025,xy,seed_median_curve_persistent,curve_first,18,0.47110395680526673,,,0.602500475665959,-0.13139651886069226
WT_09__TO__SCA3_09,0.025,xy,q25_seed_isotonic,curve_first,18,0.4117651231322315,,,0.602500475665959,-0.19073535253372748
WT_09__TO__SCA3_09,0.025,xy,median_seed_isotonic,curve_first,18,0.4727141166211395,,,0.602500475665959,-0.1297863590448195
WT_09__TO__SCA3_09,0.025,xy,q75_seed_isotonic,curve_first,18,0.4779388786374541,,,0.602500475665959,-0.12456159702850489
WT_09__TO__SCA3_09,0.025,xyz,seed_median_curve_isotonic,curve_first,18,0.24870058261783806,,,0.602500475665959,-0.35379989304812093
WT_09__TO__SCA3_09,0.025,xyz,seed_median_curve_first,curve_first,18,0.24870058261783806,,,0.602500475665959,-0.35379989304812093
WT_09__TO__SCA3_09,0.025,xyz,seed_median_curve_persistent,curve_first,18,0.24870058261783806,,,0.602500475665959,-0.35379989304812093
WT_09__TO__SCA3_09,0.025,xyz,q25_seed_isotonic,curve_first,18,0.24387233905461994,,,0.602500475665959,-0.3586281366113391
WT_09__TO__SCA3_09,0.025,xyz,median_seed_isotonic,curve_first,18,0.24728923571339045,,,0.602500475665959,-0.35521123995256854
WT_09__TO__SCA3_09,0.025,xyz,q75_seed_isotonic,curve_first,18,0.24870058261783806,,,0.602500475665959,-0.35379989304812093
WT_09__TO__SCA3_09,0.025,z,seed_median_curve_isotonic,curve_first,18,0.25243150633027356,,,0.602500475665959,-0.35006896933568543
WT_09__TO__SCA3_09,0.025,z,seed_median_curve_first,curve_first,18,0.25243150633027356,,,0.602500475665959,-0.35006896933568543
WT_09__TO__SCA3_09,0.025,z,seed_median_curve_persistent,curve_first,18,0.25243150633027356,,,0.602500475665959,-0.35006896933568543
WT_09__TO__SCA3_09,0.025,z,q25_seed_isotonic,curve_first,18,0.247560066409668,,,0.602500475665959,-0.354940409256291
WT_09__TO__SCA3_09,0.025,z,median_seed_isotonic,curve_first,18,0.2514758562931011,,,0.602500475665959,-0.3510246193728579
WT_09__TO__SCA3_09,0.025,z,q75_seed_isotonic,curve_first,18,0.25606786573435975,,,0.602500475665959,-0.34643260993159924
WT_09__TO__SCA3_09,0.05,xy,seed_median_curve_isotonic,curve_first,18,0.4819127662730779,,,0.602500475665959,-0.1205877093928811
WT_09__TO__SCA3_09,0.05,xy,seed_median_curve_first,curve_first,18,0.4819127662730779,,,0.602500475665959,-0.1205877093928811
WT_09__TO__SCA3_09,0.05,xy,seed_median_curve_persistent,curve_first,18,0.4819127662730779,,,0.602500475665959,-0.1205877093928811
WT_09__TO__SCA3_09,0.05,xy,q25_seed_isotonic,curve_first,18,0.41416960701594074,,,0.602500475665959,-0.18833086865001825
WT_09__TO__SCA3_09,0.05,xy,median_seed_isotonic,curve_first,18,0.48333185947518426,,,0.602500475665959,-0.11916861619077473
WT_09__TO__SCA3_09,0.05,xy,q75_seed_isotonic,curve_first,18,0.48745868856214647,,,0.602500475665959,-0.11504178710381252
WT_09__TO__SCA3_09,0.05,xyz,seed_median_curve_isotonic,curve_first,18,0.25097623293267635,,,0.602500475665959,-0.35152424273328264
WT_09__TO__SCA3_09,0.05,xyz,seed_median_curve_first,curve_first,18,0.25097623293267635,,,0.602500475665959,-0.35152424273328264
WT_09__TO__SCA3_09,0.05,xyz,seed_median_curve_persistent,curve_first,18,0.25097623293267635,,,0.602500475665959,-0.35152424273328264
WT_09__TO__SCA3_09,0.05,xyz,q25_seed_isotonic,curve_first,18,0.2468201997587365,,,0.602500475665959,-0.3556802759072225
WT_09__TO__SCA3_09,0.05,xyz,median_seed_isotonic,curve_first,18,0.247312012873713,,,0.602500475665959,-0.35518846279224603
WT_09__TO__SCA3_09,0.05,xyz,q75_seed_isotonic,curve_first,18,0.25210590808717936,,,0.602500475665959,-0.3503945675787796
WT_09__TO__SCA3_09,0.05,z,seed_median_curve_isotonic,curve_first,18,0.25355626847620283,,,0.602500475665959,-0.34894420718975616
WT_09__TO__SCA3_09,0.05,z,seed_median_curve_first,curve_first,18,0.25355626847620283,,,0.602500475665959,-0.34894420718975616
WT_09__TO__SCA3_09,0.05,z,seed_median_curve_persistent,curve_first,18,0.25355626847620283,,,0.602500475665959,-0.34894420718975616
WT_09__TO__SCA3_09,0.05,z,q25_seed_isotonic,curve_first,18,0.25016025229333083,,,0.602500475665959,-0.35234022337262816
WT_09__TO__SCA3_09,0.05,z,median_seed_isotonic,curve_first,18,0.2504056134422536,,,0.602500475665959,-0.3520948622237054
WT_09__TO__SCA3_09,0.05,z,q75_seed_isotonic,curve_first,18,0.25358396446024445,,,0.602500475665959,-0.34891651120571454
WT_10__TO__SCA3_01,0.0125,xy,seed_median_curve_isotonic,curve_first,2,0.524411478228301,,,0.6741142935210022,-0.14970281529270113
WT_10__TO__SCA3_01,0.0125,xy,seed_median_curve_first,curve_first,2,0.524411478228301,,,0.6741142935210022,-0.14970281529270113
WT_10__TO__SCA3_01,0.0125,xy,seed_median_curve_persistent,curve_first,2,0.524411478228301,,,0.6741142935210022,-0.14970281529270113
WT_10__TO__SCA3_01,0.0125,xy,q25_seed_isotonic,curve_first,2,0.5173562282975976,,,0.6741142935210022,-0.15675806522340452
WT_10__TO__SCA3_01,0.0125,xy,median_seed_isotonic,curve_first,2,0.524411478228301,,,0.6741142935210022,-0.14970281529270113
WT_10__TO__SCA3_01,0.0125,xy,q75_seed_isotonic,curve_first,2,0.5364426198043393,,,0.6741142935210022,-0.1376716737166629
WT_10__TO__SCA3_01,0.0125,xyz,seed_median_curve_isotonic,curve_first,2,0.6661294480199587,,,0.6741142935210022,-0.007984845501043503
WT_10__TO__SCA3_01,0.0125,xyz,seed_median_curve_first,curve_first,2,0.6661294480199587,,,0.6741142935210022,-0.007984845501043503
WT_10__TO__SCA3_01,0.0125,xyz,seed_median_curve_persistent,curve_first,2,0.6661294480199587,,,0.6741142935210022,-0.007984845501043503
WT_10__TO__SCA3_01,0.0125,xyz,q25_seed_isotonic,curve_first,2,0.664329450226355,,,0.6741142935210022,-0.009784843294647128
WT_10__TO__SCA3_01,0.0125,xyz,median_seed_isotonic,curve_first,2,0.6660924714754065,,,0.6741142935210022,-0.00802182204559565
WT_10__TO__SCA3_01,0.0125,xyz,q75_seed_isotonic,curve_first,2,0.6665907521101202,,,0.6741142935210022,-0.007523541410881962
WT_10__TO__SCA3_01,0.0125,z,seed_median_curve_isotonic,curve_first,2,0.7400553879624543,,,0.6741142935210022,0.06594109444145213
WT_10__TO__SCA3_01,0.0125,z,seed_median_curve_first,curve_first,2,0.7400553879624543,,,0.6741142935210022,0.06594109444145213
WT_10__TO__SCA3_01,0.0125,z,seed_median_curve_persistent,curve_first,2,0.7400553879624543,,,0.6741142935210022,0.06594109444145213
WT_10__TO__SCA3_01,0.0125,z,q25_seed_isotonic,curve_first,2,0.73990711296658,,,0.6741142935210022,0.0657928194455778
WT_10__TO__SCA3_01,0.0125,z,median_seed_isotonic,curve_first,2,0.7406443063804957,,,0.6741142935210022,0.06653001285949356
WT_10__TO__SCA3_01,0.0125,z,q75_seed_isotonic,curve_first,2,0.7434466715528927,,,0.6741142935210022,0.06933237803189052
WT_10__TO__SCA3_01,0.025,xy,seed_median_curve_isotonic,curve_first,2,0.5199995733073612,,,0.6741142935210022,-0.15411472021364092
WT_10__TO__SCA3_01,0.025,xy,seed_median_curve_first,curve_first,2,0.5199995733073612,,,0.6741142935210022,-0.15411472021364092
WT_10__TO__SCA3_01,0.025,xy,seed_median_curve_persistent,curve_first,2,0.5199995733073612,,,0.6741142935210022,-0.15411472021364092
WT_10__TO__SCA3_01,0.025,xy,q25_seed_isotonic,curve_first,2,0.5134249235117121,,,0.6741142935210022,-0.16068937000929007
WT_10__TO__SCA3_01,0.025,xy,median_seed_isotonic,curve_first,2,0.5191942230777616,,,0.6741142935210022,-0.15492007044324052
WT_10__TO__SCA3_01,0.025,xy,q75_seed_isotonic,curve_first,2,0.5718465438627407,,,0.6741142935210022,-0.10226774965826146
WT_10__TO__SCA3_01,0.025,xyz,seed_median_curve_isotonic,curve_first,2,0.6666491051857593,,,0.6741142935210022,-0.0074651883352429005
WT_10__TO__SCA3_01,0.025,xyz,seed_median_curve_first,curve_first,2,0.6666491051857593,,,0.6741142935210022,-0.0074651883352429005
WT_10__TO__SCA3_01,0.025,xyz,seed_median_curve_persistent,curve_first,2,0.6666491051857593,,,0.6741142935210022,-0.0074651883352429005
WT_10__TO__SCA3_01,0.025,xyz,q25_seed_isotonic,curve_first,2,0.6658987979885845,,,0.6741142935210022,-0.008215495532417627
WT_10__TO__SCA3_01,0.025,xyz,median_seed_isotonic,curve_first,2,0.6666477186972473,,,0.6741142935210022,-0.007466574823754901
WT_10__TO__SCA3_01,0.025,xyz,q75_seed_isotonic,curve_first,2,0.6705115441291721,,,0.6741142935210022,-0.003602749391830029
WT_10__TO__SCA3_01,0.025,z,seed_median_curve_isotonic,curve_first,2,0.7435670756241402,,,0.6741142935210022,0.06945278210313799
WT_10__TO__SCA3_01,0.025,z,seed_median_curve_first,curve_first,2,0.7435670756241402,,,0.6741142935210022,0.06945278210313799
WT_10__TO__SCA3_01,0.025,z,seed_median_curve_persistent,curve_first,2,0.7435670756241402,,,0.6741142935210022,0.06945278210313799
WT_10__TO__SCA3_01,0.025,z,q25_seed_isotonic,curve_first,2,0.7373854659581727,,,0.6741142935210022,0.06327117243717051
WT_10__TO__SCA3_01,0.025,z,median_seed_isotonic,curve_first,2,0.7435670756241402,,,0.6741142935210022,0.06945278210313799
WT_10__TO__SCA3_01,0.025,z,q75_seed_isotonic,curve_first,2,0.7466199084204895,,,0.6741142935210022,0.07250561489948737
WT_10__TO__SCA3_01,0.05,xy,seed_median_curve_isotonic,curve_first,2,0.5076125251913707,,,0.6741142935210022,-0.16650176832963148
WT_10__TO__SCA3_01,0.05,xy,seed_median_curve_first,curve_first,2,0.5076125251913707,,,0.6741142935210022,-0.16650176832963148
WT_10__TO__SCA3_01,0.05,xy,seed_median_curve_persistent,curve_first,2,0.5076125251913707,,,0.6741142935210022,-0.16650176832963148
WT_10__TO__SCA3_01,0.05,xy,q25_seed_isotonic,curve_first,2,0.5044775140677229,,,0.6741142935210022,-0.16963677945327926
WT_10__TO__SCA3_01,0.05,xy,median_seed_isotonic,curve_first,2,0.5076125251913707,,,0.6741142935210022,-0.16650176832963148
WT_10__TO__SCA3_01,0.05,xy,q75_seed_isotonic,curve_first,2,0.5202280141816523,,,0.6741142935210022,-0.15388627933934984
WT_10__TO__SCA3_01,0.05,xyz,seed_median_curve_isotonic,curve_first,2,0.6737557856257896,,,0.6741142935210022,-0.00035850789521252313
WT_10__TO__SCA3_01,0.05,xyz,seed_median_curve_first,curve_first,2,0.6737557856257896,,,0.6741142935210022,-0.00035850789521252313
WT_10__TO__SCA3_01,0.05,xyz,seed_median_curve_persistent,curve_first,2,0.6737557856257896,,,0.6741142935210022,-0.00035850789521252313
WT_10__TO__SCA3_01,0.05,xyz,q25_seed_isotonic,curve_first,2,0.6728708475296027,,,0.6741142935210022,-0.0012434459913994722
WT_10__TO__SCA3_01,0.05,xyz,median_seed_isotonic,curve_first,2,0.674467034733435,,,0.6741142935210022,0.00035274121243278334
WT_10__TO__SCA3_01,0.05,xyz,q75_seed_isotonic,curve_first,2,0.6746349777212607,,,0.6741142935210022,0.0005206842002585255
WT_10__TO__SCA3_01,0.05,z,seed_median_curve_isotonic,curve_first,2,0.7422177379109787,,,0.6741142935210022,0.06810344438997651
WT_10__TO__SCA3_01,0.05,z,seed_median_curve_first,curve_first,2,0.7422177379109787,,,0.6741142935210022,0.06810344438997651
WT_10__TO__SCA3_01,0.05,z,seed_median_curve_persistent,curve_first,2,0.7422177379109787,,,0.6741142935210022,0.06810344438997651
WT_10__TO__SCA3_01,0.05,z,q25_seed_isotonic,curve_first,2,0.7392775237383785,,,0.6741142935210022,0.06516323021737636
WT_10__TO__SCA3_01,0.05,z,median_seed_isotonic,curve_first,2,0.7414111746660639,,,0.6741142935210022,0.06729688114506172
WT_10__TO__SCA3_01,0.05,z,q75_seed_isotonic,curve_first,2,0.7450622169875383,,,0.6741142935210022,0.07094792346653611
WT_10__TO__SCA3_04,0.0125,xy,seed_median_curve_isotonic,curve_first,6,0.15232633635139745,,,0.3176912565606329,-0.16536492020923546
WT_10__TO__SCA3_04,0.0125,xy,seed_median_curve_first,curve_first,6,0.15232633635139745,,,0.3176912565606329,-0.16536492020923546
WT_10__TO__SCA3_04,0.0125,xy,seed_median_curve_persistent,curve_first,6,0.15232633635139745,,,0.3176912565606329,-0.16536492020923546
WT_10__TO__SCA3_04,0.0125,xy,q25_seed_isotonic,curve_first,6,0.14816140095754357,,,0.3176912565606329,-0.16952985560308934
WT_10__TO__SCA3_04,0.0125,xy,median_seed_isotonic,curve_first,6,0.15232633635139745,,,0.3176912565606329,-0.16536492020923546
WT_10__TO__SCA3_04,0.0125,xy,q75_seed_isotonic,curve_first,6,0.1564944557027753,,,0.3176912565606329,-0.16119680085785762
WT_10__TO__SCA3_04,0.0125,xyz,seed_median_curve_isotonic,curve_first,6,0.30445719071266975,,,0.3176912565606329,-0.013234065847963161
WT_10__TO__SCA3_04,0.0125,xyz,seed_median_curve_first,curve_first,6,0.30445719071266975,,,0.3176912565606329,-0.013234065847963161
WT_10__TO__SCA3_04,0.0125,xyz,seed_median_curve_persistent,curve_first,6,0.30445719071266975,,,0.3176912565606329,-0.013234065847963161
WT_10__TO__SCA3_04,0.0125,xyz,q25_seed_isotonic,curve_first,6,0.30420863615180943,,,0.3176912565606329,-0.013482620408823476
WT_10__TO__SCA3_04,0.0125,xyz,median_seed_isotonic,curve_first,6,0.30445719071266975,,,0.3176912565606329,-0.013234065847963161
WT_10__TO__SCA3_04,0.0125,xyz,q75_seed_isotonic,curve_first,6,0.30992693604215255,,,0.3176912565606329,-0.007764320518480361
WT_10__TO__SCA3_04,0.0125,z,seed_median_curve_isotonic,curve_first,6,0.33298480086592375,,,0.3176912565606329,0.01529354430529084
WT_10__TO__SCA3_04,0.0125,z,seed_median_curve_first,curve_first,6,0.33298480086592375,,,0.3176912565606329,0.01529354430529084
WT_10__TO__SCA3_04,0.0125,z,seed_median_curve_persistent,curve_first,6,0.33298480086592375,,,0.3176912565606329,0.01529354430529084
WT_10__TO__SCA3_04,0.0125,z,q25_seed_isotonic,curve_first,6,0.3316341913421152,,,0.3176912565606329,0.013942934781482286
WT_10__TO__SCA3_04,0.0125,z,median_seed_isotonic,curve_first,6,0.3329476438647008,,,0.3176912565606329,0.01525638730406792
WT_10__TO__SCA3_04,0.0125,z,q75_seed_isotonic,curve_first,6,0.33331804086797673,,,0.3176912565606329,0.01562678430734382
WT_10__TO__SCA3_04,0.025,xy,seed_median_curve_isotonic,curve_first,6,0.1607534820601402,,,0.3176912565606329,-0.1569377745004927
WT_10__TO__SCA3_04,0.025,xy,seed_median_curve_first,curve_first,6,0.1607534820601402,,,0.3176912565606329,-0.1569377745004927
WT_10__TO__SCA3_04,0.025,xy,seed_median_curve_persistent,curve_first,6,0.1607534820601402,,,0.3176912565606329,-0.1569377745004927
WT_10__TO__SCA3_04,0.025,xy,q25_seed_isotonic,curve_first,6,0.1579384281398166,,,0.3176912565606329,-0.1597528284208163
WT_10__TO__SCA3_04,0.025,xy,median_seed_isotonic,curve_first,6,0.16044139950654668,,,0.3176912565606329,-0.15724985705408623
WT_10__TO__SCA3_04,0.025,xy,q75_seed_isotonic,curve_first,6,0.16095538560990208,,,0.3176912565606329,-0.15673587095073083
WT_10__TO__SCA3_04,0.025,xyz,seed_median_curve_isotonic,curve_first,6,0.30846698819087204,,,0.3176912565606329,-0.009224268369760869
WT_10__TO__SCA3_04,0.025,xyz,seed_median_curve_first,curve_first,6,0.30846698819087204,,,0.3176912565606329,-0.009224268369760869
WT_10__TO__SCA3_04,0.025,xyz,seed_median_curve_persistent,curve_first,6,0.30846698819087204,,,0.3176912565606329,-0.009224268369760869
WT_10__TO__SCA3_04,0.025,xyz,q25_seed_isotonic,curve_first,6,0.3060585122372673,,,0.3176912565606329,-0.011632744323365585
WT_10__TO__SCA3_04,0.025,xyz,median_seed_isotonic,curve_first,6,0.3085156696543603,,,0.3176912565606329,-0.009175586906272626
WT_10__TO__SCA3_04,0.025,xyz,q75_seed_isotonic,curve_first,6,0.3089525396951494,,,0.3176912565606329,-0.008738716865483498
WT_10__TO__SCA3_04,0.025,z,seed_median_curve_isotonic,curve_first,6,0.33321464876950724,,,0.3176912565606329,0.015523392208874331
WT_10__TO__SCA3_04,0.025,z,seed_median_curve_first,curve_first,6,0.33321464876950724,,,0.3176912565606329,0.015523392208874331
WT_10__TO__SCA3_04,0.025,z,seed_median_curve_persistent,curve_first,6,0.33321464876950724,,,0.3176912565606329,0.015523392208874331
WT_10__TO__SCA3_04,0.025,z,q25_seed_isotonic,curve_first,6,0.33314915867619566,,,0.3176912565606329,0.01545790211556275
WT_10__TO__SCA3_04,0.025,z,median_seed_isotonic,curve_first,6,0.3332263503834646,,,0.3176912565606329,0.015535093822831691
WT_10__TO__SCA3_04,0.025,z,q75_seed_isotonic,curve_first,6,0.3382787337760084,,,0.3176912565606329,0.020587477215375516
WT_10__TO__SCA3_04,0.05,xy,seed_median_curve_isotonic,curve_first,6,0.17638043494306152,,,0.3176912565606329,-0.14131082161757139
WT_10__TO__SCA3_04,0.05,xy,seed_median_curve_first,curve_first,6,0.17638043494306152,,,0.3176912565606329,-0.14131082161757139
WT_10__TO__SCA3_04,0.05,xy,seed_median_curve_persistent,curve_first,6,0.17638043494306152,,,0.3176912565606329,-0.14131082161757139
WT_10__TO__SCA3_04,0.05,xy,q25_seed_isotonic,curve_first,6,0.1742014387343742,,,0.3176912565606329,-0.14348981782625872
WT_10__TO__SCA3_04,0.05,xy,median_seed_isotonic,curve_first,6,0.17638043494306152,,,0.3176912565606329,-0.14131082161757139
WT_10__TO__SCA3_04,0.05,xy,q75_seed_isotonic,curve_first,6,0.1824090704625383,,,0.3176912565606329,-0.13528218609809461
WT_10__TO__SCA3_04,0.05,xyz,seed_median_curve_isotonic,curve_first,6,0.3133280584662255,,,0.3176912565606329,-0.004363198094407383
WT_10__TO__SCA3_04,0.05,xyz,seed_median_curve_first,curve_first,6,0.3133280584662255,,,0.3176912565606329,-0.004363198094407383
WT_10__TO__SCA3_04,0.05,xyz,seed_median_curve_persistent,curve_first,6,0.3133280584662255,,,0.3176912565606329,-0.004363198094407383
WT_10__TO__SCA3_04,0.05,xyz,q25_seed_isotonic,curve_first,6,0.31106813575110587,,,0.3176912565606329,-0.006623120809527039
WT_10__TO__SCA3_04,0.05,xyz,median_seed_isotonic,curve_first,6,0.3133280584662255,,,0.3176912565606329,-0.004363198094407383
WT_10__TO__SCA3_04,0.05,xyz,q75_seed_isotonic,curve_first,6,0.31629630749608895,,,0.3176912565606329,-0.00139494906454396
WT_10__TO__SCA3_04,0.05,z,seed_median_curve_isotonic,curve_first,6,0.33416526669119956,,,0.3176912565606329,0.016474010130566652
WT_10__TO__SCA3_04,0.05,z,seed_median_curve_first,curve_first,6,0.33416526669119956,,,0.3176912565606329,0.016474010130566652
WT_10__TO__SCA3_04,0.05,z,seed_median_curve_persistent,curve_first,6,0.33416526669119956,,,0.3176912565606329,0.016474010130566652
WT_10__TO__SCA3_04,0.05,z,q25_seed_isotonic,curve_first,6,0.3332819180515692,,,0.3176912565606329,0.015590661490936297
WT_10__TO__SCA3_04,0.05,z,median_seed_isotonic,curve_first,6,0.33423255034373867,,,0.3176912565606329,0.01654129378310576
WT_10__TO__SCA3_04,0.05,z,q75_seed_isotonic,curve_first,6,0.3342553495914669,,,0.3176912565606329,0.016564093030834004
WT_10__TO__SCA3_06,0.0125,xy,seed_median_curve_isotonic,curve_first,1,0.5050283855304594,,,0.7598531309478366,-0.2548247454173772
WT_10__TO__SCA3_06,0.0125,xy,seed_median_curve_first,curve_first,1,0.5050283855304594,,,0.7598531309478366,-0.2548247454173772
WT_10__TO__SCA3_06,0.0125,xy,seed_median_curve_persistent,curve_first,1,0.5050283855304594,,,0.7598531309478366,-0.2548247454173772
WT_10__TO__SCA3_06,0.0125,xy,q25_seed_isotonic,curve_first,1,0.4126247527120648,,,0.7598531309478366,-0.3472283782357718
WT_10__TO__SCA3_06,0.0125,xy,median_seed_isotonic,curve_first,1,0.5050283855304594,,,0.7598531309478366,-0.2548247454173772
WT_10__TO__SCA3_06,0.0125,xy,q75_seed_isotonic,curve_first,1,0.7462601145603216,,,0.7598531309478366,-0.013593016387514978
WT_10__TO__SCA3_06,0.0125,xyz,seed_median_curve_isotonic,curve_first,1,0.7418468105330014,,,0.7598531309478366,-0.018006320414835186
WT_10__TO__SCA3_06,0.0125,xyz,seed_median_curve_first,curve_first,1,0.7438028877279748,,,0.7598531309478366,-0.016050243219861815
WT_10__TO__SCA3_06,0.0125,xyz,seed_median_curve_persistent,curve_first,1,0.7438028877279748,,,0.7598531309478366,-0.016050243219861815
WT_10__TO__SCA3_06,0.0125,xyz,q25_seed_isotonic,curve_first,1,0.5749982244744976,,,0.7598531309478366,-0.18485490647333902
WT_10__TO__SCA3_06,0.0125,xyz,median_seed_isotonic,curve_first,1,0.7446153676506455,,,0.7598531309478366,-0.015237763297191065
WT_10__TO__SCA3_06,0.0125,xyz,q75_seed_isotonic,curve_first,1,0.871523876370993,,,0.7598531309478366,0.11167074542315647
WT_10__TO__SCA3_06,0.0125,z,seed_median_curve_isotonic,curve_first,1,0.9415622312230478,,,0.7598531309478366,0.18170910027521125
WT_10__TO__SCA3_06,0.0125,z,seed_median_curve_first,curve_first,1,0.9415622312230478,,,0.7598531309478366,0.18170910027521125
WT_10__TO__SCA3_06,0.0125,z,seed_median_curve_persistent,curve_first,1,0.9415622312230478,,,0.7598531309478366,0.18170910027521125
WT_10__TO__SCA3_06,0.0125,z,q25_seed_isotonic,curve_first,1,0.784620002454119,,,0.7598531309478366,0.02476687150628243
WT_10__TO__SCA3_06,0.0125,z,median_seed_isotonic,curve_first,1,0.9398539534905058,,,0.7598531309478366,0.18000082254266925
WT_10__TO__SCA3_06,0.0125,z,q75_seed_isotonic,curve_first,1,0.9738819907091602,,,0.7598531309478366,0.21402885976132358
WT_10__TO__SCA3_06,0.025,xy,seed_median_curve_isotonic,curve_first,1,0.5321834230482725,,,0.7598531309478366,-0.2276697078995641
WT_10__TO__SCA3_06,0.025,xy,seed_median_curve_first,curve_first,1,0.5321834230482725,,,0.7598531309478366,-0.2276697078995641
WT_10__TO__SCA3_06,0.025,xy,seed_median_curve_persistent,curve_first,1,0.5321834230482725,,,0.7598531309478366,-0.2276697078995641
WT_10__TO__SCA3_06,0.025,xy,q25_seed_isotonic,curve_first,1,0.4212410489828191,,,0.7598531309478366,-0.33861208196501746
WT_10__TO__SCA3_06,0.025,xy,median_seed_isotonic,curve_first,1,0.5321834230482725,,,0.7598531309478366,-0.2276697078995641
WT_10__TO__SCA3_06,0.025,xy,q75_seed_isotonic,curve_first,1,0.7423711241371406,,,0.7598531309478366,-0.017482006810696005
WT_10__TO__SCA3_06,0.025,xyz,seed_median_curve_isotonic,curve_first,1,0.7401936417736608,,,0.7598531309478366,-0.019659489174175815
WT_10__TO__SCA3_06,0.025,xyz,seed_median_curve_first,curve_first,1,0.6925624538144479,,,0.7598531309478366,-0.06729067713338865
WT_10__TO__SCA3_06,0.025,xyz,seed_median_curve_persistent,curve_first,1,0.7442462062612161,,,0.7598531309478366,-0.015606924686620505
WT_10__TO__SCA3_06,0.025,xyz,q25_seed_isotonic,curve_first,1,0.6346849885377136,,,0.7598531309478366,-0.12516814241012297
WT_10__TO__SCA3_06,0.025,xyz,median_seed_isotonic,curve_first,1,0.7408693584197293,,,0.7598531309478366,-0.018983772528107234
WT_10__TO__SCA3_06,0.025,xyz,q75_seed_isotonic,curve_first,1,0.8720306425448633,,,0.7598531309478366,0.11217751159702671
WT_10__TO__SCA3_06,0.025,z,seed_median_curve_isotonic,curve_first,1,0.942102670654761,,,0.7598531309478366,0.18224953970692448
WT_10__TO__SCA3_06,0.025,z,seed_median_curve_first,curve_first,1,0.942102670654761,,,0.7598531309478366,0.18224953970692448
WT_10__TO__SCA3_06,0.025,z,seed_median_curve_persistent,curve_first,1,0.942102670654761,,,0.7598531309478366,0.18224953970692448
WT_10__TO__SCA3_06,0.025,z,q25_seed_isotonic,curve_first,1,0.7822432991637056,,,0.7598531309478366,0.022390168215869033
WT_10__TO__SCA3_06,0.025,z,median_seed_isotonic,curve_first,1,0.9401088041694436,,,0.7598531309478366,0.18025567322160707
WT_10__TO__SCA3_06,0.025,z,q75_seed_isotonic,curve_first,1,0.9731320611052581,,,0.7598531309478366,0.2132789301574215
WT_10__TO__SCA3_06,0.05,xy,seed_median_curve_isotonic,curve_first,1,0.639031728308516,,,0.7598531309478366,-0.12082140263932062
WT_10__TO__SCA3_06,0.05,xy,seed_median_curve_first,curve_first,1,0.5865737019470321,,,0.7598531309478366,-0.1732794290008045
WT_10__TO__SCA3_06,0.05,xy,seed_median_curve_persistent,curve_first,1,0.6425385141093898,,,0.7598531309478366,-0.1173146168384468
WT_10__TO__SCA3_06,0.05,xy,q25_seed_isotonic,curve_first,1,0.44542854289043665,,,0.7598531309478366,-0.3144245880573999
WT_10__TO__SCA3_06,0.05,xy,median_seed_isotonic,curve_first,1,0.6356384905414896,,,0.7598531309478366,-0.124214640406347
WT_10__TO__SCA3_06,0.05,xy,q75_seed_isotonic,curve_first,1,0.7489735159798238,,,0.7598531309478366,-0.010879614968012818
WT_10__TO__SCA3_06,0.05,xyz,seed_median_curve_isotonic,curve_first,1,0.7489508891996867,,,0.7598531309478366,-0.01090224174814991
WT_10__TO__SCA3_06,0.05,xyz,seed_median_curve_first,curve_first,1,0.748038569072477,,,0.7598531309478366,-0.011814561875359564
WT_10__TO__SCA3_06,0.05,xyz,seed_median_curve_persistent,curve_first,1,0.748038569072477,,,0.7598531309478366,-0.011814561875359564
WT_10__TO__SCA3_06,0.05,xyz,q25_seed_isotonic,curve_first,1,0.637674638765749,,,0.7598531309478366,-0.12217849218208754
WT_10__TO__SCA3_06,0.05,xyz,median_seed_isotonic,curve_first,1,0.747368998480262,,,0.7598531309478366,-0.012484132467574627
WT_10__TO__SCA3_06,0.05,xyz,q75_seed_isotonic,curve_first,1,0.8850364832632549,,,0.7598531309478366,0.12518335231541833
WT_10__TO__SCA3_06,0.05,z,seed_median_curve_isotonic,curve_first,1,0.9434219700689584,,,0.7598531309478366,0.18356883912112187
WT_10__TO__SCA3_06,0.05,z,seed_median_curve_first,curve_first,1,0.9434219700689584,,,0.7598531309478366,0.18356883912112187
WT_10__TO__SCA3_06,0.05,z,seed_median_curve_persistent,curve_first,1,0.9434219700689584,,,0.7598531309478366,0.18356883912112187
WT_10__TO__SCA3_06,0.05,z,q25_seed_isotonic,curve_first,1,0.7928292256408869,,,0.7598531309478366,0.032976094693050295
WT_10__TO__SCA3_06,0.05,z,median_seed_isotonic,curve_first,1,0.94085154883799,,,0.7598531309478366,0.18099841789015347
WT_10__TO__SCA3_06,0.05,z,q75_seed_isotonic,curve_first,1,0.9725935484049575,,,0.7598531309478366,0.2127404174571209
WT_10__TO__SCA3_09,0.0125,xy,seed_median_curve_isotonic,curve_first,3,0.14739992448353745,,,0.1283608672243519,0.01903905725918556
WT_10__TO__SCA3_09,0.0125,xy,seed_median_curve_first,curve_first,3,0.14739992448353745,,,0.1283608672243519,0.01903905725918556
WT_10__TO__SCA3_09,0.0125,xy,seed_median_curve_persistent,curve_first,3,0.14739992448353745,,,0.1283608672243519,0.01903905725918556
WT_10__TO__SCA3_09,0.0125,xy,q25_seed_isotonic,curve_first,3,0.1430366697920866,,,0.1283608672243519,0.014675802567734708
WT_10__TO__SCA3_09,0.0125,xy,median_seed_isotonic,curve_first,3,0.14750959062983127,,,0.1283608672243519,0.01914872340547938
WT_10__TO__SCA3_09,0.0125,xy,q75_seed_isotonic,curve_first,3,0.15414079746926831,,,0.1283608672243519,0.025779930244916427
WT_10__TO__SCA3_09,0.0125,xyz,seed_median_curve_isotonic,curve_first,3,0.26715469152242866,,,0.1283608672243519,0.13879382429807677
WT_10__TO__SCA3_09,0.0125,xyz,seed_median_curve_first,curve_first,3,0.26715469152242866,,,0.1283608672243519,0.13879382429807677
WT_10__TO__SCA3_09,0.0125,xyz,seed_median_curve_persistent,curve_first,3,0.26715469152242866,,,0.1283608672243519,0.13879382429807677
WT_10__TO__SCA3_09,0.0125,xyz,q25_seed_isotonic,curve_first,3,0.2570043649145572,,,0.1283608672243519,0.1286434976902053
WT_10__TO__SCA3_09,0.0125,xyz,median_seed_isotonic,curve_first,3,0.26715469152242866,,,0.1283608672243519,0.13879382429807677
WT_10__TO__SCA3_09,0.0125,xyz,q75_seed_isotonic,curve_first,3,0.2718954878333715,,,0.1283608672243519,0.1435346206090196
WT_10__TO__SCA3_09,0.0125,z,seed_median_curve_isotonic,curve_first,3,0.2788093173301301,,,0.1283608672243519,0.1504484501057782
WT_10__TO__SCA3_09,0.0125,z,seed_median_curve_first,curve_first,3,0.2788093173301301,,,0.1283608672243519,0.1504484501057782
WT_10__TO__SCA3_09,0.0125,z,seed_median_curve_persistent,curve_first,3,0.2788093173301301,,,0.1283608672243519,0.1504484501057782
WT_10__TO__SCA3_09,0.0125,z,q25_seed_isotonic,curve_first,3,0.2736187766476242,,,0.1283608672243519,0.1452579094232723
WT_10__TO__SCA3_09,0.0125,z,median_seed_isotonic,curve_first,3,0.2788093173301301,,,0.1283608672243519,0.1504484501057782
WT_10__TO__SCA3_09,0.0125,z,q75_seed_isotonic,curve_first,3,0.2951052712928956,,,0.1283608672243519,0.1667444040685437
WT_10__TO__SCA3_09,0.025,xy,seed_median_curve_isotonic,curve_first,3,0.15773197250467103,,,0.1283608672243519,0.029371105280319137
WT_10__TO__SCA3_09,0.025,xy,seed_median_curve_first,curve_first,3,0.15773197250467103,,,0.1283608672243519,0.029371105280319137
WT_10__TO__SCA3_09,0.025,xy,seed_median_curve_persistent,curve_first,3,0.15773197250467103,,,0.1283608672243519,0.029371105280319137
WT_10__TO__SCA3_09,0.025,xy,q25_seed_isotonic,curve_first,3,0.15144145399342462,,,0.1283608672243519,0.023080586769072736
WT_10__TO__SCA3_09,0.025,xy,median_seed_isotonic,curve_first,3,0.15739154331596344,,,0.1283608672243519,0.029030676091611557
WT_10__TO__SCA3_09,0.025,xy,q75_seed_isotonic,curve_first,3,0.16328825677652617,,,0.1283608672243519,0.03492738955217428
WT_10__TO__SCA3_09,0.025,xyz,seed_median_curve_isotonic,curve_first,3,0.27282314430554355,,,0.1283608672243519,0.14446227708119166
WT_10__TO__SCA3_09,0.025,xyz,seed_median_curve_first,curve_first,3,0.27282314430554355,,,0.1283608672243519,0.14446227708119166
WT_10__TO__SCA3_09,0.025,xyz,seed_median_curve_persistent,curve_first,3,0.27282314430554355,,,0.1283608672243519,0.14446227708119166
WT_10__TO__SCA3_09,0.025,xyz,q25_seed_isotonic,curve_first,3,0.2580824734741605,,,0.1283608672243519,0.12972160624980864
WT_10__TO__SCA3_09,0.025,xyz,median_seed_isotonic,curve_first,3,0.27282314430554355,,,0.1283608672243519,0.14446227708119166
WT_10__TO__SCA3_09,0.025,xyz,q75_seed_isotonic,curve_first,3,0.28276785847464136,,,0.1283608672243519,0.15440699125028948
WT_10__TO__SCA3_09,0.025,z,seed_median_curve_isotonic,curve_first,3,0.2838381806524811,,,0.1283608672243519,0.15547731342812923
WT_10__TO__SCA3_09,0.025,z,seed_median_curve_first,curve_first,3,0.2838381806524811,,,0.1283608672243519,0.15547731342812923
WT_10__TO__SCA3_09,0.025,z,seed_median_curve_persistent,curve_first,3,0.2838381806524811,,,0.1283608672243519,0.15547731342812923
WT_10__TO__SCA3_09,0.025,z,q25_seed_isotonic,curve_first,3,0.2831591350542919,,,0.1283608672243519,0.15479826782994002
WT_10__TO__SCA3_09,0.025,z,median_seed_isotonic,curve_first,3,0.2836808304194785,,,0.1283608672243519,0.15531996319512661
WT_10__TO__SCA3_09,0.025,z,q75_seed_isotonic,curve_first,3,0.29344768757445594,,,0.1283608672243519,0.16508682035010405
WT_10__TO__SCA3_09,0.05,xy,seed_median_curve_isotonic,curve_first,3,0.1672169108044606,,,0.1283608672243519,0.03885604358010872
WT_10__TO__SCA3_09,0.05,xy,seed_median_curve_first,curve_first,3,0.1672169108044606,,,0.1283608672243519,0.03885604358010872
WT_10__TO__SCA3_09,0.05,xy,seed_median_curve_persistent,curve_first,3,0.1672169108044606,,,0.1283608672243519,0.03885604358010872
WT_10__TO__SCA3_09,0.05,xy,q25_seed_isotonic,curve_first,3,0.16513216176534012,,,0.1283608672243519,0.036771294540988236
WT_10__TO__SCA3_09,0.05,xy,median_seed_isotonic,curve_first,3,0.1672169108044606,,,0.1283608672243519,0.03885604358010872
WT_10__TO__SCA3_09,0.05,xy,q75_seed_isotonic,curve_first,3,0.17491545946016102,,,0.1283608672243519,0.04655459223580913
WT_10__TO__SCA3_09,0.05,xyz,seed_median_curve_isotonic,curve_first,3,0.28727378826988187,,,0.1283608672243519,0.15891292104552998
WT_10__TO__SCA3_09,0.05,xyz,seed_median_curve_first,curve_first,3,0.28727378826988187,,,0.1283608672243519,0.15891292104552998
WT_10__TO__SCA3_09,0.05,xyz,seed_median_curve_persistent,curve_first,3,0.28727378826988187,,,0.1283608672243519,0.15891292104552998
WT_10__TO__SCA3_09,0.05,xyz,q25_seed_isotonic,curve_first,3,0.2796479449236654,,,0.1283608672243519,0.15128707769931352
WT_10__TO__SCA3_09,0.05,xyz,median_seed_isotonic,curve_first,3,0.28727378826988187,,,0.1283608672243519,0.15891292104552998
WT_10__TO__SCA3_09,0.05,xyz,q75_seed_isotonic,curve_first,3,0.2925971847798687,,,0.1283608672243519,0.1642363175555168
WT_10__TO__SCA3_09,0.05,z,seed_median_curve_isotonic,curve_first,3,0.3038641434298824,,,0.1283608672243519,0.1755032762055305
WT_10__TO__SCA3_09,0.05,z,seed_median_curve_first,curve_first,3,0.3038641434298824,,,0.1283608672243519,0.1755032762055305
WT_10__TO__SCA3_09,0.05,z,seed_median_curve_persistent,curve_first,3,0.3038641434298824,,,0.1283608672243519,0.1755032762055305
WT_10__TO__SCA3_09,0.05,z,q25_seed_isotonic,curve_first,3,0.29726230298158896,,,0.1283608672243519,0.16890143575723707
WT_10__TO__SCA3_09,0.05,z,median_seed_isotonic,curve_first,3,0.3038641434298824,,,0.1283608672243519,0.1755032762055305
WT_10__TO__SCA3_09,0.05,z,q75_seed_isotonic,curve_first,3,0.30798560154606963,,,0.1283608672243519,0.17962473432171774
WT_13__TO__SCA3_01,0.0125,xy,seed_median_curve_isotonic,curve_first,2,0.8807954555746706,,,0.7739477232750757,0.10684773229959499
WT_13__TO__SCA3_01,0.0125,xy,seed_median_curve_first,curve_first,2,0.8807954555746706,,,0.7739477232750757,0.10684773229959499
WT_13__TO__SCA3_01,0.0125,xy,seed_median_curve_persistent,curve_first,2,0.8807954555746706,,,0.7739477232750757,0.10684773229959499
WT_13__TO__SCA3_01,0.0125,xy,q25_seed_isotonic,curve_first,2,0.8517507936103306,,,0.7739477232750757,0.07780307033525491
WT_13__TO__SCA3_01,0.0125,xy,median_seed_isotonic,curve_first,2,0.8807954555746706,,,0.7739477232750757,0.10684773229959499
WT_13__TO__SCA3_01,0.0125,xy,q75_seed_isotonic,curve_first,2,0.8943976437277735,,,0.7739477232750757,0.12044992045269787
WT_13__TO__SCA3_01,0.0125,xyz,seed_median_curve_isotonic,curve_first,2,0.48256369054713716,,,0.7739477232750757,-0.2913840327279385
WT_13__TO__SCA3_01,0.0125,xyz,seed_median_curve_first,curve_first,2,0.48256369054713716,,,0.7739477232750757,-0.2913840327279385
WT_13__TO__SCA3_01,0.0125,xyz,seed_median_curve_persistent,curve_first,2,0.48256369054713716,,,0.7739477232750757,-0.2913840327279385
WT_13__TO__SCA3_01,0.0125,xyz,q25_seed_isotonic,curve_first,2,0.4652246916655408,,,0.7739477232750757,-0.30872303160953485
WT_13__TO__SCA3_01,0.0125,xyz,median_seed_isotonic,curve_first,2,0.47966344624105217,,,0.7739477232750757,-0.2942842770340235
WT_13__TO__SCA3_01,0.0125,xyz,q75_seed_isotonic,curve_first,2,0.4849615211173243,,,0.7739477232750757,-0.28898620215775134
WT_13__TO__SCA3_01,0.0125,z,seed_median_curve_isotonic,curve_first,2,0.5817508242805807,,,0.7739477232750757,-0.192196898994495
WT_13__TO__SCA3_01,0.0125,z,seed_median_curve_first,curve_first,2,0.5817508242805807,,,0.7739477232750757,-0.192196898994495
WT_13__TO__SCA3_01,0.0125,z,seed_median_curve_persistent,curve_first,2,0.5817508242805807,,,0.7739477232750757,-0.192196898994495
WT_13__TO__SCA3_01,0.0125,z,q25_seed_isotonic,curve_first,2,0.5750302121055701,,,0.7739477232750757,-0.1989175111695055
WT_13__TO__SCA3_01,0.0125,z,median_seed_isotonic,curve_first,2,0.5765762402406932,,,0.7739477232750757,-0.19737148303438246
WT_13__TO__SCA3_01,0.0125,z,q75_seed_isotonic,curve_first,2,0.5936053132753707,,,0.7739477232750757,-0.18034240999970497
WT_13__TO__SCA3_01,0.025,xy,seed_median_curve_isotonic,curve_first,2,0.8491804704118209,,,0.7739477232750757,0.07523274713674521
WT_13__TO__SCA3_01,0.025,xy,seed_median_curve_first,curve_first,2,0.8491804704118209,,,0.7739477232750757,0.07523274713674521
WT_13__TO__SCA3_01,0.025,xy,seed_median_curve_persistent,curve_first,2,0.8491804704118209,,,0.7739477232750757,0.07523274713674521
WT_13__TO__SCA3_01,0.025,xy,q25_seed_isotonic,curve_first,2,0.8042393710299353,,,0.7739477232750757,0.030291647754859596
WT_13__TO__SCA3_01,0.025,xy,median_seed_isotonic,curve_first,2,0.8491804704118209,,,0.7739477232750757,0.07523274713674521
WT_13__TO__SCA3_01,0.025,xy,q75_seed_isotonic,curve_first,2,0.8940170994545058,,,0.7739477232750757,0.12006937617943014
WT_13__TO__SCA3_01,0.025,xyz,seed_median_curve_isotonic,curve_first,2,0.48208205483740024,,,0.7739477232750757,-0.2918656684376754
WT_13__TO__SCA3_01,0.025,xyz,seed_median_curve_first,curve_first,2,0.48208205483740024,,,0.7739477232750757,-0.2918656684376754
WT_13__TO__SCA3_01,0.025,xyz,seed_median_curve_persistent,curve_first,2,0.48208205483740024,,,0.7739477232750757,-0.2918656684376754
WT_13__TO__SCA3_01,0.025,xyz,q25_seed_isotonic,curve_first,2,0.47159387710475364,,,0.7739477232750757,-0.302353846170322
WT_13__TO__SCA3_01,0.025,xyz,median_seed_isotonic,curve_first,2,0.48208205483740024,,,0.7739477232750757,-0.2918656684376754
WT_13__TO__SCA3_01,0.025,xyz,q75_seed_isotonic,curve_first,2,0.4904861212780994,,,0.7739477232750757,-0.2834616019969763
WT_13__TO__SCA3_01,0.025,z,seed_median_curve_isotonic,curve_first,2,0.5813977494737429,,,0.7739477232750757,-0.19254997380133276
WT_13__TO__SCA3_01,0.025,z,seed_median_curve_first,curve_first,2,0.5813977494737429,,,0.7739477232750757,-0.19254997380133276
WT_13__TO__SCA3_01,0.025,z,seed_median_curve_persistent,curve_first,2,0.5813977494737429,,,0.7739477232750757,-0.19254997380133276
WT_13__TO__SCA3_01,0.025,z,q25_seed_isotonic,curve_first,2,0.5813138180979569,,,0.7739477232750757,-0.19263390517711876
WT_13__TO__SCA3_01,0.025,z,median_seed_isotonic,curve_first,2,0.5819546725259611,,,0.7739477232750757,-0.19199305074911455
WT_13__TO__SCA3_01,0.025,z,q75_seed_isotonic,curve_first,2,0.5830965756294398,,,0.7739477232750757,-0.19085114764563582
WT_13__TO__SCA3_01,0.05,xy,seed_median_curve_isotonic,curve_first,2,0.8348916633180563,,,0.7739477232750757,0.06094394004298065
WT_13__TO__SCA3_01,0.05,xy,seed_median_curve_first,curve_first,2,0.8348916633180563,,,0.7739477232750757,0.06094394004298065
WT_13__TO__SCA3_01,0.05,xy,seed_median_curve_persistent,curve_first,2,0.8348916633180563,,,0.7739477232750757,0.06094394004298065
WT_13__TO__SCA3_01,0.05,xy,q25_seed_isotonic,curve_first,2,0.8061380436587561,,,0.7739477232750757,0.032190320383680415
WT_13__TO__SCA3_01,0.05,xy,median_seed_isotonic,curve_first,2,0.834820443782289,,,0.7739477232750757,0.060872720507213374
WT_13__TO__SCA3_01,0.05,xy,q75_seed_isotonic,curve_first,2,0.8445340040613478,,,0.7739477232750757,0.07058628078627216
WT_13__TO__SCA3_01,0.05,xyz,seed_median_curve_isotonic,curve_first,2,0.4769432293506236,,,0.7739477232750757,-0.29700449392445205
WT_13__TO__SCA3_01,0.05,xyz,seed_median_curve_first,curve_first,2,0.4769432293506236,,,0.7739477232750757,-0.29700449392445205
WT_13__TO__SCA3_01,0.05,xyz,seed_median_curve_persistent,curve_first,2,0.4769432293506236,,,0.7739477232750757,-0.29700449392445205
WT_13__TO__SCA3_01,0.05,xyz,q25_seed_isotonic,curve_first,2,0.45276669452256535,,,0.7739477232750757,-0.3211810287525103
WT_13__TO__SCA3_01,0.05,xyz,median_seed_isotonic,curve_first,2,0.4769432293506236,,,0.7739477232750757,-0.29700449392445205
WT_13__TO__SCA3_01,0.05,xyz,q75_seed_isotonic,curve_first,2,0.48552261876185715,,,0.7739477232750757,-0.2884251045132185
WT_13__TO__SCA3_01,0.05,z,seed_median_curve_isotonic,curve_first,2,0.6000172366809822,,,0.7739477232750757,-0.1739304865940935
WT_13__TO__SCA3_01,0.05,z,seed_median_curve_first,curve_first,2,0.6000172366809822,,,0.7739477232750757,-0.1739304865940935
WT_13__TO__SCA3_01,0.05,z,seed_median_curve_persistent,curve_first,2,0.6000172366809822,,,0.7739477232750757,-0.1739304865940935
WT_13__TO__SCA3_01,0.05,z,q25_seed_isotonic,curve_first,2,0.5922035893510719,,,0.7739477232750757,-0.1817441339240038
WT_13__TO__SCA3_01,0.05,z,median_seed_isotonic,curve_first,2,0.6000110393331334,,,0.7739477232750757,-0.17393668394194228
WT_13__TO__SCA3_01,0.05,z,q75_seed_isotonic,curve_first,2,0.6158644548511092,,,0.7739477232750757,-0.15808326842396647
WT_13__TO__SCA3_04,0.0125,xy,seed_median_curve_isotonic,curve_first,6,0.28285366275787777,,,0.7826117528334974,-0.4997580900756196
WT_13__TO__SCA3_04,0.0125,xy,seed_median_curve_first,curve_first,6,0.28285366275787777,,,0.7826117528334974,-0.4997580900756196
WT_13__TO__SCA3_04,0.0125,xy,seed_median_curve_persistent,curve_first,6,0.28285366275787777,,,0.7826117528334974,-0.4997580900756196
WT_13__TO__SCA3_04,0.0125,xy,q25_seed_isotonic,curve_first,6,0.274518225827822,,,0.7826117528334974,-0.5080935270056754
WT_13__TO__SCA3_04,0.0125,xy,median_seed_isotonic,curve_first,6,0.28194619474856,,,0.7826117528334974,-0.5006655580849374
WT_13__TO__SCA3_04,0.0125,xy,q75_seed_isotonic,curve_first,6,0.31962819871478904,,,0.7826117528334974,-0.46298355411870834
WT_13__TO__SCA3_04,0.0125,xyz,seed_median_curve_isotonic,curve_first,6,0.4103947417799699,,,0.7826117528334974,-0.3722170110535275
WT_13__TO__SCA3_04,0.0125,xyz,seed_median_curve_first,curve_first,6,0.4103947417799699,,,0.7826117528334974,-0.3722170110535275
WT_13__TO__SCA3_04,0.0125,xyz,seed_median_curve_persistent,curve_first,6,0.4103947417799699,,,0.7826117528334974,-0.3722170110535275
WT_13__TO__SCA3_04,0.0125,xyz,q25_seed_isotonic,curve_first,6,0.40136127094215707,,,0.7826117528334974,-0.3812504818913403
WT_13__TO__SCA3_04,0.0125,xyz,median_seed_isotonic,curve_first,6,0.409198572292193,,,0.7826117528334974,-0.3734131805413044
WT_13__TO__SCA3_04,0.0125,xyz,q75_seed_isotonic,curve_first,6,0.4109784813446268,,,0.7826117528334974,-0.3716332714888706
WT_13__TO__SCA3_04,0.0125,z,seed_median_curve_isotonic,curve_first,6,0.44299699085935895,,,0.7826117528334974,-0.3396147619741384
WT_13__TO__SCA3_04,0.0125,z,seed_median_curve_first,curve_first,6,0.44299699085935895,,,0.7826117528334974,-0.3396147619741384
WT_13__TO__SCA3_04,0.0125,z,seed_median_curve_persistent,curve_first,6,0.44299699085935895,,,0.7826117528334974,-0.3396147619741384
WT_13__TO__SCA3_04,0.0125,z,q25_seed_isotonic,curve_first,6,0.4273776080189547,,,0.7826117528334974,-0.3552341448145427
WT_13__TO__SCA3_04,0.0125,z,median_seed_isotonic,curve_first,6,0.4351191626312848,,,0.7826117528334974,-0.34749259020221257
WT_13__TO__SCA3_04,0.0125,z,q75_seed_isotonic,curve_first,6,0.4447812910694334,,,0.7826117528334974,-0.33783046176406395
WT_13__TO__SCA3_04,0.025,xy,seed_median_curve_isotonic,curve_first,6,0.297392981947231,,,0.7826117528334974,-0.48521877088626636
WT_13__TO__SCA3_04,0.025,xy,seed_median_curve_first,curve_first,6,0.297392981947231,,,0.7826117528334974,-0.48521877088626636
WT_13__TO__SCA3_04,0.025,xy,seed_median_curve_persistent,curve_first,6,0.297392981947231,,,0.7826117528334974,-0.48521877088626636
WT_13__TO__SCA3_04,0.025,xy,q25_seed_isotonic,curve_first,6,0.28296534165412257,,,0.7826117528334974,-0.4996464111793748
WT_13__TO__SCA3_04,0.025,xy,median_seed_isotonic,curve_first,6,0.29312835027947914,,,0.7826117528334974,-0.48948340255401823
WT_13__TO__SCA3_04,0.025,xy,q75_seed_isotonic,curve_first,6,0.3290381056781664,,,0.7826117528334974,-0.453573647155331
WT_13__TO__SCA3_04,0.025,xyz,seed_median_curve_isotonic,curve_first,6,0.4061671206257126,,,0.7826117528334974,-0.3764446322077848
WT_13__TO__SCA3_04,0.025,xyz,seed_median_curve_first,curve_first,6,0.4061671206257126,,,0.7826117528334974,-0.3764446322077848
WT_13__TO__SCA3_04,0.025,xyz,seed_median_curve_persistent,curve_first,6,0.4061671206257126,,,0.7826117528334974,-0.3764446322077848
WT_13__TO__SCA3_04,0.025,xyz,q25_seed_isotonic,curve_first,6,0.39816905549717585,,,0.7826117528334974,-0.3844426973363215
WT_13__TO__SCA3_04,0.025,xyz,median_seed_isotonic,curve_first,6,0.40494954098231384,,,0.7826117528334974,-0.37766221185118354
WT_13__TO__SCA3_04,0.025,xyz,q75_seed_isotonic,curve_first,6,0.4084222451852931,,,0.7826117528334974,-0.3741895076482043
WT_13__TO__SCA3_04,0.025,z,seed_median_curve_isotonic,curve_first,6,0.44447155775800284,,,0.7826117528334974,-0.33814019507549453
WT_13__TO__SCA3_04,0.025,z,seed_median_curve_first,curve_first,6,0.44447155775800284,,,0.7826117528334974,-0.33814019507549453
WT_13__TO__SCA3_04,0.025,z,seed_median_curve_persistent,curve_first,6,0.44447155775800284,,,0.7826117528334974,-0.33814019507549453
WT_13__TO__SCA3_04,0.025,z,q25_seed_isotonic,curve_first,6,0.43327859597252844,,,0.7826117528334974,-0.34933315686096894
WT_13__TO__SCA3_04,0.025,z,median_seed_isotonic,curve_first,6,0.43665427841389215,,,0.7826117528334974,-0.3459574744196052
WT_13__TO__SCA3_04,0.025,z,q75_seed_isotonic,curve_first,6,0.4488382756323735,,,0.7826117528334974,-0.3337734772011239
WT_13__TO__SCA3_04,0.05,xy,seed_median_curve_isotonic,curve_first,6,0.34054579137124436,,,0.7826117528334974,-0.442065961462253
WT_13__TO__SCA3_04,0.05,xy,seed_median_curve_first,curve_first,6,0.34054579137124436,,,0.7826117528334974,-0.442065961462253
WT_13__TO__SCA3_04,0.05,xy,seed_median_curve_persistent,curve_first,6,0.34054579137124436,,,0.7826117528334974,-0.442065961462253
WT_13__TO__SCA3_04,0.05,xy,q25_seed_isotonic,curve_first,6,0.3160895957213524,,,0.7826117528334974,-0.46652215711214495
WT_13__TO__SCA3_04,0.05,xy,median_seed_isotonic,curve_first,6,0.34054579137124436,,,0.7826117528334974,-0.442065961462253
WT_13__TO__SCA3_04,0.05,xy,q75_seed_isotonic,curve_first,6,0.36467513548818525,,,0.7826117528334974,-0.4179366173453121
WT_13__TO__SCA3_04,0.05,xyz,seed_median_curve_isotonic,curve_first,6,0.40365653288104547,,,0.7826117528334974,-0.3789552199524519
WT_13__TO__SCA3_04,0.05,xyz,seed_median_curve_first,curve_first,6,0.40365653288104547,,,0.7826117528334974,-0.3789552199524519
WT_13__TO__SCA3_04,0.05,xyz,seed_median_curve_persistent,curve_first,6,0.40365653288104547,,,0.7826117528334974,-0.3789552199524519
WT_13__TO__SCA3_04,0.05,xyz,q25_seed_isotonic,curve_first,6,0.39440266398562107,,,0.7826117528334974,-0.3882090888478763
WT_13__TO__SCA3_04,0.05,xyz,median_seed_isotonic,curve_first,6,0.4025097021322434,,,0.7826117528334974,-0.38010205070125397
WT_13__TO__SCA3_04,0.05,xyz,q75_seed_isotonic,curve_first,6,0.40682276518773636,,,0.7826117528334974,-0.375788987645761
WT_13__TO__SCA3_04,0.05,z,seed_median_curve_isotonic,curve_first,6,0.44954401773855507,,,0.7826117528334974,-0.3330677350949423
WT_13__TO__SCA3_04,0.05,z,seed_median_curve_first,curve_first,6,0.44954401773855507,,,0.7826117528334974,-0.3330677350949423
WT_13__TO__SCA3_04,0.05,z,seed_median_curve_persistent,curve_first,6,0.44954401773855507,,,0.7826117528334974,-0.3330677350949423
WT_13__TO__SCA3_04,0.05,z,q25_seed_isotonic,curve_first,6,0.43753098482708735,,,0.7826117528334974,-0.34508076800641
WT_13__TO__SCA3_04,0.05,z,median_seed_isotonic,curve_first,6,0.4421909543614332,,,0.7826117528334974,-0.3404207984720642
WT_13__TO__SCA3_04,0.05,z,q75_seed_isotonic,curve_first,6,0.45681035943509696,,,0.7826117528334974,-0.3258013933984004
WT_13__TO__SCA3_06,0.0125,xy,seed_median_curve_isotonic,curve_first,1,0.8822695642764966,,,0.6467993769342012,0.2354701873422954
WT_13__TO__SCA3_06,0.0125,xy,seed_median_curve_first,curve_first,1,0.7285193883853869,,,0.6467993769342012,0.08172001145118568
WT_13__TO__SCA3_06,0.0125,xy,seed_median_curve_persistent,curve_first,1,0.8822695642764966,,,0.6467993769342012,0.2354701873422954
WT_13__TO__SCA3_06,0.0125,xy,q25_seed_isotonic,curve_first,1,0.5300236404929349,,,0.6467993769342012,-0.11677573644126626
WT_13__TO__SCA3_06,0.0125,xy,median_seed_isotonic,curve_first,1,0.8828406839299352,,,0.6467993769342012,0.236041306995734
WT_13__TO__SCA3_06,0.0125,xy,q75_seed_isotonic,curve_first,1,0.9793597601420638,,,0.6467993769342012,0.33256038320786263
WT_13__TO__SCA3_06,0.0125,xyz,seed_median_curve_isotonic,curve_first,1,0.43666484108862447,,,0.6467993769342012,-0.21013453584557673
WT_13__TO__SCA3_06,0.0125,xyz,seed_median_curve_first,curve_first,1,0.3570583251452172,,,0.6467993769342012,-0.289741051788984
WT_13__TO__SCA3_06,0.0125,xyz,seed_median_curve_persistent,curve_first,1,0.44896552020464947,,,0.6467993769342012,-0.19783385672955173
WT_13__TO__SCA3_06,0.0125,xyz,q25_seed_isotonic,curve_first,1,0.27698267662465437,,,0.6467993769342012,-0.36981670030954683
WT_13__TO__SCA3_06,0.0125,xyz,median_seed_isotonic,curve_first,1,0.5769383813812946,,,0.6467993769342012,-0.06986099555290659
WT_13__TO__SCA3_06,0.0125,xyz,q75_seed_isotonic,curve_first,1,0.8034706695605452,,,0.6467993769342012,0.15667129262634405
WT_13__TO__SCA3_06,0.0125,z,seed_median_curve_isotonic,curve_first,1,0.3371329494465026,,,0.6467993769342012,-0.30966642748769857
WT_13__TO__SCA3_06,0.0125,z,seed_median_curve_first,curve_first,1,0.2790174066539658,,,0.6467993769342012,-0.3677819702802354
WT_13__TO__SCA3_06,0.0125,z,seed_median_curve_persistent,curve_first,1,0.35004814824869956,,,0.6467993769342012,-0.29675122868550163
WT_13__TO__SCA3_06,0.0125,z,q25_seed_isotonic,curve_first,1,0.24689313333202334,,,0.6467993769342012,-0.39990624360217786
WT_13__TO__SCA3_06,0.0125,z,median_seed_isotonic,curve_first,1,0.27421078236589025,,,0.6467993769342012,-0.37258859456831095
WT_13__TO__SCA3_06,0.0125,z,q75_seed_isotonic,curve_first,1,0.583448249693947,,,0.6467993769342012,-0.06335112724025416
WT_13__TO__SCA3_06,0.025,xy,seed_median_curve_isotonic,curve_first,1,0.8810201431332827,,,0.6467993769342012,0.2342207661990815
WT_13__TO__SCA3_06,0.025,xy,seed_median_curve_first,curve_first,1,0.7307371459150692,,,0.6467993769342012,0.08393776898086802
WT_13__TO__SCA3_06,0.025,xy,seed_median_curve_persistent,curve_first,1,0.8810201431332827,,,0.6467993769342012,0.2342207661990815
WT_13__TO__SCA3_06,0.025,xy,q25_seed_isotonic,curve_first,1,0.709824169580555,,,0.6467993769342012,0.06302479264635386
WT_13__TO__SCA3_06,0.025,xy,median_seed_isotonic,curve_first,1,0.8810201431332827,,,0.6467993769342012,0.2342207661990815
WT_13__TO__SCA3_06,0.025,xy,q75_seed_isotonic,curve_first,1,0.9778960284522406,,,0.6467993769342012,0.33109665151803935
WT_13__TO__SCA3_06,0.025,xyz,seed_median_curve_isotonic,curve_first,1,0.3614099337632596,,,0.6467993769342012,-0.2853894431709416
WT_13__TO__SCA3_06,0.025,xyz,seed_median_curve_first,curve_first,1,0.35749528592156565,,,0.6467993769342012,-0.28930409101263554
WT_13__TO__SCA3_06,0.025,xyz,seed_median_curve_persistent,curve_first,1,0.4428678916153389,,,0.6467993769342012,-0.2039314853188623
WT_13__TO__SCA3_06,0.025,xyz,q25_seed_isotonic,curve_first,1,0.27633846599007067,,,0.6467993769342012,-0.37046091094413053
WT_13__TO__SCA3_06,0.025,xyz,median_seed_isotonic,curve_first,1,0.579890266447767,,,0.6467993769342012,-0.06690911048643422
WT_13__TO__SCA3_06,0.025,xyz,q75_seed_isotonic,curve_first,1,0.8011536565566135,,,0.6467993769342012,0.15435427962241233
WT_13__TO__SCA3_06,0.025,z,seed_median_curve_isotonic,curve_first,1,0.33906974263781475,,,0.6467993769342012,-0.30772963429638645
WT_13__TO__SCA3_06,0.025,z,seed_median_curve_first,curve_first,1,0.28087612615934376,,,0.6467993769342012,-0.36592325077485743
WT_13__TO__SCA3_06,0.025,z,seed_median_curve_persistent,curve_first,1,0.35153907480945873,,,0.6467993769342012,-0.29526030212474247
WT_13__TO__SCA3_06,0.025,z,q25_seed_isotonic,curve_first,1,0.25474995402727924,,,0.6467993769342012,-0.39204942290692196
WT_13__TO__SCA3_06,0.025,z,median_seed_isotonic,curve_first,1,0.2752554684236252,,,0.6467993769342012,-0.371543908510576
WT_13__TO__SCA3_06,0.025,z,q75_seed_isotonic,curve_first,1,0.5860459415953644,,,0.6467993769342012,-0.060753435338836814
WT_13__TO__SCA3_06,0.05,xy,seed_median_curve_isotonic,curve_first,1,0.8889309202666061,,,0.6467993769342012,0.24213154333240494
WT_13__TO__SCA3_06,0.05,xy,seed_median_curve_first,curve_first,1,0.5211239248574961,,,0.6467993769342012,-0.12567545207670505
WT_13__TO__SCA3_06,0.05,xy,seed_median_curve_persistent,curve_first,1,0.8889309202666061,,,0.6467993769342012,0.24213154333240494
WT_13__TO__SCA3_06,0.05,xy,q25_seed_isotonic,curve_first,1,0.7205756000076154,,,0.6467993769342012,0.07377622307341425
WT_13__TO__SCA3_06,0.05,xy,median_seed_isotonic,curve_first,1,0.8889309202666061,,,0.6467993769342012,0.24213154333240494
WT_13__TO__SCA3_06,0.05,xy,q75_seed_isotonic,curve_first,1,0.9791645637506577,,,0.6467993769342012,0.33236518681645655
WT_13__TO__SCA3_06,0.05,xyz,seed_median_curve_isotonic,curve_first,1,0.3558316147730349,,,0.6467993769342012,-0.2909677621611663
WT_13__TO__SCA3_06,0.05,xyz,seed_median_curve_first,curve_first,1,0.34961456208573594,,,0.6467993769342012,-0.29718481484846526
WT_13__TO__SCA3_06,0.05,xyz,seed_median_curve_persistent,curve_first,1,0.44073866562548264,,,0.6467993769342012,-0.20606071130871856
WT_13__TO__SCA3_06,0.05,xyz,q25_seed_isotonic,curve_first,1,0.2785114739212205,,,0.6467993769342012,-0.3682879030129807
WT_13__TO__SCA3_06,0.05,xyz,median_seed_isotonic,curve_first,1,0.5779968600015575,,,0.6467993769342012,-0.06880251693264372
WT_13__TO__SCA3_06,0.05,xyz,q75_seed_isotonic,curve_first,1,0.8068991270934428,,,0.6467993769342012,0.1600997501592416
WT_13__TO__SCA3_06,0.05,z,seed_median_curve_isotonic,curve_first,1,0.34283050747507987,,,0.6467993769342012,-0.3039688694591213
WT_13__TO__SCA3_06,0.05,z,seed_median_curve_first,curve_first,1,0.28274991194248267,,,0.6467993769342012,-0.36404946499171853
WT_13__TO__SCA3_06,0.05,z,seed_median_curve_persistent,curve_first,1,0.35305592765958893,,,0.6467993769342012,-0.29374344927461227
WT_13__TO__SCA3_06,0.05,z,q25_seed_isotonic,curve_first,1,0.2624571558286226,,,0.6467993769342012,-0.3843422211055786
WT_13__TO__SCA3_06,0.05,z,median_seed_isotonic,curve_first,1,0.27749894431922184,,,0.6467993769342012,-0.36930043261497936
WT_13__TO__SCA3_06,0.05,z,q75_seed_isotonic,curve_first,1,0.5899549979303496,,,0.6467993769342012,-0.05684437900385164
WT_13__TO__SCA3_09,0.0125,xy,seed_median_curve_isotonic,curve_first,3,0.3815969844151255,,,0.2860452529623352,0.09555173145279033
WT_13__TO__SCA3_09,0.0125,xy,seed_median_curve_first,curve_first,3,0.3815969844151255,,,0.2860452529623352,0.09555173145279033
WT_13__TO__SCA3_09,0.0125,xy,seed_median_curve_persistent,curve_first,3,0.3815969844151255,,,0.2860452529623352,0.09555173145279033
WT_13__TO__SCA3_09,0.0125,xy,q25_seed_isotonic,curve_first,3,0.41527869791752475,,,0.2860452529623352,0.12923344495518957
WT_13__TO__SCA3_09,0.0125,xy,median_seed_isotonic,curve_first,3,0.4501337226627092,,,0.2860452529623352,0.164088469700374
WT_13__TO__SCA3_09,0.0125,xy,q75_seed_isotonic,curve_first,3,0.4737498878118674,,,0.2860452529623352,0.1877046348495322
WT_13__TO__SCA3_09,0.0125,xyz,seed_median_curve_isotonic,curve_first,3,0.4790266795733248,,,0.2860452529623352,0.1929814266109896
WT_13__TO__SCA3_09,0.0125,xyz,seed_median_curve_first,curve_first,3,0.4790266795733248,,,0.2860452529623352,0.1929814266109896
WT_13__TO__SCA3_09,0.0125,xyz,seed_median_curve_persistent,curve_first,3,0.4790266795733248,,,0.2860452529623352,0.1929814266109896
WT_13__TO__SCA3_09,0.0125,xyz,q25_seed_isotonic,curve_first,3,0.4786294208681804,,,0.2860452529623352,0.1925841679058452
WT_13__TO__SCA3_09,0.0125,xyz,median_seed_isotonic,curve_first,3,0.48111492665836764,,,0.2860452529623352,0.19506967369603245
WT_13__TO__SCA3_09,0.0125,xyz,q75_seed_isotonic,curve_first,3,0.48451348347193035,,,0.2860452529623352,0.19846823050959517
WT_13__TO__SCA3_09,0.0125,z,seed_median_curve_isotonic,curve_first,3,0.4868050640667907,,,0.2860452529623352,0.2007598111044555
WT_13__TO__SCA3_09,0.0125,z,seed_median_curve_first,curve_first,3,0.4868050640667907,,,0.2860452529623352,0.2007598111044555
WT_13__TO__SCA3_09,0.0125,z,seed_median_curve_persistent,curve_first,3,0.4868050640667907,,,0.2860452529623352,0.2007598111044555
WT_13__TO__SCA3_09,0.0125,z,q25_seed_isotonic,curve_first,3,0.47387202548155755,,,0.2860452529623352,0.18782677251922236
WT_13__TO__SCA3_09,0.0125,z,median_seed_isotonic,curve_first,3,0.48732253974816986,,,0.2860452529623352,0.20127728678583467
WT_13__TO__SCA3_09,0.0125,z,q75_seed_isotonic,curve_first,3,0.4956289989264808,,,0.2860452529623352,0.20958374596414564
WT_13__TO__SCA3_09,0.025,xy,seed_median_curve_isotonic,curve_first,3,0.36179822047320337,,,0.2860452529623352,0.07575296751086819
WT_13__TO__SCA3_09,0.025,xy,seed_median_curve_first,curve_first,3,0.36179822047320337,,,0.2860452529623352,0.07575296751086819
WT_13__TO__SCA3_09,0.025,xy,seed_median_curve_persistent,curve_first,3,0.36179822047320337,,,0.2860452529623352,0.07575296751086819
WT_13__TO__SCA3_09,0.025,xy,q25_seed_isotonic,curve_first,3,0.33263312473051215,,,0.2860452529623352,0.04658787176817697
WT_13__TO__SCA3_09,0.025,xy,median_seed_isotonic,curve_first,3,0.35630502696915417,,,0.2860452529623352,0.07025977400681899
WT_13__TO__SCA3_09,0.025,xy,q75_seed_isotonic,curve_first,3,0.4060530141550435,,,0.2860452529623352,0.12000776119270834
WT_13__TO__SCA3_09,0.025,xyz,seed_median_curve_isotonic,curve_first,3,0.48054925795198045,,,0.2860452529623352,0.19450400498964526
WT_13__TO__SCA3_09,0.025,xyz,seed_median_curve_first,curve_first,3,0.48054925795198045,,,0.2860452529623352,0.19450400498964526
WT_13__TO__SCA3_09,0.025,xyz,seed_median_curve_persistent,curve_first,3,0.48054925795198045,,,0.2860452529623352,0.19450400498964526
WT_13__TO__SCA3_09,0.025,xyz,q25_seed_isotonic,curve_first,3,0.4802443210018744,,,0.2860452529623352,0.19419906803953924
WT_13__TO__SCA3_09,0.025,xyz,median_seed_isotonic,curve_first,3,0.48169452601261276,,,0.2860452529623352,0.19564927305027757
WT_13__TO__SCA3_09,0.025,xyz,q75_seed_isotonic,curve_first,3,0.4864387973694501,,,0.2860452529623352,0.20039354440711493
WT_13__TO__SCA3_09,0.025,z,seed_median_curve_isotonic,curve_first,3,0.48967878528095393,,,0.2860452529623352,0.20363353231861875
WT_13__TO__SCA3_09,0.025,z,seed_median_curve_first,curve_first,3,0.48967878528095393,,,0.2860452529623352,0.20363353231861875
WT_13__TO__SCA3_09,0.025,z,seed_median_curve_persistent,curve_first,3,0.48967878528095393,,,0.2860452529623352,0.20363353231861875
WT_13__TO__SCA3_09,0.025,z,q25_seed_isotonic,curve_first,3,0.476237447795348,,,0.2860452529623352,0.1901921948330128
WT_13__TO__SCA3_09,0.025,z,median_seed_isotonic,curve_first,3,0.49012860432159394,,,0.2860452529623352,0.20408335135925876
WT_13__TO__SCA3_09,0.025,z,q75_seed_isotonic,curve_first,3,0.49965542061572077,,,0.2860452529623352,0.21361016765338559
WT_13__TO__SCA3_09,0.05,xy,seed_median_curve_isotonic,curve_first,3,0.3515880470697339,,,0.2860452529623352,0.06554279410739872
WT_13__TO__SCA3_09,0.05,xy,seed_median_curve_first,curve_first,3,0.3515880470697339,,,0.2860452529623352,0.06554279410739872
WT_13__TO__SCA3_09,0.05,xy,seed_median_curve_persistent,curve_first,3,0.3515880470697339,,,0.2860452529623352,0.06554279410739872
WT_13__TO__SCA3_09,0.05,xy,q25_seed_isotonic,curve_first,3,0.3507358837429293,,,0.2860452529623352,0.06469063078059412
WT_13__TO__SCA3_09,0.05,xy,median_seed_isotonic,curve_first,3,0.3539788849810482,,,0.2860452529623352,0.067933632018713
WT_13__TO__SCA3_09,0.05,xy,q75_seed_isotonic,curve_first,3,0.3937110733125288,,,0.2860452529623352,0.10766582035019362
WT_13__TO__SCA3_09,0.05,xyz,seed_median_curve_isotonic,curve_first,3,0.48312563727964103,,,0.2860452529623352,0.19708038431730585
WT_13__TO__SCA3_09,0.05,xyz,seed_median_curve_first,curve_first,3,0.48312563727964103,,,0.2860452529623352,0.19708038431730585
WT_13__TO__SCA3_09,0.05,xyz,seed_median_curve_persistent,curve_first,3,0.48312563727964103,,,0.2860452529623352,0.19708038431730585
WT_13__TO__SCA3_09,0.05,xyz,q25_seed_isotonic,curve_first,3,0.48312563727964103,,,0.2860452529623352,0.19708038431730585
WT_13__TO__SCA3_09,0.05,xyz,median_seed_isotonic,curve_first,3,0.48423213790089753,,,0.2860452529623352,0.19818688493856235
WT_13__TO__SCA3_09,0.05,xyz,q75_seed_isotonic,curve_first,3,0.48727627907760257,,,0.2860452529623352,0.2012310261152674
WT_13__TO__SCA3_09,0.05,z,seed_median_curve_isotonic,curve_first,3,0.49829785782189273,,,0.2860452529623352,0.21225260485955755
WT_13__TO__SCA3_09,0.05,z,seed_median_curve_first,curve_first,3,0.49829785782189273,,,0.2860452529623352,0.21225260485955755
WT_13__TO__SCA3_09,0.05,z,seed_median_curve_persistent,curve_first,3,0.49829785782189273,,,0.2860452529623352,0.21225260485955755
WT_13__TO__SCA3_09,0.05,z,q25_seed_isotonic,curve_first,3,0.48392202868445616,,,0.2860452529623352,0.19787677572212098
WT_13__TO__SCA3_09,0.05,z,median_seed_isotonic,curve_first,3,0.4985264214849785,,,0.2860452529623352,0.21248116852264332
WT_13__TO__SCA3_09,0.05,z,q75_seed_isotonic,curve_first,3,0.5083997598823446,,,0.2860452529623352,0.22235450692000946
WT_14__TO__SCA3_01,0.0125,xy,seed_median_curve_isotonic,curve_first,4,0.674331750553409,,,0.6829519270980355,-0.008620176544626545
WT_14__TO__SCA3_01,0.0125,xy,seed_median_curve_first,curve_first,4,0.674331750553409,,,0.6829519270980355,-0.008620176544626545
WT_14__TO__SCA3_01,0.0125,xy,seed_median_curve_persistent,curve_first,4,0.674331750553409,,,0.6829519270980355,-0.008620176544626545
WT_14__TO__SCA3_01,0.0125,xy,q25_seed_isotonic,curve_first,4,0.5170212589463296,,,0.6829519270980355,-0.16593066815170598
WT_14__TO__SCA3_01,0.0125,xy,median_seed_isotonic,curve_first,4,0.674331750553409,,,0.6829519270980355,-0.008620176544626545
WT_14__TO__SCA3_01,0.0125,xy,q75_seed_isotonic,curve_first,4,0.7237939232960481,,,0.6829519270980355,0.04084199619801254
WT_14__TO__SCA3_01,0.0125,xyz,seed_median_curve_isotonic,curve_first,4,0.5378992306884096,,,0.6829519270980355,-0.14505269640962593
WT_14__TO__SCA3_01,0.0125,xyz,seed_median_curve_first,curve_first,4,0.5378992306884096,,,0.6829519270980355,-0.14505269640962593
WT_14__TO__SCA3_01,0.0125,xyz,seed_median_curve_persistent,curve_first,4,0.5378992306884096,,,0.6829519270980355,-0.14505269640962593
WT_14__TO__SCA3_01,0.0125,xyz,q25_seed_isotonic,curve_first,4,0.4727775536841509,,,0.6829519270980355,-0.21017437341388462
WT_14__TO__SCA3_01,0.0125,xyz,median_seed_isotonic,curve_first,4,0.5378992306884096,,,0.6829519270980355,-0.14505269640962593
WT_14__TO__SCA3_01,0.0125,xyz,q75_seed_isotonic,curve_first,4,0.5480866172225682,,,0.6829519270980355,-0.1348653098754673
WT_14__TO__SCA3_01,0.0125,z,seed_median_curve_isotonic,curve_first,4,0.5244257307175145,,,0.6829519270980355,-0.158526196380521
WT_14__TO__SCA3_01,0.0125,z,seed_median_curve_first,curve_first,4,0.5252043023874843,,,0.6829519270980355,-0.15774762471055126
WT_14__TO__SCA3_01,0.0125,z,seed_median_curve_persistent,curve_first,4,0.5252043023874843,,,0.6829519270980355,-0.15774762471055126
WT_14__TO__SCA3_01,0.0125,z,q25_seed_isotonic,curve_first,4,0.4370354895614039,,,0.6829519270980355,-0.24591643753663162
WT_14__TO__SCA3_01,0.0125,z,median_seed_isotonic,curve_first,4,0.5250848634547991,,,0.6829519270980355,-0.15786706364323644
WT_14__TO__SCA3_01,0.0125,z,q75_seed_isotonic,curve_first,4,0.5253042517908142,,,0.6829519270980355,-0.15764767530722135
WT_14__TO__SCA3_01,0.025,xy,seed_median_curve_isotonic,curve_first,4,0.5881002106456694,,,0.6829519270980355,-0.09485171645236612
WT_14__TO__SCA3_01,0.025,xy,seed_median_curve_first,curve_first,4,0.5881002106456694,,,0.6829519270980355,-0.09485171645236612
WT_14__TO__SCA3_01,0.025,xy,seed_median_curve_persistent,curve_first,4,0.5881002106456694,,,0.6829519270980355,-0.09485171645236612
WT_14__TO__SCA3_01,0.025,xy,q25_seed_isotonic,curve_first,4,0.5347510849534964,,,0.6829519270980355,-0.1482008421445391
WT_14__TO__SCA3_01,0.025,xy,median_seed_isotonic,curve_first,4,0.5881002106456694,,,0.6829519270980355,-0.09485171645236612
WT_14__TO__SCA3_01,0.025,xy,q75_seed_isotonic,curve_first,4,0.605862172525588,,,0.6829519270980355,-0.07708975457244749
WT_14__TO__SCA3_01,0.025,xyz,seed_median_curve_isotonic,curve_first,4,0.5346055104686781,,,0.6829519270980355,-0.14834641662935744
WT_14__TO__SCA3_01,0.025,xyz,seed_median_curve_first,curve_first,4,0.5346055104686781,,,0.6829519270980355,-0.14834641662935744
WT_14__TO__SCA3_01,0.025,xyz,seed_median_curve_persistent,curve_first,4,0.5346055104686781,,,0.6829519270980355,-0.14834641662935744
WT_14__TO__SCA3_01,0.025,xyz,q25_seed_isotonic,curve_first,4,0.47628375453663374,,,0.6829519270980355,-0.2066681725614018
WT_14__TO__SCA3_01,0.025,xyz,median_seed_isotonic,curve_first,4,0.5348848367075468,,,0.6829519270980355,-0.1480670903904887
WT_14__TO__SCA3_01,0.025,xyz,q75_seed_isotonic,curve_first,4,0.5388026142768312,,,0.6829519270980355,-0.14414931282120436
WT_14__TO__SCA3_01,0.025,z,seed_median_curve_isotonic,curve_first,4,0.5279293449881504,,,0.6829519270980355,-0.15502258210988518
WT_14__TO__SCA3_01,0.025,z,seed_median_curve_first,curve_first,4,0.5279864231744611,,,0.6829519270980355,-0.15496550392357444
WT_14__TO__SCA3_01,0.025,z,seed_median_curve_persistent,curve_first,4,0.5279864231744611,,,0.6829519270980355,-0.15496550392357444
WT_14__TO__SCA3_01,0.025,z,q25_seed_isotonic,curve_first,4,0.4392773132816903,,,0.6829519270980355,-0.24367461381634525
WT_14__TO__SCA3_01,0.025,z,median_seed_isotonic,curve_first,4,0.5282109003897861,,,0.6829519270980355,-0.1547410267082494
WT_14__TO__SCA3_01,0.025,z,q75_seed_isotonic,curve_first,4,0.5325790440425865,,,0.6829519270980355,-0.15037288305544905
WT_14__TO__SCA3_01,0.05,xy,seed_median_curve_isotonic,curve_first,4,0.6963268550550362,,,0.6829519270980355,0.013374927957000682
WT_14__TO__SCA3_01,0.05,xy,seed_median_curve_first,curve_first,4,0.6963268550550362,,,0.6829519270980355,0.013374927957000682
WT_14__TO__SCA3_01,0.05,xy,seed_median_curve_persistent,curve_first,4,0.6963268550550362,,,0.6829519270980355,0.013374927957000682
WT_14__TO__SCA3_01,0.05,xy,q25_seed_isotonic,curve_first,4,0.530438422037496,,,0.6829519270980355,-0.1525135050605395
WT_14__TO__SCA3_01,0.05,xy,median_seed_isotonic,curve_first,4,0.6963268550550362,,,0.6829519270980355,0.013374927957000682
WT_14__TO__SCA3_01,0.05,xy,q75_seed_isotonic,curve_first,4,0.7084900816127182,,,0.6829519270980355,0.025538154514682665
WT_14__TO__SCA3_01,0.05,xyz,seed_median_curve_isotonic,curve_first,4,0.5227761950444266,,,0.6829519270980355,-0.1601757320536089
WT_14__TO__SCA3_01,0.05,xyz,seed_median_curve_first,curve_first,4,0.5227761950444266,,,0.6829519270980355,-0.1601757320536089
WT_14__TO__SCA3_01,0.05,xyz,seed_median_curve_persistent,curve_first,4,0.5227761950444266,,,0.6829519270980355,-0.1601757320536089
WT_14__TO__SCA3_01,0.05,xyz,q25_seed_isotonic,curve_first,4,0.5005246316018086,,,0.6829519270980355,-0.18242729549622694
WT_14__TO__SCA3_01,0.05,xyz,median_seed_isotonic,curve_first,4,0.5227761950444266,,,0.6829519270980355,-0.1601757320536089
WT_14__TO__SCA3_01,0.05,xyz,q75_seed_isotonic,curve_first,4,0.5332219844910631,,,0.6829519270980355,-0.14972994260697248
WT_14__TO__SCA3_01,0.05,z,seed_median_curve_isotonic,curve_first,4,0.5102474136634821,,,0.6829519270980355,-0.1727045134345534
WT_14__TO__SCA3_01,0.05,z,seed_median_curve_first,curve_first,4,0.5104990697840871,,,0.6829519270980355,-0.17245285731394844
WT_14__TO__SCA3_01,0.05,z,seed_median_curve_persistent,curve_first,4,0.5104990697840871,,,0.6829519270980355,-0.17245285731394844
WT_14__TO__SCA3_01,0.05,z,q25_seed_isotonic,curve_first,4,0.454430384958122,,,0.6829519270980355,-0.22852154213991355
WT_14__TO__SCA3_01,0.05,z,median_seed_isotonic,curve_first,4,0.5102474136634821,,,0.6829519270980355,-0.1727045134345534
WT_14__TO__SCA3_01,0.05,z,q75_seed_isotonic,curve_first,4,0.520757973035274,,,0.6829519270980355,-0.1621939540627615
WT_14__TO__SCA3_04,0.0125,xy,seed_median_curve_isotonic,curve_first,12,0.112880983927579,,,0.6792810697600805,-0.5664000858325016
WT_14__TO__SCA3_04,0.0125,xy,seed_median_curve_first,curve_first,12,0.11008335386242955,,,0.6792810697600805,-0.569197715897651
WT_14__TO__SCA3_04,0.0125,xy,seed_median_curve_persistent,curve_first,12,0.11008335386242955,,,0.6792810697600805,-0.569197715897651
WT_14__TO__SCA3_04,0.0125,xy,q25_seed_isotonic,curve_first,12,0.08483173145020098,,,0.6792810697600805,-0.5944493383098796
WT_14__TO__SCA3_04,0.0125,xy,median_seed_isotonic,curve_first,12,0.11228700873282468,,,0.6792810697600805,-0.5669940610272558
WT_14__TO__SCA3_04,0.0125,xy,q75_seed_isotonic,curve_first,12,0.15494547615167908,,,0.6792810697600805,-0.5243355936084014
WT_14__TO__SCA3_04,0.0125,xyz,seed_median_curve_isotonic,curve_first,12,0.39814184938021974,,,0.6792810697600805,-0.2811392203798608
WT_14__TO__SCA3_04,0.0125,xyz,seed_median_curve_first,curve_first,12,0.39814184938021974,,,0.6792810697600805,-0.2811392203798608
WT_14__TO__SCA3_04,0.0125,xyz,seed_median_curve_persistent,curve_first,12,0.39814184938021974,,,0.6792810697600805,-0.2811392203798608
WT_14__TO__SCA3_04,0.0125,xyz,q25_seed_isotonic,curve_first,12,0.3961059805637925,,,0.6792810697600805,-0.28317508919628803
WT_14__TO__SCA3_04,0.0125,xyz,median_seed_isotonic,curve_first,12,0.3986762841392184,,,0.6792810697600805,-0.2806047856208621
WT_14__TO__SCA3_04,0.0125,xyz,q75_seed_isotonic,curve_first,12,0.40594938882520126,,,0.6792810697600805,-0.27333168093487925
WT_14__TO__SCA3_04,0.0125,z,seed_median_curve_isotonic,curve_first,12,0.41878334638493153,,,0.6792810697600805,-0.260497723375149
WT_14__TO__SCA3_04,0.0125,z,seed_median_curve_first,curve_first,12,0.41878334638493153,,,0.6792810697600805,-0.260497723375149
WT_14__TO__SCA3_04,0.0125,z,seed_median_curve_persistent,curve_first,12,0.41878334638493153,,,0.6792810697600805,-0.260497723375149
WT_14__TO__SCA3_04,0.0125,z,q25_seed_isotonic,curve_first,12,0.4102610419351102,,,0.6792810697600805,-0.2690200278249703
WT_14__TO__SCA3_04,0.0125,z,median_seed_isotonic,curve_first,12,0.41466363736165934,,,0.6792810697600805,-0.26461743239842117
WT_14__TO__SCA3_04,0.0125,z,q75_seed_isotonic,curve_first,12,0.4362205189518357,,,0.6792810697600805,-0.2430605508082448
WT_14__TO__SCA3_04,0.025,xy,seed_median_curve_isotonic,curve_first,12,0.14216305590357564,,,0.6792810697600805,-0.5371180138565048
WT_14__TO__SCA3_04,0.025,xy,seed_median_curve_first,curve_first,12,0.14216305590357564,,,0.6792810697600805,-0.5371180138565048
WT_14__TO__SCA3_04,0.025,xy,seed_median_curve_persistent,curve_first,12,0.14216305590357564,,,0.6792810697600805,-0.5371180138565048
WT_14__TO__SCA3_04,0.025,xy,q25_seed_isotonic,curve_first,12,0.09812302517133456,,,0.6792810697600805,-0.581158044588746
WT_14__TO__SCA3_04,0.025,xy,median_seed_isotonic,curve_first,12,0.14415223639284772,,,0.6792810697600805,-0.5351288333672328
WT_14__TO__SCA3_04,0.025,xy,q75_seed_isotonic,curve_first,12,0.15186241320538663,,,0.6792810697600805,-0.5274186565546939
WT_14__TO__SCA3_04,0.025,xyz,seed_median_curve_isotonic,curve_first,12,0.40614828219308863,,,0.6792810697600805,-0.2731327875669919
WT_14__TO__SCA3_04,0.025,xyz,seed_median_curve_first,curve_first,12,0.40614828219308863,,,0.6792810697600805,-0.2731327875669919
WT_14__TO__SCA3_04,0.025,xyz,seed_median_curve_persistent,curve_first,12,0.40614828219308863,,,0.6792810697600805,-0.2731327875669919
WT_14__TO__SCA3_04,0.025,xyz,q25_seed_isotonic,curve_first,12,0.39239950569778936,,,0.6792810697600805,-0.28688156406229115
WT_14__TO__SCA3_04,0.025,xyz,median_seed_isotonic,curve_first,12,0.4044575909520612,,,0.6792810697600805,-0.27482347880801933
WT_14__TO__SCA3_04,0.025,xyz,q75_seed_isotonic,curve_first,12,0.4116909948508,,,0.6792810697600805,-0.2675900749092805
WT_14__TO__SCA3_04,0.025,z,seed_median_curve_isotonic,curve_first,12,0.4178703575722114,,,0.6792810697600805,-0.2614107121878691
WT_14__TO__SCA3_04,0.025,z,seed_median_curve_first,curve_first,12,0.4178703575722114,,,0.6792810697600805,-0.2614107121878691
WT_14__TO__SCA3_04,0.025,z,seed_median_curve_persistent,curve_first,12,0.4178703575722114,,,0.6792810697600805,-0.2614107121878691
WT_14__TO__SCA3_04,0.025,z,q25_seed_isotonic,curve_first,12,0.4099345766690805,,,0.6792810697600805,-0.269346493091
WT_14__TO__SCA3_04,0.025,z,median_seed_isotonic,curve_first,12,0.41156030508350366,,,0.6792810697600805,-0.26772076467657685
WT_14__TO__SCA3_04,0.025,z,q75_seed_isotonic,curve_first,12,0.44156659570665413,,,0.6792810697600805,-0.23771447405342638
WT_14__TO__SCA3_04,0.05,xy,seed_median_curve_isotonic,curve_first,12,0.21175678493874042,,,0.6792810697600805,-0.4675242848213401
WT_14__TO__SCA3_04,0.05,xy,seed_median_curve_first,curve_first,12,0.21175678493874042,,,0.6792810697600805,-0.4675242848213401
WT_14__TO__SCA3_04,0.05,xy,seed_median_curve_persistent,curve_first,12,0.21175678493874042,,,0.6792810697600805,-0.4675242848213401
WT_14__TO__SCA3_04,0.05,xy,q25_seed_isotonic,curve_first,12,0.2003993036147705,,,0.6792810697600805,-0.47888176614531
WT_14__TO__SCA3_04,0.05,xy,median_seed_isotonic,curve_first,12,0.21042905745089283,,,0.6792810697600805,-0.4688520123091877
WT_14__TO__SCA3_04,0.05,xy,q75_seed_isotonic,curve_first,12,0.24459797099840166,,,0.6792810697600805,-0.4346830987616789
WT_14__TO__SCA3_04,0.05,xyz,seed_median_curve_isotonic,curve_first,12,0.41317432920008007,,,0.6792810697600805,-0.26610674056000044
WT_14__TO__SCA3_04,0.05,xyz,seed_median_curve_first,curve_first,12,0.41317432920008007,,,0.6792810697600805,-0.26610674056000044
WT_14__TO__SCA3_04,0.05,xyz,seed_median_curve_persistent,curve_first,12,0.41317432920008007,,,0.6792810697600805,-0.26610674056000044
WT_14__TO__SCA3_04,0.05,xyz,q25_seed_isotonic,curve_first,12,0.39801782038618083,,,0.6792810697600805,-0.2812632493738997
WT_14__TO__SCA3_04,0.05,xyz,median_seed_isotonic,curve_first,12,0.4117338212861912,,,0.6792810697600805,-0.26754724847388933
WT_14__TO__SCA3_04,0.05,xyz,q75_seed_isotonic,curve_first,12,0.41933756024875507,,,0.6792810697600805,-0.25994350951132544
WT_14__TO__SCA3_04,0.05,z,seed_median_curve_isotonic,curve_first,12,0.41895183019139237,,,0.6792810697600805,-0.26032923956868814
WT_14__TO__SCA3_04,0.05,z,seed_median_curve_first,curve_first,12,0.41895183019139237,,,0.6792810697600805,-0.26032923956868814
WT_14__TO__SCA3_04,0.05,z,seed_median_curve_persistent,curve_first,12,0.41895183019139237,,,0.6792810697600805,-0.26032923956868814
WT_14__TO__SCA3_04,0.05,z,q25_seed_isotonic,curve_first,12,0.4072990665938897,,,0.6792810697600805,-0.2719820031661908
WT_14__TO__SCA3_04,0.05,z,median_seed_isotonic,curve_first,12,0.40806473160170376,,,0.6792810697600805,-0.27121633815837676
WT_14__TO__SCA3_04,0.05,z,q75_seed_isotonic,curve_first,12,0.43416187966161535,,,0.6792810697600805,-0.24511919009846517
WT_14__TO__SCA3_06,0.0125,xy,seed_median_curve_isotonic,curve_first,2,0.26615817944132775,,,0.6377356054563533,-0.3715774260150256
WT_14__TO__SCA3_06,0.0125,xy,seed_median_curve_first,curve_first,2,0.24404024212814515,,,0.6377356054563533,-0.3936953633282082
WT_14__TO__SCA3_06,0.0125,xy,seed_median_curve_persistent,curve_first,2,0.47441835381158787,,,0.6377356054563533,-0.16331725164476546
WT_14__TO__SCA3_06,0.0125,xy,q25_seed_isotonic,curve_first,2,0.12301722360397316,,,0.6377356054563533,-0.5147183818523802
WT_14__TO__SCA3_06,0.0125,xy,median_seed_isotonic,curve_first,2,0.31821027874112123,,,0.6377356054563533,-0.3195253267152321
WT_14__TO__SCA3_06,0.0125,xy,q75_seed_isotonic,curve_first,2,0.333494703600703,,,0.6377356054563533,-0.30424090185565034
WT_14__TO__SCA3_06,0.0125,xyz,seed_median_curve_isotonic,curve_first,2,0.2564921830870421,,,0.6377356054563533,-0.38124342236931125
WT_14__TO__SCA3_06,0.0125,xyz,seed_median_curve_first,curve_first,2,0.2417487052274999,,,0.6377356054563533,-0.3959869002288534
WT_14__TO__SCA3_06,0.0125,xyz,seed_median_curve_persistent,curve_first,2,0.2417487052274999,,,0.6377356054563533,-0.3959869002288534
WT_14__TO__SCA3_06,0.0125,xyz,q25_seed_isotonic,curve_first,2,0.08985876504604418,,,0.6377356054563533,-0.5478768404103092
WT_14__TO__SCA3_06,0.0125,xyz,median_seed_isotonic,curve_first,2,0.16812608566547482,,,0.6377356054563533,-0.4696095197908785
WT_14__TO__SCA3_06,0.0125,xyz,q75_seed_isotonic,curve_first,2,0.18661668834761144,,,0.6377356054563533,-0.45111891710874186
WT_14__TO__SCA3_06,0.0125,z,seed_median_curve_isotonic,curve_first,2,0.26450471317127766,,,0.6377356054563533,-0.37323089228507567
WT_14__TO__SCA3_06,0.0125,z,seed_median_curve_first,curve_first,2,0.24224099761283308,,,0.6377356054563533,-0.39549460784352025
WT_14__TO__SCA3_06,0.0125,z,seed_median_curve_persistent,curve_first,2,0.32727744086325394,,,0.6377356054563533,-0.3104581645930994
WT_14__TO__SCA3_06,0.0125,z,q25_seed_isotonic,curve_first,2,0.16584435756106394,,,0.6377356054563533,-0.47189124789528936
WT_14__TO__SCA3_06,0.0125,z,median_seed_isotonic,curve_first,2,0.18304244634062072,,,0.6377356054563533,-0.4546931591157326
WT_14__TO__SCA3_06,0.0125,z,q75_seed_isotonic,curve_first,2,0.472495104917972,,,0.6377356054563533,-0.16524050053838135
WT_14__TO__SCA3_06,0.025,xy,seed_median_curve_isotonic,curve_first,2,0.25220173474954183,,,0.6377356054563533,-0.3855338707068115
WT_14__TO__SCA3_06,0.025,xy,seed_median_curve_first,curve_first,2,0.2389875733008907,,,0.6377356054563533,-0.3987480321554626
WT_14__TO__SCA3_06,0.025,xy,seed_median_curve_persistent,curve_first,2,0.34793376562544653,,,0.6377356054563533,-0.2898018398309068
WT_14__TO__SCA3_06,0.025,xy,q25_seed_isotonic,curve_first,2,0.16280333411083486,,,0.6377356054563533,-0.47493227134551846
WT_14__TO__SCA3_06,0.025,xy,median_seed_isotonic,curve_first,2,0.22343742361814575,,,0.6377356054563533,-0.41429818183820755
WT_14__TO__SCA3_06,0.025,xy,q75_seed_isotonic,curve_first,2,0.23603178677354775,,,0.6377356054563533,-0.4017038186828056
WT_14__TO__SCA3_06,0.025,xyz,seed_median_curve_isotonic,curve_first,2,0.25713228032007746,,,0.6377356054563533,-0.38060332513627587
WT_14__TO__SCA3_06,0.025,xyz,seed_median_curve_first,curve_first,2,0.24431461287021589,,,0.6377356054563533,-0.39342099258613744
WT_14__TO__SCA3_06,0.025,xyz,seed_median_curve_persistent,curve_first,2,0.24431461287021589,,,0.6377356054563533,-0.39342099258613744
WT_14__TO__SCA3_06,0.025,xyz,q25_seed_isotonic,curve_first,2,0.09376700081107628,,,0.6377356054563533,-0.5439686046452771
WT_14__TO__SCA3_06,0.025,xyz,median_seed_isotonic,curve_first,2,0.16536215042490074,,,0.6377356054563533,-0.47237345503145256
WT_14__TO__SCA3_06,0.025,xyz,q75_seed_isotonic,curve_first,2,0.18698660353758445,,,0.6377356054563533,-0.4507490019187689
WT_14__TO__SCA3_06,0.025,z,seed_median_curve_isotonic,curve_first,2,0.26490910761243913,,,0.6377356054563533,-0.3728264978439142
WT_14__TO__SCA3_06,0.025,z,seed_median_curve_first,curve_first,2,0.2428100583041253,,,0.6377356054563533,-0.39492554715222805
WT_14__TO__SCA3_06,0.025,z,seed_median_curve_persistent,curve_first,2,0.3278938193132733,,,0.6377356054563533,-0.30984178614308
WT_14__TO__SCA3_06,0.025,z,q25_seed_isotonic,curve_first,2,0.16542380958735442,,,0.6377356054563533,-0.4723117958689989
WT_14__TO__SCA3_06,0.025,z,median_seed_isotonic,curve_first,2,0.18355478469304592,,,0.6377356054563533,-0.4541808207633074
WT_14__TO__SCA3_06,0.025,z,q75_seed_isotonic,curve_first,2,0.47418811446229553,,,0.6377356054563533,-0.1635474909940578
WT_14__TO__SCA3_06,0.05,xy,seed_median_curve_isotonic,curve_first,2,0.4752881977702048,,,0.6377356054563533,-0.16244740768614852
WT_14__TO__SCA3_06,0.05,xy,seed_median_curve_first,curve_first,2,0.06465345199027916,,,0.6377356054563533,-0.5730821534660742
WT_14__TO__SCA3_06,0.05,xy,seed_median_curve_persistent,curve_first,2,0.483637380626652,,,0.6377356054563533,-0.1540982248297013
WT_14__TO__SCA3_06,0.05,xy,q25_seed_isotonic,curve_first,2,0.2432087278786525,,,0.6377356054563533,-0.39452687757770083
WT_14__TO__SCA3_06,0.05,xy,median_seed_isotonic,curve_first,2,0.33315785666958964,,,0.6377356054563533,-0.3045777487867637
WT_14__TO__SCA3_06,0.05,xy,q75_seed_isotonic,curve_first,2,0.344400722499046,,,0.6377356054563533,-0.2933348829573073
WT_14__TO__SCA3_06,0.05,xyz,seed_median_curve_isotonic,curve_first,2,0.26602588684761314,,,0.6377356054563533,-0.3717097186087402
WT_14__TO__SCA3_06,0.05,xyz,seed_median_curve_first,curve_first,2,0.2452224134347653,,,0.6377356054563533,-0.392513192021588
WT_14__TO__SCA3_06,0.05,xyz,seed_median_curve_persistent,curve_first,2,0.48210107720357664,,,0.6377356054563533,-0.15563452825277668
WT_14__TO__SCA3_06,0.05,xyz,q25_seed_isotonic,curve_first,2,0.10089812115190436,,,0.6377356054563533,-0.536837484304449
WT_14__TO__SCA3_06,0.05,xyz,median_seed_isotonic,curve_first,2,0.16738656973110058,,,0.6377356054563533,-0.4703490357252528
WT_14__TO__SCA3_06,0.05,xyz,q75_seed_isotonic,curve_first,2,0.18975064844711226,,,0.6377356054563533,-0.44798495700924107
WT_14__TO__SCA3_06,0.05,z,seed_median_curve_isotonic,curve_first,2,0.2627971548610142,,,0.6377356054563533,-0.37493845059533915
WT_14__TO__SCA3_06,0.05,z,seed_median_curve_first,curve_first,2,0.24257365446559218,,,0.6377356054563533,-0.3951619509907611
WT_14__TO__SCA3_06,0.05,z,seed_median_curve_persistent,curve_first,2,0.3248687514847937,,,0.6377356054563533,-0.3128668539715596
WT_14__TO__SCA3_06,0.05,z,q25_seed_isotonic,curve_first,2,0.16382863416978877,,,0.6377356054563533,-0.47390697128656456
WT_14__TO__SCA3_06,0.05,z,median_seed_isotonic,curve_first,2,0.18460112842154833,,,0.6377356054563533,-0.453134477034805
WT_14__TO__SCA3_06,0.05,z,q75_seed_isotonic,curve_first,2,0.467931525715609,,,0.6377356054563533,-0.16980407974074435
WT_14__TO__SCA3_09,0.0125,xy,seed_median_curve_isotonic,curve_first,6,0.05596318980921117,,,0.6057930916504184,-0.5498299018412072
WT_14__TO__SCA3_09,0.0125,xy,seed_median_curve_first,curve_first,6,0.05596318980921117,,,0.6057930916504184,-0.5498299018412072
WT_14__TO__SCA3_09,0.0125,xy,seed_median_curve_persistent,curve_first,6,0.05596318980921117,,,0.6057930916504184,-0.5498299018412072
WT_14__TO__SCA3_09,0.0125,xy,q25_seed_isotonic,curve_first,6,0.041504388548081264,,,0.6057930916504184,-0.5642887031023371
WT_14__TO__SCA3_09,0.0125,xy,median_seed_isotonic,curve_first,6,0.054287414107522684,,,0.6057930916504184,-0.5515056775428957
WT_14__TO__SCA3_09,0.0125,xy,q75_seed_isotonic,curve_first,6,0.08578175875241063,,,0.6057930916504184,-0.5200113328980077
WT_14__TO__SCA3_09,0.0125,xyz,seed_median_curve_isotonic,curve_first,6,0.40865706996081197,,,0.6057930916504184,-0.19713602168960642
WT_14__TO__SCA3_09,0.0125,xyz,seed_median_curve_first,curve_first,6,0.40865706996081197,,,0.6057930916504184,-0.19713602168960642
WT_14__TO__SCA3_09,0.0125,xyz,seed_median_curve_persistent,curve_first,6,0.40865706996081197,,,0.6057930916504184,-0.19713602168960642
WT_14__TO__SCA3_09,0.0125,xyz,q25_seed_isotonic,curve_first,6,0.37846921566315866,,,0.6057930916504184,-0.22732387598725973
WT_14__TO__SCA3_09,0.0125,xyz,median_seed_isotonic,curve_first,6,0.40865706996081197,,,0.6057930916504184,-0.19713602168960642
WT_14__TO__SCA3_09,0.0125,xyz,q75_seed_isotonic,curve_first,6,0.5345523335528763,,,0.6057930916504184,-0.07124075809754205
WT_14__TO__SCA3_09,0.0125,z,seed_median_curve_isotonic,curve_first,6,0.492271542499063,,,0.6057930916504184,-0.11352154915135537
WT_14__TO__SCA3_09,0.0125,z,seed_median_curve_first,curve_first,6,0.492271542499063,,,0.6057930916504184,-0.11352154915135537
WT_14__TO__SCA3_09,0.0125,z,seed_median_curve_persistent,curve_first,6,0.492271542499063,,,0.6057930916504184,-0.11352154915135537
WT_14__TO__SCA3_09,0.0125,z,q25_seed_isotonic,curve_first,6,0.4863923111384006,,,0.6057930916504184,-0.1194007805120178
WT_14__TO__SCA3_09,0.0125,z,median_seed_isotonic,curve_first,6,0.49047980162914756,,,0.6057930916504184,-0.11531329002127083
WT_14__TO__SCA3_09,0.0125,z,q75_seed_isotonic,curve_first,6,0.5591453272945054,,,0.6057930916504184,-0.046647764355913
WT_14__TO__SCA3_09,0.025,xy,seed_median_curve_isotonic,curve_first,6,0.058907152106852906,,,0.6057930916504184,-0.5468859395435655
WT_14__TO__SCA3_09,0.025,xy,seed_median_curve_first,curve_first,6,0.058907152106852906,,,0.6057930916504184,-0.5468859395435655
WT_14__TO__SCA3_09,0.025,xy,seed_median_curve_persistent,curve_first,6,0.058907152106852906,,,0.6057930916504184,-0.5468859395435655
WT_14__TO__SCA3_09,0.025,xy,q25_seed_isotonic,curve_first,6,0.04371742064946356,,,0.6057930916504184,-0.5620756710009548
WT_14__TO__SCA3_09,0.025,xy,median_seed_isotonic,curve_first,6,0.058907152106852906,,,0.6057930916504184,-0.5468859395435655
WT_14__TO__SCA3_09,0.025,xy,q75_seed_isotonic,curve_first,6,0.0980003895738912,,,0.6057930916504184,-0.5077927020765272
WT_14__TO__SCA3_09,0.025,xyz,seed_median_curve_isotonic,curve_first,6,0.4142749910900846,,,0.6057930916504184,-0.1915181005603338
WT_14__TO__SCA3_09,0.025,xyz,seed_median_curve_first,curve_first,6,0.4126164707892268,,,0.6057930916504184,-0.19317662086119158
WT_14__TO__SCA3_09,0.025,xyz,seed_median_curve_persistent,curve_first,6,0.4126164707892268,,,0.6057930916504184,-0.19317662086119158
WT_14__TO__SCA3_09,0.025,xyz,q25_seed_isotonic,curve_first,6,0.39565082269537305,,,0.6057930916504184,-0.21014226895504534
WT_14__TO__SCA3_09,0.025,xyz,median_seed_isotonic,curve_first,6,0.40327983820750174,,,0.6057930916504184,-0.20251325344291665
WT_14__TO__SCA3_09,0.025,xyz,q75_seed_isotonic,curve_first,6,0.5403282933420614,,,0.6057930916504184,-0.06546479830835694
WT_14__TO__SCA3_09,0.025,z,seed_median_curve_isotonic,curve_first,6,0.4976012998469092,,,0.6057930916504184,-0.10819179180350919
WT_14__TO__SCA3_09,0.025,z,seed_median_curve_first,curve_first,6,0.4977455029484199,,,0.6057930916504184,-0.10804758870199849
WT_14__TO__SCA3_09,0.025,z,seed_median_curve_persistent,curve_first,6,0.4977455029484199,,,0.6057930916504184,-0.10804758870199849
WT_14__TO__SCA3_09,0.025,z,q25_seed_isotonic,curve_first,6,0.48929302779723927,,,0.6057930916504184,-0.11650006385317913
WT_14__TO__SCA3_09,0.025,z,median_seed_isotonic,curve_first,6,0.49736385253219006,,,0.6057930916504184,-0.10842923911822833
WT_14__TO__SCA3_09,0.025,z,q75_seed_isotonic,curve_first,6,0.5588780473148871,,,0.6057930916504184,-0.046915044335531286
WT_14__TO__SCA3_09,0.05,xy,seed_median_curve_isotonic,curve_first,6,0.10095901575630797,,,0.6057930916504184,-0.5048340758941104
WT_14__TO__SCA3_09,0.05,xy,seed_median_curve_first,curve_first,6,0.10095901575630797,,,0.6057930916504184,-0.5048340758941104
WT_14__TO__SCA3_09,0.05,xy,seed_median_curve_persistent,curve_first,6,0.10095901575630797,,,0.6057930916504184,-0.5048340758941104
WT_14__TO__SCA3_09,0.05,xy,q25_seed_isotonic,curve_first,6,0.047182262818406887,,,0.6057930916504184,-0.5586108288320115
WT_14__TO__SCA3_09,0.05,xy,median_seed_isotonic,curve_first,6,0.10095901575630797,,,0.6057930916504184,-0.5048340758941104
WT_14__TO__SCA3_09,0.05,xy,q75_seed_isotonic,curve_first,6,0.138933264192715,,,0.6057930916504184,-0.4668598274577034
WT_14__TO__SCA3_09,0.05,xyz,seed_median_curve_isotonic,curve_first,6,0.4725000580183277,,,0.6057930916504184,-0.13329303363209072
WT_14__TO__SCA3_09,0.05,xyz,seed_median_curve_first,curve_first,6,0.4725000580183277,,,0.6057930916504184,-0.13329303363209072
WT_14__TO__SCA3_09,0.05,xyz,seed_median_curve_persistent,curve_first,6,0.4725000580183277,,,0.6057930916504184,-0.13329303363209072
WT_14__TO__SCA3_09,0.05,xyz,q25_seed_isotonic,curve_first,6,0.430012173792087,,,0.6057930916504184,-0.1757809178583314
WT_14__TO__SCA3_09,0.05,xyz,median_seed_isotonic,curve_first,6,0.4542204001320007,,,0.6057930916504184,-0.15157269151841768
WT_14__TO__SCA3_09,0.05,xyz,q75_seed_isotonic,curve_first,6,0.5456571491955127,,,0.6057930916504184,-0.06013594245490572
WT_14__TO__SCA3_09,0.05,z,seed_median_curve_isotonic,curve_first,6,0.4967511071175259,,,0.6057930916504184,-0.10904198453289249
WT_14__TO__SCA3_09,0.05,z,seed_median_curve_first,curve_first,6,0.4968860369607291,,,0.6057930916504184,-0.10890705468968931
WT_14__TO__SCA3_09,0.05,z,seed_median_curve_persistent,curve_first,6,0.4968860369607291,,,0.6057930916504184,-0.10890705468968931
WT_14__TO__SCA3_09,0.05,z,q25_seed_isotonic,curve_first,6,0.48643948420196403,,,0.6057930916504184,-0.11935360744845436
WT_14__TO__SCA3_09,0.05,z,median_seed_isotonic,curve_first,6,0.4964839824189966,,,0.6057930916504184,-0.10930910923142179
WT_14__TO__SCA3_09,0.05,z,q75_seed_isotonic,curve_first,6,0.5578532723519318,,,0.6057930916504184,-0.04793981929848656
WT_16__TO__SCA3_01,0.0125,xy,seed_median_curve_isotonic,curve_first,2,0.8711900014945084,,,0.7598974899669864,0.11129251152752206
WT_16__TO__SCA3_01,0.0125,xy,seed_median_curve_first,curve_first,2,0.8711900014945084,,,0.7598974899669864,0.11129251152752206
WT_16__TO__SCA3_01,0.0125,xy,seed_median_curve_persistent,curve_first,2,0.8711900014945084,,,0.7598974899669864,0.11129251152752206
WT_16__TO__SCA3_01,0.0125,xy,q25_seed_isotonic,curve_first,2,0.8663407421986664,,,0.7598974899669864,0.10644325223168005
WT_16__TO__SCA3_01,0.0125,xy,median_seed_isotonic,curve_first,2,0.8730972573898426,,,0.7598974899669864,0.1131997674228562
WT_16__TO__SCA3_01,0.0125,xy,q75_seed_isotonic,curve_first,2,0.8768976270707763,,,0.7598974899669864,0.11700013710378998
WT_16__TO__SCA3_01,0.0125,xyz,seed_median_curve_isotonic,curve_first,2,0.7473559402536367,,,0.7598974899669864,-0.012541549713349642
WT_16__TO__SCA3_01,0.0125,xyz,seed_median_curve_first,curve_first,2,0.7473559402536367,,,0.7598974899669864,-0.012541549713349642
WT_16__TO__SCA3_01,0.0125,xyz,seed_median_curve_persistent,curve_first,2,0.7473559402536367,,,0.7598974899669864,-0.012541549713349642
WT_16__TO__SCA3_01,0.0125,xyz,q25_seed_isotonic,curve_first,2,0.7165529160664731,,,0.7598974899669864,-0.04334457390051327
WT_16__TO__SCA3_01,0.0125,xyz,median_seed_isotonic,curve_first,2,0.7473559402536367,,,0.7598974899669864,-0.012541549713349642
WT_16__TO__SCA3_01,0.0125,xyz,q75_seed_isotonic,curve_first,2,0.8536694912418131,,,0.7598974899669864,0.09377200127482677
WT_16__TO__SCA3_01,0.0125,z,seed_median_curve_isotonic,curve_first,2,0.8694050405453059,,,0.7598974899669864,0.10950755057831951
WT_16__TO__SCA3_01,0.0125,z,seed_median_curve_first,curve_first,2,0.8694050405453059,,,0.7598974899669864,0.10950755057831951
WT_16__TO__SCA3_01,0.0125,z,seed_median_curve_persistent,curve_first,2,0.8694050405453059,,,0.7598974899669864,0.10950755057831951
WT_16__TO__SCA3_01,0.0125,z,q25_seed_isotonic,curve_first,2,0.7998735515878187,,,0.7598974899669864,0.03997606162083234
WT_16__TO__SCA3_01,0.0125,z,median_seed_isotonic,curve_first,2,0.8694050405453059,,,0.7598974899669864,0.10950755057831951
WT_16__TO__SCA3_01,0.0125,z,q75_seed_isotonic,curve_first,2,0.9669039431260278,,,0.7598974899669864,0.20700645315904143
WT_16__TO__SCA3_01,0.025,xy,seed_median_curve_isotonic,curve_first,2,0.8419784398294949,,,0.7598974899669864,0.08208094986250858
WT_16__TO__SCA3_01,0.025,xy,seed_median_curve_first,curve_first,2,0.8419784398294949,,,0.7598974899669864,0.08208094986250858
WT_16__TO__SCA3_01,0.025,xy,seed_median_curve_persistent,curve_first,2,0.8419784398294949,,,0.7598974899669864,0.08208094986250858
WT_16__TO__SCA3_01,0.025,xy,q25_seed_isotonic,curve_first,2,0.8246277576988851,,,0.7598974899669864,0.06473026773189872
WT_16__TO__SCA3_01,0.025,xy,median_seed_isotonic,curve_first,2,0.85070410452875,,,0.7598974899669864,0.09080661456176364
WT_16__TO__SCA3_01,0.025,xy,q75_seed_isotonic,curve_first,2,0.8552563340783084,,,0.7598974899669864,0.095358844111322
WT_16__TO__SCA3_01,0.025,xyz,seed_median_curve_isotonic,curve_first,2,0.7473304526114448,,,0.7598974899669864,-0.012567037355541544
WT_16__TO__SCA3_01,0.025,xyz,seed_median_curve_first,curve_first,2,0.7473304526114448,,,0.7598974899669864,-0.012567037355541544
WT_16__TO__SCA3_01,0.025,xyz,seed_median_curve_persistent,curve_first,2,0.7473304526114448,,,0.7598974899669864,-0.012567037355541544
WT_16__TO__SCA3_01,0.025,xyz,q25_seed_isotonic,curve_first,2,0.7166393313959292,,,0.7598974899669864,-0.04325815857105719
WT_16__TO__SCA3_01,0.025,xyz,median_seed_isotonic,curve_first,2,0.7473304526114448,,,0.7598974899669864,-0.012567037355541544
WT_16__TO__SCA3_01,0.025,xyz,q75_seed_isotonic,curve_first,2,0.8436205713852211,,,0.7598974899669864,0.0837230814182347
WT_16__TO__SCA3_01,0.025,z,seed_median_curve_isotonic,curve_first,2,0.855777490936687,,,0.7598974899669864,0.09588000096970062
WT_16__TO__SCA3_01,0.025,z,seed_median_curve_first,curve_first,2,0.855777490936687,,,0.7598974899669864,0.09588000096970062
WT_16__TO__SCA3_01,0.025,z,seed_median_curve_persistent,curve_first,2,0.855777490936687,,,0.7598974899669864,0.09588000096970062
WT_16__TO__SCA3_01,0.025,z,q25_seed_isotonic,curve_first,2,0.8020848326045401,,,0.7598974899669864,0.04218734263755375
WT_16__TO__SCA3_01,0.025,z,median_seed_isotonic,curve_first,2,0.855777490936687,,,0.7598974899669864,0.09588000096970062
WT_16__TO__SCA3_01,0.025,z,q75_seed_isotonic,curve_first,2,0.9601007429315908,,,0.7598974899669864,0.2002032529646044
WT_16__TO__SCA3_01,0.05,xy,seed_median_curve_isotonic,curve_first,2,0.8352848776854006,,,0.7598974899669864,0.07538738771841424
WT_16__TO__SCA3_01,0.05,xy,seed_median_curve_first,curve_first,2,0.8352848776854006,,,0.7598974899669864,0.07538738771841424
WT_16__TO__SCA3_01,0.05,xy,seed_median_curve_persistent,curve_first,2,0.8352848776854006,,,0.7598974899669864,0.07538738771841424
WT_16__TO__SCA3_01,0.05,xy,q25_seed_isotonic,curve_first,2,0.7891246850396453,,,0.7598974899669864,0.029227195072658918
WT_16__TO__SCA3_01,0.05,xy,median_seed_isotonic,curve_first,2,0.8352848776854006,,,0.7598974899669864,0.07538738771841424
WT_16__TO__SCA3_01,0.05,xy,q75_seed_isotonic,curve_first,2,0.8420318651129265,,,0.7598974899669864,0.08213437514594013
WT_16__TO__SCA3_01,0.05,xyz,seed_median_curve_isotonic,curve_first,2,0.747089794708109,,,0.7598974899669864,-0.012807695258877372
WT_16__TO__SCA3_01,0.05,xyz,seed_median_curve_first,curve_first,2,0.747089794708109,,,0.7598974899669864,-0.012807695258877372
WT_16__TO__SCA3_01,0.05,xyz,seed_median_curve_persistent,curve_first,2,0.747089794708109,,,0.7598974899669864,-0.012807695258877372
WT_16__TO__SCA3_01,0.05,xyz,q25_seed_isotonic,curve_first,2,0.7242087847885363,,,0.7598974899669864,-0.03568870517845002
WT_16__TO__SCA3_01,0.05,xyz,median_seed_isotonic,curve_first,2,0.747089794708109,,,0.7598974899669864,-0.012807695258877372
WT_16__TO__SCA3_01,0.05,xyz,q75_seed_isotonic,curve_first,2,0.8203454256797833,,,0.7598974899669864,0.06044793571279694
WT_16__TO__SCA3_01,0.05,z,seed_median_curve_isotonic,curve_first,2,0.8573416101230613,,,0.7598974899669864,0.09744412015607495
WT_16__TO__SCA3_01,0.05,z,seed_median_curve_first,curve_first,2,0.8573416101230613,,,0.7598974899669864,0.09744412015607495
WT_16__TO__SCA3_01,0.05,z,seed_median_curve_persistent,curve_first,2,0.8573416101230613,,,0.7598974899669864,0.09744412015607495
WT_16__TO__SCA3_01,0.05,z,q25_seed_isotonic,curve_first,2,0.8178309935610762,,,0.7598974899669864,0.057933503594089886
WT_16__TO__SCA3_01,0.05,z,median_seed_isotonic,curve_first,2,0.8573416101230613,,,0.7598974899669864,0.09744412015607495
WT_16__TO__SCA3_01,0.05,z,q75_seed_isotonic,curve_first,2,0.9661639098022164,,,0.7598974899669864,0.20626641983523009
WT_16__TO__SCA3_04,0.0125,xy,seed_median_curve_isotonic,curve_first,6,0.4653235311015574,,,0.8661037291468696,-0.40078019804531223
WT_16__TO__SCA3_04,0.0125,xy,seed_median_curve_first,curve_first,6,0.4653235311015574,,,0.8661037291468696,-0.40078019804531223
WT_16__TO__SCA3_04,0.0125,xy,seed_median_curve_persistent,curve_first,6,0.4653235311015574,,,0.8661037291468696,-0.40078019804531223
WT_16__TO__SCA3_04,0.0125,xy,q25_seed_isotonic,curve_first,6,0.4629615032585923,,,0.8661037291468696,-0.4031422258882773
WT_16__TO__SCA3_04,0.0125,xy,median_seed_isotonic,curve_first,6,0.4653235311015574,,,0.8661037291468696,-0.40078019804531223
WT_16__TO__SCA3_04,0.0125,xy,q75_seed_isotonic,curve_first,6,0.4786252854662502,,,0.8661037291468696,-0.3874784436806194
WT_16__TO__SCA3_04,0.0125,xyz,seed_median_curve_isotonic,curve_first,6,0.41341727395044875,,,0.8661037291468696,-0.45268645519642087
WT_16__TO__SCA3_04,0.0125,xyz,seed_median_curve_first,curve_first,6,0.41341727395044875,,,0.8661037291468696,-0.45268645519642087
WT_16__TO__SCA3_04,0.0125,xyz,seed_median_curve_persistent,curve_first,6,0.41341727395044875,,,0.8661037291468696,-0.45268645519642087
WT_16__TO__SCA3_04,0.0125,xyz,q25_seed_isotonic,curve_first,6,0.3773638142656398,,,0.8661037291468696,-0.4887399148812298
WT_16__TO__SCA3_04,0.0125,xyz,median_seed_isotonic,curve_first,6,0.41341727395044875,,,0.8661037291468696,-0.45268645519642087
WT_16__TO__SCA3_04,0.0125,xyz,q75_seed_isotonic,curve_first,6,0.443290284986045,,,0.8661037291468696,-0.4228134441608246
WT_16__TO__SCA3_04,0.0125,z,seed_median_curve_isotonic,curve_first,6,0.34380603781638397,,,0.8661037291468696,-0.5222976913304856
WT_16__TO__SCA3_04,0.0125,z,seed_median_curve_first,curve_first,6,0.34471646224798275,,,0.8661037291468696,-0.5213872668988868
WT_16__TO__SCA3_04,0.0125,z,seed_median_curve_persistent,curve_first,6,0.34471646224798275,,,0.8661037291468696,-0.5213872668988868
WT_16__TO__SCA3_04,0.0125,z,q25_seed_isotonic,curve_first,6,0.29345432148955003,,,0.8661037291468696,-0.5726494076573196
WT_16__TO__SCA3_04,0.0125,z,median_seed_isotonic,curve_first,6,0.310946660315485,,,0.8661037291468696,-0.5551570688313846
WT_16__TO__SCA3_04,0.0125,z,q75_seed_isotonic,curve_first,6,0.3810978920078308,,,0.8661037291468696,-0.48500583713903883
WT_16__TO__SCA3_04,0.025,xy,seed_median_curve_isotonic,curve_first,6,0.4805370908987543,,,0.8661037291468696,-0.3855666382481153
WT_16__TO__SCA3_04,0.025,xy,seed_median_curve_first,curve_first,6,0.4805370908987543,,,0.8661037291468696,-0.3855666382481153
WT_16__TO__SCA3_04,0.025,xy,seed_median_curve_persistent,curve_first,6,0.4805370908987543,,,0.8661037291468696,-0.3855666382481153
WT_16__TO__SCA3_04,0.025,xy,q25_seed_isotonic,curve_first,6,0.4724351587016839,,,0.8661037291468696,-0.3936685704451857
WT_16__TO__SCA3_04,0.025,xy,median_seed_isotonic,curve_first,6,0.4805370908987543,,,0.8661037291468696,-0.3855666382481153
WT_16__TO__SCA3_04,0.025,xy,q75_seed_isotonic,curve_first,6,0.49156745903072846,,,0.8661037291468696,-0.37453627011614116
WT_16__TO__SCA3_04,0.025,xyz,seed_median_curve_isotonic,curve_first,6,0.42229157133562417,,,0.8661037291468696,-0.44381215781124544
WT_16__TO__SCA3_04,0.025,xyz,seed_median_curve_first,curve_first,6,0.42229157133562417,,,0.8661037291468696,-0.44381215781124544
WT_16__TO__SCA3_04,0.025,xyz,seed_median_curve_persistent,curve_first,6,0.42229157133562417,,,0.8661037291468696,-0.44381215781124544
WT_16__TO__SCA3_04,0.025,xyz,q25_seed_isotonic,curve_first,6,0.37825753991458005,,,0.8661037291468696,-0.48784618923228956
WT_16__TO__SCA3_04,0.025,xyz,median_seed_isotonic,curve_first,6,0.42256860818802233,,,0.8661037291468696,-0.4435351209588473
WT_16__TO__SCA3_04,0.025,xyz,q75_seed_isotonic,curve_first,6,0.4432747965145836,,,0.8661037291468696,-0.422828932632286
WT_16__TO__SCA3_04,0.025,z,seed_median_curve_isotonic,curve_first,6,0.34126537600729173,,,0.8661037291468696,-0.5248383531395779
WT_16__TO__SCA3_04,0.025,z,seed_median_curve_first,curve_first,6,0.34126537600729173,,,0.8661037291468696,-0.5248383531395779
WT_16__TO__SCA3_04,0.025,z,seed_median_curve_persistent,curve_first,6,0.34126537600729173,,,0.8661037291468696,-0.5248383531395779
WT_16__TO__SCA3_04,0.025,z,q25_seed_isotonic,curve_first,6,0.28931664205602564,,,0.8661037291468696,-0.576787087090844
WT_16__TO__SCA3_04,0.025,z,median_seed_isotonic,curve_first,6,0.31426945626984637,,,0.8661037291468696,-0.5518342728770232
WT_16__TO__SCA3_04,0.025,z,q75_seed_isotonic,curve_first,6,0.38460498919843067,,,0.8661037291468696,-0.48149873994843895
WT_16__TO__SCA3_04,0.05,xy,seed_median_curve_isotonic,curve_first,6,0.4984870454626098,,,0.8661037291468696,-0.3676166836842598
WT_16__TO__SCA3_04,0.05,xy,seed_median_curve_first,curve_first,6,0.4984870454626098,,,0.8661037291468696,-0.3676166836842598
WT_16__TO__SCA3_04,0.05,xy,seed_median_curve_persistent,curve_first,6,0.4984870454626098,,,0.8661037291468696,-0.3676166836842598
WT_16__TO__SCA3_04,0.05,xy,q25_seed_isotonic,curve_first,6,0.4867855722889642,,,0.8661037291468696,-0.37931815685790543
WT_16__TO__SCA3_04,0.05,xy,median_seed_isotonic,curve_first,6,0.4980039680129507,,,0.8661037291468696,-0.3680997611339189
WT_16__TO__SCA3_04,0.05,xy,q75_seed_isotonic,curve_first,6,0.5051079565922563,,,0.8661037291468696,-0.36099577255461335
WT_16__TO__SCA3_04,0.05,xyz,seed_median_curve_isotonic,curve_first,6,0.437810726223305,,,0.8661037291468696,-0.4282930029235646
WT_16__TO__SCA3_04,0.05,xyz,seed_median_curve_first,curve_first,6,0.437810726223305,,,0.8661037291468696,-0.4282930029235646
WT_16__TO__SCA3_04,0.05,xyz,seed_median_curve_persistent,curve_first,6,0.437810726223305,,,0.8661037291468696,-0.4282930029235646
WT_16__TO__SCA3_04,0.05,xyz,q25_seed_isotonic,curve_first,6,0.39050743587886044,,,0.8661037291468696,-0.4755962932680092
WT_16__TO__SCA3_04,0.05,xyz,median_seed_isotonic,curve_first,6,0.44602746929565323,,,0.8661037291468696,-0.4200762598512164
WT_16__TO__SCA3_04,0.05,xyz,q75_seed_isotonic,curve_first,6,0.49231616664221545,,,0.8661037291468696,-0.37378756250465417
WT_16__TO__SCA3_04,0.05,z,seed_median_curve_isotonic,curve_first,6,0.3481442043573951,,,0.8661037291468696,-0.5179595247894745
WT_16__TO__SCA3_04,0.05,z,seed_median_curve_first,curve_first,6,0.3481442043573951,,,0.8661037291468696,-0.5179595247894745
WT_16__TO__SCA3_04,0.05,z,seed_median_curve_persistent,curve_first,6,0.3481442043573951,,,0.8661037291468696,-0.5179595247894745
WT_16__TO__SCA3_04,0.05,z,q25_seed_isotonic,curve_first,6,0.293368309509216,,,0.8661037291468696,-0.5727354196376536
WT_16__TO__SCA3_04,0.05,z,median_seed_isotonic,curve_first,6,0.32322254802181455,,,0.8661037291468696,-0.5428811811250551
WT_16__TO__SCA3_04,0.05,z,q75_seed_isotonic,curve_first,6,0.390276099673478,,,0.8661037291468696,-0.47582762947339163
WT_16__TO__SCA3_06,0.0125,xy,seed_median_curve_isotonic,curve_first,1,0.5691943812595868,,,0.7233203181726614,-0.15412593691307463
WT_16__TO__SCA3_06,0.0125,xy,seed_median_curve_first,curve_first,1,0.23086208488475893,,,0.7233203181726614,-0.4924582332879025
WT_16__TO__SCA3_06,0.0125,xy,seed_median_curve_persistent,curve_first,1,0.582550687555276,,,0.7233203181726614,-0.14076963061738546
WT_16__TO__SCA3_06,0.0125,xy,q25_seed_isotonic,curve_first,1,0.05515905171499569,,,0.7233203181726614,-0.6681612664576657
WT_16__TO__SCA3_06,0.0125,xy,median_seed_isotonic,curve_first,1,0.13625562090164062,,,0.7233203181726614,-0.5870646972710207
WT_16__TO__SCA3_06,0.0125,xy,q75_seed_isotonic,curve_first,1,0.47731653975905475,,,0.7233203181726614,-0.24600377841360666
WT_16__TO__SCA3_06,0.0125,xyz,seed_median_curve_isotonic,curve_first,1,0.4715211955056858,,,0.7233203181726614,-0.2517991226669756
WT_16__TO__SCA3_06,0.0125,xyz,seed_median_curve_first,curve_first,1,0.47046093608768536,,,0.7233203181726614,-0.25285938208497605
WT_16__TO__SCA3_06,0.0125,xyz,seed_median_curve_persistent,curve_first,1,0.5709672067851267,,,0.7233203181726614,-0.1523531113875347
WT_16__TO__SCA3_06,0.0125,xyz,q25_seed_isotonic,curve_first,1,0.03322398400836978,,,0.7233203181726614,-0.6900963341642916
WT_16__TO__SCA3_06,0.0125,xyz,median_seed_isotonic,curve_first,1,0.04531569183030275,,,0.7233203181726614,-0.6780046263423587
WT_16__TO__SCA3_06,0.0125,xyz,q75_seed_isotonic,curve_first,1,0.40788319047520544,,,0.7233203181726614,-0.31543712769745597
WT_16__TO__SCA3_06,0.0125,z,seed_median_curve_isotonic,curve_first,1,0.027895171345610034,,,0.7233203181726614,-0.6954251468270514
WT_16__TO__SCA3_06,0.0125,z,seed_median_curve_first,curve_first,1,0.027895171345610034,,,0.7233203181726614,-0.6954251468270514
WT_16__TO__SCA3_06,0.0125,z,seed_median_curve_persistent,curve_first,1,0.027895171345610034,,,0.7233203181726614,-0.6954251468270514
WT_16__TO__SCA3_06,0.0125,z,q25_seed_isotonic,curve_first,1,0.01829605058354676,,,0.7233203181726614,-0.7050242675891146
WT_16__TO__SCA3_06,0.0125,z,median_seed_isotonic,curve_first,1,0.024922838546210416,,,0.7233203181726614,-0.6983974796264509
WT_16__TO__SCA3_06,0.0125,z,q75_seed_isotonic,curve_first,1,0.12828748968495945,,,0.7233203181726614,-0.595032828487702
WT_16__TO__SCA3_06,0.025,xy,seed_median_curve_isotonic,curve_first,1,0.5692795532472106,,,0.7233203181726614,-0.15404076492545082
WT_16__TO__SCA3_06,0.025,xy,seed_median_curve_first,curve_first,1,0.23216448440004153,,,0.7233203181726614,-0.49115583377261984
WT_16__TO__SCA3_06,0.025,xy,seed_median_curve_persistent,curve_first,1,0.6365407100702102,,,0.7233203181726614,-0.08677960810245122
WT_16__TO__SCA3_06,0.025,xy,q25_seed_isotonic,curve_first,1,0.06206140082899438,,,0.7233203181726614,-0.661258917343667
WT_16__TO__SCA3_06,0.025,xy,median_seed_isotonic,curve_first,1,0.13761712761008266,,,0.7233203181726614,-0.5857031905625787
WT_16__TO__SCA3_06,0.025,xy,q75_seed_isotonic,curve_first,1,0.48237946465351467,,,0.7233203181726614,-0.24094085351914674
WT_16__TO__SCA3_06,0.025,xyz,seed_median_curve_isotonic,curve_first,1,0.473040995638269,,,0.7233203181726614,-0.2502793225343924
WT_16__TO__SCA3_06,0.025,xyz,seed_median_curve_first,curve_first,1,0.4711050259002927,,,0.7233203181726614,-0.2522152922723687
WT_16__TO__SCA3_06,0.025,xyz,seed_median_curve_persistent,curve_first,1,0.5701742533729033,,,0.7233203181726614,-0.15314606479975812
WT_16__TO__SCA3_06,0.025,xyz,q25_seed_isotonic,curve_first,1,0.03325075457098411,,,0.7233203181726614,-0.6900695636016773
WT_16__TO__SCA3_06,0.025,xyz,median_seed_isotonic,curve_first,1,0.04617844635482975,,,0.7233203181726614,-0.6771418718178317
WT_16__TO__SCA3_06,0.025,xyz,q75_seed_isotonic,curve_first,1,0.41021199189528185,,,0.7233203181726614,-0.31310832627737956
WT_16__TO__SCA3_06,0.025,z,seed_median_curve_isotonic,curve_first,1,0.02726395635442916,,,0.7233203181726614,-0.6960563618182323
WT_16__TO__SCA3_06,0.025,z,seed_median_curve_first,curve_first,1,0.02726395635442916,,,0.7233203181726614,-0.6960563618182323
WT_16__TO__SCA3_06,0.025,z,seed_median_curve_persistent,curve_first,1,0.02726395635442916,,,0.7233203181726614,-0.6960563618182323
WT_16__TO__SCA3_06,0.025,z,q25_seed_isotonic,curve_first,1,0.017990319899653055,,,0.7233203181726614,-0.7053299982730084
WT_16__TO__SCA3_06,0.025,z,median_seed_isotonic,curve_first,1,0.024516375893204094,,,0.7233203181726614,-0.6988039422794573
WT_16__TO__SCA3_06,0.025,z,q75_seed_isotonic,curve_first,1,0.12884198164456245,,,0.7233203181726614,-0.594478336528099
WT_16__TO__SCA3_06,0.05,xy,seed_median_curve_isotonic,curve_first,1,0.5966846495539743,,,0.7233203181726614,-0.12663566861868714
WT_16__TO__SCA3_06,0.05,xy,seed_median_curve_first,curve_first,1,0.2332238611544165,,,0.7233203181726614,-0.4900964570182449
WT_16__TO__SCA3_06,0.05,xy,seed_median_curve_persistent,curve_first,1,0.6410203468255495,,,0.7233203181726614,-0.08229997134711187
WT_16__TO__SCA3_06,0.05,xy,q25_seed_isotonic,curve_first,1,0.14053172084662374,,,0.7233203181726614,-0.5827885973260376
WT_16__TO__SCA3_06,0.05,xy,median_seed_isotonic,curve_first,1,0.43694839231594823,,,0.7233203181726614,-0.28637192585671317
WT_16__TO__SCA3_06,0.05,xy,q75_seed_isotonic,curve_first,1,0.49223378776990134,,,0.7233203181726614,-0.23108653040276006
WT_16__TO__SCA3_06,0.05,xyz,seed_median_curve_isotonic,curve_first,1,0.46894483857570674,,,0.7233203181726614,-0.25437547959695467
WT_16__TO__SCA3_06,0.05,xyz,seed_median_curve_first,curve_first,1,0.06358655919712204,,,0.7233203181726614,-0.6597337589755393
WT_16__TO__SCA3_06,0.05,xyz,seed_median_curve_persistent,curve_first,1,0.5679553351573383,,,0.7233203181726614,-0.1553649830153231
WT_16__TO__SCA3_06,0.05,xyz,q25_seed_isotonic,curve_first,1,0.032442484844497396,,,0.7233203181726614,-0.690877833328164
WT_16__TO__SCA3_06,0.05,xyz,median_seed_isotonic,curve_first,1,0.04955394405046472,,,0.7233203181726614,-0.6737663741221966
WT_16__TO__SCA3_06,0.05,xyz,q75_seed_isotonic,curve_first,1,0.41099662939509873,,,0.7233203181726614,-0.31232368877756267
WT_16__TO__SCA3_06,0.05,z,seed_median_curve_isotonic,curve_first,1,0.026946078687026982,,,0.7233203181726614,-0.6963742394856344
WT_16__TO__SCA3_06,0.05,z,seed_median_curve_first,curve_first,1,0.026946078687026982,,,0.7233203181726614,-0.6963742394856344
WT_16__TO__SCA3_06,0.05,z,seed_median_curve_persistent,curve_first,1,0.026946078687026982,,,0.7233203181726614,-0.6963742394856344
WT_16__TO__SCA3_06,0.05,z,q25_seed_isotonic,curve_first,1,0.017680033543090026,,,0.7233203181726614,-0.7056402846295714
WT_16__TO__SCA3_06,0.05,z,median_seed_isotonic,curve_first,1,0.02462941150071099,,,0.7233203181726614,-0.6986909066719504
WT_16__TO__SCA3_06,0.05,z,q75_seed_isotonic,curve_first,1,0.12973155175481663,,,0.7233203181726614,-0.5935887664178447
WT_16__TO__SCA3_09,0.0125,xy,seed_median_curve_isotonic,curve_first,3,0.41430065156144263,,,0.6348309182300086,-0.22053026666856596
WT_16__TO__SCA3_09,0.0125,xy,seed_median_curve_first,curve_first,3,0.41019339863417875,,,0.6348309182300086,-0.22463751959582984
WT_16__TO__SCA3_09,0.0125,xy,seed_median_curve_persistent,curve_first,3,0.41019339863417875,,,0.6348309182300086,-0.22463751959582984
WT_16__TO__SCA3_09,0.0125,xy,q25_seed_isotonic,curve_first,3,0.38637122416055675,,,0.6348309182300086,-0.24845969406945184
WT_16__TO__SCA3_09,0.0125,xy,median_seed_isotonic,curve_first,3,0.4130514543523961,,,0.6348309182300086,-0.2217794638776125
WT_16__TO__SCA3_09,0.0125,xy,q75_seed_isotonic,curve_first,3,0.46464875328108324,,,0.6348309182300086,-0.17018216494892535
WT_16__TO__SCA3_09,0.0125,xyz,seed_median_curve_isotonic,curve_first,3,0.3266978135836826,,,0.6348309182300086,-0.308133104646326
WT_16__TO__SCA3_09,0.0125,xyz,seed_median_curve_first,curve_first,3,0.3266978135836826,,,0.6348309182300086,-0.308133104646326
WT_16__TO__SCA3_09,0.0125,xyz,seed_median_curve_persistent,curve_first,3,0.3266978135836826,,,0.6348309182300086,-0.308133104646326
WT_16__TO__SCA3_09,0.0125,xyz,q25_seed_isotonic,curve_first,3,0.2740063472863038,,,0.6348309182300086,-0.3608245709437048
WT_16__TO__SCA3_09,0.0125,xyz,median_seed_isotonic,curve_first,3,0.3266978135836826,,,0.6348309182300086,-0.308133104646326
WT_16__TO__SCA3_09,0.0125,xyz,q75_seed_isotonic,curve_first,3,0.36236597375698704,,,0.6348309182300086,-0.27246494447302155
WT_16__TO__SCA3_09,0.0125,z,seed_median_curve_isotonic,curve_first,3,0.30298915598904363,,,0.6348309182300086,-0.33184176224096495
WT_16__TO__SCA3_09,0.0125,z,seed_median_curve_first,curve_first,3,0.30298915598904363,,,0.6348309182300086,-0.33184176224096495
WT_16__TO__SCA3_09,0.0125,z,seed_median_curve_persistent,curve_first,3,0.30298915598904363,,,0.6348309182300086,-0.33184176224096495
WT_16__TO__SCA3_09,0.0125,z,q25_seed_isotonic,curve_first,3,0.24284699878919533,,,0.6348309182300086,-0.39198391944081323
WT_16__TO__SCA3_09,0.0125,z,median_seed_isotonic,curve_first,3,0.31406736844483274,,,0.6348309182300086,-0.32076354978517585
WT_16__TO__SCA3_09,0.0125,z,q75_seed_isotonic,curve_first,3,0.3894825680316836,,,0.6348309182300086,-0.24534835019832502
WT_16__TO__SCA3_09,0.025,xy,seed_median_curve_isotonic,curve_first,3,0.42135921484631944,,,0.6348309182300086,-0.21347170338368915
WT_16__TO__SCA3_09,0.025,xy,seed_median_curve_first,curve_first,3,0.41715422484450215,,,0.6348309182300086,-0.21767669338550644
WT_16__TO__SCA3_09,0.025,xy,seed_median_curve_persistent,curve_first,3,0.41715422484450215,,,0.6348309182300086,-0.21767669338550644
WT_16__TO__SCA3_09,0.025,xy,q25_seed_isotonic,curve_first,3,0.3948066158542853,,,0.6348309182300086,-0.2400243023757233
WT_16__TO__SCA3_09,0.025,xy,median_seed_isotonic,curve_first,3,0.41437019500311223,,,0.6348309182300086,-0.22046072322689636
WT_16__TO__SCA3_09,0.025,xy,q75_seed_isotonic,curve_first,3,0.4818452649849141,,,0.6348309182300086,-0.1529856532450945
WT_16__TO__SCA3_09,0.025,xyz,seed_median_curve_isotonic,curve_first,3,0.3328631122826617,,,0.6348309182300086,-0.3019678059473469
WT_16__TO__SCA3_09,0.025,xyz,seed_median_curve_first,curve_first,3,0.3328631122826617,,,0.6348309182300086,-0.3019678059473469
WT_16__TO__SCA3_09,0.025,xyz,seed_median_curve_persistent,curve_first,3,0.3328631122826617,,,0.6348309182300086,-0.3019678059473469
WT_16__TO__SCA3_09,0.025,xyz,q25_seed_isotonic,curve_first,3,0.2760912104486542,,,0.6348309182300086,-0.3587397077813544
WT_16__TO__SCA3_09,0.025,xyz,median_seed_isotonic,curve_first,3,0.3328631122826617,,,0.6348309182300086,-0.3019678059473469
WT_16__TO__SCA3_09,0.025,xyz,q75_seed_isotonic,curve_first,3,0.3716614044567736,,,0.6348309182300086,-0.263169513773235
WT_16__TO__SCA3_09,0.025,z,seed_median_curve_isotonic,curve_first,3,0.30500437030864225,,,0.6348309182300086,-0.32982654792136634
WT_16__TO__SCA3_09,0.025,z,seed_median_curve_first,curve_first,3,0.30500437030864225,,,0.6348309182300086,-0.32982654792136634
WT_16__TO__SCA3_09,0.025,z,seed_median_curve_persistent,curve_first,3,0.30500437030864225,,,0.6348309182300086,-0.32982654792136634
WT_16__TO__SCA3_09,0.025,z,q25_seed_isotonic,curve_first,3,0.25088831529539346,,,0.6348309182300086,-0.38394260293461513
WT_16__TO__SCA3_09,0.025,z,median_seed_isotonic,curve_first,3,0.3348658672079715,,,0.6348309182300086,-0.2999650510220371
WT_16__TO__SCA3_09,0.025,z,q75_seed_isotonic,curve_first,3,0.3912064428188265,,,0.6348309182300086,-0.2436244754111821
WT_16__TO__SCA3_09,0.05,xy,seed_median_curve_isotonic,curve_first,3,0.4659755270412655,,,0.6348309182300086,-0.1688553911887431
WT_16__TO__SCA3_09,0.05,xy,seed_median_curve_first,curve_first,3,0.4659755270412655,,,0.6348309182300086,-0.1688553911887431
WT_16__TO__SCA3_09,0.05,xy,seed_median_curve_persistent,curve_first,3,0.4659755270412655,,,0.6348309182300086,-0.1688553911887431
WT_16__TO__SCA3_09,0.05,xy,q25_seed_isotonic,curve_first,3,0.4206950420114516,,,0.6348309182300086,-0.214135876218557
WT_16__TO__SCA3_09,0.05,xy,median_seed_isotonic,curve_first,3,0.4416235608449454,,,0.6348309182300086,-0.19320735738506317
WT_16__TO__SCA3_09,0.05,xy,q75_seed_isotonic,curve_first,3,0.5055615227015668,,,0.6348309182300086,-0.12926939552844174
WT_16__TO__SCA3_09,0.05,xyz,seed_median_curve_isotonic,curve_first,3,0.33272979940254616,,,0.6348309182300086,-0.30210111882746243
WT_16__TO__SCA3_09,0.05,xyz,seed_median_curve_first,curve_first,3,0.33272979940254616,,,0.6348309182300086,-0.30210111882746243
WT_16__TO__SCA3_09,0.05,xyz,seed_median_curve_persistent,curve_first,3,0.33272979940254616,,,0.6348309182300086,-0.30210111882746243
WT_16__TO__SCA3_09,0.05,xyz,q25_seed_isotonic,curve_first,3,0.28012260119998966,,,0.6348309182300086,-0.3547083170300189
WT_16__TO__SCA3_09,0.05,xyz,median_seed_isotonic,curve_first,3,0.33272979940254616,,,0.6348309182300086,-0.30210111882746243
WT_16__TO__SCA3_09,0.05,xyz,q75_seed_isotonic,curve_first,3,0.40317105917495993,,,0.6348309182300086,-0.23165985905504866
WT_16__TO__SCA3_09,0.05,z,seed_median_curve_isotonic,curve_first,3,0.3083023263907439,,,0.6348309182300086,-0.3265285918392647
WT_16__TO__SCA3_09,0.05,z,seed_median_curve_first,curve_first,3,0.3083023263907439,,,0.6348309182300086,-0.3265285918392647
WT_16__TO__SCA3_09,0.05,z,seed_median_curve_persistent,curve_first,3,0.3083023263907439,,,0.6348309182300086,-0.3265285918392647
WT_16__TO__SCA3_09,0.05,z,q25_seed_isotonic,curve_first,3,0.255379090983008,,,0.6348309182300086,-0.3794518272470006
WT_16__TO__SCA3_09,0.05,z,median_seed_isotonic,curve_first,3,0.3400340792552059,,,0.6348309182300086,-0.2947968389748027
WT_16__TO__SCA3_09,0.05,z,q75_seed_isotonic,curve_first,3,0.3947626426368158,,,0.6348309182300086,-0.24006827559319277
