scenario_id,seed,dt_ms,x_min,x_max,y_min,y_max,z_min,z_max,sample_count
0,20260818,0.05,-1.708618436809093,2.000022832671811,-13.206273398626168,0.8566017325930317,-0.13122953243633512,1.161801045138339,372000
0,21260821,0.05,-1.713047827124563,2.0218313192461346,-13.510603457286688,0.8153957098005172,-0.10339424619835252,1.1430302907601482,372000
0,22260823,0.05,-1.7050635268832066,2.0008930676772927,-13.226450597214551,0.8652977222587445,-0.11454556562519687,1.1274503397951612,372000
0,23260837,0.05,-1.7078801819783251,2.0675834985343164,-13.422158835472521,0.8857906995464434,-0.10461824306729553,1.147463510360434,372000
0,24260855,0.05,-1.7249966640009338,2.0179696385365595,-13.441087768407694,0.9771613061170475,-0.06483666060226222,1.1298797861134244,372000
0,20260818,0.025,-1.7154469518167337,1.9328261899835195,-13.351173880592288,0.8759798286971197,-0.07232236848341225,1.2073763596025175,372000
0,21260821,0.025,-1.7342471273506557,1.9502123609459412,-13.731818178909993,0.864704954543974,-0.10887177224226674,1.19820014221586,372000
0,22260823,0.025,-1.757249535655024,1.937932039986039,-14.2289641137344,0.8627525680326731,-0.08718929634297402,1.2167927956720164,372000
0,23260837,0.025,-1.7403328594094807,1.9726408846274568,-14.009020074107887,0.8924039877420601,-0.09440436043355893,1.1796913335819401,372000
0,24260855,0.025,-1.713672320278673,1.9296498739828662,-13.483474583340138,0.905358633371998,-0.06476488571920046,1.2326794417065274,372000
0,20260818,0.0125,-1.7296415025685241,1.8755556124574626,-13.64735486171451,0.9123133205665545,-0.07808201592272358,1.22432592612403,372000
0,21260821,0.0125,-1.7285537446520287,1.915265276830969,-13.865177686290618,0.893933265872632,-0.09643640554886182,1.2779078716285412,372000
0,22260823,0.0125,-1.725897316490241,1.8830612948447705,-13.707479122083685,0.8944193629565946,-0.08819771690385189,1.1992762605375527,372000
0,23260837,0.0125,-1.7102082130636866,1.9151266902722264,-13.471413294990644,0.9223907270074987,-0.10126629120490407,1.2508339241513025,372000
0,24260855,0.0125,-1.7676385565125587,1.905358822636183,-14.31183820889016,0.885703976771515,-0.07970805816509619,1.222616879007505,372000
1,20260818,0.05,-1.6798826643993476,3.293767026758166,-17.82821838526494,1.2611330650364867,0.5067183065172238,2.360475224242334,372000
1,21260821,0.05,-1.6809817325245895,3.3078822694420937,-17.87224423256898,1.2254814615094245,0.5000901043614608,2.269442921894377,372000
1,22260823,0.05,-1.6730266415665853,3.3044663967990875,-18.01402718190261,1.379521313680274,0.5223541618976262,2.3442689037675155,372000
1,23260837,0.05,-1.68998987251387,3.344348410998496,-17.98642099530358,1.2073187093310307,0.5219938311097923,2.3087896077614687,372000
1,24260855,0.05,-1.679271835335852,3.2950766689370465,-17.78372996740915,1.2787810400073412,0.5213696834039199,2.308245888708604,372000
1,20260818,0.025,-1.6039304914978565,3.1495031541450422,-16.60460466567615,1.2591610236175688,0.5825142586128044,2.3470789008075066,372000
1,21260821,0.025,-1.6212452098520613,3.198665484965006,-16.7216605569049,1.219914275386316,0.5688705167628155,2.2875684871938127,372000
1,22260823,0.025,-1.6205831334801406,3.197675447995361,-16.733291279599275,1.3764449534687386,0.554139223455687,2.280584837502445,372000
1,23260837,0.025,-1.6037282210039072,3.1829305284315206,-16.549582730072014,1.227974579564995,0.5640802709441298,2.3099438530316405,372000
1,24260855,0.025,-1.6130513635418255,3.154066158886795,-16.694506747765317,1.2781799645533167,0.5686072484802173,2.271197007269593,372000
1,20260818,0.0125,-1.5730137229224281,3.095360868370354,-16.024675966672323,1.2579080914446106,0.5964536456345523,2.329289059885867,372000
1,21260821,0.0125,-1.588906768607205,3.159147907717025,-15.934221130537077,1.2669577412513462,0.6258471885033839,2.269242240234541,372000
1,22260823,0.0125,-1.5869979857994467,3.1346903711675145,-16.019531933344926,1.3738502179670233,0.592278486922159,2.289199057095967,372000
1,23260837,0.0125,-1.5685108284835043,3.1314480518606778,-16.094111878406288,1.2992021077924911,0.612621271628542,2.255327530903824,372000
1,24260855,0.0125,-1.593741454864463,3.1141919501327604,-16.496084276312896,1.3526069031744699,0.5785401630148418,2.3177530624790044,372000
9,20260818,0.05,-1.300170928611639,2.187345532208799,-8.726327026890733,0.8948380178036873,0.5063852377594786,1.9671963286671643,372000
9,21260821,0.05,-1.3139407098114912,2.1710488395425673,-8.711526550660437,0.8711450102887284,0.5364388798524531,1.9816945423045034,372000
9,22260823,0.05,-1.3153901155964838,2.138925857285893,-8.612509895279166,0.9153577290237328,0.5038968800871444,2.0116726800015066,372000
9,23260837,0.05,-1.3089552982153647,2.157416406443785,-8.612546327189165,0.9223786998923814,0.47069169395386107,1.9500563196857175,372000
9,24260855,0.05,-1.291598363228998,2.167726647862485,-8.688390418914626,0.8992581459121347,0.4803834163784482,2.0004089110723116,372000
9,20260818,0.025,-1.3089356161666532,2.0728011989507187,-7.936177423054044,0.8995133524989984,0.5877635295397674,1.9834167689895754,372000
9,21260821,0.025,-1.2544203930315307,2.1089992371036743,-8.078984573683798,0.9077453461109594,0.6103259834535847,2.037489965512671,372000
9,22260823,0.025,-1.266329784160226,2.1105072796592657,-8.004482779537108,0.9061287161698842,0.5838143477356857,2.0112051309697154,372000
9,23260837,0.025,-1.2548547985343124,2.0681665746964137,-8.110063642239668,0.907330370529623,0.5551686254947849,2.0379702364225616,372000
9,24260855,0.025,-1.2641190667737427,2.0979543936008427,-7.889858306961075,0.9217483896209249,0.5723572701102425,1.9859408910428005,372000
9,20260818,0.0125,-1.2444570846597316,2.032790063749541,-7.698611561324283,0.9034588885989071,0.6310224189530633,2.0175126606074,372000
9,21260821,0.0125,-1.2589072776845922,2.0645147964183153,-7.596519718732344,0.929944837562057,0.6390625039179336,2.0372508414547403,372000
9,22260823,0.0125,-1.2578422268963145,2.024939584025857,-7.706681859906435,0.9242448589031075,0.6091410876235549,2.143616132219592,372000
9,23260837,0.0125,-1.239505423734687,2.0667439797033356,-7.493727885129971,0.9303813830333698,0.6254176301394374,2.0686260177117446,372000
9,24260855,0.0125,-1.2737360256906731,2.04042684365581,-7.439950154784537,0.9093389013168962,0.6244110044787815,2.0894841909171435,372000
10,20260818,0.05,-2.253881198159818,1.971767787837647,-23.759710876652125,1.0129768503958223,-1.5069173767977557,6.591090109837302,372000
10,21260821,0.05,-2.2505189896812885,1.970522912549849,-23.44975520417648,1.0965913478099742,-1.4193551389256518,6.74703920036882,372000
10,22260823,0.05,-2.258995283697681,1.9666644692175919,-23.534244025200188,1.1676700932365045,-1.4220974421493526,6.715139926250138,372000
10,23260837,0.05,-2.247152654681584,1.9753456776880713,-23.470503227392705,1.1655490916262028,-1.4264086926283788,6.527615802122163,372000
10,24260855,0.05,-2.268344671316477,1.9321144000792168,-23.764492180117664,1.0967491881859477,-1.390044020278333,6.699398767794774,372000
10,20260818,0.025,-2.246635339366821,1.8639597802570753,-23.594707225630387,1.0598634015053343,-1.3626279519250502,6.593130761294472,372000
10,21260821,0.025,-2.23414736456539,1.8479373648652881,-23.439950052790806,1.06674826390777,-1.3893207370436036,6.625370828494242,372000
10,22260823,0.025,-2.2372735091826725,1.856010638695799,-23.437870876661687,1.143031638054742,-1.4239007022663472,6.5824146145023565,372000
10,23260837,0.025,-2.2479968016255873,1.876267293866913,-23.35288394831852,1.0525353343148327,-1.41904478117407,6.615761897188874,372000
10,24260855,0.025,-2.234347798213573,1.8569276595425672,-23.49955169295989,1.0399402678326797,-1.4235226806665295,6.638835060918402,372000
10,20260818,0.0125,-2.240740520524618,1.8664756491369467,-23.522581090194933,1.006129880470456,-1.4391686342916943,6.565935455780559,372000
10,21260821,0.0125,-2.2407714924078306,1.8061765510345436,-23.71168796782987,1.042672812842604,-1.399244885394757,6.729386434778857,372000
10,22260823,0.0125,-2.237328593208218,1.839829123500622,-23.537631202251806,1.1273408926431367,-1.3993313841085877,6.598141167753954,372000
10,23260837,0.0125,-2.2345869114197554,1.8683054151421086,-23.444842054167804,1.1227679529626566,-1.374022296562465,6.602512867364723,372000
10,24260855,0.0125,-2.232500543845722,1.8125168731165895,-23.331629396533682,1.0298417919811185,-1.3899505036636035,6.62090657221866,372000
11,20260818,0.05,-1.5655003485245234,2.981772291647815,-15.052878570908,1.1638929678154606,0.5265851400575403,3.3399032832204,372000
11,21260821,0.05,-1.5474081263041894,2.9140022442530222,-15.226609568375485,1.1665007889415115,0.49459768770138834,3.2848916602281473,372000
11,22260823,0.05,-1.5559491798619294,2.8612889727752426,-15.52034855897222,1.1768078090960046,0.5148161391224346,3.341035207835865,372000
11,23260837,0.05,-1.5792771944819952,3.0717597131536745,-15.63950683855104,1.2345712423092972,0.5037281985695081,3.254458135408809,372000
11,24260855,0.05,-1.6157139065866228,3.057175761328143,-16.353064522871048,1.2402221374140934,0.5164585016320019,3.142261689752356,372000
11,20260818,0.025,-1.5200548952203965,2.847740986792571,-14.8945976305883,1.170115826814173,0.6035072170075131,3.339783712097067,372000
11,21260821,0.025,-1.4974162338620443,2.8355956468556807,-14.41441700283152,1.2007826341987373,0.5433999431294254,3.284884912047804,372000
11,22260823,0.025,-1.5057864537246748,2.7738471550311234,-14.79899766174184,1.2099941901118336,0.5863525435083715,3.340893200364479,372000
11,23260837,0.025,-1.5130558255913615,2.9301814107722253,-14.581207941591583,1.2411621893712093,0.5942455748907114,3.2543341287088237,372000
11,24260855,0.025,-1.5288388371812067,2.978665227137949,-14.259094714324627,1.2061288359472264,0.5855233788675948,3.142129601072459,372000
11,20260818,0.0125,-1.4901582250189205,2.9137878092733493,-13.362103969419934,1.197238869428687,0.5911556154489661,3.3397360974905124,372000
11,21260821,0.0125,-1.4667871040681415,2.7798074396067447,-13.962595683362613,1.1665533696804862,0.6349017977537984,3.2849337657681628,372000
11,22260823,0.0125,-1.4910066090062322,2.7242761914294302,-14.333510883742834,1.1669343742218623,0.6308073321595674,3.340846950374009,372000
11,23260837,0.0125,-1.4993504603804517,2.8612174336021323,-14.405045688612681,1.168026673627702,0.6133219321412849,3.2542794116115332,372000
11,24260855,0.0125,-1.5005122765962127,2.802570347199,-14.739531665045527,1.158365788846748,0.6188537529416549,3.1420860191102142,372000
12,20260818,0.05,-1.7893950059612571,3.8996707166408977,-22.520701335036843,1.2962607922058926,0.49451117970067326,3.122716787831781,372000
12,21260821,0.05,-1.8033378219090397,3.6829454599289453,-22.43721665794008,1.2867302689506281,0.5185187840431922,3.144947261008836,372000
12,22260823,0.05,-1.8595667153165794,3.863699256182292,-22.90672278795733,1.2494981018731905,0.5273069198558584,3.100605499966945,372000
12,23260837,0.05,-1.8728852675660272,3.8549411145811194,-22.71156470132658,1.284165919305146,0.48765847345829966,3.131633947031269,372000
12,24260855,0.05,-1.86438240497072,3.8669782048605357,-21.947577542792505,1.266706324500501,0.5206158868907943,3.082923607044949,372000
12,20260818,0.025,-1.7212728133878308,3.743282325332945,-21.73120823528589,1.3117346376496464,0.545001782835182,3.122612099996615,372000
12,21260821,0.025,-1.7299927537883177,3.683778662728775,-21.024388439260882,1.2493621273600068,0.5692014910129887,3.144837190452242,372000
12,22260823,0.025,-1.7405409409039934,3.697608260096763,-21.644082939589754,1.2461513223074165,0.5854260564778027,3.100488447707709,372000
12,23260837,0.025,-1.7244061362409642,3.785434102231203,-21.793959601049703,1.2845324638614815,0.5723608957932604,3.131508795492179,372000
12,24260855,0.025,-1.7388860223602043,3.7563538856015946,-21.144596469639616,1.2591066305520509,0.5956945306718019,3.082846473240317,372000
12,20260818,0.0125,-1.6959990329250885,3.669694263939914,-21.419575295436253,1.2938277530105786,0.6232478853243909,3.1225742748878025,372000
12,21260821,0.0125,-1.700315423286945,3.657766939111398,-20.137239367933386,1.297926082092892,0.6162260958041129,3.144801021220077,372000
12,22260823,0.0125,-1.7109774099310782,3.6343988730732653,-21.029289729690717,1.2566052808136308,0.6167445044000965,3.1004525178940234,372000
12,23260837,0.0125,-1.7040889882194838,3.7222017267541414,-21.079528355584078,1.282289670042937,0.5981402152182427,3.131444702617442,372000
12,24260855,0.0125,-1.7092732760719813,3.6898652437666977,-20.63699949458439,1.3135077971106426,0.6189903673422535,3.082822532956295,372000
13,20260818,0.05,-1.816835159800431,2.3482769744233787,-15.099198684551292,1.1107948079511876,0.415998856727424,2.6997220063568546,372000
13,21260821,0.05,-1.8295093548801964,2.313770647033397,-15.391567296789919,1.0409064977606612,0.4158093845531238,2.7790393959993147,372000
13,22260823,0.05,-1.7963167447881476,2.344640452574867,-14.784988572425362,1.0829969352644686,0.4557753602390846,3.0005491844139023,372000
13,23260837,0.05,-1.7892019825564018,2.3007836066946528,-14.732669930983102,1.05285349075229,0.4234136679962438,2.6087182544639966,372000
13,24260855,0.05,-1.8628839374354587,2.3413712871401056,-15.86423698992402,1.054225840086054,0.4644467935389339,2.7650301593284436,372000
13,20260818,0.025,-1.8732621108344778,2.200571905031153,-16.230084201742606,1.2224436340307865,0.45176422338288713,2.699550690409471,372000
13,21260821,0.025,-1.8267186432769351,2.213068064594353,-15.243551982786274,1.0512868847971513,0.4470098939837197,2.77884587757682,372000
13,22260823,0.025,-1.8287354820841635,2.296135700902973,-15.673036892772101,1.14844130994733,0.43605892863254103,3.0003664826397007,372000
13,23260837,0.025,-1.7807613622316494,2.307274433082874,-14.542083255844437,1.1003336823695815,0.3880762182647763,2.608541498780636,372000
13,24260855,0.025,-1.8247676364036902,2.2562546690875944,-15.656973268229988,1.047047595770125,0.45929112809787376,2.7649465590928104,372000
13,20260818,0.0125,-1.8051692631159297,2.232387716084588,-15.095051019416347,1.060596468652655,0.3649290561000036,2.6994635581864905,372000
13,21260821,0.0125,-1.7956460360845157,2.1645809314655176,-14.887919773367729,1.272237195825809,0.44284235340588457,2.7787840543443125,372000
13,22260823,0.0125,-1.8052631113592046,2.2539738510803193,-15.124364842470431,1.1090005106681013,0.4582973935073243,3.000307814361756,372000
13,23260837,0.0125,-1.771824921454644,2.2501548394454507,-14.630156106407911,1.0747752838038527,0.44105291524787577,2.608479049751466,372000
13,24260855,0.0125,-1.8121533090791255,2.2486739401570355,-15.27076396947909,1.1127478622068572,0.45227383199064014,2.7646374242486256,372000
14,20260818,0.05,-1.8810657695225217,3.9163402037216994,-22.96265488090807,1.17840500164207,0.41212122928447414,1.3113666143650893,372000
14,21260821,0.05,-1.8962068470348408,3.908226332089817,-22.88683643984177,1.153933672031316,0.4227546340158732,1.3578788760533433,372000
14,22260823,0.05,-1.881455291004589,3.9350984955491524,-23.02960409260765,1.1849038223182602,0.38361496080157736,1.2693653943823577,372000
14,23260837,0.05,-1.8713728510570886,3.89944149848229,-22.890498716175312,1.1268962484786595,0.38049492446631833,1.3329697396685878,372000
14,24260855,0.05,-1.8846225575163587,3.909446771719575,-22.95259071366304,1.1638231390894527,0.4012023227715784,1.28964086593386,372000
14,20260818,0.025,-1.7594028331013583,3.7823666864811805,-21.614723129846944,1.1302086475760538,0.44214947938737825,1.3054586266636603,372000
14,21260821,0.025,-1.7534901037490385,3.756932367963802,-21.70027401140521,1.1563842747548434,0.44959434758920447,1.2767798386333384,372000
14,22260823,0.025,-1.757353430400088,3.799591153485045,-21.726659610814316,1.152783097595431,0.4257197982330543,1.2804091828391977,372000
14,23260837,0.025,-1.7558355122703162,3.76941736376638,-21.816127995950712,1.123099717493921,0.4384031833933094,1.3337242592661842,372000
14,24260855,0.025,-1.7536036731793252,3.7693221074949443,-21.730068086282746,1.1724119257719794,0.4341237494363664,1.2956568574502596,372000
14,20260818,0.0125,-1.7248236131768213,3.694720467114052,-21.288640395222,1.1296449998503104,0.4416628069267873,1.2936431194922688,372000
14,21260821,0.0125,-1.7270817516662114,3.699984000181037,-21.195913405795284,1.1567757231231386,0.44200452445419813,1.2814490479976353,372000
14,22260823,0.0125,-1.7202743790412889,3.7427283049751394,-21.21053869169067,1.1488838511211408,0.44162734688961663,1.3216542465474754,372000
14,23260837,0.0125,-1.7237328445957554,3.7127774848839676,-21.36868202628773,1.127259082306607,0.45765197381739603,1.3265646746234894,372000
14,24260855,0.0125,-1.7247261315669593,3.6993101175345,-21.24484117651532,1.1692438478651088,0.43797195564269714,1.298134225171323,372000
22,20260818,0.05,-1.91247504250829,2.568641696568313,-16.78417517630325,0.9978187986059393,-0.3320101023670048,2.527783706014864,372000
22,21260821,0.05,-1.9902249585401734,2.632277544698604,-18.20760268659455,0.8852030370127373,-1.0886839237435935,2.7213487126109945,372000
22,22260823,0.05,-1.9278441205445038,2.6935864441084054,-17.12905618395993,0.935271713311072,-1.3613845759415986,2.456738102650987,372000
22,23260837,0.05,-1.9376330077267052,2.6036194028162685,-16.956787029278637,0.9161789866170793,-1.0673575040663008,2.5098539231651618,372000
22,24260855,0.05,-2.0446716985690454,2.6681399642868135,-19.262084436368774,0.9721466521772837,-0.9299397787886452,2.8967934671043367,372000
22,20260818,0.025,-1.899818631666739,2.4337533671965876,-16.839237350816457,0.9393686901500496,-0.291301349011339,2.538072560712078,372000
22,21260821,0.025,-1.9853855993493508,2.502537865238731,-18.292791040217413,0.9912832374341067,-1.0256788515617759,2.7445637281050175,372000
22,22260823,0.025,-1.9222095818732012,2.5976590823455954,-17.209232089102105,0.9197573496784166,-1.3070042165050242,2.4748240167155817,372000
22,23260837,0.025,-1.9314067844049243,2.519840808811757,-16.956588268635365,0.9116237805302757,-0.9978338423245603,2.513788728717161,372000
22,24260855,0.025,-2.040839279337983,2.5898674122122998,-19.284354436663232,0.9631736526120247,-0.8858815184103124,2.9033767889136093,372000
22,20260818,0.0125,-1.899638402067941,2.432248637114422,-16.890634591702895,0.9236395370146844,-0.26684288413642415,2.5498262855781806,372000
22,21260821,0.0125,-1.9849822811254074,2.4910122626506364,-18.32035432112412,0.9477996813342089,-0.9907356598259999,2.7519221413646204,372000
22,22260823,0.0125,-1.9242051629099026,2.6063146105466313,-17.247707303392975,0.9901691028796983,-1.280162967915598,2.4834591287513077,372000
22,23260837,0.0125,-1.9257596640454087,2.4653209282761113,-16.96866832011564,0.9157274925091382,-0.9662522202358127,2.5167971135850236,372000
22,24260855,0.0125,-2.0415250014475226,2.5326655897203,-19.279826502119306,0.9523215553968665,-0.8593192447613034,2.902526960856914,372000
23,20260818,0.05,-1.8007873520364321,2.9942322173973177,-14.98400268097456,1.0115293018329554,-1.5064807554895474,2.371385892951988,372000
23,21260821,0.05,-1.6379461852617532,2.951267065023619,-14.515147546853939,1.0492463389209958,-1.1938835834229935,1.773857966984117,372000
23,22260823,0.05,-1.647997369993428,2.9021567855539794,-14.376455709175612,0.9759092344763086,-0.9908207036513981,2.121679929442813,372000
23,23260837,0.05,-1.9098049235189114,2.764947464215836,-16.899324968605534,1.024847343520951,-0.45993941483675604,3.0724173719086156,372000
23,24260855,0.05,-1.7437263721326768,2.9264138532223374,-14.518764947377868,1.0710141059538034,-1.1464683956930724,2.2464107590176896,372000
23,20260818,0.025,-1.8011249014249258,2.883883420509167,-14.803877881012768,1.0499505872624901,-1.4647904213228424,2.3746358915956662,372000
23,21260821,0.025,-1.6382924818534175,2.8345887065100026,-13.748470800148727,1.0997643502610455,-1.1492117444030618,1.8081193795634247,372000
23,22260823,0.025,-1.6506118256544264,2.8180237118750653,-13.455249345079851,0.9579840852809393,-0.9580721129313093,2.147778993188992,372000
23,23260837,0.025,-1.9002673944747523,2.7125972379769245,-16.931138953072722,1.044221430099854,-0.4152142899203855,3.081780456005259,372000
23,24260855,0.025,-1.7384475118495235,2.804991025791606,-14.024740010552595,0.9818804146356325,-1.0972646194594335,2.2589684518066933,372000
23,20260818,0.0125,-1.7962620265606135,2.8209662402180857,-14.81995442308529,1.0365834245084837,-1.4445476039083138,2.3786960785433995,372000
23,21260821,0.0125,-1.6442088028394246,2.800109676554911,-13.289546757937604,1.0427746921255245,-1.12930496519189,1.8259674935854178,372000
23,22260823,0.0125,-1.6524666909432058,2.755523311457144,-13.038787601265476,1.0166385811457601,-0.9392533855867606,2.160539052091872,372000
23,23260837,0.0125,-1.900955138486308,2.610361787549151,-16.947736438186737,1.0033115606597267,-0.3907143682395746,3.085960865830037,372000
23,24260855,0.0125,-1.7427386576267156,2.81941789049012,-13.821827723424132,1.051443868857616,-1.0739407291560092,2.2687130612837167,372000
24,20260818,0.05,-2.065912095575619,1.9878497687758483,-19.67746064912604,1.2552717033912053,0.2535618769097705,6.0529542965969005,372000
24,21260821,0.05,-2.056957685906126,1.9593106909260072,-19.826192480415294,1.1233731940293101,0.25954412062452203,6.054630588170398,372000
24,22260823,0.05,-2.082601311487647,1.930728378285521,-19.85267758327427,1.110639736781847,0.2131012052904163,6.146783945969082,372000
24,23260837,0.05,-2.068569308422644,1.934505717949602,-19.6479931485274,1.1686464044001106,0.23040936104857912,6.02120642644165,372000
24,24260855,0.05,-2.0620052801944615,1.9358564720362164,-19.66141431753748,1.1266590486204988,0.22095304007026578,5.989299041372863,372000
24,20260818,0.025,-2.0525944113191765,1.9008754804841816,-19.663385578067057,1.178205000313546,0.2077665062123406,6.10652130128791,372000
24,21260821,0.025,-2.060448423569924,1.8527707027870184,-19.77182596404787,1.205281776499874,0.2610295202924126,6.062424574232834,372000
24,22260823,0.025,-2.05223788647968,1.8910763757684048,-19.82720926530087,1.134903406505743,0.21020529206233782,6.068356713361478,372000
24,23260837,0.025,-2.0451124227172364,1.8394105624767787,-19.424303233619327,1.1929739422990069,0.2734967809187874,6.012066502605536,372000
24,24260855,0.025,-2.0481714958867765,1.8582820332796344,-19.47072857013004,1.1189854448253145,0.22873949626753545,6.0473202007811535,372000
24,20260818,0.0125,-2.059117323570525,1.8360996484622358,-19.73505754401647,1.164901738469476,0.2608580486448162,5.9694256873156215,372000
24,21260821,0.0125,-2.0535387997857026,1.8781552218987556,-19.86321536923284,1.1450205889522866,0.25729485695621246,6.054772334553555,372000
24,22260823,0.0125,-2.0408838086024925,1.9013772077821331,-19.566098902370573,1.149361206871791,0.2716450698857654,6.053917634976587,372000
24,23260837,0.0125,-2.053646320624012,1.8411043099112032,-19.76632139124066,1.1437956631379553,0.2687159845830377,5.974139605856971,372000
24,24260855,0.0125,-2.0489881904238847,1.8114671471528945,-19.465086762865617,1.13668511156522,0.24741321103872832,5.99698193228369,372000
25,20260818,0.05,-1.604559459479521,1.969601467902315,-11.45760493075076,1.3088681710134937,0.4888709796782644,5.557596757583642,372000
25,21260821,0.05,-1.5899878887595529,1.9933446001399548,-11.478287416249687,1.292405877774167,0.5037415820072332,5.548400468886322,372000
25,22260823,0.05,-1.5751767253656719,2.003578812819093,-11.046963514370509,1.239266336200981,0.4821141759910624,5.5307392546910235,372000
25,23260837,0.05,-1.582356255749047,1.9721806769651002,-11.270638342711068,1.2124388818558627,0.5157372226336886,5.663117684037759,372000
25,24260855,0.05,-1.585625707057588,1.9987657044026605,-11.070263861534562,1.3034131863237346,0.5320063089540712,5.4974376374916485,372000
25,20260818,0.025,-1.58091392171357,1.851874695306726,-11.272406486204847,1.269744151520356,0.4993045285164068,5.653776660057099,372000
25,21260821,0.025,-1.6019717038241177,1.885593948266201,-11.313957642424281,1.3691379226600335,0.5933122086336005,5.528448466240059,372000
25,22260823,0.025,-1.575251314309792,1.8934008147595311,-11.118773983065129,1.2689939785535689,0.5112353108562235,5.518282943273299,372000
25,23260837,0.025,-1.5724056922235554,1.878656086288228,-11.294020643950635,1.2802158590879096,0.5471644910495214,5.486077519483487,372000
25,24260855,0.025,-1.6059399590920704,1.8778607292309462,-11.59002593776187,1.2504283450921756,0.5556470485760626,5.594437528363671,372000
25,20260818,0.0125,-1.5713673999462145,1.811861978658746,-11.225827844454528,1.2564906001576326,0.5474162583407375,5.540890337730518,372000
25,21260821,0.0125,-1.5909118630489374,1.8684303746714213,-11.442031427077847,1.2811202022497237,0.5909305850601693,5.591362810491713,372000
25,22260823,0.0125,-1.5800634360525694,1.8467556072902611,-11.109680347218944,1.1955358554426359,0.5752026954616741,5.514076264348152,372000
25,23260837,0.0125,-1.5793903605852009,1.8465267482283187,-11.329496636511282,1.2460563992198705,0.5723217899496325,5.532244853753661,372000
25,24260855,0.0125,-1.5968471479703783,1.8449317181151008,-11.472994647429042,1.2539842284705112,0.6030704559437554,5.565277680316734,372000
26,20260818,0.05,-2.1109180723428,2.4467276018229143,-20.772308694585554,0.8925901372073984,-0.8867690708709033,3.109601762021453,372000
26,21260821,0.05,-1.985255983244161,2.498753840910495,-17.9253622869552,0.8881396712760323,-1.1206222521666083,2.2742297973998085,372000
26,22260823,0.05,-2.014187070830421,2.5197929815514395,-18.953886479576138,0.9030294909789247,-1.1661797261293334,2.3859253569332473,372000
26,23260837,0.05,-2.0404101380759796,2.5371359077253337,-19.504286056682606,0.8643547248756378,-1.2860406696553814,2.7391506772709575,372000
26,24260855,0.05,-2.1369695241329882,2.5214222419119796,-21.420278258175163,0.8747908703357641,-0.9305108431696368,3.17540515094329,372000
26,20260818,0.025,-2.0963493602429017,2.36504398300081,-20.830484108732918,0.8864981816073475,-0.8167174494469327,3.1214852392039916,372000
26,21260821,0.025,-1.9745261259584397,2.432733277305709,-18.07306616230167,0.8780071293508603,-1.071011065051717,2.3009013095923376,372000
26,22260823,0.025,-2.0067619125853957,2.42032222757638,-19.033239455248545,0.9028000853317302,-1.0994957403090257,2.405123834275519,372000
26,23260837,0.025,-2.0380376718673396,2.4826510186554325,-19.68602707717792,0.8631580877506732,-1.2184490739651244,2.78109339318499,372000
26,24260855,0.025,-2.125802998304222,2.411043219543117,-21.488208278723253,0.9122383897189331,-0.865464340121914,3.1920329804717142,372000
26,20260818,0.0125,-2.097466965785945,2.312978231685603,-20.880216312958016,0.8943577857483858,-0.792642740723211,3.133257464886924,372000
26,21260821,0.0125,-1.9728789845355617,2.381844177839063,-18.065292257345327,0.8601937238173127,-1.0450010764744653,2.2993844674154396,372000
26,22260823,0.0125,-2.0096103682711184,2.37417729465117,-19.094104607057737,0.8764864205269551,-1.0633260762235406,2.4241109389722943,372000
26,23260837,0.0125,-2.0386042354338687,2.422007414854771,-19.754537778683982,0.92162283966142,-1.1959183495841976,2.797639289229839,372000
26,24260855,0.0125,-2.129088577769928,2.3477689436751796,-21.521086465845208,0.9338688957430283,-0.8354026149107041,3.2006785039467625,372000
27,20260818,0.05,-1.9086586508246193,3.303358915877017,-17.962015036886893,1.3609096489769836,-0.13539163982969352,2.611927450305214,372000
27,21260821,0.05,-1.8863980702477314,3.3354944468826,-17.90375244487763,1.3396236033340911,-0.21909964137103008,2.6414612740103527,372000
27,22260823,0.05,-1.9956996452878424,3.295963698184957,-18.411746332525606,1.2417764362737922,-0.6060492668341179,2.9321437925279255,372000
27,23260837,0.05,-1.9542705235064775,3.3153685775645734,-18.014715877525973,1.3041207538984394,-0.15677264118345435,2.603302257455606,372000
27,24260855,0.05,-2.113765455013119,3.3059744108059768,-20.663265985452306,1.2000309438135586,-0.5200175039004401,3.3628780041858852,372000
27,20260818,0.025,-1.907209542474866,3.2009857583115187,-16.99571852410911,1.3561352298382816,-0.08245813331345488,2.6400536156968064,372000
27,21260821,0.025,-1.8855138040399249,3.1920880266619736,-16.8332883625775,1.341436430582293,-0.1630607150864823,2.646310412173719,372000
27,22260823,0.025,-1.9953547793948394,3.1985074235008013,-18.57083773571048,1.2398252621614227,-0.5488591597361022,2.9471029876703367,372000
27,23260837,0.025,-1.9617130660659483,3.2117570844090366,-18.1682803286441,1.2982431081944559,-0.11798375666755248,2.6492623460146625,372000
27,24260855,0.025,-2.1034207504481004,3.185668466388422,-20.67636578580158,1.2585911426115328,-0.46442481418910375,3.36567465596822,372000
27,20260818,0.0125,-1.9127845593280552,3.1532459198914906,-17.110322913953755,1.3525748234833945,-0.0534036499922786,2.662901366528141,372000
27,21260821,0.0125,-1.8902934742877453,3.145237372029373,-16.626639116552667,1.3403979838714062,-0.13550676516725496,2.6570291263592285,372000
27,22260823,0.0125,-1.9959252761269535,3.2121495775263873,-18.6485335900565,1.238146985729791,-0.5244102174169746,2.949176453420409,372000
27,23260837,0.0125,-1.9671253381157456,3.1544635167007162,-18.304228194111513,1.2959612320443354,-0.09799764302448481,2.6802687226533624,372000
27,24260855,0.0125,-2.0969707277560463,3.1274507303040386,-20.676403459315047,1.251905689454269,-0.4361318824179585,3.3658898493659,372000
35,20260818,0.05,-1.9653022224828711,2.4650211121319483,-17.959397264753957,0.9237503048025489,-0.313219579981194,2.630673823599884,372000
35,21260821,0.05,-1.886195749766114,2.504449357537634,-16.079117599576545,0.9340633487855804,-0.8761300703517835,2.3165651220592007,372000
35,22260823,0.05,-1.9951174960351636,2.585218137424196,-18.273525823771266,0.9311040924970005,-1.5333292081932295,2.681149252214142,372000
35,23260837,0.05,-1.9372670396881753,2.4560479498888714,-17.442965482078694,0.9061423919507359,-0.3635457088023979,2.3986984158746276,372000
35,24260855,0.05,-1.9175957763817806,2.5857347056207005,-16.843690493559883,0.9387295064980282,-1.2164661513718804,2.2755877631842045,372000
35,20260818,0.025,-1.9591669895293042,2.359716757513558,-18.101721020183586,0.9144159059244494,-0.2522156801337866,2.6730038825485294,372000
35,21260821,0.025,-1.881289819962562,2.4297930861296297,-16.181187387985233,0.9378304181031015,-0.8295181086498077,2.3339802736956226,372000
35,22260823,0.025,-1.9875013752614359,2.5159100288774257,-18.46820450262378,0.9614668613893065,-1.473050069897131,2.7194699435881406,372000
35,23260837,0.025,-1.9419036080854564,2.3676832670361363,-17.632717494417406,0.9512589595504876,-0.31877686303210184,2.4086163183914606,372000
35,24260855,0.025,-1.911497779135083,2.510988279319441,-16.995492214343123,0.9301494046477986,-1.151874693350648,2.3013269593563153,372000
35,20260818,0.0125,-1.9636191445119946,2.3170563898378926,-18.182708828347113,0.9338941701269204,-0.21655233903972182,2.693573470980473,372000
35,21260821,0.0125,-1.881387745289213,2.3586118871574135,-16.224390283462093,0.9557463307584031,-0.8100919455828146,2.3412960618989365,372000
35,22260823,0.0125,-1.9944336442372437,2.456530436478965,-18.64570855214167,0.9879535914187388,-1.4433606302790163,2.7555530653191367,372000
35,23260837,0.0125,-1.945182330227158,2.3154850302965686,-17.716436338189645,0.9337129794529898,-0.28897436686451244,2.4150341474716153,372000
35,24260855,0.0125,-1.9145695442446369,2.4382328983854147,-17.07549531181838,0.9028937739730816,-1.1123000725209564,2.3154009754598186,372000
36,20260818,0.05,-2.5956348165368626,2.358363798040449,-31.949101023216016,1.148859952269525,-1.3453718220501112,6.574139997461969,372000
36,21260821,0.05,-2.5756303901354967,2.4494595264626633,-31.74212173752231,1.154720147093327,-1.378034509298285,6.635290534971344,372000
36,22260823,0.05,-2.5926808703767548,2.4890686359411855,-31.94241119268438,1.2486543010881925,-1.3788135065085672,6.561630819312057,372000
36,23260837,0.05,-2.5838847033691947,2.4813834986915966,-31.553953082726732,1.2230490839134085,-1.4103108778561642,6.638481429741203,372000
36,24260855,0.05,-2.5849958619582094,2.322357756862662,-31.82475722130147,1.1363051572778888,-1.362602137644422,6.613038793043841,372000
36,20260818,0.025,-2.5731396592585414,2.322508977785975,-31.693433457740465,1.2457641510011257,-1.3162428373026995,6.518202271035675,372000
36,21260821,0.025,-2.5738363749523048,2.387110303307049,-31.79846717146476,1.2000380848585803,-1.4608253358042653,6.726154181069771,372000
36,22260823,0.025,-2.56540661581241,2.393986336821382,-31.729751545774175,1.1871584098444128,-1.3476221492278484,6.703976812683354,372000
36,23260837,0.025,-2.5789075265685013,2.3278319827232163,-32.01043723210737,1.2105506084121305,-1.3544388471733029,6.640695558992224,372000
36,24260855,0.025,-2.562767115999647,2.2729851236970826,-31.642840428046743,1.185171064915144,-1.4473786588992028,6.5876504333696095,372000
36,20260818,0.0125,-2.589619149290516,2.274076534918787,-32.252286751834,1.2661942683166107,-1.3515048675445138,6.6923407106889305,372000
36,21260821,0.0125,-2.586857342538849,2.316148971266278,-32.17197178506705,1.2180019261241146,-1.4493046031238466,6.731745484224587,372000
36,22260823,0.0125,-2.587175035111052,2.357036288430802,-32.084904607312374,1.2560850681131634,-1.3540625587095056,6.7096792856042,372000
36,23260837,0.0125,-2.5719320532011807,2.307212859384953,-31.947374485477837,1.272912049748799,-1.4394536585836186,6.827290106568537,372000
36,24260855,0.0125,-2.5808748289278207,2.2017117413195755,-31.753492553112036,1.1758669000755944,-1.387239777568404,6.593179099114081,372000
37,20260818,0.05,-1.987994199935272,2.943242505426065,-18.48531053641177,1.187080386988654,-2.120838054968518,3.575099804719169,372000
37,21260821,0.05,-2.1151807845251382,3.0750609106252274,-20.889241621615597,1.189744949796951,-1.4637624433758762,3.6065342049456275,372000
37,22260823,0.05,-2.3034398603899424,3.096606230108443,-25.29070763344169,1.2330775324074192,-1.4646121035180173,4.297799559913098,372000
37,23260837,0.05,-2.0087291831042644,3.045776307473259,-18.412122834901975,1.300375601419321,-1.86323764937682,3.777542526209561,372000
37,24260855,0.05,-1.9333265310143553,3.0160553068413303,-17.327296732914014,1.1762313008286651,-0.7106009467802992,3.4480294688950863,372000
37,20260818,0.025,-1.9928161885284918,2.8716331933374346,-18.631032490397487,1.1838230423427907,-2.052644145676212,3.5749769217050082,372000
37,21260821,0.025,-2.107729994419058,2.9443639759154396,-20.924718214367093,1.1931602202062648,-1.402191989916298,3.616433678438466,372000
37,22260823,0.025,-2.3009259100517605,2.8935880739229383,-25.339770704268403,1.204511575940672,-1.364023838521281,4.314368113564808,372000
37,23260837,0.025,-1.989252365634659,2.8755095225475555,-18.43491329292957,1.25123299037535,-1.8128117079439199,3.779813386458695,372000
37,24260855,0.025,-1.9249157688371137,2.9523666539227675,-17.407277082778396,1.1676880123978681,-0.6533989919216583,3.4471270020463742,372000
37,20260818,0.0125,-1.99596289158666,2.828280853298233,-18.68081544463308,1.1831996724267904,-2.019734860219851,3.574940844984591,372000
37,21260821,0.0125,-2.1053853278854717,2.8547776844581816,-20.965227407511826,1.1616184569911632,-1.3704644281613623,3.6252308697751006,372000
37,22260823,0.0125,-2.3009644156540014,2.856538702579634,-25.373640276425242,1.1372751777065098,-1.3174656688127189,4.323897445726479,372000
37,23260837,0.0125,-1.9894451927992243,2.808775055111403,-18.441834098233233,1.222001248429729,-1.7866318752433865,3.7829540576396035,372000
37,24260855,0.0125,-1.9275975016160867,2.84936876744515,-17.473194850507472,1.1783719128234407,-0.6266584112990826,3.446586624647875,372000
38,20260818,0.05,-1.846383023798144,3.863476293568224,-22.568511551103683,1.2983171404317675,-1.6713581661900372,3.115253123453735,372000
38,21260821,0.05,-2.1691322900437595,3.9366774566080442,-23.265060325940304,1.2598088281205657,-0.9630412448995634,4.111833426523792,372000
38,22260823,0.05,-1.922273575386833,3.7841798153368105,-22.672925379646294,1.2896213124798033,-1.3394705728080194,3.195903747397327,372000
38,23260837,0.05,-2.008158327148392,3.7860561679368723,-22.069166658413874,1.2553925749765917,-1.096413519030123,3.172760430771321,372000
38,24260855,0.05,-1.9583946153318164,3.76015572509894,-22.367146083574088,1.2924996750327207,-0.6245968195263492,3.2079429766404015,372000
38,20260818,0.025,-1.831423672798393,3.7064755382856647,-21.678376057175836,1.2863005094297009,-1.5910240510696738,3.119840427975289,372000
38,21260821,0.025,-2.156892495384269,3.748257730960415,-21.985146958048748,1.2555581303679866,-0.9223993849465146,4.123408801663497,372000
38,22260823,0.025,-1.932139855026675,3.7266812024952256,-21.79984490913037,1.2772009373291142,-1.2714130658951803,3.196231726136729,372000
38,23260837,0.025,-1.9980961476538426,3.7492064765966138,-20.972677743500462,1.2537519065337481,-1.0501113698754778,3.2121140652571194,372000
38,24260855,0.025,-1.9686130557930914,3.6249319508538353,-21.706443692279148,1.2871272924674242,-0.5717814556935815,3.207853679027785,372000
38,20260818,0.0125,-1.8412291640766545,3.645113650774176,-21.253147628558494,1.2859239067306438,-1.551744730980052,3.1150695101567365,372000
38,21260821,0.0125,-2.1562987852582123,3.7182349572855555,-21.971934033288054,1.2547687839391595,-0.9030156729182018,4.129737302676228,372000
38,22260823,0.0125,-1.937987736373802,3.6576312350319347,-21.41387492666549,1.2749954549906304,-1.239353934384646,3.1966151615775873,372000
38,23260837,0.0125,-1.9963949124825129,3.68442623416021,-20.5706568974467,1.2526511694758633,-1.016391831507493,3.212834507922625,372000
38,24260855,0.0125,-1.9641331968151743,3.5545039879247824,-21.28474072634675,1.286791576284828,-0.5462266384393589,3.2078169053269656,372000
39,20260818,0.05,-2.1769123724346473,2.5591780263435555,-22.009609329019284,0.9834910369868971,-1.3174697797224846,3.3865323600424113,372000
39,21260821,0.05,-2.090236930520517,2.714210535042064,-20.290892157205214,1.0035504954058596,-2.393901000110747,3.236510996959926,372000
39,22260823,0.05,-2.01330053578183,2.6411893083170335,-18.56287924907665,1.0483841530742164,-1.3785654529740552,3.289292701590814,372000
39,23260837,0.05,-2.0932605110230984,2.5087166769924605,-20.503558861554282,0.9952931985669793,-0.7797045830263031,3.668045928981051,372000
39,24260855,0.05,-2.238489924469982,2.547047500592864,-23.05564091851535,1.0228059529846603,-0.5307158553357904,3.763830336589186,372000
39,20260818,0.025,-2.165621125455999,2.4818970941621457,-22.05389940740976,1.0197339734342563,-1.243145166799204,3.396183304495481,372000
39,21260821,0.025,-2.0859466510591216,2.599764378176639,-20.322147937855412,0.9714776382766076,-2.3412584410294075,3.2445521931158328,372000
39,22260823,0.025,-2.001212974469511,2.5099463541024942,-18.56255497395933,1.033381424559655,-1.2969307828356942,3.2903582224567023,372000
39,23260837,0.025,-2.096155664467641,2.4275358114876635,-20.537220481754627,1.0266617954036108,-0.7233763480756383,3.6772263940479992,372000
39,24260855,0.025,-2.207038484570105,2.4803706181714475,-23.055152123782975,1.0800907936720126,-0.46990663499225305,3.767591350847361,372000
39,20260818,0.0125,-2.1622126488095295,2.450059336217928,-22.072046190910473,0.9957974222154992,-1.2046205960122551,3.401546135773932,372000
39,21260821,0.0125,-2.085977548607218,2.5440543460392644,-20.351384304109708,1.0917882849970406,-2.313372551305397,3.250536725893065,372000
39,22260823,0.0125,-1.998059406287412,2.4736695060570284,-18.657219749349323,1.0372827129572277,-1.255870313456331,3.2898452316151854,372000
39,23260837,0.0125,-2.0945310042454817,2.3917229629241334,-20.554455812519958,0.9803480091545752,-0.6983881693319041,3.681129315735901,372000
39,24260855,0.0125,-2.2036832627070346,2.4178904813581834,-23.074410153222065,0.9647624153624729,-0.44432222895716017,3.7720043346837295,372000
40,20260818,0.05,-1.9518348357511757,3.9044588745367266,-23.060034793862854,1.2017822625686425,-0.8023180027613926,2.8776829960154924,372000
40,21260821,0.05,-2.1574202476771873,3.9012341318471284,-22.963484158584063,1.2178089328805128,-0.5188504672333676,3.2951465859306026,372000
40,22260823,0.05,-2.098270342110201,3.882410573642135,-22.929663276079125,1.2329727454623045,-1.5897150210424085,3.1722706664779396,372000
40,23260837,0.05,-2.139786627219845,3.903053115038375,-22.920229259246817,1.177380226018517,-0.35931351089996255,3.269703847254036,372000
40,24260855,0.05,-1.9187959613560617,3.8943740835001233,-23.137020920534887,1.284264852910724,-1.3263967692530512,2.408753139044849,372000
40,20260818,0.025,-1.957486925033093,3.778855840053259,-21.766752477455466,1.1936703363854717,-0.7341696945838615,2.885194090696763,372000
40,21260821,0.025,-2.1423749509050882,3.785393684982262,-21.816826204851694,1.2407059710682062,-0.46052457026135524,3.30658086445579,372000
40,22260823,0.025,-2.091475129185718,3.7900746247454005,-21.779315497666815,1.1653060923394134,-1.537408107885709,3.1914650403936964,372000
40,23260837,0.025,-2.134629702164462,3.7472566919369203,-21.800989366929635,1.226132747793203,-0.33298057790993096,3.2711224163798893,372000
40,24260855,0.025,-1.9214979151008418,3.7883832131198627,-21.7867798122183,1.3067664331079973,-1.2828703854091597,2.424156378175274,372000
40,20260818,0.0125,-1.965797638765959,3.715174212343514,-21.281153244280624,1.1896958997644662,-0.7024912698132932,2.8845738220746746,372000
40,21260821,0.0125,-2.141204489081487,3.713885968593161,-21.748489099979334,1.2034186629016383,-0.4367227719189188,3.317000643717539,372000
40,22260823,0.0125,-2.0871895032126746,3.714143654230305,-21.433068162245934,1.2070195795589098,-1.5095263782766015,3.2020720753967717,372000
40,23260837,0.0125,-2.1297088244977083,3.7086718034790684,-21.34943198187605,1.258976663389097,-0.3133980756799426,3.271523351135018,372000
40,24260855,0.0125,-1.9249687284490937,3.7018413776031442,-21.13925168058338,1.1648740464763196,-1.2615433795092752,2.4427389637765757,372000
48,20260818,0.05,-2.211564288006879,2.8237268313906703,-22.52164102989147,0.9061236585809959,-3.187503166410253,3.892406774029329,372000
48,21260821,0.05,-2.1798381327443246,2.8026239665498593,-22.592516395291888,0.9426566216127839,-2.2742861964980854,3.938462573800667,372000
48,22260823,0.05,-2.3255605210313512,2.6896393406723385,-25.037127054436105,0.9345699357406747,-1.5113539137365941,4.457917257334508,372000
48,23260837,0.05,-2.289741143392818,2.839076108182535,-24.76163993062095,1.032743756258423,-2.237130916633809,4.305590802698576,372000
48,24260855,0.05,-2.1876089089112134,2.729367567390855,-22.43336725335271,0.9228837827128462,-1.6361269825132563,3.799624222778644,372000
48,20260818,0.025,-2.1901675173130797,2.727886062982598,-22.557309373681676,0.9100696018378813,-3.1010205928488355,3.9046965759043295,372000
48,21260821,0.025,-2.1804976079381255,2.681165914976538,-22.61749672427442,0.9399710207973621,-2.1878879905416655,3.9456888093071214,372000
48,22260823,0.025,-2.3004521122562394,2.598053051757565,-25.106003861249334,0.9462756875086801,-1.4707546201975048,4.485972088026798,372000
48,23260837,0.025,-2.2937807688785625,2.728791517197929,-24.75337265197091,0.8948305128369552,-2.18790949024251,4.309016278412301,372000
48,24260855,0.025,-2.1779581418179945,2.629437403913124,-22.5024022279637,0.9323622211222796,-1.5746157371746208,3.807948587155619,372000
48,20260818,0.0125,-2.1864402324228065,2.6717840736650746,-22.590264331070134,0.93880533227041,-3.0575508112743814,3.9149317929212244,372000
48,21260821,0.0125,-2.178899494662685,2.652963821478217,-22.625650007734258,0.9211354046265443,-2.143013675050435,3.9488186761579858,372000
48,22260823,0.0125,-2.2996955916075477,2.5569008822686516,-25.15088219559822,0.9778116905576116,-1.4522529109677353,4.501483887010082,372000
48,23260837,0.0125,-2.288540554225899,2.6638254430318504,-24.74998975514807,0.9259342094684895,-2.1603905279553097,4.308683385082461,372000
48,24260855,0.0125,-2.1777996750732824,2.6162925031653144,-22.52853163611269,0.9522878149904263,-1.5441282898391047,3.8112362063238847,372000
49,20260818,0.05,-2.1587687935576163,2.952750209234566,-21.551115387245094,1.0608053432179343,-2.704985328851855,3.3634226313385875,372000
49,21260821,0.05,-2.0894122124299463,3.0572364070701874,-19.9960856892217,1.036858500135041,-2.7449015145842206,3.4542043217692826,372000
49,22260823,0.05,-2.0789458581511333,2.9710021708266545,-20.286122499433123,1.033502731931123,-2.6394831869238704,3.4578666932376736,372000
49,23260837,0.05,-2.101769132950242,2.9744456446278655,-20.57203075583851,0.9998384879783747,-1.8853677297041913,4.151710643251967,372000
49,24260855,0.05,-2.1767225264556385,3.0723724384566573,-22.30897687777861,1.0648104727534655,-2.6989243599094954,3.4220507333845798,372000
49,20260818,0.025,-2.144823422070892,2.818703975126822,-21.64979255754853,1.0638235173870878,-2.648420468468074,3.3881764854673393,372000
49,21260821,0.025,-2.0666657756677242,2.9348036387669607,-19.99292481159433,1.0504707787830565,-2.685820840754516,3.4568690267247852,372000
49,22260823,0.025,-2.0821485174854764,2.8754399247808626,-20.37534537765058,0.9616335549345543,-2.5762392766672724,3.479312613533882,372000
49,23260837,0.025,-2.090068271835109,2.834150178413337,-20.61631859437137,1.0050141550139264,-1.850033531647971,4.166786925928756,372000
49,24260855,0.025,-2.1668496942813733,2.948994516164638,-22.367571432059478,1.048494283947387,-2.6376242824160943,3.437361329953956,372000
49,20260818,0.0125,-2.145807079866864,2.844160820753903,-21.71572165736691,0.982394304105404,-2.6224548871212376,3.4052974090180963,372000
49,21260821,0.0125,-2.0660905990419436,2.863307543514467,-19.998532156914266,0.9812524658112526,-2.657140682582823,3.4580646001581674,372000
49,22260823,0.0125,-2.080018881803773,2.7943219863071205,-20.414179165831836,1.026063865471457,-2.5475473680885097,3.490866545113484,372000
49,23260837,0.0125,-2.0870063767877576,2.7902806486024327,-20.631917746578075,1.0469838595733523,-1.835197479922136,4.170313069366514,372000
49,24260855,0.0125,-2.1686553061784393,2.8942944692498784,-22.4083369197523,1.0276638786886245,-2.610262028605919,3.4486788428845685,372000
50,20260818,0.05,-2.2729806519966016,2.4383188815744994,-24.50741688112495,1.054830143157252,-0.522050570949116,5.979762079353214,372000
50,21260821,0.05,-2.255521693601742,2.3923398923893298,-24.073125201374104,1.0806950415293037,-0.38862040091613037,6.082423438934213,372000
50,22260823,0.05,-2.2810948234161548,2.518449575468311,-24.416026216546964,1.151423325700602,-1.341579202799721,6.108635850134572,372000
50,23260837,0.05,-2.2800285245391043,2.3838423555868875,-24.634833972877814,1.1923688592610302,-0.07046011304815657,6.028788814733915,372000
50,24260855,0.05,-2.256394330280041,2.5396100174057827,-24.046481336754717,0.9951803736977465,-0.839261089452185,6.154741018890287,372000
50,20260818,0.025,-2.294501477148274,2.346044151630885,-25.173684086896756,1.2200523286650695,-0.4542961050866932,5.984701793185292,372000
50,21260821,0.025,-2.3032812718821294,2.3162945663979078,-25.492691992457242,1.205967071440671,-0.2931373148229745,5.979824946218176,372000
50,22260823,0.025,-2.3191332403949123,2.4802484941242287,-25.565697961259577,1.1927812709697603,-1.2539401103519552,5.976680964623995,372000
50,23260837,0.025,-2.2897182297089844,2.3276947015418323,-24.693793356269037,1.0420229216467345,-0.02515934066592885,6.059571012097928,372000
50,24260855,0.025,-2.2985291075377217,2.401984646277006,-24.90829306671336,1.1325667087284734,-0.7805060202540388,5.964079618518479,372000
50,20260818,0.0125,-2.2911969999520143,2.2842887102395943,-25.248288155194803,1.2409919520018577,-0.4182700554848518,6.061788714083755,372000
50,21260821,0.0125,-2.3292479303912854,2.2615237697683015,-25.77143377776243,1.187638151983347,-0.2512767066473236,6.006729217637247,372000
50,22260823,0.0125,-2.2906040644162022,2.3993210242704643,-24.939046590573597,1.1842771486229948,-1.2092305124149845,6.023980805293931,372000
50,23260837,0.0125,-2.3150269660846043,2.2494476009814566,-25.450946748516103,1.210228998375642,0.001715931423099784,6.045847609073891,372000
50,24260855,0.0125,-2.3237468008575095,2.37110382505066,-25.81471595151437,1.1656065204900365,-0.7492601936616773,6.101486039821044,372000
51,20260818,0.05,-2.0329990576960086,2.562492058264776,-19.575877029068078,1.1250859244803628,-1.3315538845129913,5.5877300001198495,372000
51,21260821,0.05,-2.0307808509489784,2.513506394509705,-18.83838191163921,1.1706473597755445,-0.9462208725391369,5.550194138706954,372000
51,22260823,0.05,-2.0440634829966453,2.431235818707053,-19.422301575818846,1.278609326178723,-0.4539576827562574,5.5691051579852235,372000
51,23260837,0.05,-1.9825638160835801,2.5609874419185488,-18.096499515504448,1.1994102423189745,-0.8738704354560742,5.574248607280177,372000
51,24260855,0.05,-1.9758123620928514,2.4257945081791736,-18.104303480642272,1.1265834153947105,-0.1783670252733209,5.569730989842512,372000
51,20260818,0.025,-2.0516955454196815,2.5077654915747942,-19.854135801944015,1.1358175101998826,-1.2908396468708523,5.5118156924994395,372000
51,21260821,0.025,-2.02892664695175,2.429281084337074,-19.139250567212937,1.120980973806518,-0.8721763320542234,5.586809146912622,372000
51,22260823,0.025,-2.042513729308203,2.347086797454588,-19.524626601272708,1.0927177594203477,-0.3904300838044212,5.553395324271803,372000
51,23260837,0.025,-1.9778421709119267,2.4391818768391067,-18.188848000101075,1.128909437548138,-0.8292671265233993,5.5439427346400985,372000
51,24260855,0.025,-1.9727872855039226,2.316221471326418,-18.26427272827961,1.1400322116176214,-0.14783968767331915,5.5526321600415125,372000
51,20260818,0.0125,-2.0543212880720065,2.4418852640060105,-19.97336828528959,1.0896643981322387,-1.2740441044854434,5.504676598713601,372000
51,21260821,0.0125,-2.0286212640790775,2.4108628774428356,-19.24193553762275,1.1565586655045696,-0.8388792672811369,5.514230519590186,372000
51,22260823,0.0125,-2.040192076440509,2.3204279975332196,-19.57711256767591,1.2325356092430986,-0.3625790442386604,5.5857052705412125,372000
51,23260837,0.0125,-1.975016547305791,2.38808356730298,-18.21276626761067,1.1834729937739383,-0.8109086975484704,5.552645431405244,372000
51,24260855,0.0125,-1.9711540594260601,2.2858653332666394,-18.33629431115527,1.1626521305761646,-0.12890515041777223,5.537958476387536,372000
52,20260818,0.05,-2.055755435953478,2.4591970036679784,-19.69390096214185,0.8955579288194305,-0.6723533329512644,2.8922119420585144,372000
52,21260821,0.05,-2.042375908398274,2.460598802949896,-19.47831337621054,1.0321236865952992,-0.4179952616631028,2.7069975660365935,372000
52,22260823,0.05,-2.0925283447123753,2.585189413524364,-20.505166419204226,0.8574087236129595,-1.1218353685412379,2.634029137328435,372000
52,23260837,0.05,-2.2874968359330645,2.516879061681884,-24.288994727560578,0.9029815471592677,-0.7305514806408616,4.139601509831808,372000
52,24260855,0.05,-2.1824483752466945,2.4714568705647877,-22.209602325196492,0.8530145508241028,-0.49325944606572963,3.6139508853962523,372000
52,20260818,0.025,-2.046244885640034,2.372071940951724,-19.714306626356947,0.8831633936195188,-0.5826251355608554,2.8951767755793827,372000
52,21260821,0.025,-2.0375202333411186,2.364208383802666,-19.471552314831506,0.9322706846488971,-0.35746594219064126,2.705119068687594,372000
52,22260823,0.025,-2.078268576167781,2.46181042747803,-20.43491940016128,0.8890187374441081,-1.0281614225308242,2.6187427624171686,372000
52,23260837,0.025,-2.2746429573590303,2.4514334071881207,-24.530278533774663,0.8911426485148365,-0.6495744377744639,4.203639869654454,372000
52,24260855,0.025,-2.161120903057885,2.3460622068233055,-22.207461818984374,0.8837047074569235,-0.4146092758701144,3.615841230331656,372000
52,20260818,0.0125,-2.041890947010364,2.3517820379545467,-19.720694364867164,0.9107620846468351,-0.540442060403722,2.8977432120353885,372000
52,21260821,0.0125,-2.0366951231944013,2.3197243774667258,-19.526492010083324,0.8821413921046661,-0.3251953654375537,2.7170480929767318,372000
52,22260823,0.0125,-2.0746074334178295,2.4286460617749133,-20.359618476775278,0.9556599405393744,-0.9796336731483614,2.6017780895517255,372000
52,23260837,0.0125,-2.281369763982599,2.3938985579221894,-24.661777881664708,0.945712827802432,-0.6095818000778903,4.242161903500323,372000
52,24260855,0.0125,-2.160437159675725,2.3276263427953507,-22.210633070295057,0.8930808985227432,-0.37672708634873475,3.6177074382581527,372000
53,20260818,0.05,-2.0073696941204777,3.295521562133384,-18.669393451946803,1.2732487265074361,-0.5503745410740185,2.7552586782414283,372000
53,21260821,0.05,-1.9705566338500689,3.2919933967327304,-18.26609866126405,1.2489800267597464,-0.822716349284751,3.181271772929061,372000
53,22260823,0.05,-1.989567738746854,3.326472453344661,-18.346693280065214,1.2661813458587794,-0.3602012097808172,3.0277051913288973,372000
53,23260837,0.05,-1.997256437361249,3.3231015325452797,-18.72576080135886,1.2579120218189537,-0.9809589171537897,2.886346438201433,372000
53,24260855,0.05,-2.075011329445029,3.3229204577416454,-20.228537778143323,1.2849662579104575,-0.32924099705340154,3.2825104634408517,372000
53,20260818,0.025,-2.001885314862678,3.1865759483973752,-18.77977987333545,1.2799313654037305,-0.4426288709564606,2.7813173928523245,372000
53,21260821,0.025,-1.9757422180548077,3.1467509215452196,-18.25172377991709,1.25867310019698,-0.7252960166043634,3.198057212844977,372000
53,22260823,0.025,-1.9762141926624481,3.209266343360728,-18.3591473796016,1.2586704596623166,-0.29031533718400704,3.031695015222241,372000
53,23260837,0.025,-2.015402416212695,3.2343959327155454,-18.9375343015906,1.2757889379350196,-0.8847504626530595,2.9048916841333923,372000
53,24260855,0.025,-2.0748467908882713,3.1988578791172446,-20.31238267045907,1.2914237217303024,-0.2726819765292977,3.302438703339053,372000
53,20260818,0.0125,-2.003057258764374,3.079586199626528,-18.841621398112377,1.2869992073747796,-0.39494669230702006,2.7945941973657544,372000
53,21260821,0.0125,-1.977533641068877,3.1159312742448027,-18.342632592167345,1.2723163673953342,-0.6866218834270059,3.203324012591928,372000
53,22260823,0.0125,-1.9734961408166296,3.088459517005172,-18.374000273214918,1.256412824151691,-0.25426756994712757,3.037042820225356,372000
53,23260837,0.0125,-2.0180802571292236,3.161254061595562,-18.99125096103481,1.3284386848786824,-0.8396437001658802,2.916992859917372,372000
53,24260855,0.0125,-2.0719786495640298,3.1931596617632816,-20.347231976285688,1.2739461980021916,-0.24232152275877672,3.3109551135699977,372000
61,20260818,0.05,-1.8902615972752097,2.586570105372037,-16.35171804682254,0.9105637102023139,-0.759978305531587,2.4469938836880814,372000
61,21260821,0.05,-1.979112487101004,2.3863303820929067,-18.28271322961575,0.9680393402415245,-0.015685940088978112,2.747660596114841,372000
61,22260823,0.05,-1.900166426260019,2.4469228351687606,-16.87833666503047,0.9788842270815827,-0.21189051179769244,2.5049298140964162,372000
61,23260837,0.05,-2.1924582689443373,2.560492864002705,-22.236790313626873,0.9265350434018739,-0.9372300697155967,3.687258120282418,372000
61,24260855,0.05,-1.9786002977854984,2.5522902169590864,-18.034801087703844,0.9474463375594129,-0.9101110420189638,2.6716977820420498,372000
61,20260818,0.025,-1.8883114989248275,2.419094459001811,-16.431380791386278,1.0200668340281198,-0.7056547958312714,2.456230071549548,372000
61,21260821,0.025,-1.9758276248738986,2.3062663911994945,-18.39437718384464,0.9800117693409458,0.029339258263362075,2.786328735355267,372000
61,22260823,0.025,-1.9024952858156778,2.3971589875216806,-16.91881160781849,0.9585463710441581,-0.14078021361273088,2.5484750532061424,372000
61,23260837,0.025,-2.175014812189707,2.45440673438355,-22.28970583131367,0.9261338605895086,-0.8484247661769952,3.6970550391806767,372000
61,24260855,0.025,-1.9787784559091766,2.438801968207112,-18.12648311473008,1.0545259975172248,-0.8188801102826522,2.690313075162601,372000
61,20260818,0.0125,-1.886140025833607,2.386694182775951,-16.46990967222993,0.9634245929405801,-0.6732968226105288,2.47050605941027,372000
61,21260821,0.0125,-1.9732265831648454,2.2624222875513587,-18.418101308354863,0.9586245074801146,0.038203840047534715,2.776827682452997,372000
61,22260823,0.0125,-1.9060380388098006,2.2945507747903227,-16.974558081145503,0.9870303994076065,-0.107050263034372,2.5538358083017125,372000
61,23260837,0.0125,-2.1717096243358265,2.422690897393754,-22.311777328435188,0.96482705214858,-0.804401681826526,3.7025161265311923,372000
61,24260855,0.0125,-1.9763741118424192,2.4165781837741305,-18.2107777831204,0.9972306234049231,-0.776901245437573,2.7071533873509916,372000
62,20260818,0.05,-2.5813918964169984,2.331444554465818,-31.726330548749473,1.2203298657518242,-1.412891519392288,6.590842868533154,372000
62,21260821,0.05,-2.589405103591856,2.3978002815741815,-32.0419707690983,1.1826763916005223,-1.4025672760949548,6.5267012161602285,372000
62,22260823,0.05,-2.601036639352796,2.380120227314783,-31.905050424248245,1.2717122931741065,-1.4150858281557697,6.639533068713299,372000
62,23260837,0.05,-2.5710924747369956,2.33548755854351,-31.29229928717301,1.2313298455351742,-1.3849382103082926,6.6021267368163254,372000
62,24260855,0.05,-2.583134402510434,2.6891057778817773,-31.640897021319912,1.230133134449353,-1.6129096660130642,6.539459829378634,372000
62,20260818,0.025,-2.570580973289168,2.191358218288752,-31.69112145234129,1.236734811564491,-1.414680997857924,6.77778599553119,372000
62,21260821,0.025,-2.5803337321283153,2.299168102028721,-32.04322509425264,1.2054858121565866,-1.3887626265826427,6.693729133076284,372000
62,22260823,0.025,-2.5708637697265924,2.3037076877370186,-31.850036920757674,1.2435576284635652,-1.381886635204897,6.565692627568819,372000
62,23260837,0.025,-2.5806771221752434,2.1878004551938233,-32.12103530503529,1.2112349042258173,-1.3244652222676667,6.591258953585464,372000
62,24260855,0.025,-2.568952283823787,2.5322525282935713,-31.58468751276382,1.2086497120828876,-1.5495411589805463,6.543048921023945,372000
62,20260818,0.0125,-2.5651150150823985,2.1770740737637255,-31.717262282252726,1.1433379478358816,-1.3631065189311362,6.599870924617519,372000
62,21260821,0.0125,-2.5794209067410474,2.235291254255584,-31.52699342029205,1.1305143777557647,-1.3667462687946692,6.620675422089019,372000
62,22260823,0.0125,-2.5767630085091833,2.266231637981993,-32.068122891850315,1.193588806399217,-1.3406105066790943,6.580222741801654,372000
62,23260837,0.0125,-2.567229900504752,2.1737412008217425,-31.720133662352495,1.2257005597201909,-1.3765542559331274,6.667879733326909,372000
62,24260855,0.0125,-2.57367152944651,2.5116997347314163,-31.762663151008535,1.183108135677678,-1.5186591981290178,6.677606716838669,372000
63,20260818,0.05,-2.145456197216882,2.9677453932669895,-21.62458594121255,1.1530710627328256,-0.40911636279419394,3.682920540226028,372000
63,21260821,0.05,-1.9890007747722593,2.9593851250411154,-17.959904566940907,1.2143338758590603,-0.5555409837140494,3.5784092901392337,372000
63,22260823,0.05,-2.178376325199804,3.014330111588221,-22.418789494547966,1.1976668417611775,0.06051244808229938,3.9657827893988626,372000
63,23260837,0.05,-2.1168155744678963,2.989458495110513,-21.043556613078835,1.1452291185946155,-0.3937229355255557,3.794255029348754,372000
63,24260855,0.05,-2.153595454226756,3.098947214576695,-21.502547982459227,1.1809281749035048,-0.16035431118065005,3.9479716868227483,372000
63,20260818,0.025,-2.1454688316734596,2.865228733758819,-21.736190310431592,1.15993262800193,-0.34578258118568156,3.714755157559957,372000
63,21260821,0.025,-1.9598659424702123,2.8913610707024584,-17.975977752026388,1.1793612739137191,-0.47561053020476945,3.584464329511404,372000
63,22260823,0.025,-2.1773135396734906,2.926744112887075,-22.450289159753833,1.1930074840530283,0.1091358893802778,3.9736817058087492,372000
63,23260837,0.025,-2.116065992181761,2.9254129749955533,-21.101925772175957,1.1763772893640994,-0.308995005617012,3.7957824309107964,372000
63,24260855,0.025,-2.141413943078059,2.986105746569069,-21.527609451568154,1.1793007448822772,-0.06771430172899758,3.9594127954323937,372000
63,20260818,0.0125,-2.1464010518298418,2.8086915296937525,-21.787489388762506,1.15828358450589,-0.31914649460278566,3.729040883593766,372000
63,21260821,0.0125,-1.9620989139632987,2.8383463261907504,-17.98899491739501,1.1683236257341276,-0.4361146378489758,3.587329587499947,372000
63,22260823,0.0125,-2.176315569867273,2.8857345324766697,-22.470968428823912,1.189966964192684,0.12858711276349874,3.9791120754080507,372000
63,23260837,0.0125,-2.1172282220668244,2.8272291219567727,-21.14236035152632,1.1445695509369647,-0.2686544608625945,3.799060818005268,372000
63,24260855,0.0125,-2.1350482184516646,2.914767569486606,-21.530161737324473,1.1776979021006646,-0.02351451663851678,3.9605972196138635,372000
64,20260818,0.05,-2.071354308266985,3.8246862039003187,-22.15927354487888,1.4192009485386063,-0.036668494281683436,3.5791551979193255,372000
64,21260821,0.05,-2.016853749162881,3.79494326333696,-22.65066721805108,1.3012152688180132,-0.559770871022074,3.2541145811657666,372000
64,22260823,0.05,-2.178058912619953,3.7153587720805334,-23.039405944824622,1.233429705250762,0.04030090511641937,3.8303611139477756,372000
64,23260837,0.05,-2.018009315930901,3.8399199942390845,-21.831552659801165,1.278684289403965,-0.4018872926871717,3.4245489411344368,372000
64,24260855,0.05,-2.2230760087289214,3.814374544177804,-22.782943982211123,1.2597323490575765,-0.6118549329015075,3.86426601056616,372000
64,20260818,0.025,-2.0623661317430173,3.684835480146775,-22.019835846084163,1.4122225407272249,-0.004329916557973302,3.597926356634019,372000
64,21260821,0.025,-2.011806384235008,3.6868921129000816,-22.03190111943595,1.2880108194222093,-0.4836497734209567,3.25932984381678,372000
64,22260823,0.025,-2.172411705616207,3.6311203369234293,-22.227099205488607,1.234825409307676,0.10155681911201135,3.8536605085034483,372000
64,23260837,0.025,-2.013216751156898,3.69291624896777,-21.785424551546676,1.2729489185454759,-0.33426482891594195,3.424336879411952,372000
64,24260855,0.025,-2.2088269536027947,3.6748533867306867,-22.851941704818934,1.3147396141342707,-0.5464521515140692,3.8709135076521743,372000
64,20260818,0.0125,-2.060598690451953,3.6590466545460134,-21.446329860641754,1.4081315065873783,0.015738707945197952,3.610791503578439,372000
64,21260821,0.0125,-2.012823714174177,3.6212133097922075,-21.125197586425188,1.2835064260829028,-0.4517857729819565,3.2537073908115954,372000
64,22260823,0.0125,-2.1701021445229176,3.5810969581875183,-22.250930825906032,1.2419764981525925,0.12924310218984406,3.8604346302119943,372000
64,23260837,0.0125,-2.0152443598339254,3.660004557279153,-21.47608036874617,1.2659273715586563,-0.2978591635933684,3.4242220080513888,372000
64,24260855,0.0125,-2.20692909917672,3.654903071364792,-22.880543335469046,1.3147114944515872,-0.5107137650603722,3.8736804560138443,372000
65,20260818,0.05,-2.0985470525857575,2.4687324318609516,-20.64991149379349,1.0501930309641312,0.05031950686114612,3.469728334904386,372000
65,21260821,0.05,-2.0048973517850013,2.6395009083626877,-18.720563358775433,1.1339768910734935,-1.4687246497499853,3.5637644310765686,372000
65,22260823,0.05,-2.0632690258610227,2.5289330099224707,-19.856592570601542,1.001742211706405,0.018320618127418153,3.17516643445096,372000
65,23260837,0.05,-2.0864630416701386,2.6008630462413693,-20.499479481813875,1.0535171920791517,-0.45813500606796703,3.3854780948724055,372000
65,24260855,0.05,-2.166385887514821,2.4408899613449853,-21.749727569528098,1.0999804166003302,0.26104121039623795,3.6907094191148166,372000
65,20260818,0.025,-2.0922180697940393,2.349334651494367,-20.649417668926024,0.9668600862597004,0.07168256239958486,3.469813131680787,372000
65,21260821,0.025,-1.9958272431891464,2.5394276271009733,-18.718167426656684,0.9885741016671903,-1.3656352787950332,3.564499597885699,372000
65,22260823,0.025,-2.0537320439803017,2.4575609338454187,-19.897418720761202,1.025556457229898,0.07195610851332399,3.202767720675369,372000
65,23260837,0.025,-2.0834194684650833,2.510788761103455,-20.596740584233462,1.0341479987137863,-0.40137226669458653,3.3869196228241747,372000
65,24260855,0.025,-2.149529222122337,2.3591038616302265,-21.839663073866305,1.0560591811747042,0.3097453188601473,3.691223695428107,372000
65,20260818,0.0125,-2.093414685625226,2.361230606529024,-20.692509695750633,1.0033824682535368,0.0838355989532387,3.469828621164648,372000
65,21260821,0.0125,-1.9951398305950048,2.4756302501221645,-18.74326249715798,1.0229737093970148,-1.3105224647302132,3.571120413681713,372000
65,22260823,0.0125,-2.0512832359078477,2.370979980042492,-19.913238397539047,0.9996191160163959,0.09476539269016147,3.2143814384767477,372000
65,23260837,0.0125,-2.0937818374550328,2.4507922578878363,-20.788008589794583,1.014915453522408,-0.37949442682865714,3.387876954337081,372000
65,24260855,0.0125,-2.1521615676259684,2.2974552664977415,-21.88335000266577,0.9762140971197679,0.32064746764353874,3.6917004502238377,372000
66,20260818,0.05,-1.9705253686787656,3.9274219427318915,-22.889519595519772,1.3679248889344664,0.07444430932409986,2.84549742411646,372000
66,21260821,0.05,-2.0690626036096083,3.9171560440314472,-22.958913371483654,1.2779220778558205,-0.2516314363259209,3.3766495197927755,372000
66,22260823,0.05,-1.936181081294724,3.909400472352791,-22.90889054826846,1.2822485914394222,-0.23797198468118053,2.9687464145975646,372000
66,23260837,0.05,-2.1181361757302803,3.887605551689539,-22.79524172453711,1.2695103787327455,-0.36275780667654856,3.530740410899152,372000
66,24260855,0.05,-2.008503947185091,3.895985073723451,-22.8265489962327,1.2743780374553622,0.11364307653300319,3.2870498481171753,372000
66,20260818,0.025,-1.9571730661858446,3.758557051314627,-21.80831396993524,1.2665885946193198,0.139424903499745,2.849591418891461,372000
66,21260821,0.025,-2.0662053441886292,3.7795739839338314,-21.886952485102853,1.3872593771475905,-0.1872031799066569,3.398203257649629,372000
66,22260823,0.025,-1.9289053602934467,3.7515442010664235,-21.7406468377709,1.2404278885030195,-0.1516658974244747,2.983825841339856,372000
66,23260837,0.025,-2.0928920325503393,3.75197725748091,-21.7190538498128,1.3119482802917815,-0.3018714799406934,3.5371161620206877,372000
66,24260855,0.025,-2.007934570215586,3.7747104211606732,-21.70108892645265,1.2715691233844648,0.15088947800449398,3.301781386177087,372000
66,20260818,0.0125,-1.9549284109199416,3.699364147288569,-21.34121848738784,1.2771942115165131,0.1784308189458029,2.8515005696540054,372000
66,21260821,0.0125,-2.071221022232016,3.7114699757243663,-21.264758000182322,1.2799046238886438,-0.15589128395079535,3.409503759341284,372000
66,22260823,0.0125,-1.9238434428884454,3.6894124597286004,-21.295649808239638,1.3043280438439728,-0.12188824676174029,2.9880761997377334,372000
66,23260837,0.0125,-2.091961948009893,3.713847067469994,-21.325803619531374,1.2869047524567947,-0.27178537045972495,3.5343300391118744,372000
66,24260855,0.0125,-2.0041187758979127,3.7087930409312495,-21.31401127105598,1.2531018327588548,0.17807241778614175,3.306130923658494,372000
74,20260818,0.05,-2.1022325505784623,2.727818773308993,-20.748111766131217,0.9521536535979883,-1.9106739160859345,3.348368174140539,372000
74,21260821,0.05,-2.112547028998002,2.871096756708265,-20.84169348342182,0.8901732863759857,-2.4615329050231907,3.3181019714859037,372000
74,22260823,0.05,-2.2153205573060633,2.760096833944756,-22.93223212380812,0.9987633533677998,-2.6584468593163875,4.0709346728314335,372000
74,23260837,0.05,-2.2678073088485973,2.792373217106199,-24.166327442896073,0.9809323363431389,-1.9224331182600634,4.2341240666577,372000
74,24260855,0.05,-2.1869812130561748,2.6807001135078177,-22.04129589575438,0.9132329385185832,-1.582219251128897,3.7182887710009136,372000
74,20260818,0.025,-2.094670301752276,2.6569123855471255,-20.760565624704437,0.9409013314505702,-1.8257743186793116,3.3524971496396545,372000
74,21260821,0.025,-2.0995668512785164,2.7554476313686016,-20.8908270190479,0.9185932310010323,-2.3817792916910343,3.3281498879404223,372000
74,22260823,0.025,-2.203593702703973,2.6662365047390395,-22.946406232858305,1.0052893700801824,-2.563289816280148,4.072524727570215,372000
74,23260837,0.025,-2.2657418346315037,2.688048708604563,-24.194319266982777,0.9971851645005789,-1.8732402580068113,4.243528248651642,372000
74,24260855,0.025,-2.163741747651283,2.572589087562039,-22.050629559051668,0.9447671477571425,-1.5062861084028902,3.7239445203416683,372000
74,20260818,0.0125,-2.0931459077880206,2.62307833995454,-20.772715986033226,0.9716330313748156,-1.7842542755645805,3.3561543758679786,372000
74,21260821,0.0125,-2.0977271565031415,2.705075098898902,-20.901682346911283,0.9017918720135326,-2.340621925345077,3.331057962050643,372000
74,22260823,0.0125,-2.205204054005325,2.6507642377736382,-22.956965159928146,0.9766995689630142,-2.5248052876762754,4.075636282473087,372000
74,23260837,0.0125,-2.258800512260617,2.647968156036238,-24.2168357195921,0.9163761988922574,-1.8479854629652144,4.249761860138711,372000
74,24260855,0.0125,-2.161407993074244,2.531632623061127,-22.06764620686035,0.9808553948327431,-1.4721743826403593,3.729493997292273,372000
75,20260818,0.05,-2.134909441856896,3.0209356692715996,-21.521026819688682,0.970730198057888,-2.11582897061333,3.904364321959311,372000
75,21260821,0.05,-1.9957073230716644,2.913532988599344,-18.46220957527596,1.060301715150597,-1.705314161351956,3.16768108809341,372000
75,22260823,0.05,-2.1240981812338173,3.0929798735915157,-20.845068715158327,1.018380090952959,-2.2909013138125003,4.056530167777906,372000
75,23260837,0.05,-2.1593765765702853,3.0059847617866797,-21.68465844779123,1.0396383303587537,-2.1187704749680747,3.6470220835226463,372000
75,24260855,0.05,-2.1459198863958737,2.9198382677598325,-21.45182723919151,1.075174898784039,-1.658528182790422,3.645757204626283,372000
75,20260818,0.025,-2.1315659960612545,2.9103375779689893,-21.52364227475098,0.9601720428632013,-2.0586475199191376,3.923413678698254,372000
75,21260821,0.025,-1.99194880190826,2.782724691020136,-18.544662475814842,1.0336534773939339,-1.6349652999904278,3.186529866459176,372000
75,22260823,0.025,-2.1115057884004877,2.964654030335005,-20.84481688314334,1.0785640941183703,-2.24278842230331,4.064594690101972,372000
75,23260837,0.025,-2.145828599990256,2.9315225571131056,-21.799419985014755,0.9673471491375222,-2.093697172352517,3.6758318118278517,372000
75,24260855,0.025,-2.1383168582107053,2.8030274649129288,-21.541946025675443,1.0077173627440348,-1.5827070280975524,3.6602685836454616,372000
75,20260818,0.0125,-2.1332643111975536,2.8490821774995654,-21.536683742475578,1.0482577090108804,-2.0301080787469914,3.9300976238942713,372000
75,21260821,0.0125,-1.9912235304621377,2.731483193151069,-18.603597821830153,1.017379948733146,-1.5977509019909866,3.2008033605355553,372000
75,22260823,0.0125,-2.105034753898399,2.9081454865346332,-20.85209549946625,1.0123739949491686,-2.217515638001624,4.068052356959787,372000
75,23260837,0.0125,-2.1449430042243733,2.8765195644716908,-21.82138391637416,0.9449224773531858,-2.0813442446271906,3.6814431646815873,372000
75,24260855,0.0125,-2.135687221707132,2.757769146903274,-21.577067205691346,1.0169380265364325,-1.5400877879370733,3.6668727033453514,372000
76,20260818,0.05,-2.321234743747592,2.5004109230400564,-25.648591455902153,1.1875936540281178,-0.5901759157236242,6.1505993879059675,372000
76,21260821,0.05,-2.2689871149666305,2.3609938918762587,-24.07100154444187,1.0202132530481223,0.2435620724940424,6.0558002152746875,372000
76,22260823,0.05,-2.3104761431228993,2.5516684678257997,-25.117837484394475,1.1305740854972108,-0.989841690889025,5.932393659673107,372000
76,23260837,0.05,-2.2719718068600336,2.5412050989690904,-24.50455040089314,1.0963091495996664,-0.9961864817933423,6.015394691021624,372000
76,24260855,0.05,-2.293540104672691,2.3343486105962543,-24.89779328798627,1.1131826042570399,0.09939613561848072,6.074143525552216,372000
76,20260818,0.025,-2.32858125300826,2.4026093291101116,-25.455789256213457,1.1076870364266158,-0.5193989282378997,5.945981007077536,372000
76,21260821,0.025,-2.3077084512450368,2.226587752530259,-25.435844008910887,1.1779871823470716,0.29984299947687143,6.114415040890758,372000
76,22260823,0.025,-2.3205455406282596,2.479645400698649,-25.647453366302866,1.1711347345542584,-0.9322461454563777,6.023352650406161,372000
76,23260837,0.025,-2.292814118090301,2.4520005794912327,-24.977633579189227,1.115669678490829,-0.916604705951951,6.058343096963447,372000
76,24260855,0.025,-2.2822306879789354,2.2659869080539425,-25.03989917490297,1.0953167793531917,0.16472433745624726,6.089944344688105,372000
76,20260818,0.0125,-2.2813613228108416,2.3327406778142605,-24.7726518795898,1.1838046860833042,-0.484195374739598,6.016015455275913,372000
76,21260821,0.0125,-2.2949075555725122,2.216213418348048,-25.165236247252075,1.124646742854997,0.343430922437852,6.0360195239942325,372000
76,22260823,0.0125,-2.2950397924688533,2.4300303248439485,-24.89420215001677,1.1563824265735807,-0.9199596479579426,6.032018826011459,372000
76,23260837,0.0125,-2.2832977980560436,2.396230975948826,-24.70342492811458,1.1037330539040997,-0.8831207379360961,6.006482036552643,372000
76,24260855,0.0125,-2.3006277706074165,2.2538070041139107,-25.26079335676016,1.124559681689811,0.22036345914486258,5.909510114761418,372000
77,20260818,0.05,-2.0794423152918817,2.522988438604424,-20.163839374800457,1.140435134476807,-0.5757883842546508,5.574416720688992,372000
77,21260821,0.05,-2.1114228040902963,2.4739993009639494,-20.7095039903859,1.1691046831066756,-0.3748739952451271,5.643562329782704,372000
77,22260823,0.05,-2.0255566154578153,2.5091663345006108,-18.894295184429662,1.1378495438939544,-0.3161442587317797,5.507162174116527,372000
77,23260837,0.05,-2.3734799099349475,2.6253059740058884,-26.22355839000902,1.0699623465209565,-1.2651768003883375,5.4894823357238005,372000
77,24260855,0.05,-2.124351579753607,2.3191665815161855,-21.15345694579888,1.1483001039844114,0.39630693212327683,5.5830011902090915,372000
77,20260818,0.025,-2.081531581701851,2.3954334090827802,-20.246259724471233,1.1384932833075259,-0.4672880969632959,5.530683940669431,372000
77,21260821,0.025,-2.1087759460315856,2.3624952144194338,-20.751100413746126,1.1847571921257267,-0.2838220717020507,5.543293531902017,372000
77,22260823,0.025,-2.0204781508932745,2.4142833977584304,-19.024620954466496,1.1632544490254206,-0.22892211615482988,5.567025088490022,372000
77,23260837,0.025,-2.348450624464232,2.4908488870339367,-26.232050877120955,1.1130868357977048,-1.153379118184633,5.561677592448822,372000
77,24260855,0.025,-2.11728585180615,2.2224763543055754,-21.204424987741728,1.1885647580002763,0.428845896306013,5.55282185431374,372000
77,20260818,0.0125,-2.082960515249583,2.3451116910674665,-20.27110527808388,1.1663024947776681,-0.4267801434250409,5.530966901513648,372000
77,21260821,0.0125,-2.1051181724231505,2.319697092160496,-20.7862988811956,1.1753421825559187,-0.2366859053370335,5.57979131522229,372000
77,22260823,0.0125,-2.0179588753497604,2.3170271591818374,-19.099545296017457,1.1787272269241384,-0.188997787435828,5.563107826974358,372000
77,23260837,0.0125,-2.341872964556305,2.4723782023830587,-26.238515347848622,1.2225948785373613,-1.0967937319246295,5.560286715249328,372000
77,24260855,0.0125,-2.116359291912436,2.2306282868777934,-21.221328635470698,1.144864324193678,0.467285481271963,5.46995058962904,372000
78,20260818,0.05,-2.1709310321150803,4.711301806920327,-30.420307486523676,1.004921837052126,-0.02264296680082617,4.341187183692338,372000
78,21260821,0.05,-2.1855042125346955,4.723856218928226,-30.62568426712484,1.020372425884523,-0.06629769672822462,4.257080724705057,372000
78,22260823,0.05,-2.173834642511785,4.727725855779586,-30.44177864442968,0.9607959424179331,-0.0454545021482202,4.244161197949951,372000
78,23260837,0.05,-2.1818516696080756,4.721650269987345,-30.560107830834507,0.9677607325732168,-0.07510685096199518,4.238645364812392,372000
78,24260855,0.05,-2.185451330251958,4.722345155744074,-30.442765230707263,0.9852115515043892,-0.042157360306129495,4.2909419565477265,372000
78,20260818,0.025,-1.9491012815499495,4.532442497482142,-29.46665931210938,1.0086406711753273,-0.05228453301555975,4.3195174571611705,372000
78,21260821,0.025,-1.9314150302250155,4.551934487205764,-29.28742463664219,0.991579016248827,-0.05529879942187527,4.358743467099851,372000
78,22260823,0.025,-1.9419632512503202,4.535090896587032,-29.26950636112163,1.0305313138681638,-0.06344333829555855,4.272766197706006,372000
78,23260837,0.025,-1.940711649274154,4.540007386176195,-29.372321423434045,0.9920500928930814,-0.0725629039794504,4.240453174456889,372000
78,24260855,0.025,-1.9365829006369168,4.53037608047312,-29.399314747609875,0.9576875656816626,-0.06379755970853107,4.308196559744659,372000
78,20260818,0.0125,-1.9077969507454904,4.461193519057972,-28.851093492207447,1.0107233239848505,-0.028404745945666506,4.367663388532333,372000
78,21260821,0.0125,-1.9048717442822323,4.470266335068445,-28.86999102269245,0.9776073565608131,-0.07208284936429991,4.323808632778414,372000
78,22260823,0.0125,-1.90892115744349,4.468139349204631,-28.831670421207676,1.0282442557903464,-0.06737991177460792,4.260523118451025,372000
78,23260837,0.0125,-1.8997092796532131,4.4622316449026345,-28.79199899891486,0.9976910002630854,-0.09675190640891779,4.292884997917072,372000
78,24260855,0.0125,-1.9059135451550362,4.458452093215546,-28.838900369919624,0.9744809449510233,-0.049957546988521506,4.296821036860201,372000
79,20260818,0.05,-2.1867094429903693,4.7412135033013225,-30.483326827211428,1.2840791499895958,0.9675141076779883,4.317150927625851,372000
79,21260821,0.05,-2.1757756183412704,4.717735354111155,-30.403651466035782,1.27090369712985,0.9320559843201236,4.253629979983634,372000
79,22260823,0.05,-2.175967398633333,4.7211631762604505,-30.546571721427103,1.3550454741120301,0.9346931419982402,4.275577518740121,372000
79,23260837,0.05,-2.1885612778558317,4.761312666888225,-30.46316572377634,1.2844839833039394,0.9998522696046345,4.2604070505746705,372000
79,24260855,0.05,-2.202568979824103,4.711440751848793,-30.466407561661477,1.2949786415489979,0.9261697416401319,4.260499006885301,372000
79,20260818,0.025,-1.943051821951131,4.532750506138613,-29.309722705116382,1.281646063306513,0.9938857026873259,4.274959683986158,372000
79,21260821,0.025,-1.9319429554269152,4.535979681145699,-29.353330576361227,1.27088784751427,1.003868381358657,4.2660184350850345,372000
79,22260823,0.025,-1.9296237722945129,4.536659861336057,-29.370608209936037,1.3499702096219512,0.9779423415781544,4.27213000544149,372000
79,23260837,0.025,-1.9387053850921199,4.553654700114918,-29.299836916460123,1.2826652378475079,1.020397867797376,4.26197979490467,372000
79,24260855,0.025,-1.938522427509656,4.547060932491874,-29.3409818683418,1.2937238457304792,0.9562218660461002,4.262878808122316,372000
79,20260818,0.0125,-1.9093694680378819,4.464880554749402,-28.713900787122068,1.2808274767192709,1.0001385234994833,4.3816124426891445,372000
79,21260821,0.0125,-1.8996085258188329,4.453791632228594,-28.731314554293846,1.2692001663302184,0.9761157013585235,4.267484701699337,372000
79,22260823,0.0125,-1.9089003516059728,4.458006722719786,-28.79424164391709,1.3478348983769077,1.0074500732048421,4.293665573720994,372000
79,23260837,0.0125,-1.9059284148363154,4.457879059338631,-28.801739979024997,1.281956512227946,1.0304532747770045,4.302653834993317,372000
79,24260855,0.0125,-1.911021147481439,4.470345308902325,-28.86158898317173,1.2982756675277756,0.982144176765317,4.299389089133824,372000
87,20260818,0.05,-2.182450393103304,4.718896277655886,-30.606226912085926,0.9028271542697802,0.9825942377802784,4.240109103887299,372000
87,21260821,0.05,-2.1674834799698925,4.718895330663816,-30.520982795377734,0.9167723080056657,0.9973744232551653,4.28940526844931,372000
87,22260823,0.05,-2.1838476460294074,4.710500973916286,-30.48760350056569,0.9522141449373992,1.0111294814382341,4.237014364645659,372000
87,23260837,0.05,-2.1870459551276973,4.72203595901451,-30.36902772631745,1.0290666029039304,0.9905576694911101,4.24166338916581,372000
87,24260855,0.05,-2.1805289827179117,4.734548273026299,-30.526308764947245,0.9300634004687776,1.003456330064664,4.26915178552497,372000
87,20260818,0.025,-1.9383415819841483,4.5513394558025375,-29.300958527505134,0.9562645512131698,1.0595569648584864,4.2837282396170995,372000
87,21260821,0.025,-1.9339525598075675,4.541982073385817,-29.316239798502714,0.9767725378185879,1.03069311320672,4.308296894061303,372000
87,22260823,0.025,-1.9301380196785713,4.548648200414021,-29.321213260108877,0.9442159807316819,1.0527337991799868,4.2975151214804015,372000
87,23260837,0.025,-1.9306580514095633,4.532750594510838,-29.37910884858118,0.9645540259045334,1.0561397679883258,4.292299864123428,372000
87,24260855,0.025,-1.9309348493516407,4.554137773654601,-29.393338521535107,1.0480434112625512,1.0721924738168558,4.31611827457638,372000
87,20260818,0.0125,-1.898609584788651,4.460131954723447,-28.746667420655406,0.9292143135816451,1.042104795675727,4.282940216684162,372000
87,21260821,0.0125,-1.901164009753237,4.473247267436803,-28.80970501460454,1.0007472273147167,1.0597784976056663,4.3431651993973945,372000
87,22260823,0.0125,-1.8992836524822356,4.461037794747019,-28.910015518546302,0.9896541516273561,1.0550649016859468,4.280810884493066,372000
87,23260837,0.0125,-1.897262807448363,4.456779701177455,-28.817552475659937,0.9543097543526825,1.054127715064085,4.2863479882530005,372000
87,24260855,0.0125,-1.9019758664391917,4.466278296082789,-28.939744299093363,0.9986874726594518,1.0366918125009097,4.347492790696355,372000
88,20260818,0.05,-2.24031657895985,4.714746375580521,-30.467866474505044,1.0981550831203073,-1.374715384417657,6.937757677168474,372000
88,21260821,0.05,-2.260860115857595,4.744232195736592,-30.535073448420395,1.157101569649355,-1.5602755971552746,6.879086871156281,372000
88,22260823,0.05,-2.240673345785316,4.720703275623032,-30.486531652569578,1.0195473255791492,-1.4134859218417688,6.9313707124638615,372000
88,23260837,0.05,-2.242140907831733,4.753333414663788,-30.488074875179343,0.9461489522719907,-1.377793533169824,6.8767410377385625,372000
88,24260855,0.05,-2.239273679454759,4.718465231470828,-30.533378452746703,0.9250594780912753,-1.3766932200540145,6.942382901782475,372000
88,20260818,0.025,-2.2387245460867273,4.542401675016399,-29.31436361406111,1.0481170978252983,-1.3655383544432524,6.89943547024189,372000
88,21260821,0.025,-2.2443472872390804,4.538184504846395,-29.289828047738858,0.9343854175937959,-1.54105502208992,6.850427356736339,372000
88,22260823,0.025,-2.2332873154104957,4.541141505400802,-29.391064287206422,0.951197814532106,-1.3319487499806808,6.925249252992709,372000
88,23260837,0.025,-2.230300114083954,4.548797350483898,-29.2705545048104,1.038589988555511,-1.3298218576514862,6.8901782482586755,372000
88,24260855,0.025,-2.2284515132576135,4.538739900419416,-29.44942499801203,1.1346525803238026,-1.3640355751975317,6.889217297110503,372000
88,20260818,0.0125,-2.2419928763275143,4.451704138061245,-28.801334493507962,0.9963175316009664,-1.371715656566728,6.882530944445431,372000
88,21260821,0.0125,-2.217727522501364,4.464305738273063,-28.77718807827422,0.9961403614104827,-1.3269467926624636,6.837106873225851,372000
88,22260823,0.0125,-2.225433465175298,4.456326306153475,-28.898637531528028,1.0279899978485556,-1.3628979371148278,6.878331888538402,372000
88,23260837,0.0125,-2.234416678970287,4.454278099369245,-28.793645524610614,0.9837864553653614,-1.3485067620920728,6.8703162013335755,372000
88,24260855,0.0125,-2.2266061923631537,4.467490988803091,-28.728395528874085,0.9774340661061796,-1.403106966426448,6.965662188668444,372000
89,20260818,0.05,-2.1755068481163207,4.747800233232644,-30.61042117150047,1.2747106889194586,2.3135756901927316,4.502332231409264,372000
89,21260821,0.05,-2.1892947027652165,4.7338630061006395,-30.4888129827427,1.214354760557612,2.391156390931434,4.612363121248927,372000
89,22260823,0.05,-2.183540551818616,4.7347551468742965,-30.447824977499973,1.2226145507368467,2.1530615579328694,4.466768052761036,372000
89,23260837,0.05,-2.1770341763185037,4.725424063383976,-30.532240195498108,1.2119929698225742,2.2769368519269846,4.416054201026666,372000
89,24260855,0.05,-2.178650448486821,4.747314689428953,-30.473232218523624,1.2092706609664166,2.1701363142720735,4.4387054901464955,372000
89,20260818,0.025,-1.9382635815839013,4.55243133485113,-29.283544646473363,1.2722386497902127,2.3135801863429744,4.442741669496062,372000
89,21260821,0.025,-1.9306208720611397,4.540098991340889,-29.487655216704226,1.212254436487206,2.391085125698308,4.674632047454035,372000
89,22260823,0.025,-1.935053121037144,4.538070006180331,-29.30190847769456,1.2168219092701615,2.155549174539234,4.427651697469259,372000
89,23260837,0.025,-1.9429855482681002,4.555971064380526,-29.46562152160833,1.2071403054108338,2.2815428050770317,4.415491288002388,372000
89,24260855,0.025,-1.9413680072222579,4.546434663001257,-29.395286872613333,1.2076621635551161,2.1720201925166034,4.4804908161144406,372000
89,20260818,0.0125,-1.8991217195590335,4.475114183565114,-28.782539159335094,1.2709478207460974,2.3135695393775833,4.442304840691199,372000
89,21260821,0.0125,-1.911495080298082,4.472527191684985,-28.822121701506394,1.2120246749363168,2.3910358468428328,4.513659326562029,372000
89,22260823,0.0125,-1.900914024672839,4.461411278704818,-28.757999352431856,1.21401780465988,2.156780383351299,4.428079636617928,372000
89,23260837,0.0125,-1.8999461687232067,4.468539367034705,-28.80596276553716,1.205875605706062,2.2838562977120196,4.415020544496024,372000
89,24260855,0.0125,-1.9015844921044227,4.4556831734144735,-28.787738696429297,1.2062979798658253,2.1729216789182884,4.629365751899395,372000
90,20260818,0.05,-2.1788701659618925,4.719744655796932,-30.486271359504,1.2967427733901045,2.382108646922604,4.267932992778369,372000
90,21260821,0.05,-2.193357375348424,4.744375366820491,-30.430543320513944,1.245866670189154,2.373027188859227,4.3032243305398685,372000
90,22260823,0.05,-2.1856946830888906,4.7401936945737,-30.47447633024664,1.3469598309743573,2.3855866681439495,4.239668571418526,372000
90,23260837,0.05,-2.16966111474121,4.733858747877867,-30.492648319956576,1.306740291041563,2.3176783368047955,4.253607739600075,372000
90,24260855,0.05,-2.1889869388077856,4.724386417827674,-30.44473365340159,1.3379846800670034,2.285773102495022,4.287435225212209,372000
90,20260818,0.025,-1.9446048144382546,4.539368314354577,-29.43358495969974,1.2938847976664498,2.386256470188718,4.27165685268446,372000
90,21260821,0.025,-1.9298998603046764,4.541918141694592,-29.33314301693687,1.2518231144720664,2.3735545181016744,4.333196058291077,372000
90,22260823,0.025,-1.9331626394336263,4.526588666133777,-29.337236082094464,1.3447498072266724,2.389299145719568,4.262704161260167,372000
90,23260837,0.025,-1.9345130600732585,4.528919344275817,-29.316158428390295,1.305661479461277,2.3209724791360014,4.269927137956178,372000
90,24260855,0.025,-1.9325505118875619,4.525511753986655,-29.30780092671916,1.3365843754226714,2.2890435520062513,4.321445154578664,372000
90,20260818,0.0125,-1.898080763596205,4.464137746768239,-28.807224945170738,1.2925145652413605,2.3883371197262275,4.349566646525203,372000
90,21260821,0.0125,-1.9086091321018541,4.465835386790076,-28.811119131536504,1.2509308851700194,2.3737484016026635,4.3381145753886345,372000
90,22260823,0.0125,-1.8948889501016921,4.4668401598684495,-28.83399823748677,1.3433113508936518,2.3911320288270783,4.304299979123783,372000
90,23260837,0.0125,-1.906509053963897,4.47085869185103,-28.779535949864957,1.3042569457109543,2.322590435439876,4.26759584889218,372000
90,24260855,0.0125,-1.898183834580524,4.465477519713818,-28.88405735588653,1.3351570807655286,2.290763851268331,4.349050755418112,372000
91,20260818,0.05,-2.1691732391355742,4.733872768215348,-30.444212744434598,1.0964750331007298,1.3709325055017874,4.577165801615253,372000
91,21260821,0.05,-2.1770880675408453,4.7568297828038455,-30.470096377957024,0.9497627568937544,1.3743389159957227,4.564285440910286,372000
91,22260823,0.05,-2.192091341030914,4.761536172239884,-30.416491142648393,1.0055745361676522,1.3987556435948307,4.576148108351124,372000
91,23260837,0.05,-2.1694171917396785,4.73233538683508,-30.457669667479315,0.9603767206088387,1.3973322654888023,4.620239992251178,372000
91,24260855,0.05,-2.1869201395172677,4.7200355649901296,-30.472078856210473,1.0321883263365599,1.3540448337526814,4.606819469419391,372000
91,20260818,0.025,-1.9444024129878126,4.5353908792991335,-29.44992829299766,1.0925515163270885,1.3812003475951866,4.563052286030518,372000
91,21260821,0.025,-1.9362482000280454,4.539057393615251,-29.380447365835572,1.0154581793112158,1.374250398229161,4.596307771572918,372000
91,22260823,0.025,-1.9408018762753791,4.5478398957795,-29.363789260006694,1.0106764520101506,1.4270188332872182,4.63933707004318,372000
91,23260837,0.025,-1.9325735200862368,4.554685914031505,-29.321241527619,0.9568322823500341,1.3973191665843332,4.646925578750635,372000
91,24260855,0.025,-1.9417061334816694,4.537215665831068,-29.40549559514265,1.0284477507509728,1.3582887268893569,4.595493307662547,372000
91,20260818,0.0125,-1.9077134695169313,4.457850625238453,-28.81895233385044,1.0896365915744732,1.3797625457510847,4.639228627947984,372000
91,21260821,0.0125,-1.8996761903498633,4.462939020218413,-28.789186070208004,0.9940949778814636,1.37423104652365,4.685421012076409,372000
91,22260823,0.0125,-1.9051048510759976,4.470173653795747,-28.748294265971193,1.0265851200564862,1.4292173264012578,4.607180515656267,372000
91,23260837,0.0125,-1.8975616134877218,4.46521862640749,-28.77667670474257,1.0303109557036956,1.3973281780094344,4.707207255564196,372000
91,24260855,0.0125,-1.9097510531803477,4.485994475381821,-28.880101473884537,1.0247774296533911,1.3606306708761537,4.544464879026792,372000
92,20260818,0.05,-2.1824486762350963,4.728540207770557,-30.455699460285363,1.2405147646429031,0.4441108119560596,4.255128038348645,372000
92,21260821,0.05,-2.1964384229732374,4.718885981989965,-30.45073923260732,1.3015398212448948,0.5182478747902378,4.286038202604652,372000
92,22260823,0.05,-2.173735481659404,4.705569680977647,-30.472342210127604,1.3118232759734174,0.5400802471045374,4.22675379149467,372000
92,23260837,0.05,-2.1808247306820223,4.734290577742492,-30.43574119814842,1.3236786960033675,0.5137636265600382,4.2549834450888255,372000
92,24260855,0.05,-2.18175050787542,4.738712838053231,-30.468616147595316,1.269002765715077,0.5592395654761737,4.260230915499178,372000
92,20260818,0.025,-1.944975979648004,4.5434823641339666,-29.384889359717587,1.2636574589323597,0.46299274960799913,4.261091699122395,372000
92,21260821,0.025,-1.942933254897901,4.54161570595843,-29.288390782912643,1.297234848233803,0.5315799295855261,4.261303309273856,372000
92,22260823,0.025,-1.936414928365843,4.545690982110172,-29.41392982070677,1.3271308711507552,0.5470106570155918,4.508331489410118,372000
92,23260837,0.025,-1.9436069386481496,4.543305269836924,-29.428063730452727,1.3199310293592463,0.5272934219556606,4.256847837162276,372000
92,24260855,0.025,-1.9351047307049485,4.535508909785335,-29.312376050002314,1.2693688856003007,0.5718873628293445,4.245562709220034,372000
92,20260818,0.0125,-1.9005564121044938,4.453565275725595,-28.78812815907065,1.2634482678402887,0.4755541951496066,4.269850570732167,372000
92,21260821,0.0125,-1.9091510396419231,4.469196240186562,-28.791726818078608,1.2958716561789563,0.5395819170920867,4.249203560385093,372000
92,22260823,0.0125,-1.9000384508857344,4.469187710917837,-28.725421720964842,1.3252394276577124,0.5503006587910491,4.275974580052271,372000
92,23260837,0.0125,-1.9030710727135063,4.457280258792633,-28.804411137259162,1.319011924701576,0.5350006616794168,4.2966361006443154,372000
92,24260855,0.0125,-1.9013271685393334,4.47209866618858,-28.7675281646698,1.2680297068883353,0.5784100914625967,4.263325148657024,372000
100,20260818,0.05,-2.194084513712291,4.727642488562177,-30.47545448604852,1.2601025017617218,-0.7202852175943026,4.286749833431669,372000
100,21260821,0.05,-2.1703907398150637,4.719304658116239,-30.48192908206298,1.2344877417201492,-1.594421707187103,4.2257444466074086,372000
100,22260823,0.05,-2.192163014925936,4.718515672392735,-30.506912527512938,1.2188621502297838,-1.060896481948623,4.254296996737247,372000
100,23260837,0.05,-2.197054093878994,4.712568734060485,-30.3953386899695,1.280130494372543,-0.6492606696162164,4.295977760015197,372000
100,24260855,0.05,-2.1703156110618775,4.719533292178533,-30.405004969237314,1.23571719254208,-1.1389538289811023,4.319240258533952,372000
100,20260818,0.025,-2.0066729722708287,4.528910566930858,-29.374635975729227,1.25339929425149,-0.6829315231736331,4.270917179095682,372000
100,21260821,0.025,-1.9468197676366452,4.541412617549686,-29.36400637968242,1.2446914030987233,-1.5171680509485763,4.249925383875669,372000
100,22260823,0.025,-1.9375685973187151,4.536604386043005,-29.34147119818921,1.2586927285117429,-1.0141359457938286,4.278030163656234,372000
100,23260837,0.025,-1.93130859233875,4.532647405434646,-29.46508505288169,1.2499160701730025,-0.6026946150964408,4.296068993954422,372000
100,24260855,0.025,-1.9914752632137305,4.545477414654492,-29.437485411649288,1.2459463679048588,-1.1098175646913355,4.274555939958891,372000
100,20260818,0.0125,-2.0089882710968916,4.455556552868081,-28.700528805337918,1.26731712141488,-0.6633914158397201,4.283946461670154,372000
100,21260821,0.0125,-1.8991158521067095,4.462078154692847,-28.790071323760067,1.2131839519462637,-1.4793162210061865,4.241547359056058,372000
100,22260823,0.0125,-1.9050262693656417,4.466238482423474,-28.718445978838023,1.2440519503640497,-0.9912071116790201,4.290970661041363,372000
100,23260837,0.0125,-1.903980721238445,4.475223870579312,-28.79285745217693,1.2604750887000895,-0.5832458776175311,4.282170313479412,372000
100,24260855,0.0125,-1.9926948607513633,4.468935072335442,-28.713604949239443,1.245580683475837,-1.0980219452640871,4.356200718258875,372000
101,20260818,0.05,-2.172952537381277,4.743341276125955,-30.432273956600874,1.29698969263202,-0.6350191381762472,4.280095273829826,372000
101,21260821,0.05,-2.1732545835273562,4.7524184796468,-30.555185402945487,1.2525075832453803,-1.2832988449361493,4.270847284010341,372000
101,22260823,0.05,-2.1762499246420743,4.723005449248136,-30.52251298810006,1.2951802289043362,-1.912920251840405,4.257130270402083,372000
101,23260837,0.05,-2.1729240171961552,4.7302862434835475,-30.46289355735366,1.2292222151015124,-0.5125498588266676,4.269995777368145,372000
101,24260855,0.05,-2.1917519375850625,4.7347884503447615,-30.50171027236988,1.3044643375681606,-1.9779237810251575,4.296317907753819,372000
101,20260818,0.025,-1.9413404859631571,4.526729475039366,-29.363253977565552,1.276696542576875,-0.5991213516451445,4.249238847858499,372000
101,21260821,0.025,-1.9843552278163263,4.530540880163778,-29.388380827551188,1.241842613461755,-1.239008797137867,4.264806950672502,372000
101,22260823,0.025,-1.932586183391978,4.544080230090909,-29.447409451830712,1.2692851734381396,-1.8622210027211175,4.2401480243984455,372000
101,23260837,0.025,-1.9512960156039796,4.54478405993229,-29.374100378389226,1.252093477154822,-0.47864826503920826,4.263420442901331,372000
101,24260855,0.025,-1.9383209283360054,4.530055331782412,-29.476689930860413,1.2592393897921292,-1.9274750419774533,4.355723968547278,372000
101,20260818,0.0125,-1.9074175819271573,4.466625961175826,-28.807288637078205,1.2499107474974565,-0.582568556031827,4.294139923439456,372000
101,21260821,0.0125,-1.9852361152675637,4.4699963385624,-28.825724847021075,1.2412171558882295,-1.217887374204475,4.289006243929494,372000
101,22260823,0.0125,-1.9025362282841412,4.462098247714506,-28.938038260960557,1.2996511039975072,-1.836898148057351,4.259023762582618,372000
101,23260837,0.0125,-1.9031315958071948,4.463116698700671,-28.797301803281886,1.2312541345331416,-0.46672746087547673,4.283474018331028,372000
101,24260855,0.0125,-1.9107002589364142,4.457531556233436,-28.81144085775275,1.2836131058704798,-1.900609698659486,4.288595633102437,372000
102,20260818,0.05,-2.192788153595934,4.719729072765289,-30.710314703054827,1.1108492778144132,0.4596386371536139,6.1446157227349625,372000
102,21260821,0.05,-2.1624182018789098,4.731030973862845,-30.49800800050429,1.1545175067975024,0.5365643308004209,6.096330617720799,372000
102,22260823,0.05,-2.1834748487183946,4.719216494784087,-30.44463186137191,1.1440904008845083,0.567470740455868,6.15984796030339,372000
102,23260837,0.05,-2.193535583725368,4.7447735124903385,-30.558347349100963,1.1431841025908662,0.44345933676085,6.183618768569813,372000
102,24260855,0.05,-2.166700396309997,4.714690707870332,-30.519109701501662,1.1253593554369448,0.5256202372290867,6.0728163341757595,372000
102,20260818,0.025,-2.043752711200833,4.547005756645638,-29.39632223468049,1.115801986971928,0.48579583917017055,6.106722589431751,372000
102,21260821,0.025,-2.0412970438785796,4.563801055798662,-29.41124097909435,1.1044635127638671,0.546855914959691,6.058746757910251,372000
102,22260823,0.025,-2.0391921435785396,4.543313475978682,-29.30289566103279,1.0421003044020107,0.5070131806254116,6.082067023194604,372000
102,23260837,0.025,-2.050371822740477,4.531299561954915,-29.394308432354908,1.0510088508080533,0.5542359886393151,6.085250047681109,372000
102,24260855,0.025,-2.038441313739099,4.541632870319403,-29.362278876445114,1.163890124339428,0.5737706380896902,6.057216177076009,372000
102,20260818,0.0125,-2.0466166527308434,4.470924385414987,-28.895518190348955,1.106857293099711,0.4814492028766046,6.117912494934061,372000
102,21260821,0.0125,-2.0500364744845516,4.475790937531386,-28.818500990546013,1.1108465423104956,0.4834676557867049,6.092126902732502,372000
102,22260823,0.0125,-2.0403020899253184,4.453807417396365,-28.741910242418616,1.1266069476236542,0.5670018599503474,6.093798712154964,372000
102,23260837,0.0125,-2.0362190794861754,4.476659539441165,-28.860405640083535,1.0809189593534982,0.5334347577044106,6.085450499693733,372000
102,24260855,0.0125,-2.0411443156758105,4.45807892432674,-28.794203528316807,1.1426121804896843,0.5054253208658047,6.0826603702738185,372000
103,20260818,0.05,-2.196903187743864,4.743102397269753,-30.543371915981933,1.2019137322430615,2.7112764813450525,5.608361036778401,372000
103,21260821,0.05,-2.1744170323785785,4.725848589786458,-30.457779890642584,1.2205735998871081,2.6761355104147206,5.615169239915386,372000
103,22260823,0.05,-2.186329653056856,4.740157015867572,-30.49697371082293,1.2162488340619337,2.663385698483967,5.651124133082957,372000
103,23260837,0.05,-2.1903280813977113,4.740445350083219,-30.541040056273133,1.2364329078527199,2.7067497025094736,5.66229448093683,372000
103,24260855,0.05,-2.1629355752617587,4.710972030961118,-30.556919097419954,1.2187490898680384,2.683148028966068,5.695145596440785,372000
103,20260818,0.025,-1.9364952979543042,4.534399577825489,-29.366240788037572,1.2343744449600196,2.6805340954477233,5.634582354343416,372000
103,21260821,0.025,-1.9305161296920939,4.539694778950907,-29.465248917273133,1.1657932116922332,2.6698293271044427,5.606085989941208,372000
103,22260823,0.025,-1.9416664236862615,4.539455565493742,-29.38027495886972,1.2303885188251622,2.715771468970416,5.577716964990838,372000
103,23260837,0.025,-1.9419467040664613,4.531213323983106,-29.46413315508665,1.2382120133087005,2.680211653593734,5.610338898330269,372000
103,24260855,0.025,-1.9376599507619594,4.539570675905758,-29.41725668393573,1.2074901395452842,2.625303734449499,5.633224763804574,372000
103,20260818,0.0125,-1.9029292338113037,4.460881971115419,-28.83629753362172,1.2153791357177952,2.709309660319583,5.606853298574785,372000
103,21260821,0.0125,-1.9036995686636211,4.4817433305702075,-28.81746060974548,1.2338981757385723,2.6476751606537645,5.623240717493864,372000
103,22260823,0.0125,-1.9039189370830565,4.464715832357808,-28.91140153170524,1.2285939174237879,2.7125835239957072,5.578353639051191,372000
103,23260837,0.0125,-1.8996843697805772,4.483449067382126,-28.8148393206907,1.274887662318146,2.6919130258420574,5.594328090930845,372000
103,24260855,0.0125,-1.9027809973727,4.459500477227878,-28.783443482795786,1.2146546328997212,2.7247902330839318,5.557902092934938,372000
104,20260818,0.05,-1.6819657871331468,2.2109004795981413,-12.788131217182103,0.8488910708973411,-0.024821415048519598,0.9564288078311798,372000
104,21260821,0.05,-1.7164723551371248,2.2232352848100168,-13.442798656245236,0.8351463973144403,-0.05179445905393168,0.9440543223588184,372000
104,22260823,0.05,-1.685656458419473,2.200740587800883,-12.834949087699169,0.8587332506987968,-0.06725084624423208,0.9171298317579804,372000
104,23260837,0.05,-1.7053934679871312,2.206392448735652,-13.026427453307583,0.8118746421446731,-0.0989868625836237,0.9311131640759439,372000
104,24260855,0.05,-1.71851868971285,2.185986568007505,-13.198055110796178,0.8390398462244393,-0.04393592452459222,0.9101523555465572,372000
104,20260818,0.025,-1.666930840746594,2.134739734017033,-12.711731978377495,0.8506532579931924,-0.04758248661612808,1.0006298174248782,372000
104,21260821,0.025,-1.745808646550208,2.1489284209618633,-13.867111956987994,0.8895258248529058,-0.08072387621254148,1.0356335116273252,372000
104,22260823,0.025,-1.7056620000479548,2.103142267902992,-13.261960529022211,0.8454162111280078,-0.0891825940770639,0.9767654678332458,372000
104,23260837,0.025,-1.7246039214914555,2.1363352318257753,-13.50056926297213,0.8399283505382867,-0.06490849844158661,0.9991044481322316,372000
104,24260855,0.025,-1.6858108038975521,2.151698910906797,-13.199429594031022,0.8870531419223386,-0.05805108437634513,0.9862374441303715,372000
104,20260818,0.0125,-1.6777500183255336,2.1020043614115016,-12.93701033112315,0.9026810270679675,-0.04438109610806085,1.0058429416934025,372000
104,21260821,0.0125,-1.6937595212811398,2.1039834502048396,-13.248606108807344,0.8706051736149384,-0.08437381958704203,1.0425656877174996,372000
104,22260823,0.0125,-1.732147804241338,2.0808968718709218,-13.80047428416609,0.8678114805918187,-0.07755185581890857,0.9859706404907949,372000
104,23260837,0.0125,-1.732409404666358,2.1227903086200923,-13.714537497393936,0.8763344255966494,-0.07266005428538759,1.0184361051471265,372000
104,24260855,0.0125,-1.7139494661192551,2.090468463087753,-13.334786731475944,0.8896698602027631,-0.044051348440114,0.9967405845566734,372000
105,20260818,0.05,-1.6777829093497623,3.331862140415867,-17.95389012842849,1.2187988390330533,0.22408447333637924,2.3359252179217784,372000
105,21260821,0.05,-1.6800380190626523,3.346058509081002,-17.929761713029166,1.2954073875206482,0.22439049922605803,2.281428776140305,372000
105,22260823,0.05,-1.6987151860872478,3.315492188654666,-18.143706043207416,1.3145353637655621,0.19192590506324672,2.2440855896889618,372000
105,23260837,0.05,-1.6859684938521649,3.3081599461295896,-18.161175452383073,1.2305231831576058,0.22765678179263346,2.3269526035557986,372000
105,24260855,0.05,-1.6952724106442543,3.3184202559675597,-17.91449291765941,1.2384685905631527,0.1695740153278306,2.247860363832271,372000
105,20260818,0.025,-1.6018462663277773,3.22934685625372,-16.832365182507562,1.2703088229495827,0.24599933845271352,2.2666947931552093,372000
105,21260821,0.025,-1.611473061047591,3.201510438768918,-16.889733608332566,1.2440583616755974,0.24689207265671398,2.233169286721866,372000
105,22260823,0.025,-1.6110335531341957,3.187482893375633,-16.8926150536198,1.3118020179146714,0.24975864670358516,2.2473626116707925,372000
105,23260837,0.025,-1.613153210489739,3.1938772034090905,-16.707660226852685,1.2271260722099508,0.25797543568262876,2.3047099163325546,372000
105,24260855,0.025,-1.608617877494282,3.20354835652409,-17.038607841455647,1.2325258691392909,0.23452807669086173,2.2520696563045637,372000
105,20260818,0.0125,-1.583407558639867,3.1403111872800724,-16.419001235603822,1.2692663043580499,0.25574270984328284,2.2375288746149233,372000
105,21260821,0.0125,-1.5838091052553822,3.1638336251230004,-16.34328685863352,1.2382633293311087,0.2715489548274415,2.233583211364156,372000
105,22260823,0.0125,-1.587168728099146,3.125862225611502,-16.400654586356303,1.3112244700144002,0.25009962534655256,2.2799715038765647,372000
105,23260837,0.0125,-1.5826537224700212,3.131506355946568,-16.357647205934445,1.2270186972735007,0.2620304997834948,2.294348516915224,372000
105,24260855,0.0125,-1.5842213469227462,3.14056038546327,-16.36891505324357,1.2830323879071897,0.27746306823376066,2.2170545169510323,372000
113,20260818,0.05,-1.3068069066444445,2.2964522093162976,-9.570864948720757,0.8860312291403477,0.16855413828828655,1.9601152581212327,372000
113,21260821,0.05,-1.3052088990811104,2.247225713448013,-9.243074394149328,0.8871763735154572,0.21838942289320346,1.9511704092962072,372000
113,22260823,0.05,-1.3160845355681732,2.260140671657687,-9.56880964411918,0.8736229480568432,0.2157282270051985,1.979053608693016,372000
113,23260837,0.05,-1.2895328457452406,2.26074901370027,-9.36263268959002,0.9055831667737477,0.24777401181620934,1.9587425698445093,372000
113,24260855,0.05,-1.3269464687628312,2.316330073629218,-9.282145082156532,0.9458824676603725,0.22571082213595164,1.942323431937748,372000
113,20260818,0.025,-1.2854921204453227,2.159121312615335,-8.526821225785273,1.0211585922840898,0.2396424905226907,1.970189897015505,372000
113,21260821,0.025,-1.2636691239763562,2.188564945640174,-8.588124578900128,0.9470063281934409,0.2376927302508733,2.0903113140629137,372000
113,22260823,0.025,-1.262824239546166,2.1919030947328673,-8.730079195090552,0.9071885446399531,0.2398367004014385,2.0036982501236724,372000
113,23260837,0.025,-1.2713485343371183,2.17831632675867,-8.594417589428083,0.8943935589586115,0.26840379981680706,1.9799759018597454,372000
113,24260855,0.025,-1.290040870774666,2.175572809701601,-8.486722706588827,0.9433441482283951,0.25314343719203836,1.9846082894411616,372000
113,20260818,0.0125,-1.2451576500849737,2.140743809949788,-8.216780231543677,0.9414819362946236,0.2423167137259718,2.01580640665252,372000
113,21260821,0.0125,-1.2379854671716284,2.1815069257258908,-8.141382377106943,0.9157000337430107,0.2538817515567997,2.1045410958726056,372000
113,22260823,0.0125,-1.2623777986243139,2.144802723156305,-8.471011738608102,0.8993263739056344,0.25381526844877556,2.1467195324697106,372000
113,23260837,0.0125,-1.244950503513272,2.1569015525127666,-8.167936399708823,0.9020269515220869,0.3061193680617749,2.005723550475396,372000
113,24260855,0.0125,-1.2761021875663077,2.120223606352096,-8.240572990767506,0.8836567555683883,0.2819348087805882,1.9893108009502805,372000
114,20260818,0.05,-2.231829081287269,2.2068454418552235,-23.454944789472574,1.0793117380420325,-1.3813231588819987,6.61867304963113,372000
114,21260821,0.05,-2.2402403873204535,2.2210703466041166,-23.27456912677037,1.1112257402810766,-1.3600489710069494,6.6302150157057875,372000
114,22260823,0.05,-2.243258698951127,2.163801465813325,-23.54361285674852,1.1877590737217307,-1.3646651012607969,6.731912672482318,372000
114,23260837,0.05,-2.2481724526948974,2.193389082947905,-23.759935810452415,1.150326906413252,-1.3969323277303476,6.602338715802569,372000
114,24260855,0.05,-2.258348726863491,2.115422137481833,-23.48870973650132,1.216501226352943,-1.3685873050323765,6.694769793328663,372000
114,20260818,0.025,-2.2457506564051473,2.046932667402297,-23.578140722237162,1.2226325999868517,-1.4412199464224438,6.7409521381594555,372000
114,21260821,0.025,-2.2486300392795977,2.120778836247283,-23.543842730743165,1.165456721793771,-1.3562704294452168,6.616837582421963,372000
114,22260823,0.025,-2.2674160064334816,2.0170515760909424,-23.54680781563357,1.2149920157364456,-1.3551791835742435,6.641027029468842,372000
114,23260837,0.025,-2.2446886897911655,2.0947393524155173,-23.584717039571835,1.130126990899243,-1.3587212381696987,6.521781824365371,372000
114,24260855,0.025,-2.2581406379548765,2.1089541416946607,-23.486861196044156,1.1228794298720999,-1.409717527943678,6.632347866535394,372000
114,20260818,0.0125,-2.240601376611737,2.033014503643485,-23.505027444846696,1.1206814227679374,-1.3964649774049203,6.722060644619293,372000
114,21260821,0.0125,-2.220283333427788,1.9865362148181427,-23.23411867388171,1.1546380645613432,-1.360181162182448,6.632182425857472,372000
114,22260823,0.0125,-2.252987506654164,2.0400290334930085,-23.53217549163314,1.191773515829016,-1.3670729189604345,6.577569036089024,372000
114,23260837,0.0125,-2.247116153437306,1.999256660418407,-23.605899234417315,1.1819744186275334,-1.4430274521029836,6.67355136480872,372000
114,24260855,0.0125,-2.2321175713041947,1.9864956462715364,-23.204824259149603,1.1929178409634345,-1.3720231969108705,6.591397422668563,372000
115,20260818,0.05,-1.5911084737076695,3.041804606163149,-16.11964532392763,1.2015142463439228,0.1833178781016539,3.2251844117476485,372000
115,21260821,0.05,-1.5803894688790305,2.947206362993617,-15.606310488762043,1.253261624973909,0.20426994860863698,3.2912499726384046,372000
115,22260823,0.05,-1.576476752473319,3.0584263734487256,-15.800675693427753,1.2039742525610952,0.21201422837533662,3.3087111229643087,372000
115,23260837,0.05,-1.5886235672630065,3.113203003358528,-16.046638351728095,1.2579518700189949,0.20315241187008137,3.4018843638355665,372000
115,24260855,0.05,-1.5773198991235813,3.015240176317356,-15.864070701177639,1.2095208799023973,0.14587797078097692,3.329961301830021,372000
115,20260818,0.025,-1.5271613049908161,2.868120567218797,-15.316751675117779,1.2062811837967864,0.2589874043225235,3.2250581705815975,372000
115,21260821,0.025,-1.519017634784378,2.8708463780981686,-14.629259960682838,1.2568169017868973,0.2244437691366448,3.2910244143849354,372000
115,22260823,0.025,-1.5070282078232597,2.9441278944608897,-14.390027872711855,1.2418009476269536,0.21314006468762275,3.3085745436343563,372000
115,23260837,0.025,-1.5185773697187916,2.99333506899436,-14.409012571237865,1.225538377026839,0.212280354965142,3.4017551719289045,372000
115,24260855,0.025,-1.5197232771223292,2.790341440780185,-15.075296992450626,1.1601173364516133,0.17545070469965796,3.3297927948264063,372000
115,20260818,0.0125,-1.4983796846877429,2.844061255454548,-14.83839788304846,1.2241493318143086,0.25961953262167814,3.2249823991819033,372000
115,21260821,0.0125,-1.4917729763155656,2.65442632961321,-14.019304956344596,1.2553309919492184,0.2668774175924422,3.290926525083811,372000
115,22260823,0.0125,-1.479504363148911,2.8734728919898056,-14.426997838600714,1.1966191520069311,0.2802382281140908,3.308510716366043,372000
115,23260837,0.0125,-1.4962992908609751,2.962199425093272,-14.832471737790646,1.2678504752553121,0.27775854250702947,3.4016985248134484,372000
115,24260855,0.0125,-1.5001416976123367,2.748066014263702,-14.683845556533722,1.1991986308855758,0.2544231901936479,3.32966781821804,372000
116,20260818,0.05,-1.789132030342988,3.7731409648693592,-21.983779294119206,1.2640678814166237,0.19303661570539762,3.1062818645448793,372000
116,21260821,0.05,-1.8056515331522915,3.725479045155235,-22.549583065433993,1.280992372363149,0.1992336480800161,3.101185399055113,372000
116,22260823,0.05,-1.8279228939613943,3.877481888123123,-22.89260797832514,1.235978088313302,0.15018960637513973,3.1811937505597294,372000
116,23260837,0.05,-1.8006685241414093,3.9056647348033677,-22.823134159396997,1.2585358498998667,0.16349698365605778,3.2078319242108106,372000
116,24260855,0.05,-1.829010516586926,3.7481521609617,-22.583557073277507,1.281260746415402,0.2198558739706979,3.176338870438063,372000
116,20260818,0.025,-1.7044553194784213,3.6576732131711416,-20.911570329716263,1.2404711639492185,0.1980545012743459,3.1061832934455724,372000
116,21260821,0.025,-1.7199794845854057,3.649104515504778,-21.604597172349607,1.2811428445762514,0.25732315871039657,3.1011076258640036,372000
116,22260823,0.025,-1.7308988927951152,3.5506430267825344,-21.55203624713481,1.328363238322232,0.1912333613810225,3.181086469711001,372000
116,23260837,0.025,-1.723925403617637,3.7915574748969596,-21.852203966201817,1.2666419773060345,0.21557410757470954,3.2077312945511443,372000
116,24260855,0.025,-1.7532307066164212,3.68856433579911,-21.737742139946505,1.2507892602434485,0.2608403970522512,3.176306725675063,372000
116,20260818,0.0125,-1.6784638730470258,3.584099730872163,-20.49889293628872,1.234665778330342,0.23708109577064582,3.1061380012077024,372000
116,21260821,0.0125,-1.6901986607323585,3.686960846570588,-20.9320307741879,1.279731111484208,0.27887280490960165,3.1010440774954118,372000
116,22260823,0.0125,-1.7021239368965941,3.589472175415557,-20.804143089624645,1.2336831048103516,0.2251512876032304,3.181022198698598,372000
116,23260837,0.0125,-1.6948353270695884,3.6448725637939092,-21.13650766748962,1.2675950235409332,0.2393733357514055,3.2076835170581823,372000
116,24260855,0.0125,-1.714844612632344,3.6203141114014183,-21.31119088100388,1.2504779173555904,0.26484116784664335,3.1762985212061845,372000
117,20260818,0.05,-1.7288656761025603,2.3740408065279004,-13.575582396970425,1.046321584648135,0.20786749423713458,2.6734519900173757,372000
117,21260821,0.05,-1.7902327288658824,2.36537534192064,-14.477070739396877,1.054536647204046,0.18683340962283274,2.895437673547801,372000
117,22260823,0.05,-1.7488710600305082,2.288363829331658,-13.949981823239465,1.063940990206757,0.22315646936962147,2.7898430263406997,372000
117,23260837,0.05,-1.741772343603196,2.4649946129478346,-13.962387908472625,1.0712191432861202,0.20783559287254968,2.770752018829291,372000
117,24260855,0.05,-1.8210796534967606,2.277822743846406,-15.289523457937005,1.0556035570951832,0.21604736986704937,3.0067381953525705,372000
117,20260818,0.025,-1.7175505213446947,2.3349021555536864,-13.575686336441448,1.1237160184631196,0.22783770672750606,2.67525951325729,372000
117,21260821,0.025,-1.7864330631150775,2.3824912253218318,-14.480836693115233,1.1060511795805423,0.18858569473715667,2.895270664703129,372000
117,22260823,0.025,-1.7424822425824793,2.286457275947092,-13.943885968201913,1.0787620895734102,0.24112988524399095,2.7896457214202277,372000
117,23260837,0.025,-1.7506877330879076,2.317986206793668,-14.110855558940159,1.08241904843247,0.24079713605131517,2.7725457186828515,372000
117,24260855,0.025,-1.8201885146258596,2.3088167857031645,-15.292864379315928,1.0979047810633233,0.24833076658106568,3.006541698796772,372000
117,20260818,0.0125,-1.7181466673324126,2.2937910177262313,-13.574430931095764,1.011437660458159,0.24962127624146654,2.6763002736821853,372000
117,21260821,0.0125,-1.785564281742648,2.2983923494366687,-14.481182755653812,1.0623212855773776,0.21625736007161955,2.895225280839719,372000
117,22260823,0.0125,-1.7409133649070703,2.26119835780398,-13.943200815565174,1.08130439511092,0.2693587812124909,2.789585360985723,372000
117,23260837,0.0125,-1.7366419320059463,2.354496362757249,-13.959751320272762,1.092851242027769,0.25611328889657975,2.772352910649279,372000
117,24260855,0.0125,-1.8173576808430394,2.1906372258324502,-15.291471160885882,1.1097119821705907,0.2871057708593455,3.0064938825120753,372000
118,20260818,0.05,-1.849651593932875,3.8945827636631285,-22.981814047477968,1.1257794341145009,0.21465328395798333,1.2856539549248964,372000
118,21260821,0.05,-1.8932377615434868,3.929258536460598,-23.012883545917564,1.1692130025163232,0.1693448853337567,1.2384781718026416,372000
118,22260823,0.05,-1.869339345780405,3.9517326017804435,-22.90092260368262,1.1750069392277271,0.21417398050453465,1.3105052931338894,372000
118,23260837,0.05,-1.8798389842212768,3.938828458330919,-22.964499536534024,1.1927693554835876,0.2347865062824129,1.3294862771668923,372000
118,24260855,0.05,-1.8721164864118585,3.9343152783940236,-23.078939837593328,1.1862575007389953,0.20548192420784356,1.260914464559825,372000
118,20260818,0.025,-1.756123157619252,3.7727949016434126,-21.743828886203687,1.1525921393412668,0.22325857639776897,1.3322277007173822,372000
118,21260821,0.025,-1.751387061664643,3.7784637432033734,-21.768239961017116,1.174632683937766,0.20555020577302982,1.2435660329288407,372000
118,22260823,0.025,-1.7519203157747085,3.7757897625554055,-21.71898524036352,1.1407070487219044,0.21945395439845097,1.3047813650073057,372000
118,23260837,0.025,-1.7502326642945834,3.8133043925544996,-22.002174091213888,1.1631647791949622,0.2579028486701869,1.2876160354226704,372000
118,24260855,0.025,-1.7609033664663531,3.7766346975231926,-21.711647393961687,1.1648959104886865,0.2531173019905189,1.2616405055047668,372000
118,20260818,0.0125,-1.72349659225917,3.7204068790489164,-21.413169718672037,1.1499240849517667,0.20959484014012136,1.3550592726594324,372000
118,21260821,0.0125,-1.7155121503043431,3.698370183267296,-21.277824880106824,1.1712528701816296,0.23018876605778057,1.2461876853055007,372000
118,22260823,0.0125,-1.7243331674125344,3.7182561223490267,-21.377931380722984,1.1366753378125591,0.2616348098119713,1.3143461174243145,372000
118,23260837,0.0125,-1.729638656900158,3.7172242877881145,-21.263433680422665,1.1700904003485866,0.26514749872260496,1.2675941364755814,372000
118,24260855,0.0125,-1.718705822185057,3.705910730510741,-21.217196122460532,1.1588228174275719,0.25631758860371034,1.2695872258587093,372000
126,20260818,0.05,-1.9298872779013216,2.588786651045656,-17.046867148027562,0.9223460459336718,-0.5516040668019497,2.5768832286947494,372000
126,21260821,0.05,-1.8437547239935512,2.796107240866968,-15.50233182663509,0.9811208829078346,-1.7592707153517648,2.1675990511494203,372000
126,22260823,0.05,-1.8961055068358028,2.614585544939736,-16.3179542611472,0.9728663628316557,-0.6916241500619493,2.361653361428889,372000
126,23260837,0.05,-1.9409793414916652,2.7141835429081382,-17.75564937855145,0.96823400287037,-1.1289205906866246,2.5675660638715345,372000
126,24260855,0.05,-1.9998755725947883,2.5757818675268114,-18.842145950467852,0.9834446020147657,-0.3971659333036296,2.872874244298654,372000
126,20260818,0.025,-1.9216576682760436,2.544349482215156,-17.17365377084969,1.0065247272545335,-0.5200335495765732,2.604102174066058,372000
126,21260821,0.025,-1.8332102850906316,2.7016642243330495,-15.596659875832875,0.8833403088549447,-1.674686358588275,2.185263502747945,372000
126,22260823,0.025,-1.8866544625112853,2.5337962742557107,-16.541005127590335,0.9594333418649836,-0.643603243963559,2.3999370665658764,372000
126,23260837,0.025,-1.9419256589304579,2.5884739937589183,-17.79709607023949,0.9212661958374115,-1.076932013714525,2.579128775165629,372000
126,24260855,0.025,-1.9959753590901312,2.464144853755438,-18.842605394055244,1.1171399307183594,-0.3663602405603377,2.8753802023167694,372000
126,20260818,0.0125,-1.9221584234637905,2.4756482467422125,-17.217909623623072,0.9429871753599546,-0.5004426646215364,2.61357680515567,372000
126,21260821,0.0125,-1.8332691155868452,2.610570845471708,-15.658181894341189,0.9889241126728424,-1.6357180723124776,2.1968592271578213,372000
126,22260823,0.0125,-1.8856108591117406,2.4830183651886437,-16.646997507194737,0.9799162670119782,-0.6130071225515163,2.4177951156429507,372000
126,23260837,0.0125,-1.9429500065137355,2.535789337007487,-17.843661292364548,0.9169458475227789,-1.049048605946773,2.589836873104976,372000
126,24260855,0.0125,-1.990685035763795,2.3963165706379947,-18.84268531262103,0.9925196612694102,-0.3493438480245821,2.8760293934887797,372000
127,20260818,0.05,-1.9214557213247094,3.059215126140192,-17.134561111392507,1.0705568183645928,-2.050865935133125,3.2423215441412316,372000
127,21260821,0.05,-1.7998215645094302,2.9548353711386888,-15.116668001795425,1.0004516360123827,-1.379697224750037,2.4021783902555867,372000
127,22260823,0.05,-1.7564478055878856,3.0681330545974306,-15.678789050064658,1.0832810016220091,-2.213109079998399,2.454944051884348,372000
127,23260837,0.05,-1.7687507394185569,3.0966236455347094,-15.77227484103416,1.0517474921186136,-2.2902861807768753,2.6110484884387355,372000
127,24260855,0.05,-1.7892568101811688,2.838320401427816,-14.649624371343322,1.0583969439439938,-0.7449406238076123,2.641142465031479,372000
127,20260818,0.025,-1.9137447576505815,2.9501243406976316,-17.159668656358523,1.0150093936287177,-2.014143390161603,3.2502683926752134,372000
127,21260821,0.025,-1.7909022622911361,2.867396499440784,-14.976273590227365,1.034857893249276,-1.3370032476258737,2.4170417300962197,372000
127,22260823,0.025,-1.750466920910487,2.920076995864381,-14.966158677054056,1.0168047381034324,-2.1684920906363967,2.4656634078553683,372000
127,23260837,0.025,-1.7685351775820906,2.934226621084202,-15.060764082194176,1.049220368005635,-2.2596128746312516,2.622726123403616,372000
127,24260855,0.025,-1.7873389861612021,2.7414852384457293,-14.708456682244723,1.034514844551566,-0.7173602040015549,2.6554575155925204,372000
127,20260818,0.0125,-1.9177230525354194,2.8820394216220393,-17.170399470251912,1.071537502739504,-1.9964862080397328,3.2531842010139784,372000
127,21260821,0.0125,-1.7875253754933809,2.8084730045360096,-14.9779336548652,1.0620207310077743,-1.31487326487172,2.416771812091062,372000
127,22260823,0.0125,-1.751415809324531,2.865925208669953,-14.424494350198119,1.0302114737138781,-2.144237334635162,2.4758875869217025,372000
127,23260837,0.0125,-1.7688971832561386,2.9161500613805234,-14.896405580370764,1.0527450690620226,-2.2438343090613833,2.628263069433759,372000
127,24260855,0.0125,-1.786837428429385,2.7657099358866684,-14.737733801937122,1.0286450130707046,-0.7016128847580163,2.662313639966959,372000
128,20260818,0.05,-2.077419940639905,2.134228317467827,-19.87422123031013,1.239735616372346,0.17749605380136407,6.126092964313415,372000
128,21260821,0.05,-2.064430002485717,2.1503267514138797,-19.735630635874706,1.1708120729119544,0.16777883292822576,6.03991942048521,372000
128,22260823,0.05,-2.0624331410686314,2.152852337522474,-20.031282370292487,1.2201993733090688,0.1849781199931902,6.028945699787232,372000
128,23260837,0.05,-2.060747468378511,2.1490828323928257,-19.764606319313742,1.1924530936033673,0.1658974070564021,5.990218155769801,372000
128,24260855,0.05,-2.0804256622492194,2.1528797514114304,-19.899533859687267,1.1541293893329327,0.2325755043492186,6.033431375501106,372000
128,20260818,0.025,-2.064282783197516,2.0608205190348277,-19.85668797457057,1.201627343228448,0.20933160944881354,6.03880224051774,372000
128,21260821,0.025,-2.0470058178326522,2.08142311975313,-19.542274055624205,1.270651269376637,0.22415015476711153,6.044936168061837,372000
128,22260823,0.025,-2.0714530191240987,2.0302821095264227,-19.87727819354646,1.2416140081121145,0.22858123271728684,6.049246612422557,372000
128,23260837,0.025,-2.052942805914909,2.058994876941243,-19.67723431756988,1.1511969910710724,0.24553964769172856,6.057399263377727,372000
128,24260855,0.025,-2.050960425177255,2.0559742274132082,-19.797688836506474,1.2365138482495401,0.2534836006264203,5.998199054948852,372000
128,20260818,0.0125,-2.06464266285134,2.0127414787184805,-19.795757525357413,1.300289164873111,0.2064017373276306,6.001596033454185,372000
128,21260821,0.0125,-2.0464048442418368,2.034249428923506,-19.698608333175763,1.23823182367189,0.22597262308873467,6.162722995140155,372000
128,22260823,0.0125,-2.0541042841470967,2.048883512470535,-19.80572812233954,1.1599665460469637,0.2387603782192567,6.04099651304947,372000
128,23260837,0.0125,-2.055343130150403,2.0270094376522603,-19.718797855178767,1.1701952418919817,0.20638904796153815,6.02633998221022,372000
128,24260855,0.0125,-2.046248494426918,2.0203697336230197,-19.790577456298337,1.2536205787496013,0.29954740763858917,5.98327242066382,372000
129,20260818,0.05,-1.6208700015166113,2.141319721478735,-11.789237628490609,1.230466977154936,0.16760681605130529,5.52257696047463,372000
129,21260821,0.05,-1.6109274770998951,2.142836143364249,-11.893733658574082,1.201112267369026,0.21291770856972705,5.604772103847643,372000
129,22260823,0.05,-1.5979344918128164,2.1336365412510823,-11.484274576533876,1.1379113776777892,0.1779475292174002,5.6422223882251075,372000
129,23260837,0.05,-1.5813971842726051,2.141851033543006,-11.482650556016138,1.2755891968724349,0.21005511979462704,5.5217640795934955,372000
129,24260855,0.05,-1.6091166054571613,2.1171600760770035,-11.321717597104293,1.2203408545742018,0.22753037207826968,5.567897730956827,372000
129,20260818,0.025,-1.621206349823934,2.196548149973413,-12.076161275018269,1.2373284786766434,0.2245773496686576,5.4952401365766095,372000
129,21260821,0.025,-1.6381119162155284,2.0608867431115208,-12.321690781984433,1.1749417890935827,0.25482612852625597,5.521117572169354,372000
129,22260823,0.025,-1.585753037747944,2.071937877762191,-11.272172924693761,1.2411744741471256,0.2073046350201355,5.558357814276857,372000
129,23260837,0.025,-1.585244439562118,2.082384865134893,-11.447750543674328,1.18791238750667,0.2608647683935657,5.536818850024707,372000
129,24260855,0.025,-1.5734324909494986,2.050242895577451,-11.306196667449878,1.1629967076218763,0.225288118474342,5.5317727132760846,372000
129,20260818,0.0125,-1.6310992882306345,1.9953637691083492,-11.9648935124729,1.1956107397884723,0.2250316248048134,5.5679989728695345,372000
129,21260821,0.0125,-1.6262700091894398,2.014277196746073,-11.785239074738785,1.2512987647966312,0.28921354982977165,5.564479275759969,372000
129,22260823,0.0125,-1.6075918849200945,1.9975945354771798,-11.587577986392608,1.193320598699728,0.2237521794813781,5.5515527733323715,372000
129,23260837,0.0125,-1.5890709045617057,2.053241123974966,-11.374062046872863,1.1599990164802996,0.2905588932652582,5.458728253503469,372000
129,24260855,0.0125,-1.5914892758795707,2.006409843280088,-11.341475481538914,1.1625937414902001,0.2808441731276626,5.560881787701247,372000
130,20260818,0.05,-2.1619335734160985,4.690009580105185,-30.379317718648252,1.301631281708844,-0.06735829632634176,3.638617939182081,372000
130,21260821,0.05,-2.1650994554528813,4.7056044856230965,-30.527380816059594,1.2753077209259012,-0.06578180315101227,3.412488843506772,372000
130,22260823,0.05,-2.166104002063901,4.7297423926966475,-30.6745649204078,1.331699993693723,-0.07388335182531647,3.448599205094231,372000
130,23260837,0.05,-2.131877312428036,4.664085166838855,-30.1083097030557,1.2894132188416885,-0.08355186035009338,3.5740670095174236,372000
130,24260855,0.05,-2.113716662095041,4.634026360618897,-29.586728806092722,1.239581181590662,-0.056410488884048385,3.6582271837190268,372000
130,20260818,0.025,-1.9235439158474352,4.510744038640614,-29.15847146692747,1.205096878506779,-0.07125261933771902,3.6390079914250557,372000
130,21260821,0.025,-1.9198660597153883,4.514419709591504,-29.271737322177856,1.3398539579926156,-0.10069902858679397,3.440879131138126,372000
130,22260823,0.025,-1.9230577782149052,4.543312007311482,-29.616164574369826,1.3186798250707183,-0.053864851499185976,3.448826041974982,372000
130,23260837,0.025,-1.9259938438610287,4.471423351458581,-29.009449588802195,1.2622114279223076,-0.08370473673929463,3.5746670018746975,372000
130,24260855,0.025,-1.9034668231821144,4.446315611148031,-28.8661354822231,1.2145593886692636,-0.07576969930760043,3.6582252544446408,372000
130,20260818,0.0125,-1.9069272274320583,4.43725142893436,-28.589894227035337,1.2027562002095613,-0.08552649067855572,3.639820742736532,372000
130,21260821,0.0125,-1.8882402633561592,4.44669892303104,-28.727751194107583,1.337478372399023,-0.08406360478873673,3.4418196116272464,372000
130,22260823,0.0125,-1.8915075562437076,4.459154392677195,-28.889590440871434,1.3173042192623443,-0.06484352615994023,3.448966444616616,372000
130,23260837,0.0125,-1.8894878582875345,4.400533354963964,-28.440930833146005,1.2575019476710703,-0.083333728287909,3.5748670857015137,372000
130,24260855,0.0125,-1.876909885273947,4.362451803214128,-28.28960829456384,1.2131587191758473,-0.07490584318930439,3.65840123374052,372000
131,20260818,0.05,-2.1728739090134264,4.751088733098396,-31.062117238406575,1.3280908209697755,0.8647421551337199,3.513523606361694,372000
131,21260821,0.05,-2.1620419061455123,4.73272063875614,-30.865510049368694,1.262786262588356,0.957025865274942,3.491706897725517,372000
131,22260823,0.05,-2.1660667848114596,4.719982635520371,-30.65650730727934,1.3163965471546635,0.959265101130224,3.5531227965091112,372000
131,23260837,0.05,-2.1373132144735596,4.677940614480852,-30.131893604614017,1.3612979250148378,0.9840563305601144,3.3793182336100944,372000
131,24260855,0.05,-2.1635728257673077,4.710885409047458,-30.55650877853224,1.2670571817582448,0.943787007047055,3.5222600423606334,372000
131,20260818,0.025,-1.9272632494932465,4.567960758286198,-29.84494945177519,1.2713376076171987,0.8724094433137327,3.51551253925066,372000
131,21260821,0.025,-1.9257988542284088,4.541092877741078,-29.730699428911212,1.2722217762191474,0.9861262543072208,3.4956843226118726,372000
131,22260823,0.025,-1.9300566402887704,4.535723408097704,-29.5959973317833,1.3098319968979968,1.0202465453624043,3.5533075895283552,372000
131,23260837,0.025,-1.9245212797686075,4.493237344049207,-29.173416934632534,1.3624158216061004,1.0118766204460605,3.3797880661518453,372000
131,24260855,0.025,-1.9246413550090804,4.542578199796091,-29.408315814248414,1.2884212575548721,0.9914146439942517,3.5224100253750117,372000
131,20260818,0.0125,-1.8878050036025642,4.493327958176731,-29.64945401129654,1.2699072746129119,0.888255461307967,3.5282035953088804,372000
131,21260821,0.0125,-1.898795438985994,4.497057357697037,-29.276395207324633,1.2578058858941066,0.997952146721456,3.4961616504632778,372000
131,22260823,0.0125,-1.9115097746479455,4.444417001420327,-28.802145103804428,1.298131494830654,1.0369047659394324,3.5539364310184043,372000
131,23260837,0.0125,-1.898630695925509,4.430366664883739,-28.61902195228853,1.3613088175434145,1.0113532320196388,3.3801689768246845,372000
131,24260855,0.0125,-1.8891151059124611,4.479757444542027,-28.840226175310328,1.2842893083129039,0.9973192976575213,3.5225174082621047,372000
139,20260818,0.05,-2.167686704643379,4.744454914754977,-30.740802788243826,1.3014876188626163,0.991116127598254,3.5646706322319215,372000
139,21260821,0.05,-2.1432691008546496,4.6661729478855305,-30.112311351369044,1.2158682489168906,0.9923888436829241,3.7330094676422556,372000
139,22260823,0.05,-2.147637155525093,4.692034770686032,-30.530615938960324,1.2843495700963559,1.0040434676437353,3.5469976663486333,372000
139,23260837,0.05,-2.158037590469426,4.711243344344466,-30.72484638649487,1.232273784718658,0.9931240132420261,3.7251719206689784,372000
139,24260855,0.05,-2.160803673384026,4.70521780133285,-30.57624995066372,1.2700337588034585,0.9786543548739932,3.4189822216419414,372000
139,20260818,0.025,-1.9250557295369382,4.54648158042449,-29.563280731553675,1.2992839871190347,1.019437340744212,3.5646826364145143,372000
139,21260821,0.025,-1.9237494123886785,4.4740029332842814,-28.97898445771001,1.2088322000683644,1.0293824577251678,3.7341283455973295,372000
139,22260823,0.025,-1.9204177596292364,4.530913646090041,-29.33280257376306,1.2807219683551092,1.0011847174153916,3.547924308101327,372000
139,23260837,0.025,-1.9234717102767487,4.547841492964271,-29.575998782691297,1.2426861675421692,1.0132238779170957,3.725125446654661,372000
139,24260855,0.025,-1.9239467084841348,4.548591311430721,-29.463795244845656,1.276132649779243,0.9885572602111627,3.4193977070196904,372000
139,20260818,0.0125,-1.8908275819827192,4.44961806436071,-29.10509131806378,1.2980581324560267,1.0974926150343471,3.564689895297896,372000
139,21260821,0.0125,-1.8841596192614962,4.368135935587271,-28.51491648898662,1.2226013468623045,1.0421116046512138,3.734110288082323,372000
139,22260823,0.0125,-1.8889352595755466,4.455673926825402,-28.809251954617704,1.3437742831839754,1.0064235848163914,3.555761527122047,372000
139,23260837,0.0125,-1.8971648676041297,4.44725859809545,-29.17528599189907,1.2201045590006467,1.0302092474462128,3.72511809496375,372000
139,24260855,0.0125,-1.9026011839587098,4.459004234294412,-29.1956956430243,1.2733234597160352,1.0108297345145818,3.4196260021793434,372000
140,20260818,0.05,-2.244977177100537,4.632990251522307,-30.17988124353807,1.2526664932928009,-1.3756325061661885,6.641039184559023,372000
140,21260821,0.05,-2.2538962334841877,4.761916174741435,-30.8674373776147,1.3503493871529961,-1.3816469425880176,6.707507414880785,372000
140,22260823,0.05,-2.258299429231659,4.668011154770973,-30.432096787971822,1.2521304356227034,-1.4561534568371586,6.713103818563667,372000
140,23260837,0.05,-2.2369048050345683,4.73493839275404,-31.038639101789126,1.291717795049742,-1.3763387151429625,6.688872567478277,372000
140,24260855,0.05,-2.2387889520988886,4.671861070167374,-30.3310257905613,1.2169999941681384,-1.4433846232755736,6.741547452095217,372000
140,20260818,0.025,-2.2434925606659695,4.460472536643976,-28.877149094004036,1.2518518606622115,-1.4170488429117247,6.640059988028419,372000
140,21260821,0.025,-2.225407177941513,4.540700279767401,-29.71095262671851,1.3447972130244208,-1.4014283592139245,6.736297609337863,372000
140,22260823,0.025,-2.2360319773025203,4.518894917374786,-29.15609239171333,1.2480607512612012,-1.431825517933038,6.561792794695369,372000
140,23260837,0.025,-2.2426089788880055,4.583998157038943,-30.208406406511934,1.2672864486783395,-1.3864117654932586,6.598391891468141,372000
140,24260855,0.025,-2.2324875582892822,4.480120103802524,-29.310311404493962,1.2761113230363916,-1.3747087520534016,6.562685632163981,372000
140,20260818,0.0125,-2.218236791594294,4.357113800776885,-28.35803748539662,1.2527415421631216,-1.3335025922783272,6.645939080447856,372000
140,21260821,0.0125,-2.2362299171102835,4.481621971810219,-29.376016830750547,1.3430291050547285,-1.351002135871069,6.5968405589759636,372000
140,22260823,0.0125,-2.2313579243099277,4.427903217632963,-28.496298477443382,1.2468421408739103,-1.3300383119769323,6.67265313638671,372000
140,23260837,0.0125,-2.2384518326585123,4.494163531122824,-29.409759632395733,1.265683206822287,-1.387132094573362,6.564781899573893,372000
140,24260855,0.0125,-2.2301838874500315,4.406346964996095,-28.835504190786796,1.2139911668172234,-1.3633818327782194,6.652033154677087,372000
141,20260818,0.05,-2.150257806810782,4.743734844002069,-31.065159081039155,1.320854591111438,1.0158373352071863,4.104752432940634,372000
141,21260821,0.05,-2.166023369661594,4.773982446905439,-31.12549335983586,1.303103778213828,0.8070773514875026,4.176616366005017,372000
141,22260823,0.05,-2.164075443018868,4.6563216564382035,-30.22535459935002,1.271614727271899,1.2790174690398843,4.282702824487157,372000
141,23260837,0.05,-2.1416353407310016,4.676710949211471,-30.421075246618624,1.3281774303065328,1.2894407190534467,4.156964926557637,372000
141,24260855,0.05,-2.156278762498251,4.721042847870839,-30.997824087129956,1.2974474053995586,1.106675802275823,4.120033279854494,372000
141,20260818,0.025,-1.9199522468254286,4.550411301008964,-29.86076929437885,1.3180243488456802,1.0360870896622525,4.104650624640877,372000
141,21260821,0.025,-1.9213417778459494,4.558237557512348,-30.05805688898885,1.294646062610358,0.8253778197226428,4.176528646977575,372000
141,22260823,0.025,-1.9141829765521527,4.507112236773736,-28.98575221769974,1.2461256489966812,1.3020113834414226,4.284312392781639,372000
141,23260837,0.025,-1.9228629233256815,4.500531008934433,-29.03584026434833,1.3571017903231706,1.3189374221662535,4.156089513747944,372000
141,24260855,0.025,-1.9258787050266941,4.565665298571406,-29.7647634106049,1.2950795238811117,1.1262616195827861,4.120422756090877,372000
141,20260818,0.0125,-1.8942458133347937,4.510090823147339,-29.411466779259094,1.300158593420851,1.0413280977214558,4.10460809358298,372000
141,21260821,0.0125,-1.8889740004872158,4.48613530319961,-29.427776389755838,1.2906670342960516,0.8420880442598413,4.176494549598039,372000
141,22260823,0.0125,-1.884078225032749,4.415048578058089,-28.396312395724703,1.2374986940828792,1.314698340832518,4.285498166467197,372000
141,23260837,0.0125,-1.894401705363723,4.406940420477703,-28.430957031055723,1.3218833979335174,1.3359413941392062,4.155705868818318,372000
141,24260855,0.0125,-1.9001723275571711,4.449899798123186,-29.247997664509967,1.2918623893176977,1.1326952064306848,4.120424100327993,372000
142,20260818,0.05,-2.176568158268199,4.736897140369374,-31.006410704653383,1.279021911988252,0.7320132162346091,4.141019262429719,372000
142,21260821,0.05,-2.18749008832597,4.769459407432049,-31.120593304359144,1.3284179908479354,0.6476917824765024,3.719483113370812,372000
142,22260823,0.05,-2.1722162428874356,4.724008661114337,-30.894970379695135,1.2983652184020436,1.0248460841114824,3.9074513940622797,372000
142,23260837,0.05,-2.1719579251101147,4.701451992693892,-30.67080365936611,1.3101035229957934,1.2447663449988309,3.9160639028593933,372000
142,24260855,0.05,-2.152230552600646,4.71744575504994,-30.47468459253864,1.302973339906119,1.215430315639283,3.858886062173604,372000
142,20260818,0.025,-1.9215529311061526,4.5424511173062525,-29.9223369765027,1.3455322175371682,0.7646776595751111,4.1414118447837165,372000
142,21260821,0.025,-1.922347858423583,4.591361127594299,-30.1418468256886,1.3236250109493843,0.6599808459799265,3.720310155752112,372000
142,22260823,0.025,-1.9270961264850626,4.56277286336462,-29.881104050664895,1.2879209247700567,1.0435302356381393,3.9121294563526154,372000
142,23260837,0.025,-1.9352299858498936,4.53446356192854,-29.408487066921904,1.3236811072321795,1.2693162872871389,3.9716818612379714,372000
142,24260855,0.025,-1.925149805974551,4.5491149938382565,-29.368636955774914,1.293402727268182,1.2537922670791088,3.860689024591378,372000
142,20260818,0.0125,-1.8971741652998688,4.47517020826994,-29.34840231846661,1.3360906455619095,0.7747819128157084,4.1416525206134365,372000
142,21260821,0.0125,-1.8952347486050716,4.506559902145532,-29.477670940542634,1.322695456321901,0.6676390056331417,3.7195816155070536,372000
142,22260823,0.0125,-1.9013153238187626,4.490118467361043,-29.32739299688922,1.3042573286419201,1.0559441265995644,3.9121100379724645,372000
142,23260837,0.0125,-1.891263353643771,4.454760594118925,-28.916033667518217,1.2847829334993301,1.2898576969443736,3.9733377090518056,372000
142,24260855,0.0125,-1.8988691406081861,4.454170950365552,-28.92622387629091,1.3136181138372276,1.2554911326441682,3.861164428595915,372000
143,20260818,0.05,-2.1529883310115143,4.74384517300884,-30.94217107983654,1.2424023567986635,1.0278713206688659,4.502837694350791,372000
143,21260821,0.05,-2.1795424356808546,4.675560218522038,-30.44453985979548,1.2662798514020366,1.3398382591046143,4.296160137732144,372000
143,22260823,0.05,-2.1372044775171792,4.708177579082085,-30.255556392855034,1.3407666588934355,1.176901099478942,4.628908884578078,372000
143,23260837,0.05,-2.161962558096819,4.737966342441983,-30.95660794622182,1.332532076611244,1.1069890542304728,4.480136102554755,372000
143,24260855,0.05,-2.146141768603493,4.757454641582067,-30.922592558471603,1.2808582605732381,0.8966064649666938,4.403698712522219,372000
143,20260818,0.025,-1.9202179451535921,4.555435841008312,-29.614089243601015,1.2660906302499788,1.0433910314428398,4.502715129947506,372000
143,21260821,0.025,-1.9282485518676267,4.484928500674108,-29.248778269494554,1.2887001778980143,1.3417936809198538,4.296050299116234,372000
143,22260823,0.025,-1.9169167844793495,4.47962549841432,-28.70971931516706,1.337460467986223,1.1936371192141704,4.628765938988172,372000
143,23260837,0.025,-1.9265032340500479,4.55907851606007,-29.764645579029303,1.3318422505502614,1.1293032566578485,4.480034040873684,372000
143,24260855,0.025,-1.9196310685002542,4.56662668576805,-29.98916064216386,1.2641474035014393,0.9186139332809214,4.403593936481706,372000
143,20260818,0.0125,-1.8967875565045476,4.465803877994674,-29.183014237977783,1.264411585406141,1.0457501011827646,4.502670146395677,372000
143,21260821,0.0125,-1.899802575846354,4.443115574548191,-28.868794124066575,1.2686926873587152,1.342356659882731,4.296009046099493,372000
143,22260823,0.0125,-1.8864071415860302,4.435236057915798,-28.516857952769694,1.3352285634488423,1.203729113318881,4.628715768667907,372000
143,23260837,0.0125,-1.9053627539878009,4.480250295944871,-29.194637140944014,1.3309641619932735,1.140354556182568,4.479982890512217,372000
143,24260855,0.0125,-1.8930239684436163,4.489140889961281,-29.5626546835538,1.2527391694136698,0.9331553843586338,4.40355401194692,372000
144,20260818,0.05,-2.1559439424972275,4.727617201552865,-30.773751630909178,1.332910422377146,0.5231242174513692,3.422271903808627,372000
144,21260821,0.05,-2.1596780955049817,4.72913859992451,-30.708160496200552,1.3483795225422783,0.5297226683465353,3.5194549296852218,372000
144,22260823,0.05,-2.158744839429776,4.703406699182848,-30.779540831994534,1.3360824201401245,0.5426001204636245,3.854148993541323,372000
144,23260837,0.05,-2.1572741033511873,4.699921271520091,-30.394279792081353,1.3622440380326961,0.5309076735501616,3.487550729960112,372000
144,24260855,0.05,-2.148874842460002,4.728830451200316,-30.628545508685452,1.3524006432095685,0.521454792989192,3.393617976517265,372000
144,20260818,0.025,-1.9285631536111727,4.5560381486052535,-29.611068364745034,1.3288776525658983,0.5342850199495556,3.422430716365961,372000
144,21260821,0.025,-1.932895329121995,4.56811362949059,-29.598727850613873,1.3582979499172363,0.5377600465474872,3.519329287719103,372000
144,22260823,0.025,-1.925890451393715,4.533463741123734,-29.321470251440225,1.308128976005199,0.5449867807015932,3.8540842993175235,372000
144,23260837,0.025,-1.9247149645927533,4.564110658495492,-29.544358432646,1.3520021842774477,0.5408989335334845,3.487474985439166,372000
144,24260855,0.025,-1.9268284489678915,4.530925475996323,-29.535108014923647,1.3069506793129029,0.5311709644017086,3.393599028349834,372000
144,20260818,0.0125,-1.8973747078683783,4.453265709972861,-29.107963976649945,1.3264851573000502,0.5286604183410298,3.4225187374491064,372000
144,21260821,0.0125,-1.8929581498674721,4.45113047793899,-29.17391851367974,1.350431667001788,0.5500399602290026,3.5198442929376577,372000
144,22260823,0.0125,-1.895815265839513,4.442928436146854,-28.91683058488004,1.2950379475729312,0.5525520833518219,3.854053381499623,372000
144,23260837,0.0125,-1.904200629942539,4.455654872616624,-28.839118749146664,1.349983098896292,0.5483724846153247,3.48744631793506,372000
144,24260855,0.0125,-1.9003038551678086,4.436292003153528,-28.837529163664602,1.3052729986877352,0.5373459919152357,3.3935877442315086,372000
152,20260818,0.05,-2.2098255970070486,4.731515601622998,-30.94697950002523,1.2801688152908794,-0.8232753273475862,3.933399512764989,372000
152,21260821,0.05,-2.1596614965732437,4.691366997046966,-30.481619460124,1.3567888700241828,-0.9485375299610943,3.795938367511186,372000
152,22260823,0.05,-2.160713562019598,4.7184629135792315,-30.719456317623983,1.2452724123255672,-0.2664246764076089,3.839423012507711,372000
152,23260837,0.05,-2.152798759523889,4.727251959714829,-30.228333759025187,1.257039315420088,-1.235094766943935,3.861394549057182,372000
152,24260855,0.05,-2.1501793611571025,4.752777351252725,-31.180022861806176,1.3005675068661728,-0.6302683849382299,3.831654988506526,372000
152,20260818,0.025,-1.927799615045005,4.5489978813059375,-29.862359012950606,1.2594629109122863,-0.7688607318499189,3.9498784072280797,372000
152,21260821,0.025,-1.9241850499037116,4.525177072898422,-29.38347470617405,1.3545205451096554,-0.907206712115936,3.7983732015746483,372000
152,22260823,0.025,-1.9300762846311206,4.529345955168437,-29.57916981212871,1.258045888965272,-0.2520087865523794,3.8413052592021697,372000
152,23260837,0.025,-1.9199469781768788,4.513905397315553,-29.007036612635403,1.2888020755018699,-1.1767214191358033,3.8636566792351346,372000
152,24260855,0.025,-1.9260280780109975,4.573212199730794,-30.15830759121252,1.2950739749520546,-0.6025593242401113,3.8535313493070196,372000
152,20260818,0.0125,-1.8950166297652642,4.452293363863626,-29.237986094654836,1.2142965210463166,-0.7408507918078554,3.951052198682992,372000
152,21260821,0.0125,-1.887748071345541,4.475423361977333,-28.926114013790873,1.3525074206792091,-0.8861147726830002,3.7997180812302966,372000
152,22260823,0.0125,-1.9209716647937838,4.4669597028150605,-28.921344607739876,1.2157719881520477,-0.2420686260111362,3.84193959540296,372000
152,23260837,0.0125,-1.89285898117303,4.419461934046871,-28.61820487226983,1.3351545885592169,-1.1488924424395361,3.8650387672393816,372000
152,24260855,0.0125,-1.896680967084347,4.509572826211494,-29.617739453457855,1.2872132120256639,-0.5872208607424089,3.855305842589607,372000
153,20260818,0.05,-2.148109819583442,4.702676778286676,-30.655776663806076,1.2415476902293345,-1.3144116194211384,3.8484477437403055,372000
153,21260821,0.05,-2.1434543593404207,4.695615765756606,-30.608313006878788,1.253518735834466,-0.7548684867869936,3.6303339587372547,372000
153,22260823,0.05,-2.159990948711552,4.708678589983663,-30.56562716678232,1.268226372675564,-0.9781351195882677,3.9853034456791137,372000
153,23260837,0.05,-2.167383016015474,4.698396294298432,-30.48264708827156,1.2502173970812027,-0.7969077256340181,3.865611787102524,372000
153,24260855,0.05,-2.1679761444975427,4.602319332039858,-29.91914601455116,1.2616139239549775,-1.3040611229964276,3.847391823753153,372000
153,20260818,0.025,-1.9297531111572082,4.513425396050529,-29.42956121632827,1.2822941160258408,-1.2741699273176914,3.874596182401004,372000
153,21260821,0.025,-1.9231416792927574,4.496355786345519,-29.353928948807056,1.2470119595229703,-0.730803781406769,3.632105245031491,372000
153,22260823,0.025,-1.9710961697921372,4.545098702005345,-29.329081084421144,1.2743994214843652,-0.9471529880628273,3.9867764708003737,372000
153,23260837,0.025,-1.921964907129025,4.528947350611482,-29.496337438794825,1.262242693534495,-0.7620022285689977,3.8774387921518536,372000
153,24260855,0.025,-1.909483158448039,4.4564676550666995,-28.825416228489033,1.260451991324778,-1.274419039952452,3.8540676518812234,372000
153,20260818,0.0125,-1.8976362723811206,4.456588379841923,-29.11257149598945,1.2407138147171775,-1.2551243918396922,3.8740520218243426,372000
153,21260821,0.0125,-1.8979193029340207,4.4447335320744035,-28.91058826302095,1.2786184401688023,-0.7200955814766913,3.6327190050676963,372000
153,22260823,0.0125,-1.9682779425242425,4.450006728778176,-28.83569085824058,1.27750927394071,-0.9313627213559278,3.988222853408205,372000
153,23260837,0.0125,-1.8887644316630519,4.441045932216545,-29.03423963749673,1.32151166902133,-0.7439153762563808,3.9019895538817475,372000
153,24260855,0.0125,-1.8830934585081291,4.389421078677751,-28.102003014968005,1.2597562125915946,-1.2578078837797368,3.8565296116727565,372000
154,20260818,0.05,-2.164528356441796,4.6853083710065695,-30.508507792852914,1.2667168734598258,0.506622785531709,6.081918665306772,372000
154,21260821,0.05,-2.1640744751171477,4.759504628799014,-31.163767699089806,1.2289442609282843,0.5489007185068122,6.055347394101902,372000
154,22260823,0.05,-2.169448949600989,4.730872344198462,-30.64729540240417,1.3129210606772532,0.5508920365511057,6.024466921940421,372000
154,23260837,0.05,-2.1766645226202783,4.706539458433775,-30.417846169083578,1.3098362762180595,0.4844971863783125,6.132666918304068,372000
154,24260855,0.05,-2.154398382723071,4.725830227283214,-30.795909749647652,1.3812771568535858,0.5552586959737236,6.006422854493189,372000
154,20260818,0.025,-2.0325052062231386,4.492643963733385,-29.16419406540125,1.261701803110555,0.5651374206497614,5.992833828649432,372000
154,21260821,0.025,-2.041639520181217,4.5975094516692065,-30.14528169979058,1.2673642056162517,0.5735224249350626,6.066509747932071,372000
154,22260823,0.025,-2.0569665553525205,4.565123865489172,-29.709107914659914,1.2959101966826312,0.4953892817229751,6.03025218820333,372000
154,23260837,0.025,-2.037054525818719,4.528341136558786,-29.395718942144107,1.2602769881981233,0.554502612128097,6.049686728744948,372000
154,24260855,0.025,-2.0314854038996426,4.540858368713899,-29.629149772229276,1.3334553631586075,0.5394255894878517,6.051359556097257,372000
154,20260818,0.0125,-2.0500492917161797,4.427207171932832,-28.835155919548864,1.2600133118800076,0.5139141463087518,6.01528967561673,372000
154,21260821,0.0125,-2.0245733314362275,4.505788353548768,-29.943630056052342,1.2464488473567858,0.5445344149546204,6.018416540280026,372000
154,22260823,0.0125,-2.0379161412024116,4.450883144236783,-29.01203636407148,1.294762444321492,0.5564232981174708,6.084974289199287,372000
154,23260837,0.0125,-2.0425280105194914,4.46030891018123,-28.835710014651234,1.2676617823778324,0.5582357070903533,6.096011360227383,372000
154,24260855,0.0125,-2.0485869944660955,4.471335847684727,-29.19622585555664,1.3761242878786157,0.4769919659298644,6.044097754947443,372000
155,20260818,0.05,-2.1669947177610744,4.701324230133096,-30.44121831234231,1.2408708524040422,1.5680599746951007,5.535427812001627,372000
155,21260821,0.05,-2.118256643365714,4.654560326098534,-30.050399346522873,1.3102271478958276,1.6522520611003502,5.608425372321591,372000
155,22260823,0.05,-2.124183784704254,4.633349334500249,-30.181058176399873,1.272823802778519,1.7778038089357053,5.531111052642777,372000
155,23260837,0.05,-2.132935550384268,4.665012523222856,-30.152261623068256,1.3308836907295813,1.1347584598698661,5.560334338156172,372000
155,24260855,0.05,-2.1666280288718474,4.7225561422561775,-30.553939356488502,1.2977510524833151,1.5410357334387803,5.554788003884453,372000
155,20260818,0.025,-1.9242477879644408,4.531822645207089,-29.377755510546187,1.345150247318035,1.585296480336799,5.573630326143998,372000
155,21260821,0.025,-1.9196068084503448,4.512188446089091,-28.98756045525233,1.2788132214369141,1.666616489781782,5.5033296100282225,372000
155,22260823,0.025,-1.9075509808990698,4.478260040829489,-28.993409062883323,1.2710029277508184,1.7755474674672505,5.5748972041238485,372000
155,23260837,0.025,-1.9266386478251931,4.4901347813167325,-28.951649696728648,1.3271455928474103,1.1454001928147641,5.540921761508928,372000
155,24260855,0.025,-1.9384104310639436,4.521318645186402,-29.463043728454355,1.291990566130223,1.5606326444758793,5.564526323574145,372000
155,20260818,0.0125,-1.9050040131622485,4.430547650580444,-28.821358243871,1.2676116835833122,1.5905341984758377,5.525868247136016,372000
155,21260821,0.0125,-1.8882142217639823,4.433072276568249,-28.579343111813447,1.2769882902434568,1.681761673191024,5.550190444882225,372000
155,22260823,0.0125,-1.894099476810924,4.401554846873813,-28.223110871902616,1.294527726352837,1.7839147635034716,5.515085402635065,372000
155,23260837,0.0125,-1.8843980277383015,4.392246527219715,-28.394006917320763,1.325517746738436,1.1484091256949263,5.500040058145932,372000
155,24260855,0.0125,-1.8937756022433345,4.452769089646408,-28.870900896042876,1.289943173096664,1.5683057432986434,5.51733920516091,372000
156,20260818,0.05,-1.9243414200085316,4.08439489627365,-24.47857664873322,0.9735170468102576,-0.10060794259317483,2.332864123449803,372000
156,21260821,0.05,-1.8989062934474805,4.0818029397755495,-24.5415831246389,1.0409548509102617,-0.14924371798715502,2.430396396806565,372000
156,22260823,0.05,-1.9190346109890515,4.091036615637888,-24.50669463618574,1.0056526048216297,-0.11217410325691171,2.434441772058052,372000
156,23260837,0.05,-1.9060687922945407,4.093183749230202,-24.61848591900114,0.9435283768647003,-0.05103476768958006,2.4140727637391044,372000
156,24260855,0.05,-1.9178978912154256,4.105805740137275,-24.59041543698975,0.9921673093475608,-0.06516477069206525,2.4161601102299124,372000
156,20260818,0.025,-1.7797305899085074,3.9709159948626027,-23.441670660789683,0.9613665702549863,-0.06067788725604478,2.383478942531818,372000
156,21260821,0.025,-1.7803088376389604,3.956031252162251,-23.325231343699453,1.1135629073151765,-0.14439456247393015,2.5151276677457615,372000
156,22260823,0.025,-1.776652180910518,3.9376261610978096,-23.54650370799714,1.0322976955805643,-0.1166767511888693,2.499051296957012,372000
156,23260837,0.025,-1.7821676880405406,3.934163140162165,-23.47777397800329,1.094084528272072,-0.04248350050375402,2.403906694248557,372000
156,24260855,0.025,-1.7821506466028394,3.946733336323544,-23.379159958855162,0.9991054142983522,-0.054523411946838574,2.408407026417896,372000
156,20260818,0.0125,-1.7566768834323827,3.8743959174949385,-22.992857259133725,1.0087728081018987,-0.05082617271102179,2.3504364677575245,372000
156,21260821,0.0125,-1.7475149438128654,3.8673179154258523,-22.749887836771926,1.0521504184521757,-0.13784070473524762,2.5172598540457543,372000
156,22260823,0.0125,-1.748317248479717,3.8573602630056043,-22.984275315702874,1.0210776322224004,-0.11140574325246962,2.449643022502162,372000
156,23260837,0.0125,-1.7540703141873462,3.887824455451995,-22.983668778707717,0.9992176066891759,-0.09112220025556748,2.433473337668392,372000
156,24260855,0.0125,-1.7478249082487696,3.8903567362285454,-22.780274750760505,1.0754041754096435,-0.09713854701401489,2.401792530830129,372000
157,20260818,0.05,-1.9158852633533665,4.112393605763952,-24.57604803959252,1.2828761456200333,0.9514947019317421,2.429897724437569,372000
157,21260821,0.05,-1.9308588026107314,4.127859818785136,-24.62938750011815,1.2634059091335137,0.9785554309520913,2.3707408762558875,372000
157,22260823,0.05,-1.9235139297582518,4.109824473468651,-24.592837016147623,1.3249487213188502,0.9594948367938663,2.526802284363959,372000
157,23260837,0.05,-1.9102124173546922,4.119542505203302,-24.592575501094835,1.2587616545733404,0.9823791298144465,2.34858809476705,372000
157,24260855,0.05,-1.9182561573691461,4.092428780840908,-24.607859502621633,1.266081830891147,0.964581441714083,2.5444121796592585,372000
157,20260818,0.025,-1.7918341949751688,3.9667581417614137,-23.62952621181691,1.2815447780763136,0.9771032909814977,2.5561047730246904,372000
157,21260821,0.025,-1.783230916397327,3.9603388093282836,-23.540902916631644,1.2633514274698978,0.9851539002324441,2.3676201076866814,372000
157,22260823,0.025,-1.7832947158002548,3.96720463310777,-23.533792692842407,1.3218669669174024,1.0076220088925893,2.535624901259819,372000
157,23260837,0.025,-1.787393235403574,3.951791768262703,-23.504778572460523,1.2584971415273838,1.006410329633878,2.3954359059800328,372000
157,24260855,0.025,-1.7806438284295756,3.9548432190453346,-23.478819651019798,1.2632340299076188,0.9897585890936735,2.534129945541131,372000
157,20260818,0.0125,-1.7518406668482378,3.9039680591983155,-22.949731958638782,1.2817167214856644,0.9834997000774818,2.5807020718611557,372000
157,21260821,0.0125,-1.748974770318712,3.8973770577554268,-22.99065601857826,1.2640561393263299,0.9911578959091369,2.387385814519683,372000
157,22260823,0.0125,-1.7607155290779304,3.8793008086853398,-23.011803357886848,1.3415323686351006,1.0323337589331483,2.617584066690627,372000
157,23260837,0.0125,-1.7547728790878858,3.9022029820188466,-22.929207647471895,1.2579391382684884,1.0191947286742564,2.383846340580349,372000
157,24260855,0.0125,-1.7505319754903736,3.8923351214399995,-22.942078837291167,1.262953675190253,1.001976606769827,2.610737505304303,372000
165,20260818,0.05,-1.907505242660244,4.1202454884455,-24.635217294753947,1.0627805787524807,1.0041503851179672,2.5833620961501507,372000
165,21260821,0.05,-1.9188066669142,4.086341109519364,-24.74721184800646,1.0357285570832082,0.9667117099234671,2.4514108455519104,372000
165,22260823,0.05,-1.9212934571513989,4.091129920354655,-24.537720593576527,1.1062433841330073,1.0222945398387802,2.4243662639639108,372000
165,23260837,0.05,-1.912606524106633,4.089036272886524,-24.6260451147102,1.0405765673741705,0.9871116957013552,2.493316625694545,372000
165,24260855,0.05,-1.9083190150399103,4.108043100937047,-24.506783173131012,1.006283212721992,0.974296011894247,2.4779390217869346,372000
165,20260818,0.025,-1.7859066370411254,3.9564468735321454,-23.408352485297396,1.1631556204022362,1.0682142009597477,2.614251858993691,372000
165,21260821,0.025,-1.7801251786146148,3.9498180936070457,-23.538243999711632,1.0986107375447074,1.0025821139408542,2.5661417612786996,372000
165,22260823,0.025,-1.786302314952275,3.951364166864374,-23.41887593573415,1.0456161547958902,1.01005312174759,2.4571173567034235,372000
165,23260837,0.025,-1.7848705223222867,3.9534850106376433,-23.524009336380225,1.0128311939028747,1.0216590545835766,2.524700430846406,372000
165,24260855,0.025,-1.7827565128647036,3.9527821714877573,-23.348797484751124,1.0518864638334395,1.0193697501361705,2.452582963532204,372000
165,20260818,0.0125,-1.7473930716062098,3.892783539524101,-23.050979512680033,1.1343107302974482,1.0879838025809494,2.6430494588983695,372000
165,21260821,0.0125,-1.7481455667727823,3.8759634264624787,-22.94059350989717,1.0614306199467656,1.015209812282101,2.5567745261957415,372000
165,22260823,0.0125,-1.7507093569747667,3.8914207977945745,-22.93885390687231,1.0372026865239314,1.029967637477973,2.485334778361653,372000
165,23260837,0.0125,-1.7529104098205857,3.8805945820885284,-22.95595121759432,1.0216322081092866,1.0245090951622737,2.5479331847126288,372000
165,24260855,0.0125,-1.7456271395191216,3.8747502090778476,-22.767204703141374,0.9991215000705481,1.0201236808126277,2.493115682454311,372000
166,20260818,0.05,-2.277354332460751,4.0829947612626425,-24.60523077655406,1.2455473531446606,-1.3941587281602854,6.820719638568738,372000
166,21260821,0.05,-2.227783808129346,4.09949419625584,-24.545391534151875,1.1886264170205003,-1.3661887508820931,6.673517514911714,372000
166,22260823,0.05,-2.2401298698412244,4.0860669768275555,-24.51153248180863,1.3298683882913773,-1.3760549483865039,6.6791247698818355,372000
166,23260837,0.05,-2.249998918773934,4.088841632066568,-24.68671042843748,1.2201305762319623,-1.441742301572555,6.653097692382695,372000
166,24260855,0.05,-2.2447198444496967,4.075710442782242,-24.49724799697192,1.3534325512816459,-1.442055236907049,6.582472093069155,372000
166,20260818,0.025,-2.2656735637710494,3.9591073290606302,-23.857853791167937,1.3835569818420457,-1.4341245200396404,6.850497349645018,372000
166,21260821,0.025,-2.227553423366038,3.9556535417581298,-23.562731571217938,1.2617834628845714,-1.3513675853890323,6.636148225416501,372000
166,22260823,0.025,-2.2292787364740505,3.953675045333436,-23.533482465320045,1.3229300342097827,-1.423406482518138,6.6954804288030925,372000
166,23260837,0.025,-2.2408847854595106,3.988134450749149,-23.574138042495065,1.2231089574351817,-1.4157877006083541,6.661129058088352,372000
166,24260855,0.025,-2.233087945523281,3.9422427696436677,-23.54706335415374,1.3474778673102528,-1.3476962586788137,6.663149507127039,372000
166,20260818,0.0125,-2.238027796542681,3.8927625893357303,-23.26199052572385,1.3790249828077696,-1.3608534984797744,6.693885685872604,372000
166,21260821,0.0125,-2.241040458814357,3.8746595387576264,-23.960434420902775,1.2622346645451394,-1.3626408132538634,6.808658593862781,372000
166,22260823,0.0125,-2.227985350410209,3.8749442683765842,-23.15965768797378,1.3215084179262917,-1.3711196392012512,6.679312275520545,372000
166,23260837,0.0125,-2.2283663506777223,3.8891119975453323,-23.298566059568742,1.2168996978141362,-1.3209804941778736,6.631398393571503,372000
166,24260855,0.0125,-2.2335679900794756,3.8846593776789238,-23.366980909472563,1.3455530530232913,-1.3875397120365252,6.689684423169253,372000
167,20260818,0.05,-1.9284833247792297,4.072507104562515,-24.536122773138043,1.3186133698990241,1.5315266818541682,3.713991852151256,372000
167,21260821,0.05,-1.9035132912046198,4.089786144293943,-24.47740245104639,1.2474351877743728,1.4592330845657826,3.740429871402799,372000
167,22260823,0.05,-1.9205965312666948,4.094681299360572,-24.698424113637596,1.333785129485192,1.4450576135257807,3.7691209551503952,372000
167,23260837,0.05,-1.9166781517682314,4.111554067656989,-24.73939094892855,1.2836688518379724,1.3882247024511167,3.7688281770129026,372000
167,24260855,0.05,-1.918342072647361,4.091705026115913,-24.5143567065518,1.296315496896631,1.4191220873345736,3.764768299616369,372000
167,20260818,0.025,-1.7827310126681584,3.9489772974332036,-23.382828318746704,1.3158345131003382,1.5658182085220251,3.7711008968858954,372000
167,21260821,0.025,-1.788787623333239,3.9482829858159616,-23.420259248660535,1.265688849735378,1.5259460923114245,3.7403152055635047,372000
167,22260823,0.025,-1.7831078960736084,3.93687492218792,-23.320525597512063,1.3032565286261617,1.4827477273458287,3.7672578078498415,372000
167,23260837,0.025,-1.7832835291626528,3.9687525106808708,-23.59970150358913,1.2777235115709367,1.4165616539705301,3.760361018960351,372000
167,24260855,0.025,-1.7766513989441697,3.937460164150587,-23.407063080551872,1.291362193662724,1.4341661454897197,3.764583084118155,372000
167,20260818,0.0125,-1.759317319320063,3.873003486751569,-22.89872299881642,1.313796038690305,1.5804639587725362,3.7789827004122616,372000
167,21260821,0.0125,-1.747500745848684,3.886572431761274,-22.909554292041623,1.2627214533118434,1.5615921292772759,3.740276944136211,372000
167,22260823,0.0125,-1.748978069965824,3.8895462412965314,-22.98196952928648,1.2423319676010995,1.4980416678352964,3.767564249839619,372000
167,23260837,0.0125,-1.7490782159565832,3.881402576402929,-22.914957262267112,1.280130660908771,1.4317618703022355,3.799403402994629,372000
167,24260855,0.0125,-1.7511893709047759,3.860774270970304,-22.791557076923812,1.2892111255801535,1.4538618482225998,3.7645215400514243,372000
168,20260818,0.05,-1.9211700613559053,4.14134452480963,-25.062694405153874,1.2393942827690572,1.3563614620722382,3.3588722736588905,372000
168,21260821,0.05,-1.937211242096466,4.171971304945049,-24.993629154017754,1.2681225233267313,1.4948514774516453,3.362956675149936,372000
168,22260823,0.05,-1.9316717914328643,4.156248330639438,-24.94626548631207,1.3286788890885304,1.439361033208253,3.3832266141287417,372000
168,23260837,0.05,-1.9238235546618245,4.149920557232797,-24.990397471956875,1.3018538347385922,1.3120532925729278,3.39480243117955,372000
168,24260855,0.05,-1.923062285293815,4.143780868559161,-25.000198524906146,1.286859070437757,1.3864386540673903,3.4477277782809512,372000
168,20260818,0.025,-1.791699266660159,4.004583451675977,-23.898284869673805,1.2763748306796872,1.3909576626216564,3.363569364046593,372000
168,21260821,0.025,-1.7871250755102148,3.998485231309928,-23.790268266767946,1.2641276463601778,1.5239040445583378,3.3916200316338023,372000
168,22260823,0.025,-1.7843329234696028,3.9950765565107647,-23.908422898266846,1.2697772630819582,1.4608180710042173,3.3831020414543143,372000
168,23260837,0.025,-1.785000936344058,4.005228307456675,-23.805413485224392,1.3005716369968352,1.327692319819389,3.4042864479372543,372000
168,24260855,0.025,-1.7882114716518531,3.9867940927017975,-23.85694797714998,1.284304425005426,1.4060372238468697,3.439067385830324,372000
168,20260818,0.0125,-1.7549091125992926,3.9178669229769025,-23.397452515541914,1.272957667220819,1.4052584733830846,3.3721091317904213,372000
168,21260821,0.0125,-1.7519997837356687,3.925678122154525,-23.292463089992424,1.2624974202079238,1.5399843391989603,3.354709867038465,372000
168,22260823,0.0125,-1.7635449294943708,3.926801200044203,-23.47021304796403,1.2490874497172235,1.4797649603402174,3.3830603407388584,372000
168,23260837,0.0125,-1.752075739010937,3.9549419999457185,-23.3494085447791,1.2993447102286682,1.3358898012850506,3.4059667784370933,372000
168,24260855,0.0125,-1.7538969436873564,3.96687595805595,-23.401936684654174,1.2836406837330692,1.4046537625690343,3.472074270958181,372000
169,20260818,0.05,-1.9080874638228764,4.103776693727041,-24.478341651967042,1.2853092609848038,1.3022945885984638,3.691224342440373,372000
169,21260821,0.05,-1.9121824412335717,4.111663003761407,-24.496104179471942,1.2259056237625678,1.2851686186228177,3.740146577256253,372000
169,22260823,0.05,-1.9149695487780967,4.094942583893339,-24.61158988724834,1.2446311075237908,1.300068652836801,3.7183638641666885,372000
169,23260837,0.05,-1.9151394434211724,4.100110298065013,-24.581910689426554,1.2563479778050894,1.4475868744857558,3.6746535052638367,372000
169,24260855,0.05,-1.921976747503047,4.096927715337483,-24.632608517256234,1.2315077810117003,1.3834723246696146,3.622670257295284,372000
169,20260818,0.025,-1.7883245000837442,3.953125195792972,-23.441708760646616,1.2792233374164357,1.304496305224404,3.691079994436895,372000
169,21260821,0.025,-1.7815744531326438,3.944455279353228,-23.501167842370148,1.2245500090548704,1.3033120847268047,3.739991008055146,372000
169,22260823,0.025,-1.793017154273815,3.9717345099805166,-23.311672837648025,1.2405280833378738,1.3398090948988837,3.7181870768444534,372000
169,23260837,0.025,-1.7782172126850668,3.94819521366908,-23.49820360799637,1.2511853907533004,1.4502544636456836,3.6745153679868925,372000
169,24260855,0.025,-1.7773784546710187,3.977866489269566,-23.257026316526186,1.2808134976752652,1.3886578724251522,3.624022979460539,372000
169,20260818,0.0125,-1.7492169332756364,3.8878593895561386,-22.866373394477694,1.2491935725760075,1.305819372911329,3.690992121484681,372000
169,21260821,0.0125,-1.7427642537385708,3.895114859053693,-22.991669239231765,1.2487138113741658,1.3012598515663043,3.7399341365520784,372000
169,22260823,0.0125,-1.7514931118266628,3.869437370995385,-22.853499394293824,1.2398027169800345,1.3418840978138171,3.7180901338303287,372000
169,23260837,0.0125,-1.7525455398169083,3.883307526807275,-22.828081555480622,1.2491803981299296,1.4516781283646731,3.674461236044781,372000
169,24260855,0.0125,-1.751846581725687,3.8861785371200512,-22.853686839377147,1.2835948693606123,1.4085917736662483,3.6242564044302688,372000
170,20260818,0.05,-1.9335344817850957,4.132165839439878,-24.668539007808075,1.2555622071024595,0.485685510166809,2.2972749597259994,372000
170,21260821,0.05,-1.9186073350993103,4.133295979241086,-24.758764973434147,1.2573119728784288,0.5064385854891056,2.5164178676877116,372000
170,22260823,0.05,-1.9307285461637074,4.105230353607538,-24.743388557422712,1.239160071594036,0.5007751641954835,2.3506206764272197,372000
170,23260837,0.05,-1.927719969824897,4.116292950289532,-24.665545772593774,1.188008834530991,0.5144021155846001,2.4486395310698987,372000
170,24260855,0.05,-1.919970177829405,4.126254680389285,-24.795490113751,1.2309837660259517,0.5576563417285273,2.3817352552487225,372000
170,20260818,0.025,-1.7869193310850615,3.9557084020258952,-23.55545563775273,1.2053949905672747,0.4986296649819187,2.3174196771889366,372000
170,21260821,0.025,-1.7863272417806861,3.9689959360359186,-23.558693647153017,1.2633925214827804,0.5191082348757835,2.518321115642492,372000
170,22260823,0.025,-1.7874501091190296,3.9860926927655096,-23.64979242357264,1.2348981947245483,0.5115104423308636,2.3704130949198006,372000
170,23260837,0.025,-1.7908897981650216,3.978266080627643,-23.702442354260167,1.3222962467089983,0.5292952948685631,2.4856967353631267,372000
170,24260855,0.025,-1.780507320930622,3.9732962444002933,-23.68190461226845,1.2345738660262888,0.5431363090508646,2.3670392976520995,372000
170,20260818,0.0125,-1.7624044403211097,3.9047583236683248,-22.957479738200853,1.2056551560485724,0.5050205981722244,2.31127533703538,372000
170,21260821,0.0125,-1.7503341164818254,3.9071041268412534,-23.07363291033656,1.2335011640538573,0.525642607134812,2.6338012696905415,372000
170,22260823,0.0125,-1.7565283933773324,3.899863498006492,-23.15480724108733,1.2298735803816785,0.5168981553476262,2.386349561235375,372000
170,23260837,0.0125,-1.7592567792553535,3.8939676940004757,-23.094198318138027,1.300759359762556,0.5381367661154413,2.467832384583746,372000
170,24260855,0.0125,-1.7509194281338327,3.894220657820095,-23.044294174488357,1.2282312431669482,0.5491645270456427,2.3540083073813234,372000
178,20260818,0.05,-1.9938359561250427,4.083446717136974,-24.702453343284535,1.1443109181271012,-1.1297435093467414,2.916497952774301,372000
178,21260821,0.05,-1.9178496013304933,4.094822147040016,-24.53391607059129,1.207291896128996,-0.591693824622016,3.0649320559063034,372000
178,22260823,0.05,-1.915888257273988,4.111748852735038,-24.53353771581461,1.123661719507838,-0.9248567532342951,3.485079231359101,372000
178,23260837,0.05,-2.114894257187035,4.0848297367764,-24.526554276603466,1.1381528073869376,-0.5315843671521392,3.902726886082076,372000
178,24260855,0.05,-1.8975798135566095,4.097741305149441,-24.54594833354798,1.1257941617473157,-1.7547984025736412,2.9489889131158566,372000
178,20260818,0.025,-1.9853443683254217,3.9374804779425734,-23.52098051221732,1.178600143535993,-1.0676999381396086,2.9183856184638133,372000
178,21260821,0.025,-1.8569886374071674,3.9535923990230213,-23.473425208697055,1.167415983527589,-0.5730547316098162,3.0583197701593328,372000
178,22260823,0.025,-1.8955890939252924,3.940789855395599,-23.42224288074136,1.1151145690494322,-0.892760522245225,3.4864262076452275,372000
178,23260837,0.025,-2.1016319169516975,3.942004838445392,-23.35631855487077,1.2835469665457504,-0.5015136981830061,3.9259403190048476,372000
178,24260855,0.025,-1.8714928687154655,3.9659849967950933,-23.335104013432073,1.124053792730479,-1.6983383434207278,2.9973576041587284,372000
178,20260818,0.0125,-1.9822073383167897,3.873024048469036,-22.905939703786284,1.1241395674684018,-1.0336506319550773,2.9187116326772156,372000
178,21260821,0.0125,-1.8576946971872987,3.903759218817208,-22.980098002644706,1.1140779111838226,-0.5576764737355464,3.0653097552543738,372000
178,22260823,0.0125,-1.893129355917936,3.866379651826224,-22.782320223825515,1.1333336991755074,-0.8724823508517985,3.4895998283071967,372000
178,23260837,0.0125,-2.0983098839511376,3.889128504087568,-22.87126352332676,1.159550980940707,-0.47997557727737833,3.9321760112234574,372000
178,24260855,0.0125,-1.864988096296658,3.886385067980919,-22.796850022154537,1.0759879386218967,-1.6742869683031563,2.985032121845386,372000
179,20260818,0.05,-1.9144527049765583,4.10306520705042,-24.47363739195942,1.1868853633932637,-1.3572423140561225,2.9899633060811013,372000
179,21260821,0.05,-1.9090340063873943,4.093245444004816,-24.558280133899874,1.2000029544446025,-1.3261728204330672,2.7090711158725815,372000
179,22260823,0.05,-1.9081272169396848,4.100576044913504,-24.56282258893371,1.1957625435584625,-0.6853780053315187,2.8953985587654447,372000
179,23260837,0.05,-1.914184322482332,4.127757892880574,-24.561005614213997,1.2650865626022134,-0.30252157672973884,2.753696670420658,372000
179,24260855,0.05,-1.9452824822995345,4.085733559795525,-24.524664781488436,1.1740792399253812,-1.2726512658045175,3.6050605704838867,372000
179,20260818,0.025,-1.7778789634980703,3.94750316894781,-23.426479723337348,1.2298337952290284,-1.3234488248381628,2.994732850271069,372000
179,21260821,0.025,-1.7883569883929908,3.9289721193597513,-23.515043622796295,1.2119465433562626,-1.2857284513374188,2.832348069673103,372000
179,22260823,0.025,-1.7800815571069462,3.9674214281802227,-23.404497692782016,1.139641098420294,-0.6600805961274212,2.8989474260849097,372000
179,23260837,0.025,-1.7767890901989474,3.9775540167559718,-23.56669962366545,1.165908458242802,-0.2928422979714451,2.755841913683352,372000
179,24260855,0.025,-1.9395780058140397,3.9611181587752937,-23.435452827367566,1.145757232253199,-1.2293545406207753,3.607743042069812,372000
179,20260818,0.0125,-1.7517668826198616,3.873214650553042,-22.905844073397073,1.1564669326749233,-1.3086227480925299,2.9961887184643605,372000
179,21260821,0.0125,-1.7490777896713023,3.891415026064145,-22.903372901874306,1.1654144815940986,-1.2657042380798753,2.867076638278489,372000
179,22260823,0.0125,-1.748095387588104,3.882924757935406,-22.91830926070374,1.1118021204917679,-0.6473779708429448,2.8991378747447447,372000
179,23260837,0.0125,-1.7477823152564127,3.8951627262232478,-22.946237074674155,1.1850418870283759,-0.28876401664004303,2.7576508570395717,372000
179,24260855,0.0125,-1.9385275497975345,3.873808404005619,-22.902948857229067,1.1794855069549095,-1.2079273694442434,3.6077866826384666,372000
180,20260818,0.05,-2.0544845888123606,4.093477985471502,-24.559173362124255,1.2699814112684724,0.5325112090067391,6.079624316217189,372000
180,21260821,0.05,-2.0420956408022275,4.096458861349212,-24.562534650891394,1.2508400332405436,0.5468013435644914,6.10860896172664,372000
180,22260823,0.05,-2.047614349630547,4.098559723980858,-24.577149993931034,1.3170876001286418,0.5342603349914492,6.043943608693782,372000
180,23260837,0.05,-2.0755065374259707,4.096004541474252,-24.619477037150926,1.3823367716918493,0.4142906152350242,6.0440377917218395,372000
180,24260855,0.05,-2.051389588592414,4.09327207240738,-24.542016165803243,1.2835060824567543,0.5191462728839239,6.0931263789441905,372000
180,20260818,0.025,-2.0482871586762523,3.93329615520274,-23.28006238021836,1.2743654895195586,0.5575168616745417,6.07857771380252,372000
180,21260821,0.025,-2.0645417976314975,3.9430804666389405,-23.534739550504742,1.2898721457559634,0.5396794167690807,6.053919132097755,372000
180,22260823,0.025,-2.036219671458332,3.9249597801286775,-23.34642681158813,1.3144844718826312,0.4815507525500061,6.022115314353194,372000
180,23260837,0.025,-2.0501229602822635,3.9618763705009976,-23.449804348156867,1.3783708226517335,0.4209402315666263,6.038799951265348,372000
180,24260855,0.025,-2.03844262833387,3.9606321614117412,-23.445703488921925,1.2249618848379733,0.5822807362656125,5.998865660664507,372000
180,20260818,0.0125,-2.0399828976135663,3.873545432917792,-22.85713435786694,1.2687225756406204,0.48413872468935,6.009625632935825,372000
180,21260821,0.0125,-2.0591320024378845,3.8799154699725125,-22.828895442970197,1.2812365374879888,0.5483728818867707,6.041149886257829,372000
180,22260823,0.0125,-2.0417618245604627,3.881116865014507,-22.956920497234744,1.3124346420094228,0.4876304035305592,6.0600274543496075,372000
180,23260837,0.0125,-2.0436710733907955,3.8897587110233554,-22.861996098640887,1.374086294201261,0.5057925554228135,6.069521841777572,372000
180,24260855,0.0125,-2.0415595927484667,3.8909916833317197,-22.890384282603105,1.2433612420746953,0.524939053534597,6.106233896392169,372000
181,20260818,0.05,-1.9105200917368899,4.103690569992636,-24.349362090048807,1.2930454085062704,1.5342892669873327,5.538666714535927,372000
181,21260821,0.05,-1.9204218572508724,4.0956345970033725,-24.508850965729756,1.1861345337734364,1.5187861531823101,5.481442405096499,372000
181,22260823,0.05,-1.9273517838911487,4.105368553678727,-24.632521167920828,1.1580089205771187,1.3731413196563107,5.5332381327138,372000
181,23260837,0.05,-1.9078242666531264,4.074424437063219,-24.593727794890803,1.196893632469635,1.4844818451028607,5.5766931931046395,372000
181,24260855,0.05,-1.9165122708489153,4.103476918160559,-24.560995492904873,1.2750203489157554,1.4848120023056541,5.5244883522211685,372000
181,20260818,0.025,-1.786471721694641,3.9338002586307357,-23.63038186257887,1.3196884956804789,1.5515957245348393,5.683891476941839,372000
181,21260821,0.025,-1.7842410263785586,3.9473683298493203,-23.42674734858435,1.316793540415107,1.5538628186317278,5.576968532294492,372000
181,22260823,0.025,-1.7841746356950718,3.9370943204545776,-23.402835044958827,1.2209026928934381,1.398709078950119,5.532635640258374,372000
181,23260837,0.025,-1.7838863854680953,3.947299948085434,-23.375198461039872,1.3108765422389121,1.5460013585043193,5.603478250127256,372000
181,24260855,0.025,-1.777710152963033,3.919028233945568,-23.569884195808903,1.19590433864091,1.5065161936238642,5.5992650489105396,372000
181,20260818,0.0125,-1.74935442037958,3.8675123721420674,-22.95359434155785,1.2642289492063894,1.5671144732249547,5.53027385579809,372000
181,21260821,0.0125,-1.7574622193615745,3.8802554267661815,-22.88511442970394,1.2029825055886143,1.5576517189575803,5.551272209528282,372000
181,22260823,0.0125,-1.7491337207316735,3.877260097411365,-22.833905525927538,1.2795040933247621,1.445104802840728,5.597067700561155,372000
181,23260837,0.0125,-1.7505992288350798,3.8979736794207684,-22.721948410487347,1.2026393440782248,1.5433337447845725,5.542313859186335,372000
181,24260855,0.0125,-1.7576438791505105,3.860112790560331,-22.982987250519894,1.1569991237841295,1.5207256511053164,5.546302022748287,372000
182,20260818,0.05,-1.7013431133938526,2.1952939647027274,-13.116587829631879,0.9195063231678984,-0.06900741751863412,0.8851145046260239,372000
182,21260821,0.05,-1.7281068998330824,2.1971009821533114,-13.323906693090676,0.8370983540295677,-0.10336758745049424,0.8981555446707297,372000
182,22260823,0.05,-1.7010991885271742,2.2539792176881757,-13.159584392675525,0.8618955947779587,-0.08175459554024124,0.9698187469175773,372000
182,23260837,0.05,-1.7328854415241441,2.194611792112057,-13.512004698143292,0.8624745448587471,-0.07457759493286628,0.9405781333521253,372000
182,24260855,0.05,-1.6637494884820203,2.240614025648662,-12.590881078345053,0.8459054553250016,-0.03838667270261366,0.9032586144970729,372000
182,20260818,0.025,-1.6749428429149462,2.116860136159398,-12.931511903565292,0.8547161080888616,-0.06361532033365551,1.0031779161222054,372000
182,21260821,0.025,-1.7249140439444597,2.151206384006558,-13.81773180021507,0.863413599516858,-0.10169658055334589,0.9251527678915259,372000
182,22260823,0.025,-1.7134104545307893,2.1590164220151657,-13.512677996793675,0.9556324008228247,-0.08635555563641831,0.9655581238448034,372000
182,23260837,0.025,-1.7114401132257975,2.1225471038210126,-13.397310725337945,0.8465323774637925,-0.0616875766107076,0.9242178253582278,372000
182,24260855,0.025,-1.68977070801784,2.126067961818585,-12.91427229880188,0.9250012264129722,-0.04533364651575891,0.9445399943518576,372000
182,20260818,0.0125,-1.6928308114061168,2.070172951465316,-13.063382349485869,0.8746876510133844,-0.08407731161007627,0.9619919282342568,372000
182,21260821,0.0125,-1.7154927471164607,2.091199622407021,-13.557384516235881,0.9476033616456977,-0.11587628232392412,1.0123352964554886,372000
182,22260823,0.0125,-1.6877819240725178,2.0895953484001306,-13.081140489099722,0.8421771787197604,-0.08188409740691464,0.9778989968278603,372000
182,23260837,0.0125,-1.724253044698359,2.078541739140393,-13.60918125083509,0.8539036813998725,-0.07689456317078498,0.9798646270127614,372000
182,24260855,0.0125,-1.7216253526771315,2.0880132450216697,-13.48555895531932,0.8284733295033708,-0.03556894027689126,1.0644007052839752,372000
183,20260818,0.05,-1.7016613123846345,3.317668557561291,-17.99289017181712,1.274414520370403,0.16346597262830617,2.333391723562838,372000
183,21260821,0.05,-1.7014409291914245,3.329510779304728,-17.99234408518773,1.3030491568797387,0.1570111522466957,2.36536224216099,372000
183,22260823,0.05,-1.7005422011445153,3.3533918775138707,-17.962605273070057,1.3670343405016296,0.18266155120103725,2.2766292516670408,372000
183,23260837,0.05,-1.686817450474158,3.3096030478668266,-17.96158286185269,1.2706894632501973,0.16561319585021558,2.2410295219369685,372000
183,24260855,0.05,-1.7011194568799373,3.318916538137646,-18.065060661003365,1.1934236428678369,0.16288671760108261,2.403237769788633,372000
183,20260818,0.025,-1.6181997421250314,3.2108732165962155,-16.76741355911079,1.2728814591514788,0.20891506533526874,2.2930381378243005,372000
183,21260821,0.025,-1.6087137503433921,3.184674791360584,-16.765622612208954,1.2997996185795733,0.21512964194981626,2.38475436702032,372000
183,22260823,0.025,-1.6058055758202412,3.216441391739555,-16.863101375945334,1.3616028749702105,0.2150630242128456,2.2480807244455314,372000
183,23260837,0.025,-1.6226340844482305,3.2160883400496507,-16.614252135724016,1.2864983052929577,0.20884359738125022,2.29938092351982,372000
183,24260855,0.025,-1.62393484097052,3.216580170783279,-16.813422492814237,1.2108304860644314,0.20926113727835396,2.314418688251449,372000
183,20260818,0.0125,-1.593747081663167,3.1221290356921836,-16.149585089650913,1.2709924708951827,0.23644958306802338,2.2940442189431507,372000
183,21260821,0.0125,-1.5777974801330643,3.119624906917579,-16.1347654097001,1.2972677191570885,0.21548041235964874,2.282658175128524,372000
183,22260823,0.0125,-1.5856673805469457,3.115776469064146,-16.113121439850346,1.3598473494462326,0.2247197463953958,2.31524821909098,372000
183,23260837,0.0125,-1.5923158039706362,3.106564892191087,-16.31310915787351,1.2751519928452852,0.20622230823246526,2.3403456740590354,372000
183,24260855,0.0125,-1.5836182021783842,3.1870469774529075,-16.56310809989983,1.2579685198367445,0.23089395728037573,2.3096461182953743,372000
191,20260818,0.05,-1.3259510779929702,2.2559036902934557,-9.199547197118797,0.8743585325019764,0.15169391973887517,2.0453521376294916,372000
191,21260821,0.05,-1.3009155296840471,2.2680968400419084,-9.210755262888755,0.9023411295921017,0.15235921948134104,1.9362915343411937,372000
191,22260823,0.05,-1.299423639718886,2.329038858204966,-9.27054409514237,0.9404160212946496,0.15333044128274154,1.9420979262638107,372000
191,23260837,0.05,-1.3108977663017207,2.2399701469753794,-9.189466316004388,0.9259067394883617,0.1659061192671566,1.9539333017559228,372000
191,24260855,0.05,-1.3043443456986121,2.2658554511057774,-9.207140504444123,0.8978299438206442,0.1699055924469203,1.9982133770648758,372000
191,20260818,0.025,-1.254650198081132,2.1637809611648886,-8.520662374277718,0.8966491463615273,0.19898221914801184,2.069000030212464,372000
191,21260821,0.025,-1.2656206017264504,2.1542947915976813,-8.540794087473744,0.8816099652333483,0.14587723963004354,2.053658800354997,372000
191,22260823,0.025,-1.291126246838024,2.1775373175076456,-8.488962577962445,0.8607887852233225,0.1837298517255883,2.0333269421403846,372000
191,23260837,0.025,-1.2642552423499334,2.1920614474848485,-8.681413769446909,0.8742180963934812,0.1896985761233402,2.0359722931173776,372000
191,24260855,0.025,-1.2629791294174628,2.2170177509754447,-8.371958507196602,0.9182221305411437,0.22539084108961846,2.070762005392339,372000
191,20260818,0.0125,-1.242889960803624,2.1221249126456336,-8.074007172991651,0.8985265369702187,0.1869566597932615,2.069801929106369,372000
191,21260821,0.0125,-1.2546697574743992,2.1130832125507406,-8.245835040331889,0.9856377873187727,0.18916382902598927,2.1362220719712863,372000
191,22260823,0.0125,-1.2683546205466754,2.111252095213245,-8.049777364410854,0.9140493313389729,0.24076359547132656,2.056154793127046,372000
191,23260837,0.0125,-1.2402527129164609,2.153581397712442,-8.093022021828501,0.9106516839608155,0.24092145218876157,2.0358093116426033,372000
191,24260855,0.0125,-1.2397780557584708,2.0949506201624724,-8.096397307360808,0.9348165277523991,0.2226904978782286,2.050125584577625,372000
192,20260818,0.05,-2.2648143316009492,2.0876826514101254,-23.46676146016085,1.050200516712699,-1.39407277094888,6.650451299927007,372000
192,21260821,0.05,-2.236774364876,2.1239444240897556,-23.591139394024527,1.0413672398788105,-1.3887976354786498,6.583143331689778,372000
192,22260823,0.05,-2.263502535474038,2.1489112789985847,-23.79892689505528,0.99800139484237,-1.4739930142298054,6.629260142900988,372000
192,23260837,0.05,-2.242615455497803,2.15510758658913,-23.551379046914086,1.0152301829245267,-1.5096699129067432,6.639062862983701,372000
192,24260855,0.05,-2.249676859041726,2.148535216774695,-23.52143087538422,1.0881822677356547,-1.3801746617533392,6.581632280477415,372000
192,20260818,0.025,-2.2411400592885675,2.0219948323405905,-23.540569755548436,1.0182043792051696,-1.3903380236515572,6.745729362527494,372000
192,21260821,0.025,-2.232278928536634,2.008288988728163,-23.362207432009747,1.1026441058789302,-1.3990276885762893,6.626291432603249,372000
192,22260823,0.025,-2.242125531237073,2.0284604000155504,-23.208863043316732,1.0553679841232169,-1.3422997454232988,6.577276034189113,372000
192,23260837,0.025,-2.247578071170029,2.0033034093581192,-23.50638090401677,1.0188834898639016,-1.384634237365552,6.565070939063741,372000
192,24260855,0.025,-2.246835980196239,2.0161914873739755,-23.444365156585942,1.0795711842374136,-1.4142532919523718,6.665107821670995,372000
192,20260818,0.0125,-2.2337838446500813,2.0197921228115145,-23.365207469165405,1.046736957072434,-1.4088915980210994,6.611595778403329,372000
192,21260821,0.0125,-2.2395725737693266,2.059694123170298,-23.367554055109526,0.9959726129586335,-1.3685387512373457,6.62893475600537,372000
192,22260823,0.0125,-2.232730929314306,2.057388832800036,-23.392465038215633,1.0117142982181706,-1.3989886283036537,6.8428408649942725,372000
192,23260837,0.0125,-2.221497984707898,2.0080092257806514,-23.27097035790356,0.9987976399666472,-1.4254594638211793,6.597882977202728,372000
192,24260855,0.0125,-2.2247416761570054,2.0291015564039276,-23.477988301964967,1.0722137088565766,-1.3121119386703748,6.63808907355257,372000
193,20260818,0.05,-1.5605969871495038,2.942429628489536,-15.399909497638644,1.3004666048019238,0.17676181317204404,3.293259101549568,372000
193,21260821,0.05,-1.5818167831090606,2.98864531115243,-15.89629112428737,1.2139142489937413,0.1735544847586222,3.3485994731983735,372000
193,22260823,0.05,-1.561704490502955,2.9956892618271875,-16.00916406126247,1.220881294279308,0.1686487454539889,3.20561807510603,372000
193,23260837,0.05,-1.572582965323403,2.737813581191667,-15.503389449633717,1.2070796670486326,0.1611143040999821,3.2253442942727046,372000
193,24260855,0.05,-1.6050814292818782,2.9845339413798104,-15.509062912688872,1.2593893681645283,0.17609650007188193,3.262247165027332,372000
193,20260818,0.025,-1.5345475867794798,2.8718942273582617,-15.328391502849485,1.2124026172064473,0.21195760924501356,3.293139664944625,372000
193,21260821,0.025,-1.5314015804592518,2.734240482484346,-14.509920151198315,1.2218632963264833,0.18932219657254548,3.348457209414363,372000
193,22260823,0.025,-1.5152343258854748,2.8668179171809496,-14.95118842908209,1.2317394147712861,0.24226469412495077,3.1960345938682986,372000
193,23260837,0.025,-1.5150405378612857,2.821791092449829,-14.312206325323135,1.2023046734772975,0.20798291457372917,3.225238226407665,372000
193,24260855,0.025,-1.5274112042306875,2.7812573555650606,-14.630376802900166,1.224439330953233,0.20567648221808835,3.262120820363138,372000
193,20260818,0.0125,-1.4835145936666734,2.9240559310690157,-13.38120952478868,1.2192546465499248,0.22003365542732314,3.2930868276360807,372000
193,21260821,0.0125,-1.4998569792212306,2.893225448693204,-13.749596847692912,1.2238972743157548,0.2351775664776026,3.348397666799384,372000
193,22260823,0.0125,-1.485912601403813,2.8275244557014196,-14.347802908709658,1.3445885250378582,0.22401961925935046,3.196127004306135,372000
193,23260837,0.0125,-1.4892581242883323,2.813963920805861,-13.952070647514352,1.2412685923640903,0.23042556955450488,3.225187721893465,372000
193,24260855,0.0125,-1.4944118590644917,2.8193202842674747,-14.236174977247536,1.1921706107122398,0.21264204753536312,3.2620639595862144,372000
194,20260818,0.05,-1.7968445741871182,3.930393725501565,-22.20310698897191,1.2288623924433804,0.15529718128490183,3.102712346079158,372000
194,21260821,0.05,-1.8441171560740544,3.828325669705833,-22.53188278008844,1.2918489389261945,0.17314873168773642,3.08540139288585,372000
194,22260823,0.05,-1.8483060781097829,3.8588663278319886,-22.79927962759895,1.262056616402266,0.1303459717539704,3.2585363152238918,372000
194,23260837,0.05,-1.8172055142176555,3.787361840437302,-22.72257316609776,1.2446261278928814,0.12111762993615201,3.1898230115931314,372000
194,24260855,0.05,-1.784306610443445,3.7500639510704143,-22.23032842197895,1.2327045086942343,0.15521915000308062,3.179230171678664,372000
194,20260818,0.025,-1.7463006693898295,3.757704480538777,-21.273721459654436,1.231022670335431,0.19648176355954833,3.1012163294803994,372000
194,21260821,0.025,-1.7497519362197267,3.6867815341937273,-21.214838029564213,1.287183017578837,0.18864239935426708,3.08532265573911,372000
194,22260823,0.025,-1.7430202373090622,3.6819049296692037,-21.105730514892464,1.2648214795487809,0.19591347805023454,3.258392811810156,372000
194,23260837,0.025,-1.757829212574611,3.7023598720359208,-21.53448640832257,1.2769709887918084,0.20463619149580253,3.1897585765359198,372000
194,24260855,0.025,-1.724473304663024,3.6994009833719708,-20.860261599575338,1.2302768495693936,0.2084074218897221,3.179080904301658,372000
194,20260818,0.0125,-1.7148487681614455,3.6429577102478596,-20.748684604023484,1.2259168627915027,0.23369669137507995,3.1005108771904673,372000
194,21260821,0.0125,-1.7264316519743248,3.607147687646876,-20.861172277648674,1.3316388788797957,0.21187995243326066,3.085269973142642,372000
194,22260823,0.0125,-1.724355039893879,3.614211948040533,-21.205212642924387,1.2689653454996284,0.23294584000608676,3.258330587845638,372000
194,23260837,0.0125,-1.7270286947308857,3.646280599874321,-21.28489194679794,1.2409351963997883,0.2119952409459347,3.1897255462528866,372000
194,24260855,0.0125,-1.7001715790534537,3.659337939097628,-20.08679806262359,1.2800858154777868,0.23214145732694777,3.179037274999999,372000
195,20260818,0.05,-1.720844865591446,2.3403536897346906,-13.78396180180334,1.1777025027410428,0.1857000430267039,2.6714157336110897,372000
195,21260821,0.05,-1.7674589518750363,2.3638837723165764,-14.536652046591794,1.1638133950483147,0.18825050901498086,2.7984927758065514,372000
195,22260823,0.05,-1.7859256167386532,2.433819551836643,-13.879585463347675,1.1242348008671705,0.18770288018762213,2.734293845710049,372000
195,23260837,0.05,-1.808215638518351,2.410568193688756,-14.716699626202972,1.1612438461088073,0.18178640462300608,2.7916746322463797,372000
195,24260855,0.05,-1.75731316875766,2.31225375414331,-14.283933541293989,1.185382307358536,0.16899145341168048,2.6266494996559353,372000
195,20260818,0.025,-1.7074559683848507,2.187877208589421,-13.46195276626675,1.068397587326505,0.2063120532104782,2.6714544256386454,372000
195,21260821,0.025,-1.7597092267786154,2.276032265964934,-14.151652713352808,1.1487439299403137,0.16594790882007462,2.7983026038294283,372000
195,22260823,0.025,-1.7795938985140507,2.3208770746419676,-14.526091968676921,1.1493894528008224,0.19835473292468153,2.734117025181006,372000
195,23260837,0.025,-1.7887591053882699,2.2832832499605455,-14.714755159413796,1.138095788908325,0.2187219046645379,2.7915021786863745,372000
195,24260855,0.025,-1.7637326659620638,2.250470870747725,-14.41634039123839,1.1538830297004299,0.22676962826882419,2.626463306698532,372000
195,20260818,0.0125,-1.707302617241004,2.172154576223934,-13.464591639777941,1.2251141087570223,0.18398787553247356,2.671508537184555,372000
195,21260821,0.0125,-1.751378791089722,2.2439347396883624,-14.111733725474634,1.2023497908110954,0.1584936825366651,2.798251957698698,372000
195,22260823,0.0125,-1.7589128303527937,2.2420339444161326,-14.499332043641106,1.0913839318936371,0.22033815512999846,2.7340623596139224,372000
195,23260837,0.0125,-1.7877623506417082,2.240047357477524,-14.714387085885098,1.1478410253487947,0.24083803503287504,2.7919186294315668,372000
195,24260855,0.0125,-1.7525494157474824,2.242957483282079,-14.31248763942467,1.1776776820529244,0.23352577041625264,2.6264035897549873,372000
196,20260818,0.05,-1.8611084741517625,3.901869531958769,-22.92639941456403,1.1533776208020219,0.17384749826027818,1.2729807962154585,372000
196,21260821,0.05,-1.8605843906378263,3.9348132529745996,-22.88136551303244,1.1820467880501413,0.1828435123327357,1.2409945944775704,372000
196,22260823,0.05,-1.902133551833649,3.910751794254336,-22.959897452223203,1.1221505633959077,0.11729223587388847,1.321580874879014,372000
196,23260837,0.05,-1.8590828224935734,3.9000981924580507,-23.088910108805916,1.2000539920617248,0.16131829333917674,1.3377509940543693,372000
196,24260855,0.05,-1.888091012466746,3.8959892712051247,-22.956161981679735,1.162918326828758,0.17556021250762344,1.4249001245568103,372000
196,20260818,0.025,-1.7596408334891833,3.7656469273422415,-21.763570375043965,1.1228682465795887,0.19584955652917388,1.2631663381415625,372000
196,21260821,0.025,-1.7618377928736253,3.770859201685235,-21.956078359803453,1.1231457308788018,0.17656451398590883,1.2747333479787724,372000
196,22260823,0.025,-1.7483993106540345,3.761066332988166,-21.84572398327006,1.1434581381666793,0.14202281744806627,1.3325924785986984,372000
196,23260837,0.025,-1.7617025327256242,3.7655683855092494,-21.797056454586226,1.2424615951552427,0.1796639891500174,1.3575478814322333,372000
196,24260855,0.025,-1.7545421280477567,3.785986032096399,-21.702136629879753,1.1789850888139037,0.19182958578896883,1.3984964759958662,372000
196,20260818,0.0125,-1.719964065026403,3.7010543525908175,-21.34458600661991,1.1807039200826532,0.23240076654759018,1.2682300213054643,372000
196,21260821,0.0125,-1.7240758705810788,3.698087588604883,-21.400301073273283,1.1501630170674526,0.20955300986948433,1.2707032570700867,372000
196,22260823,0.0125,-1.7267399867983082,3.700787299186443,-21.343050621190756,1.227353336685776,0.1624648116753876,1.331585046648458,372000
196,23260837,0.0125,-1.7318729055559234,3.7090079872333663,-21.235075755792998,1.2367702480895009,0.2403695379449824,1.3560363142530705,372000
196,24260855,0.0125,-1.7228471194324753,3.706973566625491,-21.134613394549156,1.1416163628533984,0.2172504287826725,1.3948043668319696,372000
204,20260818,0.05,-2.001314085021639,2.732835273609844,-18.7345476772051,0.9889378057125613,-1.3538762327567926,2.9339612359309477,372000
204,21260821,0.05,-2.011291279083564,2.6192654794619954,-18.523926822914422,0.9743819517885214,-0.7881714062682964,2.9135430180071475,372000
204,22260823,0.05,-1.983030795420964,2.676908995451043,-18.17326473426952,0.9256845658141849,-1.040024250792174,2.8703177022247313,372000
204,23260837,0.05,-1.9977087233684343,2.821148746703322,-18.614225341938685,1.0431961383509005,-1.8191694559873597,2.8249162553532097,372000
204,24260855,0.05,-1.9547319091654094,2.6480783495270797,-17.484058823026974,1.0149835345338238,-0.7278819463729097,2.6594358423810713,372000
204,20260818,0.025,-1.996383343892597,2.640099800960878,-18.76522773811601,1.0281891023438328,-1.309110550356412,2.9445487810130095,372000
204,21260821,0.025,-2.0020921333206805,2.5181612720765374,-18.67647317219241,0.9291894706706245,-0.7272067882642816,2.9506643533120815,372000
204,22260823,0.025,-1.9762235887756705,2.600232486533736,-18.213804225447674,0.9571278003967372,-1.0045813303366644,2.880682658803151,372000
204,23260837,0.025,-1.9901806916576634,2.717439810601209,-18.717511539917673,1.0084618173840842,-1.7435054922808215,2.8510520067907024,372000
204,24260855,0.025,-1.9424822363172392,2.5386877333910056,-17.520965229802528,0.9712788692487271,-0.6956032768939776,2.6666682258036536,372000
204,20260818,0.0125,-1.9962430793685422,2.5576853342244847,-18.79315959131841,0.985355948370031,-1.286960273196568,2.9511024769508833,372000
204,21260821,0.0125,-2.0045931224688314,2.465972455847189,-18.761908791764473,1.0145049440279557,-0.701799884648117,2.9723963910216957,372000
204,22260823,0.0125,-1.9742698061486266,2.5260470348102553,-18.237103797185878,0.9297149385031878,-0.9804144910046407,2.8864108568730087,372000
204,23260837,0.0125,-1.9938326403791933,2.6609894776183447,-18.764581832786405,0.9589307918823866,-1.705515757415498,2.863023065755365,372000
204,24260855,0.0125,-1.9395333829983499,2.47415678668541,-17.54594589229341,0.9687886777004879,-0.6761107852986998,2.6716038381318628,372000
205,20260818,0.05,-1.751726308925041,2.9592939537424474,-14.817964027811586,1.0408342284176628,-0.9851559738456097,2.5242613029529446,372000
205,21260821,0.05,-1.6658442787215804,3.0501664814270564,-15.567823757756848,1.0006179833832123,-1.9774151268449704,2.022068350188038,372000
205,22260823,0.05,-1.6660390208060567,3.013155148137881,-15.328005167587893,1.0412671114785177,-1.77279874193866,2.1452579369278513,372000
205,23260837,0.05,-1.7430579248068903,2.932120083791923,-14.599879790046774,1.0782038747605995,-1.0877120300638334,2.279649349565092,372000
205,24260855,0.05,-1.8641748978728288,2.946924223203612,-15.944099382635795,1.0750666041308905,-1.5435478515699375,3.0811674627596024,372000
205,20260818,0.025,-1.75336681356039,2.835357551731212,-14.123740370178927,1.0093288787435246,-0.9473178101465491,2.5286280723646195,372000
205,21260821,0.025,-1.6552806668174462,2.9566777027550466,-14.92065346684361,1.0346594028006648,-1.9452743326120352,2.0245935802612975,372000
205,22260823,0.025,-1.6570497596556235,2.9192977833501605,-14.539014298487576,0.9872098014299747,-1.7292082141796261,2.1508829417289737,372000
205,23260837,0.025,-1.735479843916655,2.8111372566552055,-13.849293963000143,0.9884079198010001,-1.0413636589624105,2.2798945517543934,372000
205,24260855,0.025,-1.858034616306478,2.843443273395266,-15.99432645214851,1.038018036826036,-1.500073354657275,3.091480238963199,372000
205,20260818,0.0125,-1.7507187939513014,2.789085297672993,-14.126446088963897,1.037589728525948,-0.9282138257084468,2.530018513394552,372000
205,21260821,0.0125,-1.651533557759013,2.877194867649934,-14.592066447136562,1.0446630773617565,-1.9292106198374996,2.0242719690322075,372000
205,22260823,0.0125,-1.657564102272289,2.8775033282325997,-14.190704041989617,1.0230687146606505,-1.7083905788129525,2.1548811885812995,372000
205,23260837,0.0125,-1.7332666784156991,2.775525007396757,-13.856275593414264,1.027651812486922,-1.0195072267263448,2.2815777570386655,372000
205,24260855,0.0125,-1.859233578194539,2.8060229124428306,-16.01073915757727,1.0178845973086565,-1.4771097117971033,3.0951603599095843,372000
206,20260818,0.05,-2.0633058031524625,2.100742492729774,-19.527164496471592,1.1249385064818895,0.1524851267498672,6.033617640208125,372000
206,21260821,0.05,-2.0681189416758894,2.1558742808572924,-19.81563217658253,1.1499253243053666,0.18678434254410553,6.113752091988223,372000
206,22260823,0.05,-2.0616961090705037,2.134883438167816,-19.635664754670866,1.0854260996437204,0.1777221943082264,5.990525048471246,372000
206,23260837,0.05,-2.0922559802182503,2.095176028867194,-19.665206858174322,1.1114985572250384,0.17681116061541455,5.979979243093222,372000
206,24260855,0.05,-2.0955657776289804,2.1040046592726065,-20.05530398276251,1.104853629621334,0.17434001476961813,6.087274444108712,372000
206,20260818,0.025,-2.0578909705306287,2.043273392229346,-19.721034299560134,1.1645610107151234,0.19738176327610876,6.0371559821437994,372000
206,21260821,0.025,-2.0450672308282476,2.000019971857827,-19.565866552295347,1.090535676257996,0.19850014925824064,5.942955747160934,372000
206,22260823,0.025,-2.0576769949436966,2.0524904722926864,-19.58097280168946,1.1030381504868423,0.21577530513662674,6.067149807368766,372000
206,23260837,0.025,-2.0434991523041055,2.035065846939312,-19.59918296147874,1.1113317972705636,0.21651150772702418,5.953987757351364,372000
206,24260855,0.025,-2.055003854467592,2.044465800264406,-19.558751323020168,1.2965197599134433,0.21756703744783595,6.027495556289777,372000
206,20260818,0.0125,-2.046800522639043,2.0299626132162203,-19.440690574459538,1.1477997217169513,0.20437089738097786,6.09613119051909,372000
206,21260821,0.0125,-2.0504165337618505,2.0740932835415555,-19.481889725502953,1.1767804536018116,0.2226043205725259,5.956204260447335,372000
206,22260823,0.0125,-2.062510435739832,2.0650931340295045,-19.608367087776045,1.1395354303381813,0.19196799069611092,5.950340015554576,372000
206,23260837,0.0125,-2.0596829183681122,2.0288683443925217,-19.385554265129663,1.1650185216092204,0.2152487064319125,6.061588655321456,372000
206,24260855,0.0125,-2.050551658802263,2.0396983477316333,-19.45652130400576,1.1346593225892714,0.211011927048109,5.957800479957574,372000
207,20260818,0.05,-1.5576187533160382,2.1083759198178385,-10.743250860548292,1.2816141461395572,0.18811138370231234,5.557253719365047,372000
207,21260821,0.05,-1.5570451529199225,2.125898031232508,-10.77373376722745,1.2757820267440867,0.14114466827010255,5.589795348245641,372000
207,22260823,0.05,-1.5472034582858323,2.167974467663785,-10.750846006103473,1.236595876355488,0.12269324487669635,5.511695225444745,372000
207,23260837,0.05,-1.563890135242081,2.143694329577265,-11.066030200573918,1.2863569516970974,0.20201759612176923,5.566729566808195,372000
207,24260855,0.05,-1.5538784672266541,2.0925185730359694,-10.782459440017785,1.3197812988153423,0.18120471974619962,5.598785065275044,372000
207,20260818,0.025,-1.548472554235136,2.0450484596751037,-10.882490598395638,1.3581267631799188,0.2179825591354849,5.532612063028459,372000
207,21260821,0.025,-1.5559359890121627,2.0489217115126364,-10.641943373265914,1.304063256795427,0.19139197425096366,5.509497029019834,372000
207,22260823,0.025,-1.5470897594322035,2.0348027568001723,-10.587603790753823,1.2122513574350469,0.16386627429749634,5.581952130400225,372000
207,23260837,0.025,-1.559656409158244,2.0726722454196365,-10.749713968820915,1.2913957754097218,0.19662120950115694,5.5978678643602215,372000
207,24260855,0.025,-1.5598953690500237,2.0481375078057296,-11.208821565244248,1.2674183171499291,0.19711837542557117,5.578356483664727,372000
207,20260818,0.0125,-1.548227720579205,1.9978951874260829,-10.879101092992242,1.254324918370669,0.2306409473494806,5.549102817616998,372000
207,21260821,0.0125,-1.564934959715469,2.024659028701004,-10.844786238893642,1.2153186755177832,0.18805806650745283,5.51732774461332,372000
207,22260823,0.0125,-1.543109778416961,1.980325927287752,-10.764604262136405,1.2816998016557954,0.19820307574955318,5.5680453970882615,372000
207,23260837,0.0125,-1.5503132894089535,2.0342126102256612,-10.609447641776532,1.2243167151182708,0.20396493637554408,5.531688195298003,372000
207,24260855,0.0125,-1.5505992735844008,1.9724110278320695,-10.895177617306363,1.2670808896484804,0.2367806744096812,5.559360678393917,372000
208,20260818,0.05,-2.09573933791067,4.557243460869695,-29.176233841388502,1.2349649734940475,-0.09542914437239393,2.8394478120801616,372000
208,21260821,0.05,-2.095994112730366,4.49847401516941,-28.71632254475467,1.2614073037482605,-0.10680643280399395,3.206076677168444,372000
208,22260823,0.05,-2.1019441324474486,4.562275798758373,-28.989447088603132,1.237798111212049,-0.041132749859045054,3.0277592831603197,372000
208,23260837,0.05,-2.100643504201053,4.5480834463646955,-28.769467124758513,1.2550387805151306,-0.12008629699407689,3.417827972255334,372000
208,24260855,0.05,-2.116492410409775,4.5737568027739295,-29.408382795953944,1.28177511071665,-0.03838412647261392,3.145145049821009,372000
208,20260818,0.025,-1.897568855969098,4.421077695333975,-28.106957540047876,1.2547556606904209,-0.084133855983875,2.840692045995699,372000
208,21260821,0.025,-1.8840756731749577,4.3837817541290685,-27.52996976718784,1.2655418876335751,-0.10538567848029205,3.206092113780326,372000
208,22260823,0.025,-1.8946411656822337,4.395476071360237,-27.975124183360347,1.24489883787203,-0.04198392276078211,3.028496919022023,372000
208,23260837,0.025,-1.8797291337292024,4.355964196138169,-27.7848476192126,1.2381347615802665,-0.10404476720078855,3.417463836630763,372000
208,24260855,0.025,-1.889937900048692,4.400145447817838,-28.269668867821782,1.2749637161306826,-0.058071466820449745,3.14851063025059,372000
208,20260818,0.0125,-1.8647488875722131,4.338053114898073,-27.548787786462746,1.2082535185490564,-0.05545056614593285,2.8393127451311435,372000
208,21260821,0.0125,-1.8461177991135918,4.258959272338929,-26.90425799318885,1.2731582109678055,-0.061808274888447014,3.204641844629927,372000
208,22260823,0.0125,-1.8626755997197297,4.301757782574263,-27.216916853949186,1.2103970655109715,-0.0468808219048759,3.032303233780841,372000
208,23260837,0.0125,-1.857109059166903,4.290291340076753,-26.929814676169336,1.2309872208442165,-0.08899878842135538,3.4187636118376616,372000
208,24260855,0.0125,-1.862334450506078,4.330544636403179,-27.51150836999997,1.2728909394894081,-0.04436495449659346,3.1517563555364796,372000
209,20260818,0.05,-2.094038116736135,4.536052253686912,-28.757491404941124,1.2570091090474966,0.9425070849820536,2.938525198931916,372000
209,21260821,0.05,-2.091596204049729,4.557505284777492,-28.9480870954968,1.3202701305753082,0.8756685540724762,3.0918789275473815,372000
209,22260823,0.05,-2.105544280975667,4.551675576783463,-29.141692942784907,1.291080113059469,0.7535756636625216,3.3081184664756713,372000
209,23260837,0.05,-2.0995482919615998,4.595588240869704,-29.391340057801287,1.291389068755795,0.9511474924441425,3.1032904022273127,372000
209,24260855,0.05,-2.1050318591276627,4.579066178319175,-29.15895973368547,1.3011843160077796,0.9577598003333452,3.1040100054799935,372000
209,20260818,0.025,-1.8908090087795182,4.3801089662907255,-27.95178739637776,1.2775791615888519,0.963957528597697,2.9494826344180147,372000
209,21260821,0.025,-1.8968197188231635,4.374581328593008,-27.798691836341636,1.2587108153651614,0.8963033211579484,3.0921263359495086,372000
209,22260823,0.025,-1.880383273555796,4.383278020568831,-28.032207282049452,1.291507280518857,0.7794063275883215,3.3080788661352516,372000
209,23260837,0.025,-1.8901850341071005,4.431905965110243,-28.282812803000848,1.2943808166184254,0.9480837873794214,3.1402065856949095,372000
209,24260855,0.025,-1.8971475081462328,4.380494295573708,-27.991583368996917,1.3022490930506352,0.9749648928813494,3.1065699058608693,372000
209,20260818,0.0125,-1.8619166359367418,4.30381033373779,-27.19927284226012,1.2786510509015574,0.9722144461827247,2.952632313813943,372000
209,21260821,0.0125,-1.850547366780635,4.3031458055765075,-27.093601469464325,1.2562392273459873,0.9133583041136198,3.092263835264676,372000
209,22260823,0.0125,-1.8636944679239111,4.3083332949146875,-27.32430107532098,1.289845409424298,0.7952032193436639,3.3080774016215,372000
209,23260837,0.0125,-1.8613988009633733,4.3437678263644415,-27.771093762960913,1.2958757566736305,0.9529842371713596,3.1399914102006408,372000
209,24260855,0.0125,-1.8648582602174557,4.3029261621014525,-27.23518567077902,1.3020080205378928,0.9907489843290963,3.108930630540784,372000
217,20260818,0.05,-2.092760242307119,4.58913235678568,-29.327093081036658,1.1890685120500684,0.8825952254445271,3.209763217563938,372000
217,21260821,0.05,-2.0934643884098687,4.592621410168048,-28.939807009023838,1.225626579839769,1.0193626701826686,3.1606227495022905,372000
217,22260823,0.05,-2.089252647426102,4.597136307181588,-29.200437764141018,1.299959479256628,0.9896121670177584,3.0621472564942045,372000
217,23260837,0.05,-2.108907778383889,4.574757012119506,-29.340774194180064,1.2180021157925711,0.9324020125545586,3.0121261255860055,372000
217,24260855,0.05,-2.098358741921612,4.586787898976455,-29.342621026490693,1.2573007221948906,1.0151549166940925,3.255104215478862,372000
217,20260818,0.025,-1.8914966056685274,4.420730197924203,-28.372385606256085,1.2024993864699187,0.9011806277137417,3.221285450874592,372000
217,21260821,0.025,-1.889082523140761,4.417965526036755,-28.090997306273188,1.241885033210314,1.0293655196957923,3.160571476641044,372000
217,22260823,0.025,-1.892638678395372,4.3949231058589975,-28.166694692281595,1.28832118535064,1.0218370920320423,3.0691507659882555,372000
217,23260837,0.025,-1.8904618349199132,4.426012729302849,-28.103083613979198,1.2120266825843082,0.9457529937713788,3.0123924231196106,372000
217,24260855,0.025,-1.8886398268009439,4.401916318282995,-28.172006604938478,1.2616704759593158,1.0478116627776755,3.2580108563559973,372000
217,20260818,0.0125,-1.8597383602152162,4.344923296081163,-27.780133291777585,1.1868036796506787,0.9149663763491636,3.2198921580151456,372000
217,21260821,0.0125,-1.86037593811588,4.304475464973004,-27.41808938375936,1.1928144525156057,1.0568763031004416,3.160540063503008,372000
217,22260823,0.0125,-1.8547737333856429,4.336009165132502,-27.629052200669335,1.2823582411648073,1.0386623777858264,3.069473958262353,372000
217,23260837,0.0125,-1.8526522339119025,4.335274759456496,-27.728268628083065,1.2111512919402576,0.9617369638976436,3.0125579039588573,372000
217,24260855,0.0125,-1.8631686598655612,4.362744042842093,-27.561140772751248,1.2732497726735912,1.0334047339604804,3.276931808368382,372000
218,20260818,0.05,-2.2503088037852836,4.523199349904654,-28.54053708715819,1.2691782746868654,-1.460066804498551,6.649854350286831,372000
218,21260821,0.05,-2.230193317399574,4.5432633202778145,-29.02782105604607,1.2800506398233582,-1.3997853597637697,6.572874730463539,372000
218,22260823,0.05,-2.22883821098407,4.56547743515178,-28.70565281258213,1.3021993896232325,-1.3661571420745127,6.618665593905825,372000
218,23260837,0.05,-2.238028018382301,4.58930599654781,-29.368666566194722,1.3312046860158244,-1.4140737578169722,6.598389361970243,372000
218,24260855,0.05,-2.234413377745484,4.5244603273228305,-28.779934532070982,1.2334423810536714,-1.408474917960086,6.568871848772014,372000
218,20260818,0.025,-2.230187958340962,4.387538588975807,-27.93140963424894,1.264122378425333,-1.4600319325921043,6.6257420269093,372000
218,21260821,0.025,-2.240370543217527,4.403014905902367,-27.80458346884424,1.2322650608742591,-1.3849016081453254,6.585077235274166,372000
218,22260823,0.025,-2.232561737748295,4.378418777352303,-28.048867155714852,1.2935128418088355,-1.3701434005949804,6.687252385267164,372000
218,23260837,0.025,-2.2285260657889756,4.417784701607995,-28.148068309442063,1.2682728230409328,-1.400569765368781,6.591766038293218,372000
218,24260855,0.025,-2.223155736681687,4.370920771669772,-27.674329551196944,1.2418111139015813,-1.3403639937663556,6.63234429633339,372000
218,20260818,0.0125,-2.224368220274295,4.299143705046997,-26.930359545254916,1.263512772842738,-1.4089757914320684,6.5675498708138464,372000
218,21260821,0.0125,-2.2261423710296113,4.299365917678316,-27.27124686890974,1.2302511347470666,-1.3993016977840997,6.657380764907328,372000
218,22260823,0.0125,-2.220227975064429,4.285948893694074,-27.271440709427733,1.3032561994772094,-1.3482769212128078,6.654038826495473,372000
218,23260837,0.0125,-2.2393674078962316,4.337304019616485,-27.699822028145935,1.2758129117146315,-1.488894295673037,6.759301295964354,372000
218,24260855,0.0125,-2.238980061397047,4.305328951386155,-27.171271873221038,1.2394824177489265,-1.3467092610272746,6.70621970074374,372000
219,20260818,0.05,-2.109005804595588,4.566517305197951,-29.26933596419366,1.245950360975748,1.1169475269080422,3.909220552361752,372000
219,21260821,0.05,-2.0881236166359685,4.540798550393009,-28.752855777550035,1.2907224848886976,1.1092447081975902,3.9129338318509204,372000
219,22260823,0.05,-2.103175507643747,4.6245378743645205,-29.327996602472254,1.3912161820475721,0.7706781501939067,4.07829769129503,372000
219,23260837,0.05,-2.09807232910353,4.575092851112298,-29.478789857588463,1.3114507738743146,0.9315122218438839,3.9229341217042446,372000
219,24260855,0.05,-2.0854698732131167,4.576352022908732,-29.084793548995002,1.28805601761927,1.1556335978643666,3.952097131066854,372000
219,20260818,0.025,-1.901567304972162,4.408374320671001,-28.18875184788696,1.2439614940306642,1.1309396152924034,3.909082483595398,372000
219,21260821,0.025,-1.8874055854620222,4.380447490271112,-27.44686632983058,1.2875104150640444,1.131265714772873,3.912961198852442,372000
219,22260823,0.025,-1.8964839634405977,4.39852513449271,-28.37380795975674,1.3032728724470426,0.7989834491935695,4.078217160733025,372000
219,23260837,0.025,-1.8923510050003107,4.395436056430781,-28.395741282796546,1.268440014671241,0.9507490721182881,3.928479574822784,372000
219,24260855,0.025,-1.890476294462854,4.405744456672102,-28.132659023807,1.2624199448786104,1.1726207934108757,3.952282184262042,372000
219,20260818,0.0125,-1.8662794896247679,4.3512907639965395,-27.879439902151827,1.2435551911687388,1.1484295964995195,3.909017938409248,372000
219,21260821,0.0125,-1.8597313583187127,4.272118336523584,-27.07472180849193,1.2869227829675567,1.1433190091002228,3.9132624117494195,372000
219,22260823,0.0125,-1.8506999167037388,4.360561771925704,-28.078702019892717,1.3012177111952006,0.8004765034385615,4.07818467925608,372000
219,23260837,0.0125,-1.860858974697452,4.339265115087289,-27.772526772410224,1.2846753733217577,0.9681509278208188,3.9286922194756992,372000
219,24260855,0.0125,-1.8605329695528403,4.331195761618974,-27.343855342590274,1.3352083141664355,1.1768715779269678,3.9523990096446755,372000
220,20260818,0.05,-2.101042860660134,4.5696457256781615,-29.195142313033532,1.2866497167201574,0.9026514515458928,3.6249993077414278,372000
220,21260821,0.05,-2.1063078109126736,4.56685120241938,-29.330891084918587,1.296501266270996,0.8728651922616819,3.6292559305689016,372000
220,22260823,0.05,-2.093747925176545,4.56345827772477,-29.170967708904513,1.2852755588767382,1.1006445930797144,3.590417104243825,372000
220,23260837,0.05,-2.0982170314534447,4.612561045674699,-29.204432140839334,1.297805270663031,0.7524305164404783,3.5185812586332754,372000
220,24260855,0.05,-2.104036206861339,4.557176265597648,-29.092429136469022,1.3185425286610126,1.0247065209258461,3.533848542699905,372000
220,20260818,0.025,-1.89651056360745,4.415640854414772,-28.311851990412645,1.293686008068294,0.9237894318223601,3.624855715665067,372000
220,21260821,0.025,-1.8929384966869722,4.420483306752222,-28.20824395401469,1.2835996160821321,0.8828669034907595,3.6282850303730054,372000
220,22260823,0.025,-1.8942534918219138,4.391742078166774,-27.99658141922881,1.269657203476628,1.1164699451010662,3.6111629294707988,372000
220,23260837,0.025,-1.91080109481468,4.413881941573698,-28.276205356822867,1.343872970328128,0.768491844447312,3.588726498898956,372000
220,24260855,0.025,-1.9182806537892048,4.386177538262353,-28.077833669508706,1.3220915113991787,1.0555332868686922,3.5337641281997634,372000
220,20260818,0.0125,-1.8616703264390593,4.341294350593569,-27.630358657565683,1.2870619701673445,0.9417676285560139,3.624806263217456,372000
220,21260821,0.0125,-1.8738489603168544,4.351970894161054,-27.727504095048253,1.3088766972464585,0.8905668954967088,3.628306128450199,372000
220,22260823,0.0125,-1.8544093028396145,4.320882797456195,-27.49033757160414,1.2987636602520243,1.1346174968599492,3.6258824682215995,372000
220,23260837,0.0125,-1.8695720273515892,4.320387800360269,-27.876499586878374,1.3394843742745273,0.7790897566941868,3.5885577705250205,372000
220,24260855,0.0125,-1.8580035968394801,4.3292810594814854,-27.32739652824741,1.2916854966887006,1.065842396919053,3.5338077211145307,372000
221,20260818,0.05,-2.117299632813924,4.551549008696983,-28.904799830183265,1.3532352096001359,1.2798453201731292,4.122259263634951,372000
221,21260821,0.05,-2.0975824937751057,4.546685602215174,-29.094681043481405,1.3487765859471839,1.0931586350884346,4.115795007584708,372000
221,22260823,0.05,-2.0961244530746512,4.593952715617445,-29.71684195009563,1.3377435266266302,0.7724853969564502,4.10691129571472,372000
221,23260837,0.05,-2.0974907301392856,4.562874971590687,-29.1657129913215,1.2784109862811275,1.0892002974456887,4.1123695981208,372000
221,24260855,0.05,-2.1169680443114585,4.588042901288516,-28.93673265002806,1.3425193890650324,0.9962537477968186,4.0467365415324155,372000
221,20260818,0.025,-1.8940429575196887,4.385145984861804,-27.76378557799994,1.331263946680919,1.2940760443266603,4.122133121499645,372000
221,21260821,0.025,-1.899002482830833,4.377017212948502,-27.691041514689065,1.2853360036388397,1.1206710893444078,4.115785583364169,372000
221,22260823,0.025,-1.888628627950463,4.41859994095154,-28.411424695152565,1.3318352148729686,0.7906930812326527,4.106790893275816,372000
221,23260837,0.025,-1.8869476745048384,4.405448739832668,-28.022642843454328,1.2537872181788683,1.1101513827496217,4.11048933283355,372000
221,24260855,0.025,-1.892452241628785,4.389860699916532,-27.84703973325272,1.3399681885509866,1.0072433892956645,4.047250863742512,372000
221,20260818,0.0125,-1.8603634766279826,4.324954212603198,-27.422558518285097,1.321866723423426,1.3029189743725458,4.122083264301293,372000
221,21260821,0.0125,-1.8607549848844989,4.307155802164235,-27.375782135357504,1.2853944618873105,1.138036592525212,4.115771585916496,372000
221,22260823,0.0125,-1.8658270852336378,4.362256928430214,-27.924518018079908,1.3267855530349595,0.8058737975200576,4.1067535414123215,372000
221,23260837,0.0125,-1.8610978737351762,4.316680944137278,-27.61510213523724,1.2550275072114294,1.119164749084243,4.110555586325031,372000
221,24260855,0.0125,-1.855383980687853,4.299083227669743,-27.36990565278426,1.3398102741965079,1.01317635607114,4.04703604821067,372000
222,20260818,0.05,-2.1208206437299797,4.614199542385967,-29.173644954016908,1.2492137166726374,0.5086233096322945,3.066067769840209,372000
222,21260821,0.05,-2.0955539004872623,4.560343799385678,-29.017928283493823,1.380562310190123,0.5153160125018797,3.297067198252051,372000
222,22260823,0.05,-2.1101256207636,4.576581246085864,-28.909124791228944,1.3113332185307855,0.5210001025931731,3.060663658606653,372000
222,23260837,0.05,-2.099178513006911,4.561461826948876,-29.060283872014725,1.307396511946444,0.5594170528023505,3.121790991226957,372000
222,24260855,0.05,-2.0934938727717367,4.61192191890949,-29.656196440503606,1.2759859706514556,0.5208132786697353,3.1077447188270377,372000
222,20260818,0.025,-1.9034924538560734,4.40906593476011,-28.23511396323856,1.297097871129423,0.5229694832734565,3.0765428836306032,372000
222,21260821,0.025,-1.891059764188662,4.406691162010143,-27.88239082350783,1.3158921274085633,0.5291665912969709,3.2970320902695573,372000
222,22260823,0.025,-1.894080794224079,4.385369933103661,-27.96394324754767,1.3238531524906887,0.5253927084021554,3.061800745819517,372000
222,23260837,0.025,-1.8868298285024994,4.39494078121429,-28.013216925148438,1.3139531863584566,0.568743452179356,3.1244077869912465,372000
222,24260855,0.025,-1.905110357327809,4.437310608089768,-28.461701423074032,1.3073732222984307,0.5372394149752077,3.111381005341211,372000
222,20260818,0.0125,-1.8786221653961788,4.3289450164494125,-27.54455349535543,1.2671519317780509,0.5302988039269553,3.077405394576626,372000
222,21260821,0.0125,-1.8559229509135604,4.334749246343224,-27.30336067294021,1.2891450655890444,0.5362438966937314,3.297142750743409,372000
222,22260823,0.0125,-1.8596113788757502,4.3239547138413705,-27.370755670858685,1.2640162961404198,0.5323049911773772,3.0660159272128844,372000
222,23260837,0.0125,-1.8573567530790969,4.324150632401928,-27.45098560351877,1.324274990424911,0.5738992584307071,3.133278746860353,372000
222,24260855,0.0125,-1.8693308245200377,4.363426580186404,-27.878368132097318,1.2514739604446334,0.5405933565884631,3.1163914944114537,372000
230,20260818,0.05,-2.1087200628245393,4.5405235422089545,-29.246558745263854,1.3100386348444524,-0.854980520213832,3.8981561815274386,372000
230,21260821,0.05,-2.1197742016772883,4.575376836104944,-29.267791113300976,1.280232896002981,-1.9095392353839415,3.946817705332071,372000
230,22260823,0.05,-2.088760717656597,4.578578791728091,-29.14111734852644,1.225860823932435,-0.9120331629131422,3.6664349772917832,372000
230,23260837,0.05,-2.104062738579889,4.502657776870391,-28.78553466123841,1.2153951052909906,-1.5880409593130513,3.334574769744787,372000
230,24260855,0.05,-2.1204675304772094,4.596834881183248,-29.656936902829756,1.2750606644807654,-1.4012505969725044,3.676478332933304,372000
230,20260818,0.025,-2.0112155783587586,4.382468257705244,-28.041382221227312,1.2521103703685887,-0.7987696638274357,3.8984769481575685,372000
230,21260821,0.025,-2.0024241246984897,4.38972936368678,-28.15478730628136,1.2505764476398473,-1.8720272671029894,3.9498824504369283,372000
230,22260823,0.025,-1.8885528131816125,4.423155411714403,-28.103424679975685,1.2144979560756979,-0.8548952904074119,3.6710001811885435,372000
230,23260837,0.025,-1.8935680459477586,4.371711683863608,-27.56469566743811,1.1999440045012497,-1.5228522509247875,3.3829769331088055,372000
230,24260855,0.025,-1.902957481730646,4.436480369316501,-28.76548386664924,1.3160470140129756,-1.3474257371079013,3.677216703398596,372000
230,20260818,0.0125,-2.0108082294400846,4.309612648764471,-27.605063151695433,1.2320491587180198,-0.7736585273889253,3.8987658183958867,372000
230,21260821,0.0125,-1.9973831115546365,4.319748692834158,-27.336292276460608,1.2225314784488308,-1.8526678490500463,3.952864812603459,372000
230,22260823,0.0125,-1.8613602295117821,4.336917835939838,-27.45457586251084,1.2119518598954657,-0.8274810814156285,3.6758485606533307,372000
230,23260837,0.0125,-1.8592203055438365,4.274410234045058,-27.08720362898411,1.2115633171585471,-1.4912204918251453,3.3851539096314363,372000
230,24260855,0.0125,-1.8636169781450769,4.345850511176177,-28.04649628780988,1.313890038133028,-1.3203016781418722,3.676732370804895,372000
231,20260818,0.05,-2.0919423641633133,4.563914513917135,-28.977979014106076,1.262814532087192,-1.1697926991331737,3.2867188368623013,372000
231,21260821,0.05,-2.094363117957874,4.557579504891023,-29.058116539268166,1.2753093444706312,-1.0028292410030601,3.5242746512455163,372000
231,22260823,0.05,-2.117465925721809,4.61864469401081,-29.3163380813142,1.2791210581742272,-0.951821124279321,3.7167530002011793,372000
231,23260837,0.05,-2.1089151185560224,4.552624969890049,-28.814122932282178,1.291332093667324,-1.4706336309249093,3.548582234828177,372000
231,24260855,0.05,-2.0841755741561085,4.4975446942198305,-28.55387147479702,1.298803354765596,-1.3512709171863657,3.769946447907132,372000
231,20260818,0.025,-1.8978082439111084,4.373268747374221,-28.01307806203263,1.2493381170051663,-1.1265124907411042,3.295894758335284,372000
231,21260821,0.025,-1.888034986899372,4.36258439698861,-27.9224198158902,1.25682840564541,-0.9628028984941569,3.5243492581332454,372000
231,22260823,0.025,-1.8913326590331065,4.4182316637588155,-28.44102056246712,1.240183575994893,-0.9272870334573328,3.725714486755756,372000
231,23260837,0.025,-1.8860357087930564,4.379324420256402,-27.945702215907847,1.2823924466785421,-1.4427945335845447,3.547094186250578,372000
231,24260855,0.025,-1.9723055057450494,4.356769888848898,-27.650070755539808,1.256554638421878,-1.3198541719179007,3.773650480285874,372000
231,20260818,0.0125,-1.8669923315810202,4.300571176808335,-27.327856875056654,1.2573250247156245,-1.1066098521097403,3.2998528590237552,372000
231,21260821,0.0125,-1.857033903116476,4.313410639377663,-27.545286794917594,1.2557541455942296,-0.9432056815925323,3.5244069206634236,372000
231,22260823,0.0125,-1.85935693886218,4.356718141646632,-27.76939250041192,1.3236576307820436,-0.9140810640665343,3.7303393496497947,372000
231,23260837,0.0125,-1.8647510857214724,4.286705703878548,-27.115337419841016,1.282048321505655,-1.428381133787605,3.5464875543864736,372000
231,24260855,0.0125,-1.9699374970111012,4.288772879647581,-26.910193411622192,1.2541433671307767,-1.301620716577342,3.775196226553758,372000
232,20260818,0.05,-2.092070581631276,4.547011533492075,-28.89303487732473,1.2806123333002446,0.525327674638697,6.025539756691994,372000
232,21260821,0.05,-2.1191726484167868,4.549121736319626,-28.87762414377315,1.2787994832235317,0.5323626345081554,6.008855926559689,372000
232,22260823,0.05,-2.0935754274410847,4.5005718451518755,-28.885877530030193,1.3356604098452323,0.5363365752275437,6.024467080105043,372000
232,23260837,0.05,-2.080826268972399,4.614192956083968,-29.47189312150706,1.2790128096199989,0.551908423467212,6.0264185256404215,372000
232,24260855,0.05,-2.0939536369558587,4.594958694655839,-29.26371971532364,1.346832234953468,0.527249779544027,6.003973584299758,372000
232,20260818,0.025,-2.0481016157977128,4.3468272195821545,-27.52341641684046,1.2787818408769078,0.5417254940648857,6.060426557716292,372000
232,21260821,0.025,-2.0387569060150232,4.343160183255362,-27.634933496625244,1.2696272296637465,0.5458053232669796,6.155119636980704,372000
232,22260823,0.025,-2.0422198776883977,4.323397257159051,-27.46635241571274,1.2872663806174438,0.5351560836655429,6.053631903749998,372000
232,23260837,0.025,-2.0586204572108686,4.412225414084293,-28.268684047473187,1.3126415201579393,0.521977120471872,5.979369542528518,372000
232,24260855,0.025,-2.047250963846052,4.428711663310109,-28.11091903675947,1.3201157810454671,0.531966030209282,6.11630382676928,372000
232,20260818,0.0125,-2.0482489501077588,4.28438637700915,-27.079219024807106,1.277389680666904,0.552475491212713,6.067786988337646,372000
232,21260821,0.0125,-2.048015073898471,4.28543035221132,-27.150359765414642,1.3184595029114468,0.5250336922327774,6.016227257444084,372000
232,22260823,0.0125,-2.042035142567333,4.290714036522597,-26.949611303184653,1.34032115445653,0.5228844804676099,5.970520134895906,372000
232,23260837,0.0125,-2.04438536645092,4.340403938798223,-28.09121433690103,1.2479536687420962,0.5377914612903918,6.046911955324804,372000
232,24260855,0.0125,-2.035388216300804,4.346457371120671,-27.711117496327677,1.3157993265567434,0.5623776046004472,6.014119647928449,372000
233,20260818,0.05,-2.1011058564515475,4.576688033071046,-29.227120593618444,1.293441094378949,1.210399949017634,5.559036195155593,372000
233,21260821,0.05,-2.0982557619954583,4.616458710890885,-29.195267152212125,1.363420584087429,0.9016265090944214,5.619050461087198,372000
233,22260823,0.05,-2.0727919561174617,4.55910603500936,-29.268394875539048,1.2999872456868922,1.063000275410656,5.619567532625818,372000
233,23260837,0.05,-2.1071912274733693,4.594126125892415,-29.51098796530158,1.2547060780399062,0.8679206694762903,5.536161043306154,372000
233,24260855,0.05,-2.0872912714835987,4.556653714880693,-29.088154207946673,1.2770235445088487,0.7769331685090671,5.530610844000246,372000
233,20260818,0.025,-1.8868764384298937,4.381070950965867,-28.191407373343427,1.2540626065928173,1.2326402697720453,5.511696911384259,372000
233,21260821,0.025,-1.8919065930108012,4.384893128960911,-28.264359722833582,1.3334613794445527,0.9175161938795182,5.532347904119371,372000
233,22260823,0.025,-1.9026071679671055,4.3882649997606515,-28.257102965433198,1.2959864135893728,1.0799887089609106,5.546485874449512,372000
233,23260837,0.025,-1.9040399369815935,4.417032526150175,-28.325083138229115,1.3175039095478978,0.8920100364583652,5.5614524334829385,372000
233,24260855,0.025,-1.8913364802627628,4.382342865147539,-27.82588582137246,1.2721199250637334,0.7914390327639477,5.480006106243083,372000
233,20260818,0.0125,-1.85861854314877,4.310613352613562,-27.34554348374035,1.2768030726339747,1.237802499383651,5.51680124834852,372000
233,21260821,0.0125,-1.8563319925736157,4.35364756226192,-27.78861283012785,1.2835304341659206,0.9227477989825834,5.550531455207481,372000
233,22260823,0.0125,-1.862500567062995,4.3007510277282766,-27.946377246597113,1.2957610336648153,1.0893600598793303,5.5658374245872775,372000
233,23260837,0.0125,-1.8656598883869158,4.365954819513885,-27.80621477821198,1.2732784743976007,0.899306683351897,5.585779476478523,372000
233,24260855,0.0125,-1.860183208297278,4.3047075203636025,-27.692267479839742,1.2714161664864028,0.8003162312183575,5.578965406310849,372000
234,20260818,0.05,-1.7184463869748605,2.133323180918886,-13.481776355442808,0.8444834321582042,-0.14490954303469525,0.80431536694295,372000
234,21260821,0.05,-1.7479288760893161,2.1438673470571636,-14.188136390616457,0.9663504658503761,-0.13280944484807475,0.8555529871576727,372000
234,22260823,0.05,-1.6871084542242945,2.15794307516678,-13.033853818807573,0.8793178183090213,-0.15281283679820895,0.8044929440175037,372000
234,23260837,0.05,-1.6847644202922543,2.162999671470749,-12.976113171498062,0.8624104101446928,-0.12924949449608392,0.800599210380221,372000
234,24260855,0.05,-1.6939974657078885,2.142857592189433,-13.183185827199761,0.8455696429498131,-0.16353033917528698,0.833094587799309,372000
234,20260818,0.025,-1.7267124621027123,2.0624349715215513,-13.572332248761466,0.8898752390374571,-0.1367853184221166,0.8542773072824505,372000
234,21260821,0.025,-1.7177911743571972,2.057656316901545,-13.533790860642554,0.8669437957838618,-0.12543245720542454,0.9097334625471947,372000
234,22260823,0.025,-1.7275237039099964,2.074919708335411,-13.733059889925189,0.8729724241786253,-0.14407434688835738,0.8878987947210097,372000
234,23260837,0.025,-1.6867601571432405,2.080839941364736,-13.152520600381862,0.8585690447971888,-0.1412744972050646,0.8870677226595777,372000
234,24260855,0.025,-1.7070981689227671,2.093287942339681,-13.27351037120264,0.8955248717280265,-0.14808066774274284,0.9055272056756102,372000
234,20260818,0.0125,-1.7223030328187263,2.040247344698743,-13.53299199282801,0.8570555860295931,-0.13669465913002404,0.8907750164798588,372000
234,21260821,0.0125,-1.7476989722215708,2.0375888947330885,-14.00443036498449,0.9138207990128596,-0.12421774719181033,0.9064002528264206,372000
234,22260823,0.0125,-1.708079565909692,2.0431690016434887,-13.438552979810723,0.8601364798141574,-0.12810543670564964,0.955761077024561,372000
234,23260837,0.0125,-1.6931001185759778,2.057219341145511,-13.519083172750776,0.8668636777367607,-0.11783914001214478,0.9462556154833326,372000
234,24260855,0.0125,-1.723611580872623,2.039222466948833,-13.644651091780304,0.8687646190554761,-0.1527964859429308,0.8724996614993665,372000
235,20260818,0.05,-1.6829596950890788,3.3009283805233514,-17.842117231841364,1.1972479303105676,-0.1331037159030891,2.263151351058396,372000
235,21260821,0.05,-1.6840852932497923,3.3338510948398783,-17.778862190305077,1.2656621643834178,-0.12612554203713827,2.277236894939001,372000
235,22260823,0.05,-1.6830914653035893,3.296579938839338,-18.12079328095247,1.28524517905313,-0.11849412094455031,2.268510177217305,372000
235,23260837,0.05,-1.6866629308428076,3.320066127429596,-17.967034884002008,1.3008254904357028,-0.14870834233771812,2.282089945565267,372000
235,24260855,0.05,-1.7014958974812544,3.2960866270539673,-17.96844418845722,1.2692972847854374,-0.15140615478267955,2.3366344320533745,372000
235,20260818,0.025,-1.6150447876141807,3.217729523906171,-16.972794145767818,1.2111909374179344,-0.1395233880149108,2.3298117328392425,372000
235,21260821,0.025,-1.6239004891953923,3.2195166270921196,-16.939236355623265,1.2632287289265713,-0.10292066648605425,2.330441763069921,372000
235,22260823,0.025,-1.609620619794217,3.177099199499383,-16.74453533190553,1.2535281085371293,-0.10738578756685832,2.2388735279694068,372000
235,23260837,0.025,-1.6119939755579724,3.234345092546399,-16.79137469636992,1.2981899498483171,-0.13957109323926264,2.2703898455394236,372000
235,24260855,0.025,-1.605219802570298,3.1873925892904658,-16.665808286916004,1.269834017806035,-0.13502059578297582,2.327101124215759,372000
235,20260818,0.0125,-1.5806015555876431,3.1370986550920676,-16.46297245382667,1.19743942157303,-0.128106679555493,2.2252168132987173,372000
235,21260821,0.0125,-1.5921722934707467,3.1120876403828808,-16.452636300370965,1.275744294009634,-0.1123041343262866,2.2738121740270896,372000
235,22260823,0.0125,-1.5982270352146497,3.133850743995312,-16.304619607708336,1.2896643184422596,-0.1004921644629057,2.2952003350172276,372000
235,23260837,0.0125,-1.5888448595677482,3.184651209238851,-16.322827231336106,1.2963251099698683,-0.12927046079406582,2.2744498025844897,372000
235,24260855,0.0125,-1.5815003931852354,3.156370450900593,-16.10914736342792,1.2708284178374798,-0.1201878779679127,2.320477553110634,372000
243,20260818,0.05,-1.3497655050920438,2.181344103310988,-8.72990260915325,0.934644786111211,-0.14773402890932041,1.9876624563364966,372000
243,21260821,0.05,-1.3985667935318495,2.1684527521596233,-8.786089542949679,0.9441782516293732,-0.1431683487313809,2.0062928788359984,372000
243,22260823,0.05,-1.3679642945769162,2.2082552856261652,-8.814314251816844,0.9544733323311395,-0.13394095753579757,2.007877856629939,372000
243,23260837,0.05,-1.3555249449416071,2.1946573651276866,-8.782064341834108,1.0035959362843687,-0.1353961657707046,2.0214754669971304,372000
243,24260855,0.05,-1.3370354012330243,2.178814726363465,-8.77337083843894,0.9713542204799017,-0.14791850586710803,2.018753785804946,372000
243,20260818,0.025,-1.3251900858044374,2.107913696435795,-8.277191928261546,0.9558780355150157,-0.13793990154203095,2.031633317756322,372000
243,21260821,0.025,-1.330482231346681,2.099355655033133,-7.951440910598408,0.9562648627301464,-0.13241597598740806,1.9950274202633698,372000
243,22260823,0.025,-1.3275540712626268,2.126959164370102,-8.133646557444779,0.9816079373647457,-0.11963087829091329,1.989180465598408,372000
243,23260837,0.025,-1.348750326442383,2.0851523287193006,-7.998418099662053,0.9202925231517955,-0.1353145376406719,2.1094145321093674,372000
243,24260855,0.025,-1.347599610241713,2.095402546865815,-7.914950662977328,0.9860733727064327,-0.10796251956027886,1.998135990716585,372000
243,20260818,0.0125,-1.3062454986605074,2.0387733843670373,-7.873659332520398,0.9389088327922578,-0.1357193769033908,2.0456649609878306,372000
243,21260821,0.0125,-1.337382632124433,2.0541838582274528,-7.835214173739055,0.9249058768543887,-0.12956085279880314,2.102419003017008,372000
243,22260823,0.0125,-1.270113362104331,2.0881815295028057,-7.571155532421193,1.0029234680399195,-0.1313063034328872,2.1200083570371833,372000
243,23260837,0.0125,-1.3202078932311918,2.017447104062846,-7.768065436811401,1.0025223064954034,-0.1269153154772007,2.093372611956985,372000
243,24260855,0.0125,-1.3019460222235035,2.0461134299973813,-7.7078370768383575,0.9584773823116879,-0.09563392837398337,2.1741402562805443,372000
244,20260818,0.05,-2.2798309835791253,2.083801145085377,-24.459825439842067,1.055629688001817,-1.73523728666854,6.535045312283791,372000
244,21260821,0.05,-2.276966115965441,2.125969947279234,-23.854228614996046,0.9999403092076796,-1.729819731148458,6.5045168220463845,372000
244,22260823,0.05,-2.2847548538381597,2.0478854393586334,-24.21878752931738,1.0051226746724444,-1.706579056210242,6.647053539882577,372000
244,23260837,0.05,-2.2728967435271152,2.1024617714408014,-24.191841364470296,0.9727544098121164,-1.68213256273793,6.587077500431466,372000
244,24260855,0.05,-2.2702345599754286,2.16700893174904,-23.96223210002697,0.9948290332264041,-1.6895391636513621,6.661301423072469,372000
244,20260818,0.025,-2.2561923455470674,2.021962690047564,-23.838002663143726,0.8833032805355054,-1.647723900809625,6.714864215615534,372000
244,21260821,0.025,-2.2695978497110545,2.0758426246452766,-24.23190440805931,0.9100308518031486,-1.6581087819726623,6.604304398510889,372000
244,22260823,0.025,-2.2617935521879677,2.0462728932627154,-23.94949367687247,0.9734630716517129,-1.6369114907215618,6.629443898452791,372000
244,23260837,0.025,-2.2624547622579096,2.068424782034346,-23.786930887977828,0.9768293689431486,-1.6325405238959585,6.6018394439592525,372000
244,24260855,0.025,-2.2758644557019734,2.050338040344345,-24.27258734901683,0.9018542477407945,-1.6564293691264427,6.5936689276310005,372000
244,20260818,0.0125,-2.259683682980263,1.9908012365030987,-23.807660292737513,0.8367798965821552,-1.6041443805279436,6.610967987173035,372000
244,21260821,0.0125,-2.2537421437049936,1.9989971391617491,-23.859410103673945,0.938836412373802,-1.6347310336442449,6.610164853816573,372000
244,22260823,0.0125,-2.256915467691551,1.9822835360651523,-23.93262601675418,0.9050861546935274,-1.6190085089827788,6.670386281259088,372000
244,23260837,0.0125,-2.264369039204209,2.0111549410598455,-24.211845276364663,0.9969422841292602,-1.6595548776503597,6.643866320587476,372000
244,24260855,0.0125,-2.2511640979159897,1.9927941912695437,-23.7993844164644,0.8457311109927232,-1.6841315379914024,6.6726971931436605,372000
245,20260818,0.05,-1.5736201578672724,2.9632884132367896,-15.767276911768558,1.2670019922576514,-0.12062090912300762,3.21373595060373,372000
245,21260821,0.05,-1.5923350360455273,2.9996473752289465,-15.605782881935072,1.2293646331381467,-0.1599947578665994,3.273800785569796,372000
245,22260823,0.05,-1.5893279584693132,2.9826906846462538,-15.480870825499222,1.2081074848817277,-0.13375992259504751,3.3667542809314166,372000
245,23260837,0.05,-1.5478811795235592,2.8717655419657997,-14.91763646045494,1.221939001116517,-0.1321607284730717,3.2619470445726155,372000
245,24260855,0.05,-1.562513065964404,2.9400429564191217,-15.64901126494582,1.2810370225855316,-0.15442402163942842,3.3403736969624087,372000
245,20260818,0.025,-1.5296297128158078,2.8119374282450775,-14.232585592960346,1.266891705407746,-0.11379794068847521,3.2135975057126496,372000
245,21260821,0.025,-1.554638894974037,2.8253560105152307,-14.768197965896315,1.1641897574001796,-0.1669520283887469,3.274242109663316,372000
245,22260823,0.025,-1.5337678449762275,2.785750450206693,-14.976514058971846,1.2067795938771824,-0.14074033681105003,3.3665940171551894,372000
245,23260837,0.025,-1.5397052807379923,2.854758645362685,-14.689606575582388,1.2154308508454272,-0.12374515363546566,3.261829683695337,372000
245,24260855,0.025,-1.5159737394423973,2.8074756927678846,-14.35122689094774,1.2836975815795695,-0.15338596998495704,3.340267887665434,372000
245,20260818,0.0125,-1.4928945140066867,2.770166679554947,-13.917740206517848,1.2653488684961474,-0.1100340950164183,3.2135634017282317,372000
245,21260821,0.0125,-1.5295998691702235,2.734597002467177,-14.287946526872215,1.1689137182766356,-0.16132655859982442,3.2744953530430116,372000
245,22260823,0.0125,-1.5061351817905708,2.6917457566772867,-14.613378271698195,1.2057106648043334,-0.14166608512952764,3.366540829168311,372000
245,23260837,0.0125,-1.5150779546303796,2.822259708198087,-13.591947223466047,1.2574551409496244,-0.11293700583709958,3.261771126449766,372000
245,24260855,0.0125,-1.5186717903324192,2.803450025307236,-13.838183333099817,1.2619064691037152,-0.15133324335818743,3.3402205160608016,372000
246,20260818,0.05,-1.8224784007948105,3.7668268941137484,-22.15882361720116,1.2932794510637804,-0.15905754441876765,3.24484931942489,372000
246,21260821,0.05,-1.905159159065233,3.7290677985789844,-23.11068276748616,1.2799495451536582,-0.1115595427068326,3.1629892605488257,372000
246,22260823,0.05,-1.7889745524537877,3.6510047951755285,-22.9753590668216,1.2516709214407284,-0.1690065216947697,3.2858933786152127,372000
246,23260837,0.05,-1.861932743061266,3.7113778051673547,-21.930158795590938,1.2506517177310075,-0.1395999280961504,3.1254652132844734,372000
246,24260855,0.05,-1.808595180614929,3.6809073892946507,-23.08227389883797,1.331083788224616,-0.11223004577354229,3.099271217305405,372000
246,20260818,0.025,-1.7118860541359795,3.609892771768702,-20.946770816385865,1.293280005069148,-0.1416834733710842,3.244634390317141,372000
246,21260821,0.025,-1.721641718603074,3.4915652024957655,-22.05478002238462,1.2789013559942617,-0.11896447757804289,3.1628682390759746,372000
246,22260823,0.025,-1.7424850811321846,3.4680715090578316,-20.674408270190668,1.2672548827827408,-0.1517634449249454,3.2857743005988915,372000
246,23260837,0.025,-1.7517669044305042,3.65668985898316,-21.473732573090327,1.2528167389464078,-0.13754297720248668,3.1254092613497306,372000
246,24260855,0.025,-1.7474958225335426,3.543313799940833,-22.007639891376325,1.3280263358835698,-0.11033560304890538,3.0991023105165056,372000
246,20260818,0.0125,-1.6735628210178282,3.602087512292873,-19.97873784021612,1.2918013456583703,-0.14335121204233123,3.2445766019345945,372000
246,21260821,0.0125,-1.7038574763067171,3.435170417331976,-21.338740843353044,1.2788373490906189,-0.10265408705879961,3.1628268265678305,372000
246,22260823,0.0125,-1.7129578732666828,3.429741764790222,-20.7693423737395,1.2387779841070294,-0.15859043634632708,3.28572420591888,372000
246,23260837,0.0125,-1.7244989270740405,3.6252041430462585,-21.257101677241703,1.3014555210061134,-0.14388651469923897,3.125356351595147,372000
246,24260855,0.0125,-1.7172098803599363,3.491947193190795,-21.4028404657832,1.3250890867087204,-0.10686105699671983,3.099055349905357,372000
247,20260818,0.05,-1.7613508870395693,2.380321472437791,-14.314434135912487,1.2100974921316934,-0.13977602337647801,2.8155748848537923,372000
247,21260821,0.05,-1.7038115986857374,2.4418851783686075,-13.018193883798782,1.0570801199729976,-0.12717888962536958,2.560892721930648,372000
247,22260823,0.05,-1.7403745790727272,2.4891565840653462,-13.850086685072954,1.0916507543941012,-0.1357130836585599,2.6767870944111833,372000
247,23260837,0.05,-1.828920154022067,2.4580259865187175,-15.169838472196785,1.1610944586758916,-0.1478217270012487,2.6733127393424274,372000
247,24260855,0.05,-1.76128278807357,2.3437210083555176,-14.068712719327063,1.0933320408800815,-0.10600535925341602,2.746194770825782,372000
247,20260818,0.025,-1.7577484490002067,2.217225145885613,-14.315055127119622,1.1891823146275242,-0.13453912477744906,2.815392569417707,372000
247,21260821,0.025,-1.7043646586541257,2.2598682540762485,-13.017264560920502,1.075617285965182,-0.12153307493838807,2.5607242044072684,372000
247,22260823,0.025,-1.7435843726650346,2.3701952667539286,-13.976873640471124,1.087886186919913,-0.12272254156720781,2.6766078081947526,372000
247,23260837,0.025,-1.8091481526274393,2.186181758441474,-15.115604561721259,1.1420338865324238,-0.13522942289747047,2.6731618137682918,372000
247,24260855,0.025,-1.7523435484409176,2.2981397587984054,-14.068940660316569,1.0897872341066681,-0.10266553936780096,2.746114696575857,372000
247,20260818,0.0125,-1.7556135616011468,2.1251361497439563,-14.315880676702085,1.1840860733190943,-0.12687450904974434,2.8153429988283873,372000
247,21260821,0.0125,-1.7014230874881346,2.2292064968447876,-13.016350796025405,1.0812695785529547,-0.11021282393412614,2.560690826092421,372000
247,22260823,0.0125,-1.7458529211155926,2.395500978708673,-14.065181314275424,1.069841918555573,-0.11629493346952086,2.6765476861880675,372000
247,23260837,0.0125,-1.8116314033391272,2.3783284921696652,-15.132110103483996,1.1148703799014257,-0.12422367962078237,2.6731095343196882,372000
247,24260855,0.0125,-1.7500590917984942,2.2711501226463753,-14.071289498507642,1.0936262011756468,-0.09477105061348583,2.746131457553971,372000
248,20260818,0.05,-1.85848746957349,3.894229447081762,-22.8575670243657,1.163944773598264,-0.20201306397630872,1.2486665856674608,372000
248,21260821,0.05,-1.885041512462114,3.894371318938224,-23.00485411353046,1.1622757377215145,-0.1421220234300131,1.2707473624046635,372000
248,22260823,0.05,-1.8690084036160763,3.9372330610940014,-22.90325566253368,1.1398328508487272,-0.11838859475576209,1.2306484311437593,372000
248,23260837,0.05,-1.8672918966435406,3.9041322995789387,-23.094253641481078,1.1348250932695756,-0.1433048407279977,1.2873880320392614,372000
248,24260855,0.05,-1.8820664090347337,3.8879893186731285,-22.91772155971458,1.2179498966147266,-0.12574335572059797,1.2627792425070363,372000
248,20260818,0.025,-1.741210656438957,3.768232589191521,-21.65815551054651,1.2580034904885955,-0.18641157878549847,1.25629969402627,372000
248,21260821,0.025,-1.7554858421693824,3.7758195964242196,-21.792405020728363,1.137423544473447,-0.13517921259518959,1.2997340618444442,372000
248,22260823,0.025,-1.7505351441534251,3.782616776243588,-21.866398796889776,1.1210543274852482,-0.12465848807817802,1.2424543237067032,372000
248,23260837,0.025,-1.7543062344385438,3.8093968639536335,-21.785169476191363,1.2270663255499474,-0.13475523227954062,1.299492082699659,372000
248,24260855,0.025,-1.7497289822460216,3.7800250863615763,-21.759294158614253,1.2122588915918209,-0.11886414880561036,1.2815298816982046,372000
248,20260818,0.0125,-1.715646069137083,3.7191626030272666,-21.350329183549558,1.256963419067013,-0.1684940254209084,1.2528688562505188,372000
248,21260821,0.0125,-1.7245217444438312,3.705037648333956,-21.152721040547483,1.1342578726576062,-0.14588139011560064,1.3183334110778238,372000
248,22260823,0.0125,-1.7183830411681436,3.7208722444172264,-21.361263355380352,1.1261179534774342,-0.11759852093773941,1.2459757405770346,372000
248,23260837,0.0125,-1.726338631807697,3.7200122346891424,-21.403725460087216,1.22556927446935,-0.11742316572658325,1.3027338792704346,372000
248,24260855,0.0125,-1.7179628783298355,3.6983871498305505,-21.201966773403907,1.208809025561961,-0.10226620288468907,1.2799074174532468,372000
256,20260818,0.05,-1.8395551580252956,2.7190975807237345,-15.398993834939278,0.9935907636618223,-1.1923516415619757,2.129859823274322,372000
256,21260821,0.05,-1.8947617045608707,2.634793508045582,-15.90748827345074,0.9372862271111181,-0.7244073068268774,2.1781475628458233,372000
256,22260823,0.05,-1.941196690780345,2.7058272519487807,-17.44857508517277,0.9146089263987984,-1.1240621891503781,2.506975700651194,372000
256,23260837,0.05,-2.0731700224891223,2.7302532842256637,-19.951865087618298,0.9877729698203501,-1.424394502357667,3.243586458914757,372000
256,24260855,0.05,-1.8491708314967827,2.627044091787923,-15.806646444724654,0.9877235401254598,-0.7145203802302953,2.068560853912495,372000
256,20260818,0.025,-1.839344789807665,2.609400121515462,-15.45140091636064,0.9402711077185983,-1.1435852803448032,2.1400481142446046,372000
256,21260821,0.025,-1.8711762486474814,2.5302062824000835,-15.93366030004151,0.9514364065751582,-0.6844303024432061,2.189047742318856,372000
256,22260823,0.025,-1.9367168232288912,2.575413252034035,-17.514593109799883,0.9884136232236896,-1.0881504912806246,2.5117395872968844,372000
256,23260837,0.025,-2.0693016289879465,2.6421900246496834,-19.96953393028395,0.9545830294538366,-1.3721721949219536,3.2509448410581365,372000
256,24260855,0.025,-1.849941642239862,2.5008942381536845,-15.932383859168363,1.0499263292834513,-0.6766605436041914,2.092615126778297,372000
256,20260818,0.0125,-1.840610526821771,2.568570248224992,-15.499600724277611,0.9698825830294407,-1.1200215894179841,2.1494426356585925,372000
256,21260821,0.0125,-1.8692984241361408,2.5017420626163775,-15.945415791396579,0.963665884471228,-0.663762302706174,2.194142078056287,372000
256,22260823,0.0125,-1.9351575982801703,2.572006588825903,-17.58061539028965,0.9881237043906619,-1.0712346658901317,2.513350440179113,372000
256,23260837,0.0125,-2.061809724799166,2.6025981216405705,-19.995787482568524,1.0580897085677035,-1.3426533347485565,3.257809990552949,372000
256,24260855,0.0125,-1.8554187252967291,2.465357168070829,-16.056641426576757,0.9410559864362879,-0.6660798418184,2.1176014036207502,372000
257,20260818,0.05,-1.8088550315276828,2.941460696333673,-15.24724566962791,1.036643396189226,-0.9791527527233288,2.4958970323209253,372000
257,21260821,0.05,-1.7657009503763597,2.93446850912598,-14.582625401773187,1.0416330849766477,-0.979157090244379,2.4241531582789726,372000
257,22260823,0.05,-1.722341285617139,2.8955762564008327,-14.19860415990763,1.0554567091483327,-0.7993650454956296,2.3154049465459763,372000
257,23260837,0.05,-1.8239620067987745,2.8503655648310358,-15.168529616930181,1.0354111011313853,-0.7560029926675333,2.8511102022786687,372000
257,24260855,0.05,-1.7328813844634305,3.0465062214482286,-16.044375230042526,1.0508604040953993,-2.040945524328501,1.9847777093077337,372000
257,20260818,0.025,-1.8108583055220189,2.8372760091807323,-15.25246560506028,1.0278399039423523,-0.9379096528749734,2.516996767226957,372000
257,21260821,0.025,-1.7571245144424845,2.814290635368589,-14.170971671057828,0.9869510356035202,-0.9555843960901345,2.441325310470403,372000
257,22260823,0.025,-1.7308500943552316,2.759692315920743,-13.558399007292246,1.0635228923228894,-0.7791912597791201,2.3440884453647146,372000
257,23260837,0.025,-1.8068169275783044,2.773092929421075,-15.185633035170326,1.0506241139443344,-0.7194486652639561,2.8543130378806802,372000
257,24260855,0.025,-1.7277366082777255,2.985347688883557,-15.241146227828963,1.0429162050439025,-2.002637460890939,1.9879520552498025,372000
257,20260818,0.0125,-1.8054316832930177,2.791466000419201,-15.252677199081193,1.0606554405533677,-0.9172484979474608,2.5239601223240595,372000
257,21260821,0.0125,-1.7594048305656598,2.771208070472137,-14.174387788199368,1.0133201390867548,-0.944420856534736,2.4493966317191904,372000
257,22260823,0.0125,-1.7329368738044184,2.6827559502907725,-13.617969207115003,1.0621215927623202,-0.7684879345540739,2.3570163234304355,372000
257,23260837,0.0125,-1.8039443974855156,2.703599516466141,-15.195323091638473,1.0252839039784218,-0.7004157883543536,2.8565533012448885,372000
257,24260855,0.0125,-1.7270679518326406,2.8842923878916213,-14.5552875907912,0.9937576421590855,-1.983335427731363,1.9926430910327595,372000
258,20260818,0.05,-2.0687645788608076,2.1201093836499956,-19.90140271064831,1.0748099403150269,-0.187173655727164,6.080468728109578,372000
258,21260821,0.05,-2.08788237454769,2.1300208483961933,-19.94233407055504,1.0428357009154139,-0.10228804044607259,6.071329049185095,372000
258,22260823,0.05,-2.0867454429786294,2.0823915892395966,-19.93082019530954,1.1365862014872499,-0.12771719367817774,6.097121000059799,372000
258,23260837,0.05,-2.076559742347867,2.1153768021956787,-20.06035429608505,1.0675808563920657,-0.14530585936074733,6.017778674672328,372000
258,24260855,0.05,-2.078469105638138,2.1462305260525762,-19.892926482090843,1.046908273847499,-0.16880461817932615,5.988898514805426,372000
258,20260818,0.025,-2.065410702405842,2.019180858956479,-20.218428347263746,1.0946820544207236,-0.18504371318874338,5.974815770917889,372000
258,21260821,0.025,-2.0746326930393897,2.037733127372593,-20.066716109694134,1.0601303734537437,-0.11033879168940781,6.028900764748876,372000
258,22260823,0.025,-2.081489546440183,2.04216312394924,-20.08311161122622,1.0262589973279665,-0.11028171033613654,6.007822135093363,372000
258,23260837,0.025,-2.0672908614404193,2.0797790344660965,-19.946824844839195,1.0459100936959993,-0.15345491823342286,5.949282442868924,372000
258,24260855,0.025,-2.0562208808068183,2.0759050882940184,-19.718869642235056,1.1301442089461502,-0.15105515360370741,5.948362254808644,372000
258,20260818,0.0125,-2.063068099463012,2.0063208379045294,-19.96527714382539,1.097429138069202,-0.1716079892150435,6.011906709736286,372000
258,21260821,0.0125,-2.0599453749733883,1.992924008948101,-19.698013385901387,1.073319477015804,-0.1091334890713881,5.995906292903409,372000
258,22260823,0.0125,-2.0849967892912464,2.044969909243439,-20.010618485856146,1.1198454748583062,-0.11502107241718933,6.04773181034567,372000
258,23260837,0.0125,-2.079857845102403,2.0240304459272194,-19.82547552511457,1.128629817398804,-0.14899654982276123,5.955853001090744,372000
258,24260855,0.0125,-2.062632952126546,2.0380889734847187,-19.666572875635882,1.1199983574582282,-0.1493200565500953,6.004498449532957,372000
259,20260818,0.05,-1.596663028368607,2.0800322714132524,-11.461306078883577,1.2054761850222608,-0.14203785506447947,5.545718122141367,372000
259,21260821,0.05,-1.5821467884160574,2.111696859582402,-11.362068457014995,1.2962782179927594,-0.14617731448833624,5.6239316232305585,372000
259,22260823,0.05,-1.6355547421532002,2.129078044927387,-12.261695620439879,1.25389336655756,-0.13272415121794046,5.611479694544058,372000
259,23260837,0.05,-1.5973755813270243,2.1570335140327095,-11.383147178592996,1.1654196876032914,-0.12732058008023103,5.559866302610105,372000
259,24260855,0.05,-1.5983259467358724,2.0647847909092683,-11.391384613113674,1.1833078090111866,-0.12528852065894383,5.507902931684195,372000
259,20260818,0.025,-1.6011328544991303,2.071859856800338,-11.545526296316307,1.3123162011256304,-0.12706901567798673,5.557572163618946,372000
259,21260821,0.025,-1.5951750006882108,2.02655011980888,-11.528690283791473,1.265909627158415,-0.1294221371051745,5.524387972410198,372000
259,22260823,0.025,-1.583054624097314,2.0261035857904695,-11.456377379506286,1.2081607080243746,-0.11619580396168414,5.569074237085036,372000
259,23260837,0.025,-1.584407699524947,2.0095720931303847,-11.411072929868498,1.2283506337468508,-0.11976575659181253,5.527874809365672,372000
259,24260855,0.025,-1.587721518927048,2.027124639825583,-11.202542985644591,1.2248520029027654,-0.12921580461318546,5.579589939323265,372000
259,20260818,0.0125,-1.6042238626477574,2.004110770723388,-11.508748560876167,1.1858396387263592,-0.1316286619913264,5.6073033807434385,372000
259,21260821,0.0125,-1.5770901518340388,2.0260618570774795,-11.583459799181073,1.2132100227388019,-0.13200977735582542,5.560211345247025,372000
259,22260823,0.0125,-1.6054658045909855,1.9936963091377413,-11.790806220711723,1.2003236735543459,-0.11578870820819617,5.574668985723989,372000
259,23260837,0.0125,-1.5736019866494928,2.0197793892955316,-11.177249003405734,1.2039001863619452,-0.11933284328954168,5.5651779859558,372000
259,24260855,0.0125,-1.586539829301663,2.0556168850200853,-11.318527286039204,1.1888640713439391,-0.11299834521586184,5.546983897845929,372000
494,20260818,0.05,-1.7780693539090295,2.261539398363538,-14.168526355304088,0.8182240843351751,-0.5305436866058055,0.9506325661315369,372000
494,21260821,0.05,-1.7964839712079606,2.2113966431474648,-14.993114357806695,0.7928425353505126,-0.570697009326569,0.8943849430131894,372000
494,22260823,0.05,-1.726666362293297,2.2544805218456996,-13.432167194069278,0.8544100967315799,-0.4805440314384318,0.9457007662628185,372000
494,23260837,0.05,-1.8494327893813574,2.2196167325654237,-15.654432814570331,0.8063432713719774,-0.5989376956234835,0.9550706679884952,372000
494,24260855,0.05,-1.8674052505836396,2.2156538740465175,-15.82477815033655,0.8772606810382281,-0.5340966166223401,0.9831050409575468,372000
494,20260818,0.025,-1.7863341378992668,2.150827973844025,-14.531213608314626,0.9603900178652666,-0.5187763205492794,0.9995097023427344,372000
494,21260821,0.025,-1.8021133888996714,2.1179825968514656,-14.98617931370446,0.8257775330495037,-0.5617044185432576,0.9338933853137548,372000
494,22260823,0.025,-1.7373570717834097,2.135902714879594,-13.913391549750685,0.9159683581075562,-0.4683289905935666,0.9905531239310232,372000
494,23260837,0.025,-1.8479225801949972,2.1668288481366655,-15.848904632031859,0.8628556368315485,-0.5887647340093267,0.9618612859257761,372000
494,24260855,0.025,-1.8642990026669426,2.1175654206563648,-15.815168293128094,0.8697949840204419,-0.5213858977384613,1.0023838980236215,372000
494,20260818,0.0125,-1.784021091611935,2.109197651301782,-14.550306080329078,0.8926813189933174,-0.5121636910691971,0.9671961872200755,372000
494,21260821,0.0125,-1.809084138760099,2.1153004696878037,-15.087239095071348,0.8547019742774047,-0.5557462064193173,1.0069526686767158,372000
494,22260823,0.0125,-1.7322566034257922,2.0652393211486344,-13.726165445326359,0.8857765170642475,-0.46235622095959167,0.9974481676863879,372000
494,23260837,0.0125,-1.8503521607241018,2.1333190088123524,-15.899998820787962,0.8521492816156001,-0.5853727494527549,1.0043706615820633,372000
494,24260855,0.0125,-1.8642385514017705,2.116585938380943,-15.876921398522915,0.8900582827000783,-0.5156972527637564,1.0244608298312357,372000
495,20260818,0.05,-1.7154063982910692,3.3095085178901824,-17.970155775856657,1.3258279334403231,-0.5171053873990263,2.3274165390601302,372000
495,21260821,0.05,-1.7057055718470233,3.357594219367836,-18.102246580797345,1.1984595692112903,-0.6477651991749905,2.2623048018169194,372000
495,22260823,0.05,-1.7529706407996113,3.320480345050987,-17.948259932053947,1.2534115366497973,-0.49783038653289446,2.307709408544212,372000
495,23260837,0.05,-1.818961463662078,3.3336720303696445,-17.88125470496253,1.2784894224342784,-0.5006932202190679,2.272074315986117,372000
495,24260855,0.05,-1.7578273226497287,3.315353943356483,-18.298408509676182,1.250072983543335,-0.593090209328203,2.35914378790975,372000
495,20260818,0.025,-1.710296661192769,3.215584252514126,-17.132103487528212,1.3235951087864992,-0.5076132914101109,2.321099375653023,372000
495,21260821,0.025,-1.684404112192886,3.1897391199085794,-16.84488493088239,1.2236407710075121,-0.6366487278031828,2.248603778416249,372000
495,22260823,0.025,-1.7375667525337304,3.2001584693871967,-16.792212581686073,1.2530416688105863,-0.4885730334738094,2.3013155510722396,372000
495,23260837,0.025,-1.8164747688440572,3.184220937483068,-16.654231258184275,1.2780759027793052,-0.4811103330691278,2.296158093236672,372000
495,24260855,0.025,-1.7446034982975773,3.231921577144637,-16.8417013028322,1.2471340007559342,-0.5837402552837696,2.3404463157944546,372000
495,20260818,0.0125,-1.7105966142348061,3.225197259877776,-16.28946575303978,1.3209266877957613,-0.5019271900148999,2.3142427566264243,372000
495,21260821,0.0125,-1.6964303848938307,3.13812886523864,-16.30364578360662,1.222226158648159,-0.6314861796467032,2.246424901308717,372000
495,22260823,0.0125,-1.7586887676387513,3.1586967989441423,-16.327044550890516,1.2525627098592016,-0.48373985530135366,2.2960236192180776,372000
495,23260837,0.0125,-1.798481779422244,3.152053938197614,-16.269600391740465,1.277410345162234,-0.4763986378830877,2.2438487895990296,372000
495,24260855,0.0125,-1.7345525358384288,3.1772495894610002,-16.356296184025044,1.245942165834621,-0.5802008671633897,2.3210365254748146,372000
503,20260818,0.05,-1.7952553637345172,2.2415186477004476,-14.748946354033105,0.8528382747379116,-0.4613975480654695,1.9762725581672997,372000
503,21260821,0.05,-1.7903041178467654,2.238797360639684,-14.743333289229925,0.9973743402402039,-0.49721102091121033,2.018275062127883,372000
503,22260823,0.05,-1.7637439668886148,2.2527148066895033,-14.40391845955198,0.887682331117918,-0.5235544630074459,1.9757253647015853,372000
503,23260837,0.05,-1.8014974257463447,2.2425422644476587,-14.736430595720979,0.9036585250438504,-0.44203987439459286,1.9196960002573449,372000
503,24260855,0.05,-1.8445695266307198,2.2892521481308234,-15.515100729917004,0.9370819382723204,-0.5186339390939244,1.9553504826789436,372000
503,20260818,0.025,-1.8034745581540226,2.1596078117511226,-15.03998632637441,0.8980691861786766,-0.4513647738864527,1.9849664240013865,372000
503,21260821,0.025,-1.7829939019323147,2.1681240671699933,-14.773678239783994,0.9125947315580739,-0.49013059541795984,2.083929666316963,372000
503,22260823,0.025,-1.7577563727663208,2.162010245668063,-14.253613683839449,0.8986597961318388,-0.5044691946929444,1.999607289669712,372000
503,23260837,0.025,-1.8236309928346222,2.1881207965807006,-15.13307589667536,0.9120741995242034,-0.4161775811513701,2.0092167725577896,372000
503,24260855,0.025,-1.8391563085441975,2.178353477281149,-15.645328900852338,0.8835438764313703,-0.5030125502384254,2.0199295821738783,372000
503,20260818,0.0125,-1.7913121270845453,2.151425213755537,-14.790980502299412,1.0241171723630913,-0.44850866070621465,2.0112087622540313,372000
503,21260821,0.0125,-1.7862980886291537,2.1529512303723735,-14.881514968953436,0.9146752395372282,-0.484531940107136,2.0452794675245665,372000
503,22260823,0.0125,-1.7559470543107265,2.13075198630421,-14.296265194022187,0.9216348213099359,-0.5000188818154916,2.0472935743622283,372000
503,23260837,0.0125,-1.8047207152260776,2.1005835898160385,-14.776123546732443,0.8844112000097447,-0.4121415851062903,2.094826194341863,372000
503,24260855,0.0125,-1.8416978256482774,2.141476876646607,-15.700903995249101,0.946858394238556,-0.4983051427966343,1.989085187566949,372000
504,20260818,0.05,-2.42023891032064,2.1992645346510793,-27.45301798247846,1.2056693163720205,-1.4520520952850728,6.567473391842141,372000
504,21260821,0.05,-2.4106858921244787,2.152694692414644,-27.31662456603667,1.1015747102062052,-1.3876623502282706,6.640041411351302,372000
504,22260823,0.05,-2.4152641110590913,2.175526696200514,-27.586847569606828,1.1851902068488311,-1.5242264120976863,6.652082710031286,372000
504,23260837,0.05,-2.415301376450372,2.1600305399440987,-27.67649683781804,1.2267042030732767,-1.3994081228670459,6.7501801301832,372000
504,24260855,0.05,-2.4108070361336695,2.163278595275502,-27.38371340960075,1.1732175969070926,-1.3677764548914535,6.554674629914996,372000
504,20260818,0.025,-2.390379393292077,2.117215746044023,-27.123513646812814,1.1570060449948028,-1.3705231749225457,6.568680754042815,372000
504,21260821,0.025,-2.398347435172846,2.0300560287888088,-27.35629331157919,1.1732950789524352,-1.407923216118566,6.604558570779587,372000
504,22260823,0.025,-2.399582652863752,2.0519903704292735,-27.34831958305131,1.222406179896214,-1.3462116513479765,6.642366566894727,372000
504,23260837,0.025,-2.4127945446190306,2.0830303088426394,-27.422956178311022,1.2012474085285172,-1.3599445380581558,6.694415148215323,372000
504,24260855,0.025,-2.407149848639593,2.1147015693897027,-27.413190085836515,1.1266278601412336,-1.3141162155937431,6.5653791936085515,372000
504,20260818,0.0125,-2.3969919459860436,2.0793510335336887,-27.4119652523966,1.1478068725517114,-1.379190076772459,6.7401655581663436,372000
504,21260821,0.0125,-2.4035385045103577,2.021626684078548,-27.545914988820847,1.1382114565224812,-1.3533634865653428,6.6334850418953675,372000
504,22260823,0.0125,-2.3946132549848236,2.0974518104466866,-27.23966531846246,1.192927087958809,-1.335879395769298,6.623429254442853,372000
504,23260837,0.0125,-2.4083369818043945,2.0574339500227596,-27.507863350933615,1.1715493520427112,-1.4118687031933361,6.736518694653863,372000
504,24260855,0.0125,-2.3978468111616134,2.0334168043672904,-27.57745587337047,1.1296062265336513,-1.4004815184201937,6.627503739281872,372000
505,20260818,0.05,-1.775097635598799,3.0218029716623205,-15.61479530170937,1.1862989016743395,-0.3534937196077624,3.5343191477010665,372000
505,21260821,0.05,-1.8023790109372426,3.070384412755746,-15.591206893345156,1.186815382233921,-0.4226535614980969,3.2089202726777364,372000
505,22260823,0.05,-1.7975115899766132,3.0007663466392174,-16.093569228604817,1.1797132200917064,-0.5282771475411476,3.3412664032589645,372000
505,23260837,0.05,-1.6932410373909372,2.9644572885073126,-15.710123813029098,1.1791314283332182,-0.5142819928118654,3.268277904712746,372000
505,24260855,0.05,-1.822135826782534,3.0139375643883066,-15.868711926595878,1.1863048037288202,-0.45216591844514475,3.3387194557108613,372000
505,20260818,0.025,-1.782665339219535,2.943283669199554,-14.66037081929035,1.248676655872751,-0.34802892808950603,3.5341494849390584,372000
505,21260821,0.025,-1.7959105354135327,2.9508278934225145,-14.734100259928297,1.183074800849953,-0.4134356122226074,3.209555056737917,372000
505,22260823,0.025,-1.8021284190298492,2.9354598927487303,-15.18112611636667,1.1800371862479708,-0.5102200694242093,3.3411393005762626,372000
505,23260837,0.025,-1.6639981291585135,2.9987440378367314,-14.211797895352275,1.244080169712613,-0.5008699123580317,3.2681643533373226,372000
505,24260855,0.025,-1.807933864707071,2.9091940559570357,-14.90842014881614,1.178675223383495,-0.42768864362620646,3.3385962821186186,372000
505,20260818,0.0125,-1.7130450544311235,2.87379295189576,-14.356247688272347,1.1574955563824476,-0.3400613496200903,3.5340873155635024,372000
505,21260821,0.0125,-1.8006557549415707,2.9499161656618975,-14.882800294355055,1.1706602937993231,-0.4099257612692501,3.2091340992887734,372000
505,22260823,0.0125,-1.8018220932033264,2.8686915445841654,-15.175546603760939,1.241461921032855,-0.5040380072252877,3.3410970498714074,372000
505,23260837,0.0125,-1.6758553883521508,2.9860193444731284,-13.70790202615789,1.1761349266355265,-0.49917968643044336,3.2681236588209623,372000
505,24260855,0.0125,-1.7980602104781678,2.8031752150725886,-14.766596723627543,1.2630920049953565,-0.4181911047547739,3.3385550705906972,372000
506,20260818,0.05,-1.8299566698743106,3.793498824709304,-22.679354224864934,1.3055783211124308,-0.5648316643115732,3.142712464765993,372000
506,21260821,0.05,-1.8601298815575777,3.792853715706008,-21.97594703683391,1.2673552575957943,-0.5294269050480402,3.1503474630593233,372000
506,22260823,0.05,-1.8221920117980965,3.760633385175608,-22.84263864369851,1.2707180497219046,-0.40749211496832477,3.1967802421069584,372000
506,23260837,0.05,-1.8473128965559382,3.7742836551790933,-22.834576549072146,1.23783401222046,-0.5543603255297246,3.098786738843221,372000
506,24260855,0.05,-1.8685311402831433,3.8446579720018375,-22.592023553067612,1.2372476380437947,-0.553135639383791,3.14258369576352,372000
506,20260818,0.025,-1.7585309035372476,3.6476788984332815,-21.273305902639382,1.2995882782590593,-0.5567038340192827,3.1425719608834397,372000
506,21260821,0.025,-1.7742624054387033,3.662102772529872,-21.075019785416508,1.2541061869417296,-0.5209957631806472,3.150221777275912,372000
506,22260823,0.025,-1.7997561400823823,3.769282190815623,-21.824234555780553,1.2421190117051715,-0.3988549038398998,3.196620136290648,372000
506,23260837,0.025,-1.7262561148490216,3.7616811351737827,-21.59637788971708,1.3014047541804041,-0.5440108922023692,3.0986560394018983,372000
506,24260855,0.025,-1.7792893141271358,3.682095549642059,-21.266382769233704,1.2297900595605293,-0.5439846326601675,3.1424729741141495,372000
506,20260818,0.0125,-1.7391796031618811,3.6589433463557213,-20.5333623977774,1.297109212513737,-0.5519788436968656,3.1425097971459386,372000
506,21260821,0.0125,-1.7772829212567112,3.6045747065969675,-20.48061285616348,1.2465958205929273,-0.5148430333449141,3.150182528443237,372000
506,22260823,0.0125,-1.802743583906127,3.717237622459639,-21.333991582989505,1.2407710980864897,-0.3933644222369873,3.1965614458083853,372000
506,23260837,0.0125,-1.7021431143655013,3.691848005060496,-20.83489796321856,1.2299230311616374,-0.5393904212223342,3.0986110566362517,372000
506,24260855,0.0125,-1.7919651116701685,3.601727486501063,-20.75260428118009,1.2374897859762573,-0.5369596734484479,3.1424045253832147,372000
507,20260818,0.05,-1.8293007537303518,2.3781061065332585,-15.338761430418346,0.9634190114670075,-0.47351294802450467,3.0167881117769144,372000
507,21260821,0.05,-1.8514480580590262,2.3948537057109767,-15.584659975591517,0.9880241413522135,-0.3724295034869912,3.0624735671778756,372000
507,22260823,0.05,-1.8008606879205316,2.3150063394088463,-14.91604929846811,1.0419522359820723,-0.6844034583781484,2.8664749831473477,372000
507,23260837,0.05,-1.8140554055966145,2.3622636589789643,-15.293726227758725,0.9897626232824261,-0.6791469552920815,2.703544190858788,372000
507,24260855,0.05,-1.8281508366745096,2.476306497545152,-15.285929817973248,1.0788949144915283,-0.5997200478563306,2.7587557395989326,372000
507,20260818,0.025,-1.8388711619864313,2.27741390917458,-15.5689736680636,0.96637645042869,-0.4690010597601029,3.0165998365014612,372000
507,21260821,0.025,-1.8436636918571392,2.322726634567009,-15.660977466154847,0.9922229296004834,-0.36020654691413806,3.06228379576371,372000
507,22260823,0.025,-1.8007725292200307,2.3313718195785498,-14.93408911757877,1.0440834278491031,-0.6691805414437019,2.8657688977428015,372000
507,23260837,0.025,-1.8099295751279967,2.3469905892653182,-15.16616491153446,1.0123261271630453,-0.6741083316513595,2.7033651148784346,372000
507,24260855,0.025,-1.8157779675022112,2.26871635427584,-15.299971161502665,1.012712763239679,-0.5899295817848446,2.7585862419537035,372000
507,20260818,0.0125,-1.8271950779857045,2.2743297026156015,-15.4016087513223,1.0004319962448731,-0.46543103044736844,3.0165365088997618,372000
507,21260821,0.0125,-1.8394614008480865,2.2757087800600337,-15.588460804703157,0.9960634128260203,-0.3564132251313146,3.062220668934933,372000
507,22260823,0.0125,-1.799173211930925,2.294050944331598,-15.04860355926273,1.1133891297618845,-0.66353237259329,2.8656335023287496,372000
507,23260837,0.0125,-1.7785430907911561,2.2524559352587623,-14.662546719721423,1.0042479803737845,-0.6688894534354585,2.703320965724057,372000
507,24260855,0.0125,-1.8181695726760951,2.3356267946780433,-15.408426754288236,1.0159812539147226,-0.5856240865777687,2.758523404367426,372000
508,20260818,0.05,-1.8860484597052105,3.9181964893330337,-22.956584470270265,1.1419264385641976,-0.4934859335585831,1.328487377754267,372000
508,21260821,0.05,-1.8741837769856584,3.9077953920403172,-22.967231340614614,1.1331072366876382,-0.609608012301125,1.3315858970268386,372000
508,22260823,0.05,-1.8678293495897245,3.9055738566972082,-22.866768214943907,1.1680567581399535,-0.47661541450857187,1.237982351433756,372000
508,23260837,0.05,-1.87526428051626,3.900007545969897,-22.95980124102028,1.144493016396089,-0.5683433232706822,1.2608147934611873,372000
508,24260855,0.05,-1.8876089943728904,3.904277553725368,-22.871015213905167,1.1148274726879837,-0.5286873448024325,1.263257571624575,372000
508,20260818,0.025,-1.749861026251202,3.780101901361948,-21.71818872455173,1.1650244993977192,-0.48474370303663705,1.2891717876370512,372000
508,21260821,0.025,-1.7891542897077755,3.761153926427924,-21.871937265323744,1.1333857713705828,-0.6004629855081969,1.3533560258905326,372000
508,22260823,0.025,-1.8391503142792254,3.7578617218392867,-21.779960293047047,1.1217609776337216,-0.46430627066924207,1.2224045471429092,372000
508,23260837,0.025,-1.8008863937729578,3.765715358748017,-21.93105275503207,1.1173669069936434,-0.5592197348379525,1.2580665007517873,372000
508,24260855,0.025,-1.7497053880337887,3.7748692651131734,-21.854570114438182,1.1245992385473984,-0.5187131475060917,1.272128358913688,372000
508,20260818,0.0125,-1.7406637505608111,3.6961439500474302,-21.42091584871223,1.1589260328364241,-0.4800706621678901,1.2914286452404502,372000
508,21260821,0.0125,-1.7828067549116047,3.6939373037116807,-21.278232257989384,1.0994409642995948,-0.5946181274937021,1.355683805737503,372000
508,22260823,0.0125,-1.8213061539851423,3.7184477766602937,-21.184745434661394,1.1325506409467585,-0.45967691158682067,1.2452791976611328,372000
508,23260837,0.0125,-1.8058654491857247,3.705411313275154,-21.174860456472476,1.1206417773858046,-0.5521591269460524,1.2856497156934108,372000
508,24260855,0.0125,-1.7472348932523454,3.70399594427793,-21.320215972086906,1.1335555269765516,-0.5135970882987138,1.2749588323895167,372000
516,20260818,0.05,-1.9486954392805065,2.601207498096573,-17.6483758468163,0.967964517693608,-0.8880526102310682,2.541219646581253,372000
516,21260821,0.05,-1.8694801900933422,2.6052154851702904,-16.025992795580596,0.9818411001961654,-0.6948396683731632,2.3234289705149007,372000
516,22260823,0.05,-2.1168911506952086,2.553148748935276,-20.718495631083336,0.9457664801393246,-0.5476133668146432,3.5286471646419857,372000
516,23260837,0.05,-1.9067246742690265,2.6391657678538762,-16.794706943977868,0.9448365558870976,-1.084690055095256,2.271632200816865,372000
516,24260855,0.05,-2.022147226598404,2.7253890920936934,-19.02819612079932,0.9044084838993194,-1.563166133275438,3.0011086595078194,372000
516,20260818,0.025,-1.9454545618383712,2.4807347033781517,-17.749370904428176,0.9952313225012397,-0.8397971107809405,2.564061781722674,372000
516,21260821,0.025,-1.87241550817607,2.5552735256283423,-16.18554614121807,0.8943293909620105,-0.6415565715505898,2.3555513498771252,372000
516,22260823,0.025,-2.1050413827460766,2.4485748946375274,-20.774658464253818,0.9626021389506728,-0.4995898112127468,3.5447659230237454,372000
516,23260837,0.025,-1.9051085865297925,2.5197731782914765,-16.79241953920716,1.0349206570953657,-1.0230537401369986,2.315905269931992,372000
516,24260855,0.025,-2.00814695791685,2.607989668712659,-19.03725013879462,0.8904327628635835,-1.5078913424018616,3.0088297872145366,372000
516,20260818,0.0125,-1.9435791022680442,2.4342103674274225,-17.74546215575405,0.9549361727427963,-0.8150495036475858,2.563213370616054,372000
516,21260821,0.0125,-1.8731562628752294,2.438573594712266,-16.27712344802291,0.9504542364144235,-0.6152556704190301,2.3742491629006084,372000
516,22260823,0.0125,-2.106462993235826,2.4238184528486104,-20.80354852449886,0.9499807526685559,-0.4776872781451177,3.552181465439993,372000
516,23260837,0.0125,-1.9060332229184977,2.4793755769696686,-16.80485079406376,0.9162550082948011,-0.9918971960936308,2.3370601574208782,372000
516,24260855,0.0125,-2.009909340716313,2.5780436769598776,-19.027624762554083,0.9556199758540933,-1.4780063034929003,3.0124038716083144,372000
517,20260818,0.05,-1.858390505814835,3.081887086260689,-15.993703505831938,1.0823422194980399,-2.1131141854177846,2.502259692759982,372000
517,21260821,0.05,-1.8646431372319412,2.9843012894474894,-15.876413733629333,1.035465959230481,-1.3622253739951422,2.266586994934054,372000
517,22260823,0.05,-1.8317189907610196,2.8971893036388088,-15.142284774960894,1.0066388205546417,-1.1612146626513435,2.646758521559198,372000
517,23260837,0.05,-1.930305301448993,2.915478745579531,-17.645145596737798,1.0670351285110182,-0.7850233013982435,3.019612735422209,372000
517,24260855,0.05,-1.8278364591763114,3.037439783325579,-15.609111073742872,1.0250836086686352,-1.9105956420301256,2.217771909923336,372000
517,20260818,0.025,-1.8611563344655666,2.931013933133489,-16.019857937428327,1.0375782953027435,-2.075186393171712,2.51059619950207,372000
517,21260821,0.025,-1.8548359558004803,2.842902557213272,-15.905534082993848,1.0495496468806909,-1.3209665364610164,2.2793423644208395,372000
517,22260823,0.025,-1.8195984929078486,2.7889874448777148,-15.243812401568542,1.0281365782226388,-1.124831517365883,2.6535525789489705,372000
517,23260837,0.025,-1.9363799193282545,2.7192188507870343,-17.69112673761205,1.0495154987494226,-0.7510845808657411,3.032058902158795,372000
517,24260855,0.025,-1.8180481873650882,2.9480589629510066,-15.275770375019473,1.1188637841860694,-1.8613626215472534,2.237638584941539,372000
517,20260818,0.0125,-1.8567793964946788,2.9011430651341072,-16.03672375948231,1.0563467620248879,-2.054998124079447,2.51255759634212,372000
517,21260821,0.0125,-1.853847467285842,2.8263213609260758,-15.914839902339743,1.047236158199898,-1.2995455187336868,2.2844639643984053,372000
517,22260823,0.0125,-1.8192872769865698,2.721023498919018,-15.327729604281762,1.0324241039891966,-1.1032500469355184,2.6572420843016933,372000
517,23260837,0.0125,-1.9374461305201622,2.7178051125698066,-17.70808100306124,0.9726626884221505,-0.7297414030630631,3.0373020049744124,372000
517,24260855,0.0125,-1.8169608317863213,2.8708580395559116,-15.27816461967794,0.9268114588921148,-1.8362219277971086,2.2468852130286687,372000
518,20260818,0.05,-2.154544450738626,2.206366199640373,-22.134212714077556,1.0749019135172984,-0.587257698577592,6.140176929937497,372000
518,21260821,0.05,-2.182192636699307,2.119960482569132,-22.139076264742716,1.077038460960794,-0.5814706446573189,6.116651144110896,372000
518,22260823,0.05,-2.173922805769347,2.163126218945148,-22.499398457806976,1.074025031826333,-0.5417818258851501,5.9661297359680985,372000
518,23260837,0.05,-2.1812121824271546,2.1856101461773036,-22.33663045113718,1.01050877681938,-0.6133330077857857,6.11442422434704,372000
518,24260855,0.05,-2.190464772442863,2.1697949016964904,-22.46720044456729,1.0830269651844344,-0.49189510706716644,6.08261732276897,372000
518,20260818,0.025,-2.2061379581632767,2.108391933841684,-22.962157777658025,1.1563395586418839,-0.577565897005547,6.118388640960889,372000
518,21260821,0.025,-2.173744816315909,2.0841066162122295,-22.41920841455032,1.168772162591114,-0.5732414922723068,6.075576483623647,372000
518,22260823,0.025,-2.212192465425706,2.1019755306015995,-23.027839155427454,1.0829589276126976,-0.532350944278903,5.948825277707337,372000
518,23260837,0.025,-2.1867737936434555,2.0895673647397404,-22.49910229539094,1.339454931927238,-0.6006760269416049,5.941332607407877,372000
518,24260855,0.025,-2.2196302896431415,2.132761212709258,-23.282717721256194,1.123697062797492,-0.48297126280421954,6.03102931547284,372000
518,20260818,0.0125,-2.180777494524313,2.031534642217642,-22.536566747562688,1.0491576173700143,-0.572699614304576,6.008141625233349,372000
518,21260821,0.0125,-2.1936188920764272,2.0698352793957344,-22.859390661145564,1.1764479133067194,-0.5578164984189123,5.998715438669352,372000
518,22260823,0.0125,-2.1882075677313075,2.0819971764195166,-22.615377713545737,1.1339445739323537,-0.526453138804571,6.072805061768983,372000
518,23260837,0.0125,-2.201653329709876,2.0561572405830746,-22.649475976718854,1.1493483378534128,-0.5952634538615269,5.991680179398857,372000
518,24260855,0.0125,-2.2005000904270777,2.050103906728432,-23.016563270628406,1.1626759423712425,-0.47556987328832545,6.0136618109179425,372000
519,20260818,0.05,-1.846785391366295,2.180627424262147,-15.702758276390185,1.1340888326592342,-0.5498728438382625,5.520139024475833,372000
519,21260821,0.05,-1.8684103434437045,2.221914654960327,-16.141058508565646,1.2976740350174227,-0.33905497340725277,5.578984915688419,372000
519,22260823,0.05,-1.8431301831534688,2.1795799540413903,-15.377234391071731,1.0446399851717125,-0.3458798783093392,5.521605548300508,372000
519,23260837,0.05,-1.7954242229402637,2.177522151929622,-14.990161735103724,1.2359229649439534,-0.4511155107100081,5.629484167062027,372000
519,24260855,0.05,-1.8236696601552298,2.2077890351955975,-15.238858338841318,1.21274910929915,-0.34602366733163814,5.558285662355428,372000
519,20260818,0.025,-1.8455871302765987,2.0676591392762913,-15.780468959234357,1.171125314199802,-0.5398565080920528,5.597681948761284,372000
519,21260821,0.025,-1.8611309105369391,2.0694119980557555,-16.177406488375183,1.2525758392215052,-0.33112397673716754,5.520928858136746,372000
519,22260823,0.025,-1.8431451209859055,2.0814598624855325,-15.495769710312855,1.1644668966943155,-0.33374311022056097,5.5664852337760715,372000
519,23260837,0.025,-1.8477997233196048,2.07816812157838,-15.710068789159086,1.1320269810576025,-0.44131105229640893,5.575306532779083,372000
519,24260855,0.025,-1.8125249603242675,2.0875946713241613,-15.251571746640083,1.247777236207603,-0.3386715463761734,5.613209369769666,372000
519,20260818,0.0125,-1.8512370097147213,2.0484234811666604,-15.906738100112848,1.1373978303595231,-0.5337374384635284,5.550067669269978,372000
519,21260821,0.0125,-1.8631774382532902,2.0332348814544905,-16.28058153702825,1.2887773620459282,-0.32257414975304965,5.53381907896822,372000
519,22260823,0.0125,-1.8402991720196191,2.0373769167350844,-15.523137658519808,1.1367679143289293,-0.32696318192954704,5.538963875005299,372000
519,23260837,0.0125,-1.8402601329861628,2.0545992693725177,-15.62446326602285,1.1282561822625998,-0.43648597713246234,5.580355232595009,372000
519,24260855,0.0125,-1.8118445590741181,2.0539593747044678,-15.25815666931023,1.1994121274304992,-0.33507462570187196,5.5764029032673035,372000
520,20260818,0.05,-1.7614815018054657,2.2271475783473083,-14.227093634378187,0.8439922423909844,-0.4032515704955738,1.000134092121822,372000
520,21260821,0.05,-1.813475431114864,2.1959990225584463,-15.150194419601242,0.8718388028496341,-0.35673950495219137,1.0015660499016938,372000
520,22260823,0.05,-1.7684025429997374,2.1934507067945295,-14.219322086056941,0.8419766110935614,-0.3975408833263525,0.9341603025602427,372000
520,23260837,0.05,-1.8137914942908298,2.192232202824334,-14.916385142581465,0.8915194451415588,-0.339860441937639,1.0466687354860633,372000
520,24260855,0.05,-1.7918865349108404,2.1818697060159313,-14.554831301940219,0.8283934299204149,-0.4501725881137936,0.962115356983592,372000
520,20260818,0.025,-1.767006368289933,2.1047688935658075,-14.439847396350107,0.8784683981986543,-0.37878779629976966,1.0707289009096919,372000
520,21260821,0.025,-1.819430482217611,2.1344654619302967,-15.236631154550688,0.8873233838254969,-0.3274141273769694,0.9795628813308176,372000
520,22260823,0.025,-1.7801533831731244,2.117013414390804,-14.475099567930625,0.81800947694544,-0.37133462492766517,0.9884207007336012,372000
520,23260837,0.025,-1.8298704426462817,2.1093577439898215,-15.467324618133663,0.8750534086078319,-0.31676702157535713,1.0466541345128915,372000
520,24260855,0.025,-1.7821070834954555,2.1164265278283048,-14.711239018338624,0.8609417823443237,-0.4298085413900826,0.9573708696893942,372000
520,20260818,0.0125,-1.7663737205090948,2.0889649832049453,-14.353312063671828,0.8788819367150374,-0.36113999535140184,1.0624490232532489,372000
520,21260821,0.0125,-1.8217760561944132,2.0874982197973804,-15.310877874388428,0.8693700269632822,-0.3216563406210054,1.0528680821503575,372000
520,22260823,0.0125,-1.7783367799824836,2.0561251396854505,-14.535407860390666,0.8836608824546582,-0.36274857134341043,0.9903034537116263,372000
520,23260837,0.0125,-1.8031138817091226,2.074076451235964,-14.920676231405706,0.8929067455252317,-0.30256590287377205,1.0523265849244114,372000
520,24260855,0.0125,-1.7872362414801723,2.0912546478965,-14.744225097894795,0.9054003501975373,-0.41624382842573215,0.978108509516151,372000
521,20260818,0.05,-1.766889566804295,3.2993951848252956,-17.79743929809344,1.223243615911438,-0.637460472798966,2.204413447956678,372000
521,21260821,0.05,-1.7868164427811808,3.334208501777002,-17.98823112344282,1.2954547242476275,-0.8063346178244379,2.2972290919506997,372000
521,22260823,0.05,-1.7130059434467073,3.3170288571607935,-18.342002567381442,1.3044392629137946,-0.24065902610040166,2.2775029994343567,372000
521,23260837,0.05,-1.8040021025047956,3.291351770406069,-17.904295487964774,1.290974313033663,-0.4168668859673425,2.229507772147084,372000
521,24260855,0.05,-1.8210380637869088,3.326534460266065,-17.891687452987824,1.2469353071106157,-0.3434788331027833,2.320601630940879,372000
521,20260818,0.025,-1.762010258510254,3.195122019404431,-17.1891896235388,1.234901390928872,-0.6182644019960515,2.190390536397782,372000
521,21260821,0.025,-1.799465294617166,3.2003768796487253,-17.3766017598641,1.257974093810474,-0.7855258461750183,2.300637948499991,372000
521,22260823,0.025,-1.7080488281839867,3.185513330372145,-16.774227691563645,1.3008702502921035,-0.2123618109299622,2.2543062441160386,372000
521,23260837,0.025,-1.8097442022604462,3.2275701089874533,-16.68464758597203,1.28706572313248,-0.3845401235711134,2.2579945245795963,372000
521,24260855,0.025,-1.8114330084733659,3.1996579343051508,-17.12895404862044,1.294340991020114,-0.3272849305297894,2.2961879222283574,372000
521,20260818,0.0125,-1.7603348809780357,3.140520018551124,-16.195695257582983,1.2313633571788567,-0.5752120615566944,2.21420475929566,372000
521,21260821,0.0125,-1.7938410823280213,3.154248823544187,-16.592130951868636,1.257143841621482,-0.7743020729406631,2.306475180893727,372000
521,22260823,0.0125,-1.7102510737626153,3.148074171765307,-16.35681712698793,1.2989403934610182,-0.19968505155803284,2.252629734403071,372000
521,23260837,0.0125,-1.8003809717188644,3.1300931082881056,-16.24117940719915,1.283673375594659,-0.3768001242714441,2.2744025033681883,372000
521,24260855,0.0125,-1.8029531235002845,3.1417748490235837,-16.203983758661224,1.3354471085613744,-0.32212714329400716,2.301456880058121,372000
529,20260818,0.05,-1.836770244380343,2.2296895397950935,-15.39564630467094,0.8830049157910711,-0.2903289043559937,1.9553667733345959,372000
529,21260821,0.05,-1.7779928844047914,2.2398082452019317,-14.61304082445968,0.9217252268315947,-0.5249018348311634,2.044486527904374,372000
529,22260823,0.05,-1.7993497891414338,2.2435594717661296,-14.639271978009484,0.9114861704358008,-0.27446078276111835,1.936378829776656,372000
529,23260837,0.05,-1.7483767398341676,2.2313391464121946,-13.896589142384297,0.8753672924135356,-0.3993349742403311,1.9406721663793678,372000
529,24260855,0.05,-1.7934687534266862,2.2569973689471516,-14.662310145624222,0.9415925786398781,-0.42909014485443514,1.9775903820056457,372000
529,20260818,0.025,-1.8238396939104027,2.1543543330779795,-15.470967053978875,0.8939616316203265,-0.27048755930147306,2.0053649158839515,372000
529,21260821,0.025,-1.7789691600398365,2.140069906326431,-14.807063434990642,0.9118844271187199,-0.4990419265754262,2.0772209483701807,372000
529,22260823,0.025,-1.7819381123728388,2.141432250700018,-14.652331465113496,0.9389736447397594,-0.24214409945439588,2.003593286311539,372000
529,23260837,0.025,-1.7565936706687393,2.1539038965738384,-14.03139584376735,0.9191996298418008,-0.37804337611876276,1.9858196650763467,372000
529,24260855,0.025,-1.7945100274720214,2.1546104824326013,-14.74845621362889,0.9292479354689077,-0.39958922554578313,2.0306788220742296,372000
529,20260818,0.0125,-1.8206865485974009,2.1206854791821845,-15.442688673869878,0.9498250307749404,-0.26264187275229556,2.019082198317958,372000
529,21260821,0.0125,-1.7851601279301366,2.0891502720521062,-14.873527966380042,0.9013919836310177,-0.4885410693230047,2.068250534012234,372000
529,22260823,0.0125,-1.786217489182769,2.1146129314971054,-14.71445616722144,0.9176935758520528,-0.23722603560683733,2.1253881227885243,372000
529,23260837,0.0125,-1.7506966331339335,2.106510310243517,-13.978731637995457,0.93411406618907,-0.36320584572387704,2.063296990767231,372000
529,24260855,0.0125,-1.8087203154497253,2.1083548377449572,-15.041881969528042,0.928584069438148,-0.3875609188667518,2.100238342921717,372000
530,20260818,0.05,-2.4398988268328705,2.1348209433459875,-27.79540162681431,1.178705705068547,-1.4006147868097234,6.657328652557002,372000
530,21260821,0.05,-2.43921426550388,2.1551456040704666,-28.42411431170183,1.1687650711011586,-1.388828668987506,6.655236845974294,372000
530,22260823,0.05,-2.444721081415245,2.131406288936159,-28.039245797205083,1.1519671268135856,-1.3349754031773375,6.58664869826247,372000
530,23260837,0.05,-2.440369642707694,2.194100374369243,-28.11305629400766,1.1796474860451336,-1.365398923662844,6.639644028524283,372000
530,24260855,0.05,-2.455434551777304,2.155765176899606,-28.088899542347015,1.2018248827711866,-1.4156050792141857,6.6457903649298,372000
530,20260818,0.025,-2.424890702384659,2.0983831781356477,-28.072236390470657,1.2035677140753887,-1.375885695222649,6.639307314984119,372000
530,21260821,0.025,-2.421698971303714,2.066440279351568,-27.893635177308354,1.159572648930243,-1.3658618757885426,6.560375384572713,372000
530,22260823,0.025,-2.4221491624580924,2.122860437810514,-28.051396391528545,1.1793563496346227,-1.3662851324544774,6.679903308424248,372000
530,23260837,0.025,-2.4242273098840794,2.095278434456864,-27.82476833163689,1.1091293248764285,-1.3523008218443806,6.629665010503242,372000
530,24260855,0.025,-2.4335081826656233,2.09246824065808,-27.947738552314945,1.1655013114281494,-1.370660263682554,6.538955142562344,372000
530,20260818,0.0125,-2.421487891395614,2.0417131375469215,-27.940300430114263,1.193757780072452,-1.4194253135793053,6.613661200461576,372000
530,21260821,0.0125,-2.4250217973476413,2.02281315362575,-28.07825762828354,1.176563310616886,-1.353583005594926,6.583133449153168,372000
530,22260823,0.0125,-2.4215095013408074,2.020323016158058,-27.844325618549295,1.1569297503522702,-1.3487268259340366,6.665242354330313,372000
530,23260837,0.0125,-2.422295013895875,2.0123460611274284,-28.05707045134896,1.14839582762407,-1.3905677560693808,6.709631012403655,372000
530,24260855,0.0125,-2.4285129845521825,2.0210596462229415,-28.25043052275398,1.127405810211915,-1.3805504824812698,6.697288770218162,372000
531,20260818,0.05,-1.8372195456955458,3.024989267449825,-15.445614542262579,1.1551156654681345,-0.3613251718025963,3.3108662054115947,372000
531,21260821,0.05,-1.7953100905806136,3.082427327758817,-15.090887582591435,1.1835935040445775,-0.380192490327926,3.2571030468710904,372000
531,22260823,0.05,-1.7723117638737689,3.033920656355314,-15.69854406636127,1.3265481592505732,-0.37071823029453177,3.417737894670305,372000
531,23260837,0.05,-1.7861443321447548,3.0794687351993293,-14.979711764964653,1.1843875393366494,-0.18255313156510689,3.3520280486779157,372000
531,24260855,0.05,-1.8818918825310238,3.0883323654796047,-16.528938085358714,1.2328720608291395,-0.36648732682006513,3.354386844502093,372000
531,20260818,0.025,-1.8331835871901736,2.8589442667181215,-15.471127453972619,1.1515885516285336,-0.33392978884625024,3.310737896915688,372000
531,21260821,0.025,-1.8094132728525578,2.942024595483275,-15.014761198806504,1.1895458904758494,-0.34273480238855486,3.2569595338282897,372000
531,22260823,0.025,-1.7765905851913857,2.9247656040148806,-14.941789342979508,1.3232382948245938,-0.34122070888194367,3.41760951251452,372000
531,23260837,0.025,-1.7783275650977377,2.9290959494067352,-14.70309834722715,1.2048244723403052,-0.1753651379501446,3.351900874275163,372000
531,24260855,0.025,-1.874619015173995,2.933274278979589,-16.50484119609533,1.2191565150847719,-0.34734303702175745,3.354228857319817,372000
531,20260818,0.0125,-1.8377279009029694,2.8321512773945536,-15.579034252633614,1.1302631624523725,-0.32406744748429617,3.3106775157933193,372000
531,21260821,0.0125,-1.813986577702489,2.842020644945647,-15.116494375128145,1.1901797837546093,-0.32763396938091516,3.2569065347506756,372000
531,22260823,0.0125,-1.774709681881837,2.853033498711616,-14.561386960182162,1.321317716018503,-0.3319159419204141,3.4175695026165744,372000
531,23260837,0.0125,-1.7929090233023373,2.8488600107594855,-14.858256673783124,1.199845115960899,-0.15998323171579187,3.351846353909792,372000
531,24260855,0.0125,-1.883670522017278,2.9325492118581327,-16.66320781314934,1.2140156710246566,-0.3343446448117587,3.354172569325544,372000
532,20260818,0.05,-1.8409559148518317,3.8755914512458918,-22.36277790856117,1.278655654854273,-0.22204341615879394,3.095335033961613,372000
532,21260821,0.05,-1.8253352300180978,3.798325119375488,-21.95247458144937,1.2392948694147863,-0.3479771052392818,3.1928296597403945,372000
532,22260823,0.05,-1.9023563445861793,3.8709252354278423,-23.20511219620226,1.3555902259910566,-0.3809078486927737,3.1040340924461525,372000
532,23260837,0.05,-1.8115122109553472,3.7832338635842357,-23.023738537987853,1.2393292903933146,-0.29883454588644687,3.207166307827649,372000
532,24260855,0.05,-1.8013240643433697,3.8101146043362983,-22.818349045043036,1.259264500794721,-0.505712733735936,3.102693391462229,372000
532,20260818,0.025,-1.8041651300576231,3.7212988916384164,-20.78965078243215,1.2833783930201754,-0.203216235722248,3.095169377495459,372000
532,21260821,0.025,-1.7469075964768417,3.6981733341754186,-20.706484573158857,1.2652387721832354,-0.30429185561338995,3.192681249924857,372000
532,22260823,0.025,-1.7890000260384404,3.744980679427552,-22.020461647209316,1.3515814803848736,-0.36029419113496397,3.1039044916375134,372000
532,23260837,0.025,-1.7462313926951452,3.697093685752094,-22.077674067915233,1.2373342352733299,-0.26140799158807637,3.207015988390919,372000
532,24260855,0.025,-1.7618205764042547,3.696240080507184,-21.45702890253449,1.2563032339898077,-0.46548147982086174,3.1025544214054053,372000
532,20260818,0.0125,-1.8105873245485506,3.643579988731315,-20.103809712720015,1.255888521696459,-0.18577569139124048,3.0951036398095693,372000
532,21260821,0.0125,-1.756409639436216,3.636414327686696,-20.488869945241532,1.3281029543485605,-0.29108548624464875,3.192613125372247,372000
532,22260823,0.0125,-1.7848686276999561,3.6843898685979752,-21.181050569607404,1.3487170610726738,-0.34702182156893485,3.1038518862107356,372000
532,23260837,0.0125,-1.7401948556033888,3.6501844482009105,-21.47875803582288,1.2068570621995653,-0.24534598043760314,3.2069498572827784,372000
532,24260855,0.0125,-1.7421517540970692,3.651763915602389,-21.36691223891809,1.2546439505892626,-0.4582614131224462,3.102495916567547,372000
533,20260818,0.05,-1.8177287159681277,2.30129604883461,-15.210414413644804,1.086658794129372,-0.4263797223064882,2.917576483788098,372000
533,21260821,0.05,-1.8475384496966147,2.3102028911315013,-15.743000938480836,0.9527368262047419,-0.2572951862346306,2.849587688138767,372000
533,22260823,0.05,-1.8287634397053496,2.4791885095374764,-15.297345144991016,0.9960357965646525,-0.5480162321697359,2.690123226063826,372000
533,23260837,0.05,-1.8522536634643727,2.392082784513008,-15.59323019430189,1.0409105628392292,-0.31993726667779754,2.925124838349011,372000
533,24260855,0.05,-1.817839091130934,2.2944874872288827,-15.0145133482901,0.9682156051631076,-0.2841479527680259,2.822869712604542,372000
533,20260818,0.025,-1.8111631169613758,2.299123110198378,-15.225856384159194,0.9735550556849097,-0.41006529716983603,2.921313302007876,372000
533,21260821,0.025,-1.8512925816195018,2.2237371592378476,-15.939936212855862,1.035896461057624,-0.2172389107297548,2.8494098251778257,372000
533,22260823,0.025,-1.8437295001723333,2.332509394839895,-15.447831976119334,1.0604365051002758,-0.5258191939709789,2.694063043809275,372000
533,23260837,0.025,-1.8232914091394943,2.3796456547978817,-15.39836562888154,0.9432729268535167,-0.2859448771242607,2.928297619774584,372000
533,24260855,0.025,-1.8086930892577493,2.223812998817613,-15.039158447497387,0.9946436793149822,-0.2684203165806473,2.822692575810208,372000
533,20260818,0.0125,-1.8086408517907522,2.233712621449754,-15.230946007490497,1.0187436031865658,-0.3980504004207481,2.9225160201954097,372000
533,21260821,0.0125,-1.8120908786811143,2.2153430216666945,-15.24242801961581,0.979744712550827,-0.20146258845685389,2.8493566807713284,372000
533,22260823,0.0125,-1.826782737769128,2.36405460639154,-15.343195601608103,1.0053418003857417,-0.5094210968182896,2.692938745942203,372000
533,23260837,0.0125,-1.8361107590640402,2.2737112175404057,-15.841615569589605,0.9879227738656031,-0.2969753641027688,2.9290085736774607,372000
533,24260855,0.0125,-1.807480657735234,2.198684609271851,-15.190309447173025,0.9692942627770809,-0.24409484052381428,2.8226347390223263,372000
534,20260818,0.05,-1.874602600653561,3.9192436424766006,-22.933270831365757,1.1633759851862244,-0.3107151058815943,1.2702533881546736,372000
534,21260821,0.05,-1.8749137022902085,3.945494873192509,-22.807015380142833,1.1222622988441886,-0.2935322990207301,1.2880745669470528,372000
534,22260823,0.05,-1.8954191039695378,3.913709524795311,-22.873030458979,1.1515958618680808,-0.41954645002512425,1.2624603583613376,372000
534,23260837,0.05,-1.8745486996327774,3.897856967541411,-23.135895942769945,1.1352182069143775,-0.29423401954481293,1.2882894867822132,372000
534,24260855,0.05,-1.8975029033494928,3.9092510549684736,-22.884103828607632,1.1933964309391336,-0.418209999988364,1.3078600379461542,372000
534,20260818,0.025,-1.7961718765665335,3.773164858393429,-21.911854482772135,1.132751914356767,-0.2903758763785921,1.2726173402793286,372000
534,21260821,0.025,-1.8055629622083116,3.774217863839853,-21.731767895960914,1.141661511291755,-0.2766927524019436,1.30115871159191,372000
534,22260823,0.025,-1.760287135885364,3.7896773412672187,-21.844111148373543,1.1469371444721026,-0.3953627716877582,1.2429024262669572,372000
534,23260837,0.025,-1.7513558794998825,3.766598732664855,-21.727044686646312,1.1214445286014247,-0.2716688374323378,1.2940645945505436,372000
534,24260855,0.025,-1.882644324338151,3.7725142920516492,-21.785887778409734,1.1455526794302548,-0.3918116374629335,1.3585786729250726,372000
534,20260818,0.0125,-1.794603335696825,3.6931745851511844,-21.24971461554997,1.1833515548939253,-0.2763148260727612,1.2759017993044515,372000
534,21260821,0.0125,-1.806543770239817,3.711303814741893,-21.255632092428634,1.1550031060622086,-0.26525864285784234,1.310166738435093,372000
534,22260823,0.0125,-1.7252628511723005,3.7002832563513595,-21.331513508912398,1.1495237937930256,-0.3850623849441281,1.243408580964171,372000
534,23260837,0.0125,-1.7602108506846346,3.710232469576268,-21.198620288950426,1.1197541287274204,-0.25456398082132164,1.2974523472958053,372000
534,24260855,0.0125,-1.8860892137001266,3.730834792028776,-21.19368580418763,1.1766377927078853,-0.3834754518107696,1.3777960904688118,372000
542,20260818,0.05,-2.099330896519608,2.5831312027868707,-20.50564891169035,0.9611203287968243,-0.9556862829763424,3.3459885895131376,372000
542,21260821,0.05,-2.023737105715852,2.708239402156252,-18.955689477607255,0.9320286092977109,-1.2834820261251771,3.0618016532498107,372000
542,22260823,0.05,-2.076155259815882,2.580996189898071,-19.919468143966306,0.8960313383151198,-0.5516001010616347,3.2954686364234558,372000
542,23260837,0.05,-2.0182524865040357,2.575008633917402,-18.73504910993627,0.951796979089118,-0.5128516513506534,2.8855545116426518,372000
542,24260855,0.05,-2.05701177052544,2.6426664824449566,-19.52887780661778,0.9509965497612837,-0.9233547431732949,3.142174379828647,372000
542,20260818,0.025,-2.0889947492794816,2.50554989556454,-20.511137636670302,0.9630990279924107,-0.9082143294793803,3.3474438762841556,372000
542,21260821,0.025,-2.016109340679445,2.6093587731133447,-18.988140314405587,0.9851428620557378,-1.2167408377709181,3.0688077104956544,372000
542,22260823,0.025,-2.066892687380267,2.4843279518339503,-19.91522986303249,0.9512691489446242,-0.5070768002286732,3.295894798120146,372000
542,23260837,0.025,-2.0025727089696748,2.475604549201162,-18.818845818266986,0.9674213480856918,-0.487393342821966,2.9081287937570353,372000
542,24260855,0.025,-2.0568136451808416,2.5306573652537008,-19.623451030725246,0.9276478330850203,-0.8945397539481577,3.166226492772366,372000
542,20260818,0.0125,-2.08574304524473,2.4245962140116384,-20.50920406781231,1.0427816637575709,-0.889099119475972,3.3474453859368665,372000
542,21260821,0.0125,-2.0173390316182265,2.5219747980787077,-19.013251668753476,0.9740610356825525,-1.197112532433174,3.075399259663606,372000
542,22260823,0.0125,-2.0613641992018423,2.4252754915807775,-19.917930270391498,0.9766080270924873,-0.4896657578397032,3.2974716302052447,372000
542,23260837,0.0125,-2.003344576875939,2.437303254697555,-18.866335360382035,0.9172606677955769,-0.4735540157198674,2.9199233708111905,372000
542,24260855,0.0125,-2.0571373928317076,2.451242163162571,-19.676060494444307,0.9672609570901355,-0.8821289138579346,3.179692877667265,372000
543,20260818,0.05,-1.8732003371854933,2.9665422563703476,-16.263181407534596,1.0091237162316837,-1.4470187757149175,2.686977790331755,372000
543,21260821,0.05,-1.8478501611381868,2.915592289948702,-15.793955512850234,1.023407731968169,-1.3199867109554462,2.291985292793825,372000
543,22260823,0.05,-1.9346812994628433,2.954288783341246,-17.171648725727916,1.0072165157533721,-1.38535570766983,2.690843839907532,372000
543,23260837,0.05,-1.8888316644462235,2.8784933324749677,-16.156627718286657,0.969734006275479,-1.11835546715084,2.5932220596397886,372000
543,24260855,0.05,-1.8667954363885377,2.912187356680855,-15.906655134923053,1.0663327962413727,-1.3732103242438212,2.9781747809196504,372000
543,20260818,0.025,-1.8634847870206228,2.8507740275952727,-16.348978800515138,1.0598640032323234,-1.4169996678424266,2.691180361246055,372000
543,21260821,0.025,-1.8568525412815524,2.840102026470092,-15.784254733873166,0.943228926954906,-1.2763455452404444,2.3022299148738776,372000
543,22260823,0.025,-1.9195534144688071,2.8046208480262047,-17.207200564025506,1.0790077576186108,-1.3693612691695445,2.6993689881289984,372000
543,23260837,0.025,-1.8731706400456232,2.761352142087331,-16.214981843192785,0.995327048714227,-1.0844712359813236,2.60659592412821,372000
543,24260855,0.025,-1.8498843633892603,2.8435626125168563,-15.962421524702716,1.0039406231420183,-1.3404109791748482,2.9911649110741343,372000
543,20260818,0.0125,-1.8652333912018566,2.820766225924609,-16.388586484952803,1.0285515873878612,-1.400631993863093,2.6919229505701936,372000
543,21260821,0.0125,-1.8599254037604303,2.7517456388820087,-15.876952041371899,0.9774680640936017,-1.2507246274269448,2.306949602519629,372000
543,22260823,0.0125,-1.9208479835431358,2.7486554225783437,-17.226917180302905,1.003151298568177,-1.3599151072689049,2.704417722126994,372000
543,23260837,0.0125,-1.875067393864807,2.7376281276719054,-16.259424386863934,1.0158686680527764,-1.0686030127282498,2.617232590965076,372000
543,24260855,0.0125,-1.8508273251294294,2.7644530818196595,-15.99450601027014,0.967464012760919,-1.3248163100546204,2.999992218192895,372000
544,20260818,0.05,-2.216036264465913,2.191163851240308,-23.036696673823823,1.086955675898862,-0.45189653296020016,6.017175921316019,372000
544,21260821,0.05,-2.188955681399732,2.1620175887708935,-22.536023407628072,1.0538347528959857,-0.4432644795207818,5.992463684629541,372000
544,22260823,0.05,-2.2038023330715113,2.1861817355978976,-22.8547669489346,1.1282659067483622,-0.635321398376095,5.997844905012834,372000
544,23260837,0.05,-2.182676167566517,2.187037606632567,-22.56131067236304,1.0418304976383375,-0.3658592944106529,6.0042195356282475,372000
544,24260855,0.05,-2.1484224330008193,2.130468702491856,-21.83218382577736,0.9984553779146094,-0.44753058559778375,6.085007450517548,372000
544,20260818,0.025,-2.183799673355849,2.111206796996056,-22.579592258354527,1.1327818209034823,-0.42921459965633596,6.030314387639107,372000
544,21260821,0.025,-2.184957594908137,2.108020038166883,-22.855398698058064,1.1124438845069324,-0.42082404643383636,5.972024869197156,372000
544,22260823,0.025,-2.2005858526789863,2.0950164850345923,-22.77414922849224,1.1494495917711733,-0.6153616973678254,6.039772844978155,372000
544,23260837,0.025,-2.199534719619576,2.081196938501201,-22.876960931300385,1.0873018480293242,-0.33018979188616554,6.057297287815869,372000
544,24260855,0.025,-2.182278620686674,2.107354277685276,-22.520118523156906,1.136669624630997,-0.4517227869672521,6.118357785864589,372000
544,20260818,0.0125,-2.204539024045865,2.0497645113194647,-23.063282904867098,1.1158365735873568,-0.4195409372499358,6.0225220622851126,372000
544,21260821,0.0125,-2.1817691608307572,2.0555990137301396,-22.70283344457169,1.1448371983054,-0.41652511497150113,6.019682549612234,372000
544,22260823,0.0125,-2.2031046902088987,2.0648745753607565,-23.01833942230198,1.1536134013725847,-0.6026872472272323,5.953827186639381,372000
544,23260837,0.0125,-2.206017268197643,2.098140755828757,-23.23778567232294,1.1323789258817134,-0.31656053774749227,5.966051595375969,372000
544,24260855,0.0125,-2.22500739926747,2.035640023903094,-23.249648361280634,1.1302473464019078,-0.41439085790970637,6.054666031568212,372000
545,20260818,0.05,-1.8047445129815896,2.180005727187235,-14.99861405710448,1.1726344085286755,-0.4214589251670905,5.5305078948789115,372000
545,21260821,0.05,-1.7824415716866848,2.224946953433591,-14.43994673102885,1.1097865331432089,-0.4337502339383663,5.56342552518768,372000
545,22260823,0.05,-1.8308069297363248,2.164123344785892,-15.60140434198457,1.2291391298016805,-0.299524313858604,5.5401049989241695,372000
545,23260837,0.05,-1.8569786940563855,2.168002783538378,-16.018808915304213,1.214880875204459,-0.34381583286969936,5.587227620748356,372000
545,24260855,0.05,-1.8502528175822208,2.1914131733347997,-15.920979843384808,1.1116933677824496,-0.2149555844685515,5.523982961045661,372000
545,20260818,0.025,-1.8384602217980792,2.1000180693590322,-15.597950200951482,1.210976863791516,-0.40492720241268265,5.614262738846608,372000
545,21260821,0.025,-1.8082745672001899,2.092723331604317,-14.929683462047947,1.1888908408980214,-0.40995979065981814,5.539861804961965,372000
545,22260823,0.025,-1.8463637454204376,2.0798523415741585,-15.947313249076476,1.254214793621052,-0.27555881788640463,5.542512305448655,372000
545,23260837,0.025,-1.8512423444798702,2.0701172476290286,-15.953771911362859,1.1785459061226171,-0.31075074148360093,5.514437163438047,372000
545,24260855,0.025,-1.8421998129359476,2.0963418118857926,-15.903065546127648,1.1623294240594706,-0.18747041546004958,5.539710614212851,372000
545,20260818,0.0125,-1.7951046834801485,2.0552108056070413,-15.144554386910809,1.1763099189838386,-0.3902498468173461,5.5469348521642585,372000
545,21260821,0.0125,-1.8493199923617816,2.133579896506146,-16.030245398591276,1.2332324244760802,-0.39807636825907533,5.565270752494231,372000
545,22260823,0.0125,-1.8301825395880513,2.047007835682769,-15.670335876917932,1.2869042068447927,-0.2673665406479057,5.637650884288394,372000
545,23260837,0.0125,-1.8522157475813836,2.0071277620988828,-16.01311658885346,1.1665956080372266,-0.2909393368202202,5.464518622321546,372000
545,24260855,0.0125,-1.8451842748028822,2.0133416344285204,-15.961254130463761,1.1577502331513483,-0.17057037826338806,5.622032942448045,372000
546,20260818,0.05,-2.2482671748953766,4.94928958709098,-32.938020834366036,0.8967969836664281,-0.07884816556005297,2.2152687502414032,372000
546,21260821,0.05,-2.2646924507702195,4.94179285827068,-32.98210422542538,0.8646879241360156,-0.03428739894200162,2.1744010558769964,372000
546,22260823,0.05,-2.265250552584704,4.96848742255622,-32.99450367507648,0.9121046952605695,-0.042036480555282425,2.205444817982901,372000
546,23260837,0.05,-2.2621342136526015,4.9815706577956,-32.97769429450983,0.9366726452456785,-0.14019505314988687,2.2491173386088947,372000
546,24260855,0.05,-2.2637119676698974,4.958507011186262,-33.06596346967503,0.8983220647569438,-0.11820883521829473,2.2391642151699247,372000
546,20260818,0.025,-1.9788480114009248,4.751392586307088,-31.892713542452817,0.8770341380525434,-0.07913706053182137,2.2241218302947035,372000
546,21260821,0.025,-1.9820146193006298,4.7579239140923,-32.060400503434806,0.8935975241861749,-0.08718759753292368,2.1886467053100063,372000
546,22260823,0.025,-1.9759103448563553,4.756854882793603,-31.85780585192748,0.9138392910937443,-0.053946530953298794,2.2007705735830703,372000
546,23260837,0.025,-1.9759364655247857,4.760894658759505,-31.9796373753415,0.8753714584133481,-0.18466555998380665,2.233963227740976,372000
546,24260855,0.025,-1.9689466748046258,4.749555791253615,-31.95620169369214,0.8775018258996354,-0.11025432053471833,2.255528071116307,372000
546,20260818,0.0125,-1.9384964637165527,4.671173341933667,-31.31194119365002,0.8845385307568646,-0.07912697369210525,2.2069011584851923,372000
546,21260821,0.0125,-1.9486414863302333,4.67875800621022,-31.302716684392937,0.8693940332834842,-0.030560589863319915,2.204784185073637,372000
546,22260823,0.0125,-1.9483343241865672,4.673902285535801,-31.354314753342127,0.9299518103755463,-0.04719939543662509,2.241162739818041,372000
546,23260837,0.0125,-1.9403978507738058,4.679221320769964,-31.35602891403933,0.8907504482919575,-0.10021471960690176,2.2106408990287307,372000
546,24260855,0.0125,-1.9521641720260285,4.665547756221525,-31.357950940220686,0.9335947662852755,-0.1052119898559552,2.248861895576351,372000
547,20260818,0.05,-2.259632982845285,4.954755738205384,-33.06815623583129,1.3358501535269918,0.9860131430617743,2.3683887954626472,372000
547,21260821,0.05,-2.2695292190376737,4.949052366714778,-33.06177039036557,1.2116821265917237,0.9281336027281036,2.3626630169771325,372000
547,22260823,0.05,-2.2477201287936666,4.963758979412883,-33.01383722656424,1.302352411666658,0.9618952909713208,2.3171985654726566,372000
547,23260837,0.05,-2.2450105383226404,4.962919337742213,-33.064058370763384,1.2747668884316559,0.9710107727040772,2.3842519028199955,372000
547,24260855,0.05,-2.2481118475165514,4.950650147789449,-32.987589270966296,1.2520679722975925,0.9627452176786871,2.3302213561737197,372000
547,20260818,0.025,-1.983603871721786,4.748453446819398,-32.01119031456227,1.312148061881104,0.9650360302448707,2.3254731423422155,372000
547,21260821,0.025,-1.975763147290847,4.749648954333493,-31.93464807858695,1.2548034633371203,0.9467114869696034,2.3834423624262917,372000
547,22260823,0.025,-1.977994460640784,4.77749506891836,-31.974923965574455,1.3014063974590644,0.9699212379264083,2.323088088245487,372000
547,23260837,0.025,-1.9707008892043782,4.752640586935011,-32.02558949299531,1.273082640200969,1.0080830246646733,2.3260560133836976,372000
547,24260855,0.025,-1.974068440167808,4.751067202494129,-31.836333270443284,1.2498107755124803,0.9782539686552397,2.3380904388165,372000
547,20260818,0.0125,-1.9431039462867843,4.669817506458928,-31.331739327698703,1.3111708321373963,0.9994396847035982,2.3316386507825877,372000
547,21260821,0.0125,-1.949556210639182,4.6727870641666485,-31.295887319422864,1.326309062668304,0.9641715064361251,2.410981782878804,372000
547,22260823,0.0125,-1.9346694028714193,4.672771704360247,-31.38835982643147,1.3337281580675708,1.0160187799924674,2.377527539190065,372000
547,23260837,0.0125,-1.9525224071360363,4.687266778645785,-31.401745743270286,1.2714032901348005,1.0191587101770971,2.33206646642998,372000
547,24260855,0.0125,-1.9384603648322303,4.681056641814319,-31.39586338917737,1.247813021510803,1.0217059036661884,2.3531888175883746,372000
555,20260818,0.05,-2.2582441535175137,4.936985827461872,-32.970928408993785,0.8944562462385341,1.0014660961781787,2.2275218318673162,372000
555,21260821,0.05,-2.254044464947585,4.973793803158849,-33.04570228732161,0.94445907168656,1.0120439920480577,2.2632433151455142,372000
555,22260823,0.05,-2.2856185319542046,4.959920342457842,-32.98421557315623,0.8950764001606353,0.9976531467965372,2.250455856023791,372000
555,23260837,0.05,-2.273289278463843,4.978866364308041,-33.10682477409492,0.9398043658204512,1.0089227220899668,2.2368209443173805,372000
555,24260855,0.05,-2.255330154327769,4.958486886865097,-33.086140503472514,0.8889023495977679,0.9581916706835414,2.2346189968386043,372000
555,20260818,0.025,-1.979338058618093,4.7456662207013025,-31.8667715539097,0.9072248608698585,0.9744250263635912,2.2260350244954212,372000
555,21260821,0.025,-1.9840515631036566,4.747794170562597,-31.861983026546024,0.9431761665970562,1.0390590193875247,2.2281486195206592,372000
555,22260823,0.025,-1.9811499615825194,4.755066516697595,-31.910901515136512,0.9375104358641113,1.026875412143722,2.290354401952524,372000
555,23260837,0.025,-1.967259447171216,4.755641278701096,-31.85501819693507,0.9013389220813101,1.0242081320676972,2.2327985806622785,372000
555,24260855,0.025,-1.9808920773986765,4.7394595857835045,-31.87801962344456,0.8851661107262814,1.0389530149906088,2.3046526299101564,372000
555,20260818,0.0125,-1.9536474251316414,4.698712537898844,-31.31325669194225,0.8975499666296325,1.0627247611849309,2.2378958028594953,372000
555,21260821,0.0125,-1.9549557449390311,4.671724745879165,-31.351159130893908,0.9415168051701294,1.0876340527614685,2.231716785964225,372000
555,22260823,0.0125,-1.9420814472494434,4.670151631427258,-31.39569393377402,0.9320753358697894,1.047989227874716,2.3138381444674243,372000
555,23260837,0.0125,-1.9444355997836713,4.664442288004224,-31.37487491108801,0.942553542213379,1.0693977252431024,2.255132887282207,372000
555,24260855,0.0125,-1.947843533432019,4.675888573116203,-31.37044215638523,0.899814505267905,1.0789116259854294,2.254718812031685,372000
556,20260818,0.05,-2.2510971986588504,4.967614658198198,-33.1281689490069,1.1321364092440955,-1.3717166707566557,6.866361547216055,372000
556,21260821,0.05,-2.268159108051713,4.958534337077966,-33.005695465399874,1.1909099945780137,-1.4145823450938713,6.856744399303419,372000
556,22260823,0.05,-2.253352348472929,4.955775849418728,-32.967523447252745,1.2668903534458051,-1.3774244159395428,6.963785293951698,372000
556,23260837,0.05,-2.254473061519006,4.962789746095631,-32.94656435184588,1.0654648386308567,-1.4618990556740985,6.8600617867819205,372000
556,24260855,0.05,-2.251398532962333,4.968864690301442,-32.921133737479884,1.1164788619082742,-1.4129564511265285,6.867929497630402,372000
556,20260818,0.025,-2.266219119435868,4.75493315648808,-31.862113870314293,1.1291119629806956,-1.405091886729926,6.930086215422627,372000
556,21260821,0.025,-2.223065269748529,4.758869746929443,-31.973083872410335,1.1865931986050093,-1.355376570545136,6.865691873167013,372000
556,22260823,0.025,-2.2365234284595683,4.758218175451668,-31.84656867004428,1.26377645266692,-1.3972352079378554,6.825518044628378,372000
556,23260837,0.025,-2.244170366035963,4.768973825692022,-31.965285109268265,1.0819798227555326,-1.3124192602261406,6.821093420620849,372000
556,24260855,0.025,-2.230149901712989,4.756312491662552,-31.83846187792633,1.113896348888182,-1.397960217786577,6.896867381711672,372000
556,20260818,0.0125,-2.225251235551012,4.676790747518336,-31.444570675329956,1.1287491261719411,-1.345966718651822,6.8381285805653125,372000
556,21260821,0.0125,-2.2360744239878487,4.67542366802271,-31.308275229895763,1.1861748731183273,-1.3439926895325527,6.761514198473023,372000
556,22260823,0.0125,-2.227123950000027,4.676497731642651,-31.42365292313054,1.2628983770113635,-1.372695756386765,6.87608133557898,372000
556,23260837,0.0125,-2.2332791606481917,4.670407696754605,-31.29600439314145,1.0533651771559716,-1.4308523283233505,6.88487688578079,372000
556,24260855,0.0125,-2.229421461766999,4.684464240055145,-31.34666562142497,1.1127805706918021,-1.365891238911056,6.809006691417803,372000
557,20260818,0.05,-2.2573957730864476,4.944653144579297,-33.032113530131554,1.2640055841711217,1.3977115664587718,3.6974175341361417,372000
557,21260821,0.05,-2.255591125319455,4.97258661081777,-33.040047186141194,1.2943025529937646,1.4079092577120622,3.723730836118697,372000
557,22260823,0.05,-2.2673406478140574,4.96504059539771,-33.01299004178823,1.2787870793502953,1.3895013120278894,3.69684561666058,372000
557,23260837,0.05,-2.2667363795306024,4.959845866869536,-32.965060306148715,1.2627728719046734,1.4129288247708198,3.794671774768617,372000
557,24260855,0.05,-2.2501517379165654,4.97709169349165,-32.9794979592457,1.292115487081907,1.4219238096042144,3.7405563132970063,372000
557,20260818,0.025,-1.9737695606082044,4.76425487273884,-32.0679105192238,1.2624120267726293,1.4847154916394196,3.6969316216785773,372000
557,21260821,0.025,-1.9733037135007987,4.749327600031503,-31.879241900644896,1.2914508305292178,1.4384626846927773,3.723333987714552,372000
557,22260823,0.025,-1.9805800541497194,4.756820959819073,-31.981671393021145,1.2435828341278876,1.4222958038943263,3.6967093012668513,372000
557,23260837,0.025,-1.9747226359045376,4.760091887574386,-31.92145755039879,1.2533531982845652,1.43041808175289,3.7941821948636334,372000
557,24260855,0.025,-1.9802505453436139,4.761131508005894,-31.911738527264117,1.289153892938988,1.419195780974683,3.735249232649525,372000
557,20260818,0.0125,-1.953440083134697,4.670997753594141,-31.38577767256335,1.2610326337457727,1.4196620468226469,3.7024161181534003,372000
557,21260821,0.0125,-1.9431523360741982,4.6657641309017155,-31.272042939321647,1.2891669532784873,1.4335426550482862,3.72318186871584,372000
557,22260823,0.0125,-1.9432487198146589,4.6736578501184525,-31.326241850184065,1.249265060648507,1.442350974324888,3.6966264453086635,372000
557,23260837,0.0125,-1.9407357936550973,4.663254530867785,-31.489807788207248,1.267148879511154,1.4288190511574566,3.793902608983458,372000
557,24260855,0.0125,-1.9497929007362638,4.676871230528444,-31.397704766743775,1.286961502196827,1.4312826309757192,3.730244007432884,372000
558,20260818,0.05,-2.2567446715335806,4.969552767812098,-33.10397531601583,1.2566348883099354,1.4178233040149812,3.395589871062391,372000
558,21260821,0.05,-2.2737555825338225,4.967918119880763,-33.01762612807393,1.2933962798774772,1.4239581375696972,3.3574651214511,372000
558,22260823,0.05,-2.266072065649327,4.97438533719251,-32.97879718725286,1.2902441464773795,1.4130998968625117,3.3267663108051937,372000
558,23260837,0.05,-2.2607398789692894,4.942206420163027,-32.85313263171404,1.2713143699626936,1.4190621506699819,3.390886919268787,372000
558,24260855,0.05,-2.282262484556707,4.954529666528374,-33.04320946128735,1.3176588827108253,1.4248104175606668,3.3119627862342,372000
558,20260818,0.025,-1.9851851296624634,4.749416618525981,-31.838129318236835,1.2900021281650105,1.4401344872715605,3.3933473957396294,372000
558,21260821,0.025,-1.9745427259197725,4.76053022128669,-32.009300405148494,1.2911425552305928,1.438513673108139,3.357315382831943,372000
558,22260823,0.025,-1.9766960006200975,4.757921256027328,-31.866580114170404,1.245744852456349,1.4025332841017935,3.3385004202141815,372000
558,23260837,0.025,-1.9786963844661907,4.7484947572299205,-31.86976512070398,1.2675242773599882,1.4630967586170094,3.3614466408622037,372000
558,24260855,0.025,-1.9753973096836834,4.754663116318488,-32.022469840869476,1.2920893769589095,1.4302432501328948,3.3628531891280584,372000
558,20260818,0.0125,-1.944617118937103,4.664469902026176,-31.423237789438183,1.2828032446388329,1.4574804787344489,3.3945193757156487,372000
558,21260821,0.0125,-1.95010861432825,4.677731754714434,-31.39943108874981,1.2906974674324594,1.4333602586005791,3.357276857464417,372000
558,22260823,0.0125,-1.9443694253028656,4.67010939479103,-31.426802849643753,1.2522964999248336,1.4132750861791956,3.336517177916056,372000
558,23260837,0.0125,-1.9427406387167256,4.672605571152706,-31.476977346374586,1.2654845351378787,1.4749912023176124,3.352509201138452,372000
558,24260855,0.0125,-1.9448737069260738,4.679365357583195,-31.255726767457677,1.320860447044883,1.4321474214105625,3.3628450870020727,372000
559,20260818,0.05,-2.2520409753826947,4.969532094348103,-32.89995414695051,1.1348430382375574,1.2087616277598205,3.696574646991973,372000
559,21260821,0.05,-2.2683398886691326,4.96715714751479,-33.05464770189477,1.2258204411350808,1.4433919723171318,3.714223101311419,372000
559,22260823,0.05,-2.275714811491632,4.980776282478581,-32.91872860353167,1.1761700284123462,1.3584271246865613,3.699988826978806,372000
559,23260837,0.05,-2.265789350657649,4.955146106114852,-32.97119914868313,1.1659109854541876,1.316234469661363,3.6820706494714135,372000
559,24260855,0.05,-2.245569388287617,4.953951269848969,-33.05313893775358,1.209877912828694,1.3861347129871822,3.717184213443316,372000
559,20260818,0.025,-1.9855400209690246,4.756176355072449,-31.876800930631713,1.2398128971797895,1.210525101535302,3.6963976042485505,372000
559,21260821,0.025,-1.9746122639093449,4.751075537463686,-31.812022905528654,1.1685976433475402,1.4549001105551636,3.7141165481941845,372000
559,22260823,0.025,-1.9820968468422755,4.7534510714925515,-31.859300368134143,1.1761679335860198,1.3889694292694292,3.699862671315274,372000
559,23260837,0.025,-1.9798201858769637,4.755682317932743,-31.85909560920134,1.1637937646959595,1.318931055319268,3.6819424053843606,372000
559,24260855,0.025,-1.9761389971610213,4.746374219833405,-31.870235097503375,1.210450312833135,1.3860661274348727,3.717001859148559,372000
559,20260818,0.0125,-1.9389176049642036,4.6683283948242,-31.29350040344993,1.2396722408856773,1.211445824992648,3.696297683812278,372000
559,21260821,0.0125,-1.9455887172731685,4.672809453134087,-31.360691133828254,1.1681822566234836,1.4548977826119234,3.7140799556946527,372000
559,22260823,0.0125,-1.9471857588681993,4.669604558963342,-31.345841765989345,1.1754133022675353,1.3893857085246122,3.699804222858706,372000
559,23260837,0.0125,-1.9400761781634943,4.67949097349803,-31.364862496249284,1.1624377621088438,1.3203480717365723,3.6818868558141506,372000
559,24260855,0.0125,-1.9432238591064745,4.696423189257082,-31.450665579051204,1.209959112642863,1.3608750875920426,3.7169433714131705,372000
560,20260818,0.05,-2.2594289666435707,4.957909763094322,-33.005146590781735,1.2054441613921332,0.5339026036647915,2.251142462969375,372000
560,21260821,0.05,-2.2546550047426344,4.958663158760056,-32.994553483308266,1.2196526191792711,0.5535217850724833,2.2172672564068407,372000
560,22260823,0.05,-2.2506029784637023,4.9451857950168945,-33.010656273955775,1.2477463400401154,0.5154767779652786,2.253489164700448,372000
560,23260837,0.05,-2.2677849309661187,4.954716923332963,-32.98001745089125,1.3436859321008572,0.5234322498780944,2.2727075891324597,372000
560,24260855,0.05,-2.267220092570191,4.9842915584584295,-33.04359514130676,1.1817150444207494,0.48730212542034834,2.192474098104944,372000
560,20260818,0.025,-1.968923124620046,4.749264400241398,-31.858729057711702,1.1725289427178405,0.5597352003153917,2.2712060805325107,372000
560,21260821,0.025,-1.9743441466912612,4.774403328675013,-32.026484253387714,1.2139955551943753,0.565744000146301,2.1761014471193247,372000
560,22260823,0.025,-1.9708594299334223,4.755047485340136,-31.929345137865496,1.2655224862649024,0.5313699794070246,2.2070599524624854,372000
560,23260837,0.025,-1.976927321449121,4.75064779068736,-31.909662748175077,1.317657386592499,0.5491233515379279,2.2219699815418865,372000
560,24260855,0.025,-1.9721111482370737,4.761872119609604,-31.819686020168692,1.1796629498277402,0.4997192209691041,2.188779026522276,372000
560,20260818,0.0125,-1.9417322360213822,4.687599369307653,-31.35639645236806,1.1703619820575522,0.5618198709641485,2.2711126238026957,372000
560,21260821,0.0125,-1.9429529388110407,4.675349244695839,-31.31352238744322,1.2107796304047036,0.5719865676752515,2.2191501072654884,372000
560,22260823,0.0125,-1.94677133802225,4.673689450950204,-31.414544140272852,1.2611939117751583,0.5393973202879506,2.204161156558171,372000
560,23260837,0.0125,-1.9448681525959268,4.6752913555372295,-31.357520417581583,1.3032324139612714,0.5468369358450541,2.2861670683001867,372000
560,24260855,0.0125,-1.9419695466750488,4.6719597555448615,-31.280233675935005,1.1903329929965365,0.5062181019196438,2.2338686348415484,372000
568,20260818,0.05,-2.2605683470703717,4.965363748410103,-33.07565682959877,1.2378471870320094,-0.2582171835931466,3.3107525654198566,372000
568,21260821,0.05,-2.262643465100614,4.944306229050521,-32.92609631024279,1.2450845468643967,-0.5522915903211344,2.7700929362984086,372000
568,22260823,0.05,-2.2666738623892133,4.939574859684671,-32.94912621060071,1.1127881524855276,-0.7823136780071948,2.740693888312393,372000
568,23260837,0.05,-2.2765630562478423,4.953570752652958,-32.9501505214799,1.1597319880817292,-0.8498563205839302,3.461758956096813,372000
568,24260855,0.05,-2.2554529840899518,4.9545483623832105,-33.045665780245486,1.189143368316021,-0.8955288584428956,3.1561468540510247,372000
568,20260818,0.025,-2.0301205235327875,4.748151967262887,-31.89820497222571,1.1036322035302109,-0.19862968863976171,3.3116325511480036,372000
568,21260821,0.025,-1.985506021619067,4.763749487198523,-31.903477163279035,1.178123654117304,-0.5048173508595353,2.782907240544604,372000
568,22260823,0.025,-1.971653711463268,4.7427523146158785,-31.92491280755965,1.178838976999141,-0.7471212722066419,2.7435448449228352,372000
568,23260837,0.025,-1.9758728090283606,4.7541908042901975,-31.931656861276405,1.1724958145860538,-0.8140019315519733,3.4666560172852656,372000
568,24260855,0.025,-1.9815496398496912,4.764758305401112,-31.799666830039847,1.1751281727751974,-0.8638405639631894,3.1687541482444326,372000
568,20260818,0.0125,-2.0294495424290413,4.6892782290738975,-31.43244685574902,1.155975883374693,-0.17082273977049783,3.312453170163991,372000
568,21260821,0.0125,-1.9463200892876988,4.674377835465505,-31.491891943804983,1.235455101542161,-0.48576861391023557,2.789397531904021,372000
568,22260823,0.0125,-1.9443343213700608,4.669425425638052,-31.285871232945595,1.1831671300734619,-0.7306054126615597,2.7451396556746976,372000
568,23260837,0.0125,-1.9594960311341207,4.6736637762142665,-31.32918953497264,1.1335249229757753,-0.7926463866536184,3.470976008238886,372000
568,24260855,0.0125,-1.9501172621793537,4.673354507278306,-31.355830154156568,1.1606806137446435,-0.8430094093542564,3.173408989347102,372000
569,20260818,0.05,-2.2553166878581523,4.940554323306468,-33.02146631096297,1.2203262590551365,-1.4738992028775144,2.7251298052242965,372000
569,21260821,0.05,-2.266448479229929,4.948131537478255,-32.931248546375414,1.2414675557247075,-0.9696768260877834,2.700567842911189,372000
569,22260823,0.05,-2.2803091379164115,4.947232500985661,-32.98538252226065,1.2034342357026118,-1.943105907396892,2.980870709877027,372000
569,23260837,0.05,-2.2546782295562613,4.972066210937608,-32.975570171419115,1.1615026970740727,-1.6893618191645363,2.920338376579001,372000
569,24260855,0.05,-2.266653384129384,4.9823069111546765,-32.9395404389867,1.1401688510775636,-1.0543190665916253,2.8080437124110675,372000
569,20260818,0.025,-1.970868907189868,4.753362221582186,-31.887721943756656,1.1975182580366543,-1.429086312630732,2.727327092639811,372000
569,21260821,0.025,-1.9758977974811427,4.748927910322313,-31.86464933121842,1.1842832987190801,-0.9329441624091066,2.7026110849828746,372000
569,22260823,0.025,-1.9930156529580951,4.741745463109997,-31.920705727479863,1.1987619349222771,-1.8965845449295708,2.987758831287534,372000
569,23260837,0.025,-1.973016432074318,4.751992704796228,-31.96123450752374,1.2471677694337169,-1.6463722747088252,2.921270735453927,372000
569,24260855,0.025,-1.9896626471929897,4.752357661081108,-31.94921151533767,1.1798690705363533,-1.0258361622852865,2.806919463028019,372000
569,20260818,0.0125,-1.9433203823364276,4.674155737334654,-31.39999713885378,1.2631405395164477,-1.4049934168521028,2.7287570259477287,372000
569,21260821,0.0125,-1.946038259201073,4.6710100096244425,-31.27203427077739,1.2081115601348946,-0.9155262499052144,2.7034758865752155,372000
569,22260823,0.0125,-1.946214828804945,4.679867637910935,-31.397161301991183,1.1860897308483933,-1.8738584370312965,2.9953842908538375,372000
569,23260837,0.0125,-1.9523204050593668,4.661903149362806,-31.347037744206276,1.2294734078496725,-1.6234104520631982,2.9231822180696496,372000
569,24260855,0.0125,-1.950702334128856,4.671305202976302,-31.403966303337274,1.233257202080284,-1.013155967358586,2.8070230827254146,372000
570,20260818,0.05,-2.259210746395852,4.939865797332165,-32.9812413017919,1.159688236335046,0.5071293164621603,6.0814972240431695,372000
570,21260821,0.05,-2.245876108914732,4.957307876058167,-32.98934111239758,1.130874736102737,0.5289339833489213,6.097425695645147,372000
570,22260823,0.05,-2.253156900242787,4.953728384771086,-33.02313995386906,1.1507213583271134,0.4602421339237293,6.09464509391109,372000
570,23260837,0.05,-2.259010115949269,4.97323343666151,-33.216102165086845,1.1129468824935609,0.48560551439849153,6.118447220288111,372000
570,24260855,0.05,-2.259240764120129,4.96728326895806,-33.0694084744045,1.084628864967861,0.5508302552155534,6.042046826704464,372000
570,20260818,0.025,-2.04532679866164,4.763239503508777,-31.842701627140546,1.1506245938968624,0.586032476110721,6.044406956648339,372000
570,21260821,0.025,-2.0570551452186185,4.761995693509247,-31.87305500222178,1.2040195495908463,0.5079653478769144,6.054296901596341,372000
570,22260823,0.025,-2.0453650824513323,4.7507591951606765,-31.91644881834783,1.1492653969350808,0.44547792698949634,6.072776203825295,372000
570,23260837,0.025,-2.0500377088958928,4.771705806647248,-31.851164121940126,1.1192410086147533,0.4821437614527733,6.092703198399973,372000
570,24260855,0.025,-2.0530540447593664,4.749014937529338,-31.96370684168365,1.1184433526206607,0.51807731762081,6.028177162785638,372000
570,20260818,0.0125,-2.053838250645318,4.673670457274726,-31.34759409063104,1.1487195896756421,0.5466289413405709,6.02181926319871,372000
570,21260821,0.0125,-2.042716020509655,4.670150699023354,-31.2963222187806,1.2034320807597565,0.5576685732350367,6.072587656328462,372000
570,22260823,0.0125,-2.044913546038454,4.659369344856175,-31.380665726196327,1.1490729577919165,0.49420504733945764,6.045167937266401,372000
570,23260837,0.0125,-2.064273238207271,4.679781657708328,-31.235357534920787,1.2232699710086066,0.5098915225855947,6.1369079916579965,372000
570,24260855,0.0125,-2.0542821189991,4.678166369021806,-31.326021608228945,1.0833856425192574,0.5062457587966275,6.104140193524445,372000
571,20260818,0.05,-2.2616808453697517,4.967991449808005,-32.91999501111032,1.246355896186164,1.348495548979041,5.699426256701256,372000
571,21260821,0.05,-2.2549821962344465,4.960303266298189,-32.916452089569106,1.2133033330334426,1.426242971366489,5.635960435524048,372000
571,22260823,0.05,-2.250631385842888,4.94734286237969,-33.06628499167744,1.2567693881497402,1.4003531600951629,5.5891046036975,372000
571,23260837,0.05,-2.258869742908609,4.96054612711553,-33.00183351930189,1.2551524405860008,1.4099320029735614,5.544394582207592,372000
571,24260855,0.05,-2.2690304753232393,4.965722357348783,-32.98894067567516,1.2199396143603498,1.4359656827328167,5.574349957726913,372000
571,20260818,0.025,-1.9786729215844332,4.757660333776682,-31.900630390778673,1.2464116242202763,1.3783743992613973,5.565449415193277,372000
571,21260821,0.025,-1.9767286190947184,4.747247055910104,-31.972556649564286,1.2281036384502486,1.4422995886211656,5.549755922386583,372000
571,22260823,0.025,-1.9774684166276733,4.750618429944675,-31.935046644453852,1.2612904978567123,1.4205742910416428,5.547544095783299,372000
571,23260837,0.025,-1.9809070595574207,4.775375741376898,-31.933286356904112,1.2093576318978918,1.413208606418319,5.560327805842859,372000
571,24260855,0.025,-1.974907020647929,4.746904279991284,-31.889206569889403,1.308944611537562,1.4507043128701886,5.552487275082496,372000
571,20260818,0.0125,-1.9455042794987325,4.676542608672801,-31.500997188999243,1.2731992907506477,1.371455325098625,5.519191551248472,372000
571,21260821,0.0125,-1.9392412705508446,4.687817287903707,-31.275936195099916,1.2311222651709663,1.4577174842086202,5.569664859577052,372000
571,22260823,0.0125,-1.9444325677231766,4.68689977840022,-31.295132330966414,1.198547665031425,1.4338998724638867,5.528180112611295,372000
571,23260837,0.0125,-1.941406286005869,4.67509996454638,-31.35856218090291,1.2101591015838278,1.4315879493123234,5.554413533129433,372000
571,24260855,0.0125,-1.9507239903009863,4.673413483685638,-31.382123659373324,1.2464221274489675,1.4587094937111171,5.553276980235911,372000
572,20260818,0.05,-1.9651326629996289,2.3313443795265743,-17.732395323734586,0.8653894930454549,-0.09023772063192485,2.855234474999116,372000
572,21260821,0.05,-1.8936962994482383,2.380315705284013,-16.517054170040332,0.8823409915875056,-0.10153459865551989,2.685593735853655,372000
572,22260823,0.05,-2.0033490903494693,2.3971410710165046,-18.793468261010563,0.9492983207068661,-0.043336938261027955,3.135102013419864,372000
572,23260837,0.05,-1.925294815527596,2.381690522020995,-16.8941453987642,0.938944573808782,-0.06631913699047289,2.846917846045189,372000
572,24260855,0.05,-2.0703043845833946,2.5095532806764,-19.8847407546354,0.8793258973118357,-0.21485913047306052,3.3428211957338596,372000
572,20260818,0.025,-1.9508413287611552,2.3088302887147623,-17.7075737133015,0.9003989036690482,-0.08817535663856473,2.8487777581485996,372000
572,21260821,0.025,-1.8923065578549505,2.2570055409197667,-16.760151576440595,0.9352209277346207,-0.10748887824113654,2.7092781068021723,372000
572,22260823,0.025,-1.9995104575023859,2.2757695142493506,-18.794896029558462,1.0320486064570185,-0.08645329418012207,3.141256496774368,372000
572,23260837,0.025,-1.9283304157398233,2.2604250589632495,-17.074516768149135,0.9263374507141107,-0.06938945458532136,2.8793626496813056,372000
572,24260855,0.025,-2.0588895174462056,2.4211655703495922,-19.9041480948342,0.8953737831257946,-0.13570982037608892,3.3471386756717916,372000
572,20260818,0.0125,-1.9523310196830987,2.2608806637753007,-17.764688533522737,0.9143021008284543,-0.0820073876664501,2.8618506764215663,372000
572,21260821,0.0125,-1.8914108529578708,2.2332733288253532,-16.83743713807641,0.8846424734770593,-0.13182213710438725,2.7315990191701607,372000
572,22260823,0.0125,-1.999653962828505,2.271592764983214,-18.8019276608183,0.8728094162458927,-0.05227906427591313,3.145346168899191,372000
572,23260837,0.0125,-1.9431092466757134,2.1996981811772502,-17.287778894224715,0.947167366496926,-0.06940155513589505,2.9207862985967847,372000
572,24260855,0.0125,-2.0569342437902067,2.3600668513635092,-19.97175502257714,0.9535807393480705,-0.09297446103861573,3.3636550870233712,372000
573,20260818,0.05,-1.89785530923359,3.3397763438060566,-17.940599260576477,1.2487262731698456,0.8501307179070551,3.1601136351741457,372000
573,21260821,0.05,-1.997913062312444,3.353540512535427,-18.655469738039116,1.2919734399369067,0.41882774318522425,3.0080001548735087,372000
573,22260823,0.05,-1.8607200256294447,3.3008270827183495,-17.76350610899096,1.2817338722587373,0.7484934445587436,2.9727694614040194,372000
573,23260837,0.05,-1.9078578346648087,3.2522626581969405,-17.618308544838257,1.3009002805953447,0.2811220705219378,3.0975522638066044,372000
573,24260855,0.05,-1.8416365276573918,3.250244232688124,-17.959792016367874,1.30618645035921,0.41076358830896725,2.9261918899414536,372000
573,20260818,0.025,-1.892762013457304,3.2355299818943877,-16.714926560198048,1.259295476267054,0.9337703839699382,3.169315620553235,372000
573,21260821,0.025,-2.004727993706118,3.2044804121496893,-18.81639695325461,1.2892410170908224,0.4957677238076002,3.0447315486078304,372000
573,22260823,0.025,-1.8686878457791738,3.157279548298608,-16.78559444073533,1.282163688780442,0.8150179808577642,2.981710243466989,372000
573,23260837,0.025,-1.908818436982548,3.2150444698539555,-17.021364412407763,1.3012319208137164,0.3563136320790691,3.143012285068595,372000
573,24260855,0.025,-1.8426379433324531,3.1548078642591704,-17.22067934134081,1.3001269970364493,0.4581940243196827,2.92507948282737,372000
573,20260818,0.0125,-1.896774035617564,3.1381568988658683,-16.538231136065445,1.3046327313160464,0.950841922051465,3.1709683392235104,372000
573,21260821,0.0125,-2.000250392041596,3.157985247895477,-18.789599188861,1.2865083693603896,0.5423963824096555,3.037995952787693,372000
573,22260823,0.0125,-1.8735524819969787,3.073350605942092,-16.63119119840682,1.3065273275141187,0.8397475566454592,2.986485137247864,372000
573,23260837,0.0125,-1.9120708515853078,3.0893147995282364,-17.07585312333327,1.3122376390675161,0.39051148788148154,3.122470505616126,372000
573,24260855,0.0125,-1.843624028171487,3.0950807387093104,-16.340599303046485,1.2978251062944655,0.4803020144885532,2.939554827745115,372000
581,20260818,0.05,-1.8687137955830524,2.3709592763160923,-16.13823380082874,0.9559302841855776,0.7133161921976521,2.6782363660055357,372000
581,21260821,0.05,-1.981736750162885,2.4784253742018607,-17.74698364224046,0.9696503246898749,0.07905445723498884,2.980232275680486,372000
581,22260823,0.05,-2.0449109722476906,2.3391085617199803,-19.37459238690407,0.9443586165084662,0.5184919421648018,3.2588566433932216,372000
581,23260837,0.05,-2.0442350912530087,2.4473030627181886,-19.423455439386867,1.0130890604285208,0.18391052405770844,3.258704457450916,372000
581,24260855,0.05,-1.992106322129448,2.4288579866484596,-18.458163897107898,0.961912493244453,0.3756223094124135,3.226151135791914,372000
581,20260818,0.025,-1.8702587485817133,2.283398192804554,-16.29382113570663,0.9697402149445147,0.790384975460587,2.693640681171544,372000
581,21260821,0.025,-1.9552296133690685,2.4086016555621805,-17.745672906977585,0.9737475103014245,0.13478898641105094,2.9779231276650084,372000
581,22260823,0.025,-2.0350286844838834,2.2806465828309146,-19.43832977648563,0.9629293665368595,0.5923400580819019,3.2632079535153387,372000
581,23260837,0.025,-2.0388921876767876,2.328228388252292,-19.493771149042256,0.9970642811236221,0.25556990344956965,3.273875054458526,372000
581,24260855,0.025,-1.9871376662082398,2.3166250499110217,-18.51309883982352,0.9875082026334622,0.47085298061884145,3.2269013747648807,372000
581,20260818,0.0125,-1.8757414078869559,2.2846257967465453,-16.422644160591457,0.9863015366705374,0.835201220326505,2.7244150377143166,372000
581,21260821,0.0125,-1.95289259439323,2.3394194623236317,-17.776973291157812,0.9489275488355099,0.16577630316019107,2.984255087071427,372000
581,22260823,0.0125,-2.036402406879921,2.222898477411629,-19.495161192068156,0.9943475968387598,0.6183210110531983,3.276841743441608,372000
581,23260837,0.0125,-2.033088193318799,2.2754517912390364,-19.444781472738146,0.9358572037136257,0.2886340908206295,3.262008989554664,372000
581,24260855,0.0125,-1.9903494295859792,2.312608832163699,-18.55310132485455,0.9481715211313665,0.512114485745093,3.2338125581611967,372000
582,20260818,0.05,-2.51482382455026,2.3650706230639247,-30.274771284278835,1.1104883934282497,-1.4229672337017338,6.700690618469338,372000
582,21260821,0.05,-2.518990855513918,2.3877404548099554,-30.102474719682967,1.0946641391486807,-1.3730590486526468,6.721125013228911,372000
582,22260823,0.05,-2.5342317638810927,2.4321622796581437,-29.91194265429552,1.1652998403128392,-1.4252758140394706,6.716332383510943,372000
582,23260837,0.05,-2.5405258350886295,2.2296073709747994,-30.337354403130508,1.2133990001634054,-1.3317723236122478,6.589800311725391,372000
582,24260855,0.05,-2.5270697168609124,2.336514874791874,-30.121979024850233,1.0863538778686594,-1.427282147671228,6.542412851455686,372000
582,20260818,0.025,-2.5053890770679876,2.23173208865451,-29.928059959101844,1.1809886969286585,-1.3946601776600844,6.598879951468656,372000
582,21260821,0.025,-2.523511056583717,2.267706273324619,-30.570089373236833,1.2248702893487813,-1.4478167467180447,6.648685283329031,372000
582,22260823,0.025,-2.5208712482942115,2.354826397557908,-30.500952173468367,1.2584638822345995,-1.4037411830369793,6.513326491859862,372000
582,23260837,0.025,-2.5042505349329924,2.15568052949039,-30.016681024491238,1.204125277252943,-1.4048657458016585,6.644551675337367,372000
582,24260855,0.025,-2.5237798131032494,2.2789683607216866,-30.497665154487883,1.166977825548564,-1.3881406498254094,6.709904227751316,372000
582,20260818,0.0125,-2.5118512138399467,2.1466842254341145,-30.449931420558407,1.2044764602036833,-1.3899274971645006,6.62135132140431,372000
582,21260821,0.0125,-2.5239909701177075,2.1743636861523914,-30.267935428737424,1.1798350453537254,-1.3890962244539287,6.816493306172234,372000
582,22260823,0.0125,-2.529627590286968,2.2184765648857194,-30.40394827238325,1.2749474406602406,-1.4080951318768573,6.676124638796855,372000
582,23260837,0.0125,-2.5144543168644686,2.172695864977992,-30.221630072394923,1.1814893985833819,-1.3528102265223514,6.5508087237229065,372000
582,24260855,0.0125,-2.5183273207627432,2.2374413090714413,-30.118351976426716,1.230580768364765,-1.3384647777991996,6.707757128667219,372000
583,20260818,0.05,-2.067836387180508,3.0471340924733066,-20.014963452946557,1.1752793384218494,0.36887184391237265,3.6037872665676303,372000
583,21260821,0.05,-2.0253585903623668,3.0445180695225598,-19.199862517662,1.181862287724849,0.6296129552873273,3.6349471453642317,372000
583,22260823,0.05,-1.9962119339956375,3.018846888356093,-18.228956802037462,1.1525805580033153,0.6038201677956054,3.790426260624817,372000
583,23260837,0.05,-2.138036544522675,3.1496543149243474,-21.51175928128168,1.2160141806208065,0.8195057493341894,3.6696953963303827,372000
583,24260855,0.05,-1.9954911494644547,3.0237691939913445,-18.538182529281578,1.3527284899166316,0.690456213174838,3.6987890068135783,372000
583,20260818,0.025,-2.06849043316109,2.929965440290001,-19.994680708642026,1.185162739141096,0.4349138076261793,3.6154375912338,372000
583,21260821,0.025,-2.009466398575896,2.895565885431023,-19.267976926980232,1.1697142084596273,0.7192290337042355,3.63479061107309,372000
583,22260823,0.025,-1.999744014162922,2.892563861800438,-18.34511569870527,1.1839286001173859,0.6603643456882753,3.802046635134593,372000
583,23260837,0.025,-2.1428010007989418,3.0330202298045523,-21.52283744940808,1.208892431207889,0.8759016930632988,3.6711296269315383,372000
583,24260855,0.025,-1.9884222807224923,2.9049474320001756,-18.581885976438926,1.347494945638346,0.7553685310977966,3.6947655165219913,372000
583,20260818,0.0125,-2.067019225553868,2.894013119652537,-20.020045720093545,1.1714632630846744,0.43096786461260006,3.6243601600374906,372000
583,21260821,0.0125,-2.01658881032935,2.8733814047542796,-19.412409746631525,1.1623049641186103,0.7623512763606499,3.634745778496463,372000
583,22260823,0.0125,-1.9980463285012338,2.816910250635108,-18.415831371884362,1.2485560249946754,0.690365473979873,3.8201703540337397,372000
583,23260837,0.0125,-2.1392374302009927,2.914367226237985,-21.534207559675977,1.2053441332370909,0.9271959848725664,3.674070470948388,372000
583,24260855,0.0125,-1.9869962750396606,2.828443677209259,-18.62941983625769,1.343357451894488,0.79755853989578,3.6897442935386873,372000
584,20260818,0.05,-1.8894933840498547,3.7219711630062573,-23.046165919899167,1.2407826802178878,0.09781422199278372,3.7313354528708125,372000
584,21260821,0.05,-2.005708601046602,3.81222108494168,-22.75923399411616,1.2916387696564635,0.9014215311315843,3.633588837971828,372000
584,22260823,0.05,-1.9565720840419658,3.9179382830040717,-23.019041443858438,1.2790775178175473,0.6518445129402307,3.775991981282926,372000
584,23260837,0.05,-1.9461258115363629,3.8121316000483163,-22.105832980461326,1.3205990563889556,0.8729763944085579,3.610575831877999,372000
584,24260855,0.05,-2.077288424264497,3.8729518438518613,-22.569401446662,1.4373012499880424,0.4205582689624802,3.710216261462572,372000
584,20260818,0.025,-1.8745659928364673,3.784687870836227,-21.3852371357053,1.2616829191816066,0.14243782065179011,3.7541072909676063,372000
584,21260821,0.025,-1.9942962904742867,3.774494666566623,-21.46898063322357,1.2869061815855984,0.9581949482969273,3.6380432355782237,372000
584,22260823,0.025,-1.9544085958187987,3.740655520849327,-21.927641397515806,1.2974301682517777,0.6948811780017898,3.7767157671059217,372000
584,23260837,0.025,-1.9479527553217015,3.650419682353397,-21.242562673360258,1.2335427237989673,0.929079503416248,3.612396017448131,372000
584,24260855,0.025,-2.064807271198362,3.731077939949215,-21.353963226458823,1.4327746948322004,0.4972698555861575,3.7129933153800763,372000
584,20260818,0.0125,-1.872429023506231,3.678287540807687,-20.763219856433842,1.308441510835125,0.15641659003762162,3.7632542701834417,372000
584,21260821,0.0125,-2.0002218225527733,3.722773438852398,-20.993800641672244,1.2856897306088673,0.9729646106421419,3.6271830149060533,372000
584,22260823,0.0125,-1.9548368847534774,3.643046025800092,-21.083084885122137,1.2984603269619703,0.7289001061713403,3.77679964333959,372000
584,23260837,0.0125,-1.9426115736228375,3.586270145285414,-20.559899001542437,1.2223860333543253,0.9588593957237167,3.6150871911866096,372000
584,24260855,0.0125,-2.0632130595506344,3.6507074269075357,-20.74181300488107,1.4311042243607734,0.5301387325770034,3.7285191645565976,372000
585,20260818,0.05,-2.0100899118416238,2.4781177591681023,-19.048667788823774,0.977235908061144,0.48856998580536176,3.451887529503157,372000
585,21260821,0.05,-2.050328784886263,2.4506324840899025,-19.599792811738816,0.9713771174950344,0.3715539300728663,3.629670141830208,372000
585,22260823,0.05,-1.9764656481140535,2.5057060949470427,-18.242578785763524,1.0116446218285953,0.08755483263051812,3.4854041788268737,372000
585,23260837,0.05,-1.9450811466704485,2.510129167569746,-17.481437746642968,1.0156205253884674,0.4411729556942684,3.521575897315734,372000
585,24260855,0.05,-1.9330515940744086,2.512325139598491,-17.47085759599277,1.034424286766024,0.3438125285137354,3.4757587686148605,372000
585,20260818,0.025,-2.0144818536769584,2.4174663226840383,-19.08980349288108,1.011927503757121,0.5555801914474184,3.4599432727820427,372000
585,21260821,0.025,-2.0498580240736017,2.377734026542859,-19.69454577190087,1.019056624667237,0.382715500137072,3.645098898502704,372000
585,22260823,0.025,-1.972785052003767,2.414982033294248,-18.289811448472893,1.0480331909035892,0.17977935502090123,3.4867695852096308,372000
585,23260837,0.025,-1.9384617697313524,2.391320048514998,-17.580252701163523,1.0242901823665964,0.5244602253697888,3.5215305128035546,372000
585,24260855,0.025,-1.9344373070483412,2.3962507644118523,-17.55556444553646,0.9870985366533217,0.4234717296556636,3.485645581769131,372000
585,20260818,0.0125,-2.018337744012383,2.346632692310036,-19.099515809481797,1.0162200941152877,0.5764963265321792,3.482384911770447,372000
585,21260821,0.0125,-2.0465758721088743,2.3386900559187054,-19.679422661839485,1.0020285607697836,0.398403949840542,3.6437774443725592,372000
585,22260823,0.0125,-1.976942376195488,2.3367091425823876,-18.37988136968909,1.0227748722945509,0.23115115903094846,3.4859159882357216,372000
585,23260837,0.0125,-1.9391915674054678,2.3448713371744905,-17.570800118079816,1.026655834452148,0.5660376569265742,3.5190584992291662,372000
585,24260855,0.0125,-1.9404186350277373,2.3500964157847832,-17.68748671092235,0.9989487227458266,0.47110543493542517,3.496650659704136,372000
586,20260818,0.05,-1.8995324033356973,3.8987861280928326,-22.873585211887026,1.2567120621217482,0.3731825000039147,3.0552884780382676,372000
586,21260821,0.05,-1.877766348026956,3.8996566833605018,-23.0936145967386,1.303518282829696,0.23237228207243601,2.8777688417964744,372000
586,22260823,0.05,-1.8688986990100276,3.9283597429281665,-22.967713813108276,1.346191346022574,0.3710162877187059,2.742490906942172,372000
586,23260837,0.05,-1.8745404165935273,3.9072200783626423,-23.048086107135397,1.3078575463260838,0.5208002138847525,2.787946720890846,372000
586,24260855,0.05,-1.916281522554113,3.904303379561069,-22.968786093085615,1.276960264572128,0.37604472799653155,2.9627682934873607,372000
586,20260818,0.025,-1.8862379088065815,3.749539312676653,-21.78219423152476,1.2556248424056473,0.4333425692263688,3.0798105101673334,372000
586,21260821,0.025,-1.8808746473282305,3.7649240054439312,-21.928708063352016,1.3270262429609043,0.2971784840218255,2.888462920088061,372000
586,22260823,0.025,-1.873371316653579,3.7780144688583808,-21.758532040976764,1.307124470955942,0.3947660210664785,2.747393930019634,372000
586,23260837,0.025,-1.8586214709224165,3.77497976155356,-21.864085977776025,1.2696396379024173,0.5334248711056895,2.785661213824345,372000
586,24260855,0.025,-1.919510267656275,3.7956396270916657,-21.820041510459973,1.2723009607185665,0.4239866646033638,2.96916262222369,372000
586,20260818,0.0125,-1.8892430055120226,3.6949667505684665,-21.185270521298378,1.372500671121096,0.4700129306454229,3.088272341153738,372000
586,21260821,0.0125,-1.8822585758193406,3.7090765273284187,-21.29127462362883,1.310575541659632,0.337301742463956,2.892757007585525,372000
586,22260823,0.0125,-1.8768436965258417,3.7049922027173876,-21.26317307373404,1.2996222016710013,0.4140632733836692,2.771363510204038,372000
586,23260837,0.0125,-1.8557742003284743,3.6997524110660045,-21.279285864087864,1.2652956851680655,0.5398611538928468,2.782931960347336,372000
586,24260855,0.0125,-1.920178217762986,3.705480455069824,-21.21587639245233,1.2691777223929914,0.4488667578202688,2.9755251818647883,372000
594,20260818,0.05,-2.2067865268906517,2.614167859902572,-22.542966689169287,1.0525699395307095,-0.35783893891516877,4.402539801764723,372000
594,21260821,0.05,-2.1179100585390156,2.744015050777502,-20.99553884489147,1.0033529301821351,-1.5159961778611442,3.812003299381534,372000
594,22260823,0.05,-2.0677155717114233,2.763763207669046,-20.075560145692556,0.9629092557523862,-1.5058606982479446,3.631134787488552,372000
594,23260837,0.05,-2.079758438472501,2.6501931894836455,-20.177438133052412,1.0290713129898235,-0.8825814332292239,3.8459802265457896,372000
594,24260855,0.05,-2.065429548603285,2.7965487954170904,-20.101651285361523,0.9411453219498132,-1.9142736305855046,3.6233353595088365,372000
594,20260818,0.025,-2.199701226924637,2.4841504779576686,-22.6443115210358,0.9777500733071149,-0.29681796300308055,4.431713734999667,372000
594,21260821,0.025,-2.1122986975873688,2.638421145430902,-21.016826415655995,0.9339557074202084,-1.4355233321703589,3.8147063373671446,372000
594,22260823,0.025,-2.061305786457099,2.6492509053449815,-20.08766427151403,0.9643402760531178,-1.4207525370921388,3.6321159630100763,372000
594,23260837,0.025,-2.07471070028807,2.5467993163851443,-20.266182498653226,0.9687347848031226,-0.8410475707745028,3.8684265215082276,372000
594,24260855,0.025,-2.077562630071213,2.7102723403155986,-20.20955131746135,0.9367430399439509,-1.8611690157838232,3.651076375603108,372000
594,20260818,0.0125,-2.1889904220983274,2.422397131996392,-22.621250243396368,0.9190141839387092,-0.2721428133023974,4.4246673050049035,372000
594,21260821,0.0125,-2.112065146520631,2.5961139054002595,-21.023958392576613,0.9501296906561157,-1.3946373296956054,3.8166683693433416,372000
594,22260823,0.0125,-2.062762951878454,2.6166167772206723,-20.091074714450315,0.9393109591401229,-1.3862141860477457,3.633235603192944,372000
594,23260837,0.0125,-2.07586057201699,2.5440397940501422,-20.297116841461833,0.9878452028718476,-0.8232970048405825,3.8766019740522717,372000
594,24260855,0.0125,-2.079088889071096,2.6768455642286946,-20.260472930433036,0.9329156771213319,-1.8343194840303259,3.66342587214727,372000
595,20260818,0.05,-2.0716056627431523,2.963762700093177,-20.020818501587183,1.0269794520217819,-1.7893030341990404,3.5901684982348776,372000
595,21260821,0.05,-2.0228446635059902,2.889636082435498,-19.154845666915012,1.0341650537020008,-0.5556931603188939,3.3709723070417668,372000
595,22260823,0.05,-2.0190741886255825,2.9868714062399166,-18.974857831813644,1.1004565121270025,-1.6823810110210482,3.4836792859807373,372000
595,23260837,0.05,-2.078504421323909,2.9638200038992455,-19.79438258349824,1.0338961294128426,-1.0630922637537275,3.7547551767470098,372000
595,24260855,0.05,-2.089850830396409,2.8192404094124695,-20.343990171516726,1.0838508303724648,-1.1453282620410465,3.928793021262644,372000
595,20260818,0.025,-2.066786725676207,2.8576573517418633,-20.052542338209836,1.0500177543769975,-1.727044645150305,3.598706201114049,372000
595,21260821,0.025,-2.022775285530736,2.782062373067614,-19.152649278656984,1.0515682727620448,-0.5101750470124804,3.3836752127378453,372000
595,22260823,0.025,-2.0109541675809903,2.891599395145399,-19.001140308740435,1.0054628910259291,-1.644170690018291,3.494564011890097,372000
595,23260837,0.025,-2.063685521411905,2.822585654152511,-19.829437886397297,1.0451619912829058,-1.0421039194047401,3.771613533071057,372000
595,24260855,0.025,-2.079265623869142,2.72032001837827,-20.388595801934567,1.03173391596362,-1.097962270396285,3.9444833273149356,372000
595,20260818,0.0125,-2.061894753917491,2.8162287202154137,-20.062819290787683,1.007637511043052,-1.6953898872311688,3.6017836032016985,372000
595,21260821,0.0125,-2.0226712239127704,2.685094271145016,-19.155860357716858,1.059879596165223,-0.4855631276952335,3.387081787153415,372000
595,22260823,0.0125,-2.0123432001479715,2.8558463433964714,-19.015179745977985,1.016663332555937,-1.626220263346797,3.499324089049459,372000
595,23260837,0.0125,-2.065607649249995,2.782698805141431,-19.846692813002885,1.0017347896640298,-1.0275034808924584,3.768643443509426,372000
595,24260855,0.0125,-2.0769693043900737,2.7030844478774068,-20.420150505084667,1.0656609907669006,-1.0698391990467488,3.9524952852100275,372000
596,20260818,0.05,-2.253296393735331,2.371707813301066,-23.99320776732667,1.0666938362880176,0.45385505550071115,6.032789471014311,372000
596,21260821,0.05,-2.258735455431808,2.265526721086466,-23.877014275229122,1.1103395191031575,0.5158516786809084,6.032778363084997,372000
596,22260823,0.05,-2.2169247047129104,2.3231743859646024,-23.099526227717085,1.159230466302178,0.5457427720036279,6.051442342554959,372000
596,23260837,0.05,-2.2792802098159948,2.324311817908721,-23.822497802423552,1.1194907758018555,0.455468151585686,6.021252620337381,372000
596,24260855,0.05,-2.2530537646561744,2.3223217266452103,-23.87042272925393,1.095258538341229,0.4970951072264909,6.132829359999918,372000
596,20260818,0.025,-2.2674422096646043,2.259449292180541,-24.009983047755405,1.1500782878905271,0.535000542306628,6.029525521402968,372000
596,21260821,0.025,-2.2560880987311065,2.174288280368172,-23.990158500849645,1.107286112270341,0.46516225633992997,6.024734163484591,372000
596,22260823,0.025,-2.2593894538554555,2.2234627011608854,-24.36973523219543,1.153241657517923,0.5592999766399215,6.033449106604345,372000
596,23260837,0.025,-2.2406040613411315,2.145967487968718,-23.902439561673603,1.1816903471064182,0.5344214699275742,6.044379412257303,372000
596,24260855,0.025,-2.261519535107979,2.188983640971658,-24.3396463031654,1.1682698901353104,0.5298975333462196,6.042652893198359,372000
596,20260818,0.0125,-2.2539688438122867,2.2095743488726804,-24.032006883321046,1.1040977484184518,0.5786702556239853,6.005114482927254,372000
596,21260821,0.0125,-2.248993135365699,2.123930273671667,-23.998927355259752,1.2139259980617179,0.46441473821189894,5.9920096106341045,372000
596,22260823,0.0125,-2.251198643315849,2.197321791262231,-24.232241625083258,1.1162201454727565,0.5532303371016927,5.967161474397233,372000
596,23260837,0.0125,-2.2429360854959293,2.190878101070147,-24.118256694290405,1.1457333313645863,0.5523046116623851,6.032180755886509,372000
596,24260855,0.0125,-2.2791278802873336,2.1720379777452976,-24.637624231599,1.1492527568392619,0.5363530677326602,6.006378677437555,372000
597,20260818,0.05,-1.9135873016768066,2.345476542105552,-16.733829028965552,1.128352067001245,0.4947774017147602,5.603959898044632,372000
597,21260821,0.05,-2.0885047951129114,2.4024660395338344,-20.52929232117244,1.198577654537957,0.20639681642079147,5.6054463190642485,372000
597,22260823,0.05,-2.1234749118701397,2.4664867392803003,-21.03878755801245,1.1596714405836348,0.07739687482790497,5.5614064564690455,372000
597,23260837,0.05,-2.0694884269783502,2.3017710154048254,-20.184664780297627,1.0935389746557758,0.9413753480327449,5.592223781168389,372000
597,24260855,0.05,-2.0513443271488683,2.418722907501085,-19.57424137702732,1.2250803480978116,0.4787918338340189,5.528798657511386,372000
597,20260818,0.025,-1.9071603972006648,2.2543351956987503,-16.85661444023363,1.204751158871644,0.5586823606812218,5.586698068389224,372000
597,21260821,0.025,-2.096132422970242,2.4149690333044957,-20.583301474567612,1.1418174789570994,0.24242644876005714,5.575281104640749,372000
597,22260823,0.025,-2.1079052644407454,2.362596265731453,-21.120309198212244,1.2243912025956456,0.1529104593516002,5.510241615435319,372000
597,23260837,0.025,-2.0673677550363134,2.212613072720589,-20.17707584778189,1.1594732472787561,0.9610937621320434,5.573114445306814,372000
597,24260855,0.025,-2.0404064311617547,2.284486048556249,-19.589359065639012,1.201980985338284,0.5178275451780511,5.5150883165598135,372000
597,20260818,0.0125,-1.9100371374573704,2.2533145783354307,-16.907329789783663,1.116449982071493,0.600200176404777,5.4836956781965736,372000
597,21260821,0.0125,-2.094444263949244,2.296245423015852,-20.608958683835326,1.1300767163266243,0.25609502142099555,5.599822461101431,372000
597,22260823,0.0125,-2.1087697424436302,2.310617763490217,-21.141627409684812,1.1306745190502159,0.2019632804285932,5.563746171311606,372000
597,23260837,0.0125,-2.068046500761958,2.174557040601994,-20.202540509708037,1.1316042139849145,0.9792978711044626,5.591376786479984,372000
597,24260855,0.0125,-2.037432610839569,2.2567854125946276,-19.588536860075088,1.1518246257279994,0.5214776565719803,5.556022185711207,372000
598,20260818,0.05,-1.7411294745505619,3.594541070258033,-20.051743035474946,0.8538441419783771,-0.051204498225577134,2.770009260094418,372000
598,21260821,0.05,-1.7472320337868452,3.6244226963014587,-19.95701344335719,0.9419267385418417,-0.13691132346100623,2.7612939452593346,372000
598,22260823,0.05,-1.7433855921915766,3.6095110585258725,-20.117901826611135,0.9202496252449087,-0.09396997918113387,2.768851117809866,372000
598,23260837,0.05,-1.7315423659043292,3.6051303422509053,-19.962792270517376,0.8970001299329379,-0.0811831361152951,2.7500225269586402,372000
598,24260855,0.05,-1.7424923053794181,3.6055299041453033,-20.08219288491674,0.8943538685967404,-0.13532693010971883,2.799587577883345,372000
598,20260818,0.025,-1.6816909707016494,3.4685656744386035,-18.80221141591786,0.871505128255879,-0.06607528327122904,2.7861226891559556,372000
598,21260821,0.025,-1.7304563152504295,3.463436773089225,-18.9218225938729,0.8743964796045737,-0.13632666747044672,2.7945941201111926,372000
598,22260823,0.025,-1.6809127539897215,3.456524879760384,-18.8519896466932,0.8748842636051972,-0.10503776885468544,2.792370555158614,372000
598,23260837,0.025,-1.6821414062358533,3.4596138173531306,-18.84951379903177,0.8373204091530445,-0.07788073658676542,2.842606155806149,372000
598,24260855,0.025,-1.6814680244985727,3.4619000143721963,-18.896651528471978,0.8954550098824834,-0.12524642067570513,2.7933227415298636,372000
598,20260818,0.0125,-1.6990587439411418,3.4048705785761433,-18.47898832967635,0.9148763546178087,-0.05790092183982544,2.7838343241807597,372000
598,21260821,0.0125,-1.699960555137402,3.401128204813779,-18.51736192164513,0.8856640992538227,-0.12696179643048222,2.8115691484435033,372000
598,22260823,0.0125,-1.7024402698393337,3.391718587514487,-18.365907102488233,0.916806715779631,-0.11621105474204209,2.7850777095122465,372000
598,23260837,0.0125,-1.713506438782386,3.4053067576174056,-18.392074086508973,0.8712523674843353,-0.06991110318462641,2.8947196616276765,372000
598,24260855,0.0125,-1.7270162318931552,3.4204132482974625,-18.371390525785706,0.9308161254656221,-0.13957394738425247,2.8090724047506535,372000
599,20260818,0.05,-1.7438844561690454,3.668370199402907,-20.434658483704048,1.3425256745880323,0.935849184654626,2.75398941808608,372000
599,21260821,0.05,-1.7485219254441624,3.6619677727685946,-20.50057189534643,1.2237190808463105,0.9607061871435923,2.78002151555466,372000
599,22260823,0.05,-1.7632532464239652,3.678994388868381,-20.4663511895561,1.2845449914959908,0.9810560990099726,2.7516455809449436,372000
599,23260837,0.05,-1.7619239096697514,3.6679886619545305,-20.488656308237974,1.2413310758621596,0.9863398891237464,2.7687795164370947,372000
599,24260855,0.05,-1.7661526706149784,3.653575160968034,-20.515508983485148,1.3257307748799105,0.973085848281591,2.801631093761198,372000
599,20260818,0.025,-1.6649373011921202,3.528734644000375,-19.400997158016036,1.3388874915830191,0.9626081830853935,2.7904462760710267,372000
599,21260821,0.025,-1.6584846121873116,3.5278672060491676,-19.381506382300394,1.2579596017663968,0.9732960734760167,2.8065642254495047,372000
599,22260823,0.025,-1.6659413781202494,3.5277342972088244,-19.339227369107,1.2583240998146084,1.0057442729828296,2.8115640012782763,372000
599,23260837,0.025,-1.6701136440523312,3.534391940749665,-19.41548823262024,1.2763727570432317,1.0042327302412333,2.843994829263987,372000
599,24260855,0.025,-1.6690060230179466,3.5534627859822914,-19.440006353477735,1.3251630483132786,1.0088265447481666,2.8299380119233044,372000
599,20260818,0.0125,-1.6342267450156402,3.452818086619537,-18.829275114533434,1.2547076020385488,0.9832330782663887,2.8243015361738877,372000
599,21260821,0.0125,-1.6290137105730758,3.4662042465516247,-18.968066119414694,1.2379111104066656,1.0009582595754867,2.849656390255218,372000
599,22260823,0.0125,-1.634252281181609,3.466254839051832,-18.85641936769257,1.2507653613897265,1.0225492410481476,2.808196644027264,372000
599,23260837,0.0125,-1.6304564234293357,3.4810867167207182,-18.98606018778721,1.2743882403775502,1.0217973022606346,2.8038936793060714,372000
599,24260855,0.0125,-1.6300765085787494,3.464599657043952,-18.839525088424217,1.323814631192088,1.0391405730863352,2.7958550112284666,372000
607,20260818,0.05,-1.7417094759098892,3.5815187253392753,-19.90047331593593,0.9427564882539397,0.9709146480259772,2.788923800902214,372000
607,21260821,0.05,-1.7373252834939619,3.592229553563422,-19.972442126422102,0.9538417449324588,0.9778453194023982,2.7785906794329476,372000
607,22260823,0.05,-1.7461113661380157,3.605974663689675,-19.974976055151743,0.8705157644063161,0.9986976450169485,2.7849695614012004,372000
607,23260837,0.05,-1.747096325191206,3.594178134276745,-19.93244001484851,0.8738791289360162,0.9633307088129652,2.73338267585203,372000
607,24260855,0.05,-1.7318826063683614,3.593889388368893,-20.14459187239698,0.8748173817374313,0.9947754683153747,2.7657765203577633,372000
607,20260818,0.025,-1.6608681157983194,3.4693432639831734,-18.926952683449382,0.8994754384001289,1.0360410816894876,2.794888414258682,372000
607,21260821,0.025,-1.657909695227785,3.4754684410841086,-18.95014407190588,0.8972082328117476,0.9942876940346185,2.8059569302336524,372000
607,22260823,0.025,-1.6561283827482034,3.4590323147558384,-18.85788633721596,0.8887487074874755,1.0438090738740997,2.802684983634973,372000
607,23260837,0.025,-1.6609420547226637,3.4468393140840377,-18.95332980980078,0.9315985415478795,1.0319997641737417,2.7872916762745765,372000
607,24260855,0.025,-1.6557638616425614,3.463943674600482,-18.934987803667532,0.8829852754676825,1.0233217967614163,2.817937457590434,372000
607,20260818,0.0125,-1.62001724952156,3.4123576741199213,-18.319067398721508,0.9110517381007951,1.0070354372746797,2.820910375292,372000
607,21260821,0.0125,-1.6239324544175133,3.403624694954883,-18.29246531151254,0.9336555574498047,1.0595054275972422,2.825979220567893,372000
607,22260823,0.0125,-1.6231399769219523,3.4160998863712653,-18.34636493939398,0.8955072743060218,1.0348220923322005,2.830226988791601,372000
607,23260837,0.0125,-1.627885537832869,3.39788631379671,-18.38906306763264,0.9196388954076647,1.066997862531052,2.7911696376220285,372000
607,24260855,0.0125,-1.628598200026951,3.401406245441922,-18.451539959099865,0.8995805310612863,1.0542110530320103,2.8278331988835146,372000
608,20260818,0.05,-2.2450774775747737,3.6004549048704653,-23.60949610278151,1.0123135994657624,-1.4437124680812103,6.887140265732264,372000
608,21260821,0.05,-2.226293672339574,3.5946858109173396,-23.142820040041272,1.0680079041989043,-1.3642525006658999,6.899853593065677,372000
608,22260823,0.05,-2.241283593683846,3.5799210957172174,-23.603204093180842,1.1167639821439537,-1.4421224501452592,6.973973391138613,372000
608,23260837,0.05,-2.2303698181637217,3.5989182799795936,-23.158776316892986,0.9874773130414147,-1.365190153410642,6.936760612173765,372000
608,24260855,0.05,-2.250073040188395,3.588675800902253,-23.55802850225479,1.1777765841173344,-1.3805004402575098,6.95777793070041,372000
608,20260818,0.025,-2.2259435104615815,3.4461483605249734,-23.16221425795626,0.988881912469986,-1.3829122868761823,6.906936542609884,372000
608,21260821,0.025,-2.2249389254193024,3.4848224392026808,-23.227648985706573,1.0526962404266174,-1.3762105942438052,6.924349961749944,372000
608,22260823,0.025,-2.2378539349380695,3.447102714160198,-23.2536018599345,1.084382395739651,-1.404532934409359,6.890223009806635,372000
608,23260837,0.025,-2.2277543723457516,3.4615819409610005,-23.270415799048468,0.992592478390348,-1.3811112217491115,6.866204279791565,372000
608,24260855,0.025,-2.2284195304410503,3.4535572322601915,-23.23471325480605,1.1743344172306536,-1.3866395673895353,6.888713533342082,372000
608,20260818,0.0125,-2.223550178906667,3.387735957581332,-23.143322868369545,1.0157675804223398,-1.413171782474026,6.879712362872842,372000
608,21260821,0.0125,-2.2369600417797404,3.4212097649592357,-23.435842602359315,1.0621820820723606,-1.3862844918035515,6.99997187329142,372000
608,22260823,0.0125,-2.2382699587568458,3.4140421456187706,-23.448115555172738,1.1987496041610763,-1.4248114780227663,6.848184979561781,372000
608,23260837,0.0125,-2.220452261474372,3.3978921981150796,-23.18594525197827,1.010447717436885,-1.337428009602127,6.915924908041015,372000
608,24260855,0.0125,-2.2355730655305197,3.390039833457227,-23.299513296025385,1.2064974524842655,-1.3628446162152885,6.914524342934583,372000
609,20260818,0.05,-1.7474875689010676,3.619087292582736,-20.08116552214688,1.2518743813013957,1.766494644013973,3.89478699359355,372000
609,21260821,0.05,-1.7574469483151967,3.600469511903862,-20.00865380666641,1.3258041194165824,1.772922024397824,3.879691996110644,372000
609,22260823,0.05,-1.7357879779771832,3.6189721711085867,-20.007503978010373,1.2295164510892929,1.7322381765464927,3.861821178999813,372000
609,23260837,0.05,-1.73947465982937,3.6055034479585517,-20.05918190101771,1.2440200375700396,1.732168068901947,3.8637010546082715,372000
609,24260855,0.05,-1.746320591994606,3.595596658707617,-19.99609989317927,1.245780408362458,1.734489702137639,3.8776169308794692,372000
609,20260818,0.025,-1.6718636239365288,3.477031890916281,-18.9986310143957,1.2302499348680016,1.8361508064519576,3.942013544050167,372000
609,21260821,0.025,-1.6589211667126198,3.4666861650216454,-18.943525160097646,1.2818992723787703,1.815154568726799,3.8999731640420094,372000
609,22260823,0.025,-1.6630847113785792,3.4670640789602922,-18.982991231964647,1.230732034622949,1.814296404962951,3.817858213469806,372000
609,23260837,0.025,-1.6684822278979716,3.4811636229366947,-18.95020049536301,1.238566269683901,1.8015165097911607,3.9080738104515365,372000
609,24260855,0.025,-1.6615309654628605,3.471284080186382,-18.95214558730979,1.243484918147651,1.7760165167700288,3.866462780461327,372000
609,20260818,0.0125,-1.6300620433547732,3.425869452271879,-18.542175099342693,1.227825481467622,1.852171072897226,3.9397855238361426,372000
609,21260821,0.0125,-1.626894859591342,3.426030330788975,-18.314705058831677,1.2765452820787542,1.8140816206198298,3.8924422745372653,372000
609,22260823,0.0125,-1.6350610631185758,3.4093493710371594,-18.53114097114938,1.264733221985207,1.8276783201458557,3.9140014723659067,372000
609,23260837,0.0125,-1.6232550670191235,3.4088500387009466,-18.35649574440721,1.2454087308513393,1.7849404725699387,3.939435217730292,372000
609,24260855,0.0125,-1.6259316794099066,3.4039453810775284,-18.392833586126656,1.260752006362884,1.8067219066466027,3.9161439522106156,372000
610,20260818,0.05,-1.8660565738319765,3.910231404197931,-22.84802127350214,1.2854738053165828,1.709513920187,3.41923374490963,372000
610,21260821,0.05,-1.8647197037957999,3.889510979627167,-22.962596669918675,1.2550978944067799,1.7594004977596105,3.465669709721772,372000
610,22260823,0.05,-1.8734187973353587,3.959551664565714,-22.930497054822197,1.3309517388870762,1.7601928834364444,3.379125536232211,372000
610,23260837,0.05,-1.8570680072455636,3.9313102445893855,-23.2014985013164,1.3077021226451204,1.771121557309769,3.3544086572731775,372000
610,24260855,0.05,-1.8755248439092616,3.8834350772081456,-23.06674759092986,1.2905841525537225,1.7135843918147176,3.357878587482905,372000
610,20260818,0.025,-1.7424173771106608,3.780988489548645,-21.669841629752256,1.2839638477542685,1.798252916485727,3.417916555173918,372000
610,21260821,0.025,-1.7599695656736971,3.7579545255337625,-21.78511555366472,1.2537082915897664,1.8120659234062084,3.4655303632455636,372000
610,22260823,0.025,-1.760893379153565,3.821241570368595,-21.877699529860326,1.2739628694271743,1.798117834663599,3.4086403494256037,372000
610,23260837,0.025,-1.7548699480490473,3.775197241874366,-22.275628402910105,1.303379199999634,1.8179314097844,3.3554785122600768,372000
610,24260855,0.025,-1.768005551410158,3.804439478723243,-21.663730488645488,1.2838618011895198,1.7562710926083847,3.3565408389701656,372000
610,20260818,0.0125,-1.711200079823994,3.709347121678821,-21.106478433502474,1.2832873568317364,1.8204671998303776,3.4128723180872163,372000
610,21260821,0.0125,-1.7322233124343476,3.6889752432965826,-21.177538084118833,1.2632585519596886,1.8139189441858423,3.4654443972984006,372000
610,22260823,0.0125,-1.7347483415607434,3.7456393816512596,-21.37980110916305,1.2654661184476912,1.8245861043186207,3.3753092740000348,372000
610,23260837,0.0125,-1.7274145725743357,3.6936335606403414,-21.97344107495687,1.3010326287167637,1.8381682044935157,3.3547405140328923,372000
610,24260855,0.0125,-1.7330761059074185,3.7151971517414206,-21.17749124666389,1.28070236347276,1.8009968501343987,3.3658799058823643,372000
611,20260818,0.05,-1.7662344984658909,3.601305355085988,-19.937590671545156,1.1805161180030548,1.2902298090844553,3.9424210372868056,372000
611,21260821,0.05,-1.820737835800276,3.5882430153664933,-19.90087264400841,1.233168132169507,1.3569593377236604,3.9443878298593034,372000
611,22260823,0.05,-1.7381712046049467,3.5854857567459635,-19.99242760012163,1.1698167676545086,1.2448150639439606,3.878634129891672,372000
611,23260837,0.05,-1.7995878212587075,3.6026547499051005,-19.96320431173637,1.1942022359940732,1.2070638357826764,3.920898421133984,372000
611,24260855,0.05,-1.7585080843811423,3.581350538689424,-19.980213604280753,1.202128260409252,1.1397570011789864,4.0418173197591285,372000
611,20260818,0.025,-1.756116966578314,3.4616857205935787,-18.828165711425854,1.1807082724522289,1.290699917722621,3.9201860007969938,372000
611,21260821,0.025,-1.8033578444209448,3.4823063937146364,-18.980906110065426,1.2277916515028986,1.3572277812441913,3.9202151195541584,372000
611,22260823,0.025,-1.7045656430491136,3.4849814384709488,-18.919989583986723,1.1671138756293624,1.267922935763826,3.905632909845955,372000
611,23260837,0.025,-1.7990688387271505,3.4571431246096793,-18.828973942328243,1.193466842332768,1.2143407912148512,3.9488555597778223,372000
611,24260855,0.025,-1.7560312997902987,3.4618618398068777,-18.779423862720652,1.2218240460083842,1.1619547526734242,4.031026367820108,372000
611,20260818,0.0125,-1.753612645670305,3.3891675970985524,-18.207853971729847,1.1777350057863458,1.2909324384465681,3.9333104941390125,372000
611,21260821,0.0125,-1.8040653005697511,3.415929862073152,-18.358235645952018,1.2241596478292824,1.3573451764402296,3.974337627095057,372000
611,22260823,0.0125,-1.7033283612879457,3.3980300123347087,-18.425416790188446,1.1647925924071885,1.3127745936177975,4.001206963020145,372000
611,23260837,0.0125,-1.7965869598487112,3.4074948823127174,-18.375250864653513,1.2869415123882006,1.2179089289098863,3.954046333058986,372000
611,24260855,0.0125,-1.7507483241962867,3.417052939145227,-18.411880664992633,1.2383550822055973,1.1849951200986797,3.9821969080724973,372000
612,20260818,0.05,-1.8679152243791919,3.902638374844001,-22.946390549477506,1.2873609523425362,0.49895945049149876,2.7923528669005173,372000
612,21260821,0.05,-1.890309248852398,3.898272476320073,-22.966133201352072,1.3148540915965672,0.5131941938181914,2.7542541985960876,372000
612,22260823,0.05,-1.885352036133141,3.9217954287077057,-22.851306270062558,1.2772211452637072,0.5130449410193201,2.7834471556255487,372000
612,23260837,0.05,-1.8915575610675448,3.9161474164247445,-22.82809530187094,1.28305093996552,0.5445778872893181,2.7653784676235476,372000
612,24260855,0.05,-1.878908247001307,3.8955839626885616,-22.867756941565624,1.276183456471477,0.5313087746605608,2.7784387733973337,372000
612,20260818,0.025,-1.755426334989008,3.7861303558310677,-21.769294294081856,1.2651455809003866,0.5131133727790751,2.8146691632543965,372000
612,21260821,0.025,-1.7662814946934113,3.7687970448732155,-21.88451101041655,1.3579597319480812,0.5252026132379561,2.841044795056367,372000
612,22260823,0.025,-1.7709579386854333,3.771090792782876,-21.959783700012007,1.3183139626936582,0.52539306330655,2.787354461564771,372000
612,23260837,0.025,-1.7571478487774126,3.784329423178036,-21.67138253316274,1.3010522056639884,0.5597829421310723,2.819127551432668,372000
612,24260855,0.025,-1.762864190954298,3.771500722886915,-21.782298856119976,1.2548452151258074,0.537905849772123,2.8146169975513113,372000
612,20260818,0.0125,-1.7244781965717533,3.729479306212384,-21.139159922719145,1.3196036770218056,0.5191906801774713,2.828612784395021,372000
612,21260821,0.0125,-1.7265688677106938,3.706021013629256,-21.16925391860037,1.3486687478364514,0.5281238555735759,2.828312643687397,372000
612,22260823,0.0125,-1.721552837594162,3.7048844191111963,-21.24451788263369,1.3325769685371718,0.5316969224792569,2.8056736951715373,372000
612,23260837,0.0125,-1.720280713745307,3.7059994177543936,-21.416891511642962,1.2867105821320837,0.5668718745091217,2.8300528992865153,372000
612,24260855,0.0125,-1.7248808134631317,3.7405454536761593,-21.3162268500671,1.2736738051161236,0.5415158493834975,2.8460366998396167,372000
620,20260818,0.05,-1.7614782058094423,3.588172312920968,-19.996129250334644,1.0938043515008038,-0.8140953516136035,2.8289563662738777,372000
620,21260821,0.05,-1.9724131818528323,3.5967248432186008,-20.058528402177984,1.0922213024212497,-0.8025992560002373,2.772573428407553,372000
620,22260823,0.05,-2.0446472897824735,3.593402533571009,-19.939667705869063,1.0791795717312078,-0.8909188471470026,3.45861726679482,372000
620,23260837,0.05,-1.8543385547821738,3.59047975961712,-20.001585451615785,1.048265798106424,-0.15289980766683228,2.762827216395118,372000
620,24260855,0.05,-1.829577769263971,3.6210585247733205,-20.05192900906345,1.0682687940705846,-1.0722429794134052,2.7765862542777504,372000
620,20260818,0.025,-1.7579988751429518,3.4669802112695147,-18.790415465719875,1.1161939588123473,-0.7666613968048557,2.8343089054597193,372000
620,21260821,0.025,-1.9636134382347623,3.4792439797548966,-18.915536160541503,1.112447474625442,-0.7515464971063889,2.87091723553866,372000
620,22260823,0.025,-2.037417859947965,3.4708470612063165,-19.4750104071562,1.067923178941521,-0.8560751580493876,3.467258273327664,372000
620,23260837,0.025,-1.847353656695577,3.4623543562857018,-18.92918342440256,1.1091924558677464,-0.12001887441763556,2.8012564866128224,372000
620,24260855,0.025,-1.8250846634753741,3.475971394247039,-18.981102085385327,1.1001299966266285,-1.0328542671141474,2.7850945218649947,372000
620,20260818,0.0125,-1.7604256017840432,3.3934359638797957,-18.296684618603795,1.0325757953162338,-0.746687704431111,2.845748650985953,372000
620,21260821,0.0125,-1.959408038613765,3.397507821111973,-18.430822428989238,1.0586653118949227,-0.7269413712185478,2.86592915794512,372000
620,22260823,0.0125,-2.0310599823620104,3.419718793476049,-19.49490593403187,1.1095790671959,-0.8375825406874042,3.4725295215574485,372000
620,23260837,0.0125,-1.8495746580947456,3.4111246641285167,-18.352094314013872,1.1412398956170065,-0.11511996345324835,2.8475108766686663,372000
620,24260855,0.0125,-1.8217126421197785,3.4311496492116733,-18.316678299228112,1.074295526464544,-1.0097026925645392,2.7901976512402418,372000
621,20260818,0.05,-2.008376880045757,3.591605119116764,-20.01753744057977,1.1491554729035784,-0.3796134656239638,3.9111163649121314,372000
621,21260821,0.05,-1.741249155295036,3.5966657795247126,-19.989616041398367,1.1347143069728534,-1.5782827773721817,2.760148391320912,372000
621,22260823,0.05,-1.8776236794347752,3.608706638949254,-20.02644347746964,1.143645623961166,-1.9131756180678146,3.2528681493203333,372000
621,23260837,0.05,-1.72863661543918,3.6046775731461795,-19.919816743159465,1.167069678921955,-0.6798440195517904,2.833084852530072,372000
621,24260855,0.05,-1.7537024229953735,3.5838751785876646,-19.927759689206436,1.0961688171306967,-0.8725217941710519,2.7393061214438554,372000
621,20260818,0.025,-1.9855448987677566,3.4799583491406527,-18.91513878053675,1.1461888505011144,-0.3473462711503301,3.912676778251917,372000
621,21260821,0.025,-1.6496969456940798,3.476595852808679,-18.848395471425818,1.146070944557784,-1.5254162526925763,2.812037287322461,372000
621,22260823,0.025,-1.877179036721376,3.463527343867837,-18.805778638986798,1.201679378727643,-1.887900060234432,3.264203588808606,372000
621,23260837,0.025,-1.6904480102697073,3.4619375857250563,-19.10539668164115,1.1344672431520162,-0.6497938462249262,2.841926045340463,372000
621,24260855,0.025,-1.7358107647888839,3.461631922811312,-18.940890798039646,1.2204939369451702,-0.852887215411935,2.7948038105307154,372000
621,20260818,0.0125,-1.9850573794220983,3.3898751388225876,-18.407294212476188,1.1134372465536562,-0.3283561777484501,3.918290679425837,372000
621,21260821,0.0125,-1.6220656617360152,3.4007879049339724,-18.454398854220315,1.210703692705296,-1.4992307542330938,2.81930280550329,372000
621,22260823,0.0125,-1.8758012688322414,3.4016247866719826,-18.325619402917084,1.166656363318225,-1.8769447214368373,3.2701698501689385,372000
621,23260837,0.0125,-1.6872016272210486,3.4045529561241232,-18.34130864773738,1.141504132771703,-0.6360390685236516,2.8463471728482723,372000
621,24260855,0.0125,-1.733307772410202,3.408264043575604,-18.315937920028457,1.1399297071579142,-0.8439789496754025,2.82813569096539,372000
622,20260818,0.05,-2.067184952188845,3.5737458798475084,-20.125278555681803,1.2248007343385627,0.5340103226251707,6.067995033367468,372000
622,21260821,0.05,-2.049660683994501,3.58248807162013,-20.019676428853902,1.1248687005622235,0.5451141412315034,6.116744245230478,372000
622,22260823,0.05,-2.034441454200814,3.590951569389649,-19.948605631344865,1.4142682124109267,0.5675789469727529,6.073578060885752,372000
622,23260837,0.05,-2.039632031137907,3.601535967438196,-19.96848771787518,1.248899289736607,0.5484363591351826,6.132868123944856,372000
622,24260855,0.05,-2.0544175972687637,3.5978341130562606,-20.00307084034288,1.1825037916779926,0.49832955836959225,6.0877805599562675,372000
622,20260818,0.025,-2.036855778184123,3.4454976537439306,-19.29165658035203,1.171148886265843,0.49853241271750465,6.052795620330832,372000
622,21260821,0.025,-2.041831348187321,3.466894367527074,-19.47107574665908,1.1154917854504414,0.42602450973461015,6.105399720522543,372000
622,22260823,0.025,-2.0578745368376166,3.466759214806368,-19.424460835330915,1.4076471116219975,0.5214729544845675,6.046528997834551,372000
622,23260837,0.025,-2.0485202798615805,3.4687530671947022,-19.486406025196622,1.1691316391287718,0.5258939936183189,6.04564930091372,372000
622,24260855,0.025,-2.0393286758080924,3.4753954369745186,-19.331504896227827,1.2757557754700526,0.5370361597989233,6.0652529789474645,372000
622,20260818,0.0125,-2.032466543220005,3.4162263772615065,-19.389419241415997,1.1698930450513474,0.5133497482425148,6.064722561640301,372000
622,21260821,0.0125,-2.0415934019460003,3.4019078532205005,-19.328656942720244,1.1646840625845207,0.5452926767488308,6.090658007182319,372000
622,22260823,0.0125,-2.0581569329869667,3.401859323687967,-19.598322854938015,1.403611107169103,0.5488561009318014,6.045911517374175,372000
622,23260837,0.0125,-2.0250145613672688,3.399095554680131,-19.191454307451224,1.1639915321271412,0.49795174961822336,6.109467199630689,372000
622,24260855,0.0125,-2.0432364247808703,3.4205100542543634,-19.39361256060916,1.2407805781068146,0.5353144705852136,6.081733002178941,372000
623,20260818,0.05,-1.7363324304499126,3.5909210296304073,-19.956152216259003,1.282839737392595,1.774559020869575,5.597935548984145,372000
623,21260821,0.05,-1.765569389865771,3.58489436753728,-20.02024492926387,1.3103582900909652,1.7283413730907398,5.576964784018533,372000
623,22260823,0.05,-1.7338692818264454,3.618464469278403,-19.934688347474875,1.3203265923976437,1.7718316215160081,5.579153535401472,372000
623,23260837,0.05,-1.7416374727122454,3.6144187997480604,-19.99575709125833,1.2819841542601422,1.7871517394732441,5.625096289860593,372000
623,24260855,0.05,-1.7833774093794474,3.582133662412321,-19.920024769662067,1.2879162472047974,1.7343654313800183,5.518503219663135,372000
623,20260818,0.025,-1.6531768465367973,3.4988042533584176,-19.10150492065239,1.2332961983012691,1.8079784490178434,5.615430661653685,372000
623,21260821,0.025,-1.6711250191122724,3.4612512412844,-19.046439405517475,1.2870805193395591,1.7802328521931017,5.584086761278433,372000
623,22260823,0.025,-1.6698322519608806,3.4653956811858313,-18.84600473182497,1.2611480580346246,1.81356186671154,5.570409279565351,372000
623,23260837,0.025,-1.6609062476759735,3.473581015286045,-18.908211135087903,1.2900012671238077,1.7917599663806036,5.565684583760072,372000
623,24260855,0.025,-1.6553517820828796,3.458588833137357,-18.98796836879009,1.3107352936872323,1.7654380628413904,5.551446557465588,372000
623,20260818,0.0125,-1.6285629678868905,3.3948405778159003,-18.345536274488683,1.2419616908449929,1.8103786254956205,5.584716277449336,372000
623,21260821,0.0125,-1.623164156193886,3.4100316482385926,-18.42496515966322,1.303673200343621,1.8033320338272285,5.557450687913896,372000
623,22260823,0.0125,-1.6275232016623826,3.386430715321893,-18.350837759747556,1.2898750929173977,1.8446358710513684,5.546072519966455,372000
623,23260837,0.0125,-1.6321998562637559,3.3713565895535993,-18.260314178423755,1.3225778352325777,1.8463194880523242,5.564022623587742,372000
623,24260855,0.0125,-1.6310117401293696,3.4112726577503363,-18.335524964255235,1.2996706872561827,1.7896180725520048,5.5696755482986315,372000
624,20260818,0.05,-2.0380284270278017,2.5454613293277037,-19.358661756043986,0.9753493207968618,-0.04680511707613115,3.610503368746991,372000
624,21260821,0.05,-1.9920104977199253,2.5781401630289182,-18.386697164246886,0.9800428732383388,-0.14050271196892516,3.3353082369581664,372000
624,22260823,0.05,-1.9626777272449951,2.6144968372959823,-17.359724771423707,0.8897830804631814,-0.19631334286448268,3.1804682127702932,372000
624,23260837,0.05,-1.999007278929689,2.6131009326120695,-18.496523465861337,0.9610982485752394,-0.08045368578381391,3.438910879345028,372000
624,24260855,0.05,-1.9726809290591727,2.666390717482435,-17.92477206937477,0.9031040721573506,-0.6121254602325761,3.2562990608923785,372000
624,20260818,0.025,-2.036761411570292,2.4280582014172913,-19.43040186016838,0.9252041595832424,-0.06292975336751515,3.6315426944190627,372000
624,21260821,0.025,-1.9881101041172216,2.4584565196159844,-18.397265608447107,0.9075319199905761,-0.13126485039360422,3.3383213322858896,372000
624,22260823,0.025,-1.9383643545800033,2.4975667374345583,-17.42111495118757,0.9576414425108072,-0.10322203699554934,3.1946738238815438,372000
624,23260837,0.025,-1.993262398701427,2.4668015822773883,-18.548524606163767,1.0309374702047036,-0.08469725098952044,3.4532666670053005,372000
624,24260855,0.025,-1.9611196323026028,2.578320318880736,-17.935363628409736,0.9183287080879303,-0.5579231966550334,3.2570755908524394,372000
624,20260818,0.0125,-2.0354706958633884,2.389193962303675,-19.47014440395989,0.9670874541545038,-0.04489059863467971,3.641902463000409,372000
624,21260821,0.0125,-1.9838849295026093,2.428345903679374,-18.40721312337415,0.9864173273106667,-0.11896752091484826,3.339282096738053,372000
624,22260823,0.0125,-1.9356143327458464,2.4777843750889255,-17.435695417125157,0.9298616061399967,-0.07121648842709466,3.198930292495042,372000
624,23260837,0.0125,-1.989811854625887,2.4277725455315657,-18.59370122879127,0.9537287400588115,-0.10612502619600897,3.463783791917883,372000
624,24260855,0.0125,-1.9585645767441802,2.5250772228578433,-17.929785169873742,0.9069173167776697,-0.5292237781705544,3.2559843853534156,372000
625,20260818,0.05,-1.9043150763803118,3.281202253996791,-17.853808469841237,1.352521309385581,0.17934299709684362,3.2291802430488654,372000
625,21260821,0.05,-1.9162298828068312,3.312516049906069,-18.003907733341848,1.347284293240761,-0.18310801376556105,3.4229917988989866,372000
625,22260823,0.05,-2.033035050992303,3.2671676751537975,-18.96791609354188,1.332541796597759,0.9094581921031379,3.698368679357631,372000
625,23260837,0.05,-1.9773052423675976,3.2889824827969205,-18.15172296791239,1.2952234149578716,0.08923766077068664,3.477125958922166,372000
625,24260855,0.05,-1.9356457460185643,3.2868754722903195,-18.049241878299064,1.3099070424335697,0.25375207867063093,3.443659927859417,372000
625,20260818,0.025,-1.9036704622281837,3.1076569358805193,-16.919061524759417,1.406147893711468,0.2321954041134156,3.2377156588133653,372000
625,21260821,0.025,-1.9023793414268266,3.170430638798508,-17.023392155932676,1.3424904082920712,-0.12295294276871496,3.4227266808238683,372000
625,22260823,0.025,-2.0201126770974764,3.1838284574951135,-18.97120364675741,1.3315681207484689,0.9155009332203248,3.709660845264574,372000
625,23260837,0.025,-1.9601541678293568,3.1812150084342945,-18.019803866012687,1.2894802705022437,0.14544902328450254,3.480638705693506,372000
625,24260855,0.025,-1.9253033115437501,3.159790598019454,-17.38331444367688,1.3120958303275103,0.2808811621135514,3.453938270179886,372000
625,20260818,0.0125,-1.9021071985113365,3.154586238354741,-16.937795678116927,1.402859122843978,0.2610802967880846,3.242956249378854,372000
625,21260821,0.0125,-1.9000691830888925,3.0989921778026894,-16.76009311522329,1.3426721336290202,-0.08550160014371981,3.4217937353526637,372000
625,22260823,0.0125,-2.0164922528147655,3.0919662915663495,-18.97899031512504,1.3312824030452892,0.9235409993372754,3.714348194731603,372000
625,23260837,0.0125,-1.959152717867399,3.141420289159756,-18.05209035204289,1.2815860154007332,0.17069601593590092,3.488923238801473,372000
625,24260855,0.0125,-1.9210762362557403,3.131040821365813,-17.42113189768631,1.33716463842709,0.29404447293846186,3.459324972440943,372000
633,20260818,0.05,-1.8821347555331953,2.5717509340823144,-16.1183939554834,0.9616938014507779,0.014115384214804738,3.0285549077763365,372000
633,21260821,0.05,-2.0996340527255963,2.556471370139831,-20.547410242712644,1.000658475738611,0.2957311730674439,3.921485239576833,372000
633,22260823,0.05,-1.826058304552769,2.6405887910771733,-15.628162850088078,1.0039777173597586,-0.3488542505076436,2.9387381377118853,372000
633,23260837,0.05,-2.006608026585065,2.530629855408031,-18.56908744606322,1.143598648437987,0.2815903879479367,3.580464762464131,372000
633,24260855,0.05,-1.9580111445569441,2.536793007949596,-17.644496390031257,0.9807355077697913,0.48161925079169615,3.3720623063796804,372000
633,20260818,0.025,-1.8783376119026085,2.46666231776727,-16.17822660281241,0.9621207717808368,0.07005509838145764,3.038963881317297,372000
633,21260821,0.025,-2.0885283902748815,2.4498097894137523,-20.541149539139614,1.015436582457415,0.32502157568149675,3.920624355413596,372000
633,22260823,0.025,-1.8356262711865716,2.5036028067744858,-15.732765686891137,0.9713963264453441,-0.2834750360539595,2.959788549488411,372000
633,23260837,0.025,-1.9871876671593298,2.429643459506792,-18.58797533257337,0.9852319838648559,0.31028544005451336,3.5839138040499425,372000
633,24260855,0.025,-1.9486188295049438,2.4375414530843464,-17.72999782695292,1.0608858033925046,0.5547664229147611,3.3919178941039427,372000
633,20260818,0.0125,-1.879208573951218,2.410914834344854,-16.20979838275426,1.0443558318034818,0.09740520122081178,3.044804292438824,372000
633,21260821,0.0125,-2.0856813655810904,2.3932967136701295,-20.568415770103833,1.0063408946054186,0.3515881521032425,3.9277174719020587,372000
633,22260823,0.0125,-1.832333572912392,2.505886402637575,-15.721950352121624,1.1167209493603616,-0.24805664603236718,2.9574423427681746,372000
633,23260837,0.0125,-1.9773443532734283,2.3929755630642,-18.57755199921082,0.9605420740315511,0.33139571514418203,3.5820654929077573,372000
633,24260855,0.0125,-1.9483863552627403,2.38698266305851,-17.741396222185532,1.0039783343425963,0.5699169981948536,3.394164631779787,372000
634,20260818,0.05,-2.5133507327944087,2.6516123533648477,-30.092161149959686,1.1529948305150373,-1.4083587452388848,6.605343068899428,372000
634,21260821,0.05,-2.512624040863613,2.486349679726867,-29.775509631860626,1.1843491983586512,-1.3769316391541329,6.758040608327417,372000
634,22260823,0.05,-2.5203101511890176,2.599039605541299,-29.951642547474915,1.1514629981689135,-1.444359879534483,6.719591301859547,372000
634,23260837,0.05,-2.522955851905999,2.4323936347633968,-29.663732224889507,1.018123156501116,-1.3594733032392965,6.5943919111355225,372000
634,24260855,0.05,-2.540711045592891,2.4765970822565877,-30.062794625901674,1.095234660426948,-1.4501104256561577,6.67344154674611,372000
634,20260818,0.025,-2.522862228979387,2.5431510592502002,-30.151005597539516,1.2398553425595928,-1.43922769835139,6.697346779855862,372000
634,21260821,0.025,-2.515034546428991,2.363803502262679,-30.356574005153195,1.1945029897867034,-1.3361128527685187,6.633283669527298,372000
634,22260823,0.025,-2.502246684235618,2.527351061945824,-29.856879358166587,1.2735694159311586,-1.3601993759604425,6.632071114794355,372000
634,23260837,0.025,-2.5305688412629945,2.3722899597219618,-30.058587785915428,1.189834569338278,-1.3556120152431743,6.527223258099254,372000
634,24260855,0.025,-2.513366432989684,2.372542754404668,-30.238413422281155,1.136674844434534,-1.377965048488607,6.5784045875408665,372000
634,20260818,0.0125,-2.513234771999183,2.464053787309348,-30.179805588990103,1.2859712269636112,-1.3437160088853612,6.882057217745674,372000
634,21260821,0.0125,-2.504949477349175,2.3048009620908183,-29.892291082818772,1.2304767896719915,-1.3750066465454216,6.584326360762279,372000
634,22260823,0.0125,-2.5164364471000953,2.4630423831049386,-30.191777244680168,1.1567750463919937,-1.3553851271479802,6.679392023492659,372000
634,23260837,0.0125,-2.5119131692957457,2.23917055098926,-30.295391462438676,1.2407121654209061,-1.4865496794685633,6.614783006106736,372000
634,24260855,0.0125,-2.5138602575959093,2.349478254232485,-30.095421588126463,1.1573953869221432,-1.3655239121191187,6.607723414611186,372000
635,20260818,0.05,-2.056636661236276,3.123598625045472,-19.724425760052192,1.189374102857531,0.11207523742029041,4.342285374989519,372000
635,21260821,0.05,-2.0382170596327414,3.0071290911714117,-19.061297840541084,1.2857055209873325,-0.3262264995765227,3.8729823107064147,372000
635,22260823,0.05,-1.9325190600348416,3.0778482353887746,-17.224114172899363,1.169223007428212,0.2683625799971624,3.78903347419815,372000
635,23260837,0.05,-1.8371215568520285,3.1092011557092034,-15.891694584513692,1.203035031234501,-0.9529210042060609,3.6868205742849063,372000
635,24260855,0.05,-2.1264041591178735,2.9932412159820565,-20.857650448506273,1.1640575751119693,0.10459127902686591,4.641576026488273,372000
635,20260818,0.025,-2.0383464193405154,2.9934284332591745,-19.770230147669608,1.210506031469755,0.20490647818594995,4.355937834418366,372000
635,21260821,0.025,-2.016482979617259,2.9312295119318854,-19.06902680877204,1.281330859928726,-0.2702561014053976,3.8736372693125807,372000
635,22260823,0.025,-1.9329666506337893,2.9627194290842658,-17.25316615662246,1.1784153197654665,0.33363162393182366,3.788901158748977,372000
635,23260837,0.025,-1.843573053843012,2.9776300777771025,-15.626437468043552,1.1892194358785853,-0.8480610563560682,3.687157927093898,372000
635,24260855,0.025,-2.103739085250082,2.9372754512955455,-20.929463286626873,1.140968556507244,0.19625642450036682,4.640862392061552,372000
635,20260818,0.0125,-2.0412459464937514,2.9359903717779443,-19.840492203176694,1.212071878586816,0.25253851934936866,4.376026512589135,372000
635,21260821,0.0125,-2.0128186387692004,2.867995862486146,-19.09089803102261,1.2756460260455038,-0.2473077137253271,3.879553803694077,372000
635,22260823,0.0125,-1.9264911789358288,2.910785038238911,-17.28084773242939,1.1674929667397647,0.3611276734305449,3.788867937376283,372000
635,23260837,0.0125,-1.842662189735324,2.8949510450984453,-15.71634619773081,1.1825566446132243,-0.789893676499689,3.6873692637197975,372000
635,24260855,0.0125,-2.103978157486044,2.808830153301667,-20.96905766213641,1.1480259247886682,0.2393248304722375,4.640892826799195,372000
636,20260818,0.05,-2.140818343683392,3.8276454998163034,-23.037821568014152,1.2256341008749647,0.2990600320887351,4.16624420443158,372000
636,21260821,0.05,-2.0894183129939177,3.907413435389041,-23.186872227170884,1.284068206178536,0.22684929789705552,4.085196981708562,372000
636,22260823,0.05,-1.91039356036757,3.845564286474644,-22.28768642715424,1.286928961174811,-0.4222448925076344,3.622639558490288,372000
636,23260837,0.05,-1.882736966064427,3.863594529591263,-22.238473751664323,1.3313640126150879,-0.40703669264198905,3.8509559756779272,372000
636,24260855,0.05,-1.8689351416449325,3.861600438072545,-23.17660148929097,1.27797584162118,0.2740085214520993,3.7407751195355217,372000
636,20260818,0.025,-2.1271030630032195,3.6669862806153932,-22.091098360253067,1.2122880692325224,0.3274264857875002,4.177304804153549,372000
636,21260821,0.025,-2.0754234553661433,3.783287753425009,-22.071084465170905,1.318274303095219,0.26358732609517194,4.089113178095824,372000
636,22260823,0.025,-1.8994151647091362,3.6970225388632816,-21.29342924073303,1.22089652727223,-0.3494076313599389,3.6829236922681616,372000
636,23260837,0.025,-1.880842730507451,3.7697680778016807,-20.896068706291754,1.3141097901788248,-0.3549560297608798,3.870857958980104,372000
636,24260855,0.025,-1.863330936665838,3.7253121136457374,-21.676684221115416,1.2772057324319697,0.34069631607603806,3.741223365486011,372000
636,20260818,0.0125,-2.1301032461022267,3.592148402774978,-21.50215316151939,1.2046674661069172,0.3455831430706102,4.185861287563917,372000
636,21260821,0.0125,-2.074347185565185,3.6899053508111037,-21.40858401343394,1.3303288144045473,0.290746042604759,4.091126373048108,372000
636,22260823,0.0125,-1.8957607138168096,3.670380563312051,-20.812393783484602,1.2154258283322272,-0.30980012059997464,3.66936833349958,372000
636,23260837,0.0125,-1.8823649316150737,3.7389460133072983,-20.445816750360496,1.2558456211444546,-0.32595517571803656,3.8776097790540613,372000
636,24260855,0.0125,-1.861640261097555,3.664317267827772,-21.069075299708942,1.2932585722995507,0.3706228739410842,3.741603113503724,372000
637,20260818,0.05,-2.004312424042231,2.7899756317252367,-18.764154436232108,1.0437176453757542,-1.4290635298141294,3.9026847530531676,372000
637,21260821,0.05,-2.1150340084627723,2.636816616997343,-21.21197828103848,1.0337308404344625,0.22859303589535454,4.226134805687421,372000
637,22260823,0.05,-1.978946385714728,2.631562418464096,-18.270953357967255,1.020259030238203,-0.2915136155559445,3.544294962396153,372000
637,23260837,0.05,-1.913951490599014,2.596356960385587,-17.124246438340172,1.0674652740263213,0.09100595694842342,3.356117573085568,372000
637,24260855,0.05,-2.0359017009876634,2.612306010726294,-19.168648221763927,1.0303461993005254,0.20824281526672428,4.209464272936155,372000
637,20260818,0.025,-2.002524600833765,2.688789109445499,-18.79980256965654,1.0402838605090972,-1.3574100637561866,3.9104178296267573,372000
637,21260821,0.025,-2.1096555994313753,2.537418340305782,-21.219430263841975,1.1528919247759364,0.3031451439243476,4.228358759414112,372000
637,22260823,0.025,-1.9808107136427535,2.5473520789969206,-18.35139315850162,0.9851968231202642,-0.23273243737514404,3.5631148503743812,372000
637,23260837,0.025,-1.9175318248157107,2.485459330304464,-17.203009841152273,1.099505999387745,0.11798221996013868,3.3572775727297657,372000
637,24260855,0.025,-2.0249882770899648,2.507942029408239,-19.181971780391947,1.0412757446495884,0.27556135451582897,4.215293224138698,372000
637,20260818,0.0125,-1.998335196327495,2.641972088265046,-18.79173199851757,1.02965686907637,-1.317173349553931,3.918780354858303,372000
637,21260821,0.0125,-2.108383200901935,2.463964273229716,-21.222340762862427,0.9909722425178599,0.32774208633457674,4.229831448396034,372000
637,22260823,0.0125,-1.984019615223396,2.5036081991589576,-18.397327946536034,1.042776454559311,-0.2075416064407128,3.5742865326833884,372000
637,23260837,0.0125,-1.9162752805333463,2.471418869864284,-17.20745200443203,1.100993697417947,0.13423804442107617,3.357301823513331,372000
637,24260855,0.0125,-2.0246072925060483,2.5063847373445975,-19.215223656205932,1.1103577047924864,0.305117928131541,4.224069691317,372000
638,20260818,0.05,-1.965597221504716,3.904786663699957,-22.957301459549033,1.3583588445017927,0.3421396847690772,3.5416355381019957,372000
638,21260821,0.05,-1.8874152065200516,3.9021486810264143,-22.95820810613448,1.3071569663971294,-0.45033420531123375,3.044203598554542,372000
638,22260823,0.05,-1.924488244910986,3.892740310641852,-22.928729498442806,1.2757603562281203,0.30692488185932587,3.4826429456386756,372000
638,23260837,0.05,-2.1070355979246305,3.9063588860304534,-22.93410179544369,1.3043091043587192,0.0544861449984305,3.93278622756253,372000
638,24260855,0.05,-1.8887079852780473,3.8900376022117564,-22.92230571687658,1.274410442645297,0.2528060992084945,3.2009951837063144,372000
638,20260818,0.025,-1.9540594095674713,3.7761721606209253,-21.79351165721527,1.3545650699435858,0.37923405895108575,3.54801172184105,372000
638,21260821,0.025,-1.8879112293472746,3.757836176745635,-21.735182245999127,1.3321449284340543,-0.39694752398294103,3.072786962583811,372000
638,22260823,0.025,-1.9109219149517485,3.75567814662541,-21.81671909336615,1.2644797136640888,0.3362224403541,3.502947980104461,372000
638,23260837,0.025,-2.0979872335512164,3.7664004982829424,-21.925823408135393,1.272339227531469,0.1112199272039748,3.9373016802499947,372000
638,24260855,0.025,-1.8418919432916285,3.79021755216413,-21.797568575800486,1.295757907898479,0.3235299219159272,3.216527538539435,372000
638,20260818,0.0125,-1.954938061295562,3.6910943695852794,-21.352217138334975,1.35159039806549,0.39609576344561265,3.5480957945580487,372000
638,21260821,0.0125,-1.8883239180550107,3.696017545537213,-21.12469756621311,1.3300871935941607,-0.3630887729512945,3.089246286519493,372000
638,22260823,0.0125,-1.9077996547130363,3.702272793446882,-21.26473229856495,1.2868546708078257,0.35112611822064377,3.500599518542433,372000
638,23260837,0.0125,-2.098985129587509,3.69290159292685,-21.170728073840746,1.2525401329003802,0.1439584819924916,3.9470471425556117,372000
638,24260855,0.0125,-1.8421737668345985,3.6941861737979202,-21.372720057216842,1.2811460067950249,0.35825266304772474,3.2184291191270153,372000
646,20260818,0.05,-2.219242134977461,2.7802025482245556,-23.056048636769344,0.962433275484404,-1.0753401015462358,4.295921344590853,372000
646,21260821,0.05,-2.0627220868779754,2.7424250690899687,-19.838286009777963,0.976622004579048,-0.9660472638409,3.929624784477432,372000
646,22260823,0.05,-2.0717844125822973,2.740448917752757,-19.980601890309437,1.0111013960713662,-1.0521705782373694,4.137855599654522,372000
646,23260837,0.05,-2.1145080695588336,2.802761017621139,-21.1009370567122,1.0001015085351506,-1.349748078254159,4.302704035827626,372000
646,24260855,0.05,-2.0971166205046776,2.810593494662814,-20.44358262540707,0.9702067715022862,-1.8551308581446764,4.070882438180281,372000
646,20260818,0.025,-2.211781956342332,2.6539561659823443,-23.06297093850631,0.9178038206799246,-1.0247890602725644,4.301384043031625,372000
646,21260821,0.025,-2.061219348021774,2.6569547392701547,-19.86062620386087,0.9631300123339086,-0.9024645872321293,3.933637674179307,372000
646,22260823,0.025,-2.070061701180632,2.6374451343013456,-19.99380561035996,0.9554336673737175,-0.9905820598706202,4.141342729175463,372000
646,23260837,0.025,-2.109671329374769,2.704656081599242,-21.15501827241424,0.9584858497717528,-1.2984792125110982,4.318452131975636,372000
646,24260855,0.025,-2.092637027072932,2.7060843935356536,-20.461871893474722,0.9571847359443949,-1.7853600940160632,4.074638846027088,372000
646,20260818,0.0125,-2.2066673817891767,2.598515830112828,-23.071477878804785,0.9579421829300316,-0.9970182052189788,4.303601980346088,372000
646,21260821,0.0125,-2.060002874696676,2.5993216056715034,-19.8803304194929,1.0822341530249036,-0.8670788230550984,3.935078950803245,372000
646,22260823,0.0125,-2.067775098571449,2.6027211832532724,-20.025594345162894,1.0133996637233824,-0.9610787344941153,4.1438272141634975,372000
646,23260837,0.0125,-2.112688046428258,2.6197399946120554,-21.209630474212638,0.9732183656347344,-1.2690546778153502,4.334196775348469,372000
646,24260855,0.0125,-2.0893069759352234,2.6769729985506334,-20.46880433846598,0.9953192445054063,-1.7520814320147617,4.0765985196006165,372000
647,20260818,0.05,-2.166416163890614,2.9029592816455585,-22.01362893544419,1.0033367671492512,-1.1040171757530726,4.767255268977831,372000
647,21260821,0.05,-2.134828217762608,2.9557122533491222,-21.36503575699921,1.0194992640481928,-1.3345829808696752,4.496376319325235,372000
647,22260823,0.05,-2.194174513058559,2.9632099258239455,-22.544308578598645,1.0579514037254005,-1.792169117548348,4.919825570805394,372000
647,23260837,0.05,-1.9631403604459363,2.9310999686028207,-17.924961314733096,1.0064744990270793,-1.2906351881716258,3.2631666008661884,372000
647,24260855,0.05,-2.083375984442701,3.0618349969795227,-20.4602840201219,0.9976385465072108,-2.084563938395671,3.940990130336084,372000
647,20260818,0.025,-2.1648166717438904,2.810345609210115,-22.025228600407043,1.0451875314542094,-1.0720227818983976,4.7707070140000605,372000
647,21260821,0.025,-2.125579972137917,2.835219545199844,-21.411588752701697,1.118935472614916,-1.3034845964701645,4.512263627373964,372000
647,22260823,0.025,-2.1796130541109124,2.9071166842445453,-22.56991623452912,1.0864221344861085,-1.7484160610187724,4.926788417106029,372000
647,23260837,0.025,-1.9634440301209724,2.833137550412825,-17.974008877629366,1.0345877576481957,-1.2230042351103698,3.2782156716761888,372000
647,24260855,0.025,-2.0844242171223115,2.935248628174311,-20.467595444105495,1.0271613274219542,-2.0328138866721113,3.942139576980646,372000
647,20260818,0.0125,-2.1612453339422326,2.789608284381046,-22.034105184450507,1.0177314910275381,-1.0546058439797605,4.77282073877331,372000
647,21260821,0.0125,-2.1274771874624343,2.769267308993279,-21.437038489441875,1.066264234485378,-1.2846309284242199,4.520696322557017,372000
647,22260823,0.0125,-2.1778918959809332,2.819528391200454,-22.577945587622395,1.0348544493470293,-1.7269135104106326,4.929444994541163,372000
647,23260837,0.0125,-1.9597878076315733,2.7643991163882933,-17.983392159191272,1.0906271347329841,-1.1886152532575711,3.2802697245686536,372000
647,24260855,0.0125,-2.0816088461626228,2.875502920779556,-20.489251735892026,1.0889839489907789,-2.0067744536861705,3.9482603293687006,372000
648,20260818,0.05,-2.2199989269820444,2.5497837177422813,-23.231589402207867,1.2529507740321892,0.3046092518537571,6.11450722214966,372000
648,21260821,0.05,-2.240558397543123,2.6743353259604405,-23.41198703992165,1.1320696863424544,-0.42536223255948324,5.9974467507207985,372000
648,22260823,0.05,-2.249233192078877,2.72456272430216,-23.520828960052448,1.2391602082369169,-0.759904203193092,6.17402783978953,372000
648,23260837,0.05,-2.2517696671278586,2.5304939532618738,-23.577521452013816,1.1797912020133683,0.29348610262852576,6.016993218511318,372000
648,24260855,0.05,-2.2367339014491163,2.518415378232903,-23.253121088821135,1.030820247648801,0.42500225142369763,6.045633015400582,372000
648,20260818,0.025,-2.2353366204042455,2.4039055097269255,-23.722689613267082,1.0944122344361622,0.3661950947400053,5.963118480537454,372000
648,21260821,0.025,-2.2380494920162692,2.569790145430772,-23.47560304055801,1.0671038715956973,-0.365759813505726,5.981573390400718,372000
648,22260823,0.025,-2.2538024668273335,2.5835629671689966,-23.95984710496957,1.0684400239830536,-0.6600604784531865,6.0048141575908565,372000
648,23260837,0.025,-2.230595097146959,2.4475547722812174,-23.601348172023663,1.2238384592150091,0.3332098638409498,6.06446290480155,372000
648,24260855,0.025,-2.2531241030155806,2.4128134534879146,-24.030616005654952,1.1401238238508977,0.4418447089215073,6.06973652364376,372000
648,20260818,0.0125,-2.2231177869853957,2.345987277702146,-23.968542404312696,1.1307730805503982,0.4020602680420979,5.999329589207422,372000
648,21260821,0.0125,-2.2409872341966177,2.466217685560692,-24.19700221491284,1.1224725272248528,-0.33867840981281394,5.955523074553673,372000
648,22260823,0.0125,-2.2160508015513507,2.5250984888475694,-23.17695675769158,1.2035681857087774,-0.6029341112087074,6.043368291417414,372000
648,23260837,0.0125,-2.226066474652612,2.440594983484754,-23.792287308529957,1.1556311641507129,0.3461480126985348,6.070368865575052,372000
648,24260855,0.0125,-2.219321639497273,2.363540984728301,-23.47645143248291,1.0949222029909698,0.4865393594720681,6.03227701360588,372000
649,20260818,0.05,-2.305140590357206,2.5323421888946656,-24.80482818362067,1.1859315032249893,0.14154694580648713,5.605630626838939,372000
649,21260821,0.05,-1.9804135124889743,2.5584141390085366,-18.43409076524115,1.1780332197284828,0.2580628887462343,5.517577907681184,372000
649,22260823,0.05,-1.8819919844251451,2.634464722847877,-16.35762178563952,1.1072134056631269,-0.6663046075827331,5.591162467530066,372000
649,23260837,0.05,-1.9214754541726,2.5681873240224826,-17.094140052388273,1.1210574918904617,0.18303436195056552,5.547945901271251,372000
649,24260855,0.05,-1.9244696722924304,2.786239290661974,-17.2234029890036,1.1713089226753013,-1.4786953009396542,5.618814829909962,372000
649,20260818,0.025,-2.2851009008441427,2.449587797328453,-24.81088533555094,1.306245818849119,0.17637095467780373,5.5682432121090795,372000
649,21260821,0.025,-1.9785022886482475,2.4540725968478103,-18.48909587936172,1.152631794740537,0.27018489746775676,5.555253596300224,372000
649,22260823,0.025,-1.8818767265130631,2.5856262209753087,-16.404987930438715,1.2143662726749398,-0.6036217855572341,5.5202133113743725,372000
649,23260837,0.025,-1.9148283750299833,2.480558508781411,-17.10887083146845,1.0763777458015054,0.27800023451888384,5.563872211438189,372000
649,24260855,0.025,-1.9222241208122974,2.6965300534562275,-17.35065568247517,1.127500014279117,-1.3903138712948735,5.550903380135116,372000
649,20260818,0.0125,-2.279711518104884,2.451637814094813,-24.81575290462184,1.2019016641667692,0.20360483015706787,5.561540806509697,372000
649,21260821,0.0125,-1.9789335861614643,2.431216863039948,-18.483990741625835,1.1300232569000355,0.2836383042441416,5.529608570965594,372000
649,22260823,0.0125,-1.881790459037956,2.536223418083477,-16.413490461235853,1.2059740482250683,-0.568320071783624,5.571642848858246,372000
649,23260837,0.0125,-1.9177507754377872,2.422680577784072,-17.159222696002544,1.104913165564257,0.3042252235886036,5.57377016804297,372000
649,24260855,0.0125,-1.9222534122396828,2.6394886925906795,-17.36722331910235,1.2552949865919572,-1.3524985871900903,5.559825401874295,372000
650,20260818,0.05,-1.7006376934824186,3.298450099374336,-17.1065999004136,0.939951961213077,-0.09003693959158393,2.866165647232822,372000
650,21260821,0.05,-1.699026112536138,3.2916483133436527,-17.162497773141215,0.8687116417063419,-0.056655537918139647,2.9032448731260474,372000
650,22260823,0.05,-1.700641731209061,3.2760498467748542,-17.208995604532618,0.8821803206149649,-0.04801364350282653,2.8729169133221983,372000
650,23260837,0.05,-1.742106170448456,3.2593451664120567,-17.215870660761784,0.8390735640004228,-0.046854985378324145,2.9234471001420035,372000
650,24260855,0.05,-1.7244953289318865,3.291184930088263,-17.36007739248091,0.9067173215957962,-0.041878442630656446,2.873158153200554,372000
650,20260818,0.025,-1.695560454417471,3.1431218714521845,-16.20126102601781,0.9233893371384169,-0.08958592926376971,2.885603008939772,372000
650,21260821,0.025,-1.6956583313769626,3.145557484758748,-16.13863301465622,0.8916092705498695,-0.06790781532116263,2.9044177504077298,372000
650,22260823,0.025,-1.7365336560414375,3.152903109794877,-16.262378877376737,0.8636990228613437,-0.09904391375838631,2.8871338986264967,372000
650,23260837,0.025,-1.7377562662381656,3.145725735458144,-16.23594450324393,0.8671981522091226,-0.05529325230321914,2.9102183498841803,372000
650,24260855,0.025,-1.6963108397405222,3.1339035647974254,-16.305598507637672,0.8536988563862129,-0.031033607112838743,2.9632778425781083,372000
650,20260818,0.0125,-1.7375888169539475,3.0964598172960165,-15.544628970535395,0.9201708544471616,-0.09020280934105714,2.9112273920599523,372000
650,21260821,0.0125,-1.7038802298194557,3.068085458522038,-15.592822295995218,0.8785123780255523,-0.07948501950186515,3.0091092393121386,372000
650,22260823,0.0125,-1.7129797377902969,3.11142121968412,-15.565819958992574,0.8825651576950826,-0.0532763375771961,2.9287723046041343,372000
650,23260837,0.0125,-1.7349958854230063,3.1179969034739643,-15.85777365761016,0.9318269314544759,-0.053461246306189064,3.000108662955126,372000
650,24260855,0.0125,-1.7087132636632876,3.0854438110494997,-15.569847809033593,0.8551450297605634,-0.03605724120953795,2.934518179161017,372000
651,20260818,0.05,-1.7343892631336773,3.419939683219508,-18.426832067635356,1.313737936259531,0.963577591547098,2.9007208194339604,372000
651,21260821,0.05,-1.7027283383877974,3.445211439269273,-18.42794879032524,1.2907450170502894,0.948128150651633,2.8939636696725572,372000
651,22260823,0.05,-1.716744269083169,3.423638635959104,-18.433867726774213,1.316260964623219,0.9615168991927273,2.874929832466856,372000
651,23260837,0.05,-1.712773561567191,3.421579642145282,-18.410023959995243,1.2964273947204614,0.9556735374499732,2.917398442713955,372000
651,24260855,0.05,-1.703988484830755,3.4310128739765706,-18.555023613546044,1.301391358875615,0.9439065180974093,2.862262404973684,372000
651,20260818,0.025,-1.621274766797846,3.2966403892016,-17.35802995170913,1.3297228613318077,1.0077495993977779,2.9106565507735325,372000
651,21260821,0.025,-1.6269880075597043,3.299192448852115,-17.445037318033947,1.2858135060474836,0.9788095624029706,2.8897674627020566,372000
651,22260823,0.025,-1.6306196542863967,3.304400566565905,-17.48511202758314,1.312398826814512,1.0159006103248418,2.901370917443205,372000
651,23260837,0.025,-1.6384131768284582,3.3133802852513248,-17.391485445864074,1.2743794419481076,0.9831478383347233,2.9240126159478397,372000
651,24260855,0.025,-1.6402910984714612,3.306649859896613,-17.366585814469293,1.3001687825089363,0.9843780845815511,2.9211617541455985,372000
651,20260818,0.0125,-1.5922321921099665,3.2654841354909525,-16.874895518295197,1.3063233634765188,1.0214525301519095,2.918111991873697,372000
651,21260821,0.0125,-1.5957685665578432,3.2365135130979064,-16.97826050876439,1.2878353662973179,0.9934345661827485,2.938091445235213,372000
651,22260823,0.0125,-1.6038547607151368,3.2605972147198368,-16.83287508155753,1.31081662441084,1.0286877299963293,2.9262831748768576,372000
651,23260837,0.0125,-1.5965158631436387,3.2347690879340503,-16.828853533887695,1.2749244854429924,0.9947460632760762,2.953410236811323,372000
651,24260855,0.0125,-1.607404119048849,3.250083253680981,-16.885689387297194,1.2982615467665486,0.9824087058422432,2.897052802862107,372000
659,20260818,0.05,-1.6327852800304232,3.2735866648544203,-17.153368635224318,0.9940273114377319,0.9782798337030817,2.8770166909605512,372000
659,21260821,0.05,-1.6359173300206031,3.2517599503448906,-17.140787612146383,0.9316374717107733,1.0050316204817948,2.8873781980467452,372000
659,22260823,0.05,-1.6331597576480326,3.2788172961222593,-17.2478253035263,0.9144443126173192,0.9925819191929032,2.8829689328769152,372000
659,23260837,0.05,-1.6432219069579508,3.2636579052090147,-17.185238340745858,0.9813072875346396,0.9966026141479278,2.8596186000232806,372000
659,24260855,0.05,-1.6491289715535573,3.265331522222798,-17.204876839564747,0.8721555554558296,1.0263473351831818,2.8698080476466763,372000
659,20260818,0.025,-1.5747893917984728,3.123682602225264,-16.09558958782486,0.9197896643197301,1.0574549499942345,2.943077987854174,372000
659,21260821,0.025,-1.566850650063305,3.159367733730743,-16.100201261710517,0.8453073995094713,1.0340441930445434,2.92422721044467,372000
659,22260823,0.025,-1.570362811712915,3.1800640631438086,-16.28621357640085,0.8780353370006223,1.0291932145089322,2.8822823030150384,372000
659,23260837,0.025,-1.583557237870336,3.1483852763557953,-16.15990119565052,0.8990008682186645,1.032199767169304,2.9523376008359876,372000
659,24260855,0.025,-1.5719643453557828,3.1379225842940404,-16.145629536801657,0.9858158704908645,1.0361101413044265,2.937110636069108,372000
659,20260818,0.0125,-1.5339331076006142,3.10207272591996,-15.641450272137778,0.8981293053120918,1.0369438609221542,2.948908010922297,372000
659,21260821,0.0125,-1.5451148464131141,3.0900679414111925,-15.630809948995372,0.9025398626043177,0.9899594320955739,2.952470679644684,372000
659,22260823,0.0125,-1.532920227126613,3.073023209059092,-15.514381899571616,0.9013555447139422,1.071952441731854,2.9107884474580623,372000
659,23260837,0.0125,-1.539478179441619,3.1036072465411526,-15.536134228009093,0.9267390251619615,1.0673396089052265,2.9331604214221385,372000
659,24260855,0.0125,-1.5400249074905885,3.1024731647611974,-15.604074509534703,0.9180546660156246,1.009200939772073,2.9544896190268783,372000
660,20260818,0.05,-2.230070270602153,3.2710278539998074,-23.2682897679443,1.247090366463571,-1.4077180403496468,7.005275730280775,372000
660,21260821,0.05,-2.2364686470422996,3.264953003275223,-23.278805325871417,1.2204281782776683,-1.3722253478819497,6.913416271193187,372000
660,22260823,0.05,-2.237981984343465,3.2889467666375536,-23.33356731974991,1.1790382745610097,-1.4290344864399371,6.9419380119927165,372000
660,23260837,0.05,-2.2376945484080704,3.311140786401872,-23.117090929618325,1.2092958265618952,-1.4138171012497889,6.958438644283868,372000
660,24260855,0.05,-2.2433206213119363,3.249783401155868,-23.11035789914237,1.2195755482310415,-1.361325429514483,6.987729899772605,372000
660,20260818,0.025,-2.2239556168523587,3.1076114989938692,-23.50305332103402,1.2416951049053986,-1.3653683138897144,6.947836196754361,372000
660,21260821,0.025,-2.2419146704309227,3.1554342774503334,-23.676219618138393,1.2087598007206768,-1.3742102970293517,6.916650777749552,372000
660,22260823,0.025,-2.2254661995867466,3.147919518687758,-23.286020113040717,1.1726435904787003,-1.3703604716324567,6.934310337572923,372000
660,23260837,0.025,-2.2283868674264586,3.1720548129889568,-23.374046873610247,1.1977502589298057,-1.424736529369698,6.943628014277024,372000
660,24260855,0.025,-2.241647313968056,3.119980196817741,-23.361903369506766,1.2142040474860414,-1.3877254894519326,6.930112333043249,372000
660,20260818,0.0125,-2.237344421313071,3.0946922264548054,-23.361812317719288,1.2394492338710892,-1.4297389629992399,6.9271698985736885,372000
660,21260821,0.0125,-2.2297356864880635,3.0774247201360274,-23.448326407331855,1.2034379578984853,-1.3380537117967615,6.866489805461433,372000
660,22260823,0.0125,-2.2254749987848688,3.0869815948514536,-23.291585297416887,1.2080194524395187,-1.4049619565883311,6.890957925605143,372000
660,23260837,0.0125,-2.217803838063368,3.1003254260832764,-23.27352036052544,1.3226199678660957,-1.418811737312574,6.882524017269929,372000
660,24260855,0.0125,-2.233327690396711,3.0673693630906063,-23.39214801068763,1.2118716182286722,-1.4258725868576085,6.8968957608447985,372000
661,20260818,0.05,-1.6537086527762435,3.2981398276354335,-17.60247783529409,1.2907100850369804,1.7516031498593825,3.90363737216667,372000
661,21260821,0.05,-1.656196922040944,3.330107008229808,-17.537345412006538,1.2348088730054974,1.7630535695772784,3.9170167294630245,372000
661,22260823,0.05,-1.6492875693971583,3.3155199755072395,-17.534898898037984,1.30462281861934,1.7568003398981666,3.884645216411897,372000
661,23260837,0.05,-1.6464621218354287,3.309315983319571,-17.58966914591527,1.2697740763314607,1.7425196294879974,3.9538663182619844,372000
661,24260855,0.05,-1.6395722853219064,3.3255554369945624,-17.636691323033986,1.2398579970100352,1.7714630406055136,3.9179744553740736,372000
661,20260818,0.025,-1.5731408440260364,3.1969355750195834,-16.497728080731456,1.2885825877285344,1.8303059495461498,3.8648576138355404,372000
661,21260821,0.025,-1.5774172066057426,3.189234715848763,-16.43641784544116,1.2417756915187244,1.809713729530911,3.903728210718821,372000
661,22260823,0.025,-1.5782438089806377,3.191635240461195,-16.507060501889224,1.2429273871915705,1.8238355099568224,3.876474768226419,372000
661,23260837,0.025,-1.5772572160032627,3.220266949011348,-16.65480307103525,1.2167593098537253,1.8288474683434979,3.8845236703445196,372000
661,24260855,0.025,-1.5757446899091014,3.173275120420345,-16.39930739149938,1.2254945988198167,1.8020440002057363,3.977568641123583,372000
661,20260818,0.0125,-1.548452290420717,3.122457904664753,-16.00480870386273,1.2847078113612203,1.8302107144557316,3.974071958259013,372000
661,21260821,0.0125,-1.546002288027356,3.138703451872973,-15.947056682554342,1.3118166911484446,1.785395274278643,3.977897983294327,372000
661,22260823,0.0125,-1.5456030986581644,3.1449676355702367,-16.082219098804686,1.2684573846226437,1.8261645616457405,3.992573642312724,372000
661,23260837,0.0125,-1.5424667727206938,3.1467735700782793,-15.924157523629383,1.2376799000541787,1.8265928291304754,3.883701991282359,372000
661,24260855,0.0125,-1.5595191760169946,3.1298574643287798,-16.018174086980416,1.3285424151187237,1.8150054601095125,3.9559607590262322,372000
662,20260818,0.05,-1.848204068409582,3.919248768966092,-23.12623256994802,1.252651308587032,1.7874201896772113,3.3751266221726035,372000
662,21260821,0.05,-1.8484854040003305,3.796111505044437,-22.777699888597933,1.3230557764969093,1.7722639054233191,3.408604012059059,372000
662,22260823,0.05,-1.8412872837795813,3.8115408940121793,-22.99101289927558,1.2874784290524015,1.793815392060992,3.4025379858294404,372000
662,23260837,0.05,-1.870544128050556,3.8305799098608992,-22.925068645535994,1.2970474597597539,1.7461514774719924,3.388774653536154,372000
662,24260855,0.05,-1.8372480624178538,3.8565119398961394,-23.163840873368404,1.3205101197311286,1.785589920700148,3.4538453407748593,372000
662,20260818,0.025,-1.7480585898551257,3.7493307527611366,-21.53437853244982,1.248810984630615,1.8353562758990005,3.3511338603501475,372000
662,21260821,0.025,-1.7384470914485428,3.6841398316505223,-21.535968097987013,1.3177443835167078,1.818810852123048,3.427181880009706,372000
662,22260823,0.025,-1.739448815003925,3.720908726131179,-21.235744574667233,1.2668076749550221,1.809863289646693,3.4766954734896305,372000
662,23260837,0.025,-1.7459006937571067,3.7476333988800614,-21.4632326071673,1.2528025524887518,1.8132492732387047,3.388183181776686,372000
662,24260855,0.025,-1.7370449756286257,3.710276645305588,-21.510738333496274,1.323806674994379,1.836712353068698,3.37109832092949,372000
662,20260818,0.0125,-1.7199965496622842,3.6968917440548137,-20.98509855976993,1.252912510948078,1.8481596838826275,3.381141631138192,372000
662,21260821,0.0125,-1.7119901054702027,3.6070949307284037,-20.94656419430951,1.3152914187666171,1.849337480612909,3.3495587930439306,372000
662,22260823,0.0125,-1.7080716186954177,3.625517044723597,-20.739644053558816,1.2689082172948247,1.8239160590963617,3.4779556968394245,372000
662,23260837,0.0125,-1.7116722095763621,3.701368075654898,-21.29389788662453,1.261714061579275,1.830128274177513,3.3878793822511986,372000
662,24260855,0.0125,-1.7101153935055131,3.6197730599897704,-21.158029289836637,1.3222348826722852,1.863405752196591,3.3684215440864693,372000
663,20260818,0.05,-1.7200187382330603,3.2759886067013406,-17.1205447830753,1.2753055303572138,1.2591832550588318,4.084821788758982,372000
663,21260821,0.05,-1.7131154367012276,3.2630238966242264,-17.323705451244493,1.2241618919290778,1.2827891809797176,4.087857454462054,372000
663,22260823,0.05,-1.7789601454960782,3.2658414166735534,-17.19131848406282,1.2390144580737554,1.3917781350749137,4.01262973230476,372000
663,23260837,0.05,-1.7879024673112798,3.2809089628846553,-17.195184608297833,1.2427743830144227,1.2638649085834126,4.051151485907895,372000
663,24260855,0.05,-1.789834895735376,3.2464487305817333,-17.16905391368175,1.2248731719230923,1.2797617325688473,4.096523457981309,372000
663,20260818,0.025,-1.720363449675047,3.1429528867042578,-16.039235340953244,1.2746082936984204,1.2690628786616494,4.064585720666706,372000
663,21260821,0.025,-1.7023979884482983,3.137898605135996,-16.168197946616914,1.2387798470866502,1.2828674023208448,4.1506655554193745,372000
663,22260823,0.025,-1.7818039630480969,3.1503638105228777,-16.062786967401788,1.2370999108613343,1.394844629142561,4.022671778131857,372000
663,23260837,0.025,-1.7854196529955637,3.1488103870035737,-16.11292386784865,1.2462229265079223,1.2920557142502953,4.045928682742454,372000
663,24260855,0.025,-1.7862162703431368,3.131191142439392,-16.01721056404021,1.1985636603707417,1.2819136127093373,4.0274635921103465,372000
663,20260818,0.0125,-1.7196477014667606,3.0751873854239324,-15.468594154537172,1.2743759533036885,1.2817626183797994,4.0453525910493315,372000
663,21260821,0.0125,-1.7005862741526419,3.088679507531729,-15.637924112745038,1.199274302203821,1.2831577052893697,4.10365166834347,372000
663,22260823,0.0125,-1.7777091352497754,3.0846491408816257,-15.594754633905806,1.2613258229054112,1.3972333303305975,4.166736050414078,372000
663,23260837,0.0125,-1.7829664294341536,3.085005178027783,-15.659215718059787,1.2441764289250463,1.3080749230168998,4.050845444284383,372000
663,24260855,0.0125,-1.7871273120952618,3.064144156312713,-15.594465776531138,1.2037375555980294,1.2830623251994158,4.072128569863728,372000
664,20260818,0.05,-1.8845483206930034,3.887371715166587,-22.853275861382873,1.3450628988413573,0.5189068537767048,2.8796926862002303,372000
664,21260821,0.05,-1.858484663694481,3.8962018538656187,-22.941320771956242,1.3230907065878366,0.526763039387004,2.8591710899390725,372000
664,22260823,0.05,-1.881173908946887,3.915614700976278,-23.04991194653302,1.369810233646323,0.5207967727190098,2.8804289972536883,372000
664,23260837,0.05,-1.8711754805467402,3.9268070185063344,-23.049673679289484,1.3045519845757512,0.5290668616028846,2.9117850001503602,372000
664,24260855,0.05,-1.8848934099835615,3.9123905911711874,-23.106403089263424,1.3478377794550513,0.5354598306528807,2.912519705716248,372000
664,20260818,0.025,-1.758722268769347,3.759096558160158,-21.782575029313854,1.3092442949053844,0.5196101452049796,2.924616613650378,372000
664,21260821,0.025,-1.756941402090329,3.772356320299925,-21.778224482777663,1.2724392914061475,0.5425210832715351,2.8664453482219376,372000
664,22260823,0.025,-1.7641201496049388,3.7449689788380427,-21.817556920215388,1.280050099753388,0.5317911764946934,2.9267130903864684,372000
664,23260837,0.025,-1.7583952309997073,3.7982081910760797,-21.763382944622514,1.3007914818752677,0.5392733834472548,2.9310182871279538,372000
664,24260855,0.025,-1.7531422650846655,3.7540694539191275,-21.770360181808353,1.3342237512349684,0.5531005623652241,2.8897200099012257,372000
664,20260818,0.0125,-1.7297347027087668,3.7132730663405717,-21.215854059642922,1.3046417815325533,0.5253952207071136,2.9458983091243454,372000
664,21260821,0.0125,-1.7246481758122225,3.700186810977741,-21.297982904839774,1.2896675266743456,0.5512430179114189,2.942760039539007,372000
664,22260823,0.0125,-1.724989695520811,3.7005868220846923,-21.277882133848664,1.3465439956189982,0.5374232923733014,2.9268599493857694,372000
664,23260837,0.0125,-1.7246657981320748,3.7147641737136494,-21.13831894417603,1.3062419544195396,0.5440781570848848,2.9238365374373165,372000
664,24260855,0.0125,-1.723692378252932,3.701267466702214,-21.261330085071886,1.2997905136635524,0.5603677187163388,2.9272265542504456,372000
672,20260818,0.05,-2.156275500141279,3.2710961530384,-21.637988223629375,1.0906448075528432,-0.6667038366058456,3.6962265462973543,372000
672,21260821,0.05,-1.9620850863899089,3.2630933766870562,-17.967053354279102,1.1437003660297502,-1.1696473026639143,2.9030958978596164,372000
672,22260823,0.05,-1.9367750645932613,3.255297609170126,-17.37877584813507,1.01674118230377,-0.4368848783803328,2.8814662578436208,372000
672,23260837,0.05,-1.8119607080853346,3.2575638330329713,-17.283966026930223,1.1004325770207102,-1.0609227708001168,2.882152817245162,372000
672,24260855,0.05,-2.0629875830731232,3.272025594968192,-19.853987899080376,1.0207826343245037,-0.7495426730101601,3.27582586697529,372000
672,20260818,0.025,-2.144079860059893,3.1376911643126473,-21.74004601368738,1.044096587461441,-0.6119420360463009,3.726609751942963,372000
672,21260821,0.025,-1.969699924908802,3.152921177517356,-18.132684333942816,1.087561434765703,-1.11598730744153,2.9224418514064574,372000
672,22260823,0.025,-1.9269652458739392,3.161475007520341,-17.393414566760626,1.0499939474078286,-0.39790721007532726,2.9142172453670856,372000
672,23260837,0.025,-1.804818950994642,3.1586682941395345,-16.140414380348226,1.0797931787455688,-1.007322267225416,2.9331885750261644,372000
672,24260855,0.025,-2.051073628607053,3.1653938661212417,-19.910858978135696,1.0541826322679386,-0.6932527688316195,3.2900067438361322,372000
672,20260818,0.0125,-2.1413043686981577,3.09816801306368,-21.790636171431526,1.23365115523795,-0.584434122794572,3.7420413751859827,372000
672,21260821,0.0125,-1.9749566530440106,3.0982975592966393,-18.232790612811655,1.1244528917369638,-1.0867033026161237,2.9833483809109125,372000
672,22260823,0.0125,-1.92500022622796,3.0831224699985404,-17.402138874334415,0.9951251592272617,-0.37816904492638476,2.9360629307743715,372000
672,23260837,0.0125,-1.805861329799701,3.0858004769570613,-15.640649682798559,1.060839267095486,-0.9737458941937461,2.8934851496523644,372000
672,24260855,0.0125,-2.0511326812083674,3.072180250324229,-19.932454149789237,1.046345511659328,-0.6631523484762566,3.2957087931982967,372000
673,20260818,0.05,-1.850478545978224,3.252715136432941,-17.13366171416705,1.1043560245233035,-1.3637886541541973,2.917244364066168,372000
673,21260821,0.05,-1.7590756259610654,3.2716928676563595,-17.17642749907201,1.12032664821363,-0.9775451097788439,2.884429141916712,372000
673,22260823,0.05,-1.7059927859900788,3.2561922887454036,-17.21670140377123,1.091010319123361,-0.659339240927471,2.847968966814039,372000
673,23260837,0.05,-1.8212749422714931,3.292082083201797,-17.195536534204347,1.1018962254126206,-1.1510167351103304,3.032801205360073,372000
673,24260855,0.05,-1.877791092688792,3.2491040200492547,-17.153447139732837,1.0912982745996005,-0.4882591758555054,3.0990792045972,372000
673,20260818,0.025,-1.8443645213403,3.168559639039763,-16.164797121075928,1.1539202567775673,-1.3288978945042664,2.9359089766250026,372000
673,21260821,0.025,-1.7594187895819915,3.1534201969559876,-16.14354141563318,1.1176203758139673,-0.9643396298897902,2.910940393757146,372000
673,22260823,0.025,-1.6967680882967304,3.128395996405658,-16.081358115894627,1.1445197779431264,-0.632694430246315,2.8926158030597025,372000
673,23260837,0.025,-1.804892502384341,3.164463677971687,-16.206860914512326,1.1170005607796814,-1.1124897358220969,3.047979306082559,372000
673,24260855,0.025,-1.8752846278807056,3.173109228927294,-16.339092565142717,1.0803022744074757,-0.46084708881912356,3.105240729466972,372000
673,20260818,0.0125,-1.8452643209429123,3.0996271292417346,-15.744617093166914,1.0932128346795935,-1.3095011164873682,2.9516985736928776,372000
673,21260821,0.0125,-1.7583523592623682,3.086095161226772,-15.558583812494511,1.1842417201324598,-0.9603872521590902,2.9292740777868915,372000
673,22260823,0.0125,-1.6991724784749598,3.0764284059131968,-15.92076429826866,1.0999450990754998,-0.6212170189164073,2.9235119442523896,372000
673,23260837,0.0125,-1.801494560530527,3.1054376627383564,-15.647797689849053,1.1244817140276984,-1.0911836024937636,3.056555635635063,372000
673,24260855,0.0125,-1.8712300812581641,3.1021099537541286,-16.346198336483404,1.0633006624280308,-0.45179031756332666,3.107520809223377,372000
674,20260818,0.05,-2.053073432672701,3.3263064981380537,-19.56908216092071,1.1643843484190142,0.46375933920317136,6.130244995974575,372000
674,21260821,0.05,-2.0877958884143752,3.2478631401913836,-19.623092194861812,1.2836282322497474,0.5157038153254401,6.136752158111505,372000
674,22260823,0.05,-2.047339882373608,3.268815875300774,-19.457227170794816,1.1804041796771556,0.5121634537773415,6.125200279357573,372000
674,23260837,0.05,-2.056859476361385,3.2695564730507614,-19.261064673871704,1.158365180885628,0.5694018275738986,6.102516843741775,372000
674,24260855,0.05,-2.0512028619457134,3.2563884733459636,-19.40470239183938,1.2560386957671767,0.5578157774927346,6.102613901735232,372000
674,20260818,0.025,-2.0497230404617395,3.1458370315642794,-19.4528073412373,1.157267880105611,0.4389527411034746,6.203403628224227,372000
674,21260821,0.025,-2.0340747008136435,3.148856046856222,-19.44618419595768,1.2569953531370484,0.48813020564390774,6.090014741234752,372000
674,22260823,0.025,-2.0405051272908468,3.1582701894117142,-19.624669931268297,1.2039697854253582,0.5345337941542977,6.047268338046759,372000
674,23260837,0.025,-2.0573780935647346,3.146311166765747,-19.300364557083416,1.1506306670546218,0.5685591457953325,6.100894418242537,372000
674,24260855,0.025,-2.04566946709255,3.1329979433238053,-19.529786971612303,1.2541884888253534,0.5105746386738192,6.076865364274958,372000
674,20260818,0.0125,-2.029148797717155,3.070626488568885,-19.202582366061666,1.2496003486481915,0.49789264826829516,6.096498451258812,372000
674,21260821,0.0125,-2.0517506744938725,3.11641104833459,-19.47092569420718,1.2558883194839283,0.5174103069526867,6.168393604144304,372000
674,22260823,0.0125,-2.04414765547009,3.089395514470798,-19.49065445643106,1.1988736455496292,0.5482345747443207,6.10133393754067,372000
674,23260837,0.0125,-2.031812625399811,3.0874243078465446,-19.279101791012582,1.2662759102431715,0.5403413523451257,6.147041878909033,372000
674,24260855,0.0125,-2.0284399197303125,3.107970628214671,-19.21548731850305,1.2526942274709623,0.573230256276275,6.0666512480258845,372000
675,20260818,0.05,-1.6383703274421928,3.254836880160367,-17.355251233086502,1.25733874025098,1.7645548252306673,5.636728973970893,372000
675,21260821,0.05,-1.6302583290544086,3.2471320733540203,-17.154927616646695,1.2107836418808091,1.7731456738263438,5.642426950392355,372000
675,22260823,0.05,-1.6435743055323664,3.266202808570772,-17.20217571480075,1.3192708945219498,1.7508890970990705,5.600468209303413,372000
675,23260837,0.05,-1.6297280076282528,3.2524382311264257,-17.168557831206982,1.2437503918209618,1.7888201381490194,5.626716941517435,372000
675,24260855,0.05,-1.631001426515693,3.2756159010203594,-17.20418475750315,1.2482996189284687,1.7546400843095944,5.561966715355786,372000
675,20260818,0.025,-1.5676346251007973,3.134269463705941,-16.08107203747575,1.2546084857473656,1.8293821485046418,5.615179706112732,372000
675,21260821,0.025,-1.5761880821693097,3.124061404674165,-16.17295467325845,1.2739290153238811,1.800034001157912,5.588017569801028,372000
675,22260823,0.025,-1.5626692532804511,3.1518531462291484,-16.144847953156695,1.2780807988000726,1.8022400630690505,5.574620891342934,372000
675,23260837,0.025,-1.5605663910239658,3.1652321923215845,-16.066605746121937,1.264826200911278,1.8158589356661052,5.5436573965677765,372000
675,24260855,0.025,-1.5677524639672826,3.130569886049424,-16.088865472435785,1.2502753036453953,1.8328725671923818,5.594496043812379,372000
675,20260818,0.0125,-1.5345610719902891,3.0929116980822324,-15.506520016696058,1.2563679378102786,1.844703417233164,5.542741530912882,372000
675,21260821,0.0125,-1.5371591697246796,3.0768310890701485,-15.598944647813836,1.2375827994501039,1.8450923509761743,5.567912157707495,372000
675,22260823,0.0125,-1.5329323718332373,3.0884971522475575,-15.668114032367734,1.304263859829526,1.820897079512802,5.572272137725262,372000
675,23260837,0.0125,-1.537280247093361,3.0930560056992853,-15.685048084410141,1.2861654065162664,1.8541932356911313,5.557461487146888,372000
675,24260855,0.0125,-1.5339105618916085,3.112103845410222,-15.619674511166625,1.276901939793236,1.859607766779151,5.596154295941309,372000
676,20260818,0.05,-1.7586973901171392,2.0575771590610867,-14.063398423238327,0.8546006936614634,-0.14685844853225893,1.609870331550121,372000
676,21260821,0.05,-1.6784183048555255,2.101494019303111,-12.792014511631116,0.8260967616748112,-0.15837579506115246,1.6375604590545363,372000
676,22260823,0.05,-1.7056130732249664,2.077639207703335,-13.199771437940512,0.8834595051336015,-0.1143782096228823,1.6250337162630888,372000
676,23260837,0.05,-1.6880335228705396,2.090646063180735,-12.793338714698614,0.860353676496938,-0.07150800433222029,1.6423738829422327,372000
676,24260855,0.05,-1.7029421239382123,2.094501642927095,-13.20566368172451,0.8507507963189245,-0.06433477305094809,1.6543441666197798,372000
676,20260818,0.025,-1.7321009313472138,2.0537983923858327,-13.807612982602256,0.8442271752569548,-0.1468799521457734,1.731541889889323,372000
676,21260821,0.025,-1.7057903772509142,1.9837840216826725,-13.307890831384416,0.9208649246967308,-0.1371288418000443,1.73845590880533,372000
676,22260823,0.025,-1.7167418821681335,2.0002840154939814,-13.526367369786643,0.8749566130853482,-0.11291379469680732,1.7444282130596753,372000
676,23260837,0.025,-1.6816719935781221,1.9778261895911153,-12.870378770114815,0.8955926826710623,-0.07862137958003132,1.6916935426157946,372000
676,24260855,0.025,-1.7038201689943546,1.9752911935776343,-13.331946002564836,0.8653609288500338,-0.07840584144907568,1.7530413006980832,372000
676,20260818,0.0125,-1.7225898132798674,1.9211691867724574,-13.621695300855746,0.8891250698617817,-0.13899459094932615,1.77750688887779,372000
676,21260821,0.0125,-1.7101171782140587,1.9322741075947771,-13.292261221293467,0.8915509943855394,-0.15919643522427543,1.7880748560810225,372000
676,22260823,0.0125,-1.7135306726454733,1.9354219612441035,-13.512594050564676,0.9034721720759308,-0.11434826906219632,1.8045762272836579,372000
676,23260837,0.0125,-1.7223777018259017,1.9413410468305703,-13.726710960549278,0.9056972533481357,-0.06382370124748662,1.7495614934175874,372000
676,24260855,0.0125,-1.6872056204466903,1.9861905453579234,-12.997914101010236,0.9009934912324351,-0.07951897829874928,1.7366029067837396,372000
677,20260818,0.05,-1.6876969219309468,3.3048396171264818,-18.014515606096165,1.2542382381446764,0.7049151102688859,2.288886890735202,372000
677,21260821,0.05,-1.6938213951151249,3.293088891413729,-17.774552604629395,1.2085372324162533,0.779958054805978,2.262579747806557,372000
677,22260823,0.05,-1.701901400236185,3.3114272494683643,-17.9966158139553,1.2564313082181,0.6787072777501484,2.377216810829666,372000
677,23260837,0.05,-1.6949366450759538,3.3256260419960326,-18.07549195443614,1.2857581878481281,0.7808160100299893,2.2975210083548894,372000
677,24260855,0.05,-1.6892467381845448,3.272326632574938,-17.92926493418732,1.2535155849644386,0.796152192653141,2.2793947296755928,372000
677,20260818,0.025,-1.6192828974408997,3.183205646971579,-16.769040484224487,1.2645767042653917,0.8025125379574498,2.272198692624347,372000
677,21260821,0.025,-1.611315511167792,3.1848291833585862,-16.595112362810582,1.2845611913966803,0.8164551374273145,2.374439428032644,372000
677,22260823,0.025,-1.610151256933385,3.177893206375894,-16.544949107183676,1.32405518107918,0.8385757021576443,2.3232002687695745,372000
677,23260837,0.025,-1.6194626460745358,3.2155021893725837,-16.89596748362208,1.2824100040466218,0.7957207583794053,2.2624124800568692,372000
677,24260855,0.025,-1.6054849466364784,3.241830185361071,-16.84477684988295,1.2534974128019865,0.817606633474777,2.316714023500414,372000
677,20260818,0.0125,-1.5882415741223346,3.1350366327297086,-16.209856528059568,1.2644962115049634,0.9117397024893796,2.2963016923251156,372000
677,21260821,0.0125,-1.5757190963450605,3.1253202538090656,-16.069530901394238,1.205429682227973,0.871055530702486,2.285946879884464,372000
677,22260823,0.0125,-1.5838962386158668,3.109033034306711,-16.37366968072843,1.243902886777941,0.8926206184062047,2.3124499851600637,372000
677,23260837,0.0125,-1.5915508831968281,3.117072977963684,-16.344292975365093,1.2821776059783927,0.8858868758410441,2.248407079202012,372000
677,24260855,0.0125,-1.5773704079227062,3.1285949312379118,-16.17087597814616,1.2527297000709967,0.8698743064652467,2.310156577734404,372000
685,20260818,0.05,-1.3125559323833489,2.188443549617933,-8.971958782910693,0.9206326920300073,0.7823490274772816,2.020565730295792,372000
685,21260821,0.05,-1.2995129310411508,2.2060380904826644,-8.776790018125592,0.9035856919947302,0.7954838664048538,2.017985799780257,372000
685,22260823,0.05,-1.3060142735971576,2.201608369523574,-8.914109108247494,0.8550574173177399,0.7400428735375094,1.9831262030275272,372000
685,23260837,0.05,-1.3168348137426562,2.193207181874656,-8.805110302573075,0.9239949562119633,0.7385835938405989,2.0084750166203653,372000
685,24260855,0.05,-1.3052938212488048,2.208800333681114,-9.101651545827716,0.8807804634017183,0.8108561075346958,1.9845474033627197,372000
685,20260818,0.025,-1.2692163146378885,2.1090540495440124,-8.068543262242592,0.9011114949277205,0.8454219534492157,2.0400715750272718,372000
685,21260821,0.025,-1.264973690071039,2.084932952144442,-8.198660664384263,0.9072567598779598,0.8036287545909867,2.0226676693337216,372000
685,22260823,0.025,-1.278990181212086,2.1070097104494923,-8.174704272390592,0.9679101362111113,0.7392539859124883,2.033920659227936,372000
685,23260837,0.025,-1.2692856231399134,2.1171687847114007,-8.242492910705014,0.8966667237586331,0.7651920260812387,2.0500855421160846,372000
685,24260855,0.025,-1.2603833702617113,2.0993903903347766,-8.00132658992982,0.8968964573875023,0.796437176913357,2.1133702459680617,372000
685,20260818,0.0125,-1.2428151584731462,2.047415345463601,-7.728815369246224,0.9348446473224972,0.8723496455252324,2.1069393162573804,372000
685,21260821,0.0125,-1.2852658307797382,2.0525264763171864,-7.722479926317324,0.8852146459644082,0.8607856298395358,2.0779050305466154,372000
685,22260823,0.0125,-1.2508939476265635,2.0879668628620927,-7.768969651702668,0.8757832971721909,0.8642813542808814,2.082798400567616,372000
685,23260837,0.0125,-1.2659722479817006,2.0824501116682157,-7.813300346117355,0.8986099957763113,0.8013877047433482,2.1026098634799206,372000
685,24260855,0.0125,-1.2454806258770623,2.050422188392205,-7.658718688460521,0.8785626958278144,0.8036308195409704,2.1055985538444997,372000
686,20260818,0.05,-2.242543662288643,1.9684379449990064,-23.68554784369421,1.2028404149879623,-1.4482337036306763,6.620955766597995,372000
686,21260821,0.05,-2.237465278371806,1.920593711179123,-23.5186191811547,1.1643350869537246,-1.3802413209013247,6.6035890098357415,372000
686,22260823,0.05,-2.2377254598977077,1.9335799825009221,-23.401413921022137,1.209746766126369,-1.3527977475065243,6.683421384347805,372000
686,23260837,0.05,-2.230020683519615,1.86717130825785,-23.222138255873592,1.1717319257890124,-1.3618120679208119,6.693990160965585,372000
686,24260855,0.05,-2.248195299543784,1.8937487650466225,-23.55601751855116,1.1445901159434664,-1.4188776324599677,6.612205954513069,372000
686,20260818,0.025,-2.2305215983918183,1.853505251824153,-23.27695263487398,1.0754101740013535,-1.3380205238248157,6.58830575668642,372000
686,21260821,0.025,-2.2234353806739864,1.929248653620782,-23.399176591077943,1.171599125785761,-1.3592302673345715,6.636280402245021,372000
686,22260823,0.025,-2.2208776576512372,1.8683143665114732,-23.176289821125373,1.1234468046157104,-1.3037573769978574,6.71589566155172,372000
686,23260837,0.025,-2.23176917130107,1.8746434930003728,-23.16175740038157,1.1628994258672805,-1.328246995685317,6.574445967797091,372000
686,24260855,0.025,-2.236597130689592,1.8487688643479911,-23.131027324398183,1.1016842293717182,-1.3509030481053654,6.590163046979783,372000
686,20260818,0.0125,-2.2334169968307656,1.8173558916084493,-23.292529893127554,1.1135804625144445,-1.3622417803318951,6.7020138525812625,372000
686,21260821,0.0125,-2.216780632525728,1.7928082573899715,-23.052037318033108,1.1138129828029286,-1.3773293945948908,6.599003271495083,372000
686,22260823,0.0125,-2.2381433881585813,1.840447136645818,-23.381359438304436,1.1596473272680978,-1.4004883166435553,6.619337752489899,372000
686,23260837,0.0125,-2.2284140572297244,1.8350448529478152,-23.133566217841185,1.192981742573898,-1.3705586067774187,6.615843181913531,372000
686,24260855,0.0125,-2.2314066569617346,1.8563100958543843,-23.431134837421748,1.1636812639570784,-1.3994793147667977,6.6591102009090735,372000
687,20260818,0.05,-1.5954618935922587,3.03401120103017,-15.070398140305318,1.3155540928712346,0.792260639164512,3.3065820152581287,372000
687,21260821,0.05,-1.5913356750639782,2.93587532488839,-15.711700847868924,1.1522305987701527,0.7961480916929702,3.340804592200476,372000
687,22260823,0.05,-1.5518787889974857,2.8849324207626923,-15.835916833812721,1.188110648633346,0.7923129374372337,3.4139041345226486,372000
687,23260837,0.05,-1.5613311946277275,3.0177989863043284,-15.828459782373827,1.193448542335262,0.7806978309447161,3.3566399701200518,372000
687,24260855,0.05,-1.5808635768510586,2.9965667809847307,-15.94245662818588,1.2399271351508176,0.7460902539851225,3.5517666036318887,372000
687,20260818,0.025,-1.5050343393176486,2.8763533073750036,-14.205193824314003,1.3168780033769452,0.790557405693414,3.2928327655267373,372000
687,21260821,0.025,-1.5339317075275594,2.941980553975301,-14.618734574237449,1.1617924585549995,0.8612523960553491,3.340685663518235,372000
687,22260823,0.025,-1.5098370091116753,2.8433105266008996,-13.971081238969596,1.204103419795294,0.8522614399694294,3.4137889271581745,372000
687,23260837,0.025,-1.5227275168167853,2.8442670561380132,-14.877586436987515,1.2470577975793495,0.7615515696185009,3.356517815993558,372000
687,24260855,0.025,-1.5163564658015665,2.902125931267788,-14.951519072967747,1.2662273021241472,0.8087047236261546,3.5516326065093486,372000
687,20260818,0.0125,-1.478838760508799,2.848113734553253,-13.749564713637136,1.3166536508910052,0.88443110635171,3.2886544068737416,372000
687,21260821,0.0125,-1.5056671095943195,2.906957896311661,-14.088871560867783,1.1474539723930597,0.8807088381707227,3.340643222664949,372000
687,22260823,0.0125,-1.4864421528353138,2.9731452775624274,-13.429130266381529,1.2090965416235269,0.7708502134302573,3.413727612706546,372000
687,23260837,0.0125,-1.4989031028106763,2.806213914802122,-14.395669780714535,1.19991935660429,0.8647935267894217,3.356455608837702,372000
687,24260855,0.0125,-1.488776700904865,2.8368108654962536,-14.339737901253308,1.2341470438836797,0.8797310124382415,3.5515807534462054,372000
688,20260818,0.05,-1.7879695108534939,3.7598540056504373,-22.75183942029102,1.3052077485225566,0.7431258722944901,3.1857266010217034,372000
688,21260821,0.05,-1.8467663341962202,3.9106256254193146,-21.985682591479257,1.2874995384071288,0.7238332885272267,3.2058071076554313,372000
688,22260823,0.05,-1.7949261874145823,3.7646889538094097,-21.995229282678267,1.3393889940464354,0.747928831127452,3.1811342560230886,372000
688,23260837,0.05,-1.791500726105646,3.7169373256530687,-23.022187549513134,1.2761610466723747,0.8080707278954531,3.2050109799920317,372000
688,24260855,0.05,-1.8159690229330518,3.7083345654062847,-22.65989861150655,1.2365592875596625,0.7438277881413053,3.151894655900813,372000
688,20260818,0.025,-1.7431900046689632,3.7255814465457173,-21.678508174171853,1.3017372615623917,0.6853919260527135,3.1856357780904334,372000
688,21260821,0.025,-1.7301023712480383,3.64768064603918,-21.528554156200535,1.2932209404084956,0.8341261512291156,3.20567896965374,372000
688,22260823,0.025,-1.7361643348521083,3.672769635708745,-21.63790655705351,1.337661684029431,0.8283527728914231,3.1810464104225815,372000
688,23260837,0.025,-1.730477165831947,3.666290751713028,-21.682962363523302,1.2481955865962318,0.8081246105370001,3.204905841939734,372000
688,24260855,0.025,-1.715563620742924,3.632157183883625,-21.194419619256788,1.2262517402601512,0.7832732504307133,3.1516736644757604,372000
688,20260818,0.0125,-1.7092158594165763,3.6306433661652684,-20.721274552994025,1.310366227246624,0.8049186458877083,3.1855877676053916,372000
688,21260821,0.0125,-1.7009258521936372,3.5855835873807504,-21.056308914727722,1.2781863345634281,0.8629732384369446,3.2055722831089457,372000
688,22260823,0.0125,-1.7062927023731227,3.617696618096283,-21.14084614188715,1.335775548218564,0.8251848782157385,3.1810063261813704,372000
688,23260837,0.0125,-1.7133722357192835,3.579968872677086,-21.074588553921146,1.236419145811051,0.9439941287951924,3.2048583918967655,372000
688,24260855,0.0125,-1.6929856071650153,3.57541026510735,-20.957758024650854,1.2177120774475747,0.7987531384436265,3.15158467182936,372000
689,20260818,0.05,-1.783581501792639,2.326888849239858,-14.508804105177582,1.0892365452605886,0.8175190991736565,2.960514847982026,372000
689,21260821,0.05,-1.779177213900469,2.4101231191877313,-14.408836884933223,1.0607353680985285,0.7733467423398467,2.927273235578461,372000
689,22260823,0.05,-1.7948427927080344,2.317150381611123,-14.800039410421144,1.0329517527770318,0.7638774420762251,2.9532862329411733,372000
689,23260837,0.05,-1.8009127733549486,2.3604268930708225,-14.950280361983669,1.0696440677424992,0.7452211263422612,2.925185683139038,372000
689,24260855,0.05,-1.784828317871338,2.343149035848607,-14.543748977640785,1.0882436766772827,0.7225134592113658,2.9685294179832735,372000
689,20260818,0.025,-1.7505051129128726,2.2679855100320707,-14.018465953380202,1.0815180840778762,0.7764967157841939,2.7256608249788665,372000
689,21260821,0.025,-1.745137763947933,2.368054397882022,-14.101092473611098,1.0652957992416288,0.7946717726054643,2.911301917894501,372000
689,22260823,0.025,-1.7920891293783359,2.3221620838224033,-14.796967827582117,1.0639217149734042,0.8690596262239176,2.9532341546249907,372000
689,23260837,0.025,-1.7927032486975891,2.337880394223731,-14.942943316751615,1.0164677880845083,0.8623819150170102,2.9249748961396422,372000
689,24260855,0.025,-1.763500915058933,2.2778879456051615,-14.016276753212003,1.1104089852528103,0.780876537290723,3.063488876339059,372000
689,20260818,0.0125,-1.7477653292613302,2.2524380463364864,-14.018400865533891,1.0778973770207612,0.7914060393885133,2.9690738395126326,372000
689,21260821,0.0125,-1.7274364203528423,2.3111244730270117,-13.752057582508684,1.0285022877013352,0.8722038310503404,2.932617112694597,372000
689,22260823,0.0125,-1.7834832184486153,2.205512281097131,-14.795426443404528,1.1135145305320422,0.7753796754923813,3.0390569881678453,372000
689,23260837,0.0125,-1.792034548209654,2.2942303953693544,-14.940294531286407,1.1345846074698738,0.8239150418097413,3.0332401004880647,372000
689,24260855,0.0125,-1.763968377987179,2.254485368427184,-14.264575391212254,1.1909620427575844,0.7543558358135491,3.0719195449810575,372000
690,20260818,0.05,-1.8629829473799273,3.867744760365634,-22.8249358011101,1.1353519787261808,0.4904738054826899,1.6045093546021996,372000
690,21260821,0.05,-1.8817329011793766,3.90566360976566,-22.839010380853686,1.163086548149628,0.49255663789544823,1.59624595274059,372000
690,22260823,0.05,-1.874681525361188,3.91886864204311,-22.898140697353657,1.1455389735037143,0.5317450065218565,1.5932084330283416,372000
690,23260837,0.05,-1.873350678780631,3.9348526565967066,-22.96467738068193,1.207383661964403,0.5297793800217978,1.635350540792016,372000
690,24260855,0.05,-1.8706350983007058,3.8830203081718944,-22.93899090212288,1.1920268120622572,0.5170776206709466,1.6438278797407955,372000
690,20260818,0.025,-1.7584095955301082,3.79029985944883,-21.96531845336434,1.1262668731679164,0.5061379982614631,1.6659285900254268,372000
690,21260821,0.025,-1.7512688288158005,3.782637284505723,-21.79269265953013,1.1690557770536223,0.5083748206831176,1.702807770419325,372000
690,22260823,0.025,-1.747141403187218,3.763217164961966,-21.811668985126747,1.2027964825433899,0.5478444560556076,1.6698722885509396,372000
690,23260837,0.025,-1.7626220160930879,3.785209765381457,-21.754384159242456,1.1810338578897241,0.5183616263439178,1.6770889606924613,372000
690,24260855,0.025,-1.7641243174538124,3.8061563674084145,-21.757745660879415,1.1953862227161387,0.5278022473897084,1.710152422386823,372000
690,20260818,0.0125,-1.7147900287303621,3.6991449841991315,-21.22087085443721,1.1789399514833037,0.5289364760778617,1.7156637220588,372000
690,21260821,0.0125,-1.720254369582962,3.696584424883737,-21.20379917989326,1.1544890393279168,0.5183393641400197,1.7499026225859948,372000
690,22260823,0.0125,-1.7265291640605216,3.7169192170087983,-21.2278297521555,1.2275896966315651,0.5576765856230153,1.7607668111061472,372000
690,23260837,0.0125,-1.7269626098523454,3.7022404553630452,-21.286568304665064,1.165630203289229,0.5259358981576397,1.7378985130817528,372000
690,24260855,0.0125,-1.7202774750805485,3.7220892455810928,-21.37546664999281,1.1586574591325538,0.5361691367963429,1.7378933203142877,372000
698,20260818,0.05,-1.9499849546788939,2.609580042740813,-17.75170956128687,0.9175172473732346,-0.6013723642250492,2.6673730660768924,372000
698,21260821,0.05,-1.8771693641506424,2.849792805179136,-16.339051501034874,0.8799780013925826,-2.5778516760306593,2.3063473230956806,372000
698,22260823,0.05,-2.0368427823408592,2.532789952234187,-19.44538580294476,0.9512833161690726,-0.2296627666041967,3.035935148932313,372000
698,23260837,0.05,-1.8605315524331094,2.6608751167362996,-15.98733879114458,0.9343330615077468,-0.9603120985805864,2.271757576477295,372000
698,24260855,0.05,-2.0386919331975126,2.621931440999083,-19.617041343851586,0.9082520529086662,-0.8809735910994381,3.201453052347891,372000
698,20260818,0.025,-1.9459408108736205,2.4702423735890062,-17.77234188961162,0.8971530635756615,-0.5521658747004788,2.66991313351464,372000
698,21260821,0.025,-1.8657858523613549,2.7698446148888256,-16.35492285758162,0.9478679509559962,-2.5227380810478452,2.310656049567001,372000
698,22260823,0.025,-2.037364472918379,2.4394767671566435,-19.44576236224371,0.9272341148359897,-0.17983155567390308,3.0377273931941984,372000
698,23260837,0.025,-1.8659799065249638,2.57548174218484,-16.107679363298264,0.9904654266768147,-0.9057680703361366,2.294505613256798,372000
698,24260855,0.025,-2.036862199060645,2.547811462344146,-19.636385041453405,0.9289743486427677,-0.8265709005290797,3.206727994621601,372000
698,20260818,0.0125,-1.943514872740562,2.438653142505848,-17.78976891179794,0.9488286729553264,-0.5253678706146047,2.6740081675284952,372000
698,21260821,0.0125,-1.8621653254919945,2.733967073226571,-16.363280499478346,0.9394607891634296,-2.498182795981189,2.3126914397361795,372000
698,22260823,0.0125,-2.0350829404850885,2.4106123775251507,-19.453556149431723,0.9541055601607067,-0.14855925769316622,3.0391370057056126,372000
698,23260837,0.0125,-1.864883312928571,2.5463360124746464,-16.146371869354507,0.9188990365987096,-0.8798390739080921,2.3022913011458974,372000
698,24260855,0.0125,-2.0357516808753613,2.4992901676882133,-19.638536267117498,0.9553579913850783,-0.7991434940476306,3.208067599020292,372000
699,20260818,0.05,-1.8341750266233687,2.955509855862934,-15.47428207730296,0.9971804312694875,-1.2430719395208973,2.6258666420193664,372000
699,21260821,0.05,-1.8241207340895518,2.9448094339692132,-15.09788047684659,1.0144732004510184,-1.3182521524906223,2.798433129245278,372000
699,22260823,0.05,-1.9851483198304716,2.9180903865641876,-18.41423016585847,1.0703363559055714,-1.178588361500611,3.508172265467091,372000
699,23260837,0.05,-1.7510537319415935,2.810711710070061,-13.973557872039853,1.061023125200067,-0.3365651924066288,2.2293292690326973,372000
699,24260855,0.05,-1.9114792802430483,2.9924004330485983,-16.817833827059196,1.07487395538438,-1.442723015362694,3.0013742229769127,372000
699,20260818,0.025,-1.83632248735735,2.85083626607271,-15.501484747294892,0.9751981488990957,-1.2009641373894073,2.6321663508575566,372000
699,21260821,0.025,-1.8162363840570843,2.842385946362767,-15.142313747040898,0.9972594071142223,-1.2676003177827035,2.8089032336900113,372000
699,22260823,0.025,-1.978864162785225,2.7947670813872003,-18.41985455947031,1.028035223102735,-1.136712514392484,3.5089227835376984,372000
699,23260837,0.025,-1.7345034565348536,2.7200589442847996,-14.028999666994604,1.0344369088502203,-0.312454727455248,2.243716781338266,372000
699,24260855,0.025,-1.9158778902413383,2.8629487350828775,-16.843908610781277,1.0130910847425274,-1.4087551112031889,3.0056984645903015,372000
699,20260818,0.0125,-1.8337631499849054,2.7891018043275393,-15.505742682408972,1.0450252457559992,-1.1795414891941218,2.6343022537046323,372000
699,21260821,0.0125,-1.8154784749542396,2.8329549195931927,-15.17594359190694,1.0079253928666878,-1.242614273482835,2.816757057051322,372000
699,22260823,0.0125,-1.9782455422978664,2.776312008174316,-18.43476471490436,0.9996875762522184,-1.1172002106811385,3.5124065296728952,372000
699,23260837,0.0125,-1.7357394210295143,2.645515091743902,-14.041360693711237,1.004663996369348,-0.2967845846200854,2.2512238122369475,372000
699,24260855,0.0125,-1.9098418973252183,2.8237469602644243,-16.853546624622513,1.0449313752255593,-1.3921544256260419,3.007425480202717,372000
700,20260818,0.05,-2.0568804981431987,1.9210389768201177,-19.46206223305137,1.2049292880706746,0.48134655960343314,6.037132309385782,372000
700,21260821,0.05,-2.054677705773848,1.9545277353693953,-19.7009607728778,1.23225736397587,0.5465213169683802,6.076039326831024,372000
700,22260823,0.05,-2.051514761448943,1.9024164884329537,-19.646961318113803,1.1107833151848472,0.5375446398196322,6.043861372828348,372000
700,23260837,0.05,-2.0675720288567363,1.9257351649163783,-19.620254550479807,1.1881068462220186,0.4933178336313668,6.01401324207911,372000
700,24260855,0.05,-2.0630142705262626,1.9225905749736638,-19.691523239041164,1.1929452293205107,0.5302900803778663,6.011156475641427,372000
700,20260818,0.025,-2.0482441463196825,1.858275789954488,-19.457147826463355,1.1331046318121478,0.5571739064841278,5.942996303961372,372000
700,21260821,0.025,-2.0451155501713694,1.854256387842489,-19.643019457328872,1.1792872463317792,0.503093288268736,6.083489726622957,372000
700,22260823,0.025,-2.050606148805117,1.8624295542255387,-19.678918693304265,1.2240917652202499,0.4597560965384548,6.049283822976292,372000
700,23260837,0.025,-2.05662816521911,1.8285408306694046,-19.590386268948087,1.1957449992695854,0.49800230679427726,6.137953005106861,372000
700,24260855,0.025,-2.0450362941821862,1.8287373715419746,-19.44310364769639,1.2483560462993228,0.5084811511041635,6.045419141517825,372000
700,20260818,0.0125,-2.0462298981492575,1.8301519529828358,-19.415185314246468,1.1278335374017123,0.5364690139565365,6.021118609895255,372000
700,21260821,0.0125,-2.0391924613556283,1.8390495195623249,-19.318201872796823,1.1939166455006938,0.5755980564469907,6.054000579915846,372000
700,22260823,0.0125,-2.0472292830110623,1.8061374596253053,-19.55304217022804,1.1676511350807777,0.5541525216019096,6.016481158819154,372000
700,23260837,0.0125,-2.0545673978068946,1.7870161382460459,-19.613446809253713,1.2921209577797261,0.5037108439876365,6.048016981219329,372000
700,24260855,0.0125,-2.061715946826462,1.8101992577386277,-19.63520356170387,1.2076545191760595,0.5100519865931709,6.160233993145302,372000
701,20260818,0.05,-1.5067991762361566,1.9500301542651954,-10.098788966975247,1.1432470659051142,0.800603523912755,5.521051782193487,372000
701,21260821,0.05,-1.5080336111013286,1.965684717264338,-9.995291260713472,1.2399933067293014,0.8014881145937279,5.5045496424487235,372000
701,22260823,0.05,-1.522897340429169,1.9928956286360473,-10.161189785880298,1.1979875063088217,0.7418518476908699,5.590432106168898,372000
701,23260837,0.05,-1.5204634863480766,1.9534803168937818,-10.222237220937885,1.152311032111169,0.7744437564561923,5.55725526152324,372000
701,24260855,0.05,-1.537144806653166,1.9270758123519354,-10.410615766807966,1.2077180010709303,0.7791429792738996,5.493297936606644,372000
701,20260818,0.025,-1.512658876419137,1.8642671131422228,-10.351793151561132,1.1622266675696429,0.8402152685145683,5.53698642898406,372000
701,21260821,0.025,-1.513056054300462,1.8549313315067135,-10.022373115581924,1.246162843196373,0.8086678839076286,5.49656757877057,372000
701,22260823,0.025,-1.5044894745944666,1.9149720272084607,-10.019255948726283,1.2444075539523294,0.8089598493055729,5.518221645914404,372000
701,23260837,0.025,-1.5417912935008955,1.8684972190998785,-10.672758227784891,1.1556546943856911,0.8089970888395134,5.582034639871911,372000
701,24260855,0.025,-1.5232020809281903,1.9433996829810036,-10.063392836754625,1.2001740932367795,0.822277260003399,5.541400059980845,372000
701,20260818,0.0125,-1.4932443122664136,1.8044607669716628,-10.069767413504984,1.1718975093314372,0.8811670308946692,5.479191937024963,372000
701,21260821,0.0125,-1.5021525007798653,1.8720597184072993,-10.349482469418968,1.2188595329122232,0.8711791191071394,5.487283442892546,372000
701,22260823,0.0125,-1.5080043366466862,1.8010727311173378,-10.096355375160622,1.1614750717372597,0.8251122981482079,5.635264698929018,372000
701,23260837,0.0125,-1.5271994200900783,1.8497102629822122,-10.47346828540684,1.1623999167139452,0.8428456592549971,5.529929904173172,372000
701,24260855,0.0125,-1.519998653007304,1.8295001455879822,-10.181683806216384,1.2747111277595435,0.864427012462854,5.498650306021871,372000
780,20260818,0.05,-1.896238181665723,2.2380804071692086,-16.53881249389133,0.904607671222929,-0.45986401779110603,1.1401698349933058,372000
780,21260821,0.05,-1.864459271475656,2.241356076667023,-16.003117913889486,0.8703196758550551,-0.5951550736810036,1.0907438383787322,372000
780,22260823,0.05,-1.8957389349772724,2.1815392975257604,-16.31376023064593,0.8660824798077974,-0.40317846005451036,1.0516704662563954,372000
780,23260837,0.05,-1.9468187208628318,2.194780901788429,-17.46429861082442,0.8658771453210894,-0.4985861957930254,1.0650387310158433,372000
780,24260855,0.05,-1.9251520984191393,2.221853148569969,-16.856347216826027,0.8036498034722778,-0.4229931683563941,1.041272952176134,372000
780,20260818,0.025,-1.893208929343703,2.0974422227035756,-16.564059911783875,0.9315816972134854,-0.4376710512690486,1.1633477199360907,372000
780,21260821,0.025,-1.8717602483560487,2.1612531370885826,-16.229919546697353,0.8840625813291771,-0.5773080460094715,1.0969938772550742,372000
780,22260823,0.025,-1.9026942482543145,2.1043086733142626,-16.895893369844444,0.8793015848852465,-0.3882056555771987,1.0932633294982723,372000
780,23260837,0.025,-1.9415187178680162,2.162338680117304,-17.47295988534616,0.8769802744428704,-0.47818692813511793,1.1109371873580856,372000
780,24260855,0.025,-1.9200996803521193,2.124868728150191,-17.03660320331513,0.8944913367094977,-0.3954321315507849,1.0496748641476725,372000
780,20260818,0.0125,-1.8896773069998207,2.072620757449746,-16.57729150791404,0.9202761101109429,-0.42807421173095533,1.1996059920011708,372000
780,21260821,0.0125,-1.86766462113748,2.1055804340843665,-16.207008777716755,0.8351190082170206,-0.563265278453037,1.1584422768014115,372000
780,22260823,0.0125,-1.8963690967916451,2.085317481102296,-16.8264685528616,0.856091477404523,-0.3782614864758754,1.1041342941723742,372000
780,23260837,0.0125,-1.939488644009778,2.105390705048898,-17.498100287632763,0.8848530654282687,-0.4665682293793138,1.116178367245234,372000
780,24260855,0.0125,-1.9322796285768422,2.0749144508024733,-17.268187597828554,0.9287499380563413,-0.38431990076952655,1.066534590461597,372000
781,20260818,0.05,-1.927976619251217,3.299808907115421,-17.852758580549008,1.3061016083682488,-0.5795443043364533,2.369481243057016,372000
781,21260821,0.05,-1.9369162338976986,3.3623802486162417,-18.02117497692546,1.2815992582992326,-0.5851959255577537,2.4444400434660314,372000
781,22260823,0.05,-1.8927812617070117,3.335831258404528,-18.037497750014207,1.2212750760124818,-0.9167837526822054,2.300241337606037,372000
781,23260837,0.05,-1.9057553618905259,3.3170138608733373,-18.007619584105157,1.380834300137973,-0.4457340419832669,2.359771099851006,372000
781,24260855,0.05,-1.896599045696234,3.3126573233946313,-17.83346841533551,1.2089407959983065,-0.39102645561253396,2.3214768736860854,372000
781,20260818,0.025,-1.9321046083527043,3.231038525414957,-17.482198362421947,1.301882662682227,-0.5560957249189058,2.370369144046193,372000
781,21260821,0.025,-1.941804598749523,3.212461880554174,-17.54675489568798,1.2510600075746785,-0.5751370801153354,2.4321729145623427,372000
781,22260823,0.025,-1.8894065662172823,3.234786466883169,-16.82533948837343,1.2200716977169592,-0.8995973396902971,2.2735678709126823,372000
781,23260837,0.025,-1.8927559105533818,3.2464674145010153,-16.85957323752288,1.3767745748066171,-0.42389828283168773,2.395305767546124,372000
781,24260855,0.025,-1.889419889907367,3.213881842142893,-16.724848364326906,1.2151662257590379,-0.3728618994941463,2.3087049414173526,372000
781,20260818,0.0125,-1.9310397566009305,3.1572293587005835,-17.45715912789509,1.2999406723566327,-0.5428192284122952,2.3612478621590642,372000
781,21260821,0.0125,-1.9354911359312976,3.145827030030328,-17.496210567383066,1.2521101246946658,-0.5662502809652229,2.4400801795859826,372000
781,22260823,0.0125,-1.8915438131853741,3.1332891128157905,-16.614644504338145,1.2308660986917523,-0.8870232429375166,2.269126701244326,372000
781,23260837,0.0125,-1.8888430061732782,3.175923275986405,-16.581699128992867,1.3752243597020413,-0.40981498320157106,2.395440383496739,372000
781,24260855,0.0125,-1.8903901366921025,3.1548974879923257,-16.698796652674922,1.206313225086543,-0.3621098374241616,2.3031502886595363,372000
789,20260818,0.05,-1.8495470561157776,2.260209190998292,-16.05232439169372,0.9060669174969742,-0.5521020345448862,2.0316441480891245,372000
789,21260821,0.05,-1.8916639596556841,2.2412679535835784,-16.475790356816876,0.872152294084429,-0.6493760330027639,1.9754039901143328,372000
789,22260823,0.05,-1.8644238238153013,2.2355438711742313,-16.032061922138535,0.8964574914261095,-0.5979956730099929,1.9628053085239383,372000
789,23260837,0.05,-1.9286583602496126,2.258497820672039,-17.330578383537123,0.9375658420062634,-0.38264627510149873,1.953547942245905,372000
789,24260855,0.05,-1.9569228842976747,2.2623771251790177,-17.770432120388502,0.9318138117401451,-0.7277519965222007,1.9596720813193274,372000
789,20260818,0.025,-1.8589102428110993,2.1464067202248707,-16.24794325987178,0.9311160248512008,-0.5450359698046596,2.019009721317154,372000
789,21260821,0.025,-1.9005727816662916,2.165962784198179,-16.789525327813113,0.879893443176946,-0.6321687946137093,1.9537786907452694,372000
789,22260823,0.025,-1.8432692468427003,2.141438237413828,-15.849620704751544,0.8988041348010629,-0.5774162273555167,1.9886347355329714,372000
789,23260837,0.025,-1.9236930812486053,2.1657355014559614,-17.437458875935885,0.9499907156719694,-0.3465200227467796,2.021929678567406,372000
789,24260855,0.025,-1.953651803488399,2.170800962951757,-17.92930493732951,0.9474552444065756,-0.6884234005637486,1.9747115131857544,372000
789,20260818,0.0125,-1.8493122490031613,2.117186214762236,-16.054403434449995,0.8798356457841926,-0.5389637912044052,2.0581054243155767,372000
789,21260821,0.0125,-1.8900809213453433,2.114975352385424,-16.617654249270238,0.9196077735552325,-0.6209026073760995,2.0547988413138745,372000
789,22260823,0.0125,-1.8828444607052748,2.1160045608388827,-16.610644577492746,0.9610366973988597,-0.5690213974831353,2.0286197471338983,372000
789,23260837,0.0125,-1.9235649687810854,2.1176695309108395,-17.479471179945662,0.9169081748732941,-0.36301304034816345,2.0887845088184465,372000
789,24260855,0.0125,-1.953756285586585,2.11063335303063,-17.92856310787623,0.9041052322391848,-0.6847711529165109,2.042504691842722,372000
790,20260818,0.05,-2.4463582039491074,2.140797810055136,-28.50196027218361,1.1971313336772131,-1.3915023386454395,6.638867226691584,372000
790,21260821,0.05,-2.469962146110317,2.127327741786599,-28.774883643391554,1.1527733044732738,-1.3909295607844419,6.507104370053312,372000
790,22260823,0.05,-2.45072412004765,2.121443291034492,-28.452652982429658,1.1907260032869622,-1.4235153227484216,6.628304089317255,372000
790,23260837,0.05,-2.4694781051520387,2.178111105356412,-28.787233040220435,1.129247415427682,-1.4438541084481942,6.650549428795645,372000
790,24260855,0.05,-2.4570848361322146,2.1589525100780302,-28.570952421801216,1.1633904277918872,-1.4600042655512313,6.603354477107682,372000
790,20260818,0.025,-2.448121757289409,2.019329776306923,-28.644395968834306,1.156744410958338,-1.3664460564159777,6.580817677953514,372000
790,21260821,0.025,-2.4468651431466286,2.0524722615654536,-28.6754717936071,1.1497736469292916,-1.3661136081728686,6.617956572272159,372000
790,22260823,0.025,-2.456707091514683,2.042705833818132,-28.39003238621164,1.147544910631186,-1.4212667694175882,6.689327411318466,372000
790,23260837,0.025,-2.4568661660722135,2.0833681933498083,-28.74640435830923,1.1270236915194738,-1.3905123196660794,6.5993335698718925,372000
790,24260855,0.025,-2.445141551023995,2.0364589869082157,-28.352256004770116,1.207501224731668,-1.3857228346984285,6.606019067556831,372000
790,20260818,0.0125,-2.4496941617487447,2.0377079219059264,-28.63965697338019,1.2358906192369563,-1.3305896003697688,6.642902931871281,372000
790,21260821,0.0125,-2.4488077795327206,1.9821794072114969,-28.63976062033972,1.305602875688638,-1.4161629126158097,6.601381570181583,372000
790,22260823,0.0125,-2.4747199296578666,2.0265814176604664,-29.168237880046632,1.1609024606019096,-1.3998260209294664,6.651787029607843,372000
790,23260837,0.0125,-2.436941277489065,2.0345783484395197,-28.44619698301726,1.2175928713666961,-1.3435075744132825,6.524410642374337,372000
790,24260855,0.0125,-2.4443598203341135,1.9900723899931416,-28.72437937428057,1.2122309729945842,-1.4529816884883053,6.549613500763576,372000
791,20260818,0.05,-1.960590165224147,3.114099056400203,-17.759288955918514,1.1928536868486834,-0.5454717437790834,3.355502028099183,372000
791,21260821,0.05,-1.8754935387828677,2.907844860217153,-16.224300699958462,1.183803779524651,-0.42483447667277713,3.3667466787713676,372000
791,22260823,0.05,-1.8753372093851157,2.981684887599314,-16.511876333285475,1.1702056955070201,-0.7078322594676365,3.2817916604464594,372000
791,23260837,0.05,-1.894081403687406,2.9484296037167024,-16.435849803759595,1.170882967649761,-0.5196841800627209,3.2848846773048543,372000
791,24260855,0.05,-1.8798863606355285,2.962651742127664,-16.11131259321891,1.247355593510914,-0.3777074501942149,3.374188885435712,372000
791,20260818,0.025,-1.9473920535504012,2.9627299568990995,-17.850242792743984,1.1881145450054278,-0.5279585453967941,3.35537132992666,372000
791,21260821,0.025,-1.8838025921503188,2.865851875940387,-16.54817132425966,1.177282842279299,-0.4043081949934174,3.3665751226357714,372000
791,22260823,0.025,-1.8866117382177952,2.859866459025244,-16.67651493428861,1.262542924863521,-0.6914699761749541,3.281688291718553,372000
791,23260837,0.025,-1.889914052128565,2.8423651636200264,-16.48582305903522,1.1415811606841362,-0.47733528792107077,3.2847847790130764,372000
791,24260855,0.025,-1.887839840102656,2.8335818665298707,-16.405789061088953,1.2407893105221148,-0.3388561348477641,3.374050780805081,372000
791,20260818,0.0125,-1.9494185348390218,2.870383753936172,-17.88762760397358,1.1866989644069883,-0.5159373160235856,3.35532034580272,372000
791,21260821,0.0125,-1.8923761261528307,2.7978833660929783,-16.684253142896313,1.1703011009740203,-0.3970777667559597,3.366523228436924,372000
791,22260823,0.0125,-1.8893336690167946,2.8152578241287953,-16.713292302216725,1.176811714206126,-0.6800802614107859,3.281634239197502,372000
791,23260837,0.0125,-1.890133436737616,2.780022100072363,-16.52069861080916,1.1438572440652617,-0.46748938476500806,3.2847389305351666,372000
791,24260855,0.0125,-1.8845547965203173,2.808744257058328,-16.4269154876333,1.2348004824393197,-0.32943054524126736,3.373992621668587,372000
792,20260818,0.05,-1.849731061691716,3.824116512713241,-22.785930411852416,1.2144105961912175,-0.6462547309549895,3.1638428778422734,372000
792,21260821,0.05,-1.8425994356027233,3.7633626838106355,-23.010427273836456,1.3019525323674532,-0.47082915392176006,3.1552435752202515,372000
792,22260823,0.05,-1.9057581768472716,3.8527966627732217,-22.31789507105473,1.2844381279495443,-0.5069038828418606,3.1134223094813946,372000
792,23260837,0.05,-1.8594645205732694,3.873147430100918,-23.241053720671633,1.291499338638661,-0.5233564019717354,3.17864282485332,372000
792,24260855,0.05,-1.92327751773813,3.7821347434441974,-23.045137083502418,1.252096332831182,-0.4741198576541815,3.1967356749057543,372000
792,20260818,0.025,-1.803854706445963,3.6748067571546916,-21.678730350709465,1.2138653836331885,-0.6335152751400495,3.163781631216084,372000
792,21260821,0.025,-1.8127056095605512,3.6334233359031898,-21.78572574698107,1.2788764157685069,-0.4496651318759807,3.1550917725377188,372000
792,22260823,0.025,-1.8982279821470758,3.739451061610482,-21.81312190042017,1.3617130151410022,-0.48367912657602746,3.113206673588475,372000
792,23260837,0.025,-1.809758178980797,3.740974834177141,-22.14891214988806,1.2862384057178757,-0.4762394635187478,3.1787373702719477,372000
792,24260855,0.025,-1.9156102142219393,3.592573359296191,-21.247141790466248,1.2517273065234662,-0.4513505251114528,3.1966264698305347,372000
792,20260818,0.0125,-1.7991600246716457,3.703642568030525,-21.262553416641207,1.2266518336204104,-0.6244958439352318,3.163756702127859,372000
792,21260821,0.0125,-1.8045599638029424,3.5757134786706732,-21.201095160994036,1.2632836125365905,-0.4489058840479415,3.155037666461341,372000
792,22260823,0.0125,-1.8946593613878282,3.6231054327554824,-21.742258553488597,1.3393381501596247,-0.47143912760373974,3.113138062371491,372000
792,23260837,0.0125,-1.8213496296418,3.6209225412277295,-21.09687923090692,1.2832143991460887,-0.499896401334153,3.1787272106169984,372000
792,24260855,0.0125,-1.9191261096621752,3.543398367933693,-20.702828866287387,1.283250500960334,-0.43530964581024006,3.196570146389279,372000
793,20260818,0.05,-1.9091690326420971,2.381647126604518,-16.726748691422554,1.0413993321059425,-0.8981201064749359,2.836683303188118,372000
793,21260821,0.05,-1.92580640666977,2.383835047143986,-17.07977285613638,1.0241549914343866,-0.5496982460061777,2.735360625714317,372000
793,22260823,0.05,-1.9104128538476748,2.38595298901204,-16.696150636109902,1.0275062269698838,-0.7639004540139894,2.696338387948283,372000
793,23260837,0.05,-1.9743001402855358,2.4334948592823045,-18.013385544466843,0.9700476632833088,-0.6290585927352477,2.9236890457732474,372000
793,24260855,0.05,-1.9091500242400792,2.403751291784626,-16.97960498467098,1.0148350831758617,-0.4854341829610057,2.7590315466011712,372000
793,20260818,0.025,-1.9026408431053203,2.2795761595919815,-16.791816571152758,0.9713241116652156,-0.8808552838227116,2.8356481227527017,372000
793,21260821,0.025,-1.9330224386341581,2.251474396111935,-17.11319805682019,0.9772549803722216,-0.5325417807143652,2.7351974472090324,372000
793,22260823,0.025,-1.896272771483698,2.3295886860746844,-16.75179804131459,0.999302775681064,-0.7498128737946641,2.696158087567453,372000
793,23260837,0.025,-1.9622268607750653,2.3322963887993446,-18.040340183293637,1.0007310040009898,-0.6133779982520374,2.928463250788328,372000
793,24260855,0.025,-1.8998442837939018,2.273014742922872,-16.883804463984013,1.0687488575879736,-0.465749205359212,2.7589026797388714,372000
793,20260818,0.0125,-1.9094566948784102,2.2799447780521533,-16.990168915872236,1.0221129608537527,-0.8704575919675223,2.8352403227939322,372000
793,21260821,0.0125,-1.9295476372108815,2.2472571011617557,-17.20516919705347,1.0655535267640472,-0.5229488037872867,2.735132097454593,372000
793,22260823,0.0125,-1.9009927181207535,2.2873677792174187,-16.94056035229347,0.9904431540253646,-0.7467751109171634,2.696093645648857,372000
793,23260837,0.0125,-1.9608330192133927,2.273465582955679,-18.038926029396425,1.0299432208099117,-0.6051772801004424,2.932199015341034,372000
793,24260855,0.0125,-1.9268946116309533,2.2204526527894095,-17.337241938199526,0.9917319578051401,-0.4572706527624266,2.758830325775443,372000
794,20260818,0.05,-1.8794689231556252,3.9037802172201053,-22.998165178318356,1.1349669140520975,-0.5312624895657672,1.2937634629710373,372000
794,21260821,0.05,-1.892973692734345,3.8912017740737093,-22.888423106396335,1.1776374211678744,-0.5338001955110699,1.262050655210702,372000
794,22260823,0.05,-1.9685558920220914,3.934221178555804,-22.978104235583327,1.1383894699913446,-0.43984663312097794,1.32843880234311,372000
794,23260837,0.05,-1.8965941946473075,3.8998896147063,-22.836623091534715,1.1938345930564773,-0.8010599207589819,1.3060777878468721,372000
794,24260855,0.05,-1.8807647262448968,3.9097230594945334,-22.83629550088152,1.109683440215526,-0.7261833408745676,1.3052656871273847,372000
794,20260818,0.025,-1.876175539014017,3.8003840081594134,-21.739169491332376,1.1134982515385072,-0.5157681596081372,1.3070478267749777,372000
794,21260821,0.025,-1.8321531516543441,3.751525061906876,-21.76437644633722,1.1919113124721983,-0.5150454831902045,1.3161659959888143,372000
794,22260823,0.025,-1.9680490507086235,3.755354298472698,-21.691627988379853,1.1248568201464406,-0.42000532733051016,1.317954761520276,372000
794,23260837,0.025,-1.8408587504481044,3.7601934470784055,-21.753148561271143,1.1723396116750668,-0.7839604977216856,1.3050942924507536,372000
794,24260855,0.025,-1.880086192055388,3.7593901447816376,-21.770236458997648,1.1140735037235796,-0.7079679165520819,1.2820120163655433,372000
794,20260818,0.0125,-1.8757742611293773,3.7122270094940935,-21.30283816892929,1.1108977760099492,-0.5101834833540955,1.3245089856373409,372000
794,21260821,0.0125,-1.8305462561363621,3.701908672994951,-21.191626657670472,1.2015784433563503,-0.5067333702542224,1.3496122925909841,372000
794,22260823,0.0125,-1.9659680192469557,3.692012273497348,-21.177750935340086,1.1222023133157923,-0.41074052824751284,1.3190953490530062,372000
794,23260837,0.0125,-1.856106004290541,3.69474837888326,-21.332117767044355,1.1728068340510278,-0.7747693095421574,1.326080750735099,372000
794,24260855,0.0125,-1.8743927669105231,3.6968607294579248,-21.289793749401813,1.1150969802367567,-0.6987944130249948,1.2740771485840452,372000
802,20260818,0.05,-1.9589622102287965,2.579483793512426,-18.20654790286578,0.901800256351925,-1.1660522715614055,2.5848742320431235,372000
802,21260821,0.05,-2.1053355014188746,2.6092310129844467,-20.841952154887483,0.9187198312021261,-0.6121707706512145,3.4602078363806736,372000
802,22260823,0.05,-1.9876462300090108,2.680047372059103,-18.39364387396594,0.9006105978899248,-0.7528912019796973,2.421416453917903,372000
802,23260837,0.05,-1.9660214697014997,2.683761462356081,-17.783541377154464,0.9436114055475745,-1.160358609314504,2.531316895902866,372000
802,24260855,0.05,-2.003900635905544,2.673088024353565,-18.779528363598846,0.946030576787263,-1.3803547359711363,2.8507126767009807,372000
802,20260818,0.025,-1.9536510272131178,2.494650196613939,-18.225196010447142,0.9017810918227117,-1.109875097282511,2.5929820811355015,372000
802,21260821,0.025,-2.0992861398131475,2.4925112167879275,-20.84595942551474,0.8842432887725479,-0.5750985628816829,3.460389052757714,372000
802,22260823,0.025,-1.9875828496494954,2.54815222025801,-18.489215625941693,0.9204676311640464,-0.687102017177847,2.435235283824537,372000
802,23260837,0.025,-1.9567042808752881,2.5723924446600925,-17.83123577059289,0.9694502014523093,-1.105242502914223,2.539191964890212,372000
802,24260855,0.025,-1.9968894306473168,2.60178004765995,-18.805821299826995,0.9469548748732901,-1.3194283839620105,2.856361801676928,372000
802,20260818,0.0125,-1.9574158828186319,2.4622024437924006,-18.22523834153174,0.9643848339413326,-1.0821904129889266,2.5930394951979236,372000
802,21260821,0.0125,-2.0970330081370268,2.466650757327772,-20.846715021852475,0.9177225934059834,-0.5570152666752269,3.4613924658942756,372000
802,22260823,0.0125,-1.9870646534855188,2.461553244571101,-18.466194283388763,0.9438101657620586,-0.6560497108993506,2.438705124094515,372000
802,23260837,0.0125,-1.961931056282582,2.5335672520092416,-17.976234595867968,0.9202655199458316,-1.0710943818226832,2.544859523758572,372000
802,24260855,0.0125,-1.9986907705087709,2.5073115730223003,-18.849512356847292,0.8977352881811443,-1.2903822451795257,2.8671609585856257,372000
803,20260818,0.05,-1.907958317800691,3.0305924017711745,-16.933113116497477,1.0478765293910226,-2.0503403180141944,2.5893384831188935,372000
803,21260821,0.05,-1.89547893716865,2.8052283037486787,-16.596633629404145,1.0127977821209464,-1.0219711026796983,2.6580495046887047,372000
803,22260823,0.05,-1.8902894589854409,3.0437139831563056,-16.244698710723455,0.9978482349283825,-1.982766557118381,2.220462929432227,372000
803,23260837,0.05,-2.000885760632914,3.215854555573713,-18.56828603384565,0.9970725560941364,-3.646355987688182,2.9357552350378646,372000
803,24260855,0.05,-2.1102816137270732,2.8164766246599506,-20.70270459354816,1.0811966818136955,-1.4026374508856967,4.2568248954424925,372000
803,20260818,0.025,-1.913081295209563,2.878189044696786,-17.03882013335842,0.9570960224015362,-2.013651268650292,2.609057577537461,372000
803,21260821,0.025,-1.8853571036081995,2.6995884184180317,-16.689068348951416,1.05070063754001,-0.9982524619608688,2.6644052132923313,372000
803,22260823,0.025,-1.8827363262457468,2.932108067913133,-16.252576277487645,0.9861730686792338,-1.933031039719552,2.2367283620646217,372000
803,23260837,0.025,-1.994191543884116,3.0934797727157566,-18.593424495455874,1.0489428233238776,-3.5955920541533577,2.9604706279663087,372000
803,24260855,0.025,-2.093016100059317,2.7601680536095685,-20.712163483937015,0.9765697342281453,-1.3707739985183593,4.258168982061696,372000
803,20260818,0.0125,-1.9200477085465186,2.897597321181481,-17.17387029000375,0.9386421263802669,-1.9943639357600242,2.621618728542211,372000
803,21260821,0.0125,-1.8918632709636791,2.702559852670782,-16.808218135979526,1.002092762671525,-0.9894097465136078,2.6700521820260685,372000
803,22260823,0.0125,-1.8755314908549672,2.858779069687469,-16.218837769154135,0.9911368608640444,-1.9049458140734343,2.2410591512255085,372000
803,23260837,0.0125,-1.9957350715321365,3.0328915904773144,-18.617712099494852,1.0288759793250468,-3.5716574564326966,2.974844972618187,372000
803,24260855,0.0125,-2.0916877144227515,2.6761593194063487,-20.70955447792605,0.9838847530981158,-1.3535590646625295,4.259294999700329,372000
804,20260818,0.05,-2.2484934945694857,2.132336684854764,-23.68372050904906,1.2932933945061094,-0.5610349999800092,5.974712622744689,372000
804,21260821,0.05,-2.231790691513946,2.1304689169028466,-23.453269384862676,1.1706507949664955,-0.5499392225005799,6.129991526176564,372000
804,22260823,0.05,-2.2466059175291493,2.1849524393018576,-23.919417439028436,1.1014830968930802,-0.6072589642533124,5.999245446248505,372000
804,23260837,0.05,-2.2681154036754108,2.0841610067056733,-24.235122690288907,1.1928449727497634,-0.4685587237087289,5.986656299022769,372000
804,24260855,0.05,-2.2573641382615297,2.223593482105291,-24.127458313180764,1.0463827361864222,-0.6905099490040758,5.994938568541532,372000
804,20260818,0.025,-2.248588383424958,2.0430407272007556,-23.8257586789108,1.300769901820816,-0.5499794215721534,5.990017447892755,372000
804,21260821,0.025,-2.225338147829675,2.074960154809426,-23.443788373092648,1.179916495509013,-0.5419945077781193,6.033389043332114,372000
804,22260823,0.025,-2.2391447007824707,2.0749556874685244,-23.862500079267978,1.222482026109759,-0.5866314551874804,6.015261345044905,372000
804,23260837,0.025,-2.2307837063861187,2.0989415885774942,-23.46645550013863,1.2044442563607067,-0.4509080007261783,6.037959804796867,372000
804,24260855,0.025,-2.2535771474002657,2.1452068208410853,-23.850638773649017,1.1198009261922934,-0.6757880906099133,6.076966835255625,372000
804,20260818,0.0125,-2.2414506216959698,2.0486609220689522,-23.618639470924144,1.1117011608875345,-0.5432515950835667,6.060463097956626,372000
804,21260821,0.0125,-2.232776535418609,2.009304013458459,-23.495083743839714,1.1409993503745066,-0.5334335747054928,6.052516225588433,372000
804,22260823,0.0125,-2.2263755297281618,2.0489471005561835,-23.50310085365312,1.1153206626131449,-0.5740901340057121,6.1349033719102435,372000
804,23260837,0.0125,-2.241005747200049,1.994039579061436,-23.82916773724018,1.2122171994489863,-0.43894358198273414,6.000517625420151,372000
804,24260855,0.0125,-2.233380066671543,2.057372848164342,-23.721599785619116,1.1509106242425324,-0.6640894204214071,5.999334685381195,372000
805,20260818,0.05,-1.8802967796058032,2.14536895650941,-16.225522809994658,1.3167825119513343,-0.5344817918640582,5.538900641451182,372000
805,21260821,0.05,-1.9188601757120418,2.1180592446160107,-16.92795393878879,1.1639561195776822,-0.4495194376912307,5.544451094378764,372000
805,22260823,0.05,-1.9896060854097228,2.2093785412252136,-17.813297822878027,1.1612546205864331,-0.49685182463241695,5.5774804759207814,372000
805,23260837,0.05,-1.8507227366934376,2.150398596275695,-15.795856129715084,1.1973104008060453,-0.5209770504764241,5.569240770384763,372000
805,24260855,0.05,-1.9244145765936456,2.1273191505780593,-17.175698963283484,1.0873311658524045,-0.4144723114746503,5.5292168654599365,372000
805,20260818,0.025,-1.8948511314391383,2.0457484726650206,-16.649652694340336,1.3127377756472525,-0.5153214468476622,5.512024897958596,372000
805,21260821,0.025,-1.913526607100241,2.058034965361769,-16.966144296068446,1.2112238614381854,-0.40270050470670676,5.527442130610526,372000
805,22260823,0.025,-1.9731323628535788,2.135497323376982,-17.878874281816827,1.1591195714808142,-0.49042793899577547,5.499695791069163,372000
805,23260837,0.025,-1.859149490438367,2.0603762284742992,-16.207799685529334,1.1806476708076752,-0.5072006509272297,5.5924086292086015,372000
805,24260855,0.025,-1.9193089066550608,2.0282873650755286,-17.227786210941975,1.114988617309027,-0.3970520823436387,5.578740891948563,372000
805,20260818,0.0125,-1.8831368702953442,2.024795452498998,-16.516693176304383,1.1808985859939445,-0.5053218773941892,5.523223850172894,372000
805,21260821,0.0125,-1.9104662351690755,2.0612533175713708,-16.950705197974887,1.1528189766897001,-0.398972657709151,5.5305883011079775,372000
805,22260823,0.0125,-1.9737376017013624,2.0435406609261455,-17.948024869064902,1.2180117361407619,-0.487918391956759,5.561966483907765,372000
805,23260837,0.0125,-1.8728837240476637,2.0423821460035123,-16.190124567028796,1.141424976465353,-0.49737642407039395,5.551774489329476,372000
805,24260855,0.0125,-1.9188556215895145,2.0091857977054848,-17.30370807444465,1.176077181041429,-0.39066349833979314,5.602814876240786,372000
806,20260818,0.05,-1.6867362708040257,2.1320970264448955,-13.105066254993313,0.8260053652749236,-0.09562631216534839,0.9476886892677338,372000
806,21260821,0.05,-1.726174340112268,2.1229188211651895,-13.575519917685336,0.83689913705961,-0.06728144642282467,0.8864920155637805,372000
806,22260823,0.05,-1.6972002075867438,2.1071700978663817,-13.061293556094348,0.8594968455902366,-0.12921434637550497,0.8579630075985906,372000
806,23260837,0.05,-1.733567540461458,2.137290665497675,-13.700713023126859,0.8474121276221196,-0.13877914541382128,0.9090421786226864,372000
806,24260855,0.05,-1.6991833674060355,2.111153761632511,-13.233138825544273,0.834594484531216,-0.09305462273755546,0.882662213184371,372000
806,20260818,0.025,-1.7307615736680328,2.0263292598437683,-13.746987567185835,0.9017149032573727,-0.07189912948991171,0.9821846128596662,372000
806,21260821,0.025,-1.760628223311248,2.0273672372748863,-14.031473173805972,0.8511554586284296,-0.049144983268395746,1.0017338519182633,372000
806,22260823,0.025,-1.709775850920003,2.0073868549735354,-13.231202703007192,0.9026848111982638,-0.11245016814740898,0.96162290417921,372000
806,23260837,0.025,-1.7553328262648744,2.0451059000516616,-14.061082788075334,0.8177994688284631,-0.08904623066725277,0.9978143222370852,372000
806,24260855,0.025,-1.7008020226084464,2.031282945399496,-13.187829880136864,0.8561790375637234,-0.11000628952620642,0.999248068287766,372000
806,20260818,0.0125,-1.72376216290837,2.0052195378857776,-13.822256251848804,0.9965802468723136,-0.07184929082650053,1.0085967817327766,372000
806,21260821,0.0125,-1.7220193106852244,1.9894951660769802,-13.551238697852442,0.8771069021081788,-0.04010947329791806,0.9793713343412552,372000
806,22260823,0.0125,-1.7294139616720916,1.9721500602396937,-13.890482905661024,0.8524041452239891,-0.11548051965770552,0.9701887318180917,372000
806,23260837,0.0125,-1.7105054775982083,1.9758802584343218,-13.364272552869371,0.8292692101013625,-0.08782920397630808,0.9599695339321068,372000
806,24260855,0.0125,-1.693043930118392,2.0094547539614918,-13.026162065806664,0.866810394217273,-0.11518676031065087,0.9552603347955891,372000
807,20260818,0.05,-1.70033673471969,3.3050109619797765,-17.689553965594126,1.265941470784253,0.184894101802601,2.267248644368134,372000
807,21260821,0.05,-1.6819160731735785,3.3343767022015514,-17.896372773362845,1.2306457534725967,0.15069670522611614,2.308882765124831,372000
807,22260823,0.05,-1.694635386639585,3.2895307391905386,-18.140152089660663,1.2955778420931887,0.16608178713379781,2.3924261945273515,372000
807,23260837,0.05,-1.6812777990540544,3.2748165722205447,-17.815579111898323,1.287584885704309,0.18809998464037586,2.3179413956458648,372000
807,24260855,0.05,-1.6992993707452066,3.298744551425873,-17.848693373827526,1.236646516704071,0.1534366784904872,2.285669458646782,372000
807,20260818,0.025,-1.6301695346822076,3.2196769105399543,-16.62004515991697,1.2640767718431412,0.17528457231503589,2.2571503779350883,372000
807,21260821,0.025,-1.6171899402777399,3.1787539293799423,-17.090198057251907,1.2286993827856167,0.19162092159220098,2.298766980915707,372000
807,22260823,0.025,-1.6106642882304372,3.1747921334304783,-16.795494408601392,1.2953446572580978,0.1793483163607607,2.3997237560730778,372000
807,23260837,0.025,-1.6077124442924784,3.1681846948742147,-16.764788298997345,1.279636400955847,0.24575701460892663,2.330940059842316,372000
807,24260855,0.025,-1.606042286984061,3.1853529211425617,-16.56499292197366,1.2362173373692613,0.22314853835118875,2.282517009931497,372000
807,20260818,0.0125,-1.5955944613184063,3.1675813207464856,-16.310321862989294,1.2991751559769806,0.23315381865417212,2.2426107396825543,372000
807,21260821,0.0125,-1.5802423435268955,3.123226588007475,-16.61973983002979,1.251535097951911,0.1851583202354539,2.3147677769535258,372000
807,22260823,0.0125,-1.5766961543558518,3.1501059732756325,-16.29226840944615,1.2943203964027539,0.20262001232041132,2.415238065077881,372000
807,23260837,0.0125,-1.5856697822243817,3.1252893091549927,-15.97186459750317,1.2936965245863006,0.24482941549201553,2.2729523308180255,372000
807,24260855,0.0125,-1.5769582530457533,3.1128996834454505,-16.115943707478653,1.2659439597836444,0.19511735117998302,2.2830930624404515,372000
815,20260818,0.05,-1.4013245364508229,2.2310055299118474,-8.771987739033563,0.952258533328035,0.13637573144948603,1.9717518414553732,372000
815,21260821,0.05,-1.328809655633971,2.2173318702999403,-8.99674887183467,0.8871636713534924,0.17377096981431542,1.9284161702369278,372000
815,22260823,0.05,-1.3089091497712237,2.197824732144498,-9.025784804562171,0.8576622356759703,0.14649185949365692,1.949130200153042,372000
815,23260837,0.05,-1.3391749812506413,2.2157170765509395,-8.736343097248572,0.920006466279487,0.1647210093839656,1.9421834985396036,372000
815,24260855,0.05,-1.3231961975290394,2.200531240573314,-8.8584614167414,0.9047587415094925,0.1279141514614483,1.979560809063303,372000
815,20260818,0.025,-1.3804805094421528,2.1354587792987276,-8.188032564607896,0.8931733152275496,0.16212700875073338,2.0172102741722506,372000
815,21260821,0.025,-1.3648981942600273,2.09420716995857,-8.36480376233807,0.90453079828955,0.22379793813571,1.9848737335291002,372000
815,22260823,0.025,-1.2675733818477601,2.089044413138926,-8.216648686141706,0.9043760999889111,0.20459923727285428,1.974680692689527,372000
815,23260837,0.025,-1.3884783559264553,2.1034643089787575,-8.44118175351039,0.9643508693417532,0.20810244822794938,2.1385514376378554,372000
815,24260855,0.025,-1.300792735744717,2.1285191393291987,-8.073863920431092,0.952233408942216,0.17725741376924115,2.103910644154296,372000
815,20260818,0.0125,-1.3676541810626128,2.0516452424765603,-8.285413832959971,0.931616754626566,0.18424442392778081,2.060054505808791,372000
815,21260821,0.0125,-1.3287357941238047,2.0272826996917144,-7.921950487363412,0.979816351446478,0.16653931250707812,2.0067629457510106,372000
815,22260823,0.0125,-1.2800670168762334,2.0760974196269046,-7.771971748406916,0.8868055483272002,0.23983609003700226,2.012939666286626,372000
815,23260837,0.0125,-1.256390137793551,2.0475151313089053,-7.639318227748537,0.9629992101911158,0.24364008519161143,2.040215840568578,372000
815,24260855,0.0125,-1.2715219360456658,2.0811956096593667,-7.6506493811803695,0.9128044208265713,0.18587901750845987,2.10629985827655,372000
816,20260818,0.05,-2.2673847089785233,2.035111716010498,-23.948378093738615,1.0422947813966383,-1.4406800932105064,6.732122851420821,372000
816,21260821,0.05,-2.2565322893335935,2.0153413940245812,-24.386120309044337,1.0715668171967652,-1.4457598762777233,6.574307140044937,372000
816,22260823,0.05,-2.2875051544284735,2.060391887492026,-24.04548113914962,1.053706575515627,-1.40640859585174,6.540682480708702,372000
816,23260837,0.05,-2.2934617962774295,2.049216076833222,-24.038708989278327,1.161775354355526,-1.4138706126222362,6.633126262496556,372000
816,24260855,0.05,-2.2538686547663382,2.0723832099029265,-24.20257807701571,1.092648171155979,-1.4265449150954763,6.549135920271859,372000
816,20260818,0.025,-2.2599131801373864,1.9841837353702398,-23.780441020265336,1.0907299963961117,-1.4394225047425762,6.69887142371695,372000
816,21260821,0.025,-2.25797949212252,2.0026644438557786,-24.01450478123987,1.072997074572112,-1.3487456253400623,6.710967864695501,372000
816,22260823,0.025,-2.2642678157085885,1.9683597104757258,-24.13319167060304,1.0831346170213771,-1.395956071214566,6.697713925221986,372000
816,23260837,0.025,-2.254184234298332,1.9409009945055167,-23.824103294551225,1.1109827690625675,-1.3821196484927154,6.632756298508113,372000
816,24260855,0.025,-2.2488655358350425,2.015496814354691,-23.878352622472818,1.1184405242230326,-1.4202719618118829,6.642373642227902,372000
816,20260818,0.0125,-2.254078362150747,1.9570910628362606,-23.794292400237605,1.0438254228289747,-1.3759661208358012,6.602998532934092,372000
816,21260821,0.0125,-2.246181348676645,1.9417051514856698,-23.812607841860345,1.0360111805893595,-1.3526362123526618,6.666249144474598,372000
816,22260823,0.0125,-2.2640337306949263,1.9475061461965357,-24.109498979056085,1.1304630445552728,-1.4100145304312712,6.71733983599231,372000
816,23260837,0.0125,-2.264426990239345,1.926711831024554,-24.220107328072494,1.0055639501156115,-1.3984378957600223,6.647271962654574,372000
816,24260855,0.0125,-2.271164375964523,1.9827799333123515,-24.08644191662475,1.0444003997350635,-1.3748507043104676,6.541083502116133,372000
817,20260818,0.05,-1.5681034565747136,2.9473911756637188,-14.833609241333642,1.1655902184596425,0.15929243793808934,3.390157369614433,372000
817,21260821,0.05,-1.6020778285533128,2.9253804272739576,-16.266712617785963,1.2589497445176245,0.2167052018290163,3.2669551766215847,372000
817,22260823,0.05,-1.6124138606882221,2.9852969790526678,-15.835036246105448,1.2017172302925494,0.15707993312204596,3.2850200740592577,372000
817,23260837,0.05,-1.5770271611090958,3.030111667433205,-15.648610288659233,1.2501982448382734,0.15563770221946438,3.229972568870915,372000
817,24260855,0.05,-1.6022832247322867,2.91811361643325,-15.631843330863122,1.2374606834085387,0.1806264993293733,3.4784649925076687,372000
817,20260818,0.025,-1.51445732537948,2.7917773851420327,-14.227371878614225,1.1776686407584185,0.20868445957593382,3.3900284901320425,372000
817,21260821,0.025,-1.533087379119451,2.9282159433082255,-15.188285271004109,1.2072725001486238,0.2182645388398185,3.266837128222411,372000
817,22260823,0.025,-1.548929867488885,2.8684311695721667,-14.804603805624284,1.166606598463852,0.18697195368154362,3.2848598173609345,372000
817,23260837,0.025,-1.5196988454643372,2.8797571916680536,-14.544883328079099,1.2474076399656675,0.22099087531518033,3.2298524557272468,372000
817,24260855,0.025,-1.5430672743888096,2.858788478264797,-14.40968648079159,1.2985401779531203,0.19126002853412935,3.4783108521087245,372000
817,20260818,0.0125,-1.4905105499273257,2.713286087521688,-13.476334903796003,1.1486134882695402,0.23020307052626426,3.3899824117120634,372000
817,21260821,0.0125,-1.507156816064339,2.904120909993618,-14.733086547038116,1.2640135555080863,0.21818832244686256,3.2667986706174017,372000
817,22260823,0.0125,-1.5151629229812928,2.8238276802319557,-14.557163696000444,1.1671033957539023,0.22558002728569032,3.284799068999388,372000
817,23260837,0.0125,-1.5033090835588803,2.7953281394173817,-14.044048507440001,1.2453780340570277,0.20987492906281377,3.22979606912867,372000
817,24260855,0.0125,-1.5204413073776633,2.80258558146663,-13.80517122125543,1.1764800758781202,0.21483795511349674,3.478254334077179,372000
818,20260818,0.05,-1.8530122200135262,3.8448978332349695,-22.43146934011615,1.2880062014885167,0.13106120300339782,3.1184414676780863,372000
818,21260821,0.05,-1.8179988086551795,3.8558823121356443,-22.859463156537306,1.2663912202959302,0.14225696909461163,3.12345904111333,372000
818,22260823,0.05,-1.7734760982126134,3.7594794089995833,-21.784658982271647,1.2571866743944158,0.13392620358411167,3.162843603346224,372000
818,23260837,0.05,-1.8706100259320724,3.907195318560233,-22.879249399813776,1.2478409225101519,0.16318109271578676,3.158288380803804,372000
818,24260855,0.05,-1.790628166077279,3.808896536431032,-22.64881400094598,1.2420340400189231,0.17758097217571864,3.274728005741854,372000
818,20260818,0.025,-1.7383593288141754,3.680493703580642,-20.832637780971226,1.2784159587687576,0.21240988524440738,3.1183426460844337,372000
818,21260821,0.025,-1.737792699726941,3.7560764258912824,-21.79840930691551,1.2542703010524552,0.2296445794005726,3.123323021509295,372000
818,22260823,0.025,-1.7135177053234438,3.616290032056947,-21.38927197734514,1.2495349092061672,0.18605535898039163,3.1627171171107733,372000
818,23260837,0.025,-1.73614751318161,3.7871487720214927,-21.700919419667986,1.2477535308891463,0.1271969474776259,3.1581429241197445,372000
818,24260855,0.025,-1.7281151512143123,3.643349905055308,-21.83617755536428,1.2539124705062432,0.22870043788206768,3.2746819285042665,372000
818,20260818,0.0125,-1.712500690418662,3.6289995164447975,-20.32877258026497,1.2730620203122467,0.24552223260372544,3.1182980247744885,372000
818,21260821,0.0125,-1.7092829361312427,3.6877726955498558,-20.931658744403368,1.2864449106009321,0.19435646213042113,3.1232623465195752,372000
818,22260823,0.0125,-1.6931493991250823,3.552204661988115,-20.864045297055597,1.2442688318759807,0.1697117597731876,3.1626468249660764,372000
818,23260837,0.0125,-1.7091500746814559,3.6929748872194312,-21.12462833356838,1.2459485533785206,0.10089800457011742,3.1581128759551276,372000
818,24260855,0.0125,-1.6985474469848805,3.5608244765652883,-21.213677045089998,1.264102332740235,0.2360987138777936,3.274646472311422,372000
819,20260818,0.05,-1.82729770027822,2.3935290534921836,-15.485349309238797,1.0187317767246096,0.12658180017105722,2.938672164237577,372000
819,21260821,0.05,-1.7469048563193672,2.295946456132399,-13.817534151319277,0.9946206782478623,0.18748937115111738,2.6748794461784042,372000
819,22260823,0.05,-1.7496343049940954,2.2638435485664656,-13.949622868237507,1.0747903556485006,0.11955096636595713,2.784556784209712,372000
819,23260837,0.05,-1.7245463116400834,2.39329112466382,-13.548174647434932,1.1154256448451387,0.15579797477271695,2.614791906416486,372000
819,24260855,0.05,-1.7671582092190392,2.365599771403745,-14.285855678533641,1.105536963843988,0.19679329368669635,2.719935732319996,372000
819,20260818,0.025,-1.825831675494588,2.269120646974056,-15.487876091066038,1.0230922545420587,0.10284491237053744,2.9384871060248607,372000
819,21260821,0.025,-1.782323320874299,2.3327268934446943,-14.290033716087265,1.0367054154864932,0.184933509018898,2.6746875267705392,372000
819,22260823,0.025,-1.8161622300962774,2.262001892309377,-15.508119795126651,1.0321421088188671,0.18577236153820065,2.784365654652876,372000
819,23260837,0.025,-1.735958405414689,2.2904362545622425,-13.909747831077727,1.0666986469951294,0.11566928333315359,2.614711502252155,372000
819,24260855,0.025,-1.757293505455507,2.269016096252232,-14.291344178205755,1.1051087213087858,0.2033023179052164,2.7199693500472115,372000
819,20260818,0.0125,-1.8225966466899852,2.2273530565010895,-15.487246360096995,1.0513801632024393,0.11638396271229408,2.938442690088207,372000
819,21260821,0.0125,-1.730684771633505,2.2115523211531922,-13.818293002582505,0.9747766364108136,0.21829677432711378,2.674622287176816,372000
819,22260823,0.0125,-1.7899206453250276,2.138043017922273,-14.669286992418119,0.9604320039626588,0.2017609789370189,2.78430052802991,372000
819,23260837,0.0125,-1.7055079750394804,2.261161645184994,-13.33483457396931,1.0108804155623754,0.19035136786562926,2.6147548069020297,372000
819,24260855,0.0125,-1.7554809833815956,2.2136260328370017,-14.290786343332428,1.150692445283196,0.19376119003842737,2.7201019317874873,372000
820,20260818,0.05,-1.8537749377937855,3.951535611497136,-22.89553999745895,1.2362486415205134,0.15325580724729726,1.248618836092751,372000
820,21260821,0.05,-1.8775365358361955,3.8793966211876247,-23.014524175127242,1.1871423224460202,0.1482541474721777,1.2975513006548152,372000
820,22260823,0.05,-1.8775499807040374,3.888894988228546,-22.923433679572106,1.2259993546336834,0.16943353398920305,1.268721576596107,372000
820,23260837,0.05,-1.8683392279865434,3.8977624933697284,-22.840658494593065,1.1879582602138334,0.16833012804656033,1.2513157393321994,372000
820,24260855,0.05,-1.8796654029334063,3.909129484206516,-23.01284491884103,1.1924891458069364,0.15234256148988087,1.317636816141385,372000
820,20260818,0.025,-1.7560302051063523,3.813270202764447,-21.820531766149188,1.217881191708712,0.22482841607252116,1.256471962583491,372000
820,21260821,0.025,-1.7575292686541086,3.774009813974507,-21.900289355511465,1.1321566155061726,0.21656558568428536,1.3056190781596402,372000
820,22260823,0.025,-1.7565503429813665,3.7706733814267053,-21.8902473859802,1.2106625543275402,0.17446794729784945,1.3176777447399777,372000
820,23260837,0.025,-1.7564899797448346,3.783708809021821,-21.75763020364046,1.1923132930218996,0.2005169652062351,1.2656061513969998,372000
820,24260855,0.025,-1.7557599596224152,3.774517586215146,-21.846617064332772,1.1950415730339785,0.16966466040979414,1.323917544664925,372000
820,20260818,0.0125,-1.7173591301374653,3.749445401791006,-21.215674073297862,1.2171903232203363,0.203158180889711,1.259242894379555,372000
820,21260821,0.0125,-1.7231589700227339,3.694924088869503,-21.275031905065717,1.12243893653755,0.2315082550295391,1.309956534129433,372000
820,22260823,0.0125,-1.7262553378822434,3.6961364436767146,-21.26585465538906,1.1523718293547698,0.21605509525287397,1.318511167287314,372000
820,23260837,0.0125,-1.726137459357538,3.727885937245772,-21.23466466666244,1.1698514054892213,0.24611999263196085,1.2897631462119132,372000
820,24260855,0.0125,-1.7248578271492718,3.7324567735289556,-21.33064365143078,1.1839293921905902,0.16146500201214903,1.3116757174213367,372000
828,20260818,0.05,-1.8903848719813372,2.562276864300329,-16.702115021338617,0.9828223705381386,-0.35968464600025973,2.3910424120909566,372000
828,21260821,0.05,-2.009538741733397,2.6311555776541984,-18.71477157874585,0.9705739972354599,-0.5583958574382192,2.969780330500941,372000
828,22260823,0.05,-1.9741788972854795,2.7601174308341725,-18.387476096522843,0.8946898632942106,-1.5903377523980429,2.6957282305636125,372000
828,23260837,0.05,-1.9136296033419844,2.6389290767384375,-16.875830943263836,0.8899770423660018,-0.6378736499008794,2.4615941695730124,372000
828,24260855,0.05,-1.9052979725999621,2.627920995583435,-16.47398192557341,0.9773632002952699,-0.6975397634388468,2.3288968389247593,372000
828,20260818,0.025,-1.901127475229127,2.504241937807035,-16.782033270602934,1.0047573859534664,-0.32706670079582845,2.4086636950115974,372000
828,21260821,0.025,-2.002599984833145,2.5857863005455273,-18.778399176180535,0.9720504423950488,-0.5144162850522103,2.987473376807154,372000
828,22260823,0.025,-1.9662939831641792,2.65214191214807,-18.456881045045296,0.8996553455094312,-1.5303495331696417,2.7125546155089437,372000
828,23260837,0.025,-1.9091523843216665,2.5245683727297816,-16.90427639260577,0.9669548321318382,-0.6006330423351397,2.4676980883234494,372000
828,24260855,0.025,-1.8966951410442503,2.456624214829192,-16.530697615701254,0.945133291991896,-0.6422668361335633,2.3391305356302703,372000
828,20260818,0.0125,-1.9006740405993352,2.3979956491141583,-16.823275035346995,0.9823774899890194,-0.3076338061330212,2.418055056323077,372000
828,21260821,0.0125,-1.9980344846981049,2.489621043779469,-18.809623461337484,0.9461863331208102,-0.49374207438297163,2.995963597951767,372000
828,22260823,0.0125,-1.9696817371058837,2.6146033180993666,-18.49491755464837,1.0044879711498194,-1.5012595827331152,2.721759725762738,372000
828,23260837,0.0125,-1.9119534208288078,2.4747398642582064,-16.926675465793018,0.9929304824447954,-0.5851956852490041,2.472575933084807,372000
828,24260855,0.0125,-1.8904100486291489,2.38641259396838,-16.543582838285968,0.9640499742697881,-0.6119540445566245,2.3409346905222437,372000
829,20260818,0.05,-1.8670340070025664,2.9030139539453463,-16.178797392429626,0.9926161947066854,-1.153234945033509,2.811292366340058,372000
829,21260821,0.05,-1.803359765925541,2.8891411482364915,-14.703468386254674,1.0466491148549533,-0.8046722085331668,2.457648483540569,372000
829,22260823,0.05,-1.744139754327644,3.090954007459299,-16.170075677686786,0.9891848783370337,-2.377074216178855,2.257263459814769,372000
829,23260837,0.05,-1.898567407120693,2.9919147246451687,-16.520382292961028,1.165292759852316,-1.3425162056923392,2.797105735186537,372000
829,24260855,0.05,-1.7790919345503782,3.093806607441812,-15.795559453504135,1.0272320328038163,-2.097620455952132,2.5506630137659934,372000
829,20260818,0.025,-1.8563761098673854,2.764225292996826,-16.22434840085257,1.038048695536596,-1.1305042011097794,2.8234902949491807,372000
829,21260821,0.025,-1.8009328002413163,2.7895024891962437,-14.753287421861382,1.0086341536324253,-0.7675720070871632,2.4667521035929894,372000
829,22260823,0.025,-1.7373774593622662,3.0199235100018984,-15.410830645266413,1.0318966052056922,-2.328319700848441,2.2751842302509044,372000
829,23260837,0.025,-1.900414565637915,2.8453800112632317,-16.52389733299441,1.1991365074565603,-1.3032680697561865,2.7971187366601318,372000
829,24260855,0.025,-1.774919034631923,2.9397969756336018,-15.18095876890564,0.9716832546859261,-2.060535985764231,2.5771713709067976,372000
829,20260818,0.0125,-1.859445180084192,2.6948533338159315,-16.225545583161438,1.0277878715937938,-1.117671527417935,2.8315419717490435,372000
829,21260821,0.0125,-1.7998950663245685,2.70616080026501,-14.771819066697779,1.0459948687704472,-0.7473035372934015,2.4706119110884406,372000
829,22260823,0.0125,-1.7375413668666813,2.9649957462059615,-14.916005319648635,1.0132749251652255,-2.305222453134235,2.2821342802211926,372000
829,23260837,0.0125,-1.8965362907267609,2.810914536756159,-16.528092743921647,1.0516716024112223,-1.281328837858668,2.797500751731768,372000
829,24260855,0.0125,-1.7740285591980605,2.9052287891372637,-14.705567378704204,1.045968875061583,-2.0412079351365766,2.5927657713377417,372000
830,20260818,0.05,-2.0901991716658546,2.0047404471096435,-20.277382117401952,1.1734723674720398,0.1169742444787338,6.0704836521148655,372000
830,21260821,0.05,-2.0881805187291893,2.015105924738256,-20.22968416370211,1.1325765262296699,0.09255311670633941,6.167611999935352,372000
830,22260823,0.05,-2.0897572060999092,2.032685541128796,-20.10421578454949,1.1721705497148933,0.1165066372109462,6.048408104885777,372000
830,23260837,0.05,-2.10617153420832,2.0952420079274545,-20.254756746564173,1.1016159281134736,0.10282707328746088,6.019865664843768,372000
830,24260855,0.05,-2.087774935158876,2.021502047895869,-20.32036535314071,1.3048711543485965,0.10355466966360066,6.016603242660076,372000
830,20260818,0.025,-2.073756403424258,1.9388468969103652,-20.340339889132867,1.182666139264446,0.10213628583869949,6.0427050916299265,372000
830,21260821,0.025,-2.075703628503589,2.002868132875553,-20.355876634160886,1.1359532299261688,0.09671103772981401,6.035453754336723,372000
830,22260823,0.025,-2.0728192230154767,2.007528545747908,-20.240700082591562,1.1991692885578127,0.12005360785646134,6.079538840160947,372000
830,23260837,0.025,-2.0888484716876086,1.9754158908690393,-20.195268907740978,1.1443731348072885,0.11489081219710229,6.0625000600003025,372000
830,24260855,0.025,-2.0674848839958324,1.9992106675142118,-19.99690762899593,1.1502319230165725,0.12261495863138086,6.066226929232823,372000
830,20260818,0.0125,-2.068740176714577,1.9457010189308686,-19.977478972858037,1.122421759722511,0.08461412767397664,6.000163542966515,372000
830,21260821,0.0125,-2.091219016555798,1.9563321731801697,-20.401848102909003,1.165605960483663,0.10565518605498642,5.986870623208504,372000
830,22260823,0.0125,-2.079799951387321,1.960893988361625,-20.38399385066265,1.1330825434539218,0.10701650297032375,6.038996193946246,372000
830,23260837,0.0125,-2.0780817231800497,1.9683672173571862,-20.05864021706269,1.1549725673369715,0.11022416052649998,5.975099410089147,372000
830,24260855,0.0125,-2.074160453190083,1.9609546147834063,-20.161101106541768,1.1948069112833088,0.08988428246546817,6.056130191402025,372000
831,20260818,0.05,-1.7014275969153236,2.0470472463142917,-13.125391078500533,1.282318118631282,0.1487922461416809,5.572831616595145,372000
831,21260821,0.05,-1.678708415090116,2.0424694482856314,-12.683158043263433,1.1941386803297034,0.13832476533878807,5.615591357775793,372000
831,22260823,0.05,-1.674479245636765,2.0856219024950935,-12.864656569768814,1.2855169507784454,0.14987549891030968,5.560963155226909,372000
831,23260837,0.05,-1.69820563254203,2.086589825884625,-13.19101560186139,1.272382167262095,0.14428760227652804,5.509201595014253,372000
831,24260855,0.05,-1.7233094602989314,2.07062058410976,-13.634366589108927,1.3045775423996067,0.11884128985452977,5.540989539702878,372000
831,20260818,0.025,-1.6842722141210806,2.053432768948372,-13.198935329083898,1.2173470995577238,0.20416339597333633,5.669585780300884,372000
831,21260821,0.025,-1.7087444302728911,1.982933189945953,-13.635849999849542,1.1730940450292378,0.15882613945070684,5.5317190076323515,372000
831,22260823,0.025,-1.6602897105122758,1.9700280317435825,-12.569628570171812,1.1902440367317177,0.1858563392695562,5.561279102739525,372000
831,23260837,0.025,-1.6691810243188123,1.9829335768126088,-12.702134498361644,1.2109631875691844,0.20136443118571815,5.54620983801172,372000
831,24260855,0.025,-1.6886424549781474,1.984871051126396,-13.162702963657862,1.2379801202808323,0.1629928404170226,5.491811785911942,372000
831,20260818,0.0125,-1.701828643094709,1.9525453331755296,-13.35998295057765,1.2509032655947372,0.1847757417811853,5.642516060650969,372000
831,21260821,0.0125,-1.699545677110787,1.9343292338380043,-13.173839991753983,1.2598626955951164,0.2320868894713519,5.587594277886774,372000
831,22260823,0.0125,-1.6843129747607983,1.9392558000467344,-12.977715947468957,1.2322413995120676,0.21551881373010134,5.5250928759364415,372000
831,23260837,0.0125,-1.6724996463980664,1.9673915927661292,-12.785069643549162,1.2217408204178344,0.20368372425766904,5.533685540185334,372000
831,24260855,0.0125,-1.7054110772971776,1.9311519054141777,-13.227856240078102,1.2754665513115078,0.18496412810465535,5.621474007889056,372000
832,20260818,0.05,-1.9262160069025613,2.7475188255035174,-16.941611332312668,0.9097412709898913,-1.2323871535807747,2.961372254655404,372000
832,21260821,0.05,-1.818876503436549,2.615092397394486,-15.192704940500699,0.9100197520635803,-0.21787158977778695,2.6272541101707887,372000
832,22260823,0.05,-1.9095370701005443,2.7260216425406636,-16.865053733627967,0.906743695422761,-1.2900275550941944,2.85416874380986,372000
832,23260837,0.05,-1.986213918899071,2.6844416470424903,-18.176278145069286,0.986993094935777,-0.5739271790435233,3.302504317944067,372000
832,24260855,0.05,-1.9413628441418436,2.776953881468028,-17.51055199045698,0.9918686616533547,-1.2847165501695523,2.8950529588494627,372000
832,20260818,0.025,-1.9193319316188893,2.660290485780786,-16.988667416489182,1.0466703082445838,-1.1760073661423551,2.9675784409484582,372000
832,21260821,0.025,-1.8313600933870207,2.561648079117766,-15.40675476165299,0.9251747633423452,-0.16032529531190307,2.668601843777911,372000
832,22260823,0.025,-1.9019380744167897,2.63503187487355,-16.92659950416484,0.9006965589953587,-1.2238048836270614,2.8664152656657382,372000
832,23260837,0.025,-1.975423040289966,2.581628412062358,-18.23826020062939,0.945593461099435,-0.5196317253303621,3.3129184595002044,372000
832,24260855,0.025,-1.937946068034086,2.6999129292398165,-17.549908592102664,0.9579097793701765,-1.224582369080214,2.903050755746922,372000
832,20260818,0.0125,-1.9173037402440876,2.6006905100379614,-17.006311241190012,0.9839052446060239,-1.1467499217388035,2.9707783910747843,372000
832,21260821,0.0125,-1.8333101002456422,2.4841593815497647,-15.457577138595113,0.9425403237409367,-0.1252169571756509,2.6790506061187775,372000
832,22260823,0.0125,-1.902387448750789,2.5861518714151943,-16.96686303216135,0.9279998745268565,-1.1908610559679986,2.874666200837435,372000
832,23260837,0.0125,-1.9768402456746148,2.5259341362063243,-18.261680629426674,0.9473915311059181,-0.49200590431701363,3.3182000642773994,372000
832,24260855,0.0125,-1.9358142770549005,2.6438552478440975,-17.564240778375943,0.9461776970907588,-1.1941440634695883,2.906634297623885,372000
833,20260818,0.05,-1.7136285197134526,3.377402503278164,-17.922931966205187,1.305889794827203,-0.5760302487914053,2.40957194803862,372000
833,21260821,0.05,-1.7952988824249283,3.3486682841943476,-17.96942611685646,1.2153829542515162,-1.7093267845091709,2.969756599938041,372000
833,22260823,0.05,-1.8463592288964839,3.3773191383827053,-18.109351024755277,1.211526461231105,-1.2856745792376771,3.082250767275383,372000
833,23260837,0.05,-1.9811824720301696,3.3164940170867476,-18.018940056616323,1.2390627357786523,-0.9636912247071814,3.133544543581141,372000
833,24260855,0.05,-1.9413384147999275,3.328393265362477,-18.056751325780997,1.245121554967145,-1.5405701183770113,3.0501298430393056,372000
833,20260818,0.025,-1.7044234444854454,3.2739313255149294,-16.811554195196248,1.302078190680978,-0.5301957743024287,2.4386988966900995,372000
833,21260821,0.025,-1.7870491139914457,3.2218065615379134,-16.83911066211936,1.304054322179232,-1.6592007641201572,3.006640284512688,372000
833,22260823,0.025,-1.8416103455134092,3.2273952561785046,-17.072930259948613,1.2088476840929143,-1.2411110329012573,3.0931400557402635,372000
833,23260837,0.025,-1.967586665385152,3.2292287989071133,-18.02782610487342,1.2351833883381105,-0.9107888832245286,3.143640797248242,372000
833,24260855,0.025,-1.9343133179139897,3.23455135257331,-17.473265970081272,1.2425877070900617,-1.4913290543635147,3.063214804043534,372000
833,20260818,0.0125,-1.7100645911960108,3.161796160263192,-16.490598095450753,1.301432301656346,-0.5085455329958455,2.46656606900811,372000
833,21260821,0.0125,-1.7923070847335263,3.1834430569100336,-16.261198404436406,1.3039070259943366,-1.6346690699094808,3.0292051499303936,372000
833,22260823,0.0125,-1.8430160775310434,3.1539479207485845,-16.435039264938677,1.2064815323564981,-1.219319149111485,3.0986559860664236,372000
833,23260837,0.0125,-1.9635932784172652,3.141010731383547,-18.053856971226068,1.2641599942368,-0.8872601238799381,3.149826909565432,372000
833,24260855,0.0125,-1.938927718477021,3.174616391157665,-17.51797510742126,1.2578649039492331,-1.4662694724215104,3.0738787911873806,372000
841,20260818,0.05,-1.7291969001664855,2.731878524498285,-13.735454253288356,0.960512829100514,-0.758957332572434,2.5529650402586466,372000
841,21260821,0.05,-1.8241282900958125,2.8128808333551794,-15.254744321914995,0.9113274382541933,-1.6224472252546633,2.870394237911315,372000
841,22260823,0.05,-1.8806472417429223,2.7851905756492323,-15.940915380340533,0.9654093793880185,-1.4520999120384752,2.908834697178297,372000
841,23260837,0.05,-1.8132093880797695,2.859054415481779,-14.996073871602544,0.9517444840323769,-1.8875028049069913,2.5827100177016127,372000
841,24260855,0.05,-1.8111482735981637,2.6977749801297737,-15.029986589787185,0.9253704482454521,-0.8554567813528525,2.70003652295634,372000
841,20260818,0.025,-1.735147261612537,2.6216583882659084,-13.968987262435096,0.9409873156656133,-0.6933091631100733,2.5893174583419802,372000
841,21260821,0.025,-1.829469743105539,2.705052551903494,-15.414294641060248,0.9399455717972025,-1.5767631474443526,2.898356038390742,372000
841,22260823,0.025,-1.8736898462445004,2.6959581482075734,-16.062072179449697,0.957130973306804,-1.4191422715778692,2.9337474299440895,372000
841,23260837,0.025,-1.8130863321952333,2.727737652478454,-15.168573115604897,0.9505943243730618,-1.8297685873213136,2.6136965648391057,372000
841,24260855,0.025,-1.806925481703194,2.631847891278957,-15.183556731670938,0.9853692947681592,-0.8065268790017684,2.7291781049268957,372000
841,20260818,0.0125,-1.7434821598878276,2.572218057830196,-14.115525317802788,0.9518295640377886,-0.6568486884692238,2.613126081231411,372000
841,21260821,0.0125,-1.8362342208771896,2.663181881445024,-15.535362885520273,0.9425321092392934,-1.5578598650484037,2.918597378526213,372000
841,22260823,0.0125,-1.874620878873564,2.654457239073291,-16.14218932907004,0.9520004692573252,-1.401530910859994,2.9509624704482063,372000
841,23260837,0.0125,-1.8152820714312754,2.6878378753264567,-15.258910950166731,0.9333688188296745,-1.800705216933702,2.6304316803659433,372000
841,24260855,0.0125,-1.8083195312827407,2.5966581967492988,-15.241166459755897,0.9522070025273178,-0.7792611298923277,2.740264117502913,372000
842,20260818,0.05,-2.519980228736165,2.5719796773139807,-30.362045037387478,1.143386549853624,-1.4137064456014,6.816828952118252,372000
842,21260821,0.05,-2.5065830288995885,2.688266194132614,-29.93565538054939,1.1010276218778243,-1.3872283412906963,6.587999848259014,372000
842,22260823,0.05,-2.5166966437047535,2.7152498045370717,-30.12110750896925,1.1632746700194359,-1.4111252240952412,6.582459238976169,372000
842,23260837,0.05,-2.5407770155018334,2.7610628109529864,-30.547209872472795,1.1698931959098182,-1.453737047250028,6.733146271316667,372000
842,24260855,0.05,-2.546661481357713,2.7139603373214554,-30.548829653304363,1.1543533023092536,-1.336211634903987,6.677386598844837,372000
842,20260818,0.025,-2.517105170874467,2.4726030247568693,-30.52116526683932,1.1389186188146037,-1.4346115593760422,6.659645655386283,372000
842,21260821,0.025,-2.521720973346588,2.5851466454236975,-30.436368355606284,1.205263872279125,-1.374233023354127,6.61213785501348,372000
842,22260823,0.025,-2.5255726595531316,2.5890090490916484,-30.43952257374727,1.306286531754655,-1.361741218374557,6.524567273751236,372000
842,23260837,0.025,-2.5214473052631488,2.6806314807704483,-30.273700891579125,1.151768931019292,-1.3729002156826229,6.579185752318817,372000
842,24260855,0.025,-2.5116643919818027,2.616205899170518,-30.186590529511932,1.1756855694851038,-1.3566549169967272,6.5954820604698225,372000
842,20260818,0.0125,-2.5137151945299885,2.4831030245928334,-30.37301231013134,1.167926361749447,-1.4669780654665443,6.588946235831672,372000
842,21260821,0.0125,-2.523606541984516,2.5089052349540193,-30.78099436863411,1.1741465540200486,-1.3803734874622284,6.713283798027637,372000
842,22260823,0.0125,-2.5256208685292028,2.540988930438385,-30.32934081833995,1.1929084568250636,-1.3566190487376804,6.522830874417159,372000
842,23260837,0.0125,-2.515678192814196,2.591074896179794,-30.183089925406083,1.1540310347281986,-1.4693813483686797,6.654945829801804,372000
842,24260855,0.0125,-2.5199274749746414,2.556090492993946,-30.356642409320724,1.1753038087511272,-1.3911040756000823,6.5506366651162695,372000
843,20260818,0.05,-1.975564286776652,2.9882073336523858,-18.242737045332508,1.2655977069386586,-0.8170980873212131,3.571580447301151,372000
843,21260821,0.05,-1.980033261431824,3.017882450888193,-18.250923154819734,1.212946727833666,-0.685880965889245,3.9131224457209637,372000
843,22260823,0.05,-1.9604824550716067,3.1635258427303485,-17.755214280275965,1.2738112771193373,-1.3382883209906613,3.481487362582497,372000
843,23260837,0.05,-1.8664446829588464,3.088806096125052,-16.185059274911232,1.188064334284637,-1.030141455524723,3.563805573996054,372000
843,24260855,0.05,-2.111013937481959,3.0097548872746582,-20.704891328528085,1.2030233581695704,-0.7228493649379341,4.188543753717931,372000
843,20260818,0.025,-1.9745398540412216,2.9129020002500225,-18.332917514262903,1.1428234485055013,-0.7644772709314355,3.5899739323187525,372000
843,21260821,0.025,-1.9824007468877318,2.9498530000605485,-18.31780501238182,1.1876507003768442,-0.61984217380499,3.923402521046234,372000
843,22260823,0.025,-1.9580722312630081,3.017864354997478,-17.81489682231128,1.2174641702879774,-1.2737012355096489,3.492504701471259,372000
843,23260837,0.025,-1.8613754786534247,2.990249193120269,-15.81143909405789,1.1767497745624773,-1.0029762292763795,3.5636401108773743,372000
843,24260855,0.025,-2.103568594246152,2.9506996394967584,-20.7255575915907,1.1487204576849532,-0.6984568668788264,4.192847047582072,372000
843,20260818,0.0125,-1.9717591683465527,2.897495874786191,-18.367221844063508,1.3015450778272184,-0.7374494992501469,3.5986870397382034,372000
843,21260821,0.0125,-1.9830053754198154,2.8364320978217554,-18.368247871388075,1.190671869957093,-0.5931939055924869,3.9286403319833814,372000
843,22260823,0.0125,-1.953433510555949,2.94088156742529,-17.84417470856164,1.1452819611546308,-1.238032474250816,3.5018324180790557,372000
843,23260837,0.0125,-1.8635674010699148,2.9001062064015257,-15.887654020278694,1.1808000708582673,-0.9832974577377027,3.5635726634711986,372000
843,24260855,0.0125,-2.0995126545858898,2.898074971929245,-20.739024595835865,1.2144693437017793,-0.6883593604089283,4.195780843559389,372000
844,20260818,0.05,-1.878418265771967,3.836936918452964,-22.82059516088789,1.2457344424622243,-2.383325264019803,3.674006053277821,372000
844,21260821,0.05,-1.9585996615145567,3.881997533076635,-22.506686506153837,1.2146710171788169,-0.9672631687637636,3.3960189633023994,372000
844,22260823,0.05,-2.079099279757744,3.8134868689757146,-22.386651364542807,1.3003317567796944,-0.21955512370089897,3.7729969160786028,372000
844,23260837,0.05,-1.8407074476035599,3.734308980571197,-22.212010938095084,1.2627963827829753,-1.4943287941063577,3.227399206407906,372000
844,24260855,0.05,-2.003816437401731,3.802261755414606,-22.738147111065043,1.261179782231292,-1.0005609102277215,3.4663480976365317,372000
844,20260818,0.025,-1.8873849741960538,3.7316328588429584,-21.747235030836638,1.2402110414543361,-2.307089646035029,3.683768275763358,372000
844,21260821,0.025,-1.9543779411789617,3.74316362680775,-21.526893677517556,1.208842130886005,-0.9276150369504197,3.4143630013224495,372000
844,22260823,0.025,-2.071151427563747,3.6757444738539475,-21.901920327142086,1.301265715153873,-0.17218051470163542,3.7771263120192877,372000
844,23260837,0.025,-1.7411746342757246,3.744618160411804,-21.428554278335533,1.2313680070625108,-1.4417183955360708,3.2288710018753854,372000
844,24260855,0.025,-2.0029151098074625,3.7285426526902787,-21.780637281439816,1.2623393706163486,-0.9523980387356911,3.467468027901559,372000
844,20260818,0.0125,-1.8885703645038425,3.6982522733651786,-21.06761083412584,1.2911341315910834,-2.2704800326626318,3.689776335214203,372000
844,21260821,0.0125,-1.9520533671118034,3.6343158202413206,-20.968936872466337,1.2232683075119666,-0.9028496844107827,3.4226577152867823,372000
844,22260823,0.0125,-2.06606829933845,3.5471976256430957,-21.29965769474314,1.3020973191035454,-0.14671056825816262,3.780012113496424,372000
844,23260837,0.0125,-1.705944996785263,3.622361123351318,-21.004626085485384,1.226035898618752,-1.4189445608793927,3.2308405435629663,372000
844,24260855,0.0125,-1.9987660195438228,3.644608032503159,-21.16341761361745,1.1934027183475697,-0.9318887987804322,3.4680256577313298,372000
845,20260818,0.05,-1.8655534068908532,2.9128006346850075,-16.11377715173788,1.0313909691336733,-2.30998497346728,3.194641386106611,372000
845,21260821,0.05,-1.9808295747986897,2.805380805697637,-18.330908732476434,1.0729103240203124,-1.2721981665539641,3.647144162516016,372000
845,22260823,0.05,-2.087725389022203,2.766896742506326,-20.013460637988494,1.1003832902424955,-0.9836450866385508,3.90731377409535,372000
845,23260837,0.05,-1.983845838081043,2.8115777173816014,-18.303692404119605,1.0488388387623815,-0.8287491671302744,3.7890490996217827,372000
845,24260855,0.05,-1.9642769485876923,2.681224486035113,-18.114900587174645,1.0307399228041538,-0.41431899281158274,3.4423925240673654,372000
845,20260818,0.025,-1.8734328911299654,2.773884289808181,-16.282457283642614,1.0244955664842612,-2.2673652911506,3.1987641277721295,372000
845,21260821,0.025,-1.974462722481823,2.7107120324206297,-18.346558744982033,1.06997681402723,-1.2182614255646107,3.651003876114439,372000
845,22260823,0.025,-2.0669224638837798,2.7052520040140977,-20.032480230142415,0.9943315541164158,-0.9203853189310454,3.9109312643470835,372000
845,23260837,0.025,-1.9779038679837433,2.6785637913872917,-18.326449409116687,1.0744287005100601,-0.7613525380423722,3.7931797187356646,372000
845,24260855,0.025,-1.9672995541427363,2.6127880119954603,-18.1940465724905,1.0861762286116825,-0.3576384689253401,3.4574547378361933,372000
845,20260818,0.0125,-1.8785799159297036,2.7491703526903857,-16.38173731679381,1.018091065588358,-2.249147068680208,3.195318571531147,372000
845,21260821,0.0125,-1.9758706770411296,2.6550510648931778,-18.346193252100623,1.045601807191831,-1.189323886021111,3.6529492958807577,372000
845,22260823,0.0125,-2.0638815563324417,2.6076272382643677,-20.04116399792458,1.020176237861018,-0.8874688870064799,3.9155257556763616,372000
845,23260837,0.0125,-1.9736573825032657,2.586519754043983,-18.331666273001556,1.0813708173436605,-0.7250826260175236,3.795228754524388,372000
845,24260855,0.0125,-1.97003548887137,2.567030033315883,-18.222695779938487,1.0758142993496116,-0.3339269329865867,3.462837990480354,372000
846,20260818,0.05,-2.106493555954301,3.895526870544173,-23.121747851368184,1.183662592372138,-0.9673803525310636,4.034633938384171,372000
846,21260821,0.05,-1.8824416599174125,3.892480959169963,-22.896367176505045,1.2254900319808841,-0.6702727618336385,3.051847028955211,372000
846,22260823,0.05,-2.02309004926083,3.8959804406579157,-22.8797376802938,1.2178716456165601,-1.2764152060161245,3.8150746791923154,372000
846,23260837,0.05,-1.8681998492312335,3.9023152126859295,-22.834709190561128,1.2004175845600484,-0.7325882161255858,2.548557720781417,372000
846,24260855,0.05,-1.8703874560727736,3.9120854942750065,-22.87186260905421,1.1942174325828434,-2.0901473928128387,2.619741213295,372000
846,20260818,0.025,-2.0927611134073323,3.771776953939598,-22.01468216351958,1.2125518085088423,-0.9368442628575467,4.063117687774845,372000
846,21260821,0.025,-1.8835210387774963,3.7609657409231834,-21.699572371431614,1.2233956703090012,-0.6297006282410762,3.0596028608688064,372000
846,22260823,0.025,-2.0216592202414057,3.7609108615242706,-21.787294552430097,1.2270888817025563,-1.227247792597927,3.828227812293306,372000
846,23260837,0.025,-1.7929663563754934,3.7874303575310337,-21.794074533628635,1.1783860717923036,-0.6937157220841624,2.583928264668709,372000
846,24260855,0.025,-1.7632145684880673,3.7769546482686396,-21.841607868745612,1.2222858206704372,-2.0230571263612886,2.640092483403683,372000
846,20260818,0.0125,-2.0905486995291747,3.6993835264398114,-21.374497264401615,1.2085656036838488,-0.9204560735028092,4.077177099310532,372000
846,21260821,0.0125,-1.8848836540666756,3.6906375899434134,-21.17299645269223,1.2238497070535577,-0.6170527050488167,3.0671969580043204,372000
846,22260823,0.0125,-2.0163892596722164,3.7164438339055583,-21.273278957019592,1.2261654894853002,-1.200553406730976,3.837775892237739,372000
846,23260837,0.0125,-1.7986178060018927,3.7303560613916593,-21.335744728070733,1.1954602987141223,-0.6739106828628786,2.5988835039574485,372000
846,24260855,0.0125,-1.7230410892723722,3.7124264947404355,-21.212567436666593,1.219567787292817,-1.9884927142039328,2.641024413823563,372000
854,20260818,0.05,-2.097769178087394,3.0006276604355184,-20.523303436146325,0.9885765523816586,-3.4573885447160424,3.8935274521724783,372000
854,21260821,0.05,-2.2242163143816946,2.81114105488861,-22.911739889624425,1.0759044839251046,-1.5699529689376719,4.567027387485755,372000
854,22260823,0.05,-2.122510373831361,2.8844085957216734,-20.770433882194585,0.9727410112135918,-2.2242440088086806,3.681351220478418,372000
854,23260837,0.05,-2.1087809022238315,2.8497549993294298,-20.53222534551328,0.9242516039020077,-1.928489400963395,3.964955117979781,372000
854,24260855,0.05,-2.097868826431583,2.8196698186451554,-20.15987157706009,0.9909070207402704,-1.913975868904687,3.903308699090358,372000
854,20260818,0.025,-2.0987684149143546,2.8908837688515563,-20.579077537238817,0.9783995661316365,-3.3859851482712293,3.9094364340561234,372000
854,21260821,0.025,-2.2068426142355997,2.7190700322926755,-22.958337620659318,0.9782551700028784,-1.5060095819262425,4.579505443566394,372000
854,22260823,0.025,-2.1044941478067365,2.7973421135809584,-20.7834225156834,0.9522453307139194,-2.160984979960146,3.691536812290383,372000
854,23260837,0.025,-2.0944935616829854,2.7384038957567323,-20.573385300198776,1.0017964733706348,-1.853822520051169,3.9770635699411816,372000
854,24260855,0.025,-2.0782284259834096,2.723392739862344,-20.19784104886347,0.9126833227451635,-1.8661097465357581,3.9140828181609546,372000
854,20260818,0.0125,-2.1002813859712037,2.841569775076867,-20.618981473244823,0.9967346834294861,-3.348655296388298,3.9202560202076775,372000
854,21260821,0.0125,-2.2032830922144693,2.6760118039228624,-22.967112424765045,0.941161286695062,-1.476838276099212,4.584538477028552,372000
854,22260823,0.0125,-2.1051362950973047,2.7301702172221294,-20.811061405040945,0.9731815928644962,-2.1282386853539874,3.6996496944344908,372000
854,23260837,0.0125,-2.0907136504883517,2.6885629672973583,-20.59579547462971,0.9815876381577399,-1.81771377664721,3.983412354018912,372000
854,24260855,0.0125,-2.074383401775635,2.705499663643357,-20.202164521951392,0.9241106246745892,-1.8388229056870768,3.915856550466611,372000
855,20260818,0.05,-2.1264206603049924,2.8946343004288977,-21.177023069632224,1.0291082106555554,-1.112875907372498,4.085202889900142,372000
855,21260821,0.05,-2.1098622772656204,3.140253025111946,-20.6804850138819,1.0544146853632972,-2.732842161918399,4.235492365462539,372000
855,22260823,0.05,-2.001690738154543,2.912521394401807,-18.70930017509401,1.0182582548052628,-1.1564398100696391,3.5692211514042587,372000
855,23260837,0.05,-2.05753002476392,2.905832599531212,-19.839392224136375,1.0345498876233314,-1.9072079804557942,4.097696906748733,372000
855,24260855,0.05,-1.9770097216881568,3.1198101711292914,-17.89030097452193,1.1180090493934811,-2.667710057571134,3.3394022008578466,372000
855,20260818,0.025,-2.1167354459587413,2.784514540925496,-21.19755195213985,1.0533526379298763,-1.0889031418691162,4.090744162433698,372000
855,21260821,0.025,-2.111836834907259,3.023559881222101,-20.731460174921402,1.0041969789937697,-2.7045470788074906,4.248583227537061,372000
855,22260823,0.025,-1.9992747767476853,2.8197373297998145,-18.78498950043953,1.0404422757417569,-1.1221549952613439,3.5883745919630012,372000
855,23260837,0.025,-2.0429516328711443,2.8036589824267204,-19.858598926793327,1.0511117623802055,-1.8532164507245883,4.100588500411363,372000
855,24260855,0.025,-1.9663067253053312,2.9981567798206745,-17.961248050340558,1.0844109962658866,-2.6341242124928685,3.3538622434946346,372000
855,20260818,0.0125,-2.113981272998227,2.751317083348544,-21.207231146904146,1.011777745791616,-1.076873552688057,4.093502595571899,372000
855,21260821,0.0125,-2.1072969808210895,2.9326265576932147,-20.760106692302053,1.0371324366519672,-2.6897423727260508,4.257278955835026,372000
855,22260823,0.0125,-2.0006596733533786,2.7665713018608664,-18.808068075386707,1.0812547809540571,-1.1046791773479172,3.593491308172187,372000
855,23260837,0.0125,-2.0437921130478935,2.8031569646632817,-19.861915573581143,1.018042737509825,-1.8279359398805028,4.103029160049231,372000
855,24260855,0.0125,-1.9620562500186856,2.936879712236609,-18.00709522115733,1.0175373440234148,-2.617093788332839,3.365325560281946,372000
856,20260818,0.05,-2.2496744674431803,2.4428578197805226,-23.885966322011914,1.0637474478844888,0.19884771824039008,6.034170869052165,372000
856,21260821,0.05,-2.218130960577403,2.7671410881713747,-22.743678936901013,1.036126888439566,-1.2190057492845798,6.089359571447663,372000
856,22260823,0.05,-2.2258756497496224,2.7285654981234004,-23.506417705185914,1.089613734811043,-1.3215180494450551,5.959061406798665,372000
856,23260837,0.05,-2.2329611873735993,2.5025562044396037,-23.53978381806651,1.1207351049047225,-0.057611622694736894,6.044448876064641,372000
856,24260855,0.05,-2.2274805123849353,2.6773905015070247,-23.295946188138917,1.1026002809538789,-0.7861889606525139,6.0502505078139475,372000
856,20260818,0.025,-2.208268204373125,2.362767896978069,-23.314609479067677,1.095926902703942,0.27717369467524633,5.998144385053961,372000
856,21260821,0.025,-2.2420437835129476,2.655860806609955,-23.70684717249147,1.0372432635305535,-1.1951633681925056,6.040132767611548,372000
856,22260823,0.025,-2.2448868989989075,2.6475973758385534,-23.672904574151975,1.0949338319142954,-1.2671076103092944,5.994428346920063,372000
856,23260837,0.025,-2.236836116450209,2.4374705228028306,-23.784247084671147,1.199780827603917,-0.00865899597905697,6.010410676893297,372000
856,24260855,0.025,-2.23724236838804,2.6256724364354778,-23.664805281000966,1.1354415268081355,-0.7326461888067379,6.0020957304281195,372000
856,20260818,0.0125,-2.2315785787356917,2.2635347478011405,-23.62409954844106,1.071717258259312,0.34335835575391027,6.009951911223902,372000
856,21260821,0.0125,-2.234432602823822,2.62907752915548,-23.708655265291945,1.2425039617139044,-1.1851673954453505,6.002935048038547,372000
856,22260823,0.0125,-2.2472932445319174,2.601149758950289,-23.958588463202755,1.1983262085831141,-1.236989289454797,5.974308777436823,372000
856,23260837,0.0125,-2.2322625608285005,2.4360970002204563,-23.453968826511236,1.1843763178470683,0.02482480270097085,6.0394510024001145,372000
856,24260855,0.0125,-2.2508242045704017,2.5499960228594234,-24.346882098004563,1.224350908474556,-0.7088310308002057,6.005611889461299,372000
857,20260818,0.05,-1.8172567057688676,2.6688074203888847,-14.882646434363258,1.1117030520034037,-0.5060110010888309,5.559978387113811,372000
857,21260821,0.05,-1.9320289362985743,2.745536911757091,-17.58515723848012,1.1480845768529608,-1.1938922481847714,5.5091306515564185,372000
857,22260823,0.05,-1.9696010239815442,2.7078444825616543,-18.02182601169837,1.158673481593832,-0.8021437988850124,5.566771445658091,372000
857,23260837,0.05,-1.8492854295724237,2.696023646091008,-15.511233281465502,1.0977937606431156,-0.8103826037749972,5.480136315957249,372000
857,24260855,0.05,-1.8682224873505748,2.849955038459715,-16.181414609846374,1.1124621329967752,-2.012036784462647,5.534453641155137,372000
857,20260818,0.025,-1.8144967464578183,2.5498908013539086,-14.960340807590192,1.134624925493525,-0.4462191825540831,5.526598345315158,372000
857,21260821,0.025,-1.9333563260159623,2.665086744102802,-17.65472215360226,1.1335266476851504,-1.1618447870596356,5.538342224409445,372000
857,22260823,0.025,-1.97126789494635,2.5970736363833775,-18.10716136213822,1.0640569106212678,-0.7673527905421816,5.575392663342603,372000
857,23260837,0.025,-1.8438540051616388,2.6068785979109284,-15.579642572649412,1.1820720265261646,-0.7467483107542671,5.55978130066274,372000
857,24260855,0.025,-1.8716473104843026,2.7366913783669453,-16.377265139695048,1.190160734451541,-1.9680932298891336,5.517879020257917,372000
857,20260818,0.0125,-1.8124527791276857,2.5222492183319933,-15.014934117564412,1.1886551400429677,-0.4163236834683544,5.5931948323552545,372000
857,21260821,0.0125,-1.9373608071551789,2.6472801952608394,-17.68990200689562,1.1567718534600293,-1.1427766495739096,5.5068050211405595,372000
857,22260823,0.0125,-1.9709394223255614,2.569413354037619,-18.1744232696941,1.1523090730623105,-0.7498213555957559,5.575188403336616,372000
857,23260837,0.0125,-1.8459825017639782,2.5492035889275537,-15.634235075456163,1.1533349534702495,-0.715740768066835,5.504734785583925,372000
857,24260855,0.0125,-1.873180779828748,2.6756310133241468,-16.428697202052167,1.1422107154988355,-1.9446094024117264,5.594745507809328,372000
962,20260818,0.05,-1.7365933686582609,2.8339979046847517,-13.753818096040902,0.9802342851703354,-0.3016211006388337,2.7908623584099463,372000
962,21260821,0.05,-1.6929494509673226,2.8408861030227235,-13.846909034050135,0.9947303038607916,-0.7111930422614647,2.5811863871832825,372000
962,22260823,0.05,-1.7247290429747073,2.87594961452037,-14.140337032762885,0.8926933436026369,-0.8457860489499541,2.664044076710852,372000
962,23260837,0.05,-1.704556187804794,2.7427789044726896,-13.549629125336766,1.020517561421183,-0.5343210218056156,2.3650990834440355,372000
962,24260855,0.05,-1.8718690175139532,2.809770728872958,-16.101725164214496,0.9575447176258363,-0.21251164182834953,3.2641176115304242,372000
962,20260818,0.025,-1.731690600628545,2.702692285705724,-13.784016147493553,0.9952642530453638,-0.24954845417640917,2.803694550073793,372000
962,21260821,0.025,-1.7302839499224942,2.724281780901797,-13.64545344041393,1.0488575903219615,-0.6661161403316307,2.581291055044176,372000
962,22260823,0.025,-1.6894190664838935,2.79267390599329,-13.344287527301741,0.9374925923680031,-0.8060817864323537,2.6796763425898114,372000
962,23260837,0.025,-1.7061279809910106,2.692790374166717,-13.337540731353336,0.9782135647503447,-0.4808868343996021,2.3738753753228354,372000
962,24260855,0.025,-1.868647711255465,2.708408845301021,-16.181088133367997,0.977204794167357,-0.1837040108802107,3.2848170077711925,372000
962,20260818,0.0125,-1.747726604646151,2.67356452018901,-13.98045839221541,0.9355506774811894,-0.22470298110218231,2.8100437216969825,372000
962,21260821,0.0125,-1.7454390860351774,2.6733982744920617,-14.182293141475492,1.052662164211454,-0.6430742115575919,2.58945057514181,372000
962,22260823,0.0125,-1.7345947953987835,2.76081434848393,-13.960053078229471,0.9823618154892566,-0.7855206142866489,2.68942822094368,372000
962,23260837,0.0125,-1.7092317056088369,2.667632040810604,-13.314629729045492,1.0163115030409244,-0.4556436978005447,2.3805790782267793,372000
962,24260855,0.0125,-1.8655554537780834,2.633854208334153,-16.207047231276807,1.0844100456916674,-0.16402078234408904,3.291259331222914,372000
963,20260818,0.05,-1.7095744138085491,3.3582487363052547,-18.312699308304772,1.3038957267718987,-0.6070459464595805,2.8672935798733055,372000
963,21260821,0.05,-1.68943328063093,3.3728910221321384,-18.27324801698576,1.3027648882913836,-0.809892235090372,2.5443190721118576,372000
963,22260823,0.05,-1.6766193057867118,3.3726535767438617,-18.174739973600445,1.3020504643551956,-0.14450611145934336,2.8022980281577574,372000
963,23260837,0.05,-1.737172099727487,3.363745383148977,-18.303423391057116,1.2810293707290943,-1.046908867457886,3.154612031505129,372000
963,24260855,0.05,-1.688730433616083,3.3710484751454812,-18.127074921674627,1.2087622477527908,-1.0478558767448145,2.7201942537058383,372000
963,20260818,0.025,-1.665292186752201,3.235334179602305,-16.9841383720229,1.2904232376301827,-0.5578502382174516,2.8778900436818344,372000
963,21260821,0.025,-1.6662705160090407,3.221639215113935,-17.128528404369632,1.304589626174322,-0.7598423034679095,2.574413864649503,372000
963,22260823,0.025,-1.6201993045026848,3.2405214444611983,-17.192233644321824,1.3310247823099581,-0.09952235989581734,2.8127435732379613,372000
963,23260837,0.025,-1.7173489687324517,3.2482041686850263,-17.18234069546103,1.2894220294721879,-1.0109165065552745,3.1572264362614204,372000
963,24260855,0.025,-1.6181093975732481,3.2144214633807975,-17.061715704182703,1.2138826659396382,-1.0093821568249093,2.7270261205668396,372000
963,20260818,0.0125,-1.6642575359293696,3.208196400129037,-16.634323885809124,1.2881016850985543,-0.5323095671233202,2.8805625614513217,372000
963,21260821,0.0125,-1.670306800297073,3.2419396258415705,-16.589502224101974,1.3039005958297207,-0.7369067611638954,2.58953404022486,372000
963,22260823,0.0125,-1.5867899595544603,3.16108006570016,-16.380859985570027,1.2389284887941086,-0.07346548773016343,2.8132968877236952,372000
963,23260837,0.0125,-1.715519013109466,3.186582869305961,-16.38715391507061,1.2850163310741507,-0.9913240585469368,3.1580710930408684,372000
963,24260855,0.0125,-1.5808117513237991,3.190397006283004,-16.49212035270054,1.245999230147689,-0.992565333144772,2.738053380925933,372000
971,20260818,0.05,-1.8904550993973332,3.0146772572616034,-16.373291175184747,1.0168806913525077,-1.9324346893396525,3.5555878506334535,372000
971,21260821,0.05,-1.6721845649601341,2.9134062545125627,-14.491098710096448,0.9777298332415838,-1.0607487038051515,2.6243029651813785,372000
971,22260823,0.05,-1.8041142697764456,2.7517323057393934,-15.023309290801173,1.0152811326715094,0.03558852590514189,2.975469662837265,372000
971,23260837,0.05,-1.6700880922435117,2.8067236907558586,-13.537975691682387,0.9802017844442763,-0.13741411468380932,2.652011513855217,372000
971,24260855,0.05,-1.7000489553776594,2.852039937881492,-14.022513755972039,1.0517569565218106,-0.5572167291606126,2.7118615807748263,372000
971,20260818,0.025,-1.880736528407798,2.9385038045761886,-16.39759234715349,0.985776031931745,-1.89671119873585,3.561493152983718,372000
971,21260821,0.025,-1.676883392907968,2.8358274562628902,-13.453372056618356,0.9968413959468378,-1.0189627063813749,2.647415836666829,372000
971,22260823,0.025,-1.8094149486743991,2.6733630118612792,-15.01650538808651,1.0334471720897913,0.0844491169997998,2.9755424360153735,372000
971,23260837,0.025,-1.6722699582928504,2.683709844016307,-12.84740368795568,1.0185760678310036,-0.09671997616681985,2.6646797271834446,372000
971,24260855,0.025,-1.7010488975202394,2.7507982882851163,-13.09614435405213,1.0128980023669578,-0.5099867316514272,2.7330122912827064,372000
971,20260818,0.0125,-1.8768723976752486,2.831583538898706,-16.401088824987557,1.1022452477769333,-1.8784751642543545,3.5626292747925605,372000
971,21260821,0.0125,-1.6805869406686156,2.754571975677675,-13.276425793274807,1.0644994168811197,-0.9992603090450686,2.6639094212442838,372000
971,22260823,0.0125,-1.8063120856439223,2.6217927542414365,-15.028717168065924,1.0591578562819313,0.10564921657441068,2.9779127691311804,372000
971,23260837,0.0125,-1.67252465976801,2.645402871225121,-12.893647948583853,0.9556066198054587,-0.07811074106460207,2.6733300870293863,372000
971,24260855,0.0125,-1.7012076602114994,2.708430626412481,-13.09457353090705,1.0085093960768095,-0.48432330752638536,2.7329494962711567,372000
972,20260818,0.05,-2.4415131797220977,2.7089829899621076,-27.941977713109274,1.1351907558874814,-1.4025915352433131,6.739941847559877,372000
972,21260821,0.05,-2.456471585569269,2.892725800306688,-28.334871135405187,1.1908889453743876,-1.4194106811507834,6.668523660916726,372000
972,22260823,0.05,-2.472480254369517,2.7342779043335126,-28.730831492459416,1.0888931141977498,-1.387785985799333,6.595539875012409,372000
972,23260837,0.05,-2.4399161815582016,2.716419629457661,-28.20345171866518,1.1667813855616163,-1.3757641092991484,6.6028172648260375,372000
972,24260855,0.05,-2.4393665472497696,2.5754286037723477,-27.872252310780656,1.1159967124733023,-1.4594266404793965,6.79387708145414,372000
972,20260818,0.025,-2.455509172912805,2.613275920070891,-28.85159204198939,1.1499951389347611,-1.329815776821973,6.668563591670574,372000
972,21260821,0.025,-2.4426337383591026,2.8339512840406953,-28.407259462028495,1.2668731796976997,-1.3800515369295654,6.762472922195991,372000
972,22260823,0.025,-2.4692883707226145,2.5716693374213166,-28.821256523047055,1.1645880109238735,-1.3926769339598433,6.70044099284716,372000
972,23260837,0.025,-2.456110905984393,2.5865971338863134,-29.03653438990015,1.1380253848614537,-1.3823138099040473,6.720284758889111,372000
972,24260855,0.025,-2.431593818704265,2.4759282262754203,-28.232069844111333,1.167629048466297,-1.379702713645544,6.686133709692285,372000
972,20260818,0.0125,-2.4275909528462467,2.6030804562657197,-28.063845527900153,1.1888949080876072,-1.4016066281408281,6.708493701455786,372000
972,21260821,0.0125,-2.441259629085269,2.7404753015913075,-28.102950707469866,1.1924545685779175,-1.3154191688302597,6.540602172296745,372000
972,22260823,0.0125,-2.445603871499303,2.5391207784989875,-28.5394363317155,1.2123762959326057,-1.3408962498164687,6.5845580512908235,372000
972,23260837,0.0125,-2.441551767020356,2.565369399194045,-28.166656808943248,1.1412676633518348,-1.3843080292515122,6.698923329109524,372000
972,24260855,0.0125,-2.457790987030469,2.407162561231053,-28.388800758742207,1.1929359943944178,-1.3349664928631042,6.663729877335746,372000
973,20260818,0.05,-1.7158349511045885,3.12644128057383,-15.92027281494026,1.19186750602161,-0.5208889381967662,3.7936636870277223,372000
973,21260821,0.05,-1.8047894796827757,3.1097977319097945,-15.855266407236059,1.2157941850362086,-0.26547921567761346,3.461982318368216,372000
973,22260823,0.05,-1.6251301912249518,3.130830033925559,-16.25905748781382,1.2248459267647047,-1.174240680956502,3.6643554047603693,372000
973,23260837,0.05,-1.7564664589380914,3.108719435969561,-16.408398333755372,1.1661261239076468,-0.006384812808611944,3.5185825674915714,372000
973,24260855,0.05,-1.9134106061888492,3.1005238421119397,-16.821411386599035,1.2166431707989906,-0.529172382742013,3.505397907369519,372000
973,20260818,0.025,-1.692605949165634,2.985553734939336,-15.171936390008675,1.2541385247052972,-0.48255315483288064,3.79888645234068,372000
973,21260821,0.025,-1.7983824166663565,2.9878319679971486,-15.047159445811323,1.173691231760644,-0.22464223805772818,3.4648062721352346,372000
973,22260823,0.025,-1.621394585174449,3.0470560524494825,-15.128893951547987,1.1806092298147877,-1.1322735275210654,3.6702821960180403,372000
973,23260837,0.025,-1.7572962532360907,3.004215462330922,-15.07291389569498,1.1912549003027229,0.048905369325790884,3.519967235029147,372000
973,24260855,0.025,-1.9027781315881764,3.0110908904329827,-16.841184143820122,1.1697628312346517,-0.4901648772892318,3.5052907726119975,372000
973,20260818,0.0125,-1.688958304975301,2.8725923241053577,-14.4740498931458,1.236414569533466,-0.45906559172120587,3.8004626047375236,372000
973,21260821,0.0125,-1.7974099383069841,2.9590582583472003,-14.881767467386144,1.2071881443081722,-0.20455200493467565,3.4664236773887662,372000
973,22260823,0.0125,-1.6202086641523887,2.932010670137438,-14.701457547268864,1.2398800761292874,-1.1124523433886804,3.669923747773455,372000
973,23260837,0.0125,-1.7569782727336436,2.9272333388748817,-14.547827110645928,1.1789277759720114,0.07163857993356448,3.52861874131953,372000
973,24260855,0.0125,-1.9017632805155398,2.943058957552002,-16.861821465272357,1.2121575553786608,-0.46670600575987536,3.505313154156385,372000
974,20260818,0.05,-1.8275417490304406,3.793407081426157,-22.73030729555105,1.3146987735672053,-0.6062834156127939,3.2112649904166086,372000
974,21260821,0.05,-1.85263716240938,3.820263809502729,-22.47419437102188,1.2851153394799806,-0.9364553439744729,3.295703901631535,372000
974,22260823,0.05,-1.8288103883984317,3.8448276495519846,-22.7383549366458,1.2720524638842943,-1.7794652949453982,3.4960024933318814,372000
974,23260837,0.05,-1.888364554969784,3.840864909022188,-22.99352450520062,1.2818723201393623,-0.9411779140685308,3.4206232906147145,372000
974,24260855,0.05,-1.8362009045701342,3.8429971877554334,-23.386149366310995,1.2977870120228419,-2.1492353588609214,3.278671160912531,372000
974,20260818,0.025,-1.7534369682347677,3.697725275081685,-21.41358010721442,1.3076663756995994,-0.5835257247105268,3.194107954192555,372000
974,21260821,0.025,-1.7297132835017126,3.6945371487704946,-21.654590677212337,1.2638596368193213,-0.9006874780201092,3.2807230887809484,372000
974,22260823,0.025,-1.8213841740313466,3.734850879924414,-21.843181411198405,1.3276016301266425,-1.7295959128096112,3.5029498899782787,372000
974,23260837,0.025,-1.731849773379845,3.768670889564733,-21.58874626371018,1.2664913132486946,-0.9099288444034163,3.417299254324764,372000
974,24260855,0.025,-1.735916705101705,3.73668546570629,-21.833104059634145,1.2948859612772787,-2.095416106092881,3.2772596158443306,372000
974,20260818,0.0125,-1.7182465431731302,3.627182312791895,-21.10311692580258,1.303731924937139,-0.570581393719535,3.194042710124538,372000
974,21260821,0.0125,-1.6999871809890958,3.6330726259896156,-21.14721042627508,1.241546729587874,-0.8833966468310869,3.279311527777891,372000
974,22260823,0.0125,-1.818556457513583,3.642534605569836,-21.077381372531388,1.2695992147415667,-1.7025736256923865,3.503772651701972,372000
974,23260837,0.0125,-1.7047870292123934,3.7109667858466353,-20.834091545802906,1.2589445286896468,-0.8956983813656073,3.415917592904568,372000
974,24260855,0.0125,-1.7070772230999651,3.6818087091081626,-21.16323895380993,1.2921901753391827,-2.068580563773661,3.276761725585,372000
975,20260818,0.05,-1.964325469673043,2.856408796064913,-17.821943431882108,1.0816135930876354,-0.6782247285537853,3.884005432260791,372000
975,21260821,0.05,-1.820579434112203,2.859084933790924,-15.30723420287275,1.0956906334943912,-0.5849405123965843,3.506373920162816,372000
975,22260823,0.05,-1.8088858172740647,2.921222447599563,-15.02202479836552,1.0709070791663742,-1.151482738759056,3.384292487589135,372000
975,23260837,0.05,-1.8932277265144848,2.8010188188084735,-16.59828072418041,1.0772399127147139,-0.028412200011421092,3.8583216879122486,372000
975,24260855,0.05,-1.8362264110890492,2.9552805278418717,-15.461379693958381,1.034279959521095,-1.3470191512084113,3.484061519972859,372000
975,20260818,0.025,-1.961465724400363,2.7667516598614035,-17.830008214609325,1.0818196968453244,-0.6359530253029207,3.8872503710853263,372000
975,21260821,0.025,-1.8294631125135188,2.8088393398824354,-15.402743142383486,1.0486726520269185,-0.5395539973318484,3.5280751374592083,372000
975,22260823,0.025,-1.7964754594867827,2.8355453171790375,-15.036642243535216,1.1621591665945339,-1.1140665796317453,3.387815460173468,372000
975,23260837,0.025,-1.8898146985579674,2.7276176952732882,-16.636076247344388,1.0956442192570452,0.011337982004867509,3.868012627729677,372000
975,24260855,0.025,-1.8340467622127763,2.858587323340902,-15.457321481761623,1.0437934527403163,-1.2930654730313342,3.48393503337687,372000
975,20260818,0.0125,-1.960139555228822,2.6942201044690686,-17.85086195477639,1.0625421952385599,-0.616932903612084,3.891206618770108,372000
975,21260821,0.0125,-1.8300416149976342,2.727437919442045,-15.452987338832607,1.0493951395910779,-0.518419205348981,3.539794283145338,372000
975,22260823,0.0125,-1.7954591387315573,2.7495123729482804,-15.040114963208625,1.1595767025837298,-1.094875091579433,3.3889861884112378,372000
975,23260837,0.0125,-1.8868833340264042,2.6482496995290323,-16.638523656732385,1.0470394138633283,0.030359664210093458,3.8690965760747766,372000
975,24260855,0.0125,-1.8281601495768562,2.7958487231995877,-15.459749502730967,1.0315980962711635,-1.265907728129386,3.484324636778605,372000
976,20260818,0.05,-1.8783489408316236,3.9239752467363123,-22.821934881339615,1.187353791844303,-1.5552740055546215,2.2520597093221233,372000
976,21260821,0.05,-1.8811145862507577,3.9250345887168137,-23.082609556788746,1.1678551358118119,-1.6773218827583587,2.5975297262244252,372000
976,22260823,0.05,-1.8877349224532898,3.9429552448166967,-22.84615012278683,1.15001160271425,-0.6226058581519875,2.9144832804098635,372000
976,23260837,0.05,-1.878921932212329,3.9175075436688216,-22.977476960824006,1.1946321138853022,-1.0411876165210165,2.5051024961093087,372000
976,24260855,0.05,-1.8591958502243897,3.8936954746184798,-22.924494164395856,1.2015811490467598,-0.7431254659097963,2.437005874290704,372000
976,20260818,0.025,-1.7522811256353856,3.7686676553743066,-21.710075924432495,1.1878969833769444,-1.5183689988814275,2.2787330598733457,372000
976,21260821,0.025,-1.7658476746925489,3.8154091054381194,-21.940533492891785,1.1699225865352216,-1.630010427539126,2.6226686712183263,372000
976,22260823,0.025,-1.7547257185099647,3.756164198662289,-21.81270245146825,1.1943408940434799,-0.5893866110749046,2.9256709526653757,372000
976,23260837,0.025,-1.7519474357509017,3.779242447145199,-21.92717788991547,1.1487977727798984,-1.0027572187823577,2.5162632824526647,372000
976,24260855,0.025,-1.7568812286525202,3.749698841010104,-21.69868994207525,1.2943973474462647,-0.7088792543800465,2.4512987394669925,372000
976,20260818,0.0125,-1.7199857743586455,3.700059097657888,-21.344274819125985,1.2424247327914735,-1.4995913322273062,2.2876513872308024,372000
976,21260821,0.0125,-1.7199391198791365,3.731906887862297,-21.255881244530073,1.1931396174040994,-1.6066082799354247,2.638706217396689,372000
976,22260823,0.0125,-1.729139549224249,3.685532641327932,-21.304593079465864,1.1856895150177689,-0.5713207828433007,2.9273846825545755,372000
976,23260837,0.0125,-1.7173515720651835,3.7276532104280684,-21.230670437248982,1.1773571971421812,-0.9809906293523222,2.525507733703346,372000
976,24260855,0.0125,-1.7207897069034912,3.728634549857809,-21.24939291207873,1.195808225212499,-0.69041603497305,2.4603189231167635,372000
984,20260818,0.05,-2.170057047144392,2.990032656981306,-21.886210679276722,1.0432259300439932,-2.0519677973327908,3.9800030100208197,372000
984,21260821,0.05,-2.1357814647945554,2.9890494084431416,-21.226828612079544,1.024838318572581,-1.5663110503824154,3.854680647587953,372000
984,22260823,0.05,-1.9794056756734062,3.0695027606600975,-18.0351071877905,1.061950354980561,-2.658489425610774,3.381906140401035,372000
984,23260837,0.05,-2.094358231379063,2.9630300280356687,-20.347415025003876,0.9830199042879674,-1.5282125948148195,3.5178628465789457,372000
984,24260855,0.05,-2.1242657852133733,2.9182844192695474,-21.08652667951227,1.0129136991521157,-1.2799334547839765,3.7397516620945823,372000
984,20260818,0.025,-2.149202830778041,2.8706292726932308,-21.90100198485425,1.0425479533072333,-2.002894424252946,3.986259618040863,372000
984,21260821,0.025,-2.1183166456088363,2.87282772992361,-21.251674795595,0.9740386911517604,-1.5266343086219152,3.8715806335915772,372000
984,22260823,0.025,-1.9736567706992059,2.945640825563488,-18.04983675022696,1.0329006008652863,-2.6015832402181047,3.3967126138083508,372000
984,23260837,0.025,-2.0837192911824975,2.841305326942505,-20.353366756163688,0.9660208045121467,-1.4636728455584591,3.5198677226364503,372000
984,24260855,0.025,-2.110441329213054,2.783790746105001,-21.097418932217987,1.068524546697743,-1.2416293560920961,3.7480229132507787,372000
984,20260818,0.0125,-2.148858324038545,2.800709842681263,-21.896687779338716,1.0053322507975153,-1.9763066061691992,3.986157921490336,372000
984,21260821,0.0125,-2.1176135579730904,2.8031031698938214,-21.261517556751066,0.9751136664229105,-1.5048199012104206,3.8811073990398333,372000
984,22260823,0.0125,-1.9699633199910982,2.9410178384712355,-18.076213989278987,1.024455453605758,-2.5720824378586804,3.40447684971566,372000
984,23260837,0.0125,-2.082251043815499,2.8116335008134445,-20.358995006405905,1.1086842374700197,-1.430054423616309,3.5219393630820166,372000
984,24260855,0.0125,-2.1080448173297572,2.74854356656744,-21.10077099663901,1.016225314665911,-1.223696572453888,3.7524579103432294,372000
985,20260818,0.05,-1.920750970534762,3.0182509304297596,-16.63116526038569,1.0794345928624514,-1.7043893341165097,3.469584237143036,372000
985,21260821,0.05,-1.8829012697110072,3.084864367107276,-16.359390619075175,1.029135042455245,-1.9828387420632196,3.2622963212540914,372000
985,22260823,0.05,-2.1080827374995907,3.0745889571135336,-20.942480279599362,1.0832003694891368,-2.1560625824271544,4.414608812425193,372000
985,23260837,0.05,-1.7684709045442586,3.0225381524582065,-15.622104338707626,1.0183747588315382,-1.7499262811843739,2.950590675293865,372000
985,24260855,0.05,-1.8873664165991904,3.024435506393803,-16.645980618149192,1.1059629226805836,-1.5858235684980775,3.2713893360421524,372000
985,20260818,0.025,-1.8997121942222235,2.9338354602003505,-16.639393535228994,1.0098691774368918,-1.6565982192067163,3.4734507766833773,372000
985,21260821,0.025,-1.8800667944560434,2.9482443667812914,-16.419452936582687,1.0827876379670813,-1.9301250464390811,3.27613635478614,372000
985,22260823,0.025,-2.099019049189271,2.998035291656102,-20.973687806574418,1.0947791253146535,-2.1039146287281443,4.422346577116327,372000
985,23260837,0.025,-1.7724856901002823,2.915283616314571,-14.754858915235976,1.1520975258111879,-1.7056289324566913,2.968805120562708,372000
985,24260855,0.025,-1.8826246138851976,2.9060979215135094,-16.646713070301026,1.0579110467555892,-1.5403237753517647,3.2898672997363887,372000
985,20260818,0.0125,-1.8977581120803526,2.8764869572098677,-16.639104196671518,1.0939335055269754,-1.6320080503636376,3.473575619816166,372000
985,21260821,0.0125,-1.8767511357478788,2.9145124879190836,-16.44708580537354,1.0460261949420406,-1.904281367350399,3.284031553946182,372000
985,22260823,0.0125,-2.0956034052318024,2.9202894172811233,-20.989888185235746,1.0351630816512167,-2.0779335036565043,4.426930185016339,372000
985,23260837,0.0125,-1.7695611454755908,2.865879133782904,-14.511127098707444,1.0946254599365783,-1.68292947068003,2.9762874054197925,372000
985,24260855,0.0125,-1.880161361831986,2.8433562221886843,-16.651029952199256,1.0498386703886367,-1.5191928605386689,3.2982501110854137,372000
986,20260818,0.05,-2.1703117802563434,2.67226288398252,-22.207995152841963,1.0892359285622906,0.12632864979137085,6.044297605112179,372000
986,21260821,0.05,-2.171744022532677,2.8861379321310547,-22.23730629557119,1.0523697547873514,-0.72622476857193,6.091567610905073,372000
986,22260823,0.05,-2.16619815969376,2.7158715716054806,-22.004902189880134,1.0780312357084387,0.01497875746196849,6.030782787134503,372000
986,23260837,0.05,-2.1758057340505914,2.7202918960934457,-22.333921176092797,1.112178073768968,0.15703178041793536,6.006293595494253,372000
986,24260855,0.05,-2.221050749120632,2.8392812318479725,-22.816420496790776,1.010046469889881,-0.7350841341836223,6.105176533438776,372000
986,20260818,0.025,-2.1765398333137793,2.6016816466540105,-22.430764858141533,1.2621577721788095,0.16880961018008434,6.054371055688213,372000
986,21260821,0.025,-2.1760607776796923,2.758677098189705,-22.284951661443078,1.1765052700103034,-0.696515408168793,6.036623029678247,372000
986,22260823,0.025,-2.171031376939509,2.593776931167721,-22.504029079879384,1.099084328053125,0.03485394100074661,6.0150895836146,372000
986,23260837,0.025,-2.1946238309369805,2.6566275064684297,-22.346891716053157,1.0885865019835927,0.212992649921697,6.031053529411494,372000
986,24260855,0.025,-2.1765076667459313,2.7304991428540655,-22.030145327475044,1.060029179485512,-0.685424860139198,6.07538630994123,372000
986,20260818,0.0125,-2.17718470023701,2.5406353291048336,-22.280561095832958,1.1735015589306863,0.17502108166563204,6.066236365738981,372000
986,21260821,0.0125,-2.1649281482643556,2.7310967001105677,-22.17363420724643,1.1312738856781617,-0.6844270204919545,6.012758043511168,372000
986,22260823,0.0125,-2.1720045612969128,2.558977913533437,-22.307385539707834,1.1989082292185682,0.045152987297819844,6.013551149273646,372000
986,23260837,0.0125,-2.185223896935671,2.6073751465177026,-22.669867426800458,1.1620496180418518,0.22154905406021255,6.032638958036461,372000
986,24260855,0.0125,-2.1525516577968067,2.700445013073765,-21.79201088782638,1.1646677858485033,-0.6567288563427205,5.988440233472637,372000
987,20260818,0.05,-1.7765218752800278,2.765187976619337,-14.361739882119013,1.1375514486923681,-0.30313593565443325,5.507758411903886,372000
987,21260821,0.05,-1.693698287943242,2.8955857576712964,-14.30399600237327,1.1180436849205884,-0.9247244788799409,5.576267734686661,372000
987,22260823,0.05,-1.6690672266969149,3.0418312623279617,-15.640166654661861,1.1772442138287147,-2.1501064842391293,5.590970816620629,372000
987,23260837,0.05,-1.6790034934998423,2.760071959010323,-13.241856420996493,1.2217066918746433,0.05745542960612101,5.487496593832603,372000
987,24260855,0.05,-1.5806808796546714,2.9006954785900394,-14.44576317704938,1.1713283963983894,-1.051624267760432,5.552007037321309,372000
987,20260818,0.025,-1.7616738667024097,2.693685783427428,-14.379843723294224,1.1388454184257577,-0.27290423099517996,5.5822240051211285,372000
987,21260821,0.025,-1.7037041782833768,2.799602839113655,-13.58325467519021,1.1382628267191162,-0.8837946729497044,5.554778524013546,372000
987,22260823,0.025,-1.659585249229337,2.934202391802062,-14.867021185890106,1.1724784409595606,-2.100179208324274,5.488292150888884,372000
987,23260837,0.025,-1.6871796827135037,2.6679189075738026,-13.165457496915558,1.1441309533944977,0.08423823713646414,5.550200730091846,372000
987,24260855,0.025,-1.5932065275688019,2.7948205359679053,-13.596359692847162,1.1598558246228938,-0.9953924018666389,5.5563534612560375,372000
987,20260818,0.0125,-1.7575799016097915,2.6558592524243183,-14.386097911934197,1.2062390208963831,-0.2562505811171116,5.5789526823883735,372000
987,21260821,0.0125,-1.7032373924817803,2.7661930363127616,-13.212955468417224,1.1224890593202805,-0.8624163159169239,5.584469606131112,372000
987,22260823,0.0125,-1.6604417661961204,2.8859507915840195,-14.498708129778661,1.1552879248307037,-2.075885183721796,5.493762129098625,372000
987,23260837,0.0125,-1.690541718125704,2.5757281589713292,-13.249219584775881,1.1864733611539675,0.09962902959692056,5.548041140029026,372000
987,24260855,0.0125,-1.6026157776082122,2.7310754928647536,-13.30406887450132,1.1091084930659005,-0.9663338194768064,5.617599736910762,372000
