subset,scan,fixed_coordinate,fixed_value,projection,stage,A_threshold,crossing_coordinate,n_biological_pairs_total,n_pairs_with_crossing,support_fraction,median,q25,q75
all_pairs,drive,p_intrinsic,0.0,active,SCA3_entry,0.6832817402871161,p_drive,72,20,0.2777777777777778,0.6626762363188841,0.0,0.7534886174057547
all_pairs,drive,p_intrinsic,0.0,active,WT_exit,0.1483293470542087,p_drive,72,34,0.4722222222222222,0.4405388626222322,0.0,0.6938208809360843
all_pairs,drive,p_intrinsic,0.0,active,balance,0.5,p_drive,72,20,0.2777777777777778,0.5967833227275137,0.0,0.6625439416707797
all_pairs,drive,p_intrinsic,0.0,isi,SCA3_entry,0.7978563373093712,p_drive,72,13,0.18055555555555555,0.775349133903451,0.723206014010448,0.8874673109044141
all_pairs,drive,p_intrinsic,0.0,isi,WT_exit,0.1358293233470019,p_drive,72,37,0.5138888888888888,0.361176769958992,0.0,0.5959138769754874
all_pairs,drive,p_intrinsic,0.0,isi,balance,0.5,p_drive,72,21,0.2916666666666667,0.5600003391956493,0.045810449505484914,0.625313186432585
all_pairs,drive,p_intrinsic,0.0333333333333333,active,SCA3_entry,0.6832817402871161,p_drive,72,20,0.2777777777777778,0.6681647595558957,0.0,0.7651303976580173
all_pairs,drive,p_intrinsic,0.0333333333333333,active,WT_exit,0.1483293470542087,p_drive,72,36,0.5,0.44513679645822635,0.0,0.7055947354950862
all_pairs,drive,p_intrinsic,0.0333333333333333,active,balance,0.5,p_drive,72,20,0.2777777777777778,0.5997389445274072,0.0,0.6542732535739448
all_pairs,drive,p_intrinsic,0.0333333333333333,isi,SCA3_entry,0.7978563373093712,p_drive,72,13,0.18055555555555555,0.7845157963603527,0.726516380721805,0.9169610344028944
all_pairs,drive,p_intrinsic,0.0333333333333333,isi,WT_exit,0.1358293233470019,p_drive,72,40,0.5555555555555556,0.35577748989217073,0.0,0.5882016306453215
all_pairs,drive,p_intrinsic,0.0333333333333333,isi,balance,0.5,p_drive,72,23,0.3194444444444444,0.5623209177399126,0.17127796196840353,0.6706813647709018
all_pairs,drive,p_intrinsic,0.0666666666666666,active,SCA3_entry,0.6832817402871161,p_drive,72,20,0.2777777777777778,0.6708263580893408,0.0,0.7633213666930556
all_pairs,drive,p_intrinsic,0.0666666666666666,active,WT_exit,0.1483293470542087,p_drive,72,40,0.5555555555555556,0.4175663263015673,0.0,0.640320252167641
all_pairs,drive,p_intrinsic,0.0666666666666666,active,balance,0.5,p_drive,72,22,0.3055555555555556,0.6120433775776939,0.1044333060098328,0.6965726805635006
all_pairs,drive,p_intrinsic,0.0666666666666666,isi,SCA3_entry,0.7978563373093712,p_drive,72,12,0.16666666666666666,0.7874281327414541,0.7204360102558094,0.8128384333041028
all_pairs,drive,p_intrinsic,0.0666666666666666,isi,WT_exit,0.1358293233470019,p_drive,72,44,0.6111111111111112,0.35651935041113364,0.0,0.5353127365081696
all_pairs,drive,p_intrinsic,0.0666666666666666,isi,balance,0.5,p_drive,72,23,0.3194444444444444,0.5746326620109402,0.3638513232029238,0.7416968463142846
all_pairs,drive,p_intrinsic,0.1,active,SCA3_entry,0.6832817402871161,p_drive,72,21,0.2916666666666667,0.6836671266587587,0.0,0.7582568463967884
all_pairs,drive,p_intrinsic,0.1,active,WT_exit,0.1483293470542087,p_drive,72,43,0.5972222222222222,0.26963758060565113,0.0,0.5679493681090668
all_pairs,drive,p_intrinsic,0.1,active,balance,0.5,p_drive,72,24,0.3333333333333333,0.6174914685574313,0.30589788457573974,0.726564085285082
all_pairs,drive,p_intrinsic,0.1,isi,SCA3_entry,0.7978563373093712,p_drive,72,14,0.19444444444444445,0.7718480565252843,0.69760819351682,0.8189591443755799
all_pairs,drive,p_intrinsic,0.1,isi,WT_exit,0.1358293233470019,p_drive,72,44,0.6111111111111112,0.23045003161436944,0.0,0.46864976707901385
all_pairs,drive,p_intrinsic,0.1,isi,balance,0.5,p_drive,72,25,0.3472222222222222,0.586128686134552,0.38383188190825035,0.7330035865235224
all_pairs,drive,p_intrinsic,0.1333333333333333,active,SCA3_entry,0.6832817402871161,p_drive,72,21,0.2916666666666667,0.6711735701989527,0.0,0.7673450807327807
all_pairs,drive,p_intrinsic,0.1333333333333333,active,WT_exit,0.1483293470542087,p_drive,72,45,0.625,0.1862995406773694,0.0,0.5415218708363484
all_pairs,drive,p_intrinsic,0.1333333333333333,active,balance,0.5,p_drive,72,27,0.375,0.6090920382909875,0.0,0.7358703108499123
all_pairs,drive,p_intrinsic,0.1333333333333333,isi,SCA3_entry,0.7978563373093712,p_drive,72,16,0.2222222222222222,0.7695615010326224,0.689961418995023,0.8319563037915189
all_pairs,drive,p_intrinsic,0.1333333333333333,isi,WT_exit,0.1358293233470019,p_drive,72,45,0.625,0.14428273986892834,0.0,0.44011095964309327
all_pairs,drive,p_intrinsic,0.1333333333333333,isi,balance,0.5,p_drive,72,26,0.3611111111111111,0.6120304781080879,0.3872136101200815,0.7779188619169112
all_pairs,drive,p_intrinsic,0.1666666666666666,active,SCA3_entry,0.6832817402871161,p_drive,72,24,0.3333333333333333,0.662408406204118,0.0,0.7590211857877469
all_pairs,drive,p_intrinsic,0.1666666666666666,active,WT_exit,0.1483293470542087,p_drive,72,49,0.6805555555555556,0.13329599688411972,0.0,0.4905159363996048
all_pairs,drive,p_intrinsic,0.1666666666666666,active,balance,0.5,p_drive,72,29,0.4027777777777778,0.5771178175355858,0.0,0.7149236648181264
all_pairs,drive,p_intrinsic,0.1666666666666666,isi,SCA3_entry,0.7978563373093712,p_drive,72,17,0.2361111111111111,0.7892517643438848,0.713331861394881,0.8299011778026228
all_pairs,drive,p_intrinsic,0.1666666666666666,isi,WT_exit,0.1358293233470019,p_drive,72,46,0.6388888888888888,0.14230814474767317,0.0,0.4176111678358495
all_pairs,drive,p_intrinsic,0.1666666666666666,isi,balance,0.5,p_drive,72,27,0.375,0.6289645167080317,0.4053137594579345,0.8146507444679876
all_pairs,drive,p_intrinsic,0.2,active,SCA3_entry,0.6832817402871161,p_drive,72,26,0.3611111111111111,0.648920889289964,0.0,0.7794065716723908
all_pairs,drive,p_intrinsic,0.2,active,WT_exit,0.1483293470542087,p_drive,72,50,0.6944444444444444,0.07301906757429469,0.0,0.47660825964952686
all_pairs,drive,p_intrinsic,0.2,active,balance,0.5,p_drive,72,30,0.4166666666666667,0.6013895701767418,0.0,0.7407313607805033
all_pairs,drive,p_intrinsic,0.2,isi,SCA3_entry,0.7978563373093712,p_drive,72,17,0.2361111111111111,0.7783158339600142,0.7287634149169172,0.8353115986492728
all_pairs,drive,p_intrinsic,0.2,isi,WT_exit,0.1358293233470019,p_drive,72,48,0.6666666666666666,0.2515430523193471,0.0,0.4072121385626427
all_pairs,drive,p_intrinsic,0.2,isi,balance,0.5,p_drive,72,27,0.375,0.6337667655106366,0.40843159108202237,0.7927713131150209
all_pairs,drive,p_intrinsic,0.2333333333333333,active,SCA3_entry,0.6832817402871161,p_drive,72,27,0.375,0.6492525934101103,0.0,0.7906296445167592
all_pairs,drive,p_intrinsic,0.2333333333333333,active,WT_exit,0.1483293470542087,p_drive,72,55,0.7638888888888888,0.0,0.0,0.4780764131173235
all_pairs,drive,p_intrinsic,0.2333333333333333,active,balance,0.5,p_drive,72,35,0.4861111111111111,0.5691370465792029,0.0,0.7116165429757477
all_pairs,drive,p_intrinsic,0.2333333333333333,isi,SCA3_entry,0.7978563373093712,p_drive,72,17,0.2361111111111111,0.7569913132646641,0.6912074933108449,0.8278493454837965
all_pairs,drive,p_intrinsic,0.2333333333333333,isi,WT_exit,0.1358293233470019,p_drive,72,54,0.75,0.15688408046103747,0.0,0.4134852692249624
all_pairs,drive,p_intrinsic,0.2333333333333333,isi,balance,0.5,p_drive,72,27,0.375,0.6384550301771013,0.40967973099421673,0.7273260190516563
all_pairs,drive,p_intrinsic,0.2666666666666666,active,SCA3_entry,0.6832817402871161,p_drive,72,28,0.3888888888888889,0.6446131074608956,0.0,0.8032454248563068
all_pairs,drive,p_intrinsic,0.2666666666666666,active,WT_exit,0.1483293470542087,p_drive,72,56,0.7777777777777778,0.0,0.0,0.43418972085463975
all_pairs,drive,p_intrinsic,0.2666666666666666,active,balance,0.5,p_drive,72,38,0.5277777777777778,0.5441835517112432,0.0,0.72485672058979
all_pairs,drive,p_intrinsic,0.2666666666666666,isi,SCA3_entry,0.7978563373093712,p_drive,72,17,0.2361111111111111,0.7825948918103749,0.6973934580873541,0.8388814938682034
all_pairs,drive,p_intrinsic,0.2666666666666666,isi,WT_exit,0.1358293233470019,p_drive,72,54,0.75,0.19860999417525155,0.0,0.4172194739235469
all_pairs,drive,p_intrinsic,0.2666666666666666,isi,balance,0.5,p_drive,72,27,0.375,0.6415890028024321,0.4425520601307456,0.7156328176198137
all_pairs,drive,p_intrinsic,0.3,active,SCA3_entry,0.6832817402871161,p_drive,72,32,0.4444444444444444,0.6403127986241908,0.0,0.7865641086722803
all_pairs,drive,p_intrinsic,0.3,active,WT_exit,0.1483293470542087,p_drive,72,59,0.8194444444444444,0.0,0.0,0.4329947381050651
all_pairs,drive,p_intrinsic,0.3,active,balance,0.5,p_drive,72,40,0.5555555555555556,0.4820229141592935,0.0,0.729710763553721
all_pairs,drive,p_intrinsic,0.3,isi,SCA3_entry,0.7978563373093712,p_drive,72,19,0.2638888888888889,0.7894867742667772,0.6886002568274261,0.8538709649376671
all_pairs,drive,p_intrinsic,0.3,isi,WT_exit,0.1358293233470019,p_drive,72,57,0.7916666666666666,0.2097060824789237,0.0,0.4356185192983791
all_pairs,drive,p_intrinsic,0.3,isi,balance,0.5,p_drive,72,29,0.4027777777777778,0.6469314664270254,0.4816370789827137,0.7430200304056237
all_pairs,drive,p_intrinsic,0.3333333333333333,active,SCA3_entry,0.6832817402871161,p_drive,72,33,0.4583333333333333,0.6350639475183913,0.0,0.8053756666941332
all_pairs,drive,p_intrinsic,0.3333333333333333,active,WT_exit,0.1483293470542087,p_drive,72,61,0.8472222222222222,0.0,0.0,0.4256887187086791
all_pairs,drive,p_intrinsic,0.3333333333333333,active,balance,0.5,p_drive,72,43,0.5972222222222222,0.5150218425025385,0.0,0.7374107959973011
all_pairs,drive,p_intrinsic,0.3333333333333333,isi,SCA3_entry,0.7978563373093712,p_drive,72,21,0.2916666666666667,0.7976860710116894,0.6952427438115806,0.8743386832651483
all_pairs,drive,p_intrinsic,0.3333333333333333,isi,WT_exit,0.1358293233470019,p_drive,72,62,0.8611111111111112,0.2151010008119026,0.0,0.422184586541297
all_pairs,drive,p_intrinsic,0.3333333333333333,isi,balance,0.5,p_drive,72,30,0.4166666666666667,0.6522635271463134,0.4424549696796284,0.7458339359370502
all_pairs,drive,p_intrinsic,0.3666666666666666,active,SCA3_entry,0.6832817402871161,p_drive,72,37,0.5138888888888888,0.5731387467506227,0.0,0.7947017365057708
all_pairs,drive,p_intrinsic,0.3666666666666666,active,WT_exit,0.1483293470542087,p_drive,72,64,0.8888888888888888,0.0,0.0,0.4474365942857017
all_pairs,drive,p_intrinsic,0.3666666666666666,active,balance,0.5,p_drive,72,44,0.6111111111111112,0.47597412346888385,0.0,0.6816925068089766
all_pairs,drive,p_intrinsic,0.3666666666666666,isi,SCA3_entry,0.7978563373093712,p_drive,72,19,0.2638888888888889,0.782565775569938,0.6350547749784708,0.8897857638402756
all_pairs,drive,p_intrinsic,0.3666666666666666,isi,WT_exit,0.1358293233470019,p_drive,72,63,0.875,0.2482370456159436,0.0,0.41197718692805463
all_pairs,drive,p_intrinsic,0.3666666666666666,isi,balance,0.5,p_drive,72,31,0.4305555555555556,0.6187301811736208,0.4445157278223846,0.7462381134088394
all_pairs,drive,p_intrinsic,0.4,active,SCA3_entry,0.6832817402871161,p_drive,72,39,0.5416666666666666,0.53875707777555,0.0,0.790884438381104
all_pairs,drive,p_intrinsic,0.4,active,WT_exit,0.1483293470542087,p_drive,72,66,0.9166666666666666,0.0,0.0,0.4508522289819366
all_pairs,drive,p_intrinsic,0.4,active,balance,0.5,p_drive,72,48,0.6666666666666666,0.4023089185761032,0.0,0.6827189509800202
all_pairs,drive,p_intrinsic,0.4,isi,SCA3_entry,0.7978563373093712,p_drive,72,18,0.25,0.7670522306726979,0.6068407970132275,0.8899584056252445
all_pairs,drive,p_intrinsic,0.4,isi,WT_exit,0.1358293233470019,p_drive,72,65,0.9027777777777778,0.20828981606301294,0.0,0.43219368053187124
all_pairs,drive,p_intrinsic,0.4,isi,balance,0.5,p_drive,72,33,0.4583333333333333,0.628112888886957,0.43807422208408425,0.7536028956204341
all_pairs,drive,p_intrinsic,0.4333333333333333,active,SCA3_entry,0.6832817402871161,p_drive,72,42,0.5833333333333334,0.48258841564349064,0.0,0.7481614785370043
all_pairs,drive,p_intrinsic,0.4333333333333333,active,WT_exit,0.1483293470542087,p_drive,72,66,0.9166666666666666,0.0,0.0,0.44652780132579106
all_pairs,drive,p_intrinsic,0.4333333333333333,active,balance,0.5,p_drive,72,51,0.7083333333333334,0.3073357538451388,0.0,0.6935644004653089
all_pairs,drive,p_intrinsic,0.4333333333333333,isi,SCA3_entry,0.7978563373093712,p_drive,72,21,0.2916666666666667,0.7724378998069998,0.6368842882969014,0.9104617905613733
all_pairs,drive,p_intrinsic,0.4333333333333333,isi,WT_exit,0.1358293233470019,p_drive,72,65,0.9027777777777778,0.22611880593263767,0.0,0.45282109831418754
all_pairs,drive,p_intrinsic,0.4333333333333333,isi,balance,0.5,p_drive,72,38,0.5277777777777778,0.5850322629333733,0.3471258514748234,0.7563574433679942
all_pairs,drive,p_intrinsic,0.4666666666666667,active,SCA3_entry,0.6832817402871161,p_drive,72,45,0.625,0.46352541316903245,0.0,0.7707423661042864
all_pairs,drive,p_intrinsic,0.4666666666666667,active,WT_exit,0.1483293470542087,p_drive,72,66,0.9166666666666666,0.0,0.0,0.44389463284813985
all_pairs,drive,p_intrinsic,0.4666666666666667,active,balance,0.5,p_drive,72,54,0.75,0.2990133818711963,0.0,0.7097180187219507
all_pairs,drive,p_intrinsic,0.4666666666666667,isi,SCA3_entry,0.7978563373093712,p_drive,72,20,0.2777777777777778,0.7657062673740831,0.6232993670231914,0.8750797745606688
all_pairs,drive,p_intrinsic,0.4666666666666667,isi,WT_exit,0.1358293233470019,p_drive,72,65,0.9027777777777778,0.24455607755663852,0.0,0.4771122708214703
all_pairs,drive,p_intrinsic,0.4666666666666667,isi,balance,0.5,p_drive,72,42,0.5833333333333334,0.6331546958136727,0.22251916884783854,0.7681356750368127
all_pairs,drive,p_intrinsic,0.5,active,SCA3_entry,0.6832817402871161,p_drive,72,47,0.6527777777777778,0.46167026207363826,0.0,0.7832892360688309
all_pairs,drive,p_intrinsic,0.5,active,WT_exit,0.1483293470542087,p_drive,72,67,0.9305555555555556,0.0,0.0,0.4565303703137538
all_pairs,drive,p_intrinsic,0.5,active,balance,0.5,p_drive,72,55,0.7638888888888888,0.11250664362495764,0.0,0.7110319739174427
all_pairs,drive,p_intrinsic,0.5,isi,SCA3_entry,0.7978563373093712,p_drive,72,21,0.2916666666666667,0.7408767971331068,0.4959611501986361,0.8662407237882283
all_pairs,drive,p_intrinsic,0.5,isi,WT_exit,0.1358293233470019,p_drive,72,66,0.9166666666666666,0.2734395082676846,0.0,0.4917659457090373
all_pairs,drive,p_intrinsic,0.5,isi,balance,0.5,p_drive,72,45,0.625,0.6736490459127095,0.12905897283041334,0.8029011530427762
all_pairs,drive,p_intrinsic,0.5333333333333333,active,SCA3_entry,0.6832817402871161,p_drive,72,49,0.6805555555555556,0.40304228765284084,0.0,0.7779971879844654
all_pairs,drive,p_intrinsic,0.5333333333333333,active,WT_exit,0.1483293470542087,p_drive,72,70,0.9722222222222222,0.0,0.0,0.47283143939956507
all_pairs,drive,p_intrinsic,0.5333333333333333,active,balance,0.5,p_drive,72,54,0.75,0.06313747554934185,0.0,0.6941327311324578
all_pairs,drive,p_intrinsic,0.5333333333333333,isi,SCA3_entry,0.7978563373093712,p_drive,72,20,0.2777777777777778,0.7792591832260571,0.40276034863521026,0.8530830530956292
all_pairs,drive,p_intrinsic,0.5333333333333333,isi,WT_exit,0.1358293233470019,p_drive,72,69,0.9583333333333334,0.22776729937780843,0.0,0.4966867344531678
all_pairs,drive,p_intrinsic,0.5333333333333333,isi,balance,0.5,p_drive,72,46,0.6388888888888888,0.661236884117553,0.033248080863938684,0.790630082005392
all_pairs,drive,p_intrinsic,0.5666666666666667,active,SCA3_entry,0.6832817402871161,p_drive,72,49,0.6805555555555556,0.4096563628015628,0.0,0.7816692313499277
all_pairs,drive,p_intrinsic,0.5666666666666667,active,WT_exit,0.1483293470542087,p_drive,72,70,0.9722222222222222,0.0,0.0,0.4908576719368858
all_pairs,drive,p_intrinsic,0.5666666666666667,active,balance,0.5,p_drive,72,55,0.7638888888888888,0.11242571493503105,0.0,0.6745540328810098
all_pairs,drive,p_intrinsic,0.5666666666666667,isi,SCA3_entry,0.7978563373093712,p_drive,72,23,0.3194444444444444,0.7432401809940551,0.014052804707435876,0.8648685603447162
all_pairs,drive,p_intrinsic,0.5666666666666667,isi,WT_exit,0.1358293233470019,p_drive,72,69,0.9583333333333334,0.2425909761592979,0.0,0.5034935153033511
all_pairs,drive,p_intrinsic,0.5666666666666667,isi,balance,0.5,p_drive,72,47,0.6527777777777778,0.6811258551008451,0.00788942746815163,0.7601980532932227
all_pairs,drive,p_intrinsic,0.6,active,SCA3_entry,0.6832817402871161,p_drive,72,49,0.6805555555555556,0.3521990666827413,0.0,0.7940549626049561
all_pairs,drive,p_intrinsic,0.6,active,WT_exit,0.1483293470542087,p_drive,72,71,0.9861111111111112,0.0,0.0,0.4954246648535882
all_pairs,drive,p_intrinsic,0.6,active,balance,0.5,p_drive,72,56,0.7777777777777778,0.15075954608376896,0.0,0.662157208593054
all_pairs,drive,p_intrinsic,0.6,isi,SCA3_entry,0.7978563373093712,p_drive,72,24,0.3333333333333333,0.7258294491659658,0.0,0.8638458997329311
all_pairs,drive,p_intrinsic,0.6,isi,WT_exit,0.1358293233470019,p_drive,72,71,0.9861111111111112,0.18441073717111425,0.0,0.4858239279661313
all_pairs,drive,p_intrinsic,0.6,isi,balance,0.5,p_drive,72,49,0.6805555555555556,0.5912895046709344,0.012685343728525858,0.7420800212462411
all_pairs,drive,p_intrinsic,0.6333333333333333,active,SCA3_entry,0.6832817402871161,p_drive,72,54,0.75,0.4661773531151403,0.0,0.8127227714806126
all_pairs,drive,p_intrinsic,0.6333333333333333,active,WT_exit,0.1483293470542087,p_drive,72,71,0.9861111111111112,0.0,0.0,0.4869877631514741
all_pairs,drive,p_intrinsic,0.6333333333333333,active,balance,0.5,p_drive,72,58,0.8055555555555556,0.27805885111658807,0.0,0.7012402757815608
all_pairs,drive,p_intrinsic,0.6333333333333333,isi,SCA3_entry,0.7978563373093712,p_drive,72,25,0.3472222222222222,0.7091613243051927,0.0,0.8623118268871165
all_pairs,drive,p_intrinsic,0.6333333333333333,isi,WT_exit,0.1358293233470019,p_drive,72,71,0.9861111111111112,0.1283048690267963,0.0,0.47072501994948285
all_pairs,drive,p_intrinsic,0.6333333333333333,isi,balance,0.5,p_drive,72,54,0.75,0.6513659280269442,0.04515945618062651,0.7330602138483486
all_pairs,drive,p_intrinsic,0.6666666666666666,active,SCA3_entry,0.6832817402871161,p_drive,72,54,0.75,0.4122486547352092,0.0,0.8189280722969006
all_pairs,drive,p_intrinsic,0.6666666666666666,active,WT_exit,0.1483293470542087,p_drive,72,71,0.9861111111111112,0.0,0.0,0.5123893497973764
all_pairs,drive,p_intrinsic,0.6666666666666666,active,balance,0.5,p_drive,72,59,0.8194444444444444,0.2662493031800428,0.0,0.6952998056050073
all_pairs,drive,p_intrinsic,0.6666666666666666,isi,SCA3_entry,0.7978563373093712,p_drive,72,26,0.3611111111111111,0.7483986032878566,0.0010989169735530176,0.8832560155424007
all_pairs,drive,p_intrinsic,0.6666666666666666,isi,WT_exit,0.1358293233470019,p_drive,72,71,0.9861111111111112,0.14248341897180042,0.0,0.48863100313141306
all_pairs,drive,p_intrinsic,0.6666666666666666,isi,balance,0.5,p_drive,72,56,0.7777777777777778,0.6630320231765428,0.08425924184733241,0.7353318216742093
all_pairs,drive,p_intrinsic,0.7,active,SCA3_entry,0.6832817402871161,p_drive,72,55,0.7638888888888888,0.42153667013680274,0.0,0.8213901384439377
all_pairs,drive,p_intrinsic,0.7,active,WT_exit,0.1483293470542087,p_drive,72,71,0.9861111111111112,0.0,0.0,0.5064526404473972
all_pairs,drive,p_intrinsic,0.7,active,balance,0.5,p_drive,72,59,0.8194444444444444,0.30127182478672326,0.0,0.7404430155484907
all_pairs,drive,p_intrinsic,0.7,isi,SCA3_entry,0.7978563373093712,p_drive,72,32,0.4444444444444444,0.8150447732569945,0.025435137601851267,0.9193686949369263
all_pairs,drive,p_intrinsic,0.7,isi,WT_exit,0.1358293233470019,p_drive,72,71,0.9861111111111112,0.1755279202473119,0.0,0.47717662310461745
all_pairs,drive,p_intrinsic,0.7,isi,balance,0.5,p_drive,72,62,0.8611111111111112,0.6708920783141192,0.21465956415063042,0.7256605965136396
all_pairs,drive,p_intrinsic,0.7333333333333333,active,SCA3_entry,0.6832817402871161,p_drive,72,55,0.7638888888888888,0.4608130756438193,0.0,0.7938916343293241
all_pairs,drive,p_intrinsic,0.7333333333333333,active,WT_exit,0.1483293470542087,p_drive,72,71,0.9861111111111112,0.0,0.0,0.5101769705548502
all_pairs,drive,p_intrinsic,0.7333333333333333,active,balance,0.5,p_drive,72,60,0.8333333333333334,0.33832457195194965,0.0,0.7483851427417431
all_pairs,drive,p_intrinsic,0.7333333333333333,isi,SCA3_entry,0.7978563373093712,p_drive,72,31,0.4305555555555556,0.8062315732470023,0.0333333333333333,0.8960109582020883
all_pairs,drive,p_intrinsic,0.7333333333333333,isi,WT_exit,0.1358293233470019,p_drive,72,71,0.9861111111111112,0.13942808498571088,0.0,0.47600229338695665
all_pairs,drive,p_intrinsic,0.7333333333333333,isi,balance,0.5,p_drive,72,63,0.875,0.6611070946064727,0.18060080025374647,0.7337359218253925
all_pairs,drive,p_intrinsic,0.7666666666666666,active,SCA3_entry,0.6832817402871161,p_drive,72,55,0.7638888888888888,0.5216537108837656,0.0,0.7962201663103976
all_pairs,drive,p_intrinsic,0.7666666666666666,active,WT_exit,0.1483293470542087,p_drive,72,72,1.0,0.0,0.0,0.5272349721051118
all_pairs,drive,p_intrinsic,0.7666666666666666,active,balance,0.5,p_drive,72,62,0.8611111111111112,0.4414224663218169,0.0,0.748870849578785
all_pairs,drive,p_intrinsic,0.7666666666666666,isi,SCA3_entry,0.7978563373093712,p_drive,72,30,0.4166666666666667,0.8055636004320451,0.04166666666666662,0.8889032646827139
all_pairs,drive,p_intrinsic,0.7666666666666666,isi,WT_exit,0.1358293233470019,p_drive,72,72,1.0,0.14566569362736942,0.0,0.48730307554071
all_pairs,drive,p_intrinsic,0.7666666666666666,isi,balance,0.5,p_drive,72,64,0.8888888888888888,0.6516566068425799,0.21292892989762804,0.7459645265449655
all_pairs,drive,p_intrinsic,0.8,active,SCA3_entry,0.6832817402871161,p_drive,72,56,0.7777777777777778,0.6164898311138622,0.0,0.8160151699115668
all_pairs,drive,p_intrinsic,0.8,active,WT_exit,0.1483293470542087,p_drive,72,72,1.0,0.0,0.0,0.5375158364011543
all_pairs,drive,p_intrinsic,0.8,active,balance,0.5,p_drive,72,62,0.8611111111111112,0.5114272171691872,0.0,0.753791795577033
all_pairs,drive,p_intrinsic,0.8,isi,SCA3_entry,0.7978563373093712,p_drive,72,32,0.4444444444444444,0.8009294518431316,0.0666666666666666,0.8942488801732664
all_pairs,drive,p_intrinsic,0.8,isi,WT_exit,0.1358293233470019,p_drive,72,72,1.0,0.14990001534857572,0.0,0.4750172203074912
all_pairs,drive,p_intrinsic,0.8,isi,balance,0.5,p_drive,72,65,0.9027777777777778,0.6607448981045555,0.2640741796472267,0.7538977900247271
all_pairs,drive,p_intrinsic,0.8333333333333334,active,SCA3_entry,0.6832817402871161,p_drive,72,57,0.7916666666666666,0.6604484689444599,0.0,0.8300586984059111
all_pairs,drive,p_intrinsic,0.8333333333333334,active,WT_exit,0.1483293470542087,p_drive,72,72,1.0,0.0,0.0,0.5344953830937543
all_pairs,drive,p_intrinsic,0.8333333333333334,active,balance,0.5,p_drive,72,64,0.8888888888888888,0.5818738370265534,0.0,0.7501525895690934
all_pairs,drive,p_intrinsic,0.8333333333333334,isi,SCA3_entry,0.7978563373093712,p_drive,72,36,0.5,0.8196500343943758,0.15275168698113914,0.892820741471155
all_pairs,drive,p_intrinsic,0.8333333333333334,isi,WT_exit,0.1358293233470019,p_drive,72,72,1.0,0.07808164189319325,0.0,0.5047275269181356
all_pairs,drive,p_intrinsic,0.8333333333333334,isi,balance,0.5,p_drive,72,65,0.9027777777777778,0.6548407952039258,0.3267326775714706,0.756555859830878
all_pairs,drive,p_intrinsic,0.8666666666666667,active,SCA3_entry,0.6832817402871161,p_drive,72,58,0.8055555555555556,0.704207399351784,0.0,0.8473548876785487
all_pairs,drive,p_intrinsic,0.8666666666666667,active,WT_exit,0.1483293470542087,p_drive,72,72,1.0,0.00873120198299037,0.0,0.5282446163853722
all_pairs,drive,p_intrinsic,0.8666666666666667,active,balance,0.5,p_drive,72,61,0.8472222222222222,0.4868515036331881,0.0,0.7377069440605014
all_pairs,drive,p_intrinsic,0.8666666666666667,isi,SCA3_entry,0.7978563373093712,p_drive,72,43,0.5972222222222222,0.8305207110921297,0.36550437745668063,0.9144345945828813
all_pairs,drive,p_intrinsic,0.8666666666666667,isi,WT_exit,0.1358293233470019,p_drive,72,72,1.0,0.1809640431220066,0.0,0.48693204949083563
all_pairs,drive,p_intrinsic,0.8666666666666667,isi,balance,0.5,p_drive,72,64,0.8888888888888888,0.6489064810235956,0.3382514488328359,0.757931615976741
all_pairs,drive,p_intrinsic,0.9,active,SCA3_entry,0.6832817402871161,p_drive,72,57,0.7916666666666666,0.7412592769982326,0.002329111396001316,0.8475045497782883
all_pairs,drive,p_intrinsic,0.9,active,WT_exit,0.1483293470542087,p_drive,72,72,1.0,0.03175710093948495,0.0,0.5279380203165939
all_pairs,drive,p_intrinsic,0.9,active,balance,0.5,p_drive,72,61,0.8472222222222222,0.5012466225936811,0.0,0.7390074469812129
all_pairs,drive,p_intrinsic,0.9,isi,SCA3_entry,0.7978563373093712,p_drive,72,41,0.5694444444444444,0.8071626758896194,0.21728174336292094,0.8841801199408319
all_pairs,drive,p_intrinsic,0.9,isi,WT_exit,0.1358293233470019,p_drive,72,72,1.0,0.1901235590235398,0.0,0.49929429577678053
all_pairs,drive,p_intrinsic,0.9,isi,balance,0.5,p_drive,72,62,0.8611111111111112,0.6402479674831358,0.1,0.7488325382939033
all_pairs,drive,p_intrinsic,0.9333333333333332,active,SCA3_entry,0.6832817402871161,p_drive,72,58,0.8055555555555556,0.8001611083563145,0.01685916180833272,0.8768500466384945
all_pairs,drive,p_intrinsic,0.9333333333333332,active,WT_exit,0.1483293470542087,p_drive,72,71,0.9861111111111112,0.040864775487162955,0.0,0.5243763613328858
all_pairs,drive,p_intrinsic,0.9333333333333332,active,balance,0.5,p_drive,72,62,0.8611111111111112,0.48685651861950696,0.0,0.7694333479383908
all_pairs,drive,p_intrinsic,0.9333333333333332,isi,SCA3_entry,0.7978563373093712,p_drive,72,44,0.6111111111111112,0.8267441272556308,0.4667616526525228,0.9048648520150588
all_pairs,drive,p_intrinsic,0.9333333333333332,isi,WT_exit,0.1358293233470019,p_drive,72,72,1.0,0.2742485513545759,0.0,0.5043946931438842
all_pairs,drive,p_intrinsic,0.9333333333333332,isi,balance,0.5,p_drive,72,62,0.8611111111111112,0.6405620282839601,0.19707517518007803,0.7430464690349587
all_pairs,drive,p_intrinsic,0.9666666666666668,active,SCA3_entry,0.6832817402871161,p_drive,72,57,0.7916666666666666,0.8212202513176807,0.05297545331879208,0.8819268866149528
all_pairs,drive,p_intrinsic,0.9666666666666668,active,WT_exit,0.1483293470542087,p_drive,72,71,0.9861111111111112,0.0666666666666666,0.0,0.5388394522124296
all_pairs,drive,p_intrinsic,0.9666666666666668,active,balance,0.5,p_drive,72,61,0.8472222222222222,0.6171168906737635,0.04782534207691256,0.7901287767492459
all_pairs,drive,p_intrinsic,0.9666666666666668,isi,SCA3_entry,0.7978563373093712,p_drive,72,39,0.5416666666666666,0.806852904481792,0.49701209237766897,0.8812714062779874
all_pairs,drive,p_intrinsic,0.9666666666666668,isi,WT_exit,0.1358293233470019,p_drive,72,72,1.0,0.28699241039059864,0.0,0.5031316863012308
all_pairs,drive,p_intrinsic,0.9666666666666668,isi,balance,0.5,p_drive,72,61,0.8472222222222222,0.6647546358859693,0.2085723669351855,0.7679498679470911
all_pairs,drive,p_intrinsic,1.0,active,SCA3_entry,0.6832817402871161,p_drive,72,52,0.7222222222222222,0.7181887343924878,0.09210639065894455,0.8726742655023504
all_pairs,drive,p_intrinsic,1.0,active,WT_exit,0.1483293470542087,p_drive,72,72,1.0,0.16110295469984642,0.0,0.5688234755820053
all_pairs,drive,p_intrinsic,1.0,active,balance,0.5,p_drive,72,62,0.8611111111111112,0.6146025946780099,0.0666666666666666,0.7883622090936785
all_pairs,drive,p_intrinsic,1.0,isi,SCA3_entry,0.7978563373093712,p_drive,72,38,0.5277777777777778,0.8300794935626142,0.6340571391736854,0.8798972999700001
all_pairs,drive,p_intrinsic,1.0,isi,WT_exit,0.1358293233470019,p_drive,72,72,1.0,0.3348165910338927,0.0,0.5321676528607071
all_pairs,drive,p_intrinsic,1.0,isi,balance,0.5,p_drive,72,61,0.8472222222222222,0.6937544365784943,0.2558410386246592,0.7538705272350121
all_pairs,intrinsic,p_drive,0.0,active,SCA3_entry,0.6832817402871161,p_intrinsic,72,32,0.4444444444444444,0.31218273900947724,0.15623099142140068,0.46429464964763273
all_pairs,intrinsic,p_drive,0.0,active,WT_exit,0.1483293470542087,p_intrinsic,72,53,0.7361111111111112,0.14027467707085636,0.01479595227302166,0.3148588935172709
all_pairs,intrinsic,p_drive,0.0,active,balance,0.5,p_intrinsic,72,40,0.5555555555555556,0.33187871456156975,0.14828337518796708,0.49419417100160806
all_pairs,intrinsic,p_drive,0.0,isi,SCA3_entry,0.7978563373093712,p_intrinsic,72,14,0.19444444444444445,0.517715104280863,0.45938553426659157,0.6088786665142129
all_pairs,intrinsic,p_drive,0.0,isi,WT_exit,0.1358293233470019,p_intrinsic,72,43,0.5972222222222222,0.20266615239343988,0.0,0.45140798221307155
all_pairs,intrinsic,p_drive,0.0,isi,balance,0.5,p_intrinsic,72,20,0.2777777777777778,0.4191268185610819,0.0,0.5811739306477426
all_pairs,intrinsic,p_drive,0.0333333333333333,active,SCA3_entry,0.6832817402871161,p_intrinsic,72,30,0.4166666666666667,0.3209531493883475,0.16832369162038732,0.46450066005417046
all_pairs,intrinsic,p_drive,0.0333333333333333,active,WT_exit,0.1483293470542087,p_intrinsic,72,49,0.6805555555555556,0.18812406764081305,0.03431696555965694,0.34469830733203644
all_pairs,intrinsic,p_drive,0.0333333333333333,active,balance,0.5,p_intrinsic,72,39,0.5416666666666666,0.37346582465502837,0.178810963175452,0.4952109893196156
all_pairs,intrinsic,p_drive,0.0333333333333333,isi,SCA3_entry,0.7978563373093712,p_intrinsic,72,12,0.16666666666666666,0.5624659507388905,0.4459527061573148,0.6272103492226836
all_pairs,intrinsic,p_drive,0.0333333333333333,isi,WT_exit,0.1358293233470019,p_intrinsic,72,43,0.5972222222222222,0.21330625259507452,0.0,0.4516608758421309
all_pairs,intrinsic,p_drive,0.0333333333333333,isi,balance,0.5,p_intrinsic,72,19,0.2638888888888889,0.46022593548646296,0.003011924439572014,0.5541552681449898
all_pairs,intrinsic,p_drive,0.0666666666666666,active,SCA3_entry,0.6832817402871161,p_intrinsic,72,28,0.3888888888888889,0.36887880273623863,0.18150622707102104,0.48437481110993347
all_pairs,intrinsic,p_drive,0.0666666666666666,active,WT_exit,0.1483293470542087,p_intrinsic,72,48,0.6666666666666666,0.19851098040206078,0.046410226414778974,0.38287098334463576
all_pairs,intrinsic,p_drive,0.0666666666666666,active,balance,0.5,p_intrinsic,72,33,0.4583333333333333,0.3688726130655106,0.16985152079437577,0.4489117826659568
all_pairs,intrinsic,p_drive,0.0666666666666666,isi,SCA3_entry,0.7978563373093712,p_intrinsic,72,13,0.18055555555555555,0.6282942998571432,0.4267305189703131,0.6737489181900926
all_pairs,intrinsic,p_drive,0.0666666666666666,isi,WT_exit,0.1358293233470019,p_intrinsic,72,44,0.6111111111111112,0.27330610825883317,0.0,0.5066942840654374
all_pairs,intrinsic,p_drive,0.0666666666666666,isi,balance,0.5,p_intrinsic,72,16,0.2222222222222222,0.4835965442799117,0.02874512703163226,0.5457624440714639
all_pairs,intrinsic,p_drive,0.1,active,SCA3_entry,0.6832817402871161,p_intrinsic,72,28,0.3888888888888889,0.4003883120321466,0.21061215550588508,0.5022841111462957
all_pairs,intrinsic,p_drive,0.1,active,WT_exit,0.1483293470542087,p_intrinsic,72,47,0.6527777777777778,0.22433002651783604,0.06832201935328214,0.3930090729252288
all_pairs,intrinsic,p_drive,0.1,active,balance,0.5,p_intrinsic,72,31,0.4305555555555556,0.3609101439169707,0.19683075338723288,0.4886826054066647
all_pairs,intrinsic,p_drive,0.1,isi,SCA3_entry,0.7978563373093712,p_intrinsic,72,10,0.1388888888888889,0.647903594108727,0.4466151287563242,0.7093138335274949
all_pairs,intrinsic,p_drive,0.1,isi,WT_exit,0.1358293233470019,p_intrinsic,72,49,0.6805555555555556,0.316881154243376,0.0,0.529156992890559
all_pairs,intrinsic,p_drive,0.1,isi,balance,0.5,p_intrinsic,72,16,0.2222222222222222,0.5246494904855221,0.10863649348220536,0.6071050472714083
all_pairs,intrinsic,p_drive,0.1333333333333333,active,SCA3_entry,0.6832817402871161,p_intrinsic,72,27,0.375,0.4236199637891451,0.256389804206709,0.5270090350862575
all_pairs,intrinsic,p_drive,0.1333333333333333,active,WT_exit,0.1483293470542087,p_intrinsic,72,48,0.6666666666666666,0.24435679897596718,0.0895059394523533,0.429357877878847
all_pairs,intrinsic,p_drive,0.1333333333333333,active,balance,0.5,p_intrinsic,72,30,0.4166666666666667,0.39878015245095255,0.2241614426719766,0.45409240352583685
all_pairs,intrinsic,p_drive,0.1333333333333333,isi,SCA3_entry,0.7978563373093712,p_intrinsic,72,10,0.1388888888888889,0.6453631611178352,0.4258147743757708,0.782679657556965
all_pairs,intrinsic,p_drive,0.1333333333333333,isi,WT_exit,0.1358293233470019,p_intrinsic,72,49,0.6805555555555556,0.2614705732720952,0.0,0.5366932215261709
all_pairs,intrinsic,p_drive,0.1333333333333333,isi,balance,0.5,p_intrinsic,72,18,0.25,0.5397153752746116,0.09392816988106381,0.6087290772550311
all_pairs,intrinsic,p_drive,0.1666666666666666,active,SCA3_entry,0.6832817402871161,p_intrinsic,72,26,0.3611111111111111,0.4625873223949426,0.3185188361031589,0.5678885388804087
all_pairs,intrinsic,p_drive,0.1666666666666666,active,WT_exit,0.1483293470542087,p_intrinsic,72,46,0.6388888888888888,0.22137993592629213,0.08541952190600952,0.4292557797580576
all_pairs,intrinsic,p_drive,0.1666666666666666,active,balance,0.5,p_intrinsic,72,32,0.4444444444444444,0.40961461551450995,0.259348306981014,0.490507186636862
all_pairs,intrinsic,p_drive,0.1666666666666666,isi,SCA3_entry,0.7978563373093712,p_intrinsic,72,8,0.1111111111111111,0.5604952908812106,0.40193076646767995,0.7372781835841564
all_pairs,intrinsic,p_drive,0.1666666666666666,isi,WT_exit,0.1358293233470019,p_intrinsic,72,48,0.6666666666666666,0.20887288785316752,0.0,0.5192392869784089
all_pairs,intrinsic,p_drive,0.1666666666666666,isi,balance,0.5,p_intrinsic,72,17,0.2361111111111111,0.5921015967207047,0.032324146971781424,0.6443435368721776
all_pairs,intrinsic,p_drive,0.2,active,SCA3_entry,0.6832817402871161,p_intrinsic,72,27,0.375,0.4902705684402498,0.32474565163362135,0.6543055921012915
all_pairs,intrinsic,p_drive,0.2,active,WT_exit,0.1483293470542087,p_intrinsic,72,46,0.6388888888888888,0.2248211794667182,0.08820016692539005,0.4445992575474564
all_pairs,intrinsic,p_drive,0.2,active,balance,0.5,p_intrinsic,72,32,0.4444444444444444,0.43476997522547955,0.2883653271512112,0.5285793854320056
all_pairs,intrinsic,p_drive,0.2,isi,SCA3_entry,0.7978563373093712,p_intrinsic,72,8,0.1111111111111111,0.539542912623923,0.3524520493420643,0.7825446097194642
all_pairs,intrinsic,p_drive,0.2,isi,WT_exit,0.1358293233470019,p_intrinsic,72,48,0.6666666666666666,0.1819701320406356,0.0,0.508345208237057
all_pairs,intrinsic,p_drive,0.2,isi,balance,0.5,p_intrinsic,72,18,0.25,0.6176443703166453,0.16214051553905093,0.6771674162232164
all_pairs,intrinsic,p_drive,0.2333333333333333,active,SCA3_entry,0.6832817402871161,p_intrinsic,72,26,0.3611111111111111,0.5048317137468421,0.34246904012358576,0.7242493642486757
all_pairs,intrinsic,p_drive,0.2333333333333333,active,WT_exit,0.1483293470542087,p_intrinsic,72,44,0.6111111111111112,0.2354182914004198,0.08194048608900156,0.395768895410141
all_pairs,intrinsic,p_drive,0.2333333333333333,active,balance,0.5,p_intrinsic,72,31,0.4305555555555556,0.43387740435961475,0.2903386632805989,0.5192462830147662
all_pairs,intrinsic,p_drive,0.2333333333333333,isi,SCA3_entry,0.7978563373093712,p_intrinsic,72,8,0.1111111111111111,0.5591766117887107,0.40879069862040285,0.8075360015253421
all_pairs,intrinsic,p_drive,0.2333333333333333,isi,WT_exit,0.1358293233470019,p_intrinsic,72,48,0.6666666666666666,0.1885962956044644,0.0,0.4871946874129048
all_pairs,intrinsic,p_drive,0.2333333333333333,isi,balance,0.5,p_intrinsic,72,18,0.25,0.6470787176447185,0.15090890483841018,0.6923534662557541
all_pairs,intrinsic,p_drive,0.2666666666666666,active,SCA3_entry,0.6832817402871161,p_intrinsic,72,24,0.3333333333333333,0.5127014560951543,0.2671659588150356,0.6382838385327457
all_pairs,intrinsic,p_drive,0.2666666666666666,active,WT_exit,0.1483293470542087,p_intrinsic,72,46,0.6388888888888888,0.2222136296739604,0.10642742472622302,0.3889073055492399
all_pairs,intrinsic,p_drive,0.2666666666666666,active,balance,0.5,p_intrinsic,72,29,0.4027777777777778,0.4525822500751528,0.2953411226476731,0.5306214551370627
all_pairs,intrinsic,p_drive,0.2666666666666666,isi,SCA3_entry,0.7978563373093712,p_intrinsic,72,8,0.1111111111111111,0.5600138517468446,0.396398988176059,0.8139568697387171
all_pairs,intrinsic,p_drive,0.2666666666666666,isi,WT_exit,0.1358293233470019,p_intrinsic,72,48,0.6666666666666666,0.21765910214471684,0.0,0.4596087816588232
all_pairs,intrinsic,p_drive,0.2666666666666666,isi,balance,0.5,p_intrinsic,72,21,0.2916666666666667,0.6788932486476863,0.4000425269031537,0.7270002897729445
all_pairs,intrinsic,p_drive,0.3,active,SCA3_entry,0.6832817402871161,p_intrinsic,72,24,0.3333333333333333,0.5198302542023907,0.288221797805421,0.6693551964723481
all_pairs,intrinsic,p_drive,0.3,active,WT_exit,0.1483293470542087,p_intrinsic,72,48,0.6666666666666666,0.23902342966646234,0.05403370702739133,0.36786689575080994
all_pairs,intrinsic,p_drive,0.3,active,balance,0.5,p_intrinsic,72,29,0.4027777777777778,0.4731484221053712,0.3228975625545118,0.5478135841348443
all_pairs,intrinsic,p_drive,0.3,isi,SCA3_entry,0.7978563373093712,p_intrinsic,72,9,0.125,0.6172884149628205,0.41314994332434707,0.8028205718634844
all_pairs,intrinsic,p_drive,0.3,isi,WT_exit,0.1358293233470019,p_intrinsic,72,52,0.7222222222222222,0.24502226425494994,0.017401359677252537,0.4815541762807546
all_pairs,intrinsic,p_drive,0.3,isi,balance,0.5,p_intrinsic,72,21,0.2916666666666667,0.6795529494416606,0.35682746754963074,0.7321497826397775
all_pairs,intrinsic,p_drive,0.3333333333333333,active,SCA3_entry,0.6832817402871161,p_intrinsic,72,24,0.3333333333333333,0.5412139150220043,0.3101489819042046,0.7003971815477887
all_pairs,intrinsic,p_drive,0.3333333333333333,active,WT_exit,0.1483293470542087,p_intrinsic,72,49,0.6805555555555556,0.24575327808594527,0.062181304494496485,0.3706411874853078
all_pairs,intrinsic,p_drive,0.3333333333333333,active,balance,0.5,p_intrinsic,72,30,0.4166666666666667,0.46163420536835453,0.3536394428326597,0.5809819869484214
all_pairs,intrinsic,p_drive,0.3333333333333333,isi,SCA3_entry,0.7978563373093712,p_intrinsic,72,8,0.1111111111111111,0.5304889710672361,0.34962265378083585,0.6646824492525266
all_pairs,intrinsic,p_drive,0.3333333333333333,isi,WT_exit,0.1358293233470019,p_intrinsic,72,53,0.7361111111111112,0.1869097598636146,0.0,0.4406848024348167
all_pairs,intrinsic,p_drive,0.3333333333333333,isi,balance,0.5,p_intrinsic,72,22,0.3055555555555556,0.6509676637617858,0.3702908084160401,0.7588840026291208
all_pairs,intrinsic,p_drive,0.3666666666666666,active,SCA3_entry,0.6832817402871161,p_intrinsic,72,24,0.3333333333333333,0.5540397959095886,0.33181293650988186,0.7275539685703494
all_pairs,intrinsic,p_drive,0.3666666666666666,active,WT_exit,0.1483293470542087,p_intrinsic,72,48,0.6666666666666666,0.21637846383253462,0.09951273715659203,0.3727500948805338
all_pairs,intrinsic,p_drive,0.3666666666666666,active,balance,0.5,p_intrinsic,72,31,0.4305555555555556,0.47749145967665785,0.35848404116380894,0.61347836318033
all_pairs,intrinsic,p_drive,0.3666666666666666,isi,SCA3_entry,0.7978563373093712,p_intrinsic,72,8,0.1111111111111111,0.5176310658619061,0.3973320716478937,0.6727246286025802
all_pairs,intrinsic,p_drive,0.3666666666666666,isi,WT_exit,0.1358293233470019,p_intrinsic,72,57,0.7916666666666666,0.17350080357708977,0.0,0.43356809103822913
all_pairs,intrinsic,p_drive,0.3666666666666666,isi,balance,0.5,p_intrinsic,72,22,0.3055555555555556,0.5899832998129824,0.20307577733921423,0.7669216987294535
all_pairs,intrinsic,p_drive,0.4,active,SCA3_entry,0.6832817402871161,p_intrinsic,72,26,0.3611111111111111,0.5706019472901325,0.4635800003756462,0.6840455006592151
all_pairs,intrinsic,p_drive,0.4,active,WT_exit,0.1483293470542087,p_intrinsic,72,51,0.7083333333333334,0.21334220008511406,0.12880706991716218,0.39219989194617555
all_pairs,intrinsic,p_drive,0.4,active,balance,0.5,p_intrinsic,72,33,0.4583333333333333,0.5093796633629568,0.3905491253607069,0.5858849696768728
all_pairs,intrinsic,p_drive,0.4,isi,SCA3_entry,0.7978563373093712,p_intrinsic,72,8,0.1111111111111111,0.5740104115176994,0.4460804032440997,0.7090448945328763
all_pairs,intrinsic,p_drive,0.4,isi,WT_exit,0.1358293233470019,p_intrinsic,72,60,0.8333333333333334,0.1751803332987174,0.0,0.3622327442941034
all_pairs,intrinsic,p_drive,0.4,isi,balance,0.5,p_intrinsic,72,23,0.3194444444444444,0.5606958501036826,0.11597496189025314,0.7664139096933582
all_pairs,intrinsic,p_drive,0.4333333333333333,active,SCA3_entry,0.6832817402871161,p_intrinsic,72,27,0.375,0.5764263485350852,0.4005290236847898,0.6515433358158731
all_pairs,intrinsic,p_drive,0.4333333333333333,active,WT_exit,0.1483293470542087,p_intrinsic,72,54,0.75,0.198047018927967,0.09049983442885398,0.3923436586601746
all_pairs,intrinsic,p_drive,0.4333333333333333,active,balance,0.5,p_intrinsic,72,35,0.4861111111111111,0.4999141202664734,0.295336920760783,0.5807669466775234
all_pairs,intrinsic,p_drive,0.4333333333333333,isi,SCA3_entry,0.7978563373093712,p_intrinsic,72,8,0.1111111111111111,0.6021179184554998,0.5052221122376246,0.7172647901518019
all_pairs,intrinsic,p_drive,0.4333333333333333,isi,WT_exit,0.1358293233470019,p_intrinsic,72,65,0.9027777777777778,0.15880490458702728,0.0,0.35854556685807903
all_pairs,intrinsic,p_drive,0.4333333333333333,isi,balance,0.5,p_intrinsic,72,25,0.3472222222222222,0.5691611018073373,0.1279924390649999,0.7683187579191283
all_pairs,intrinsic,p_drive,0.4666666666666667,active,SCA3_entry,0.6832817402871161,p_intrinsic,72,29,0.4027777777777778,0.5327878778736318,0.42694890826258375,0.6458598006821057
all_pairs,intrinsic,p_drive,0.4666666666666667,active,WT_exit,0.1483293470542087,p_intrinsic,72,59,0.8194444444444444,0.21784100012877203,0.0038692968096420075,0.39152996421496955
all_pairs,intrinsic,p_drive,0.4666666666666667,active,balance,0.5,p_intrinsic,72,36,0.5,0.4604647678072179,0.30370728551142856,0.6018574506567541
all_pairs,intrinsic,p_drive,0.4666666666666667,isi,SCA3_entry,0.7978563373093712,p_intrinsic,72,8,0.1111111111111111,0.6275550110795255,0.5194527436023757,0.7157048528933733
all_pairs,intrinsic,p_drive,0.4666666666666667,isi,WT_exit,0.1358293233470019,p_intrinsic,72,67,0.9305555555555556,0.15433666691390022,0.0,0.36547641989114565
all_pairs,intrinsic,p_drive,0.4666666666666667,isi,balance,0.5,p_intrinsic,72,26,0.3611111111111111,0.5366204273441807,0.140475831323875,0.7736512212236006
all_pairs,intrinsic,p_drive,0.5,active,SCA3_entry,0.6832817402871161,p_intrinsic,72,29,0.4027777777777778,0.5476232073315138,0.4113246379429115,0.6836709777563658
all_pairs,intrinsic,p_drive,0.5,active,WT_exit,0.1483293470542087,p_intrinsic,72,65,0.9027777777777778,0.21824669384930817,0.011219736259318778,0.3901184676990834
all_pairs,intrinsic,p_drive,0.5,active,balance,0.5,p_intrinsic,72,38,0.5277777777777778,0.48366945294384545,0.29639065450316315,0.5904555740638666
all_pairs,intrinsic,p_drive,0.5,isi,SCA3_entry,0.7978563373093712,p_intrinsic,72,10,0.1388888888888889,0.633339882207591,0.4827250597014414,0.8061535152975642
all_pairs,intrinsic,p_drive,0.5,isi,WT_exit,0.1358293233470019,p_intrinsic,72,67,0.9305555555555556,0.15435877244232127,0.0,0.3728168577335458
all_pairs,intrinsic,p_drive,0.5,isi,balance,0.5,p_intrinsic,72,28,0.3888888888888889,0.5583447288594983,0.1427436387579626,0.7632325281188039
all_pairs,intrinsic,p_drive,0.5333333333333333,active,SCA3_entry,0.6832817402871161,p_intrinsic,72,30,0.4166666666666667,0.5536698732362884,0.3969529157962076,0.6813177236430937
all_pairs,intrinsic,p_drive,0.5333333333333333,active,WT_exit,0.1483293470542087,p_intrinsic,72,68,0.9444444444444444,0.19781154264126402,0.0,0.3872623826708096
all_pairs,intrinsic,p_drive,0.5333333333333333,active,balance,0.5,p_intrinsic,72,39,0.5416666666666666,0.49329267126852305,0.2844023792230892,0.5969204216910556
all_pairs,intrinsic,p_drive,0.5333333333333333,isi,SCA3_entry,0.7978563373093712,p_intrinsic,72,10,0.1388888888888889,0.6591294498284398,0.398487492116943,0.8198059730136844
all_pairs,intrinsic,p_drive,0.5333333333333333,isi,WT_exit,0.1358293233470019,p_intrinsic,72,70,0.9722222222222222,0.15497767864223252,0.0,0.3890313129058463
all_pairs,intrinsic,p_drive,0.5333333333333333,isi,balance,0.5,p_intrinsic,72,31,0.4305555555555556,0.5937180874635918,0.13852510694132414,0.7712099313224409
all_pairs,intrinsic,p_drive,0.5666666666666667,active,SCA3_entry,0.6832817402871161,p_intrinsic,72,32,0.4444444444444444,0.5732278242110207,0.36302298562830165,0.6978369399946737
all_pairs,intrinsic,p_drive,0.5666666666666667,active,WT_exit,0.1483293470542087,p_intrinsic,72,69,0.9583333333333334,0.2044115254704843,0.0,0.39473044144620795
all_pairs,intrinsic,p_drive,0.5666666666666667,active,balance,0.5,p_intrinsic,72,42,0.5833333333333334,0.492476971373025,0.27218421037089296,0.5976364321858502
all_pairs,intrinsic,p_drive,0.5666666666666667,isi,SCA3_entry,0.7978563373093712,p_intrinsic,72,10,0.1388888888888889,0.6671156853176433,0.41619936762203147,0.8181625523504558
all_pairs,intrinsic,p_drive,0.5666666666666667,isi,WT_exit,0.1358293233470019,p_intrinsic,72,70,0.9722222222222222,0.15050574171886025,0.0,0.3738049137991668
all_pairs,intrinsic,p_drive,0.5666666666666667,isi,balance,0.5,p_intrinsic,72,38,0.5277777777777778,0.6046925453457436,0.15380626014263754,0.7543658528807606
all_pairs,intrinsic,p_drive,0.6,active,SCA3_entry,0.6832817402871161,p_intrinsic,72,32,0.4444444444444444,0.5195020020165173,0.33564854131969857,0.705802986579061
all_pairs,intrinsic,p_drive,0.6,active,WT_exit,0.1483293470542087,p_intrinsic,72,69,0.9583333333333334,0.18769974155931485,0.0,0.4007928090403228
all_pairs,intrinsic,p_drive,0.6,active,balance,0.5,p_intrinsic,72,45,0.625,0.49106784037662515,0.13959442738499153,0.58924962730323
all_pairs,intrinsic,p_drive,0.6,isi,SCA3_entry,0.7978563373093712,p_intrinsic,72,12,0.16666666666666666,0.6881513476898637,0.3567935245743691,0.8189344340775748
all_pairs,intrinsic,p_drive,0.6,isi,WT_exit,0.1358293233470019,p_intrinsic,72,71,0.9861111111111112,0.15261643632174818,0.0,0.3886123795143599
all_pairs,intrinsic,p_drive,0.6,isi,balance,0.5,p_intrinsic,72,44,0.6111111111111112,0.5696157528093863,0.18715496893627465,0.7369558494936697
all_pairs,intrinsic,p_drive,0.6333333333333333,active,SCA3_entry,0.6832817402871161,p_intrinsic,72,37,0.5138888888888888,0.4916905665158944,0.31673490474977267,0.720108342747792
all_pairs,intrinsic,p_drive,0.6333333333333333,active,WT_exit,0.1483293470542087,p_intrinsic,72,69,0.9583333333333334,0.1871311560811309,0.0,0.4037838767631818
all_pairs,intrinsic,p_drive,0.6333333333333333,active,balance,0.5,p_intrinsic,72,47,0.6527777777777778,0.3882230080626616,0.0,0.6028344205043773
all_pairs,intrinsic,p_drive,0.6333333333333333,isi,SCA3_entry,0.7978563373093712,p_intrinsic,72,13,0.18055555555555555,0.7067367310216344,0.4679018347740166,0.8223684619640824
all_pairs,intrinsic,p_drive,0.6333333333333333,isi,WT_exit,0.1358293233470019,p_intrinsic,72,71,0.9861111111111112,0.137757530320458,0.0,0.3764911542457946
all_pairs,intrinsic,p_drive,0.6333333333333333,isi,balance,0.5,p_intrinsic,72,47,0.6527777777777778,0.5597870428025457,0.07216482222253909,0.7023519074360207
all_pairs,intrinsic,p_drive,0.6666666666666666,active,SCA3_entry,0.6832817402871161,p_intrinsic,72,39,0.5416666666666666,0.43280868323005284,0.15838269468638824,0.6933834071583638
all_pairs,intrinsic,p_drive,0.6666666666666666,active,WT_exit,0.1483293470542087,p_intrinsic,72,70,0.9722222222222222,0.18644321458983906,0.0,0.4171364136442102
all_pairs,intrinsic,p_drive,0.6666666666666666,active,balance,0.5,p_intrinsic,72,50,0.6944444444444444,0.3789602144973769,0.0,0.6078035967245294
all_pairs,intrinsic,p_drive,0.6666666666666666,isi,SCA3_entry,0.7978563373093712,p_intrinsic,72,15,0.20833333333333334,0.6919879799567036,0.3231579489540473,0.7994463945483752
all_pairs,intrinsic,p_drive,0.6666666666666666,isi,WT_exit,0.1358293233470019,p_intrinsic,72,71,0.9861111111111112,0.12095290055345756,0.0,0.37690654740413515
all_pairs,intrinsic,p_drive,0.6666666666666666,isi,balance,0.5,p_intrinsic,72,51,0.7083333333333334,0.5805104898503278,0.07747993182360102,0.698541180111269
all_pairs,intrinsic,p_drive,0.7,active,SCA3_entry,0.6832817402871161,p_intrinsic,72,41,0.5694444444444444,0.4227275868519171,0.07156351921976152,0.6984000013236589
all_pairs,intrinsic,p_drive,0.7,active,WT_exit,0.1483293470542087,p_intrinsic,72,71,0.9861111111111112,0.1781957735910727,0.0,0.419924851572554
all_pairs,intrinsic,p_drive,0.7,active,balance,0.5,p_intrinsic,72,52,0.7222222222222222,0.45028126047355505,0.0,0.6204506215950566
all_pairs,intrinsic,p_drive,0.7,isi,SCA3_entry,0.7978563373093712,p_intrinsic,72,19,0.2638888888888889,0.6952850103508057,0.27135053867293324,0.8123090728747824
all_pairs,intrinsic,p_drive,0.7,isi,WT_exit,0.1358293233470019,p_intrinsic,72,71,0.9861111111111112,0.11961043136169733,0.0,0.38979979792348635
all_pairs,intrinsic,p_drive,0.7,isi,balance,0.5,p_intrinsic,72,55,0.7638888888888888,0.5908990381734605,0.08641112759059835,0.678124545053369
all_pairs,intrinsic,p_drive,0.7333333333333333,active,SCA3_entry,0.6832817402871161,p_intrinsic,72,44,0.6111111111111112,0.4291720416122823,0.08103197636275647,0.7059610176904513
all_pairs,intrinsic,p_drive,0.7333333333333333,active,WT_exit,0.1483293470542087,p_intrinsic,72,71,0.9861111111111112,0.18238341108238448,0.0,0.4284717823871087
all_pairs,intrinsic,p_drive,0.7333333333333333,active,balance,0.5,p_intrinsic,72,54,0.75,0.3905341364298802,0.0,0.624954415287765
all_pairs,intrinsic,p_drive,0.7333333333333333,isi,SCA3_entry,0.7978563373093712,p_intrinsic,72,23,0.3194444444444444,0.7224752555855481,0.2277101291353345,0.8332238136022481
all_pairs,intrinsic,p_drive,0.7333333333333333,isi,WT_exit,0.1358293233470019,p_intrinsic,72,71,0.9861111111111112,0.10812805979938889,0.0,0.3719921780900143
all_pairs,intrinsic,p_drive,0.7333333333333333,isi,balance,0.5,p_intrinsic,72,57,0.7916666666666666,0.5791598387917914,0.09991275773180991,0.6637232903674422
all_pairs,intrinsic,p_drive,0.7666666666666666,active,SCA3_entry,0.6832817402871161,p_intrinsic,72,43,0.5972222222222222,0.4172735211646408,0.0,0.6999526905517203
all_pairs,intrinsic,p_drive,0.7666666666666666,active,WT_exit,0.1483293470542087,p_intrinsic,72,72,1.0,0.17980484622741866,0.0,0.4383115043869475
all_pairs,intrinsic,p_drive,0.7666666666666666,active,balance,0.5,p_intrinsic,72,56,0.7777777777777778,0.4074279672846418,0.0,0.6212929751926843
all_pairs,intrinsic,p_drive,0.7666666666666666,isi,SCA3_entry,0.7978563373093712,p_intrinsic,72,25,0.3472222222222222,0.45262448245979947,0.12357872689125274,0.8247442501954518
all_pairs,intrinsic,p_drive,0.7666666666666666,isi,WT_exit,0.1358293233470019,p_intrinsic,72,72,1.0,0.12028963851825106,0.0,0.37690379697905585
all_pairs,intrinsic,p_drive,0.7666666666666666,isi,balance,0.5,p_intrinsic,72,61,0.8472222222222222,0.5813206955991634,0.20708407328696637,0.6730383126465246
all_pairs,intrinsic,p_drive,0.8,active,SCA3_entry,0.6832817402871161,p_intrinsic,72,46,0.6388888888888888,0.4176908623638039,0.0,0.7056702935185486
all_pairs,intrinsic,p_drive,0.8,active,WT_exit,0.1483293470542087,p_intrinsic,72,72,1.0,0.19619456233098456,0.0,0.43856228192769897
all_pairs,intrinsic,p_drive,0.8,active,balance,0.5,p_intrinsic,72,61,0.8472222222222222,0.44666135050998923,0.0,0.6281935050688345
all_pairs,intrinsic,p_drive,0.8,isi,SCA3_entry,0.7978563373093712,p_intrinsic,72,28,0.3888888888888889,0.597169569538469,0.04685761465544092,0.8210126442726653
all_pairs,intrinsic,p_drive,0.8,isi,WT_exit,0.1358293233470019,p_intrinsic,72,72,1.0,0.12573996573281,0.0,0.3688145952308088
all_pairs,intrinsic,p_drive,0.8,isi,balance,0.5,p_intrinsic,72,62,0.8611111111111112,0.568669261521846,0.12460059727600516,0.674641759699041
all_pairs,intrinsic,p_drive,0.8333333333333334,active,SCA3_entry,0.6832817402871161,p_intrinsic,72,50,0.6944444444444444,0.4284987831943484,0.0,0.6958969156700375
all_pairs,intrinsic,p_drive,0.8333333333333334,active,WT_exit,0.1483293470542087,p_intrinsic,72,72,1.0,0.20545109712182735,0.0,0.4326127665096993
all_pairs,intrinsic,p_drive,0.8333333333333334,active,balance,0.5,p_intrinsic,72,63,0.875,0.41862721626886096,0.00843852995180849,0.6238393005624983
all_pairs,intrinsic,p_drive,0.8333333333333334,isi,SCA3_entry,0.7978563373093712,p_intrinsic,72,31,0.4305555555555556,0.6829782799021742,0.0,0.8032322058736606
all_pairs,intrinsic,p_drive,0.8333333333333334,isi,WT_exit,0.1358293233470019,p_intrinsic,72,72,1.0,0.11425318201203512,0.0,0.37610800498934827
all_pairs,intrinsic,p_drive,0.8333333333333334,isi,balance,0.5,p_intrinsic,72,63,0.875,0.5490110364392371,0.13761856061473185,0.6598384769874024
all_pairs,intrinsic,p_drive,0.8666666666666667,active,SCA3_entry,0.6832817402871161,p_intrinsic,72,51,0.7083333333333334,0.44454135744129947,0.020348977826767072,0.702256144787677
all_pairs,intrinsic,p_drive,0.8666666666666667,active,WT_exit,0.1483293470542087,p_intrinsic,72,72,1.0,0.2355104467030953,0.0,0.45323929893140336
all_pairs,intrinsic,p_drive,0.8666666666666667,active,balance,0.5,p_intrinsic,72,64,0.8888888888888888,0.40518937852504466,0.02626500324674025,0.6474279289197713
all_pairs,intrinsic,p_drive,0.8666666666666667,isi,SCA3_entry,0.7978563373093712,p_intrinsic,72,34,0.4722222222222222,0.7261252871417978,0.034103565835501504,0.8287738233817488
all_pairs,intrinsic,p_drive,0.8666666666666667,isi,WT_exit,0.1358293233470019,p_intrinsic,72,72,1.0,0.10151081843003121,0.0,0.3974233585170982
all_pairs,intrinsic,p_drive,0.8666666666666667,isi,balance,0.5,p_intrinsic,72,64,0.8888888888888888,0.4753512601934263,0.10243654827100812,0.6806684429726743
all_pairs,intrinsic,p_drive,0.9,active,SCA3_entry,0.6832817402871161,p_intrinsic,72,54,0.75,0.4545607791434333,0.029452314409744523,0.7092642616585357
all_pairs,intrinsic,p_drive,0.9,active,WT_exit,0.1483293470542087,p_intrinsic,72,72,1.0,0.248474055551269,0.0,0.45602551322989154
all_pairs,intrinsic,p_drive,0.9,active,balance,0.5,p_intrinsic,72,64,0.8888888888888888,0.401147961555088,0.022691194968562322,0.6626482338993236
all_pairs,intrinsic,p_drive,0.9,isi,SCA3_entry,0.7978563373093712,p_intrinsic,72,38,0.5277777777777778,0.7032875014077872,0.04725952596852599,0.831961549572119
all_pairs,intrinsic,p_drive,0.9,isi,WT_exit,0.1358293233470019,p_intrinsic,72,72,1.0,0.09484907492462755,0.0,0.4127170663741544
all_pairs,intrinsic,p_drive,0.9,isi,balance,0.5,p_intrinsic,72,64,0.8888888888888888,0.4640318847811278,0.07001442269336186,0.692889857933525
all_pairs,intrinsic,p_drive,0.9333333333333332,active,SCA3_entry,0.6832817402871161,p_intrinsic,72,54,0.75,0.4328126801849509,0.003893605552421597,0.6821851290404872
all_pairs,intrinsic,p_drive,0.9333333333333332,active,WT_exit,0.1483293470542087,p_intrinsic,72,72,1.0,0.24721366640821352,0.0,0.4602509297111205
all_pairs,intrinsic,p_drive,0.9333333333333332,active,balance,0.5,p_intrinsic,72,63,0.875,0.36223058522500473,0.03404352122531203,0.6473062775275301
all_pairs,intrinsic,p_drive,0.9333333333333332,isi,SCA3_entry,0.7978563373093712,p_intrinsic,72,38,0.5277777777777778,0.6681791985785612,0.083660314699952,0.8416947676452651
all_pairs,intrinsic,p_drive,0.9333333333333332,isi,WT_exit,0.1358293233470019,p_intrinsic,72,72,1.0,0.10044823074000858,0.0,0.4296786199507121
all_pairs,intrinsic,p_drive,0.9333333333333332,isi,balance,0.5,p_intrinsic,72,65,0.9027777777777778,0.47735318309386915,0.0658007415423461,0.6950254880470149
all_pairs,intrinsic,p_drive,0.9666666666666668,active,SCA3_entry,0.6832817402871161,p_intrinsic,72,55,0.7638888888888888,0.40981074077405905,0.0,0.6938997988510198
all_pairs,intrinsic,p_drive,0.9666666666666668,active,WT_exit,0.1483293470542087,p_intrinsic,72,72,1.0,0.25169496408395226,0.0,0.46698036021220635
all_pairs,intrinsic,p_drive,0.9666666666666668,active,balance,0.5,p_intrinsic,72,63,0.875,0.3565245519925093,0.034936025667092654,0.670625615754427
all_pairs,intrinsic,p_drive,0.9666666666666668,isi,SCA3_entry,0.7978563373093712,p_intrinsic,72,36,0.5,0.6509038359722771,0.1027382543516022,0.8416483720203478
all_pairs,intrinsic,p_drive,0.9666666666666668,isi,WT_exit,0.1358293233470019,p_intrinsic,72,72,1.0,0.13354527491383195,0.0,0.4478100912864305
all_pairs,intrinsic,p_drive,0.9666666666666668,isi,balance,0.5,p_intrinsic,72,64,0.8888888888888888,0.4482026262705965,0.03419243439630419,0.6872904171775247
all_pairs,intrinsic,p_drive,1.0,active,SCA3_entry,0.6832817402871161,p_intrinsic,72,57,0.7916666666666666,0.42550088883041887,0.0,0.7423266458824527
all_pairs,intrinsic,p_drive,1.0,active,WT_exit,0.1483293470542087,p_intrinsic,72,72,1.0,0.26955252889932896,0.0,0.4794346020417776
all_pairs,intrinsic,p_drive,1.0,active,balance,0.5,p_intrinsic,72,63,0.875,0.3371935343257504,0.01923484820941507,0.6967773419328123
all_pairs,intrinsic,p_drive,1.0,isi,SCA3_entry,0.7978563373093712,p_intrinsic,72,39,0.5416666666666666,0.5911539179987229,0.04999999999999995,0.836605210242324
all_pairs,intrinsic,p_drive,1.0,isi,WT_exit,0.1358293233470019,p_intrinsic,72,72,1.0,0.14036703722246044,0.0,0.46123100261943756
all_pairs,intrinsic,p_drive,1.0,isi,balance,0.5,p_intrinsic,72,65,0.9027777777777778,0.40401320885568565,0.05910008592574645,0.7019582817619875
core_secure_pairs,drive,p_intrinsic,0.0,active,SCA3_entry,0.6832817402871161,p_drive,32,8,0.25,0.7410103932134035,0.6951689778969655,0.9280726396256185
core_secure_pairs,drive,p_intrinsic,0.0,active,WT_exit,0.1483293470542087,p_drive,32,13,0.40625,0.6166942038417424,0.442340298286163,0.7171283842312131
core_secure_pairs,drive,p_intrinsic,0.0,active,balance,0.5,p_drive,32,8,0.25,0.6515569281559963,0.6062167281004321,0.7204512902246832
core_secure_pairs,drive,p_intrinsic,0.0,isi,SCA3_entry,0.7978563373093712,p_drive,32,8,0.25,0.7745167373348618,0.7475137864385138,0.9694361120575669
core_secure_pairs,drive,p_intrinsic,0.0,isi,WT_exit,0.1358293233470019,p_drive,32,14,0.4375,0.5027477361050556,0.3563361354877329,0.645276953193783
core_secure_pairs,drive,p_intrinsic,0.0,isi,balance,0.5,p_drive,32,9,0.28125,0.6190355001497327,0.5838916621334586,0.8148831536466792
core_secure_pairs,drive,p_intrinsic,0.0333333333333333,active,SCA3_entry,0.6832817402871161,p_drive,32,8,0.25,0.7478893022109061,0.6967993394739446,0.8229486836516406
core_secure_pairs,drive,p_intrinsic,0.0333333333333333,active,WT_exit,0.1483293470542087,p_drive,32,14,0.4375,0.6377546520554586,0.44469717764742966,0.816560467804848
core_secure_pairs,drive,p_intrinsic,0.0333333333333333,active,balance,0.5,p_drive,32,8,0.25,0.6500016296124704,0.6038748174512434,0.7019003669129382
core_secure_pairs,drive,p_intrinsic,0.0333333333333333,isi,SCA3_entry,0.7978563373093712,p_drive,32,8,0.25,0.7813697229620751,0.7594579209970129,0.9318529865313084
core_secure_pairs,drive,p_intrinsic,0.0333333333333333,isi,WT_exit,0.1358293233470019,p_drive,32,16,0.5,0.42333941073108616,0.28872773987547046,0.6085937882064621
core_secure_pairs,drive,p_intrinsic,0.0333333333333333,isi,balance,0.5,p_drive,32,9,0.28125,0.6181475094627231,0.5623209177399126,0.8105830923512447
core_secure_pairs,drive,p_intrinsic,0.0666666666666666,active,SCA3_entry,0.6832817402871161,p_drive,32,8,0.25,0.7486256691644801,0.7034285861516186,0.8105356088356891
core_secure_pairs,drive,p_intrinsic,0.0666666666666666,active,WT_exit,0.1483293470542087,p_drive,32,17,0.53125,0.4885096977330558,0.2859000207591684,0.699849427091142
core_secure_pairs,drive,p_intrinsic,0.0666666666666666,active,balance,0.5,p_drive,32,8,0.25,0.6375561796843311,0.6150852626617597,0.7013650643894702
core_secure_pairs,drive,p_intrinsic,0.0666666666666666,isi,SCA3_entry,0.7978563373093712,p_drive,32,7,0.21875,0.7824346743207856,0.7560663516388527,0.7943273204672621
core_secure_pairs,drive,p_intrinsic,0.0666666666666666,isi,WT_exit,0.1358293233470019,p_drive,32,20,0.625,0.4265683850734868,0.08879555712037616,0.6465678994217083
core_secure_pairs,drive,p_intrinsic,0.0666666666666666,isi,balance,0.5,p_drive,32,10,0.3125,0.624152364505833,0.5735464333239342,0.8487705245911529
core_secure_pairs,drive,p_intrinsic,0.1,active,SCA3_entry,0.6832817402871161,p_drive,32,9,0.28125,0.739397830813087,0.7112144465742964,0.8122324910372108
core_secure_pairs,drive,p_intrinsic,0.1,active,WT_exit,0.1483293470542087,p_drive,32,19,0.59375,0.431090223031659,0.1679284309780235,0.61975210447661
core_secure_pairs,drive,p_intrinsic,0.1,active,balance,0.5,p_drive,32,9,0.28125,0.6484525162568131,0.6091261760632314,0.760777594444255
core_secure_pairs,drive,p_intrinsic,0.1,isi,SCA3_entry,0.7978563373093712,p_drive,32,7,0.21875,0.7748175377398436,0.7535852499897966,0.8014586641898676
core_secure_pairs,drive,p_intrinsic,0.1,isi,WT_exit,0.1358293233470019,p_drive,32,20,0.625,0.39064470331197343,0.06359505683184188,0.556447469190991
core_secure_pairs,drive,p_intrinsic,0.1,isi,balance,0.5,p_drive,32,10,0.3125,0.6255524864439013,0.5758410334159166,0.7832307108991372
core_secure_pairs,drive,p_intrinsic,0.1333333333333333,active,SCA3_entry,0.6832817402871161,p_drive,32,8,0.25,0.7297163573924239,0.6996027964577289,0.7774295915161423
core_secure_pairs,drive,p_intrinsic,0.1333333333333333,active,WT_exit,0.1483293470542087,p_drive,32,21,0.65625,0.4026525535831041,0.0,0.6009737200678869
core_secure_pairs,drive,p_intrinsic,0.1333333333333333,active,balance,0.5,p_drive,32,12,0.375,0.6342908311406792,0.5745504876462539,0.7716756906340799
core_secure_pairs,drive,p_intrinsic,0.1333333333333333,isi,SCA3_entry,0.7978563373093712,p_drive,32,7,0.21875,0.774379614508325,0.7523018855921676,0.8217612840245321
core_secure_pairs,drive,p_intrinsic,0.1333333333333333,isi,WT_exit,0.1358293233470019,p_drive,32,21,0.65625,0.36132904760564377,0.0671314233226272,0.4915224014786053
core_secure_pairs,drive,p_intrinsic,0.1333333333333333,isi,balance,0.5,p_drive,32,11,0.34375,0.6321418376952417,0.5856435837242583,0.8321537951924493
core_secure_pairs,drive,p_intrinsic,0.1666666666666666,active,SCA3_entry,0.6832817402871161,p_drive,32,9,0.28125,0.7208897422566088,0.6398480942223232,0.7436780101404011
core_secure_pairs,drive,p_intrinsic,0.1666666666666666,active,WT_exit,0.1483293470542087,p_drive,32,23,0.71875,0.26441776193396455,0.0,0.563682437510967
core_secure_pairs,drive,p_intrinsic,0.1666666666666666,active,balance,0.5,p_drive,32,13,0.40625,0.6243561329220889,0.5541370925486525,0.7502639698876663
core_secure_pairs,drive,p_intrinsic,0.1666666666666666,isi,SCA3_entry,0.7978563373093712,p_drive,32,8,0.25,0.7821297036788831,0.7522684107277952,0.8391327222390168
core_secure_pairs,drive,p_intrinsic,0.1666666666666666,isi,WT_exit,0.1358293233470019,p_drive,32,21,0.65625,0.36290304134516777,0.08044496311132557,0.4176958741272754
core_secure_pairs,drive,p_intrinsic,0.1666666666666666,isi,balance,0.5,p_drive,32,12,0.375,0.6790727854686407,0.6017776905356359,0.8721574888014603
core_secure_pairs,drive,p_intrinsic,0.2,active,SCA3_entry,0.6832817402871161,p_drive,32,10,0.3125,0.6928750958319431,0.6396247360009827,0.7447315596121149
core_secure_pairs,drive,p_intrinsic,0.2,active,WT_exit,0.1483293470542087,p_drive,32,23,0.71875,0.2620805497359779,0.0,0.5153805312358104
core_secure_pairs,drive,p_intrinsic,0.2,active,balance,0.5,p_drive,32,14,0.4375,0.6415747856066027,0.5574915584417075,0.7932248245295223
core_secure_pairs,drive,p_intrinsic,0.2,isi,SCA3_entry,0.7978563373093712,p_drive,32,8,0.25,0.7711770896423813,0.7478063283675,0.8337147319332461
core_secure_pairs,drive,p_intrinsic,0.2,isi,WT_exit,0.1358293233470019,p_drive,32,22,0.6875,0.35592880473186994,0.09156000548850973,0.4344514170015107
core_secure_pairs,drive,p_intrinsic,0.2,isi,balance,0.5,p_drive,32,12,0.375,0.6781983089488928,0.5907615704181455,0.8688270509907708
core_secure_pairs,drive,p_intrinsic,0.2333333333333333,active,SCA3_entry,0.6832817402871161,p_drive,32,10,0.3125,0.695614546978859,0.6415450790820754,0.7459528644845723
core_secure_pairs,drive,p_intrinsic,0.2333333333333333,active,WT_exit,0.1483293470542087,p_drive,32,25,0.78125,0.4026214376617391,0.0,0.5023710068624965
core_secure_pairs,drive,p_intrinsic,0.2333333333333333,active,balance,0.5,p_drive,32,17,0.53125,0.6391162295025097,0.0,0.749441755654629
core_secure_pairs,drive,p_intrinsic,0.2333333333333333,isi,SCA3_entry,0.7978563373093712,p_drive,32,8,0.25,0.7780972876177978,0.7486131464932567,0.849911468408275
core_secure_pairs,drive,p_intrinsic,0.2333333333333333,isi,WT_exit,0.1358293233470019,p_drive,32,24,0.75,0.37480001683281416,0.11699175745667036,0.5196692763326978
core_secure_pairs,drive,p_intrinsic,0.2333333333333333,isi,balance,0.5,p_drive,32,12,0.375,0.6523381409257318,0.5793059086809088,0.7975683279373927
core_secure_pairs,drive,p_intrinsic,0.2666666666666666,active,SCA3_entry,0.6832817402871161,p_drive,32,12,0.375,0.6532751044455527,0.0,0.749767918637376
core_secure_pairs,drive,p_intrinsic,0.2666666666666666,active,WT_exit,0.1483293470542087,p_drive,32,26,0.8125,0.25444193712055896,0.0,0.4878043642493353
core_secure_pairs,drive,p_intrinsic,0.2666666666666666,active,balance,0.5,p_drive,32,20,0.625,0.5777949289746709,0.0,0.7628640099556023
core_secure_pairs,drive,p_intrinsic,0.2666666666666666,isi,SCA3_entry,0.7978563373093712,p_drive,32,8,0.25,0.7844670015025672,0.7631861763945038,0.8498152484837015
core_secure_pairs,drive,p_intrinsic,0.2666666666666666,isi,WT_exit,0.1358293233470019,p_drive,32,24,0.75,0.3390844270878924,0.1335794779819258,0.45153031661660653
core_secure_pairs,drive,p_intrinsic,0.2666666666666666,isi,balance,0.5,p_drive,32,12,0.375,0.6441830887946762,0.5857230776373418,0.8018316117300415
core_secure_pairs,drive,p_intrinsic,0.3,active,SCA3_entry,0.6832817402871161,p_drive,32,15,0.46875,0.6469383470618387,0.0,0.7506872115503733
core_secure_pairs,drive,p_intrinsic,0.3,active,WT_exit,0.1483293470542087,p_drive,32,27,0.84375,0.2599531180391069,0.0,0.495038311108962
core_secure_pairs,drive,p_intrinsic,0.3,active,balance,0.5,p_drive,32,21,0.65625,0.573676151393643,0.0,0.7544534951615317
core_secure_pairs,drive,p_intrinsic,0.3,isi,SCA3_entry,0.7978563373093712,p_drive,32,8,0.25,0.7954791965916796,0.7684769046437153,0.8345968455104272
core_secure_pairs,drive,p_intrinsic,0.3,isi,WT_exit,0.1358293233470019,p_drive,32,25,0.78125,0.36635413006995227,0.14678051282993493,0.5106502737654521
core_secure_pairs,drive,p_intrinsic,0.3,isi,balance,0.5,p_drive,32,12,0.375,0.649619835008534,0.5850131901425855,0.8027934081580103
core_secure_pairs,drive,p_intrinsic,0.3333333333333333,active,SCA3_entry,0.6832817402871161,p_drive,32,17,0.53125,0.6538651761627107,0.0,0.7606882328954162
core_secure_pairs,drive,p_intrinsic,0.3333333333333333,active,WT_exit,0.1483293470542087,p_drive,32,28,0.875,0.2488811950322175,0.0,0.4909221814248054
core_secure_pairs,drive,p_intrinsic,0.3333333333333333,active,balance,0.5,p_drive,32,21,0.65625,0.5847584352774234,0.009480358863698347,0.7585707759382438
core_secure_pairs,drive,p_intrinsic,0.3333333333333333,isi,SCA3_entry,0.7978563373093712,p_drive,32,9,0.28125,0.8002865401845402,0.7824612521997032,0.8525090859749529
core_secure_pairs,drive,p_intrinsic,0.3333333333333333,isi,WT_exit,0.1358293233470019,p_drive,32,28,0.875,0.29122979018573647,0.0936472133473951,0.47439757432211993
core_secure_pairs,drive,p_intrinsic,0.3333333333333333,isi,balance,0.5,p_drive,32,12,0.375,0.6552963698375471,0.595638943599623,0.7930858837206258
core_secure_pairs,drive,p_intrinsic,0.3666666666666666,active,SCA3_entry,0.6832817402871161,p_drive,32,18,0.5625,0.66440295613995,0.003222956844182402,0.7928842304173166
core_secure_pairs,drive,p_intrinsic,0.3666666666666666,active,WT_exit,0.1483293470542087,p_drive,32,30,0.9375,0.2562921604485937,0.0,0.5054040083905224
core_secure_pairs,drive,p_intrinsic,0.3666666666666666,active,balance,0.5,p_drive,32,21,0.65625,0.5965243199697898,0.00863450508089826,0.7685837250693035
core_secure_pairs,drive,p_intrinsic,0.3666666666666666,isi,SCA3_entry,0.7978563373093712,p_drive,32,8,0.25,0.8007649947394294,0.7217985908582307,0.8985922871625908
core_secure_pairs,drive,p_intrinsic,0.3666666666666666,isi,WT_exit,0.1358293233470019,p_drive,32,29,0.90625,0.3192481594345625,0.09279883464350266,0.4810623875654916
core_secure_pairs,drive,p_intrinsic,0.3666666666666666,isi,balance,0.5,p_drive,32,12,0.375,0.6595989646402389,0.6011804195395676,0.7878496036320619
core_secure_pairs,drive,p_intrinsic,0.4,active,SCA3_entry,0.6832817402871161,p_drive,32,18,0.5625,0.6703927070401369,0.011693962180717313,0.7961430030167855
core_secure_pairs,drive,p_intrinsic,0.4,active,WT_exit,0.1483293470542087,p_drive,32,30,0.9375,0.26658885599788723,0.0,0.5263362857073921
core_secure_pairs,drive,p_intrinsic,0.4,active,balance,0.5,p_drive,32,23,0.71875,0.5636119888496256,0.0,0.7274457260462603
core_secure_pairs,drive,p_intrinsic,0.4,isi,SCA3_entry,0.7978563373093712,p_drive,32,8,0.25,0.806115584951183,0.734215742610824,0.9053965631799055
core_secure_pairs,drive,p_intrinsic,0.4,isi,WT_exit,0.1358293233470019,p_drive,32,30,0.9375,0.29884336688437896,0.059082156818659706,0.48742800732896296
core_secure_pairs,drive,p_intrinsic,0.4,isi,balance,0.5,p_drive,32,14,0.4375,0.7083821282464311,0.5936584728188607,0.8739606771342121
core_secure_pairs,drive,p_intrinsic,0.4333333333333333,active,SCA3_entry,0.6832817402871161,p_drive,32,18,0.5625,0.6764751542971322,0.010616751063752745,0.7971610117215043
core_secure_pairs,drive,p_intrinsic,0.4333333333333333,active,WT_exit,0.1483293470542087,p_drive,32,30,0.9375,0.28227649532475607,0.0,0.5393548873383731
core_secure_pairs,drive,p_intrinsic,0.4333333333333333,active,balance,0.5,p_drive,32,24,0.75,0.5921999195911553,0.0,0.7817724834392095
core_secure_pairs,drive,p_intrinsic,0.4333333333333333,isi,SCA3_entry,0.7978563373093712,p_drive,32,8,0.25,0.8112263692765442,0.7497618810387988,0.9114451759419211
core_secure_pairs,drive,p_intrinsic,0.4333333333333333,isi,WT_exit,0.1358293233470019,p_drive,32,31,0.96875,0.2986937124699208,0.10209303882307323,0.4990056172483829
core_secure_pairs,drive,p_intrinsic,0.4333333333333333,isi,balance,0.5,p_drive,32,17,0.53125,0.6698204969202303,0.578286258830316,0.8611620643068362
core_secure_pairs,drive,p_intrinsic,0.4666666666666667,active,SCA3_entry,0.6832817402871161,p_drive,32,20,0.625,0.6266795582709206,0.0,0.7870340367531117
core_secure_pairs,drive,p_intrinsic,0.4666666666666667,active,WT_exit,0.1483293470542087,p_drive,32,30,0.9375,0.17249187306621558,0.0,0.5361935490490011
core_secure_pairs,drive,p_intrinsic,0.4666666666666667,active,balance,0.5,p_drive,32,26,0.8125,0.5911806254123095,0.0,0.7669342264546328
core_secure_pairs,drive,p_intrinsic,0.4666666666666667,isi,SCA3_entry,0.7978563373093712,p_drive,32,8,0.25,0.8322368077388225,0.783382823014848,0.9122585877686755
core_secure_pairs,drive,p_intrinsic,0.4666666666666667,isi,WT_exit,0.1358293233470019,p_drive,32,31,0.96875,0.29303771642584486,0.05657895228400026,0.4926216810482007
core_secure_pairs,drive,p_intrinsic,0.4666666666666667,isi,balance,0.5,p_drive,32,20,0.625,0.6942156252788818,0.5571905974630853,0.8481660311647409
core_secure_pairs,drive,p_intrinsic,0.5,active,SCA3_entry,0.6832817402871161,p_drive,32,22,0.6875,0.6349163017951747,0.0,0.7937696509964809
core_secure_pairs,drive,p_intrinsic,0.5,active,WT_exit,0.1483293470542087,p_drive,32,31,0.96875,0.23508135310255407,0.0,0.5549681023103288
core_secure_pairs,drive,p_intrinsic,0.5,active,balance,0.5,p_drive,32,27,0.84375,0.562413531599034,0.0,0.753088773985416
core_secure_pairs,drive,p_intrinsic,0.5,isi,SCA3_entry,0.7978563373093712,p_drive,32,8,0.25,0.8380897114563859,0.7884228911593694,0.8824501383866448
core_secure_pairs,drive,p_intrinsic,0.5,isi,WT_exit,0.1358293233470019,p_drive,32,32,1.0,0.3847105128215919,0.0,0.5553913431591834
core_secure_pairs,drive,p_intrinsic,0.5,isi,balance,0.5,p_drive,32,23,0.71875,0.7461675818008766,0.5358929649018713,0.8403868686209907
core_secure_pairs,drive,p_intrinsic,0.5333333333333333,active,SCA3_entry,0.6832817402871161,p_drive,32,25,0.78125,0.6256312619087687,0.0,0.7953529731609486
core_secure_pairs,drive,p_intrinsic,0.5333333333333333,active,WT_exit,0.1483293470542087,p_drive,32,31,0.96875,0.10691345718671216,0.0,0.5429593532402923
core_secure_pairs,drive,p_intrinsic,0.5333333333333333,active,balance,0.5,p_drive,32,27,0.84375,0.5652019056060966,0.0,0.7078328963638918
core_secure_pairs,drive,p_intrinsic,0.5333333333333333,isi,SCA3_entry,0.7978563373093712,p_drive,32,9,0.28125,0.8390490385959795,0.7492210899936397,0.8478954021814297
core_secure_pairs,drive,p_intrinsic,0.5333333333333333,isi,WT_exit,0.1358293233470019,p_drive,32,31,0.96875,0.32043427870663327,0.0,0.5214119541733792
core_secure_pairs,drive,p_intrinsic,0.5333333333333333,isi,balance,0.5,p_drive,32,23,0.71875,0.7109919801551507,0.43426893226113883,0.8095072662609146
core_secure_pairs,drive,p_intrinsic,0.5666666666666667,active,SCA3_entry,0.6832817402871161,p_drive,32,25,0.78125,0.648247584555478,0.0,0.8045253504287403
core_secure_pairs,drive,p_intrinsic,0.5666666666666667,active,WT_exit,0.1483293470542087,p_drive,32,31,0.96875,0.0,0.0,0.5301198748158092
core_secure_pairs,drive,p_intrinsic,0.5666666666666667,active,balance,0.5,p_drive,32,27,0.84375,0.5682999947348897,0.0,0.7138772340418462
core_secure_pairs,drive,p_intrinsic,0.5666666666666667,isi,SCA3_entry,0.7978563373093712,p_drive,32,11,0.34375,0.8367466270631354,0.5364433622828001,0.8781975316380541
core_secure_pairs,drive,p_intrinsic,0.5666666666666667,isi,WT_exit,0.1358293233470019,p_drive,32,31,0.96875,0.31914556032419017,0.0,0.5344956681578761
core_secure_pairs,drive,p_intrinsic,0.5666666666666667,isi,balance,0.5,p_drive,32,23,0.71875,0.7159210164093945,0.27128534056060505,0.7964337383622984
core_secure_pairs,drive,p_intrinsic,0.6,active,SCA3_entry,0.6832817402871161,p_drive,32,25,0.78125,0.6694155425234303,0.0,0.7979578778535196
core_secure_pairs,drive,p_intrinsic,0.6,active,WT_exit,0.1483293470542087,p_drive,32,32,1.0,0.053613885584033856,0.0,0.5426631391703118
core_secure_pairs,drive,p_intrinsic,0.6,active,balance,0.5,p_drive,32,28,0.875,0.5686823116063375,0.0,0.7269050837683573
core_secure_pairs,drive,p_intrinsic,0.6,isi,SCA3_entry,0.7978563373093712,p_drive,32,13,0.40625,0.8254936108293834,0.32983549631212455,0.8739521639530685
core_secure_pairs,drive,p_intrinsic,0.6,isi,WT_exit,0.1358293233470019,p_drive,32,32,1.0,0.28778517392627345,0.0,0.5242903333780397
core_secure_pairs,drive,p_intrinsic,0.6,isi,balance,0.5,p_drive,32,25,0.78125,0.6905880508539607,0.1299610374272835,0.7496132946496381
core_secure_pairs,drive,p_intrinsic,0.6333333333333333,active,SCA3_entry,0.6832817402871161,p_drive,32,28,0.875,0.6913242095252163,0.0,0.8456237896270207
core_secure_pairs,drive,p_intrinsic,0.6333333333333333,active,WT_exit,0.1483293470542087,p_drive,32,32,1.0,0.07016190706695544,0.0,0.5428047245546282
core_secure_pairs,drive,p_intrinsic,0.6333333333333333,active,balance,0.5,p_drive,32,28,0.875,0.5573772041758698,0.0,0.7394561065218275
core_secure_pairs,drive,p_intrinsic,0.6333333333333333,isi,SCA3_entry,0.7978563373093712,p_drive,32,14,0.4375,0.8013825773154635,0.0992247674343122,0.873944260764687
core_secure_pairs,drive,p_intrinsic,0.6333333333333333,isi,WT_exit,0.1358293233470019,p_drive,32,32,1.0,0.20061453823214248,0.0,0.4793101429653988
core_secure_pairs,drive,p_intrinsic,0.6333333333333333,isi,balance,0.5,p_drive,32,26,0.8125,0.6708932709681661,0.22648888562250463,0.7471192356218627
core_secure_pairs,drive,p_intrinsic,0.6666666666666666,active,SCA3_entry,0.6832817402871161,p_drive,32,28,0.875,0.710166483058278,0.0,0.8319727255060507
core_secure_pairs,drive,p_intrinsic,0.6666666666666666,active,WT_exit,0.1483293470542087,p_drive,32,32,1.0,0.01666666666666665,0.0,0.5205730434094835
core_secure_pairs,drive,p_intrinsic,0.6666666666666666,active,balance,0.5,p_drive,32,29,0.90625,0.5410701430877056,0.0,0.7592714386276415
core_secure_pairs,drive,p_intrinsic,0.6666666666666666,isi,SCA3_entry,0.7978563373093712,p_drive,32,15,0.46875,0.8244175803827962,0.23197831777093342,0.889415341108303
core_secure_pairs,drive,p_intrinsic,0.6666666666666666,isi,WT_exit,0.1358293233470019,p_drive,32,32,1.0,0.13721155053575187,0.0,0.48263066942608457
core_secure_pairs,drive,p_intrinsic,0.6666666666666666,isi,balance,0.5,p_drive,32,28,0.875,0.6810965041404404,0.4309832669635738,0.7433501457047995
core_secure_pairs,drive,p_intrinsic,0.7,active,SCA3_entry,0.6832817402871161,p_drive,32,28,0.875,0.7174359354191644,0.0,0.8329311370362744
core_secure_pairs,drive,p_intrinsic,0.7,active,WT_exit,0.1483293470542087,p_drive,32,32,1.0,0.0,0.0,0.5178719452451735
core_secure_pairs,drive,p_intrinsic,0.7,active,balance,0.5,p_drive,32,30,0.9375,0.5712820746436884,0.0,0.76302355770839
core_secure_pairs,drive,p_intrinsic,0.7,isi,SCA3_entry,0.7978563373093712,p_drive,32,18,0.5625,0.8411050387052041,0.0333333333333333,0.9350379023178501
core_secure_pairs,drive,p_intrinsic,0.7,isi,WT_exit,0.1358293233470019,p_drive,32,32,1.0,0.15738620585250002,0.0,0.4351556198472132
core_secure_pairs,drive,p_intrinsic,0.7,isi,balance,0.5,p_drive,32,30,0.9375,0.6798703116285281,0.5074357864436037,0.7205737953774763
core_secure_pairs,drive,p_intrinsic,0.7333333333333333,active,SCA3_entry,0.6832817402871161,p_drive,32,28,0.875,0.7166194775763831,0.0,0.8371448634068095
core_secure_pairs,drive,p_intrinsic,0.7333333333333333,active,WT_exit,0.1483293470542087,p_drive,32,32,1.0,0.0,0.0,0.44984894204337555
core_secure_pairs,drive,p_intrinsic,0.7333333333333333,active,balance,0.5,p_drive,32,30,0.9375,0.5803214571097679,0.0,0.765550992216622
core_secure_pairs,drive,p_intrinsic,0.7333333333333333,isi,SCA3_entry,0.7978563373093712,p_drive,32,18,0.5625,0.8421897173197408,0.04166666666666662,0.9161112198915703
core_secure_pairs,drive,p_intrinsic,0.7333333333333333,isi,WT_exit,0.1358293233470019,p_drive,32,32,1.0,0.14016338348961258,0.0,0.43677042482647516
core_secure_pairs,drive,p_intrinsic,0.7333333333333333,isi,balance,0.5,p_drive,32,31,0.96875,0.6775167995826035,0.5205764950928109,0.7264753859754768
core_secure_pairs,drive,p_intrinsic,0.7666666666666666,active,SCA3_entry,0.6832817402871161,p_drive,32,28,0.875,0.7128750546358282,0.0,0.8413315894599998
core_secure_pairs,drive,p_intrinsic,0.7666666666666666,active,WT_exit,0.1483293470542087,p_drive,32,32,1.0,0.0,0.0,0.4500438342707146
core_secure_pairs,drive,p_intrinsic,0.7666666666666666,active,balance,0.5,p_drive,32,31,0.96875,0.59101636465358,0.0,0.7609324573969829
core_secure_pairs,drive,p_intrinsic,0.7666666666666666,isi,SCA3_entry,0.7978563373093712,p_drive,32,18,0.5625,0.83942815723602,0.0666666666666666,0.9134127109354028
core_secure_pairs,drive,p_intrinsic,0.7666666666666666,isi,WT_exit,0.1358293233470019,p_drive,32,32,1.0,0.17587491781042847,0.0,0.4381770809712099
core_secure_pairs,drive,p_intrinsic,0.7666666666666666,isi,balance,0.5,p_drive,32,31,0.96875,0.6499846994756134,0.4859652938421632,0.7297612210222815
core_secure_pairs,drive,p_intrinsic,0.8,active,SCA3_entry,0.6832817402871161,p_drive,32,28,0.875,0.7283854642984169,0.0,0.8469705413738496
core_secure_pairs,drive,p_intrinsic,0.8,active,WT_exit,0.1483293470542087,p_drive,32,32,1.0,0.0,0.0,0.44968741398890266
core_secure_pairs,drive,p_intrinsic,0.8,active,balance,0.5,p_drive,32,31,0.96875,0.6230336506834026,0.0,0.7707754315255848
core_secure_pairs,drive,p_intrinsic,0.8,isi,SCA3_entry,0.7978563373093712,p_drive,32,19,0.59375,0.8289796752426644,0.0666666666666666,0.8980967700145119
core_secure_pairs,drive,p_intrinsic,0.8,isi,WT_exit,0.1358293233470019,p_drive,32,32,1.0,0.20439177666585326,0.0,0.4398132139920323
core_secure_pairs,drive,p_intrinsic,0.8,isi,balance,0.5,p_drive,32,32,1.0,0.6567029287362858,0.4759445186112747,0.7512699705432118
core_secure_pairs,drive,p_intrinsic,0.8333333333333334,active,SCA3_entry,0.6832817402871161,p_drive,32,29,0.90625,0.7510880665378215,0.0,0.848791204205875
core_secure_pairs,drive,p_intrinsic,0.8333333333333334,active,WT_exit,0.1483293470542087,p_drive,32,32,1.0,0.0,0.0,0.44951039443391255
core_secure_pairs,drive,p_intrinsic,0.8333333333333334,active,balance,0.5,p_drive,32,32,1.0,0.6529105601564178,0.0,0.7552015240828422
core_secure_pairs,drive,p_intrinsic,0.8333333333333334,isi,SCA3_entry,0.7978563373093712,p_drive,32,22,0.6875,0.8524181323241293,0.22857452579813425,0.9028684261154767
core_secure_pairs,drive,p_intrinsic,0.8333333333333334,isi,WT_exit,0.1358293233470019,p_drive,32,32,1.0,0.2021857215045868,0.0,0.44140439737121406
core_secure_pairs,drive,p_intrinsic,0.8333333333333334,isi,balance,0.5,p_drive,32,32,1.0,0.6494002404971173,0.4705682710973713,0.751558114170858
core_secure_pairs,drive,p_intrinsic,0.8666666666666667,active,SCA3_entry,0.6832817402871161,p_drive,32,30,0.9375,0.7845727054698692,0.0333333333333333,0.8514246325993975
core_secure_pairs,drive,p_intrinsic,0.8666666666666667,active,WT_exit,0.1483293470542087,p_drive,32,32,1.0,0.0333333333333333,0.0,0.4476981829167096
core_secure_pairs,drive,p_intrinsic,0.8666666666666667,active,balance,0.5,p_drive,32,32,1.0,0.6665921995167359,0.021701795808046487,0.7586329233740026
core_secure_pairs,drive,p_intrinsic,0.8666666666666667,isi,SCA3_entry,0.7978563373093712,p_drive,32,27,0.84375,0.8652856874592334,0.6310402871895557,0.9144345945828813
core_secure_pairs,drive,p_intrinsic,0.8666666666666667,isi,WT_exit,0.1358293233470019,p_drive,32,32,1.0,0.1985094527156293,0.024999999999999974,0.4525567566591209
core_secure_pairs,drive,p_intrinsic,0.8666666666666667,isi,balance,0.5,p_drive,32,32,1.0,0.6489064810235956,0.460191571999768,0.7505814473599025
core_secure_pairs,drive,p_intrinsic,0.9,active,SCA3_entry,0.6832817402871161,p_drive,32,30,0.9375,0.8059551252600823,0.04923504401976252,0.8638767222453756
core_secure_pairs,drive,p_intrinsic,0.9,active,WT_exit,0.1483293470542087,p_drive,32,32,1.0,0.051384803606595975,0.0,0.46207046272894164
core_secure_pairs,drive,p_intrinsic,0.9,active,balance,0.5,p_drive,32,32,1.0,0.6949031842366811,0.0333333333333333,0.7540413833276665
core_secure_pairs,drive,p_intrinsic,0.9,isi,SCA3_entry,0.7978563373093712,p_drive,32,27,0.84375,0.8551832737477374,0.5355421431823221,0.8881723292270918
core_secure_pairs,drive,p_intrinsic,0.9,isi,WT_exit,0.1358293233470019,p_drive,32,32,1.0,0.22638980227537303,0.0333333333333333,0.4556351340247126
core_secure_pairs,drive,p_intrinsic,0.9,isi,balance,0.5,p_drive,32,32,1.0,0.6628413545149222,0.44604095278898137,0.7362311553457599
core_secure_pairs,drive,p_intrinsic,0.9333333333333332,active,SCA3_entry,0.6832817402871161,p_drive,32,31,0.96875,0.8216407592708619,0.06679512342786134,0.8800605615371263
core_secure_pairs,drive,p_intrinsic,0.9333333333333332,active,WT_exit,0.1483293470542087,p_drive,32,32,1.0,0.07005606437309535,0.0,0.49617732794408004
core_secure_pairs,drive,p_intrinsic,0.9333333333333332,active,balance,0.5,p_drive,32,32,1.0,0.6457629153153797,0.05751623536798756,0.7674779885481592
core_secure_pairs,drive,p_intrinsic,0.9333333333333332,isi,SCA3_entry,0.7978563373093712,p_drive,32,28,0.875,0.857106156991646,0.5493467315208753,0.9048648520150588
core_secure_pairs,drive,p_intrinsic,0.9333333333333332,isi,WT_exit,0.1358293233470019,p_drive,32,32,1.0,0.29380283773100657,0.0333333333333333,0.45260943363199174
core_secure_pairs,drive,p_intrinsic,0.9333333333333332,isi,balance,0.5,p_drive,32,32,1.0,0.661508502935857,0.480933373565829,0.7383455934818743
core_secure_pairs,drive,p_intrinsic,0.9666666666666668,active,SCA3_entry,0.6832817402871161,p_drive,32,30,0.9375,0.8265967392271747,0.11594063591235984,0.8918086065793691
core_secure_pairs,drive,p_intrinsic,0.9666666666666668,active,WT_exit,0.1483293470542087,p_drive,32,32,1.0,0.09816865472765454,0.024999999999999974,0.5268823376818568
core_secure_pairs,drive,p_intrinsic,0.9666666666666668,active,balance,0.5,p_drive,32,32,1.0,0.6798753330913008,0.08670727469176136,0.7922387289089039
core_secure_pairs,drive,p_intrinsic,0.9666666666666668,isi,SCA3_entry,0.7978563373093712,p_drive,32,25,0.78125,0.8529723954058495,0.5850705964600433,0.8813768896974172
core_secure_pairs,drive,p_intrinsic,0.9666666666666668,isi,WT_exit,0.1358293233470019,p_drive,32,32,1.0,0.2887090729863443,0.0333333333333333,0.45464893454251815
core_secure_pairs,drive,p_intrinsic,0.9666666666666668,isi,balance,0.5,p_drive,32,32,1.0,0.6775026171439444,0.5358681860111738,0.7290104849910297
core_secure_pairs,drive,p_intrinsic,1.0,active,SCA3_entry,0.6832817402871161,p_drive,32,26,0.8125,0.7620472531340481,0.1107929819094984,0.8585485295210274
core_secure_pairs,drive,p_intrinsic,1.0,active,WT_exit,0.1483293470542087,p_drive,32,32,1.0,0.21895767971654617,0.0333333333333333,0.5409785109160925
core_secure_pairs,drive,p_intrinsic,1.0,active,balance,0.5,p_drive,32,32,1.0,0.6480874663927387,0.08505798091364779,0.7807395634344756
core_secure_pairs,drive,p_intrinsic,1.0,isi,SCA3_entry,0.7978563373093712,p_drive,32,24,0.75,0.847225425036977,0.7520066241521959,0.8819240230042409
core_secure_pairs,drive,p_intrinsic,1.0,isi,WT_exit,0.1358293233470019,p_drive,32,32,1.0,0.2974689874870273,0.0333333333333333,0.4609686830992785
core_secure_pairs,drive,p_intrinsic,1.0,isi,balance,0.5,p_drive,32,32,1.0,0.6962562872513967,0.5589141866565441,0.7384122850933583
core_secure_pairs,intrinsic,p_drive,0.0,active,SCA3_entry,0.6832817402871161,p_intrinsic,32,16,0.5,0.40248845695211344,0.2187804910504286,0.5047833042603456
core_secure_pairs,intrinsic,p_drive,0.0,active,WT_exit,0.1483293470542087,p_intrinsic,32,23,0.71875,0.20671130308113442,0.08554621483974165,0.47584475778141155
core_secure_pairs,intrinsic,p_drive,0.0,active,balance,0.5,p_intrinsic,32,19,0.59375,0.3622712738432779,0.18810695472383926,0.6962006097301244
core_secure_pairs,intrinsic,p_drive,0.0,isi,SCA3_entry,0.7978563373093712,p_intrinsic,32,5,0.15625,0.5387457916581698,0.5231445742248804,0.5516825441170009
core_secure_pairs,intrinsic,p_drive,0.0,isi,WT_exit,0.1358293233470019,p_intrinsic,32,19,0.59375,0.35289653966584317,0.14348932309085885,0.5273448511710679
core_secure_pairs,intrinsic,p_drive,0.0,isi,balance,0.5,p_intrinsic,32,10,0.3125,0.49431068806392264,0.4277487974334961,0.7735644568438791
core_secure_pairs,intrinsic,p_drive,0.0333333333333333,active,SCA3_entry,0.6832817402871161,p_intrinsic,32,15,0.46875,0.4440166539599805,0.2662407856096346,0.5149667336098915
core_secure_pairs,intrinsic,p_drive,0.0333333333333333,active,WT_exit,0.1483293470542087,p_intrinsic,32,21,0.65625,0.2547839716025098,0.1268377557050739,0.5047322297064016
core_secure_pairs,intrinsic,p_drive,0.0333333333333333,active,balance,0.5,p_intrinsic,32,19,0.59375,0.385171017295523,0.22420874585042502,0.7759647998765449
core_secure_pairs,intrinsic,p_drive,0.0333333333333333,isi,SCA3_entry,0.7978563373093712,p_intrinsic,32,6,0.1875,0.5919886214648898,0.5521985419709624,0.6183041899350615
core_secure_pairs,intrinsic,p_drive,0.0333333333333333,isi,WT_exit,0.1358293233470019,p_intrinsic,32,18,0.5625,0.37199964746298286,0.1765640636896202,0.5633761081490187
core_secure_pairs,intrinsic,p_drive,0.0333333333333333,isi,balance,0.5,p_intrinsic,32,9,0.28125,0.5000153511585795,0.46528662028323003,0.898379644807132
core_secure_pairs,intrinsic,p_drive,0.0666666666666666,active,SCA3_entry,0.6832817402871161,p_intrinsic,32,13,0.40625,0.37568707509690424,0.2991347147928337,0.510909282381443
core_secure_pairs,intrinsic,p_drive,0.0666666666666666,active,WT_exit,0.1483293470542087,p_intrinsic,32,20,0.625,0.28954394182232124,0.1516134227918068,0.49486843312731577
core_secure_pairs,intrinsic,p_drive,0.0666666666666666,active,balance,0.5,p_intrinsic,32,15,0.46875,0.40045174757800006,0.25009825982197226,0.48791776189241076
core_secure_pairs,intrinsic,p_drive,0.0666666666666666,isi,SCA3_entry,0.7978563373093712,p_intrinsic,32,6,0.1875,0.6680079257594358,0.6427279661337789,0.6841503494930231
core_secure_pairs,intrinsic,p_drive,0.0666666666666666,isi,WT_exit,0.1358293233470019,p_intrinsic,32,19,0.59375,0.4337689752952918,0.20584177412714827,0.5968039360004787
core_secure_pairs,intrinsic,p_drive,0.0666666666666666,isi,balance,0.5,p_intrinsic,32,6,0.1875,0.5395799664055219,0.49715104705490204,0.5547756393648208
core_secure_pairs,intrinsic,p_drive,0.1,active,SCA3_entry,0.6832817402871161,p_intrinsic,32,13,0.40625,0.4446166928479491,0.3307627571809087,0.5880530166139157
core_secure_pairs,intrinsic,p_drive,0.1,active,WT_exit,0.1483293470542087,p_intrinsic,32,20,0.625,0.3236696729152768,0.1853566265344267,0.4869392343386227
core_secure_pairs,intrinsic,p_drive,0.1,active,balance,0.5,p_intrinsic,32,14,0.4375,0.39304899131576515,0.27437194763539974,0.5078233215491663
core_secure_pairs,intrinsic,p_drive,0.1,isi,SCA3_entry,0.7978563373093712,p_intrinsic,32,4,0.125,0.7055997012522865,0.6948779250473522,0.7212202909403644
core_secure_pairs,intrinsic,p_drive,0.1,isi,WT_exit,0.1358293233470019,p_intrinsic,32,22,0.6875,0.40983055729627926,0.12360270998732223,0.5502872466178405
core_secure_pairs,intrinsic,p_drive,0.1,isi,balance,0.5,p_intrinsic,32,6,0.1875,0.585552789199058,0.5521131738454155,0.6196811606645309
core_secure_pairs,intrinsic,p_drive,0.1333333333333333,active,SCA3_entry,0.6832817402871161,p_intrinsic,32,12,0.375,0.4928395551630792,0.3598636288350084,0.6258262998232814
core_secure_pairs,intrinsic,p_drive,0.1333333333333333,active,WT_exit,0.1483293470542087,p_intrinsic,32,20,0.625,0.3519552643408239,0.20983348455605325,0.5058756210685326
core_secure_pairs,intrinsic,p_drive,0.1333333333333333,active,balance,0.5,p_intrinsic,32,13,0.40625,0.4008118933489103,0.29073726207850503,0.5240292927472936
core_secure_pairs,intrinsic,p_drive,0.1333333333333333,isi,SCA3_entry,0.7978563373093712,p_intrinsic,32,4,0.125,0.7777136865006556,0.7138274972300438,0.8331185471828254
core_secure_pairs,intrinsic,p_drive,0.1333333333333333,isi,WT_exit,0.1358293233470019,p_intrinsic,32,23,0.71875,0.4603789221334782,0.1589967749552112,0.6609364496410535
core_secure_pairs,intrinsic,p_drive,0.1333333333333333,isi,balance,0.5,p_intrinsic,32,7,0.21875,0.5959794355225747,0.5777859045381952,0.6303485966811737
core_secure_pairs,intrinsic,p_drive,0.1666666666666666,active,SCA3_entry,0.6832817402871161,p_intrinsic,32,12,0.375,0.5194686917512888,0.3912530222583249,0.6923546761308483
core_secure_pairs,intrinsic,p_drive,0.1666666666666666,active,WT_exit,0.1483293470542087,p_intrinsic,32,18,0.5625,0.33025376289969927,0.18771686187500083,0.49130257234022756
core_secure_pairs,intrinsic,p_drive,0.1666666666666666,active,balance,0.5,p_intrinsic,32,13,0.40625,0.45110707755823864,0.3067989461101045,0.5811152497762962
core_secure_pairs,intrinsic,p_drive,0.1666666666666666,isi,SCA3_entry,0.7978563373093712,p_intrinsic,32,2,0.0625,0.7560041735016734,0.7372781835841564,0.7747301634191903
core_secure_pairs,intrinsic,p_drive,0.1666666666666666,isi,WT_exit,0.1358293233470019,p_intrinsic,32,23,0.71875,0.43691292896264755,0.13515154754582287,0.6045157723723753
core_secure_pairs,intrinsic,p_drive,0.1666666666666666,isi,balance,0.5,p_intrinsic,32,7,0.21875,0.6443435368721776,0.595638646202953,0.6620034686944938
core_secure_pairs,intrinsic,p_drive,0.2,active,SCA3_entry,0.6832817402871161,p_intrinsic,32,12,0.375,0.5447329881430243,0.4130185539279449,0.7270119680151893
core_secure_pairs,intrinsic,p_drive,0.2,active,WT_exit,0.1483293470542087,p_intrinsic,32,18,0.5625,0.29778272761785307,0.16440507139690091,0.4537104125369473
core_secure_pairs,intrinsic,p_drive,0.2,active,balance,0.5,p_intrinsic,32,14,0.4375,0.48370494551629706,0.35060406298235514,0.6560054901251283
core_secure_pairs,intrinsic,p_drive,0.2,isi,SCA3_entry,0.7978563373093712,p_intrinsic,32,2,0.0625,0.8056746066226989,0.7900189010621406,0.8213303121832571
core_secure_pairs,intrinsic,p_drive,0.2,isi,WT_exit,0.1358293233470019,p_intrinsic,32,23,0.71875,0.43224814669304723,0.15034749543458137,0.6281730077877572
core_secure_pairs,intrinsic,p_drive,0.2,isi,balance,0.5,p_intrinsic,32,7,0.21875,0.6794275581551981,0.6287233456782126,0.6953931876962208
core_secure_pairs,intrinsic,p_drive,0.2333333333333333,active,SCA3_entry,0.6832817402871161,p_intrinsic,32,12,0.375,0.5643860938751156,0.43119374661928145,0.7723727952108472
core_secure_pairs,intrinsic,p_drive,0.2333333333333333,active,WT_exit,0.1483293470542087,p_intrinsic,32,18,0.5625,0.3159471024697684,0.16028271316978063,0.4730188892970755
core_secure_pairs,intrinsic,p_drive,0.2333333333333333,active,balance,0.5,p_intrinsic,32,14,0.4375,0.5081438466382266,0.3742127301176381,0.6947576559645525
core_secure_pairs,intrinsic,p_drive,0.2333333333333333,isi,SCA3_entry,0.7978563373093712,p_intrinsic,32,2,0.0625,0.8405784244245937,0.8260821440604724,0.8550747047887152
core_secure_pairs,intrinsic,p_drive,0.2333333333333333,isi,WT_exit,0.1358293233470019,p_intrinsic,32,23,0.71875,0.4245615732001004,0.15175376555743167,0.5814274353146167
core_secure_pairs,intrinsic,p_drive,0.2333333333333333,isi,balance,0.5,p_intrinsic,32,7,0.21875,0.6966725228674313,0.657027012857091,0.7257865248099922
core_secure_pairs,intrinsic,p_drive,0.2666666666666666,active,SCA3_entry,0.6832817402871161,p_intrinsic,32,10,0.3125,0.5650884466883797,0.41880261602285374,0.6692377114141798
core_secure_pairs,intrinsic,p_drive,0.2666666666666666,active,WT_exit,0.1483293470542087,p_intrinsic,32,21,0.65625,0.2820969467630611,0.14882501403032256,0.485527180361002
core_secure_pairs,intrinsic,p_drive,0.2666666666666666,active,balance,0.5,p_intrinsic,32,12,0.375,0.5260241957328207,0.40483806593706767,0.6981521680704008
core_secure_pairs,intrinsic,p_drive,0.2666666666666666,isi,SCA3_entry,0.7978563373093712,p_intrinsic,32,2,0.0625,0.8670691001438658,0.8496303185515675,0.8845078817361642
core_secure_pairs,intrinsic,p_drive,0.2666666666666666,isi,WT_exit,0.1358293233470019,p_intrinsic,32,23,0.71875,0.41003040090531195,0.15490085047341792,0.5651771868434139
core_secure_pairs,intrinsic,p_drive,0.2666666666666666,isi,balance,0.5,p_intrinsic,32,8,0.25,0.7275077020465359,0.6785485406499053,0.7750727042517824
core_secure_pairs,intrinsic,p_drive,0.3,active,SCA3_entry,0.6832817402871161,p_intrinsic,32,10,0.3125,0.5882533653964703,0.44829616713517034,0.6997331174353104
core_secure_pairs,intrinsic,p_drive,0.3,active,WT_exit,0.1483293470542087,p_intrinsic,32,20,0.625,0.28564518044511544,0.1557731653265544,0.4719217333500526
core_secure_pairs,intrinsic,p_drive,0.3,active,balance,0.5,p_intrinsic,32,12,0.375,0.5411409785085164,0.42379796093231437,0.7298827319370937
core_secure_pairs,intrinsic,p_drive,0.3,isi,SCA3_entry,0.7978563373093712,p_intrinsic,32,2,0.0625,0.9705404696790697,0.9675249936801267,0.9735559456780127
core_secure_pairs,intrinsic,p_drive,0.3,isi,WT_exit,0.1358293233470019,p_intrinsic,32,24,0.75,0.4228890463321895,0.15410376601742454,0.5773815358932373
core_secure_pairs,intrinsic,p_drive,0.3,isi,balance,0.5,p_intrinsic,32,8,0.25,0.7374499453460939,0.7055103666912508,0.7976462643755874
core_secure_pairs,intrinsic,p_drive,0.3333333333333333,active,SCA3_entry,0.6832817402871161,p_intrinsic,32,10,0.3125,0.6124069885508464,0.464165978473737,0.7154080742224636
core_secure_pairs,intrinsic,p_drive,0.3333333333333333,active,WT_exit,0.1483293470542087,p_intrinsic,32,21,0.65625,0.3054148789228178,0.16226475859749565,0.4920040438223399
core_secure_pairs,intrinsic,p_drive,0.3333333333333333,active,balance,0.5,p_intrinsic,32,12,0.375,0.5727396289833983,0.4415715445984252,0.6379451447769112
core_secure_pairs,intrinsic,p_drive,0.3333333333333333,isi,SCA3_entry,0.7978563373093712,p_intrinsic,32,1,0.03125,0.523894656016793,0.523894656016793,0.523894656016793
core_secure_pairs,intrinsic,p_drive,0.3333333333333333,isi,WT_exit,0.1358293233470019,p_intrinsic,32,24,0.75,0.3575095101104777,0.15126663661969156,0.5252561423323275
core_secure_pairs,intrinsic,p_drive,0.3333333333333333,isi,balance,0.5,p_intrinsic,32,9,0.28125,0.7659921718693213,0.7092603013682941,0.8026202728032401
core_secure_pairs,intrinsic,p_drive,0.3666666666666666,active,SCA3_entry,0.6832817402871161,p_intrinsic,32,10,0.3125,0.6350490774416396,0.4800609883693272,0.7449165326444611
core_secure_pairs,intrinsic,p_drive,0.3666666666666666,active,WT_exit,0.1483293470542087,p_intrinsic,32,21,0.65625,0.3277692123914727,0.17128173774876757,0.49665712968000564
core_secure_pairs,intrinsic,p_drive,0.3666666666666666,active,balance,0.5,p_intrinsic,32,13,0.40625,0.6072961537014376,0.47240705830743485,0.7578195749241532
core_secure_pairs,intrinsic,p_drive,0.3666666666666666,isi,SCA3_entry,0.7978563373093712,p_intrinsic,32,1,0.03125,0.5541505520862474,0.5541505520862474,0.5541505520862474
core_secure_pairs,intrinsic,p_drive,0.3666666666666666,isi,WT_exit,0.1358293233470019,p_intrinsic,32,27,0.84375,0.2877952098449409,0.11892768490655575,0.5231322287209325
core_secure_pairs,intrinsic,p_drive,0.3666666666666666,isi,balance,0.5,p_intrinsic,32,9,0.28125,0.7751130351784844,0.734199453035133,0.8082977538889757
core_secure_pairs,intrinsic,p_drive,0.4,active,SCA3_entry,0.6832817402871161,p_intrinsic,32,10,0.3125,0.6665646277368908,0.49359733976320175,0.7426299033424053
core_secure_pairs,intrinsic,p_drive,0.4,active,WT_exit,0.1483293470542087,p_intrinsic,32,21,0.65625,0.32861671491558253,0.16824714961533258,0.5014484163529628
core_secure_pairs,intrinsic,p_drive,0.4,active,balance,0.5,p_intrinsic,32,14,0.4375,0.5805500482312217,0.4972299635708775,0.753116504984919
core_secure_pairs,intrinsic,p_drive,0.4,isi,SCA3_entry,0.7978563373093712,p_intrinsic,32,2,0.0625,0.5740104115176994,0.5675907731211374,0.5804300499142615
core_secure_pairs,intrinsic,p_drive,0.4,isi,WT_exit,0.1358293233470019,p_intrinsic,32,27,0.84375,0.3019841931698659,0.11717628345874183,0.5248811123440997
core_secure_pairs,intrinsic,p_drive,0.4,isi,balance,0.5,p_intrinsic,32,9,0.28125,0.7718593822668696,0.7302729561555893,0.8046685731338381
core_secure_pairs,intrinsic,p_drive,0.4333333333333333,active,SCA3_entry,0.6832817402871161,p_intrinsic,32,10,0.3125,0.6352207048237757,0.521464217051631,0.7502740834886392
core_secure_pairs,intrinsic,p_drive,0.4333333333333333,active,WT_exit,0.1483293470542087,p_intrinsic,32,24,0.75,0.3221350028624262,0.16461699793667733,0.5043510958103046
core_secure_pairs,intrinsic,p_drive,0.4333333333333333,active,balance,0.5,p_intrinsic,32,15,0.46875,0.5761202851152804,0.44736805723621564,0.751588272344381
core_secure_pairs,intrinsic,p_drive,0.4333333333333333,isi,SCA3_entry,0.7978563373093712,p_intrinsic,32,2,0.0625,0.6021179184554998,0.5957706359147736,0.6084652009962259
core_secure_pairs,intrinsic,p_drive,0.4333333333333333,isi,WT_exit,0.1358293233470019,p_intrinsic,32,29,0.90625,0.19345475906053908,0.1112946439113882,0.5144037902812075
core_secure_pairs,intrinsic,p_drive,0.4333333333333333,isi,balance,0.5,p_intrinsic,32,9,0.28125,0.7683187579191283,0.7399029347590351,0.8081546635979325
core_secure_pairs,intrinsic,p_drive,0.4666666666666667,active,SCA3_entry,0.6832817402871161,p_intrinsic,32,10,0.3125,0.6392023881548637,0.5270018182565389,0.7827319651440768
core_secure_pairs,intrinsic,p_drive,0.4666666666666667,active,WT_exit,0.1483293470542087,p_intrinsic,32,25,0.78125,0.2464305611673965,0.15680878559387318,0.48716059235528236
core_secure_pairs,intrinsic,p_drive,0.4666666666666667,active,balance,0.5,p_intrinsic,32,15,0.46875,0.6011149403982065,0.4527292886230472,0.7539580047451758
core_secure_pairs,intrinsic,p_drive,0.4666666666666667,isi,SCA3_entry,0.7978563373093712,p_intrinsic,32,2,0.0625,0.6275550110795255,0.622890073767848,0.632219948391203
core_secure_pairs,intrinsic,p_drive,0.4666666666666667,isi,WT_exit,0.1358293233470019,p_intrinsic,32,30,0.9375,0.19010968076575618,0.07989565437985868,0.5029580074422257
core_secure_pairs,intrinsic,p_drive,0.4666666666666667,isi,balance,0.5,p_intrinsic,32,10,0.3125,0.7729019731919944,0.5697471398316052,0.8040611439553219
core_secure_pairs,intrinsic,p_drive,0.5,active,SCA3_entry,0.6832817402871161,p_intrinsic,32,10,0.3125,0.6818757674864512,0.5519149828537834,0.7979239605463256
core_secure_pairs,intrinsic,p_drive,0.5,active,WT_exit,0.1483293470542087,p_intrinsic,32,29,0.90625,0.24468365565840622,0.15378222537561928,0.5099184014988964
core_secure_pairs,intrinsic,p_drive,0.5,active,balance,0.5,p_intrinsic,32,15,0.46875,0.5906051812720791,0.4656909572266731,0.7633564972961872
core_secure_pairs,intrinsic,p_drive,0.5,isi,SCA3_entry,0.7978563373093712,p_intrinsic,32,3,0.09375,0.6437837502146136,0.633339882207591,0.7551706000834233
core_secure_pairs,intrinsic,p_drive,0.5,isi,WT_exit,0.1358293233470019,p_intrinsic,32,30,0.9375,0.20147938129329956,0.07853752060485031,0.4846772422814493
core_secure_pairs,intrinsic,p_drive,0.5,isi,balance,0.5,p_intrinsic,32,12,0.375,0.7596489717695719,0.5231260029149588,0.804264546100859
core_secure_pairs,intrinsic,p_drive,0.5333333333333333,active,SCA3_entry,0.6832817402871161,p_intrinsic,32,11,0.34375,0.6865652566569727,0.5536698732362884,0.8038427850327923
core_secure_pairs,intrinsic,p_drive,0.5333333333333333,active,WT_exit,0.1483293470542087,p_intrinsic,32,31,0.96875,0.23091016268911835,0.16304151982809587,0.5284770288593573
core_secure_pairs,intrinsic,p_drive,0.5333333333333333,active,balance,0.5,p_intrinsic,32,15,0.46875,0.6014477407549738,0.47638384161352804,0.7623898467533341
core_secure_pairs,intrinsic,p_drive,0.5333333333333333,isi,SCA3_entry,0.7978563373093712,p_intrinsic,32,3,0.09375,0.6636756943167035,0.6591294498284398,0.7812214789962278
core_secure_pairs,intrinsic,p_drive,0.5333333333333333,isi,WT_exit,0.1358293233470019,p_intrinsic,32,31,0.96875,0.18071101309081417,0.07090697302589014,0.42526969197517217
core_secure_pairs,intrinsic,p_drive,0.5333333333333333,isi,balance,0.5,p_intrinsic,32,15,0.46875,0.7556069440988993,0.5196585288175444,0.7945583910052059
core_secure_pairs,intrinsic,p_drive,0.5666666666666667,active,SCA3_entry,0.6832817402871161,p_intrinsic,32,12,0.375,0.6390345236932828,0.5606178193121726,0.8000346700618324
core_secure_pairs,intrinsic,p_drive,0.5666666666666667,active,WT_exit,0.1483293470542087,p_intrinsic,32,31,0.96875,0.2198266935328557,0.14950399843235762,0.4900552893218668
core_secure_pairs,intrinsic,p_drive,0.5666666666666667,active,balance,0.5,p_intrinsic,32,17,0.53125,0.591605624294915,0.49000691668598734,0.7664626645800671
core_secure_pairs,intrinsic,p_drive,0.5666666666666667,isi,SCA3_entry,0.7978563373093712,p_intrinsic,32,3,0.09375,0.6760364109251105,0.6671156853176433,0.8011901927651073
core_secure_pairs,intrinsic,p_drive,0.5666666666666667,isi,WT_exit,0.1358293233470019,p_intrinsic,32,31,0.96875,0.18197837671385592,0.022683388785699445,0.4297341983194852
core_secure_pairs,intrinsic,p_drive,0.5666666666666667,isi,balance,0.5,p_intrinsic,32,18,0.5625,0.708871109937838,0.5232473438789685,0.776551043547886
core_secure_pairs,intrinsic,p_drive,0.6,active,SCA3_entry,0.6832817402871161,p_intrinsic,32,12,0.375,0.5916962708116983,0.5468598805040442,0.8281764552994932
core_secure_pairs,intrinsic,p_drive,0.6,active,WT_exit,0.1483293470542087,p_intrinsic,32,31,0.96875,0.2206777839245046,0.14478497763458525,0.4790341599098167
core_secure_pairs,intrinsic,p_drive,0.6,active,balance,0.5,p_intrinsic,32,20,0.625,0.5469574253954758,0.3169852775209712,0.6630028979231187
core_secure_pairs,intrinsic,p_drive,0.6,isi,SCA3_entry,0.7978563373093712,p_intrinsic,32,4,0.125,0.7655894771590521,0.6890255023960288,0.8624033970268252
core_secure_pairs,intrinsic,p_drive,0.6,isi,WT_exit,0.1358293233470019,p_intrinsic,32,32,1.0,0.2013627687721979,0.02033609166252445,0.4631989052789106
core_secure_pairs,intrinsic,p_drive,0.6,isi,balance,0.5,p_intrinsic,32,21,0.65625,0.6841028296682138,0.5362648579196475,0.7949729246837207
core_secure_pairs,intrinsic,p_drive,0.6333333333333333,active,SCA3_entry,0.6832817402871161,p_intrinsic,32,14,0.4375,0.6750899652804548,0.5845822111658313,0.9429526918183588
core_secure_pairs,intrinsic,p_drive,0.6333333333333333,active,WT_exit,0.1483293470542087,p_intrinsic,32,31,0.96875,0.22836090575719972,0.10241802448765164,0.4472380262147828
core_secure_pairs,intrinsic,p_drive,0.6333333333333333,active,balance,0.5,p_intrinsic,32,20,0.625,0.5347123270039073,0.2742209105184155,0.6333991220569486
core_secure_pairs,intrinsic,p_drive,0.6333333333333333,isi,SCA3_entry,0.7978563373093712,p_intrinsic,32,4,0.125,0.7607846968782777,0.6971750205954614,0.8409871438940528
core_secure_pairs,intrinsic,p_drive,0.6333333333333333,isi,WT_exit,0.1358293233470019,p_intrinsic,32,32,1.0,0.18446008026510807,0.0,0.42617021169039326
core_secure_pairs,intrinsic,p_drive,0.6333333333333333,isi,balance,0.5,p_intrinsic,32,23,0.71875,0.6476479040601071,0.12337404849367423,0.7646383494114725
core_secure_pairs,intrinsic,p_drive,0.6666666666666666,active,SCA3_entry,0.6832817402871161,p_intrinsic,32,17,0.53125,0.6233279855344015,0.3409102565601864,0.8299903484922669
core_secure_pairs,intrinsic,p_drive,0.6666666666666666,active,WT_exit,0.1483293470542087,p_intrinsic,32,31,0.96875,0.2361932192383119,0.07059691590403344,0.45628070182397795
core_secure_pairs,intrinsic,p_drive,0.6666666666666666,active,balance,0.5,p_intrinsic,32,23,0.71875,0.5447241160058387,0.12176017925963084,0.6173507247014017
core_secure_pairs,intrinsic,p_drive,0.6666666666666666,isi,SCA3_entry,0.7978563373093712,p_intrinsic,32,4,0.125,0.751746814078208,0.7101443043895959,0.8143208817869847
core_secure_pairs,intrinsic,p_drive,0.6666666666666666,isi,WT_exit,0.1358293233470019,p_intrinsic,32,32,1.0,0.1776329234203944,0.0,0.4281100299707641
core_secure_pairs,intrinsic,p_drive,0.6666666666666666,isi,balance,0.5,p_intrinsic,32,24,0.75,0.6284553163501787,0.17436913142205546,0.7396713066737314
core_secure_pairs,intrinsic,p_drive,0.7,active,SCA3_entry,0.6832817402871161,p_intrinsic,32,17,0.53125,0.6294957775605636,0.34806570239217843,0.8206802888174067
core_secure_pairs,intrinsic,p_drive,0.7,active,WT_exit,0.1483293470542087,p_intrinsic,32,32,1.0,0.21466683671229422,0.0032613171459873855,0.45527227535562587
core_secure_pairs,intrinsic,p_drive,0.7,active,balance,0.5,p_intrinsic,32,25,0.78125,0.5318741248226895,0.22333740764695703,0.6615562616533663
core_secure_pairs,intrinsic,p_drive,0.7,isi,SCA3_entry,0.7978563373093712,p_intrinsic,32,7,0.21875,0.7220698627763993,0.4910645075311968,0.8245938432144129
core_secure_pairs,intrinsic,p_drive,0.7,isi,WT_exit,0.1358293233470019,p_intrinsic,32,32,1.0,0.18533666237675206,0.0,0.4176346305968218
core_secure_pairs,intrinsic,p_drive,0.7,isi,balance,0.5,p_intrinsic,32,27,0.84375,0.622280606163647,0.39118818390148563,0.711196423988179
core_secure_pairs,intrinsic,p_drive,0.7333333333333333,active,SCA3_entry,0.6832817402871161,p_intrinsic,32,20,0.625,0.6355291643861729,0.23749875162713038,0.8004782337432437
core_secure_pairs,intrinsic,p_drive,0.7333333333333333,active,WT_exit,0.1483293470542087,p_intrinsic,32,32,1.0,0.21283980047587817,0.0,0.46063801325767395
core_secure_pairs,intrinsic,p_drive,0.7333333333333333,active,balance,0.5,p_intrinsic,32,25,0.78125,0.5132568639846208,0.22479942618168955,0.6300671080701566
core_secure_pairs,intrinsic,p_drive,0.7333333333333333,isi,SCA3_entry,0.7978563373093712,p_intrinsic,32,11,0.34375,0.7232434516163796,0.26302764349067026,0.8924705568723991
core_secure_pairs,intrinsic,p_drive,0.7333333333333333,isi,WT_exit,0.1358293233470019,p_intrinsic,32,32,1.0,0.1889939842607874,0.0,0.4023231992775302
core_secure_pairs,intrinsic,p_drive,0.7333333333333333,isi,balance,0.5,p_intrinsic,32,29,0.90625,0.6039516009042004,0.2214876363538983,0.679359208628419
core_secure_pairs,intrinsic,p_drive,0.7666666666666666,active,SCA3_entry,0.6832817402871161,p_intrinsic,32,19,0.59375,0.6280608685243703,0.028939888602590464,0.7117525625828212
core_secure_pairs,intrinsic,p_drive,0.7666666666666666,active,WT_exit,0.1483293470542087,p_intrinsic,32,32,1.0,0.22264108916964098,0.0,0.4565113522382519
core_secure_pairs,intrinsic,p_drive,0.7666666666666666,active,balance,0.5,p_intrinsic,32,27,0.84375,0.5012585204867137,0.16319295052917804,0.6165609699913452
core_secure_pairs,intrinsic,p_drive,0.7666666666666666,isi,SCA3_entry,0.7978563373093712,p_intrinsic,32,12,0.375,0.7526276636168499,0.14398060246169703,0.8621334254031153
core_secure_pairs,intrinsic,p_drive,0.7666666666666666,isi,WT_exit,0.1358293233470019,p_intrinsic,32,32,1.0,0.18852350614325994,0.0,0.38142443056621167
core_secure_pairs,intrinsic,p_drive,0.7666666666666666,isi,balance,0.5,p_intrinsic,32,31,0.96875,0.594491708940736,0.279543279033219,0.6842651044255161
core_secure_pairs,intrinsic,p_drive,0.8,active,SCA3_entry,0.6832817402871161,p_intrinsic,32,20,0.625,0.6363388786254546,0.019864198288085246,0.72965020390774
core_secure_pairs,intrinsic,p_drive,0.8,active,WT_exit,0.1483293470542087,p_intrinsic,32,32,1.0,0.23050554435153725,0.0,0.4688094534157492
core_secure_pairs,intrinsic,p_drive,0.8,active,balance,0.5,p_intrinsic,32,30,0.9375,0.5075918673617352,0.23863321420139277,0.635794202483712
core_secure_pairs,intrinsic,p_drive,0.8,isi,SCA3_entry,0.7978563373093712,p_intrinsic,32,15,0.46875,0.7621354215892532,0.0,0.8497791556171934
core_secure_pairs,intrinsic,p_drive,0.8,isi,WT_exit,0.1358293233470019,p_intrinsic,32,32,1.0,0.16282444039759342,0.0,0.35817274755267675
core_secure_pairs,intrinsic,p_drive,0.8,isi,balance,0.5,p_intrinsic,32,32,1.0,0.5803292514033245,0.20936552759400123,0.7238014995952258
core_secure_pairs,intrinsic,p_drive,0.8333333333333334,active,SCA3_entry,0.6832817402871161,p_intrinsic,32,24,0.75,0.6554224181641817,0.07622994311857814,0.7052819846932319
core_secure_pairs,intrinsic,p_drive,0.8333333333333334,active,WT_exit,0.1483293470542087,p_intrinsic,32,32,1.0,0.23808385461667642,0.0,0.4636533518748543
core_secure_pairs,intrinsic,p_drive,0.8333333333333334,active,balance,0.5,p_intrinsic,32,32,1.0,0.5284405840943234,0.209369890680534,0.6479785182021435
core_secure_pairs,intrinsic,p_drive,0.8333333333333334,isi,SCA3_entry,0.7978563373093712,p_intrinsic,32,16,0.5,0.7752016672624519,0.0,0.8146208467433499
core_secure_pairs,intrinsic,p_drive,0.8333333333333334,isi,WT_exit,0.1358293233470019,p_intrinsic,32,32,1.0,0.14472693936003178,0.0,0.3707196050883334
core_secure_pairs,intrinsic,p_drive,0.8333333333333334,isi,balance,0.5,p_intrinsic,32,32,1.0,0.5649216224874578,0.22078702895314367,0.6753994563418605
core_secure_pairs,intrinsic,p_drive,0.8666666666666667,active,SCA3_entry,0.6832817402871161,p_intrinsic,32,25,0.78125,0.6416632559713182,0.08451105281006306,0.7024221703050048
core_secure_pairs,intrinsic,p_drive,0.8666666666666667,active,WT_exit,0.1483293470542087,p_intrinsic,32,32,1.0,0.24338720753383014,0.0,0.46211907363328153
core_secure_pairs,intrinsic,p_drive,0.8666666666666667,active,balance,0.5,p_intrinsic,32,32,1.0,0.4828941423061644,0.055751697467965544,0.6272394650193178
core_secure_pairs,intrinsic,p_drive,0.8666666666666667,isi,SCA3_entry,0.7978563373093712,p_intrinsic,32,19,0.59375,0.7870561975076069,0.04520322911876683,0.8583715897939987
core_secure_pairs,intrinsic,p_drive,0.8666666666666667,isi,WT_exit,0.1358293233470019,p_intrinsic,32,32,1.0,0.12886913509675055,0.0,0.38413730392744216
core_secure_pairs,intrinsic,p_drive,0.8666666666666667,isi,balance,0.5,p_intrinsic,32,32,1.0,0.5006164176416854,0.05502123470469466,0.6680664679112907
core_secure_pairs,intrinsic,p_drive,0.9,active,SCA3_entry,0.6832817402871161,p_intrinsic,32,28,0.875,0.6489393651546826,0.1657004882153389,0.71008698057128
core_secure_pairs,intrinsic,p_drive,0.9,active,WT_exit,0.1483293470542087,p_intrinsic,32,32,1.0,0.24537536148314942,0.0,0.47386415286294703
core_secure_pairs,intrinsic,p_drive,0.9,active,balance,0.5,p_intrinsic,32,32,1.0,0.46596005850836125,0.053106763647478,0.6436896393932356
core_secure_pairs,intrinsic,p_drive,0.9,isi,SCA3_entry,0.7978563373093712,p_intrinsic,32,23,0.71875,0.7981779479201793,0.1335221943156093,0.8633669016954937
core_secure_pairs,intrinsic,p_drive,0.9,isi,WT_exit,0.1358293233470019,p_intrinsic,32,32,1.0,0.11268119775279964,0.0,0.3937999113538725
core_secure_pairs,intrinsic,p_drive,0.9,isi,balance,0.5,p_intrinsic,32,32,1.0,0.5040402591345854,0.043390459597614554,0.6616239180161112
core_secure_pairs,intrinsic,p_drive,0.9333333333333332,active,SCA3_entry,0.6832817402871161,p_intrinsic,32,28,0.875,0.6210464177918376,0.058641651210866425,0.6943818215509814
core_secure_pairs,intrinsic,p_drive,0.9333333333333332,active,WT_exit,0.1483293470542087,p_intrinsic,32,32,1.0,0.24506164063949376,0.0,0.44860368963284647
core_secure_pairs,intrinsic,p_drive,0.9333333333333332,active,balance,0.5,p_intrinsic,32,32,1.0,0.46598566636177363,0.051065281837968046,0.645316694666135
core_secure_pairs,intrinsic,p_drive,0.9333333333333332,isi,SCA3_entry,0.7978563373093712,p_intrinsic,32,24,0.75,0.7623023889592433,0.1076578719602925,0.8483252259727739
core_secure_pairs,intrinsic,p_drive,0.9333333333333332,isi,WT_exit,0.1358293233470019,p_intrinsic,32,32,1.0,0.09969626523725314,0.0,0.39948651451483036
core_secure_pairs,intrinsic,p_drive,0.9333333333333332,isi,balance,0.5,p_intrinsic,32,32,1.0,0.49426951006850955,0.0,0.6736031246915408
core_secure_pairs,intrinsic,p_drive,0.9666666666666668,active,SCA3_entry,0.6832817402871161,p_intrinsic,32,28,0.875,0.5455935212012962,0.05426415507889712,0.6733915002216213
core_secure_pairs,intrinsic,p_drive,0.9666666666666668,active,WT_exit,0.1483293470542087,p_intrinsic,32,32,1.0,0.23219506915267174,0.0,0.4237523145126034
core_secure_pairs,intrinsic,p_drive,0.9666666666666668,active,balance,0.5,p_intrinsic,32,32,1.0,0.4443495985417946,0.09402013850663625,0.680632775631242
core_secure_pairs,intrinsic,p_drive,0.9666666666666668,isi,SCA3_entry,0.7978563373093712,p_intrinsic,32,24,0.75,0.7050103134891366,0.1316708957386768,0.8440707637775174
core_secure_pairs,intrinsic,p_drive,0.9666666666666668,isi,WT_exit,0.1358293233470019,p_intrinsic,32,32,1.0,0.08667157461467757,0.0,0.4094404145884466
core_secure_pairs,intrinsic,p_drive,0.9666666666666668,isi,balance,0.5,p_intrinsic,32,32,1.0,0.475194874817121,0.013584778734891379,0.6834032046201621
core_secure_pairs,intrinsic,p_drive,1.0,active,SCA3_entry,0.6832817402871161,p_intrinsic,32,28,0.875,0.5152751207116189,0.05423404504232414,0.6862324810581103
core_secure_pairs,intrinsic,p_drive,1.0,active,WT_exit,0.1483293470542087,p_intrinsic,32,32,1.0,0.23356924230664333,0.0,0.4474317363913466
core_secure_pairs,intrinsic,p_drive,1.0,active,balance,0.5,p_intrinsic,32,32,1.0,0.43680733519688153,0.10679070277012814,0.695413228818354
core_secure_pairs,intrinsic,p_drive,1.0,isi,SCA3_entry,0.7978563373093712,p_intrinsic,32,25,0.78125,0.6740962985100517,0.11414169213092883,0.8431057600248075
core_secure_pairs,intrinsic,p_drive,1.0,isi,WT_exit,0.1358293233470019,p_intrinsic,32,32,1.0,0.07456349217391273,0.0,0.4140243980254881
core_secure_pairs,intrinsic,p_drive,1.0,isi,balance,0.5,p_intrinsic,32,32,1.0,0.4595476365024541,0.06517127010653337,0.6946476967698462
