p_intrinsic,p_drive,A_isi_median,dA_dintrinsic,dA_ddrive,drive_dominance_fraction,gradient_magnitude
0.0,0.0,0.034283450037934905,0.37477860567532995,-1.3495365587488806,0.7826507512038976,1.4006098409877445
0.0,0.0333333333333333,-0.010701101920361104,0.11395829935881477,-1.2334734308878657,0.9154255486191111,1.2387264422377668
0.0,0.0666666666666666,-0.04794811202125611,0.8076375415856638,-1.0089150874399166,0.5554009673703262,1.2923575558808906
0.0,0.1,-0.07796210774968887,1.3127990659498958,-0.7130925922252963,0.3519895002023995,1.4939686852961516
0.0,0.1333333333333333,-0.09548761816960918,1.340162794819768,-0.6621442782489144,0.33069067534887625,1.4948148252666307
0.0,0.1666666666666666,-0.12210505963294982,1.8056292729985766,-0.6809557954053816,0.27385179942484755,1.9297662725847253
0.0,0.2,-0.14088467119663461,2.3124947380955314,-0.3879724817111156,0.14366865069330276,2.344814397832929
0.0,0.2333333333333333,-0.14796989174702418,2.044744812731015,-0.34020288210529664,0.14264584621368231,2.0728529494836687
0.0,0.2666666666666666,-0.16356486333698772,1.6869833515234178,-0.32201719428579056,0.1602872607264946,1.71744225572008
0.0,0.3,-0.16943770469941022,1.9113576883158518,-0.09468071876557851,0.04719785943845848,1.9137012962293993
0.0,0.3333333333333333,-0.16987691125469295,2.1758051985491718,-0.021837595144029585,0.009936826497326657,2.1759147829350476
0.0,0.3666666666666666,-0.17089354437567886,1.6752986244007424,-0.002429964365061183,0.0014483655946095253,1.6753003866906482
0.0,0.4,-0.17003890887903036,2.0164469832841942,0.05102088445435403,0.024677957636247107,2.0170923546150363
0.0,0.4333333333333333,-0.16749215207872192,2.303840074532383,0.09920911920281539,0.0412846809218287,2.305975181643197
0.0,0.4666666666666667,-0.16342496759884267,2.3909988975591343,0.11367251959400973,0.04538420441720536,2.3936994735847366
0.0,0.5,-0.15991398410578794,2.568819890377416,0.2811736113505369,0.0986576324402358,2.584162190908021
0.0,0.5333333333333333,-0.14468006017547355,2.430977679525906,0.1157923429763354,0.04546635226315708,2.4337338278959573
0.0,0.5666666666666667,-0.15219449457403225,2.909482012233845,-0.00866936797285098,0.0029708424421206405,2.9094949282398406
0.0,0.6,-0.14525801804033028,2.8941787123355818,0.21932209484694618,0.07044227974535691,2.9024769766915464
0.0,0.6333333333333333,-0.13757302158423584,2.0953677235257286,0.36732227052047767,0.14915489623481443,2.1273202737748997
0.0,0.6666666666666666,-0.12076986667229844,0.8092016963328965,0.5585437482511149,0.40836820218472114,0.9832489532455359
0.0,0.7,-0.10033677170082819,0.38742418475366563,0.6279524655210764,0.6184428855549949,0.7378494412046681
0.0,0.7333333333333333,-0.07890636897089336,0.06082336972725909,0.6533048924333084,0.9148285077764037,0.6561301431745652
0.0,0.7666666666666666,-0.05678311220527431,0.06503276191815623,0.6684793184762793,0.9113405714011066,0.6716352130086796
0.0,0.8,-0.03434108107247475,0.08933047825149311,0.680751882465721,0.8839987995981424,0.686587984037926
0.0,0.8333333333333334,-0.01139965337422625,0.10267918512181949,0.7006175612918897,0.8721777654643478,0.7081016750777219
0.0,0.8666666666666667,0.01236675634698455,0.10609364410096508,0.7139612323704227,0.8706261652177776,0.7218008746506996
0.0,0.9,0.036197762117135254,0.12829103594595592,0.7208375825987087,0.8489144834550082,0.7321648792388479
0.0,0.9333333333333332,0.06042259518689845,0.1341809986841175,0.6511353372908691,0.8291376448733503,0.6648170935503698
0.0,0.9666666666666668,0.07960678460319319,0.31365322036495247,-0.12443604706198724,0.28404267420849216,0.3374354344963174
0.0,1.0,0.0521268587160993,1.8014040599678551,-0.8243977766128168,0.3139603930227844,1.9810826033643392
0.0333333333333333,0.0,0.04677607022711257,0.11177486953942167,-1.6103568650653957,0.9350950526644404,1.6142313509295387
0.0333333333333333,0.0333333333333333,-0.006902491941733946,-0.08577924238896356,-1.0170439629326986,0.9222185006852986,1.0206549372646336
0.0333333333333333,0.0666666666666666,-0.02102686063506732,0.31216142309592926,-0.4094947041443762,0.5674374382579279,0.5149084062156745
0.0333333333333333,0.1,-0.034202138884692354,0.7932749499706685,-0.4468299656082442,0.3603162603380638,0.9104626101144578
0.0333333333333333,0.1333333333333333,-0.05081552500895026,0.9378584522802556,-0.415729174724574,0.30713133485453376,1.0258699835898757
0.0333333333333333,0.1666666666666666,-0.06191741719966395,1.4966745905391814,-0.19478982376749995,0.11516046221246863,1.509297156099156
0.0333333333333333,0.2,-0.06380151326011692,1.9032106574897385,-0.2684147118448964,0.12360083632985742,1.9220450734354024
0.0333333333333333,0.2333333333333333,-0.07981173132265704,1.9946394644485532,-0.6529585753913534,0.24662300151530406,2.098795248306208
0.0333333333333333,0.2666666666666666,-0.1073320849528738,2.151225658829837,-0.3887107564933721,0.153039561993881,2.186062187455223
0.0333333333333333,0.3,-0.1057257817555485,2.001561586955291,0.1497302047472984,0.06960013761257274,2.0071541845579906
0.0333333333333333,0.3333333333333333,-0.09735007130305391,1.5925045495110968,-0.13986712710158433,0.08073736657659258,1.5986349031149019
0.0333333333333333,0.3666666666666666,-0.11505025689565412,1.641574400345445,-0.08210907199755002,0.0476358178952308,1.643626603451589
0.0333333333333333,0.4,-0.10282400943622391,1.6275856542559612,0.3652916095201744,0.18329859854390332,1.6680746451899702
0.0333333333333333,0.4333333333333333,-0.0906974829276425,1.594767398034551,0.28648507634028547,0.15228422566486619,1.6202952671657074
0.0333333333333333,0.4666666666666667,-0.08372500434687155,1.2708447501714044,0.24616242751652623,0.16226846592229194,1.294466036541341
0.0333333333333333,0.5,-0.07428665442654075,1.4388718228445372,0.30116300233392285,0.1730787211704428,1.4700514537085916
0.0333333333333333,0.5333333333333333,-0.06364747085794337,1.521095390210453,0.2861234039045498,0.15832250352656652,1.54777187866346
0.0333333333333333,0.5666666666666667,-0.055211760832904105,1.8334492540920335,0.22293114843198697,0.10840948890504849,1.8469527509581394
0.0333333333333333,0.6,-0.048785394295810906,1.907641593479539,-0.18773504950711212,0.08959489461499553,1.9168570363974964
0.0333333333333333,0.6333333333333333,-0.06772743080004491,1.9955945410578482,-0.675166237480865,0.25279921844976216,2.106714745886104
0.0333333333333333,0.6666666666666666,-0.09379647679453523,1.8465047312538172,-0.2954280211349165,0.13792590864743454,1.869988619808801
0.0333333333333333,0.7,-0.08742263220903934,1.8867930171048404,0.25376330221825777,0.11855016377167996,1.9037814220514657
0.0333333333333333,0.7333333333333333,-0.07687892331331805,1.7298056383925766,0.49210918101555373,0.22147976903391864,1.7984434916489729
0.0333333333333333,0.7666666666666666,-0.0546153534746691,1.5734352944775571,0.6827328727383962,0.3026072624634488,1.7151742772748488
0.0333333333333333,0.8,-0.03136339846409165,1.4155295592186004,0.6995750940675527,0.33075199989780696,1.578964611782427
0.0333333333333333,0.8333333333333334,-0.0079770138701656,1.2558063995181814,0.7089991442166257,0.3608495234947894,1.4421267279856949
0.0333333333333333,0.8666666666666667,0.015903211150350052,0.9299519677085492,0.7267671577824909,0.43867855848352216,1.1802547029672208
0.0333333333333333,0.9,0.04047412998200045,0.5619426649832379,0.7348812598902849,0.5666777469130644,0.9251108176139743
0.0333333333333333,0.9333333333333332,0.0648952951430357,0.2054703179800555,0.7438164295003674,0.7835529480155384,0.7716741102081242
0.0333333333333333,0.9666666666666668,0.0900618919486916,0.24808177349479804,0.7091754835798816,0.7408410626701114,0.7513151355131101
0.0333333333333333,1.0,0.1121736607150278,1.0496125910442435,0.6633530629900859,0.3872541527191599,1.2416617403532006
0.0666666666666666,0.0,0.04173510800722968,-0.29720601891822934,-1.744644782605651,0.8544428326024519,1.7697787531650226
0.0666666666666666,0.0333333333333333,-0.01641971807962534,-0.26593050228020076,-1.0330868773313577,0.7952833376565591,1.0667649826260963
0.0666666666666666,0.0666666666666666,-0.027137350481527496,-0.3471830894142231,-0.12986089508028464,0.27221996147355204,0.3706749919353302
0.0666666666666666,0.1,-0.02507711108497765,-0.11500108227486042,-0.08739556304097006,0.43180341702103503,0.1444411069039468
0.0666666666666666,0.1333333333333333,-0.0329637213509255,0.25436621900794054,0.041255362319598664,0.139554636486059,0.25769008186679776
0.0666666666666666,0.1666666666666666,-0.022326753597004406,0.54326325660333,0.2843964098041015,0.34361516133625614,0.6132016665704016
0.0666666666666666,0.2,-0.014003960697318733,0.8076861055061914,0.10999239219825614,0.11985939789741143,0.815141197197917
0.0666666666666666,0.2333333333333333,-0.014993927450453998,1.3683067808226637,-0.09218788076519824,0.06312099810414289,1.3714087836255313
0.0666666666666666,0.2666666666666666,-0.020149819414998615,1.8172753702791338,-0.3150950717790524,0.1477675105432991,1.844390055189685
0.0666666666666666,0.3,-0.036000265569057485,1.6860500812163126,-0.6534018280843187,0.2792969692972446,1.8082308550938577
0.0666666666666666,0.3333333333333333,-0.06370994128728652,1.6105868298954702,-0.38182478175387596,0.19163950838340882,1.6552281113472351
0.0666666666666666,0.3666666666666666,-0.06145525101931588,1.6690246063966556,0.032651140379803205,0.01918763926773673,1.6693439530922358
0.0666666666666666,0.4,-0.06153319859529964,1.5106964387090478,0.004213882143459907,0.0027816050134826247,1.5107023157230277
0.0666666666666666,0.4333333333333333,-0.06117432554308522,1.1090091863234357,-0.2575317848817414,0.18845522403519266,1.1385183334378697
0.0666666666666666,0.4666666666666667,-0.0787019842540824,0.7958545444949127,-0.04222305559600404,0.050380842527498144,0.7969738028423946
0.0666666666666666,0.5,-0.06398919591615215,0.6758323897112735,0.5314242513895853,0.44019161568247533,0.8597448190875195
0.0666666666666666,0.5333333333333333,-0.04327370082811005,0.4256603311056653,0.5103697742238317,0.5452493155059085,0.664578079625163
0.0666666666666666,0.5666666666666667,-0.029964544301230047,0.7126522300948962,0.3778768352962353,0.3465078073464325,0.8066375293232562
0.0666666666666666,0.6,-0.018081911808361037,0.54184245402076,0.38146738181276096,0.4131520828740983,0.6626542147804707
0.0666666666666666,0.6333333333333333,-0.004533385513712657,1.1330551745003647,0.30618540829475577,0.21274094960560325,1.1736965249648985
0.0666666666666666,0.6666666666666666,0.002330448744622675,1.8354537893154608,0.4497422242981068,0.19680684791101657,1.8897509574092275
0.0666666666666666,0.7,0.025449429439494457,1.8679114299822472,0.511253372659836,0.2148877505635947,1.9366138286489594
0.0666666666666666,0.7333333333333333,0.03641400692194506,1.9208741139433823,0.3399471698060253,0.15036445925626094,1.9507233119735101
0.0666666666666666,0.7666666666666666,0.04811257409322947,1.8058211327872529,0.354203239302303,0.1639811308979145,1.8402309361472222
0.0666666666666666,0.8,0.06002755620876526,1.6760700816007157,0.3631229875063452,0.17807190158083097,1.714954583215708
0.0666666666666666,0.8333333333333334,0.07232077326031915,1.559193316072152,0.21503996978183845,0.12120163199301799,1.573952345367498
0.0666666666666666,0.8666666666666667,0.07436355419422115,1.403204120754175,0.020097497835479334,0.0141203365281028,1.4033480373452427
0.0666666666666666,0.9,0.0736606064493511,1.2356563800251337,-0.0036440671297850733,0.002940422670023895,1.2356617533621665
0.0666666666666666,0.9333333333333332,0.07412061638556881,1.0795516058358057,0.3372744458024294,0.23804929716844825,1.131010928971954
0.0666666666666666,0.9666666666666668,0.09614556950284639,0.9144588178525993,0.7197062260022008,0.44041220237124873,1.1637061404386868
0.0666666666666666,1.0,0.12210103145238219,0.8021429618963183,0.7786638584860741,0.49257369619503394,1.1179225088673272
0.1,0.0,0.02696233563256395,-0.4605549519697912,-1.5478058317893386,0.770681166604064,1.6148726750753395
0.1,0.0333333333333333,-0.024631192093747326,-0.2893060974887547,-1.0670210334286923,0.7866988789842594,1.1055459754453485
0.1,0.0666666666666666,-0.044172399929348856,-0.49131424279271224,-0.2585652841390359,0.344809099132226,0.5551987854209306
0.1,0.1,-0.04186887770301638,-0.5372206487029154,0.15471934281391947,0.22360225555795923,0.5590564376103296
0.1,0.1333333333333333,-0.03385777707508756,-0.13836779666252932,0.24253516415361642,0.6367374084831106,0.27922921230463105
0.1,0.1666666666666666,-0.025699866759441956,-0.2055806608638172,0.3585300627307509,0.6355668271047262,0.4132882940550337
0.1,0.2,-0.009955772893037507,-0.0196300605226114,0.5566288123744371,0.9659353435654284,0.5569748414798443
0.1,0.2333333333333333,0.011408720732187176,0.3425926440440743,0.3566306893815891,0.5100383129870244,0.4945251948706934
0.1,0.2666666666666666,0.01381960639906843,0.7150324122812088,-0.07096745609972296,0.09028939947013942,0.7185455660137015
0.1,0.3,0.006677556992205646,1.0245730821105823,-0.05695833563636508,0.05266452245559452,1.026155082131372
0.1,0.3333333333333333,0.010022384023310758,1.4429052472218404,-0.15689260192124138,0.0980702668185731,1.4514099493244277
0.1,0.3666666666666666,-0.0037819498025437777,1.4622686992203162,-0.18199946318397262,0.11068721474108492,1.4735513405778333
0.1,0.4,-0.002110913522287413,1.5155854255927725,-0.19472381055304525,0.11385298426608242,1.5280433713299906
0.1,0.4333333333333333,-0.01676353717274679,1.3400632937617651,-0.4283568178738497,0.24222571042672758,1.406861469621882
0.1,0.4666666666666667,-0.030668034713877388,1.8762735208650825,-0.1870143690956362,0.0906390087421085,1.885570656153646
0.1,0.5,-0.029231161779122536,1.8593709604293258,-0.06903121105532445,0.0357971029467252,1.8606519493413156
0.1,0.5333333333333333,-0.03527011545089902,1.2241408524796018,0.3229432442881726,0.2087431736664333,1.266022577105502
0.1,0.5666666666666667,-0.007701612159911033,0.7016454200506104,0.33911327134708164,0.3258327546529232,0.7792971873949738
0.1,0.6,-0.012662564027760247,0.5159573935779711,0.23266789489835646,0.31079352845788044,0.5659915028551277
0.1,0.6333333333333333,0.007809580833312728,0.47437175514777663,0.6184450978138358,0.5659183385924229,0.7794247244551247
0.1,0.6666666666666666,0.028567109159828803,0.839414402662476,0.4394282343469659,0.34361400037033757,0.9474775525248571
0.1,0.7,0.03710479645644378,0.44716166676477753,0.3391836268461791,0.4313418413031029,0.5612477963826513
0.1,0.7333333333333333,0.05117935094957407,0.5052952459354175,0.4300188838205593,0.45975878064918263,0.663505483027242
0.1,0.7666666666666666,0.06577272204448106,0.5175394285746849,0.4379288403957298,0.4583394913445209,0.6779592387302942
0.1,0.8,0.08037460697595605,0.5219186336823862,0.452947277352452,0.46462520868294604,0.6910573755093624
0.1,0.8333333333333334,0.09596920720131119,0.5183705852670394,0.43613318337008483,0.45692138438888713,0.6774365042619249
0.1,0.8666666666666667,0.1094501525339617,0.736628093150798,0.4032302217354724,0.3537546872882221,0.8397711350956396
0.1,0.9,0.12285122198367601,0.9998074495584443,0.4112287449719155,0.29143741781109045,1.0810753983343335
0.1,0.9333333333333332,0.13686540219875606,1.2398164964620488,0.422618867327833,0.2542167211628497,1.3098670359700217
0.1,0.9666666666666668,0.15102581313886487,1.1770672867324972,0.4317668396403942,0.268372501902238,1.2537583504443177
0.1,1.0,0.16564985817478234,1.052421895929481,0.4387213510775241,0.29421811214859295,1.140205363486373
0.1333333333333333,0.0,0.011031444542576943,-0.4961083947935753,-1.4021470736435782,0.7386503539473406,1.4873264455094948
0.1333333333333333,0.0333333333333333,-0.03570679124554232,-0.2673243400736831,-1.063846168154279,0.7991809926516912,1.0969188540144492
0.1333333333333333,0.0666666666666666,-0.05989163333437497,-0.29565954661191934,-0.3777754462944453,0.5609679483153495,0.47971747448444385
0.1333333333333333,0.1,-0.06089182099850533,-0.5286045934879166,0.2655508830892129,0.3343814793467866,0.5915573410633886
0.1333333333333333,0.1333333333333333,-0.04218824112842745,-0.35624064690780904,0.37289535015869685,0.5114208483176621,0.5157114897685249
0.1333333333333333,0.1666666666666666,-0.03603213098792555,-0.314864614093803,0.4031341459440195,0.5614691394770421,0.5115240608558443
0.1333333333333333,0.2,-0.01531263139882616,-0.16698402243443405,0.6581656971061477,0.7976318497358205,0.6790182240526428
0.1333333333333333,0.2333333333333333,0.007845582152484286,-0.27071714026963717,0.642474592038622,0.7035484108191058,0.697181017706997
0.1333333333333333,0.2666666666666666,0.027519008070415296,0.11036265924253293,0.36688536628745566,0.7687519835834331,0.3831250299196908
0.1333333333333333,0.3,0.03230460657164799,0.5078735351589277,0.0744710068563128,0.12788135113038257,0.5133044501823646
0.1333333333333333,0.3333333333333333,0.03248374186083615,0.6306952327445438,0.05587083535585785,0.0813772161948549,0.6331650865690998
0.1333333333333333,0.3666666666666666,0.03602932892870518,1.2730761431412907,0.10533131875073531,0.07641522674736229,1.2774261438319137
0.1333333333333333,0.4,0.039505829777551835,1.0222371582318475,-0.11799152331509115,0.10348057825997943,1.029024201486116
0.1333333333333333,0.4333333333333333,0.028163227374365774,1.3065547493485572,0.1031563103905685,0.07317549910522664,1.3106206687744042
0.1333333333333333,0.4666666666666667,0.046382917136923066,1.7216096114929058,0.47708461107155664,0.21698542988624658,1.7864908005657496
0.1333333333333333,0.5,0.05996886811246954,1.8311741648395925,-0.12070841699589509,0.0618420483482079,1.8351483165972264
0.1333333333333333,0.5333333333333333,0.03833568933719673,1.8646494023423865,-0.6473557661548839,0.257704790688048,1.9738254435561915
0.1333333333333333,0.5666666666666667,0.016811817035477298,1.348856682535566,-0.33030662360539553,0.19670905289402932,1.3887104866092317
0.1333333333333333,0.6,0.0163152477635037,1.330393831320928,0.15419371690992725,0.10386300026136952,1.3392996112712334
0.1333333333333333,0.6333333333333333,0.02709139816280578,0.8311428496198332,0.6296424173792606,0.4310300984023076,1.042711853887437
0.1333333333333333,0.6666666666666666,0.05829140892212106,0.6813787844594396,0.4225321359151077,0.3827592680863654,0.801754609461278
0.1333333333333333,0.7,0.05526020722381295,0.7508752974296928,0.17713421593277742,0.1908754311051882,0.771485737226716
0.1333333333333333,0.7333333333333333,0.07010035665097289,0.8962079156635719,0.4103249316159327,0.31405634574769514,0.9856749857857122
0.1333333333333333,0.7666666666666666,0.08261520266487513,0.8279793774018417,0.37082662704927166,0.30932997138186574,0.9072277755511463
0.1333333333333333,0.8,0.094822131787591,0.7784083049594739,0.36395414419869965,0.31859778345034334,0.859291631699791
0.1333333333333333,0.8333333333333334,0.10687881227812177,0.5054219687123073,0.4297494292502503,0.4595408180645155,0.6634274175808085
0.1333333333333333,0.8666666666666667,0.12347209373760767,0.5067414621815349,0.5015343621268842,0.4974178196436365,0.7129681801370245
0.1333333333333333,0.9,0.14031443641991403,0.4400403886156656,0.49954433618146576,0.5316650249814607,0.6657177235315335
0.1333333333333333,0.9333333333333332,0.15677504948303872,0.494930706321246,0.5145342829764823,0.5097098843759179,0.7139341233039433
0.1333333333333333,0.9666666666666668,0.17461672195167952,0.5325788460127002,0.532311625469633,0.49987453144232974,0.7529912973138151
0.1333333333333333,1.0,0.19226249118101424,0.5956639064778235,0.5293730768800419,0.4705383775918524,0.7969010879688043
0.1666666666666666,0.0,-0.0061115573536744,-0.5068384939475993,-1.090237722349554,0.6826460197856352,1.2022909590365445
0.1666666666666666,0.0333333333333333,-0.0424528147653262,-0.46306857087857944,-0.8665721852470364,0.6517340727220972,0.9825374565782995
0.1666666666666666,0.0666666666666666,-0.06388303637014348,-0.16948777491230502,-0.5198455375532692,0.7541279786608756,0.5467773667213848
0.1666666666666666,0.1,-0.07710918393554414,-0.23892705951367801,0.09413824251802981,0.28264199826215414,0.25680371584584993
0.1666666666666666,0.1333333333333333,-0.057607153535608156,-0.4727386961188729,0.4562751435477299,0.4911392318024825,0.6570151302882404
0.1666666666666666,0.1666666666666666,-0.04669084103236215,-0.38287650915645105,0.5477866872041258,0.5885982053940498,0.6683297658655499
0.1666666666666666,0.2,-0.021088041055333108,-0.803216405087624,0.6007762861986029,0.42790556526916046,1.0030397496911436
0.1666666666666666,0.2333333333333333,-0.006639088619121963,-0.8084073328541811,0.633977371058556,0.4395341751328715,1.0273508275300745
0.1666666666666666,0.2666666666666666,0.02117711701523729,-0.41396260142113633,0.707623219328842,0.630913128748071,0.8198144033308203
0.1666666666666666,0.3,0.04053579266946749,-0.39248645426949874,0.46337423786564574,0.5414131553461702,0.6072571951838952
0.1666666666666666,0.3333333333333333,0.052068732872947,0.06476952926733366,0.6083100060611215,0.903771358557608,0.6117484412694434
0.1666666666666666,0.3666666666666666,0.08108979307354225,0.642403946448454,0.20954246230333107,0.24595732800885758,0.675715083389953
0.1666666666666666,0.4,0.06603823035983573,1.180981967209724,-0.16124520434577852,0.1201325735038667,1.1919389341736688
0.1666666666666666,0.4333333333333333,0.07034011278382368,1.5136967504479024,0.2710156353872087,0.15185395559430365,1.5377669937090184
0.1666666666666666,0.4666666666666667,0.08410593938564964,1.0531925312262054,0.33760504639539884,0.24274204372194516,1.1059799614741224
0.1666666666666666,0.5,0.09284711587685027,0.8981998999181816,0.07400857979415616,0.07612418667244521,0.901243768409069
0.1666666666666666,0.5333333333333333,0.08903984470526005,1.501471052762412,-0.159374238015854,0.09595971334643205,1.5099057818375954
0.1666666666666666,0.5666666666666667,0.08222216667579334,2.134539947841863,-0.195142299674377,0.0837634831455772,2.143441463174338
0.1666666666666666,0.6,0.07603035806030159,1.6404465288051795,-0.2850459380173762,0.14803793986675964,1.6650273272980143
0.1666666666666666,0.6333333333333333,0.0632191041413016,1.1379853552279289,-0.03056994904765243,0.026160464066870635,1.1383958847861368
0.1666666666666666,0.6666666666666666,0.07399236145712476,0.4194346188909311,0.35916068215682556,0.4612931540602706,0.5521972429590144
0.1666666666666666,0.7,0.0871631496184233,0.6302925452295344,0.5540127580503115,0.4677955561931659,0.8391655549737713
0.1666666666666666,0.7333333333333333,0.11092654532714552,0.7295583361381647,0.5071229637927082,0.4100676252006519,0.8884982083463014
0.1666666666666666,0.7666666666666666,0.12097134720460383,1.0499834410085798,0.3201292296916317,0.23365175473344543,1.0977012116669886
0.1666666666666666,0.8,0.1322684939732543,1.0478758734391482,0.1303898686629176,0.11066253053432383,1.0559570843485027
0.1666666666666666,0.8333333333333334,0.129664005115465,1.02806337766289,0.16446634059214596,0.13791382979771827,1.0411356711204365
0.1666666666666666,0.8666666666666667,0.14323291667939736,0.9646615739717846,0.33784864163883077,0.2593827192982496,1.022112350456115
0.1666666666666666,0.9,0.15218724789138705,0.8385945112332864,0.39941798911162657,0.3226283975326161,0.9288570849687103
0.1666666666666666,0.9333333333333332,0.16986078262017246,0.6005847674757335,0.5151573247248676,0.46171720895535295,0.7912579428615952
0.1666666666666666,0.9666666666666668,0.18653106953971155,0.44240960332461077,0.5325000397969717,0.5462045057754781,0.6923023541037657
0.1666666666666666,1.0,0.2053607852733039,0.1291368120245322,0.5648914720077707,0.8139314852209659,0.5794641415713015
0.2,0.0,-0.022757788387263,-0.02052244342877396,-1.3146072275055385,0.9846288762241255,1.3147674065377821
0.2,0.0333333333333333,-0.06657802930411427,-0.0732878556343934,-0.7264954491189847,0.9083653594682217,0.7301826808231505
0.2,0.0666666666666666,-0.07119081832852864,-0.23057656418622693,-0.1536339349295439,0.3998691740155979,0.27707208071882766
0.2,0.1,-0.07682029163275053,-0.1759486902224772,-0.037700038117355,0.1764580506062684,0.17994230871325193
0.2,0.1333333333333333,-0.07370415420301897,-0.33526627057818675,0.22894590051592384,0.40577979746866477,0.4059799225952599
0.2,0.1666666666666666,-0.06155723159835561,-0.36593774251250294,0.07265643697526832,0.16565754944610273,0.37308094192693364
0.2,0.2,-0.06886039173800108,-0.18737870711717627,0.23263487340841754,0.5538746464276333,0.2987135152728363
0.2,0.2333333333333333,-0.046048240037794445,-0.10092580851646572,1.0317283957051098,0.9108944211390381,1.0366530284183526
0.2,0.2666666666666666,-7.849869099378626e-05,-0.6848814345194957,0.7828062448721381,0.5333602345129833,1.0401193183285753
0.2,0.3,0.006138842953681415,-0.293763056866636,0.5532031375447828,0.6531584627521285,0.6263628700434136
0.2,0.3333333333333333,0.03680171047865839,-0.04428245755843733,1.0907612360738106,0.9609861207926461,1.0916597501825749
0.2,0.3666666666666666,0.07885625869193544,-0.24687852224876777,1.2215437566931255,0.8318749818841881,1.2462416115118646
0.2,0.4,0.11823796092486674,0.6814398514504192,0.7533012806843573,0.5250433432291072,1.0157869317063801
0.2,0.4333333333333333,0.12907634407089258,0.9841106309213261,-0.024633125592949952,0.02441960649954351,0.9844188766825068
0.2,0.4666666666666667,0.11659575255200341,1.0439868566438775,-0.13841223945816422,0.1170605085156621,1.0531222649232084
0.2,0.5,0.1198488614403483,0.4621079312575181,0.32757010454031144,0.41481475954863045,0.5664326204586505
0.2,0.5333333333333333,0.1384337595213575,0.9328569453260573,0.5889842817687976,0.38702084769588563,1.1032336854056666
0.2,0.5666666666666667,0.1591144802249348,1.3434699101151228,-0.191331147562628,0.12466185542778026,1.3570257946746511
0.2,0.6,0.12567834968384897,1.7557060030183216,-0.8423608757040069,0.32422601689078195,1.9473251947097567
0.2,0.6333333333333333,0.10295708851133435,1.9632693418725176,-0.5913694925349878,0.23148849245147543,2.050401030393234
0.2,0.6666666666666666,0.08625371684818313,1.2963476953185187,-0.0851606740832868,0.0616432560015264,1.2991419043229862
0.2,0.7,0.09727971023911523,0.6228172565793908,0.487257933180011,0.43894137773281783,0.7907728046284437
0.2,0.7333333333333333,0.11873757906018385,0.23643847346113528,0.8300158273949781,0.7782947911867105,0.8630350082463643
0.2,0.7666666666666666,0.15261409873211376,0.45365763420637545,0.6891441643502553,0.6030303463125896,0.8250605604025302
0.2,0.8,0.16468052335020086,0.8459906019675234,0.34203408085301,0.2879014937980701,0.9125170744059182
0.2,0.8333333333333334,0.1754163707889811,1.1234840492023461,0.34653512978288664,0.23573510790662125,1.1757138278449148
0.2,0.8666666666666667,0.18778286533572663,1.180056962768917,0.3120654956972805,0.20914201373127445,1.2206225087979454
0.2,0.9,0.19622073716879979,1.2291236192203896,0.13546752968541467,0.09927334630159308,1.2365663439235672
0.2,0.9333333333333332,0.19681403398142094,1.179425184353976,0.11834937506780666,0.09119409392686559,1.1853481935985521
0.2,0.9666666666666668,0.20411069550665356,1.1673559179764927,0.06086367001843161,0.0495543880046661,1.1689414979214539
0.2,1.0,0.20087161198264972,1.0426925773901303,-0.09717250572011535,0.08524912918199899,1.0472107270327204
0.2333333333333333,0.0,-0.007479720248925997,0.28681974759480455,-1.195768546760793,0.8065412031871803,1.2296861327317496
0.2333333333333333,0.0333333333333333,-0.04733867180761909,0.4891652465565885,-1.0766263060044892,0.6875923581548973,1.1825425325203487
0.2333333333333333,0.0666666666666666,-0.07925480731589193,-0.036954156357708816,-0.6225063721413531,0.9439630504621455,0.6236022715070069
0.2333333333333333,0.1,-0.08883909661704262,-0.2609427632354542,-0.010551463873929997,0.03886441338466782,0.26115600524368027
0.2333333333333333,0.1333333333333333,-0.0799582382408206,-0.38470561267772163,0.2662860912577042,0.4090468275523801,0.467874652896529
0.2333333333333333,0.1666666666666666,-0.07108669053319568,-0.20878061965173814,0.6956742506651363,0.7691641379756271,0.7263277567191431
0.2333333333333333,0.2,-0.033579954863144856,0.022613328879423567,0.8657882201946402,0.9745460496967927,0.8660834860859614
0.2333333333333333,0.2333333333333333,-0.01336747585355301,0.31608902190693006,0.1364746436562368,0.3015589938852222,0.34429289584767286
0.2333333333333333,0.2666666666666666,-0.024481645286062406,-0.07029380685687123,0.5147859709786716,0.8798560307161568,0.5195631003053286
0.2333333333333333,0.3,0.020951588878358428,-0.048966525453911,1.103973214826704,0.9575289811399919,1.105058631779254
0.2333333333333333,0.3333333333333333,0.049116569035717844,-0.4741672890388338,0.6551945406789897,0.5801458163702001,0.8087734566180997
0.2333333333333333,0.3666666666666666,0.0646312249236244,0.07361330858012675,0.9352647713121877,0.9270344850906225,0.9381572957973261
0.2333333333333333,0.4,0.11146755378986367,-0.4078536657230463,1.0697439488243154,0.7239751460698008,1.1448566411083818
0.2333333333333333,0.4333333333333333,0.13594748817857874,-0.14445908009958414,0.633562640580667,0.8143251322427367,0.6498230877421681
0.2333333333333333,0.4666666666666667,0.15370506316190813,0.4046352333983596,-0.18439765326840915,0.3130515416751725,0.44467085202230355
0.2333333333333333,0.5,0.12365431129401813,0.6462051347842541,-0.03712133152366404,0.054324445713678185,0.647270476289183
0.2333333333333333,0.5333333333333333,0.1512303077269972,0.5262400452010612,0.7219877408417508,0.5784102460422139,0.89341753010504
0.2333333333333333,0.5666666666666667,0.17178682735013484,0.41919111313498303,0.6277067580178872,0.5995873860423852,0.7548092231767393
0.2333333333333333,0.6,0.19307742492818966,1.1761967182449793,0.3347534937400188,0.2215516375620605,1.222905810592708
0.2333333333333333,0.6333333333333333,0.19410372693280276,2.220931722429978,-0.4899282567474552,0.1807279831900857,2.2743279034596986
0.2333333333333333,0.6666666666666666,0.16041554114502599,2.0975334598916273,-0.9812914031363015,0.3187227097325802,2.3157243862848085
0.2333333333333333,0.7,0.12868430005704934,2.058899953238206,-0.5058964638070719,0.19724624552847736,2.120141563560506
0.2333333333333333,0.7333333333333333,0.12668911022455454,0.9555919048222177,0.33796334141969275,0.26126703316426386,1.01359514043099
0.2333333333333333,0.7666666666666666,0.15121518948502885,0.3663805247734372,0.9296813581980199,0.7173124759032004,0.9992707924852873
0.2333333333333333,0.8,0.18866786743775585,0.3480332803565311,0.8002162836588883,0.6969010124075627,0.8726243549595497
0.2333333333333333,0.8333333333333334,0.20456294172895473,0.7584564839452906,0.49853270139353945,0.3966085843922011,0.9076293805278632
0.2333333333333333,0.8666666666666667,0.2219033808639918,0.9218500241929082,0.44348821165687413,0.3248193011901175,1.0229805770311955
0.2333333333333333,0.9,0.23412882250607966,1.024807248187025,0.39878621069668563,0.28012647024199444,1.0996637385030408
0.2333333333333333,0.9333333333333332,0.24848912824377084,1.2518991597492377,0.45338962348097084,0.265872635731613,1.331470486665425
0.2333333333333333,0.9666666666666668,0.26435479740481105,1.4062472786876008,0.39576743283312604,0.2196249732606991,1.4608775683497934
0.2333333333333333,1.0,0.27487362376597924,1.6860372828958272,0.3155647908350457,0.15765610706370362,1.7153142151015686
0.2666666666666666,0.0,-0.0036364718809427004,-0.16881942741339837,-0.9099162295819706,0.843502505624394,0.9254445115342449
0.2666666666666666,0.0333333333333333,-0.03396701286700838,-0.1901042476833722,-1.0502693530714982,0.8467362997989655,1.0673356262153364
0.2666666666666666,0.0666666666666666,-0.07365442875237589,-0.03165087120634979,-0.9037419447215866,0.9661630165772107,0.9042960136466799
0.2666666666666666,0.1,-0.09421647584844747,-0.11005248711429191,-0.3854514944373678,0.777897875271022,0.4008545926942107
0.2666666666666666,0.1333333333333333,-0.0993511950482004,-0.39914056907100226,0.2811080440996399,0.41324309768070516,0.48819558205277586
0.2666666666666666,0.1666666666666666,-0.07547593957513815,-0.4157190395433696,0.4799753785324135,0.5358695653854166,0.6349792782730751
0.2666666666666666,0.2,-0.06735283647937285,-0.4604600127916923,0.7575045149670857,0.6219430021997422,0.8864742035590462
0.2666666666666666,0.2333333333333333,-0.024975638577332447,-0.2703688154599277,0.9388212599688149,0.7764050326297436,0.9769773050294657
0.2666666666666666,0.2666666666666666,-0.004764752481451867,0.15069649977821192,0.41775069751129706,0.734897980855973,0.4441003043419131
0.2666666666666666,0.3,0.0028744079234206826,-0.21206908637566824,0.14932965536282017,0.4131991568218479,0.25936970402687604
0.2666666666666666,0.3333333333333333,0.005190557876069476,-0.3392327176058444,1.2133410701078484,0.7815029982533741,1.2598711795674609
0.2666666666666666,0.3666666666666666,0.08376381259727722,-0.4156601204896231,1.287857380008913,0.7559989137957316,1.3532737960253534
0.2666666666666666,0.4,0.09104771654333033,-0.4545151729457877,0.5352288920046464,0.5407750457502873,0.7021780467050083
0.2666666666666666,0.4333333333333333,0.1194457387309203,-0.20846552026269238,0.787855773528456,0.7907647647783873,0.8149690748859841
0.2666666666666666,0.4666666666666667,0.1435714347785607,-0.7811172968147765,0.652251975425674,0.45504810801906004,1.0176329745197519
0.2666666666666666,0.5,0.16292920375929856,0.47745186941759243,0.44917491634301293,0.4847419945607503,0.6555290940012551
0.2666666666666666,0.5333333333333333,0.17351642920142824,0.5822838331074516,0.3619702601195265,0.3833398898833439,0.685621565814046
0.2666666666666666,0.5666666666666667,0.18706055443393366,0.7104725260877058,0.4586255254812901,0.3922900434790637,0.84564093027031
0.2666666666666666,0.6,0.20409146423351424,0.3683565132554214,0.9593797335909878,0.7225680069137764,1.027665312289369
0.2666666666666666,0.6333333333333333,0.2510192033399995,0.5870461658901157,0.3299672491116603,0.35982815923256833,0.6734252641330006
0.2666666666666666,0.6666666666666666,0.22608928084095825,1.862027399150004,-0.24719244327505835,0.11719614916520525,1.8783636866159923
0.2666666666666666,0.7,0.23453970712166228,2.086188656581784,-0.6546836218893987,0.2388595875231995,2.1865026310573534
0.2666666666666666,0.7333333333333333,0.18244370604833168,2.020044076055195,-0.8625036010697908,0.2992157277794067,2.1964722923506326
0.2666666666666666,0.7666666666666666,0.1770394670503429,1.2708170290290752,0.08158553988456872,0.06032637157004563,1.273433202641011
0.2666666666666666,0.8,0.18788274204063626,0.7135000676627519,0.7341100400248635,0.5071186199421589,1.023718661263952
0.2666666666666666,0.8333333333333334,0.2259801363853338,0.4808848116266191,0.9203518736192637,0.6568140010249335,1.0384111773896014
0.2666666666666666,0.8666666666666667,0.24923953361525383,0.6738154042063759,0.5784162599390147,0.46190834851134827,0.8880273468242065
0.2666666666666666,0.9,0.2645412203812681,0.7578002063865186,0.4655166652417441,0.38053645464901564,0.8893632095028691
0.2666666666666666,0.9333333333333332,0.28027397796470344,0.9481205186147211,0.4997894055683825,0.3451799018853736,1.071784478212222
0.2666666666666666,0.9666666666666668,0.2978605140858269,1.1990171663937954,0.4950017931650212,0.2922055803282966,1.2971772972664888
0.2666666666666666,1.0,0.3132740975090382,1.5380494968343827,0.4624075026963377,0.23115093341412093,1.60605633564404
0.3,0.0,-0.01873434874315255,0.13207295386697104,-1.2383381873007406,0.9036253063774473,1.2453612854390614
0.3,0.0333333333333333,-0.0600122883198439,-0.1938965737470376,-0.9394577497974408,0.8289179564422176,0.9592584349200747
0.3,0.0666666666666666,-0.08136486539631525,-0.07664862805448974,-0.5424546115722728,0.8761941092398438,0.5478430594601531
0.3,0.1,-0.09617592909132874,0.0590327618689781,-0.3780411617385825,0.8649364359655042,0.38262251233106576
0.3,0.1333333333333333,-0.10656760951222075,-0.0126439370548951,-0.0393804611713735,0.7569613972293712,0.041360486775643794
0.3,0.1666666666666666,-0.09880129316942031,-0.22216968918568425,0.6343548069444463,0.740614903380498,0.6721349506508268
0.3,0.2,-0.06427728904925767,-0.22953179608472657,1.0111384442780822,0.8149937117717883,1.0368634427498062
0.3,0.2333333333333333,-0.03139206355088152,-0.5376238537430474,0.747631156226141,0.5816986904754909,0.9208646772862786
0.3,0.2666666666666666,-0.014435211967514947,-0.3549160344115021,0.5730857000629311,0.6175480915318482,0.6740865011992203
0.3,0.3,0.006813649786647216,-0.06959452881888495,0.6140439974426477,0.8981998144553649,0.6179752658779063
0.3,0.3333333333333333,0.026501054528661555,0.27537361103662394,0.45160350656503484,0.6212073195025751,0.528938893254396
0.3,0.3666666666666666,0.0369205502243162,-0.5595759037137454,0.8199823159722444,0.5943803634172727,0.9927216077653697
0.3,0.4,0.0811665422601445,-0.011599520725809056,1.276938549051246,0.990997921599774,1.2769912321289327
0.3,0.4333333333333333,0.12204978682773258,-0.2211871062640845,0.30696051671167823,0.5812021172833434,0.3783496990845637
0.3,0.4666666666666667,0.10163057670758971,0.1260811193506212,0.5015197364118756,0.7991062023052211,0.5171252214573785
0.3,0.5,0.15548443592185762,-0.26056266983905585,1.326279798398564,0.8357980233989817,1.3516327195483957
0.3,0.5333333333333333,0.19004922993416062,0.03846930174879721,0.9550083975118642,0.9612781426523959,0.9557828866930077
0.3,0.5666666666666667,0.21915166242264855,0.29785205849583335,0.413779438165857,0.5814518330159967,0.509832592327185
0.3,0.6,0.21763452581188442,0.5896414281599779,0.21132713354242874,0.263839485901003,0.6263674410230771
0.3,0.6333333333333333,0.2332401379921438,-0.45563341624119136,1.0037426291471274,0.6877888891756108,1.1023162321052913
0.3,0.6666666666666666,0.28455070108835956,0.35728525244035003,0.5178510875553666,0.5917376114879439,0.6291442604789784
0.3,0.7,0.2677635438291682,0.7572610394329379,-0.34787978690188076,0.3147832191265781,0.8333454433654458
0.3,0.7333333333333333,0.26135871529490085,1.7974063383306007,-0.4774082861330157,0.20986689684465382,1.8597279953636987
0.3,0.7666666666666666,0.23593632475363385,1.4518874000021937,-0.3768626501944233,0.20607663149696434,1.5000008264653373
0.3,0.8,0.23623453861527263,0.8783456196167996,0.010284066256432136,0.011572949249749932,0.8784058227942174
0.3,0.8333333333333334,0.23662192917072933,0.9017981494750391,0.4588480379371634,0.3372280334021597,1.0118208459581122
0.3,0.8666666666666667,0.2668244078110835,0.6513054132250023,0.7204036064167736,0.5251868990443092,0.9711745967818993
0.3,0.9,0.2846488362651809,0.5658562766598911,0.6730913251050309,0.5432766681546419,0.879343651689737
0.3,0.9333333333333332,0.31169716281808557,0.9214950783831496,0.8946065834882476,0.4925971944579372,1.2843185425372017
0.3,0.9666666666666668,0.3442892751643974,1.1411993234028133,0.9856964110527876,0.46344369170738214,1.507956667314212
0.3,1.0,0.3774102568882714,1.4330696532607132,0.9936294517162205,0.4094572127538923,1.7438429167831195
0.3333333333333333,0.0,0.0051683917101887,0.5877167311047913,-1.5618552848099878,0.7265889550322042,1.6687728685202758
0.3333333333333333,0.0333333333333333,-0.04689345111681088,0.7487496351145434,-1.2589909349929589,0.6270685335235058,1.4648154117425876
0.3333333333333333,0.0666666666666666,-0.07876433728934187,0.3894643456703502,-0.6508126091055709,0.6256147520308742,0.7584454685204696
0.3333333333333333,0.1,-0.0902809583905156,0.02354304301636565,-0.32144680343777315,0.9317572871829567,0.3223078067854281
0.3333333333333333,0.1333333333333333,-0.10019412418519341,0.08398223647071491,-9.440695502245525e-05,0.0011228677927163251,0.08398228953354532
0.3333333333333333,0.1666666666666666,-0.0902872521875171,0.09922185765366079,0.263087519502582,0.7261405199267802,0.2811761368862315
0.3333333333333333,0.2,-0.08265495621835461,-0.5442107070109722,0.4420503504097225,0.4482082579289792,0.7011232458867276
0.3333333333333333,0.2333333333333333,-0.060817228826868935,-0.6907985327472659,0.8134370216420393,0.5407643897715749,1.0671843331981814
0.3333333333333333,0.2666666666666666,-0.02842582144221867,0.4214409730757409,0.8857800224354595,0.6776054129157154,0.9809274906601356
0.3333333333333333,0.3,-0.0017652273311716457,0.0047421498280750705,0.7796193008109462,0.9939541268579535,0.7796337230917738
0.3333333333333333,0.3333333333333333,0.0235487986118444,-0.21312339047244533,0.7233596952129878,0.7724215271689018,0.7541026642474465
0.3333333333333333,0.3666666666666666,0.046458752349694196,0.2257709129896508,1.00088424824648,0.8159458989581588,1.026032057754582
0.3333333333333333,0.4,0.09027441516160972,-0.05672782001755203,0.8736176894543074,0.939024997229518,0.875457544882347
0.3333333333333333,0.4333333333333333,0.10469993164664801,0.02540102359856037,0.9255364136048863,0.9732884387502287,0.9258849091050407
0.3333333333333333,0.4666666666666667,0.1519768427352688,0.6726672124368982,0.6128764118507026,0.476744935194506,0.9099992719176313
0.3333333333333333,0.5,0.1455583591033615,0.2639016041456812,0.3615630987411889,0.5780711478559424,0.4476292339001046
0.3333333333333333,0.5333333333333333,0.17608104931801472,0.07583561554155337,0.9203849884544156,0.9238766843032888,0.9235039618522495
0.3333333333333333,0.5666666666666667,0.20691735833365588,-0.38863681287830865,1.009797651892471,0.7220915082767136,1.0820027126083176
0.3333333333333333,0.6,0.24340089277751276,-0.19261622577165577,0.20589425885396312,0.5166595780971502,0.28194583923076477
0.3333333333333333,0.6333333333333333,0.22064364225725341,0.09810772681266666,0.09761107339203243,0.4987312066594655,0.1383945364134494
0.3333333333333333,0.6666666666666666,0.24990829767031492,-0.4936015041297979,0.9657020123990708,0.6617554206242926,1.0845380683179424
0.3333333333333333,0.7,0.28502377641719145,0.1517914039829288,0.785437464000852,0.8380423297145435,0.7999703995643829
0.3333333333333333,0.7333333333333333,0.3022707952703717,0.6276871733688817,-0.16787724050053496,0.21101652810741506,0.6497491481255601
0.3333333333333333,0.7666666666666666,0.27383196038382246,1.3068457583171211,-0.8374751788292325,0.39055496046395843,1.5521631715726625
0.3333333333333333,0.8,0.24643911668175622,0.7540718748294315,0.18402078949770892,0.19616483157311576,0.7762010328362968
0.3333333333333333,0.8333333333333334,0.28610001301700305,0.927380701729499,0.6933116672274665,0.4277873336774353,1.1578929284929704
0.3333333333333333,0.8666666666666667,0.29265989449692065,0.6857985767920917,0.24247438712386665,0.2612102221538138,0.7274018946505111
0.3333333333333333,0.9,0.30226497215859416,0.6285223798638563,0.7357063303998913,0.5392837175063238,0.9676281241159745
0.3333333333333333,0.9333333333333332,0.3417069831902467,0.7335437189934473,1.0751324523113048,0.5944305948011248,1.3015360838976604
0.3333333333333333,0.9666666666666668,0.3739404689793478,0.4478031644243928,1.0065763680425848,0.692100201888285,1.1016912719860772
0.3333333333333333,1.0,0.4088120743930857,0.538972638327269,1.0461481624121374,0.6599800860124628,1.176825170781008
0.3666666666666666,0.0,0.020446766663833528,0.3290604874161485,-0.9162723792812365,0.7357650342202765,0.9735686300473385
0.3666666666666666,0.0333333333333333,-0.01009564597887435,0.163007446638842,-1.137710135231882,0.8746788319687347,1.1493284036640972
0.3666666666666666,0.0666666666666666,-0.055400575684958576,0.6658585927926092,-1.2676612036704504,0.6556235969186104,1.431898248091312
0.3666666666666666,0.1,-0.0946063928902377,0.5144043953843083,-0.6835232709382177,0.5705880998946627,0.8554624152496566
0.3666666666666666,0.1333333333333333,-0.10096879374750642,0.4357074887002525,0.03629835346592163,0.07690233938490629,0.43721686400894655
0.3666666666666666,0.1666666666666666,-0.09218650265917626,0.10653906527688706,0.006161863462759156,0.054674469249440354,0.1067171073043422
0.3666666666666666,0.2,-0.10055800284998914,0.11275880228220489,0.22111805387715544,0.6622742780698018,0.2482090676074063
0.3666666666666666,0.2333333333333333,-0.0774452990673659,-0.3485106643241267,1.713282836312854,0.8309672310944545,1.7483700295852311
0.3666666666666666,0.2666666666666666,0.013660852904201107,-0.335588157063035,1.268626382638272,0.7908084306943639,1.3122622870016616
0.3666666666666666,0.3,0.007129793108518887,-0.10477797262472498,-0.020520366105538562,0.1637720524748046,0.10676848304838349
0.3666666666666666,0.3333333333333333,0.012292828497165204,0.2642057148431842,0.6726322697266106,0.7179814234747216,0.7226609371159962
0.3666666666666666,0.3666666666666666,0.05197194442362625,-0.04444894060873402,0.9763778864271376,0.956457903111933,0.9773891166905652
0.3666666666666666,0.4,0.0773846875923077,-0.40773354361779673,1.0765686596601556,0.7253028778658736,1.1511936073283198
0.3666666666666666,0.4333333333333333,0.12374318840096994,0.09984444484365372,1.0363555491661285,0.912124233964048,1.0411540411742948
0.3666666666666666,0.4666666666666667,0.14647505753671625,0.09729162864347249,0.7400203169589965,0.8838048004039062,0.7463884581879553
0.3666666666666666,0.5,0.17307787619823636,0.5143480814655936,0.7294482015032192,0.5864691923359844,0.8925517506473325
0.3666666666666666,0.5333333333333333,0.19510493763693085,0.3677711708547455,0.3024699804878744,0.4512853021363576,0.47617614724826934
0.3666666666666666,0.5666666666666667,0.19324254156409465,0.3657887203724173,0.14532759685264784,0.28433370635016186,0.3936006838899752
0.3666666666666666,0.6,0.20479344409377404,0.024794714176797218,0.698071673233404,0.9656994506749321,0.6985118745032138
0.3666666666666666,0.6333333333333333,0.23978065311298824,0.33114820956092716,0.7027573507889852,0.6797113563748953,0.7768700218076126
0.3666666666666666,0.6666666666666666,0.25164393414637304,0.08557923623753434,0.5715347647256287,0.8697650086406669,0.5779063877177509
0.3666666666666666,0.7,0.2778829707613635,-0.04636048457382803,0.7734088905967988,0.9434469181479505,0.7747971389880653
0.3666666666666666,0.7333333333333333,0.3032045268528263,0.16480428992947968,0.6776460682011766,0.8043750728586905,0.6973984856075282
0.3666666666666666,0.7666666666666666,0.3230593753081086,0.7236963992840721,-0.2504779487338735,0.2571181937232239,0.765817002382854
0.3666666666666666,0.8,0.2865059969372347,1.30821225023957,-0.36918099033118995,0.22009209373323227,1.3593064022871362
0.3666666666666666,0.8333333333333334,0.29844730928602925,0.6377180141544202,0.39057473989982366,0.3798283498156599,0.747818756801989
0.3666666666666666,0.8666666666666667,0.3125443129305563,0.6751477150229108,0.42154528455113094,0.38437856785341035,0.7959427517277556
0.3666666666666666,0.9,0.32655032825610464,0.9923459545290316,0.7208364673063865,0.42075873422406374,1.2265217919258045
0.3666666666666666,0.9333333333333332,0.3606000774176487,0.5648904254063934,0.713887368048784,0.5582575578825976,0.9103495850361202
0.3666666666666666,0.9666666666666668,0.3741428194593569,0.10850986581186553,0.7911253303866094,0.8793845924766083,0.7985322030812727
0.3666666666666666,1.0,0.4133417661100893,-0.004024114998435192,1.175968399521973,0.9965897114185756,1.1759752846789728
0.4,0.0,0.02710575753793193,0.10066703951036335,-1.8939613663646009,0.9495309305663856,1.8966347856467904
0.4,0.0333333333333333,-0.03602628800755475,-0.04114756206980685,-0.9221928296164983,0.9572865807092559,0.9231103600655626
0.4,0.0666666666666666,-0.034373764436501274,0.02660046669947972,-0.2994156603601047,0.9184075127221603,0.3005949475581845
0.4,0.1,-0.055987332031561726,1.14676518878109,-0.5515979075301298,0.3247820850136108,1.2725292333741283
0.4,0.1333333333333333,-0.07114695827184325,1.2419573233940449,-0.40795973706244365,0.24726075439790407,1.3072448661961378
0.4,0.1666666666666666,-0.08318464783572463,0.767130402098643,-0.05986116691546557,0.07238425294568429,0.7694624182690841
0.4,0.2,-0.07513770273287429,1.0353331174096696,-0.012999379191291214,0.012400053640843418,1.0354147226423738
0.4,0.2333333333333333,-0.08405127311514404,0.9992695872383547,0.3650900622967994,0.26759077961678795,1.0638752095839965
0.4,0.2666666666666666,-0.050798365246421,-0.30671286061592157,1.1295127141348613,0.7864452033106686,1.1704152042157958
0.4,0.3,-0.00875042550615331,-0.10859332347178331,1.3794131727171655,0.9270209345524295,1.3836810365717542
0.4,0.3333333333333333,0.041162512934723346,0.35266556702756796,0.7836887272289786,0.6896517496259409,0.8593840953570485
0.4,0.3666666666666666,0.04349548964244526,0.5656788523986351,0.3289449897854991,0.36769083750597675,0.6543679166615818
0.4,0.4,0.06309217892042328,-0.14531258294642188,1.017911074906695,0.8750776929566447,1.0282308608382964
0.4,0.4333333333333333,0.11135622796955826,-0.4226081901710474,1.4305615858661556,0.7719538729609826,1.4916782941893127
0.4,0.4666666666666667,0.1584629513115003,-0.21052385947000116,1.0273800484726425,0.8299352170073645,1.0487278290413553
0.4,0.5,0.17984823120106774,0.10564778884093812,0.632042640952462,0.8567857402318121,0.6408114818487121
0.4,0.5333333333333333,0.20059912737499774,0.30655331854158396,0.7718256273612394,0.7157276487024361,0.830475608407874
0.4,0.5666666666666667,0.23130327302515036,0.617591094647847,0.6668211952145225,0.5191644462433285,0.9088835275081458
0.4,0.6,0.24505387372263257,0.9114854700350327,0.17125374804247295,0.15816712388653326,0.9274338835213966
0.4,0.6333333333333333,0.24272018956131522,0.6456399557233262,0.15839559545276954,0.19700073612550817,0.664785767811899
0.4,0.6666666666666666,0.25561358008615054,0.5008081870720248,0.5881933182643156,0.5401216760326248,0.7725155143355729
0.4,0.7,0.2819330774456029,0.3499073726783245,0.8646625176927973,0.7119084085219606,0.9327788799911235
0.4,0.7333333333333333,0.313257747932337,0.3446025270946313,0.6021796433573652,0.6360276546714889,0.6938092133677742
0.4,0.7666666666666666,0.3220783870027606,0.43175831443648266,0.305932781480858,0.414716651961783,0.5291598141106778
0.4,0.8,0.33365326669772755,1.2865958526382244,0.09804240436805697,0.07080723349363024,1.2903260057365926
0.4,0.8333333333333334,0.3286145472939644,1.3392686248850094,0.06024713201080724,0.043048555697892135,1.340623051613283
0.4,0.8666666666666667,0.3376697421651147,1.2385082391554882,0.5971023274984781,0.3252881293807886,1.3749304884102789
0.4,0.9,0.36842136912719625,1.039559684535971,0.6254490407833739,0.3756431010074222,1.2132068415275978
0.4,0.9333333333333332,0.3793663448840063,1.2123587178035504,0.1912963635941387,0.13628445202054582,1.2273581218856253
0.4,0.9666666666666668,0.38117446003347216,1.4859853916611645,0.43766182763775624,0.22751667938223283,1.5490966592183995
0.4,1.0,0.4085438000598567,1.2415583485641055,0.821080200791536,0.39807275057863994,1.4885025458564383
0.4333333333333333,0.0,0.027157902631191083,0.18465721547674283,-1.199901582441577,0.8666310049422428,1.214027221594897
0.4333333333333333,0.0333333333333333,-0.01283881678352814,0.501553032763957,-1.2117767080427653,0.7072641530591768,1.311471781941832
0.4333333333333333,0.0666666666666666,-0.053627211238326596,-0.07426641420161204,-0.07974845281955385,0.5177971085648129,0.10897392351144382
0.4333333333333333,0.1,-0.018155380304831728,0.3470705662203334,0.5318335857563474,0.605109879797744,0.6350629424513423
0.4333333333333333,0.1333333333333333,-0.01817163885457011,1.0715717354223582,-0.34333643321652524,0.24265633687507002,1.1252314830868937
0.4333333333333333,0.1666666666666666,-0.04104447585260007,1.2023829668121726,-0.20046234252161615,0.14289696888733636,1.2189790603817998
0.4333333333333333,0.2,-0.03153579502267785,1.104480708591796,0.4532572390168672,0.29097143053661745,1.1938675640005592
0.4333333333333333,0.2333333333333333,-0.01082732658480893,1.7250356755991891,0.3712368582872629,0.17709379495565702,1.764529650371721
0.4333333333333333,0.2666666666666666,-0.006786671136860328,0.9999092056036641,0.16076347192813403,0.13850887941120654,1.0127503707021484
0.4333333333333333,0.3,-0.00010976178959999899,0.6420155308584593,0.638858061537951,0.49876745475148687,0.9057171548863904
0.4333333333333333,0.3333333333333333,0.03580386629900306,-0.09143613621611776,1.346904445597029,0.9364294261232239,1.3500045009462642
0.4333333333333333,0.3666666666666666,0.08968386791686858,0.058857269230056256,0.47839973645314776,0.8904485774825583,0.4820067281477101
0.4333333333333333,0.4,0.06769718206254624,0.6671630198345279,0.0882816170904731,0.11686047233033374,0.6729785575713654
0.4333333333333333,0.4333333333333333,0.09556930905623345,-0.31316850778488686,0.9711442726425492,0.7561586923703583,1.020389980622428
0.4333333333333333,0.4666666666666667,0.1324401335720495,-0.48801073029772957,1.2682762959709821,0.7221349796482162,1.3589257653777844
0.4333333333333333,0.5,0.18012106212096557,-0.14688899556924154,1.2465253795148044,0.8945834073511824,1.2551501498999502
0.4333333333333333,0.5333333333333333,0.2155418255397031,0.2520658362212424,0.8144132862947833,0.7636467222850349,0.8525292878742541
0.4333333333333333,0.5666666666666667,0.23441528120728444,0.3747416494092149,0.7502597483460965,0.6668967255001389,0.8386423515362714
0.4333333333333333,0.6,0.26555914209610954,0.5344226069042279,0.7261205343088832,0.5760378289076924,0.9015866864119773
0.4333333333333333,0.6333333333333333,0.28282331682787665,1.0346587774678535,0.29208006782597723,0.2201488777252849,1.0750951361681909
0.4333333333333333,0.6666666666666666,0.28503114661784135,0.961005675484271,0.275802181680627,0.2229951726801292,0.9997993557373267
0.4333333333333333,0.7,0.30121012893991844,0.781670487549168,0.6172032306194054,0.4412144017027192,0.9959661535375511
0.4333333333333333,0.7333333333333333,0.32617802865913503,0.5835002201389105,0.7594970099593348,0.5655238841436588,0.9577620868667368
0.4333333333333333,0.7666666666666666,0.3518432629372074,0.8156357692895704,0.6915153768097194,0.4588228450739359,1.069324658141239
0.4333333333333333,0.8,0.372279053779783,1.0054910751915256,0.5383293201173368,0.3486994482992542,1.1405309111057904
0.4333333333333333,0.8333333333333334,0.3877318842783632,1.547097875531282,0.3424871264170876,0.1812499178729434,1.584553333982432
0.4333333333333333,0.8666666666666667,0.3951115288742555,1.3643378285771943,0.1218363442020923,0.08197985568154963,1.3697670624070593
0.4333333333333333,0.9,0.39585430722516934,1.0706274839638394,0.6946869459544487,0.3935202330989862,1.2762574827589692
0.4333333333333333,0.9333333333333332,0.4414239919378854,1.0495671704794165,1.1603130751739779,0.5250569923217303,1.5645822694150224
0.4333333333333333,0.9666666666666668,0.47320851223676785,1.4249852685812017,0.8203249611471644,0.3653503869023952,1.644237226666072
0.4333333333333333,1.0,0.49611232268102967,1.3869053022186442,0.6871143133278547,0.3312959569800413,1.5477830587334254
0.4666666666666667,0.0,0.03941623856971478,0.2945160806225974,-1.2601697317901726,0.8105623153751381,1.29412807506267
0.4666666666666667,0.0333333333333333,-0.002589419156624293,0.4789262987439209,-1.1811164592948533,0.7114976126821341,1.2745220633813141
0.4666666666666667,0.0666666666666666,-0.03932485871660874,0.38184236071918237,-0.45389812690372827,0.5431089358788238,0.5931501479779898
0.4666666666666667,0.1,-0.032849294283539505,-0.025168845527765098,0.5942402420938403,0.9593663605672821,0.5947730122567318
0.4666666666666667,0.1333333333333333,0.00029115742298060215,0.7727433097036016,0.44735266352939546,0.36665366769796415,0.8928922825618557
0.4666666666666667,0.1666666666666666,-0.0030257833815798135,0.9393710145855612,-0.026952193746027735,0.02789148963167531,0.9397575877806095
0.4666666666666667,0.2,-0.0015056554934212464,0.19063727406705536,0.5096533295957255,0.7277740511297005,0.5441406864329544
0.4666666666666667,0.2333333333333333,0.030951105258135214,0.04177199811780785,0.2605185593086676,0.8618150746307455,0.2638462043900156
0.4666666666666667,0.2666666666666666,0.015862248460489923,0.2294427589458841,0.04649256939413136,0.1684908187502612,0.2341058278675847
0.4666666666666667,0.3,0.03405060988441064,0.8165203250934226,0.28806783089738364,0.26079206927489573,0.8658455500195125
0.4666666666666667,0.3333333333333333,0.035066770520315496,0.5869392339250814,0.20053046560057566,0.2546516592592298,0.6202500559891512
0.4666666666666667,0.3666666666666666,0.04741930759111568,-0.20847518320837807,1.0875441458361448,0.8391419182288938,1.107345551829345
0.4666666666666667,0.4,0.10756971357605846,0.29878994923652513,0.6458852978917521,0.6837114657711016,0.71164826410066
0.4666666666666667,0.4333333333333333,0.0904783274505658,0.45368667404666063,0.27538783573389797,0.3777224852049565,0.5307259728689763
0.4666666666666667,0.4666666666666667,0.125928902624985,0.05497027784844609,1.1936595606882878,0.9559755212058159,1.194924632882464
0.4666666666666667,0.5,0.17005563149645164,-0.37025713114185793,1.372119207471434,0.7874987607806158,1.4211971934511534
0.4666666666666667,0.5333333333333333,0.2174035164564139,-0.09964720446116421,1.2934562723396958,0.9284710675692266,1.2972889785286186
0.4666666666666667,0.5666666666666667,0.25628604965243135,0.21181785738314798,0.9491779658975081,0.8175550220459805,0.972525380466607
0.4666666666666667,0.6,0.28068204751624776,0.5141558341338305,0.8311708761011115,0.6178208384459708,0.9773439758102284
0.4666666666666667,0.6333333333333333,0.31169744139250544,0.6566583226827017,0.5849786640328126,0.4711350179574215,0.8794317427305394
0.4666666666666667,0.6666666666666666,0.31968062511843526,1.019350935849116,0.33520502834563015,0.2474648794189188,1.07305113645374
0.4666666666666667,0.7,0.3340444432822141,1.056502316222352,0.4871570623474368,0.31558585340166895,1.1634084182169986
0.4666666666666667,0.7333333333333333,0.35215776260826437,0.9322132070606572,0.6361449250977675,0.40561202958299103,1.1285839929513266
0.4666666666666667,0.7666666666666666,0.3764541049553986,0.9070041753932139,0.727923636533473,0.44523289115477743,1.1629829727063246
0.4666666666666667,0.8,0.40068600504382923,0.7978840074459389,0.8295045106097686,0.5097151057700738,1.1509546569956364
0.4666666666666667,0.8333333333333334,0.4317544056627165,1.0559456424282818,0.4190938853964761,0.28412383362669213,1.1360725701028045
0.4666666666666667,0.8666666666666667,0.4286255974035943,1.2440784919816683,0.12063193593103541,0.08839379656205855,1.2499133402671767
0.4666666666666667,0.9,0.4397965347247855,1.2318541837165333,0.3106783826855961,0.201407989336806,1.2704274034387264
0.4666666666666667,0.9333333333333332,0.44933748958263403,1.0397374732328337,0.5456541482115012,0.3441762532555807,1.1742199379609497
0.4666666666666667,0.9666666666666668,0.4761734779388856,0.996711657118309,0.774999959376984,0.437430082955627,1.2625605191315987
0.4666666666666667,1.0,0.5010041535410996,0.6763184835879894,0.7449202680664209,0.5241345039313678,1.006137613360571
0.5,0.0,0.0467923080060309,0.12457954822456377,-0.8310811461989298,0.8696403975265333,0.8403665482413988
0.5,0.0333333333333333,0.019089603132733248,0.2661785833005232,-1.1244504279461804,0.808591233788591,1.1555257691268601
0.5,0.0666666666666666,-0.028171053857047778,0.41411675482410054,-0.5838435970912399,0.5850368664152791,0.7157974800811207
0.5,0.1,-0.019833303340016067,-0.011234133969888415,0.9227345347407667,0.9879716158087004,0.9228029190294711
0.5,0.1333333333333333,0.03334458179233665,0.3501559825286123,0.6212034268968009,0.6395196472789206,0.7130938996295697
0.5,0.1666666666666666,0.021580258453103983,0.26683654532190426,-0.7825683781581625,0.7457258496205514,0.826810140487177
0.5,0.2,-0.018826643418207497,0.37232580891220945,-0.44434177745088593,0.544091359655517,0.5797121036948805
0.5,0.2333333333333333,-0.008042526710288407,-0.019691789757325422,0.41004234316609167,0.9541768078244911,0.4105149081007724
0.5,0.2666666666666666,0.008509512792865275,0.045348068408363515,0.9355117989037488,0.9537670263412524,0.9366102568285796
0.5,0.3,0.0543249265499615,-0.2340112045354972,0.9963545365171484,0.809803543184413,1.0234664656384478
0.5,0.3333333333333333,0.07493314856067515,0.3927246335910986,0.32190893729522824,0.4504531418751844,0.5077972053288653
0.5,0.3666666666666666,0.07578552236964338,1.0686176399910097,0.1902504517645915,0.1511281865117978,1.0854210680176548
0.5,0.4,0.08761651201164791,0.4896265511406641,0.7504434743455118,0.6051621754596451,0.8960466325865324
0.5,0.4333333333333333,0.12581508732601082,1.0516516403151637,0.7273246012544702,0.40884447147688385,1.2786603333831656
0.5,0.4666666666666667,0.1361048187619459,0.8573435515313486,0.44433249078246345,0.34135412832261564,0.9656445141548384
0.5,0.5,0.15543725337817504,0.09259431421033971,1.091907897205194,0.921828500345571,1.095826885508451
0.5,0.5333333333333333,0.2088986785756255,-0.08749763760552991,1.3964882748197893,0.9410387680415847,1.3992266929614015
0.5,0.5666666666666667,0.2485364716994943,-0.049542931782967384,1.3640627869410913,0.9649527933236677,1.3649621931786788
0.5,0.6,0.29983619770503156,0.09601836848984943,1.1709609996084371,0.9242147339510577,1.1748911395067385
0.5,0.6333333333333333,0.32660053834005676,0.30182147298578327,0.7972751695412627,0.725391324741167,0.8524927551142925
0.5,0.6666666666666666,0.35298787567444906,0.9011784924828158,0.675646175220277,0.4284852901270678,1.1263305151701208
0.5,0.7,0.3716436166880752,1.2361830400231308,0.5300655018309468,0.3001081044203004,1.3450345514789286
0.5,0.7333333333333333,0.38832557579651217,1.0314431011124925,0.6099988691301967,0.3716237796941476,1.1983211135470635
0.5,0.7666666666666666,0.41231020796342166,0.7952455627191023,0.5571861771950011,0.4119883915401079,0.9710159324550761
0.5,0.8,0.42547132094284557,0.5976855432114493,0.6872707871524046,0.5348592562346411,0.9108068639602203
0.5,0.8333333333333334,0.4581282604402486,0.6591870817192603,0.7886816109528171,0.5447190169553882,1.027884376844344
0.5,0.8666666666666667,0.4780500950063667,1.0893751677060002,0.29774488549034395,0.2146496871732549,1.1293317815638297
0.5,0.9,0.4779779194729382,1.2769949794484134,0.49034592720561415,0.2774484115427107,1.3679017895534706
0.5,0.9333333333333332,0.510739823486741,1.4745836443587013,0.9251705485757535,0.3855272141203935,1.7407864510508315
0.5,0.9666666666666668,0.5396559560446551,1.2738212574660934,0.45690597150232004,0.2639965234583241,1.3532862456875037
0.5,1.0,0.5412002215868956,1.3339247215910868,0.04632796626721559,0.033564844085977714,1.3347289774820634
0.5333333333333333,0.0,0.0477215417846857,0.057313329603841404,-0.9769716616382537,0.9445865210370958,0.9786513400565541
0.5333333333333333,0.0333333333333333,0.01515581973007725,0.07759704336181644,-0.8915792526953163,0.9199350585878937,0.8949496438209439
0.5333333333333333,0.0666666666666666,-0.01171707506166871,0.6912379217705342,-0.7313108441741399,0.5140849028739602,1.0062929073089706
0.5333333333333333,0.1,-0.03359823654819873,0.2057840609957823,0.530279469798352,0.7204262235709965,0.5688087515584981
0.5333333333333333,0.1333333333333333,0.02363488959155475,0.5138100984001651,0.7254233428211881,0.5853807028530731,0.8889543540181658
0.5333333333333333,0.1666666666666666,0.014763319639880465,0.2841347001733609,-0.004782367362430544,0.01655273398425345,0.28417494414567046
0.5333333333333333,0.2,0.023316065100726046,0.6265133983650223,0.22312499451649587,0.2626117138607349,0.6650592466155745
0.5333333333333333,0.2333333333333333,0.02963831927431352,0.3283006009170923,-0.06645918119517835,0.16835347521870198,0.33495985927817895
0.5333333333333333,0.2666666666666666,0.01888545302104749,0.01966528325177906,-0.16782684538404044,0.89511408614931,0.16897506738253226
0.5333333333333333,0.3,0.018449862915377493,-0.22984484742328862,0.6354443960801187,0.734372235470435,0.6757353286580935
0.5333333333333333,0.3333333333333333,0.061248412759722065,-0.11128846630423131,1.5031593101270826,0.9310671624509088,1.5072733774448732
0.5333333333333333,0.3666666666666666,0.11866048359051631,0.9258345282049623,1.1844460633857103,0.5612742059542455,1.5033569272419678
0.5333333333333333,0.4,0.14021148365210273,0.9476180857598258,0.6289192982159059,0.3989244432820802,1.1373299961433814
0.5333333333333333,0.4333333333333333,0.16058843680491003,0.9225850827778267,0.6431048361245824,0.4107485322351799,1.1246097390699563
0.5333333333333333,0.4666666666666667,0.18308513939374155,1.2771165331444678,0.23460223458346396,0.1551890732533963,1.2984855978032637
0.5333333333333333,0.5,0.17622858577714096,1.2869109679547455,0.4272780183345555,0.2492595750830734,1.3559890649979907
0.5333333333333333,0.5333333333333333,0.21157034061604524,0.43776051174280806,1.1513190263463888,0.724519445849012,1.2317344543644633
0.5333333333333333,0.5666666666666667,0.25298318753356686,0.1556531843355004,1.1326939719928875,0.8791838181417727,1.1433387721855695
0.5333333333333333,0.6,0.2870832720822377,0.03129949248888709,1.1825352808698621,0.9742143715307482,1.182949427799864
0.5333333333333333,0.6333333333333333,0.331818872924891,0.2715773738776259,1.390138788025779,0.8365681335333773,1.4164180597465035
0.5333333333333333,0.6666666666666666,0.3797591912839563,0.24970482120144277,1.2695665953829778,0.8356417303217476,1.2938901954352888
0.5333333333333333,0.7,0.4164566459504228,0.8973055049586522,0.6174216709771134,0.40761246037305937,1.089204613018726
0.5333333333333333,0.7333333333333333,0.42092063601576385,0.84336040690163,0.1952074477937391,0.1879582994131828,0.8656573938940442
0.5333333333333333,0.7666666666666666,0.42947047580333875,0.8364697467705148,0.29416607863242994,0.2601775673679832,0.8866878363213911
0.5333333333333333,0.8,0.4405317079245925,0.6961187871546594,0.6934460296099266,0.49903827532458833,0.9825725224182921
0.5333333333333333,0.8333333333333334,0.4757002111106672,0.5664232849450633,0.9107835098910269,0.6165578936374219,1.0725492714171105
0.5333333333333333,0.8666666666666667,0.5012506085839943,0.7573656729058363,0.7384398336601884,0.4936736964924348,1.0577788759623616
0.5333333333333333,0.9,0.5249295333546797,0.9858371867803536,0.6958868593382973,0.41379372611361254,1.2067035592218667
0.5333333333333333,0.9333333333333332,0.5476430658732141,1.0954686675186152,0.5424804262291811,0.33119492437211834,1.2224306173999424
0.5333333333333333,0.9666666666666668,0.5610948951032918,1.0455137868493256,0.6343410366093695,0.3776165819515932,1.2229013162224769
0.5333333333333333,1.0,0.5899324683138387,1.263871902347672,0.8651271963164078,0.40635395142217967,1.5316061018911526
0.5666666666666667,0.0,0.050613196646286995,0.1886555791148719,-0.7905137186829797,0.8073309901166655,0.81271327475141
0.5666666666666667,0.0333333333333333,0.024262739356854343,0.49234981315881876,-0.49052583577948766,0.49907212200175005,0.6949992331540292
0.5666666666666667,0.0666666666666666,0.01791147426098783,0.6736150405784017,-0.455656579457274,0.4034959981044055,0.8132528151172579
0.5666666666666667,0.1,-0.00611436594029725,0.8420049270628837,0.7453067113703976,0.46954025493445956,1.1244796090689815
0.5666666666666667,0.1333333333333333,0.06759858835234765,-0.031222896669602068,0.6995540660743795,0.957274382935713,0.7002504984915312
0.5666666666666667,0.1666666666666666,0.040522571797994705,0.41087625308345765,-0.6698650781933053,0.6198199872692405,0.7858361905198975
0.5666666666666667,0.2,0.02294091647279398,0.4323926103237276,-0.40017587670715454,0.4806522021200533,0.5891554139281983
0.5666666666666667,0.2333333333333333,0.013844180017517742,0.10922821948329933,-0.19680577194715154,0.6430846816304637,0.22508513012459536
0.5666666666666667,0.2666666666666666,0.009820531676317213,0.3962831939855952,0.3773663505633679,0.4877742812908552,0.5472163487807538
0.5666666666666667,0.3,0.039001936721742264,0.18288756953639443,0.865400786961138,0.8255369637535176,0.8845147738528093
0.5666666666666667,0.3333333333333333,0.0675139174737264,-0.00011634635162773024,1.477588312923479,0.9999212654904365,1.4775883175040763
0.5666666666666667,0.3666666666666666,0.13750782424997418,-0.48252382035851366,1.2491570038286486,0.7213552211129862,1.339112563389479
0.5666666666666667,0.4,0.15079105106230295,0.4081186443154082,0.7471940289183763,0.6467461547244511,0.8513869535582055
0.5666666666666667,0.4333333333333333,0.18732075951119925,0.4151698746183847,1.0568230486391121,0.7179538922649027,1.1354474804787373
0.5666666666666667,0.4666666666666667,0.22124592097157708,0.8040502905736366,0.8086583759593823,0.5014286788064617,1.1403618893933694
0.5666666666666667,0.5,0.2412313179084914,1.5290057401852297,0.2525518758035342,0.14175902790736747,1.549722879579206
0.5666666666666667,0.5333333333333333,0.2380827126918127,1.1672648408809325,0.2652304912005441,0.18515277869363309,1.1970189732077225
0.5666666666666667,0.5666666666666667,0.25891335065519433,0.9730993679888019,0.9576017676871703,0.4959865356643597,1.3652558461540456
0.5666666666666667,0.6,0.30192283053762403,0.6395769061476648,1.2868851891505626,0.6680044171600197,1.4370567521613398
0.5666666666666667,0.6333333333333333,0.34470569659856515,0.44462895398947444,1.0156804982538183,0.6955241553039009,1.1087388246376595
0.5666666666666667,0.6666666666666666,0.36963486375454524,0.26559483866482053,1.3013743063013035,0.8305041043609303,1.328200174456618
0.5666666666666667,0.7,0.4314639836853187,-0.1330465031975406,1.123721087531134,0.8941359530759382,1.1315699070650687
0.5666666666666667,0.7333333333333333,0.4445496029232875,0.7229326918140099,0.5491631109420593,0.4316994913058165,0.907861112347594
0.5666666666666667,0.7666666666666666,0.46807485774812263,0.7589376977488684,0.4099445574480305,0.3507150148147087,0.8625780945778848
0.5666666666666667,0.8,0.4718792400864895,0.9468225101734664,0.4172243253269532,0.30587243375253215,1.0346733800652819
0.5666666666666667,0.8333333333333334,0.4958898127699195,0.8324067166138196,0.8499284967039941,0.5052075769298138,1.1896551564942301
0.5666666666666667,0.8666666666666667,0.5285411398667558,0.77365527220938,0.7171587873256342,0.4810518003494792,1.054921421934233
0.5666666666666667,0.9,0.5437003985916284,0.822625776417494,0.8284489218183929,0.5017634409294506,1.1674933764645274
0.5666666666666667,0.9333333333333332,0.583771067987982,0.9615889113756928,0.9848471486447254,0.5059745700736732,1.3764363918010654
0.5666666666666667,0.9666666666666668,0.6093568751679435,1.4251562178918606,0.6253092063313771,0.3049596442565025,1.5563039063494666
0.5666666666666667,1.0,0.6254583484100738,1.0932281234125698,0.4830441972639089,0.30644717345325456,1.195190121416046
0.6,0.0,0.06029858039234382,0.11714779311863109,-0.3695831935503599,0.7593171663050512,0.38770522615441794
0.6,0.0333333333333333,0.04797914060733183,0.5263000792691462,-0.40661979123178654,0.4358571449587106,0.6650800162838237
0.6,0.0666666666666666,0.033190594310224725,0.5584039604282187,-0.3816557302700751,0.40599095360271653,0.676369780127634
0.6,0.1,0.02253542525599349,0.624027859949502,-0.17455846744965173,0.21858434268234467,0.6479825835248402
0.6,0.1333333333333333,0.02155336314691461,-0.1189492375476778,0.2942946688417622,0.7121573102264203,0.31742443702691886
0.6,0.1666666666666666,0.0421550698454443,0.08855801114694765,0.4588331396308991,0.8382180438593023,0.4673011570302935
0.6,0.2,0.05214223912230788,0.7756828085284514,-0.07852303908366243,0.0919251949669618,0.7796471555219839
0.6,0.2333333333333333,0.03692020057320014,0.08139213582206152,-0.10256859753331074,0.5575570159049673,0.13093890550034085
0.6,0.2666666666666666,0.045304332620087165,0.7434636178870654,-0.09416749533094534,0.11242120050814816,0.7494035416907422
0.6,0.3,0.03064236755113712,0.8273709485878256,0.23904485574289583,0.22415727033689217,0.8612114314291585
0.6,0.3333333333333333,0.061240656336280216,-0.32068928899551896,0.8377479202321746,0.7231707627819414,0.8970302101544771
0.6,0.3666666666666666,0.08649222889994874,-0.22263083990261429,1.592681054052746,0.8773594550644811,1.6081658592366366
0.6,0.4,0.16741939327312994,0.20287580180232473,1.5266129931928043,0.882696087774945,1.5400343573901294
0.6,0.4333333333333333,0.18826642844613567,0.17035042788432322,1.0390364823828109,0.8591431522549755,1.0529083910781685
0.6,0.4666666666666667,0.23668849209865064,0.3869751535776204,1.348438100150309,0.7770126782503594,1.40286673615971
0.6,0.5,0.2781623017894896,0.47220034689896645,0.7904925686418512,0.6260370664258295,0.92078861238044
0.6,0.5333333333333333,0.28938799667477405,1.5081820194437299,0.5954126541499609,0.2830453326508873,1.6214589826743284
0.6,0.5666666666666667,0.3178564787328203,1.245847718360194,0.6050060372596199,0.3268794389738348,1.3849797263728771
0.6,0.6,0.32972173249208203,1.1224069551103668,0.6540648668705347,0.3681819541281564,1.29907591115935
0.6,0.6333333333333333,0.36146080319085594,0.6176612651799153,1.0161567205429347,0.6219522183147937,1.189150923646038
0.6,0.6666666666666666,0.397465513861611,0.7962802017072093,0.6918911381959626,0.4649270683045009,1.0548817501241448
0.6,0.7,0.40758687907058677,0.2778211110968954,1.0747595241263028,0.7945992247249272,1.1100867553805471
0.6,0.7333333333333333,0.4691161488033645,0.41165720673935435,1.087191648740148,0.7253510884473674,1.162517671672465
0.6,0.7666666666666666,0.48006632231992996,0.6235391976764527,0.5180558969918865,0.4538000376940952,0.8106682696683413
0.6,0.8,0.5036532086028236,1.0765641613331913,0.7669150484748779,0.41601502441393085,1.3217976717502047
0.6,0.8333333333333334,0.5311939922182551,0.9818841176441458,0.7376162719269403,0.42897127351679876,1.2280774344857985
0.6,0.8666666666666667,0.5528276267312863,0.7157176180279174,0.7286588934638628,0.5044798829574497,1.0213694198376693
0.6,0.9,0.5797712517825127,1.033609643099296,0.8838204985046102,0.4609401298788937,1.3599586640353418
0.6,0.9333333333333332,0.6117489932982603,0.8861418520422617,1.1450108677035478,0.5637246557446657,1.4478595474354965
0.6,0.9666666666666668,0.6561053096294158,0.77040832083381,0.7659802486462466,0.49855893480479946,1.0863952881553456
0.6,1.0,0.66281434320801,1.266913093423577,0.20127100735782616,0.13708839868971803,1.2828011555540988
0.6333333333333333,0.0,0.0584230495208624,-0.25036607952578266,0.027790853618050455,0.09991069898545361,0.25190376202417153
0.6333333333333333,0.0333333333333333,0.05934941130813075,0.15864911067084114,-0.04926966846990005,0.236965937725852,0.16612357011508833
0.6333333333333333,0.0666666666666666,0.0551384049562024,0.2088004731822701,-0.3579287987769181,0.6315692809364778,0.4143798530274215
0.6333333333333333,0.1,0.03548749138966955,0.6372398493285576,0.06795351339450106,0.09636153285972936,0.6408527955427357
0.6333333333333333,0.1333333333333333,0.05966863918250247,0.4245438417662509,0.164084217271825,0.2787570431826986,0.4551495401945991
0.6333333333333333,0.1666666666666666,0.046426439207791215,0.5996051147131579,0.22476696788282385,0.27265232851532695,0.6403487201841023
0.6333333333333333,0.2,0.07465310370802405,0.5899387660340346,-0.4073417520320407,0.408452531311809,0.716906584303905
0.6333333333333333,0.2333333333333333,0.019270322405655176,0.4817690459250635,-0.2290249625885375,0.3222100353201769,0.533435888462922
0.6333333333333333,0.2666666666666666,0.059384772868788224,0.4527851981125065,1.123345163329132,0.712723509939649,1.2111642298238237
0.6333333333333333,0.3,0.09415999996093062,0.5214240509345156,-0.1987521199214463,0.275977084447574,0.5580192165743303
0.6333333333333333,0.3333333333333333,0.046134631540691806,-0.03660219363888426,0.42758652443303924,0.9211480326559488,0.4291502725804848
0.6333333333333333,0.3666666666666666,0.12266576825646656,0.47614224567063856,1.7727220946264923,0.7882743582444246,1.8355530673040257
0.6333333333333333,0.4,0.16431610451579126,-0.07708183751237081,1.1401752967053138,0.936675797294127,1.1427778948209202
0.6333333333333333,0.4333333333333333,0.19867745470348747,0.11289610136715453,1.240922400414408,0.9166091309739167,1.2460473239625207
0.6333333333333333,0.4666666666666667,0.24704426454341843,-0.11673357563316392,1.1105082949740255,0.9048813616704513,1.1166267957049127
0.6333333333333333,0.5,0.27271134103508915,0.06067750610006779,1.3737587416696437,0.9576994054671929,1.3750981201573533
0.6333333333333333,0.5333333333333333,0.338628180654728,0.45808529379577506,1.0388778626617716,0.6939902683511595,1.1353895146251143
0.6333333333333333,0.5666666666666667,0.3419698652125406,0.9040065437464503,0.5718267033538073,0.3874602394798614,1.0696792088307998
0.6333333333333333,0.6,0.37674996087831514,0.8328037334014418,0.6586987359702838,0.44163435830431536,1.0618126403166566
0.6333333333333333,0.6333333333333333,0.38588311427722616,0.7265072484785174,0.6895537448506607,0.48695200849329995,1.001647217901291
0.6333333333333333,0.6666666666666666,0.42272021053502584,0.6981919034143009,0.9615341522182834,0.5793330465320715,1.1882844187632091
0.6333333333333333,0.7,0.4499853910917784,1.0025716545474344,0.7390980925632791,0.42436179062614016,1.2455584743128914
0.6333333333333333,0.7333333333333333,0.4719934167059111,0.5038665229591894,0.8948811975216167,0.6397731230718359,1.0269828774798078
0.6333333333333333,0.7666666666666666,0.5096441375932195,0.7945042874642246,1.0748515120418676,0.574984982701451,1.3366161886411987
0.6333333333333333,0.8,0.5436501841753689,1.0530505041708829,0.7755692452946463,0.42412822322482874,1.307831418257513
0.6333333333333333,0.8333333333333334,0.5613487539461959,0.8817242388379078,0.4890819533987202,0.35678417282367736,1.0082850740215268
0.6333333333333333,0.8666666666666667,0.5762556477352836,0.47973619604943796,0.7688843127807845,0.615787028439184,0.9062725330938614
0.6333333333333333,0.9,0.6126077081315815,0.6761051458098711,0.9988731558327371,0.5963499078484586,1.2061781583306168
0.6333333333333333,0.9333333333333332,0.642847191457466,0.5944332992661318,0.7216458263792392,0.5483301211280612,0.9349457984327186
0.6333333333333333,0.9666666666666668,0.6607174298901974,0.3812640914503813,1.0060804477126926,0.7251842778143764,1.0758997047584207
0.6333333333333333,1.0,0.7099192213049789,1.033884338139677,1.476053742443443,0.5880837275876223,1.802124156442006
0.6666666666666666,0.0,0.043607508423958316,-0.38883346554384096,0.44844718684288765,0.5355996051796452,0.5935455697030626
0.6666666666666666,0.0333333333333333,0.0585557479853879,-0.29885394470702775,0.052546761476266204,0.1495351618583752,0.30343836673795027
0.6666666666666666,0.0666666666666666,0.047110625855709395,0.10402757545912948,0.09693500838764124,0.4823535134358738,0.142190478960502
0.6666666666666666,0.1,0.06501808187789732,0.05816983265720018,0.04118490113432905,0.4145237933075755,0.07127359618267574
0.6666666666666666,0.1333333333333333,0.04985628593133133,0.061231115940034594,0.25665993422636263,0.8073833286341854,0.26386278895733434
0.6666666666666666,0.1666666666666666,0.08212874415965482,0.46858655072125405,0.6242280638986828,0.5712113066091994,0.7805344523309272
0.6666666666666666,0.2,0.09147149019124351,0.21053420712558915,-0.1963591078717569,0.48258130727224563,0.2878915622490398
0.6666666666666666,0.2333333333333333,0.06903813696820436,1.1144917852730434,-0.23972216545483882,0.1770194180365588,1.1399818665450132
0.6666666666666666,0.2666666666666666,0.07549001249425426,0.5512128060353518,-0.054512490321493176,0.08999539997645858,0.5539017684918665
0.6666666666666666,0.3,0.06540397094677149,0.18088656522309285,-0.25034253600849493,0.5805325644617169,0.3088548766222946
0.6666666666666666,0.3333333333333333,0.05880051009368793,0.5588834154034513,0.7924661149682974,0.586425715299797,0.9697181113014098
0.6666666666666666,0.3666666666666666,0.11823504527799131,0.09338197017886193,1.5522014101792596,0.9432529695587109,1.5550078488923997
0.6666666666666666,0.4,0.16228060410563855,-0.03826475405662514,1.1633668488893203,0.9681560022532576,1.1639959692789665
0.6666666666666666,0.4333333333333333,0.19579283520394597,0.12827699158897937,0.9993847442620177,0.8862451500208312,1.007583670786093
0.6666666666666666,0.4666666666666667,0.22890625372310638,-0.09949733887531553,1.2962195048832224,0.9287123750635707,1.3000325862388893
0.6666666666666666,0.5,0.28220746886282744,0.6913142744412641,1.3653114380707903,0.6638599477603234,1.5303564123997981
0.6666666666666666,0.5333333333333333,0.31992701626115905,-0.32210412050457277,1.4387416917963434,0.817074204763178,1.4743570531452104
0.6666666666666666,0.5666666666666667,0.3781235816492503,0.2669923823510132,0.9797244768652865,0.7858436096558062,1.015453092369327
0.6666666666666666,0.6,0.38524198138551147,0.40505581291776127,0.47656557160260193,0.5405558213199109,0.6254478040695187
0.6666666666666666,0.6333333333333333,0.40989461975609043,0.7686694007272037,0.881544890555794,0.5342002521808342,1.1696042243764961
0.6666666666666666,0.6666666666666666,0.4440116407558977,0.7328346908529033,0.9679555442648795,0.5691210616562876,1.2140776827660533
0.6666666666666666,0.7,0.47442498937374905,0.6366803492023364,0.8804341436711912,0.5803346733598092,1.0865202015620476
0.6666666666666666,0.7333333333333333,0.5027072503339771,0.9438141243626527,0.8791242816569382,0.48225671188557445,1.289823477823717
0.6666666666666666,0.7666666666666666,0.5330332748175449,0.7820097916403559,1.06723987820358,0.577120491411875,1.3230798433387854
0.6666666666666666,0.8,0.5738565755475491,0.6811881549068534,0.8541349998485611,0.5563226199012348,1.0925035012995175
0.6666666666666666,0.8333333333333334,0.5899756081407823,0.8644150011536536,0.16430196380549547,0.1597154216388567,0.8798911464094938
0.6666666666666666,0.8666666666666667,0.5848100398012488,0.5505729832486124,0.5230398004358262,0.48717732164184124,0.7594084821248875
0.6666666666666666,0.9,0.6248449281698374,0.232942836021447,0.998517601721304,0.8108401789598473,1.0253291012162775
0.6666666666666666,0.9333333333333332,0.6513778799160024,0.5778069005838028,0.850169813344058,0.5953667206557874,1.0279345922205998
0.6666666666666666,0.9666666666666668,0.6815229157261079,0.5941111385610005,1.2054312875197917,0.669854330772901,1.3438871358465603
0.6666666666666666,1.0,0.7317399657506551,0.41644166373190805,1.5065115007364176,0.7834363980221799,1.5630100963022897
0.7,0.0,0.03250081848460634,-0.014309745042358494,0.2077498952916768,0.9355590010826239,0.20824213741911116
0.7,0.0333333333333333,0.0394258149943289,-0.35371083126688146,0.4435913725330704,0.5563654162987492,0.5673487974264875
0.7,0.0666666666666666,0.062073576653477694,0.03217480673766649,-0.0009050214126900965,0.02735870962136001,0.032187532560971746
0.7,0.1,0.039365480233482894,-0.24560893394621583,0.025157053875406184,0.09291068674393256,0.24689395657627325
0.7,0.1333333333333333,0.06375071357850477,-0.03650623024501473,0.5745009353358789,0.9402523696914294,0.5756596473164518
0.7,0.1666666666666666,0.07766554258920814,-0.17932977348659426,0.3740700590683784,0.6759489921443366,0.4148343967780075
0.7,0.2,0.08868871751639666,-0.10936753069750396,0.23856348251974868,0.6856631730347836,0.26243816788497043
0.7,0.2333333333333333,0.09356977475719139,0.593089453377156,0.11165363632122514,0.15843168660087342,0.6035077747725924
0.7,0.2666666666666666,0.096132293271145,0.8315131083724026,0.18973994327918137,0.1857913109511217,0.8528864493417173
0.7,0.3,0.10621910430913681,0.9143229860617635,-0.19108151055334677,0.17286116633183846,0.9340763708157105
0.7,0.3333333333333333,0.08339352590092189,1.005472948579533,0.3400819293888083,0.25274474862169827,1.06142902213103
0.7,0.3666666666666666,0.12889123293505736,0.25547199660564435,1.1755739251664157,0.8214788269762202,1.2030128821342054
0.7,0.4,0.16176512091201625,0.12955804502519294,1.1750703181154312,0.9006935241593946,1.182190991145953
0.7,0.4333333333333333,0.20722925414275276,0.2952621125047367,1.1796898155957174,0.7998157723791067,1.2160788527480517
0.7,0.4666666666666667,0.2404111086183974,0.3146841372766481,1.6735455778263102,0.8417264690864192,1.702874307550486
0.7,0.5,0.3187989593311734,-0.06288487074448736,1.1511519600403866,0.9482018426872335,1.1528683108115059
0.7,0.5333333333333333,0.3171545726210898,0.09586234009675623,0.6145559705715208,0.8650621209262184,0.6219876439399179
0.7,0.5666666666666667,0.3597693573692748,-0.38668934412881006,1.2989866367761413,0.7706028035582397,1.355320969876051
0.7,0.6,0.4037536817394992,0.43590856024877955,1.1603757543464743,0.7269229821635462,1.2395515980278164
0.7,0.6333333333333333,0.43712774099237306,0.5354866856067299,1.0173326227858028,0.65515196603199,1.1496571905774005
0.7,0.6666666666666666,0.47157585659188606,0.45501942941673545,0.8295451006934161,0.6457792358802579,0.946143622940609
0.7,0.7,0.49243074770526746,0.550526061458788,0.9500775260730284,0.63313025103166,1.0980556679396412
0.7,0.7333333333333333,0.5349143583300879,0.5823535723221547,1.040210639959636,0.6410905849432001,1.1921299671938503
0.7,0.7666666666666666,0.5617781237025765,0.7557335959725605,0.8122255425860683,0.5180144830385819,1.109433909753461
0.7,0.8,0.5890627278358258,0.6837982825691292,0.857974454807944,0.5564856830115995,1.0971327432665017
0.7,0.8333333333333334,0.6189764206897728,0.7411216291059387,0.35846678174047913,0.3260008728761939,0.8232616247220667
0.7,0.8666666666666667,0.6129605132851911,1.037019075791196,0.13741214764857793,0.11700314578329549,1.046083487048821
0.7,0.9,0.6281372305330113,0.6695781587675144,1.0261070731679276,0.6051282713577312,1.2252471735546855
0.7,0.9333333333333332,0.6813676514963862,0.4467026199259517,1.082814128918793,0.7079452577009376,1.1713367015657254
0.7,0.9666666666666668,0.7003248391275975,0.7712750075083443,0.8447152108607977,0.5227229727375978,1.1438570385614621
0.7,1.0,0.7376819988871061,0.31254543739876745,1.120714792785258,0.7819339218261587,1.1634802521772731
0.7333333333333333,0.0,0.04265352542113442,-0.03616329462233811,-0.23035498560615825,0.8643121417737879,0.23317633514478994
0.7333333333333333,0.0333333333333333,0.034975025900929144,0.05998379189486329,0.09903131325629119,0.6227792835287901,0.11578107053984231
0.7333333333333333,0.0666666666666666,0.04925561297155383,0.03160927462406115,0.20503690570830685,0.8664281224414181,0.20745910186033398
0.7333333333333333,0.1,0.0486441529481496,0.35604209911297446,-0.02749613584835217,0.07169072948131153,0.3571022456207244
0.7333333333333333,0.1333333333333333,0.04742253724833035,-0.2474434866906356,0.3229390946859842,0.5661797979639733,0.4068389582896675
0.7333333333333333,0.1666666666666666,0.0701734259272152,-0.2753870026359459,0.5513667634461936,0.6669056568789966,0.6163142940529136
0.7333333333333333,0.2,0.08418032147807658,0.10037862933682025,0.5760601189919934,0.8516072156055338,0.5847402243052964
0.7333333333333333,0.2333333333333333,0.10857743386001475,0.24790776730210315,0.7011584736150677,0.738787708787822,0.7436944710100548
0.7333333333333333,0.2666666666666666,0.13092421971908108,0.6647315005969195,0.2667210423631144,0.28634957774178155,0.716245825345669
0.7333333333333333,0.3,0.12635883668422238,0.3684753337612475,-0.07638269580136443,0.1717012860855058,0.3763088994540875
0.7333333333333333,0.3333333333333333,0.12583203999899012,1.0635234707947836,0.1336151255121783,0.11161207726855182,1.0718839371391933
0.7333333333333333,0.3666666666666666,0.1352665117183676,0.6309262247911857,0.6762865066249195,0.5173500000204997,0.9248953130880246
0.7333333333333333,0.4,0.17091780710731808,0.3004182155440848,1.2031569647884126,0.8001974098311126,1.2400958778052436
0.7333333333333333,0.4333333333333333,0.21547697603759508,0.21117334173054328,1.1845108365134729,0.8486954677696271,1.2031874758637957
0.7333333333333333,0.4666666666666667,0.24988519620821625,0.2593130171353602,0.9380725216339982,0.7834339828407522,0.973253973380336
0.7333333333333333,0.5,0.2780151441465283,-0.5094421754617413,1.1464896408908984,0.6923531691154772,1.2545795418423389
0.7333333333333333,0.5333333333333333,0.3263178389342761,0.09470562144317354,1.1149372184120208,0.9217077815675652,1.1189522580223303
0.7333333333333333,0.5666666666666667,0.352344292040663,0.17414672902707348,1.3197706970173098,0.8834294814485284,1.3312106429624069
0.7333333333333333,0.6,0.41430255206876343,-0.1256519486498703,1.3987416013381417,0.9175725004537978,1.4043740525634538
0.7333333333333333,0.6333333333333333,0.4455937321298724,0.39403358740189476,0.9006557597237499,0.6956539510603887,0.9830784635645172
0.7333333333333333,0.6666666666666666,0.4743462693836801,0.2664755400675695,0.9829949201169377,0.7867292196502031,1.0184734785108582
0.7333333333333333,0.7,0.5111267268043349,0.44010904643522236,1.0077682865766104,0.6960315377548454,1.0996785403851792
0.7333333333333333,0.7333333333333333,0.5415308218221208,0.36198750741140656,1.0843318161707107,0.7497181282796751,1.1431581006501224
0.7333333333333333,0.7666666666666666,0.5834155145490489,0.34115185202972637,1.1686845884505546,0.7740471465099852,1.2174597543348833
0.7333333333333333,0.8,0.6194431277188244,0.7485071273848533,0.8395230329819394,0.5286568567362927,1.124749679996896
0.7333333333333333,0.8333333333333334,0.6393837167478449,0.5985149524792073,0.5175227570275621,0.4637144001668907,0.7912331845812566
0.7333333333333333,0.8666666666666667,0.6539446448539952,0.9188671518116406,0.45149633009740187,0.3294719510975482,1.023799677070597
0.7333333333333333,0.9,0.6694834720876717,1.3914007780139295,0.4082011458560598,0.2268285782770423,1.4500428616202932
0.7333333333333333,0.9333333333333332,0.6811580545777325,0.5067425806017668,0.9518666620848878,0.6525851024580216,1.0783497509544684
0.7333333333333333,0.9666666666666668,0.7329412495599975,0.41961445385270757,1.0712741049926076,0.7185474049262967,1.1505235755558503
0.7333333333333333,1.0,0.7525763282439063,0.38985866865581764,0.5890523605172638,0.6017424903413907,0.7063798305140423
0.7666666666666666,0.0,0.03008993217645047,0.19454492609551258,0.4000440683260796,0.6728077244605525,0.44484040382185325
0.7666666666666666,0.0333333333333333,0.04342473445398645,0.3184372117456922,0.5113639417794696,0.6162487718980542,0.6024079504593275
0.7666666666666666,0.0666666666666666,0.0641808616284151,0.44164249051759547,0.29515328580542105,0.4005903607080719,0.5311906922681543
0.7666666666666666,0.1,0.06310162017434785,0.40301011337155357,-0.2538957074392906,0.3865024473765468,0.47631941146236134
0.7666666666666666,0.1333333333333333,0.0472544811324624,0.46085049277816376,-0.056928166413041464,0.10994691535175659,0.4643533060343463
0.7666666666666666,0.1666666666666666,0.05930640908014509,-0.12979351441432807,0.7218921750958343,0.847603974079948,0.7334675649601807
0.7666666666666666,0.2,0.09538062613885134,-0.06124590414754544,0.7618582524577977,0.9255915504057997,0.7643160718007307
0.7666666666666666,0.2333333333333333,0.11009695924399826,-0.03755711606406608,0.6760065075813244,0.9473668292223227,0.677048990294904
0.7666666666666666,0.2666666666666666,0.14044772664427296,-0.2546613644196088,0.3103075097383257,0.549247089409709,0.4014264081099522
0.7666666666666666,0.3,0.13078412655988664,0.17898108924437053,0.20771045964451734,0.5371476574581178,0.2741858226692948
0.7666666666666666,0.3333333333333333,0.15429509062057412,0.5415387121048105,0.6025328204187465,0.526656597328052,0.8101296046867478
0.7666666666666666,0.3666666666666666,0.17095298125446973,0.7911939509713959,0.4124686699157169,0.3426779753380751,0.8922546002771676
0.7666666666666666,0.4,0.18179300194828857,0.6847120674982642,0.7553174350547889,0.5245152503581861,1.0194778286336064
0.7666666666666666,0.4333333333333333,0.22130747692478897,0.3092183487764589,1.1385846171869929,0.7864223543908221,1.179826647315143
0.7666666666666666,0.4666666666666667,0.2576986430940881,0.46484070567945635,0.9529300606340256,0.6721326770701126,1.0602606199027402
0.7666666666666666,0.5,0.284836147633724,0.33104759079779866,0.9865445643481998,0.74874805568259,1.0406068829380315
0.7666666666666666,0.5333333333333333,0.3234682807173014,0.30172978551407914,1.2981448750603355,0.8114041099908746,1.3327494063445635
0.7666666666666666,0.5666666666666667,0.371379139304413,0.37085235351666807,1.0786290666830975,0.7441482530589749,1.1406016533402457
0.7666666666666666,0.6,0.3953768851628412,0.22220699872735789,1.3802626127212956,0.8613346567449227,1.3980346313162766
0.7666666666666666,0.6333333333333333,0.46339664681916604,0.3031139007258344,1.4094601115032426,0.82300683149378,1.4416850705795505
0.7666666666666666,0.6666666666666666,0.4893408925963907,0.2565887033038256,0.8756205597267438,0.7733734286742912,0.9124413007308003
0.7666666666666666,0.7,0.5217713508009489,0.16952774335666002,1.0455894934168655,0.8604844551404741,1.0592436190562295
0.7666666666666666,0.7333333333333333,0.5590468588241817,0.380763441042259,0.9412534455541401,0.7119829217745062,1.0153515877772992
0.7666666666666666,0.7666666666666666,0.5845215805045583,0.30793244163241257,1.198745162559515,0.7956215445323719,1.2376640712929892
0.7666666666666666,0.8,0.638963202994816,0.26627544095401917,1.115337555257425,0.8072720496375037,1.1466823765205718
0.7666666666666666,0.8333333333333334,0.6588774175217199,0.7294345939029163,0.5288268061672664,0.4202837392435067,0.9009620512004842
0.7666666666666666,0.8666666666666667,0.6742183234059671,0.7948475884575192,0.9302979731833002,0.5392576683781255,1.223616364628101
0.7666666666666666,0.9,0.7208972824006066,0.9164976433274288,0.6139825019580537,0.4011698576093104,1.1031511423805
0.7666666666666666,0.9333333333333332,0.7151504902031707,1.1122928669275003,0.11102780475757082,0.09075936287795647,1.1178204664645763
0.7666666666666666,0.9666666666666668,0.7282991360511113,0.3402970077606416,0.7278312989148484,0.6814081177009497,0.803455321203937
0.7666666666666666,1.0,0.7636725767974939,0.46838728977058386,1.0612032223914782,0.6937825607269734,1.159973677474058
0.8,0.0,0.05562318716083525,0.3755441377053958,0.017429585694200906,0.044353056340302864,0.37594838717882645
0.8,0.0333333333333333,0.05620417335064195,0.18325105964936925,0.3461288776783741,0.6538382988701797,0.39164544019496456
0.8,0.0666666666666666,0.07869844567272685,0.29612152329667946,0.2896098073341683,0.49444137984261666,0.41420018959879773
0.8,0.1,0.0755114938395865,0.4523157490763715,-0.008288133587783868,0.01799405932022305,0.45239167766537
0.8,0.1333333333333333,0.07814590343354126,0.6975229448404869,-0.20986453309989744,0.2312843610937351,0.7284101734820725
0.8,0.1666666666666666,0.06152052496626,0.33614445187720743,0.029270366520484377,0.08010175024875037,0.337416429481541
0.8,0.2,0.08009726120157355,-0.1704739144213743,0.6682965173422554,0.796757362961723,0.6896967381320094
0.8,0.2333333333333333,0.10607362612241035,-0.2785629722636213,0.5077430133430043,0.6457320974751154,0.5791375459379036
0.8,0.2666666666666666,0.1139467954244405,-0.24198540254103637,0.483259247671551,0.6663396241942573,0.5404594670306191
0.8,0.3,0.13829090930051374,0.15916286503420476,0.7198173807230549,0.8189232740980628,0.7372040960255822
0.8,0.3333333333333333,0.16193462080597748,0.4939896495707928,0.7458279872392036,0.601562653325525,0.8945865863248544
0.8,0.3666666666666666,0.18801277511646064,0.4363534728073281,0.8194598620183732,0.6525331745518603,0.9283958308233545
0.8,0.4,0.216565278273869,0.6311571253049764,0.7211813625934755,0.533284653987922,0.9583641659491572
0.8,0.4333333333333333,0.23609153262269233,0.38434609503807876,0.964639474694665,0.715085095302966,1.0383887696379517
0.8,0.4666666666666667,0.28087457658684667,0.21296891551558594,0.959901763655338,0.8184208035056951,0.9832431819466195
0.8,0.5,0.3000849835330482,0.2689200405549403,0.9833787207255211,0.7852588784165428,1.0194859962686262
0.8,0.5333333333333333,0.34643315796854807,0.4344283755575369,1.15474198113089,0.7266319663407169,1.2337572923697973
0.8,0.5666666666666667,0.3770677822751075,0.4399117579048224,1.2402479102305886,0.7381726473692689,1.3159548752044095
0.8,0.6,0.4291163519839206,0.6736774899024246,1.3310031485473082,0.6639477246493509,1.49178106364308
0.8,0.6333333333333333,0.4658013255115947,0.21782849326535852,0.9350374643002176,0.8110547962355213,0.9600751596220147
0.8,0.6666666666666666,0.49145218293726844,0.42896124190194185,0.8494087627477633,0.6644467248592206,0.9515792102009913
0.8,0.7,0.5224285763614456,0.2975513625833904,1.131943024315044,0.7918485267864634,1.170398147499696
0.8,0.7333333333333333,0.566915051224938,0.11339868735573858,1.2227365144464633,0.915129331820025,1.227983650564897
0.8,0.7666666666666666,0.6039443439912098,0.5645362675985822,1.0541965883623148,0.6512480329785686,1.1958393054039
0.8,0.8,0.6371948237824256,0.2794537577308554,1.2610251852524432,0.8185929389014147,1.2916187210438126
0.8,0.8333333333333334,0.688012689674706,0.8157042816024992,1.0460949045310621,0.5618731130200513,1.3265323306691403
0.8,0.8666666666666667,0.7069344840844964,1.0585770853015122,0.6385593795219142,0.376256943832947,1.23626191670732
0.8,0.9,0.7305833149761669,0.6551134266194981,0.7256464243260409,0.5255413704483956,0.9776176833887106
0.8,0.9333333333333332,0.7553109123728992,1.3788044345233206,0.37566602651810066,0.2141193225305784,1.4290649502878
0.8,0.9666666666666668,0.7556277167440403,1.0741617917957094,0.427368527835691,0.2846219768246855,1.1560568383683454
0.8,1.0,0.7838021475619452,0.6667395952614059,0.8452329245371484,0.5590266446441513,1.0765502239147806
0.8333333333333334,0.0,0.05512620802347685,-0.5991480264783032,0.015457912214026513,0.02515093207025568,0.5993473989956594
0.8333333333333334,0.0333333333333333,0.0556414717639444,-0.3357266909280628,0.43194132737075336,0.5626668261209489,0.547070124657082
0.8333333333333334,0.0666666666666666,0.0839222965148604,-0.4965873591347484,0.5642179752324233,0.5318770154648687,0.7516255243322961
0.8333333333333334,0.1,0.09325600344610595,-0.07205329266341391,0.14750571410451688,0.6718272061616096,0.1641633719107982
0.8333333333333334,0.1333333333333333,0.09375601078849485,-0.005371884835406252,-0.17309946361220557,0.9699005757387263,0.17318279778753476
0.8333333333333334,0.1666666666666666,0.08171603920529225,0.5598159553791405,-0.14610468416602695,0.20697040996019583,0.5785676128442676
0.8333333333333334,0.2,0.08401569851075973,0.048163432399355804,0.147150828316969,0.753405449132521,0.15483243360115928
0.8333333333333334,0.2333333333333333,0.09152609442642351,-0.3201007850091375,0.6044950194616624,0.6537938162153463,0.6840166234218447
0.8333333333333334,0.2666666666666666,0.12431536647487054,0.02753639150077481,0.7480333470361518,0.9644952734325081,0.7485400063690596
0.8333333333333334,0.3,0.14139498422883362,-0.16759154356446707,0.9436855117563465,0.8491901342135736,0.9584514962026812
0.8333333333333334,0.3333333333333333,0.18722773392529363,-0.13311852936042787,0.8797234281918699,0.868569298134004,0.8897380811051864
0.8333333333333334,0.3666666666666666,0.20004321277495826,-0.3703834550467907,0.5496361456499005,0.597417865047315,0.6627848794120734
0.8333333333333334,0.4,0.22387014363528698,-0.06851534663116209,0.7033100572855394,0.9112294745891046,0.7066395045587085
0.8333333333333334,0.4333333333333333,0.24693054992732755,-0.08886359633847597,0.7203964073976025,0.8901915380369437,0.7258565440536994
0.8333333333333334,0.4666666666666667,0.27189657079512713,-0.3634877516221505,0.8375040061508873,0.6973436751171759,0.9129820950588854
0.8333333333333334,0.5,0.3027641503373867,0.17961699311244725,1.2080040243901506,0.8705576012132499,1.221284564365552
0.8333333333333334,0.5333333333333333,0.35243017242113717,-0.20728556920481456,1.4691365924102175,0.8763524045726527,1.4836878493669987
0.8333333333333334,0.5666666666666667,0.40070658983140117,-0.14759619907342927,1.3178781810279852,0.8992843538737161,1.326117467651548
0.8333333333333334,0.6,0.44028871782300283,-0.008525610123269469,1.1581793480818316,0.9926925740194114,1.1582107270921085
0.8333333333333334,0.6333333333333333,0.47791854637018993,0.16316018754765685,1.1647438635027598,0.8771295355123048,1.1761162843732427
0.8333333333333334,0.6666666666666666,0.5179383087231868,0.4663547860343965,0.9553434290447756,0.6719734321334673,1.0630935301638413
0.8333333333333334,0.7,0.5416081083065083,0.2196734179902438,0.7300269388706622,0.7686918653833702,0.7623619495019318
0.8333333333333334,0.7333333333333333,0.5666067713145643,-0.03270063427521342,1.208238350569332,0.9736484753282936,1.208680786340422
0.8333333333333334,0.7666666666666666,0.6221573316777971,0.1801917133875253,1.3648002329346318,0.8833704513369987,1.3766440096814998
0.8333333333333334,0.8,0.6575934535102064,0.5258980969487382,1.3665055692613417,0.7221004660163467,1.4642084138525389
0.8333333333333334,0.8333333333333334,0.7132577029618865,0.5642062484094208,1.3079501337379231,0.6986329487271346,1.424451558702255
0.8333333333333334,0.8666666666666667,0.7447901290927346,0.9344680545203523,0.7697071182002992,0.4516596242694293,1.2106525483090769
0.8333333333333334,0.9,0.7645715108419064,1.0752452578655016,0.9342098511798621,0.4649070521528989,1.4243947523786198
0.8333333333333334,0.9333333333333332,0.8070707858380587,1.2476280197728271,0.530076169933782,0.2981801882467664,1.3555649824534173
0.8333333333333334,0.9666666666666668,0.7999099221708252,1.1820121302507456,0.015766459652933888,0.013163083549691569,1.1821172773079214
0.8333333333333334,1.0,0.8081218831482543,0.9541291985557023,0.2463588293228714,0.20521556533822424,0.9854213313714507
0.8666666666666667,0.0,0.015679985395615048,-1.290520642721905,0.5442722567946817,0.29663961362510244,1.400598378839464
0.8666666666666667,0.0333333333333333,0.03382239395543777,-0.8607820739021765,0.4486895450219289,0.34264930872696836,0.9707049431023403
0.8666666666666667,0.0666666666666666,0.0455926217304103,-1.0714164387913143,0.5532832055988172,0.34054491703080586,1.2058422330097602
0.8666666666666667,0.1,0.0707079409953589,-0.6701576508344843,0.48292734071155824,0.4188133088646441,0.8260327435269936
0.8666666666666667,0.1333333333333333,0.07778777777784751,-0.689496399279449,0.42200471494265696,0.3796709778721192,0.8083893022876778
0.8666666666666667,0.1666666666666666,0.0988415886582027,-0.2766761126855694,0.08280568375524643,0.23034736271793205,0.28880175309885464
0.8666666666666667,0.2,0.08330815669486394,0.08855213971525765,-0.21162022304602268,0.704995693472017,0.2294005236484845
0.8666666666666667,0.2333333333333333,0.08473357378846785,0.0859959597451282,0.48711597244442334,0.8499491025835318,0.4946486386344977
0.8666666666666667,0.2666666666666666,0.11578255485782549,-0.28259809490108306,0.6357684891162214,0.6922818188082525,0.6957465450829379
0.8666666666666667,0.3,0.12711813972954927,-0.35924348125148825,0.5591624598618522,0.6088402032591446,0.6646190904122796
0.8666666666666667,0.3333333333333333,0.15306005218194896,-0.6987116198676991,0.54303607575688,0.4373159520813458,0.8849215260753781
0.8666666666666667,0.3666666666666666,0.16332054478000793,-0.6069128163559703,0.884063044747639,0.5929425605142005,1.072338861435881
0.8666666666666667,0.4,0.2119975884984582,-0.5970731546282815,1.0027012213017903,0.6267766482500653,1.167007322675342
0.8666666666666667,0.4333333333333333,0.23016729286679394,-0.41670490228061613,0.6696670697036766,0.6164252088357071,0.7887312342174657
0.8666666666666667,0.4666666666666667,0.25664205981203664,-0.38697308483792503,1.2283823531062612,0.760440906225311,1.2878941625039906
0.8666666666666667,0.5,0.31205944974054467,0.036773967128329595,1.1395809031428572,0.9687390531057588,1.1401740917361023
0.8666666666666667,0.5333333333333333,0.33261412002156043,0.00030959152714948873,0.8275287889450136,0.9996260241920979,0.8275288468565398
0.8666666666666667,0.5666666666666667,0.3672280356702122,-0.3174219605070156,1.4390078693121335,0.8192800218271749,1.4736011498890613
0.8666666666666667,0.6,0.42854797797570265,-0.44573825211621354,1.6417595351683942,0.7864724672613788,1.7011928052739815
0.8666666666666667,0.6333333333333333,0.47667867134810515,-0.4737809114710174,1.4099178604578835,0.7484837180278737,1.487392592865933
0.8666666666666667,0.6666666666666666,0.5225425020062282,-0.28725222545273216,0.9059219931903503,0.7592537443698666,0.9503728209358284
0.8666666666666667,0.7,0.5370734708941285,0.3674470195973146,0.6328876040054339,0.6326758957178367,0.7318224043541494
0.8666666666666667,0.7333333333333333,0.5647350089399238,0.33868061841770664,1.1832548098437448,0.7774671565372581,1.2307706960722444
0.8666666666666667,0.7666666666666666,0.6159571248837115,-0.19245287231608016,1.6127953195862663,0.8933925688559888,1.6242373136158632
0.8666666666666667,0.8,0.6722546969123415,0.12961116573077638,1.6450397202743388,0.926965260179966,1.6501377929016612
0.8666666666666667,0.8333333333333334,0.7256264395686673,0.22380458624415683,1.454664862102676,0.8666615073246715,1.4717806745096622
0.8666666666666667,0.8666666666666667,0.7692323543858532,0.5662643614648833,1.149598388977995,0.6699827178375859,1.2814959161097759
0.8666666666666667,0.9,0.8022663321672003,0.9869044361204151,1.0388063895785158,0.5128108002385269,1.4328639436678228
0.8666666666666667,0.9333333333333332,0.8384861136910876,0.8801447202085285,0.4824328989033445,0.3540590217662564,1.0036913023710197
0.8666666666666667,0.9666666666666668,0.8344285254274233,1.465451515959876,0.13386970661856626,0.0837040769100407,1.471553343912221
0.8666666666666667,1.0,0.847410760798992,1.315744588460119,0.389467061147062,0.22839807670606815,1.3721765242783515
0.9,0.0,-0.030908501491316798,-0.9214612624776669,0.8749350498534831,0.4870501257699067,1.270669980643697
0.9,0.0333333333333333,-0.0017439998295340304,-0.7695255415910582,0.6510455313013441,0.45829845737725783,1.0079830568955317
0.9,0.0666666666666666,0.012494533928772804,-0.8157555889934417,0.7548423983001157,0.48060828067203526,1.1114154161453347
0.9,0.1,0.048578826723807006,-0.8689373076802154,0.5294257536163821,0.3786039321758723,1.017518389647487
0.9,0.1333333333333333,0.04778958416986494,-0.765583865023023,0.2203820745367093,0.22351895303312147,0.7966724001499575
0.9,0.1666666666666666,0.06327096502625429,-0.663524268567474,0.6319438548286797,0.4878111961350294,0.916306439262397
0.9,0.2,0.0899191744917769,-0.1600668763720642,0.5098229007476667,0.7610549050915654,0.5343601735143394
0.9,0.2333333333333333,0.09725915840943206,0.1324612017894178,0.23334478484532167,0.637892197970829,0.2683202537901422
0.9,0.2666666666666666,0.10547549348146501,-0.17485845877534598,0.3027939060395354,0.6339210864304754,0.34965644587218514
0.9,0.3,0.11744541881206774,-0.21375150137528767,0.5275719867897304,0.7116623110049001,0.5692292206005003
0.9,0.3333333333333333,0.14064695926744702,-0.44633197503256045,0.6320540930873878,0.5861111449532236,0.7737600458313846
0.9,0.3666666666666666,0.15958235835122692,-0.19624447783678464,0.6512746108893182,0.768448309368751,0.6801988781749534
0.9,0.4,0.18406526666006823,-0.567277955749087,0.8935179713608936,0.611665157862685,1.0583849225228739
0.9,0.4333333333333333,0.2191502231086198,-0.47867069155800535,0.9304964771879589,0.6603166024766384,1.0463982630986257
0.9,0.4666666666666667,0.24609836513926547,-0.538907183433479,1.290982875559833,0.7054975074677705,1.398948797256333
0.9,0.5,0.305215748145942,-0.9506760243528204,1.5952867007552252,0.6265946806772376,1.8570741936944188
0.9,0.5333333333333333,0.35245081185628047,0.21439189707188477,1.1149406647748725,0.8387221503293023,1.1353662719575195
0.9,0.5666666666666667,0.37954512579760014,0.36381993813679353,0.8718303373846222,0.7055639889828293,0.9446973507796264
0.9,0.6,0.4105728343485886,-0.005498969914517483,1.0018203971178299,0.994540986608132,1.0018354888660348
0.9,0.6333333333333333,0.4463331522721221,-0.19246113157482625,1.3232298901662412,0.8730208671726859,1.337153180976819
0.9,0.6666666666666666,0.49878816035967133,-0.40531783455653403,1.7965713601131077,0.8159226924144357,1.841725060639687
0.9,0.7,0.5661045762796626,0.5897671538323114,1.355959782741101,0.6968910987731195,1.478665691815009
0.9,0.7333333333333333,0.589185479209078,0.7985490064306408,0.6483384586559372,0.4480918345761896,1.0286025824601648
0.9,0.7666666666666666,0.6093271401900584,0.054734324782405044,1.1557307802477015,0.9547824017768413,1.1570261374408732
0.9,0.8,0.6662341978922581,-0.2716786709573494,1.7827630278215787,0.8677603403791776,1.803345034545723
0.9,0.8333333333333334,0.728178008711497,-0.13449427193674815,1.7446033294720302,0.9284261382506601,1.7497798394051434
0.9,0.8666666666666667,0.7825410865237268,0.3127730371882876,1.5328069680765575,0.8305285946444766,1.5643925895298898
0.9,0.9,0.8303651399166008,0.46845519922797296,1.2480902099235072,0.7270941993550063,1.3331089399560052
0.9,0.9333333333333332,0.8657471005186272,0.6998797301929578,1.008623249773243,0.5903549842173507,1.227661393348388
0.9,0.9666666666666668,0.8976066899014836,1.1353007592212696,0.45136632790452447,0.28447450102602356,1.22173621369525
0.9,1.0,0.8958381890455955,1.126882667690874,-0.05305502567664268,0.044964260379905974,1.1281309243574746
0.9333333333333332,0.0,-0.0457507654362294,-0.28179553926861467,0.8481436985678991,0.7506100064210828,0.8937317603017835
0.9333333333333332,0.0333333333333333,-0.017479308817299435,-0.6474885153476653,0.5543952185061541,0.4612719208109219,0.8524056756085158
0.9333333333333332,0.0666666666666666,-0.0087910842024858,-0.3687421322143269,0.45387143950966,0.5517431940229992,0.5847820480080926
0.9333333333333332,0.1,0.012778787150011225,-0.9341132757709015,0.533099064681977,0.36334145371039306,1.0755288116718413
0.9333333333333332,0.1333333333333333,0.026748853442979326,-0.8623705938393945,0.6274177540553982,0.42114556402726394,1.0664596003706985
0.9333333333333332,0.1666666666666666,0.0546066374203711,-0.14111097815698195,0.6883226724062053,0.8298706857852135,0.7026381782289092
0.9333333333333332,0.2,0.07263703160339299,-0.32271468030772155,0.5843652473108693,0.6442268531341411,0.6675533740090064
0.9333333333333332,0.2333333333333333,0.09356432057442904,-0.08137714771528291,0.4723243900411416,0.8530306633334996,0.47928339174022233
0.9333333333333332,0.2666666666666666,0.10412532427280242,0.13750630495574467,0.289555785951516,0.6780180028069851,0.3205472462533135
0.9333333333333332,0.3,0.11286803963786343,0.30987202310699674,0.2876889436046377,0.4814386474869401,0.4228304612687874
0.9333333333333332,0.3333333333333333,0.12330458717977827,0.1120041105233727,0.560543099295383,0.8334628277566469,0.5716235535226007
0.9333333333333332,0.3666666666666666,0.15023757959088896,0.05681067736525687,0.7631170640311123,0.9307125805153195,0.7652287935501147
0.9333333333333332,0.4,0.17417905811518575,-0.08366024241969543,0.7202750075805696,0.8959365913863488,0.7251173165129294
0.9333333333333332,0.4333333333333333,0.1982559134295936,-0.3130606103465223,0.6980378420192846,0.690375739757082,0.7650253424831603
0.9333333333333332,0.4666666666666667,0.22071491424980472,-0.1625600009157176,0.7563770203114462,0.8230999544466799,0.7736484671689978
0.9333333333333332,0.5,0.24868104811702332,-0.6439564307628793,1.8928799836482209,0.7461576839938389,1.9994185447816961
0.9333333333333332,0.5333333333333333,0.3469069131596861,-0.9130961787580731,2.1420247514346276,0.7011260111721732,2.3285219920415554
0.9333333333333332,0.5666666666666667,0.3914826982126651,-0.8183489050752415,1.2191170023257314,0.5983496449669964,1.4683123631562611
0.9333333333333332,0.6,0.4281813799814015,-0.6813611358227988,1.0854784654567744,0.6143616345652733,1.2816069976323194
0.9333333333333332,0.6333333333333333,0.46384792924311674,0.05018190092209858,1.010098995815867,0.9526711260417057,1.0113447505813131
0.9333333333333332,0.6666666666666666,0.4955213130357926,-0.2391437359694779,1.6881502785974878,0.875917356582872,1.705004718346027
0.9333333333333332,0.7,0.5763912811496159,-0.15093250854729015,1.8367544449926085,0.9240662578790426,1.8429453365025463
0.9333333333333332,0.7333333333333333,0.6179716093686332,0.2338545608294174,0.6482219807938384,0.734881782028731,0.6891151514841385
0.9333333333333332,0.7666666666666666,0.6196060798692051,0.46387234849890613,0.5425676421982762,0.5390958698117988,0.7138327549660967
0.9333333333333332,0.8,0.6541427855151849,-0.16998416379440776,1.4558111235551854,0.895445530493867,1.4657014168676699
0.9333333333333332,0.8333333333333334,0.7166601547728841,-0.25818980584507273,2.0391165702483134,0.887611940430806,2.0553973734788027
0.9333333333333332,0.8666666666666667,0.7900838901984057,0.08885357899795056,1.7525478601427162,0.9517467635740439,1.7547988376425254
0.9333333333333332,0.9,0.8334966787823985,0.03652616655889563,1.4259130825831858,0.9750238058912032,1.4263808327110161
0.9333333333333332,0.9333333333333332,0.8851447623706181,0.578935270538239,1.1492784588966412,0.6650094483813939,1.286859364327362
0.9333333333333332,0.9666666666666668,0.9101152427088413,0.23303351046246595,0.5608726441164825,0.7064722207802302,0.6073571765581393
0.9333333333333332,1.0,0.9225362719783836,0.7805701739058037,0.3726308780862709,0.32312741775822784,0.8649529280224919
0.9666666666666668,0.0,-0.0496948707758911,0.1550112323113338,0.14354909769538207,0.4808043241784769,0.21126955670857228
0.9666666666666668,0.0333333333333333,-0.0449099008527117,0.02701394876425781,0.564098938355632,0.9542998480444586,0.5647453989912525
0.9666666666666668,0.0666666666666666,-0.01208827488551565,0.012734187127145259,0.46821763787687937,0.9735229466547118,0.4683907726896354
0.9666666666666668,0.1,-0.01369539166091975,-0.2988553128012012,0.03579729199131449,0.10696851444951035,0.3009916013835191
0.9666666666666668,0.1333333333333333,-0.009701788752761351,-0.27728795494559294,1.0133843721506288,0.7851600680325731,1.050636233754116
0.9666666666666668,0.1666666666666666,0.053863566482455494,-0.11711164457419997,1.1715997683603527,0.9091250039389948,1.1774383867179234
0.9666666666666668,0.2,0.06840486247126214,-0.30434067424567884,0.5695567311893657,0.651743245428024,0.6457693985033898
0.9666666666666668,0.2333333333333333,0.0918340152284132,-0.45046476349377906,0.6935657701087878,0.6062476041830285,0.8270138938470757
0.9666666666666668,0.2666666666666666,0.11464258047851465,-0.14613456368005287,0.694043076861815,0.8260670641201494,0.7092609556727162
0.9666666666666668,0.3,0.13810355368586752,0.10634063754037619,0.5020697923573584,0.8252156236732323,0.5132079574502472
0.9666666666666668,0.3333333333333333,0.1481138999690052,0.2541436658084314,0.3789927473456479,0.5985957204034902,0.4563162339991311
0.9666666666666668,0.3666666666666666,0.16336973684224404,0.18227691502201815,0.45561025794625004,0.7142489726297011,0.4907194523307513
0.9666666666666668,0.4,0.17848791716542187,0.0692722032428829,0.5236466836491145,0.8831674875361137,0.5282087536560134
0.9666666666666668,0.4333333333333333,0.198279515752185,-0.039190643212337346,0.8515967186919368,0.9560044912081399,0.8524980221691253
0.9666666666666668,0.4666666666666667,0.2352610317448843,0.15815156660558718,0.9600870551434758,0.8585708242144072,0.9730257301191336
0.9666666666666668,0.5,0.2622853194284167,0.12644535580738236,0.8447505229128697,0.8698044765449378,0.8541615034446486
0.9666666666666668,0.5333333333333333,0.29157773327240893,-0.4866341181581367,0.9405481904625104,0.6590245582370887,1.0589823716841795
0.9666666666666668,0.5666666666666667,0.3249885321259174,-0.6531086180140911,1.1035653803198966,0.628212964594744,1.282344499565103
0.9666666666666668,0.6,0.3651487586270687,-0.6967371315513666,1.87035120311517,0.7285885638828739,1.9959098811010456
0.9666666666666668,0.6333333333333333,0.44967861233359535,-0.6758725885071694,1.7654472900195621,0.7231527935146952,1.8903988705383838
0.9666666666666668,0.6666666666666666,0.4828452446283728,-0.55894734900251,1.5954569506437188,0.7405559629201011,1.6905339453303763
0.9666666666666668,0.7,0.5560424090431766,-1.0476934759506786,1.8289580795399965,0.6357940974982033,2.1077830240003945
0.9666666666666668,0.7333333333333333,0.6047757832643725,-0.9955646089670636,1.2631433157021335,0.5592326931279215,1.608315866560646
0.9666666666666668,0.7666666666666666,0.6402519634233188,-0.2264691701930977,0.7518920556238764,0.76852192808031,0.785257886530437
0.9666666666666668,0.8,0.6549019203059643,0.22862878655891877,1.0607008734776,0.8226762373926595,1.0850610420799132
0.9666666666666668,0.8333333333333334,0.7109653549884921,-0.07132994647970682,2.0034410722643887,0.9656203282987418,2.0047104756798877
0.9666666666666668,0.8666666666666667,0.7884646584569235,-0.3047915045869421,1.8275229404805258,0.8570607138679782,1.8527649498117562
0.9666666666666668,0.9,0.8328002176871938,0.16973775853291798,1.7381719014637957,0.9110346982921558,1.7464399404817923
0.9666666666666668,0.9333333333333332,0.9043427852211765,0.2091866415466715,1.2051305936768133,0.8520935499215516,1.2231511757822107
0.9666666666666668,0.9666666666666668,0.913142257265648,0.17082722334677672,0.6530012312720891,0.7926422395475429,0.6749759612602763
0.9666666666666668,1.0,0.9478762006393158,1.0071706998889265,1.0420183012100328,0.5085027787340304,1.4492049402246021
1.0,0.0,-0.03541668328214048,0.42834562481251875,0.5921491314737471,0.5802569075696842,0.7308355274623287
1.0,0.0333333333333333,-0.01567837889968225,0.8769456585908838,0.41211817332196554,0.31970346473100636,0.9689556630226341
1.0,0.0666666666666666,-0.00794213839400945,0.12438409474518604,0.12800217794420102,0.5071677495777827,0.17848238171886413
1.0,0.1,-0.00714490037006885,0.19651473872552708,0.2430769226092388,0.552960722392153,0.3125770830395921
1.0,0.1333333333333333,0.0082629897799398,0.5389433559810347,0.8091614222823994,0.600221462996907,0.9722150730502874
1.0,0.1666666666666666,0.04679919444875777,-0.2119311610109318,0.6612699531061194,0.7572939869353823,0.6944010137437954
1.0,0.2,0.05234765332034774,-0.48171627452743193,0.2510121283912901,0.34257185526235656,0.5431921002224845
1.0,0.2333333333333333,0.06353333634151044,-0.8490203666070828,0.6305305006067675,0.4261634490432375,1.057546356009535
1.0,0.2666666666666666,0.09438302002746557,-0.6077868135314726,0.8463611869856712,0.5820323561870434,1.041984678168799
1.0,0.3,0.11995741547388851,-0.5443841463593704,0.6879671730931219,0.5582557199669094,0.8772986549979215
1.0,0.3333333333333333,0.1402474982336737,-0.23599205205994545,0.636479376777025,0.7295131459209734,0.6788212177723485
1.0,0.3666666666666666,0.16238937392569017,-0.029410887496616196,0.5782456014655639,0.951599484197318,0.5789930706991323
1.0,0.4,0.1787972049980446,0.0092786349786822,0.49880744934621407,0.9817380651331733,0.49889374078088367
1.0,0.4333333333333333,0.19564320388210443,-0.07908935610241698,0.786917205381989,0.9086734909180696,0.7908816690092737
1.0,0.4666666666666667,0.23125835202351053,-0.12008039164121329,0.9220130193311659,0.8847700308083072,0.9297996065136186
1.0,0.5,0.25711073850418215,-0.1552374277270369,1.248094298884497,0.8893793785295006,1.2577114286970963
1.0,0.5333333333333333,0.3144646386158103,0.6866071603020414,1.362470777613154,0.6649189630138618,1.5256985326163965
1.0,0.5666666666666667,0.3479421236783924,0.6886077465742503,1.0090139889325014,0.594369150575999,1.2215931640704056
1.0,0.6,0.38173223787797705,0.49750437752725096,1.0627144949636962,0.6811316756264031,1.173402191690778
1.0,0.6333333333333333,0.4187897566759721,-0.926665669728697,1.1478887783647238,0.5533182218570685,1.47524842346955
1.0,0.6666666666666666,0.4582581564356253,-0.7376126457824257,1.3163293911539786,0.6408795221492104,1.508905391743947
1.0,0.7,0.5065450494195707,-1.4849207887081775,1.400137185028055,0.4853064298097405,2.0409247623653357
1.0,0.7333333333333333,0.5516006354374956,-1.5952544348063085,1.4694462865514193,0.4794746437428394,2.1688958252596993
1.0,0.7666666666666666,0.6045081351896653,-1.0723148470096058,1.7667610377242586,0.6223014492935526,2.0667132591478996
1.0,0.8,0.6693847046191128,0.4344835293944561,1.6109503472685764,0.7875836836616384,1.6685133978124989
1.0,0.8333333333333334,0.7119048250075704,0.02818410057234711,1.5056962791024524,0.9816256202596956,1.5059600354684193
1.0,0.8666666666666667,0.7697644565592763,-0.5610060569294163,1.9936155651553409,0.7803956358626627,2.0710458270016963
1.0,0.9,0.8448125293512597,0.3603693499219774,1.9398912287167995,0.8433354232696397,1.9730798381250472
1.0,0.9333333333333332,0.8990905384737296,-0.15756740242340864,1.1503679237105,0.8795296684208707,1.161108886456592
1.0,0.9666666666666668,0.921503724265293,0.2508440099893506,1.3588567024587375,0.8441672988962908,1.3818155648148458
1.0,1.0,0.989680985304312,1.2541435399498881,2.0453178311705704,0.6198944618878821,2.399208421397008
