subset,scan,fixed_coordinate,fixed_value,projection,stage,A_threshold,crossing_coordinate,n_biological_pairs_total,n_pairs_with_marker,pair_marker_fraction,n_pairs_support_ge_0_5,pair_majority_support_fraction,median_pair_crossing_support_weight,median,q25,q75,median_majority_support,q25_majority_support,q75_majority_support
all_pairs,drive,p_intrinsic,0.0,active,SCA3_entry,0.6832817402871161,p_drive,72,62,0.8611111111111112,26,0.3611111111111111,0.33333333333333337,0.5924474514425817,0.3772868706264334,0.7353582597030405,0.6326772780053243,0.5075136133741885,0.7348875598697563
all_pairs,drive,p_intrinsic,0.0,active,WT_exit,0.1483293470542087,p_drive,72,66,0.9166666666666666,43,0.5972222222222222,0.5833333333333333,0.411357671808972,0.15816863508711831,0.5432061184907209,0.4193338447938191,0.0,0.535962483592757
all_pairs,drive,p_intrinsic,0.0,active,balance,0.5,p_drive,72,62,0.8611111111111112,28,0.3888888888888889,0.38095238095238093,0.5473554732843735,0.3143726731934018,0.6447270289957742,0.5752967335004231,0.3752816512432208,0.6412557302690152
all_pairs,drive,p_intrinsic,0.0,isi,SCA3_entry,0.7978563373093712,p_drive,72,61,0.8472222222222222,21,0.2916666666666667,0.27222222222222214,0.6698044877195324,0.46083111250674913,0.7403604826236776,0.6973849263550495,0.6164194055320702,0.7248607717255953
all_pairs,drive,p_intrinsic,0.0,isi,WT_exit,0.1358293233470019,p_drive,72,68,0.9444444444444444,49,0.6805555555555556,0.6458333333333335,0.35323877782024915,0.06959043776656053,0.4835613059659172,0.349807050033129,4.528758878701128e-19,0.4736597796623547
all_pairs,drive,p_intrinsic,0.0,isi,balance,0.5,p_drive,72,61,0.8472222222222222,30,0.4166666666666667,0.430952380952381,0.5251339466533075,0.3148798723320981,0.6557769399515613,0.5318298842315076,0.3415739756527922,0.6471248428627818
all_pairs,drive,p_intrinsic,0.0333333333333333,active,SCA3_entry,0.6832817402871161,p_drive,72,61,0.8472222222222222,28,0.3888888888888889,0.39285714285714285,0.5417573882093502,0.34765185563187717,0.7010723331092341,0.6296316730266982,0.49681254285291004,0.7133555884271906
all_pairs,drive,p_intrinsic,0.0333333333333333,active,WT_exit,0.1483293470542087,p_drive,72,66,0.9166666666666666,54,0.75,0.7113095238095238,0.2617034314201803,1.1011693433222463e-17,0.4634451508103987,0.2508909009860286,0.0,0.4411735816350941
all_pairs,drive,p_intrinsic,0.0333333333333333,active,balance,0.5,p_drive,72,61,0.8472222222222222,31,0.4305555555555556,0.45833333333333337,0.5078640681682991,0.2178756412514178,0.6321565312437357,0.5557266806921662,0.3186497111670732,0.6285128723259679
all_pairs,drive,p_intrinsic,0.0333333333333333,isi,SCA3_entry,0.7978563373093712,p_drive,72,60,0.8333333333333334,21,0.2916666666666667,0.3333333333333333,0.6605715192447048,0.4635509946411678,0.7489666062803074,0.6935233328347596,0.6075238527429461,0.7623929576423636
all_pairs,drive,p_intrinsic,0.0333333333333333,isi,WT_exit,0.1358293233470019,p_drive,72,68,0.9444444444444444,56,0.7777777777777778,0.7777777777777777,0.2993471610140317,0.0,0.42041480892270977,0.16299112151874554,0.0,0.39257026580644483
all_pairs,drive,p_intrinsic,0.0333333333333333,isi,balance,0.5,p_drive,72,65,0.9027777777777778,32,0.4444444444444444,0.4742063492063493,0.5160540995424084,0.30094459607986795,0.6592080444974593,0.5240252577244677,0.30207430004949554,0.641085445190411
all_pairs,drive,p_intrinsic,0.0666666666666666,active,SCA3_entry,0.6832817402871161,p_drive,72,61,0.8472222222222222,32,0.4444444444444444,0.4761904761904763,0.5194273504675783,0.22458021008824813,0.6509423033094386,0.6117357607027173,0.3112625729266828,0.6765089398251926
all_pairs,drive,p_intrinsic,0.0666666666666666,active,WT_exit,0.1483293470542087,p_drive,72,67,0.9305555555555556,57,0.7916666666666666,0.7817460317460319,0.21183743086200185,0.0,0.4336003314399253,0.13183331357823652,0.0,0.4208331518545212
all_pairs,drive,p_intrinsic,0.0666666666666666,active,balance,0.5,p_drive,72,64,0.8888888888888888,38,0.5277777777777778,0.5,0.4327323855698382,0.12258641094941033,0.6051406732312156,0.5497618482563127,0.22788911619034263,0.6031320454291398
all_pairs,drive,p_intrinsic,0.0666666666666666,isi,SCA3_entry,0.7978563373093712,p_drive,72,61,0.8472222222222222,24,0.3333333333333333,0.35714285714285715,0.6159410431933908,0.288773840564397,0.736981347089557,0.6715485680097469,0.6075607688006868,0.7116296532348191
all_pairs,drive,p_intrinsic,0.0666666666666666,isi,WT_exit,0.1358293233470019,p_drive,72,69,0.9583333333333334,59,0.8194444444444444,0.8452380952380953,0.2348882826546799,0.0,0.4057614520499918,0.11520197933675416,0.0,0.3722399131033446
all_pairs,drive,p_intrinsic,0.0666666666666666,isi,balance,0.5,p_drive,72,64,0.8888888888888888,40,0.5555555555555556,0.5515873015873016,0.4969986174944372,0.20595253732862737,0.6516744655572931,0.5169844670135917,0.23108085045274368,0.6186462955227382
all_pairs,drive,p_intrinsic,0.1,active,SCA3_entry,0.6832817402871161,p_drive,72,63,0.875,36,0.5,0.5,0.47786591866642514,0.07466532650208298,0.6505628177850536,0.5729806732436571,0.16065846751833956,0.656024882479053
all_pairs,drive,p_intrinsic,0.1,active,WT_exit,0.1483293470542087,p_drive,72,66,0.9166666666666666,58,0.8055555555555556,0.8333333333333333,0.062460008278268114,0.0,0.36142153607712113,0.062460008278268114,0.0,0.36142153607712113
all_pairs,drive,p_intrinsic,0.1,active,balance,0.5,p_drive,72,64,0.8888888888888888,47,0.6527777777777778,0.6111111111111112,0.35374852667019996,0.0125,0.5829293325603251,0.32082433226025675,0.11677746661508151,0.5868461398469332
all_pairs,drive,p_intrinsic,0.1,isi,SCA3_entry,0.7978563373093712,p_drive,72,60,0.8333333333333334,27,0.375,0.40277777777777773,0.6050658348337016,0.2592600443768114,0.7209188480101423,0.649395640794985,0.5588929666202042,0.7237068138866385
all_pairs,drive,p_intrinsic,0.1,isi,WT_exit,0.1358293233470019,p_drive,72,68,0.9444444444444444,59,0.8194444444444444,0.9023809523809524,0.17064111089459044,0.0,0.358691220021901,0.050171544291890705,0.0,0.35046166445037047
all_pairs,drive,p_intrinsic,0.1,isi,balance,0.5,p_drive,72,63,0.875,44,0.6111111111111112,0.5714285714285714,0.5006022285125734,0.20799316747066243,0.6438415561208789,0.5263425029633009,0.2261133366262563,0.6058970843998065
all_pairs,drive,p_intrinsic,0.1333333333333333,active,SCA3_entry,0.6832817402871161,p_drive,72,65,0.9027777777777778,43,0.5972222222222222,0.5634920634920635,0.33693915415557096,0.016666666666666642,0.640761737473651,0.4493916002408446,0.049999999999999906,0.655876339575994
all_pairs,drive,p_intrinsic,0.1333333333333333,active,WT_exit,0.1483293470542087,p_drive,72,68,0.9444444444444444,62,0.8611111111111112,0.8452380952380952,2.65511037871929e-16,0.0,0.29968732374326384,2.65511037871929e-16,0.0,0.31775797221573177
all_pairs,drive,p_intrinsic,0.1333333333333333,active,balance,0.5,p_drive,72,66,0.9166666666666666,52,0.7222222222222222,0.6666666666666667,0.2885423087701764,0.0,0.5764676068045793,0.31704084541465527,0.04999999999999995,0.5847830002380283
all_pairs,drive,p_intrinsic,0.1333333333333333,isi,SCA3_entry,0.7978563373093712,p_drive,72,60,0.8333333333333334,28,0.3888888888888889,0.41666666666666674,0.5882268049723827,0.26619435919923107,0.7097101585414346,0.6495160588739375,0.2802192383068499,0.7273237909162558
all_pairs,drive,p_intrinsic,0.1333333333333333,isi,WT_exit,0.1358293233470019,p_drive,72,68,0.9444444444444444,62,0.8611111111111112,0.9107142857142858,0.07764335491552085,0.0,0.33395681019683293,0.06753740221952662,0.0,0.3259202561259805
all_pairs,drive,p_intrinsic,0.1333333333333333,isi,balance,0.5,p_drive,72,61,0.8472222222222222,49,0.6805555555555556,0.5714285714285714,0.4750454152556314,0.2351704376060902,0.5939000842319453,0.4750454152556314,0.24180029512593398,0.5939000842319453
all_pairs,drive,p_intrinsic,0.1666666666666666,active,SCA3_entry,0.6832817402871161,p_drive,72,66,0.9166666666666666,49,0.6805555555555556,0.611111111111111,0.2411235931548915,0.0,0.6435826073050807,0.34305228145945527,0.0,0.6544139973732044
all_pairs,drive,p_intrinsic,0.1666666666666666,active,WT_exit,0.1483293470542087,p_drive,72,68,0.9444444444444444,62,0.8611111111111112,0.8591269841269841,6.959360682490991e-17,0.0,0.27830355063459455,2.748633877191637e-16,0.0,0.28249104316923124
all_pairs,drive,p_intrinsic,0.1666666666666666,active,balance,0.5,p_drive,72,68,0.9444444444444444,53,0.7361111111111112,0.7023809523809524,0.26135211828011756,0.0,0.5505552604102449,0.30018939257036387,0.0,0.5752489879090454
all_pairs,drive,p_intrinsic,0.1666666666666666,isi,SCA3_entry,0.7978563373093712,p_drive,72,60,0.8333333333333334,30,0.4166666666666667,0.41666666666666674,0.6010406599944531,0.2773622836156941,0.7078914241420633,0.6539650371309242,0.42918430934120394,0.7079063605633493
all_pairs,drive,p_intrinsic,0.1666666666666666,isi,WT_exit,0.1358293233470019,p_drive,72,67,0.9305555555555556,63,0.875,0.8908730158730159,0.07843918304862521,0.0,0.32086016990938737,0.06666666666666679,0.0,0.3064027966209616
all_pairs,drive,p_intrinsic,0.1666666666666666,isi,balance,0.5,p_drive,72,60,0.8333333333333334,49,0.6805555555555556,0.5714285714285714,0.46363422784854413,0.24916015833154168,0.5767449831802114,0.4668892092257085,0.2666666666666666,0.5870954799396706
all_pairs,drive,p_intrinsic,0.2,active,SCA3_entry,0.6832817402871161,p_drive,72,68,0.9444444444444444,52,0.7222222222222222,0.6666666666666666,0.23992565329725818,0.0,0.639771587170222,0.32681482337340717,0.0,0.6477519923745061
all_pairs,drive,p_intrinsic,0.2,active,WT_exit,0.1483293470542087,p_drive,72,68,0.9444444444444444,62,0.8611111111111112,0.9023809523809525,5.551115123125776e-18,0.0,0.2470869404992385,7.679597731900575e-17,0.0,0.2929727312278459
all_pairs,drive,p_intrinsic,0.2,active,balance,0.5,p_drive,72,68,0.9444444444444444,55,0.7638888888888888,0.7440476190476191,0.18219277922793212,0.0,0.5267571194978072,0.2668748067361014,2.77555756156289e-17,0.5675594867633759
all_pairs,drive,p_intrinsic,0.2,isi,SCA3_entry,0.7978563373093712,p_drive,72,60,0.8333333333333334,29,0.4027777777777778,0.41666666666666674,0.5863569854521331,0.3238518813354434,0.715968994603948,0.6615095495538629,0.3197956665672552,0.7198791835327659
all_pairs,drive,p_intrinsic,0.2,isi,WT_exit,0.1358293233470019,p_drive,72,68,0.9444444444444444,63,0.875,0.886904761904762,0.10000000000000014,0.0,0.3228878209274703,0.1,0.0,0.3183687305379157
all_pairs,drive,p_intrinsic,0.2,isi,balance,0.5,p_drive,72,62,0.8611111111111112,48,0.6666666666666666,0.5857142857142856,0.4626524179490857,0.25207974415871093,0.5828215619504085,0.4813985658683407,0.3016963460991023,0.5837408029494335
all_pairs,drive,p_intrinsic,0.2333333333333333,active,SCA3_entry,0.6832817402871161,p_drive,72,68,0.9444444444444444,53,0.7361111111111112,0.6666666666666666,0.15644269724234997,0.0,0.6098402873418518,0.2875647591456909,0.016666666666666607,0.6369757257163603
all_pairs,drive,p_intrinsic,0.2333333333333333,active,WT_exit,0.1483293470542087,p_drive,72,69,0.9583333333333334,63,0.875,0.943452380952381,0.0,0.0,0.286307110280259,1.1102230246251552e-17,0.0,0.3018561072678639
all_pairs,drive,p_intrinsic,0.2333333333333333,active,balance,0.5,p_drive,72,68,0.9444444444444444,56,0.7777777777777778,0.7559523809523809,0.19765759181439524,0.0,0.5269969111145941,0.25075849817972073,0.0,0.5558832254721265
all_pairs,drive,p_intrinsic,0.2333333333333333,isi,SCA3_entry,0.7978563373093712,p_drive,72,60,0.8333333333333334,29,0.4027777777777778,0.40833333333333344,0.5994629407581165,0.2949120453885319,0.7122776448852192,0.6708158650183921,0.3297704332382221,0.7348647472187599
all_pairs,drive,p_intrinsic,0.2333333333333333,isi,WT_exit,0.1358293233470019,p_drive,72,72,1.0,65,0.9027777777777778,0.9166666666666667,0.11283445169222005,0.0,0.2822376119112962,0.10705494175541772,0.0,0.3053327129529249
all_pairs,drive,p_intrinsic,0.2333333333333333,isi,balance,0.5,p_drive,72,63,0.875,51,0.7083333333333334,0.6428571428571429,0.47235385086062925,0.2079786533883867,0.586620541012645,0.4977917443610715,0.3071599279271252,0.584491796341478
all_pairs,drive,p_intrinsic,0.2666666666666666,active,SCA3_entry,0.6832817402871161,p_drive,72,68,0.9444444444444444,52,0.7222222222222222,0.6666666666666666,0.14999999999999997,0.0,0.5866914959267848,0.2550467932257743,0.0,0.6233824318070216
all_pairs,drive,p_intrinsic,0.2666666666666666,active,WT_exit,0.1483293470542087,p_drive,72,70,0.9722222222222222,65,0.9027777777777778,0.9388888888888889,1.1102230246251552e-17,0.0,0.24594320458314034,2.2204460492503104e-17,0.0,0.2554867764637905
all_pairs,drive,p_intrinsic,0.2666666666666666,active,balance,0.5,p_drive,72,68,0.9444444444444444,56,0.7777777777777778,0.7500000000000001,0.11666666666666661,0.0,0.49662867249043885,0.232053354902458,0.0,0.547536473591223
all_pairs,drive,p_intrinsic,0.2666666666666666,isi,SCA3_entry,0.7978563373093712,p_drive,72,61,0.8472222222222222,29,0.4027777777777778,0.41666666666666674,0.6006882394319802,0.28333333333333327,0.7300971131260162,0.6839141908356129,0.24279092624045698,0.7492559532723879
all_pairs,drive,p_intrinsic,0.2666666666666666,isi,WT_exit,0.1358293233470019,p_drive,72,72,1.0,66,0.9166666666666666,0.9166666666666667,0.1106886973499016,0.0,0.2881019306597967,0.09589046037701887,0.0,0.3134504784251534
all_pairs,drive,p_intrinsic,0.2666666666666666,isi,balance,0.5,p_drive,72,64,0.8888888888888888,53,0.7361111111111112,0.6476190476190475,0.45811127899310067,0.18876730180482365,0.5946327310706003,0.4829807549406949,0.27155787085694694,0.5877574513629332
all_pairs,drive,p_intrinsic,0.3,active,SCA3_entry,0.6832817402871161,p_drive,72,68,0.9444444444444444,54,0.75,0.6666666666666666,0.1333333333333333,0.0,0.5440016156433592,0.21675669218379268,0.0,0.6068428946134187
all_pairs,drive,p_intrinsic,0.3,active,WT_exit,0.1483293470542087,p_drive,72,70,0.9722222222222222,65,0.9027777777777778,0.961309523809524,1.1102230246251552e-17,0.0,0.22353130367795968,2.2204460492503104e-17,0.0,0.25822346258608014
all_pairs,drive,p_intrinsic,0.3,active,balance,0.5,p_drive,72,68,0.9444444444444444,56,0.7777777777777778,0.7559523809523809,0.17879922931552167,0.0,0.47518330442556433,0.25908628910716536,0.0,0.5405495264854443
all_pairs,drive,p_intrinsic,0.3,isi,SCA3_entry,0.7978563373093712,p_drive,72,62,0.8611111111111112,30,0.4166666666666667,0.41071428571428575,0.5614688089834325,0.32944505644708216,0.7041731548549518,0.6667965597596859,0.391179728866439,0.7548597496794458
all_pairs,drive,p_intrinsic,0.3,isi,WT_exit,0.1358293233470019,p_drive,72,72,1.0,66,0.9166666666666666,0.9166666666666667,0.10769599581509462,0.0,0.2938873430180514,0.09999999999999998,0.0,0.29625837845832176
all_pairs,drive,p_intrinsic,0.3,isi,balance,0.5,p_drive,72,65,0.9027777777777778,55,0.7638888888888888,0.6619047619047618,0.4496889710727809,0.17507799664751036,0.5934941929882305,0.4886631336421695,0.25431220111603925,0.5899769946319342
all_pairs,drive,p_intrinsic,0.3333333333333333,active,SCA3_entry,0.6832817402871161,p_drive,72,68,0.9444444444444444,54,0.75,0.6666666666666666,0.1333333333333333,0.0,0.5416298627591193,0.18134065411136194,0.0,0.5593334016280742
all_pairs,drive,p_intrinsic,0.3333333333333333,active,WT_exit,0.1483293470542087,p_drive,72,70,0.9722222222222222,67,0.9305555555555556,0.9505952380952383,0.0,0.0,0.2326309627468261,0.0,0.0,0.2349048069826123
all_pairs,drive,p_intrinsic,0.3333333333333333,active,balance,0.5,p_drive,72,68,0.9444444444444444,59,0.8194444444444444,0.7857142857142857,0.14999999999999997,0.0,0.44007897424969294,0.18763688727671032,0.0,0.4624791095318441
all_pairs,drive,p_intrinsic,0.3333333333333333,isi,SCA3_entry,0.7978563373093712,p_drive,72,63,0.875,33,0.4583333333333333,0.41071428571428575,0.5473787690501795,0.3166666666666667,0.7255598917245758,0.6150556392786707,0.18919631024949338,0.7355249006551648
all_pairs,drive,p_intrinsic,0.3333333333333333,isi,WT_exit,0.1358293233470019,p_drive,72,72,1.0,68,0.9444444444444444,0.9166666666666667,0.11141360325048334,0.0,0.3017333297376136,0.11141360325048334,1.1783353481959213e-16,0.3071911253787479
all_pairs,drive,p_intrinsic,0.3333333333333333,isi,balance,0.5,p_drive,72,67,0.9305555555555556,52,0.7222222222222222,0.6666666666666666,0.44673529502046805,0.12697581800551833,0.5853789781704131,0.4807358780985975,0.26115222486388934,0.5942590540803565
all_pairs,drive,p_intrinsic,0.3666666666666666,active,SCA3_entry,0.6832817402871161,p_drive,72,68,0.9444444444444444,55,0.7638888888888888,0.6880952380952382,0.12500000000000003,0.0,0.5216441834221738,0.17649926393757528,0.0,0.5417614356606615
all_pairs,drive,p_intrinsic,0.3666666666666666,active,WT_exit,0.1483293470542087,p_drive,72,72,1.0,70,0.9722222222222222,0.961309523809524,0.0,0.0,0.22439413334210173,0.0,0.0,0.22696693628516418
all_pairs,drive,p_intrinsic,0.3666666666666666,active,balance,0.5,p_drive,72,68,0.9444444444444444,59,0.8194444444444444,0.8075396825396826,0.1323519113911089,0.0,0.45266449421899524,0.16666666666666646,0.0,0.492600665043594
all_pairs,drive,p_intrinsic,0.3666666666666666,isi,SCA3_entry,0.7978563373093712,p_drive,72,63,0.875,33,0.4583333333333333,0.4365079365079365,0.5636486800124911,0.31666666666666665,0.7262588957367553,0.6259176010518168,0.1666666666666666,0.7440045679381394
all_pairs,drive,p_intrinsic,0.3666666666666666,isi,WT_exit,0.1358293233470019,p_drive,72,72,1.0,68,0.9444444444444444,0.9428571428571428,0.09915792725125358,0.0,0.30510991102458446,0.10060860225110599,0.0,0.3212314632167629
all_pairs,drive,p_intrinsic,0.3666666666666666,isi,balance,0.5,p_drive,72,67,0.9305555555555556,54,0.75,0.6761904761904762,0.44540725669067793,0.13590985016113516,0.5907203729457899,0.4779813884562195,0.20943968051560627,0.5917580908360792
all_pairs,drive,p_intrinsic,0.4,active,SCA3_entry,0.6832817402871161,p_drive,72,68,0.9444444444444444,55,0.7638888888888888,0.6904761904761906,0.13160144126717999,0.0,0.501330813353042,0.14999999999999997,0.0,0.5447302759770453
all_pairs,drive,p_intrinsic,0.4,active,WT_exit,0.1483293470542087,p_drive,72,72,1.0,71,0.9861111111111112,0.9682539682539683,0.0,0.0,0.20745954931467625,0.0,0.0,0.21491909862935246
all_pairs,drive,p_intrinsic,0.4,active,balance,0.5,p_drive,72,69,0.9583333333333334,60,0.8333333333333334,0.8333333333333333,0.13333333333333347,0.0,0.4596589398987141,0.14207785867169326,0.0,0.484713942235408
all_pairs,drive,p_intrinsic,0.4,isi,SCA3_entry,0.7978563373093712,p_drive,72,65,0.9027777777777778,34,0.4722222222222222,0.4484126984126985,0.5949511743721302,0.21666666666666667,0.7345433605680336,0.6227677974300847,0.19764833573180313,0.7411510051639131
all_pairs,drive,p_intrinsic,0.4,isi,WT_exit,0.1358293233470019,p_drive,72,72,1.0,71,0.9861111111111112,0.930952380952381,0.09999999999999992,9.244422915765437e-18,0.3333333333333333,0.09999999999999996,6.162948610510291e-18,0.3333333333333333
all_pairs,drive,p_intrinsic,0.4,isi,balance,0.5,p_drive,72,69,0.9583333333333334,54,0.75,0.7261904761904763,0.43754969710019226,0.12749614787307922,0.6206295486726672,0.45422808476682297,0.2361327419488239,0.6300984579343242
all_pairs,drive,p_intrinsic,0.4333333333333333,active,SCA3_entry,0.6832817402871161,p_drive,72,68,0.9444444444444444,57,0.7916666666666666,0.7182539682539684,0.12590965384299208,0.0,0.4928386970123617,0.13333333333333355,0.0,0.5520683625831254
all_pairs,drive,p_intrinsic,0.4333333333333333,active,WT_exit,0.1483293470542087,p_drive,72,72,1.0,71,0.9861111111111112,0.9694444444444444,0.0,0.0,0.20833333333333334,0.0,0.0,0.21666666666666667
all_pairs,drive,p_intrinsic,0.4333333333333333,active,balance,0.5,p_drive,72,69,0.9583333333333334,61,0.8472222222222222,0.8660714285714286,0.033333333333333305,0.0,0.42797799785669594,0.13333333333333341,0.0,0.4613248589707127
all_pairs,drive,p_intrinsic,0.4333333333333333,isi,SCA3_entry,0.7978563373093712,p_drive,72,65,0.9027777777777778,34,0.4722222222222222,0.4484126984126985,0.5265792929803901,0.1858134459693729,0.7184183716117389,0.6186549963262777,0.19015853875223826,0.7491541798296486
all_pairs,drive,p_intrinsic,0.4333333333333333,isi,WT_exit,0.1358293233470019,p_drive,72,72,1.0,72,1.0,0.9476190476190476,0.08603440903602863,1.8589271316139182e-17,0.33968193036098915,0.08603440903602863,1.8589271316139182e-17,0.33968193036098915
all_pairs,drive,p_intrinsic,0.4333333333333333,isi,balance,0.5,p_drive,72,69,0.9583333333333334,56,0.7777777777777778,0.7500000000000001,0.4207392546673224,0.1,0.5988785442431623,0.4412044620705765,0.20164150870621955,0.6064567394266306
all_pairs,drive,p_intrinsic,0.4666666666666667,active,SCA3_entry,0.6832817402871161,p_drive,72,69,0.9583333333333334,59,0.8194444444444444,0.7559523809523809,0.06666666666666653,0.0,0.4391581444372923,0.16016854519010787,0.0,0.5611941286093851
all_pairs,drive,p_intrinsic,0.4666666666666667,active,WT_exit,0.1483293470542087,p_drive,72,72,1.0,72,1.0,0.9694444444444444,0.0,0.0,0.17499999999999996,0.0,0.0,0.17499999999999996
all_pairs,drive,p_intrinsic,0.4666666666666667,active,balance,0.5,p_drive,72,70,0.9722222222222222,63,0.875,0.884920634920635,0.0333333333333333,0.0,0.3925454551748268,0.0333333333333333,0.0,0.44114479392993644
all_pairs,drive,p_intrinsic,0.4666666666666667,isi,SCA3_entry,0.7978563373093712,p_drive,72,66,0.9166666666666666,36,0.5,0.5,0.5151005538563516,0.19827171816268938,0.726221971314205,0.5828064428048287,0.22002194234378933,0.7593959329355848
all_pairs,drive,p_intrinsic,0.4666666666666667,isi,WT_exit,0.1358293233470019,p_drive,72,72,1.0,72,1.0,0.9357142857142858,0.07217787616410817,0.0,0.33651673794472264,0.07217787616410817,0.0,0.33651673794472264
all_pairs,drive,p_intrinsic,0.4666666666666667,isi,balance,0.5,p_drive,72,69,0.9583333333333334,56,0.7777777777777778,0.8005952380952381,0.4259294436105314,0.10676547441381276,0.5759661218710037,0.43520488042144734,0.13333333333333336,0.5808548514123113
all_pairs,drive,p_intrinsic,0.5,active,SCA3_entry,0.6832817402871161,p_drive,72,69,0.9583333333333334,60,0.8333333333333334,0.8107142857142857,0.0666666666666666,0.0,0.43304041464780285,0.09166666666666665,0.0,0.5767060117289995
all_pairs,drive,p_intrinsic,0.5,active,WT_exit,0.1483293470542087,p_drive,72,72,1.0,72,1.0,1.0,0.0,0.0,0.1666666666666666,0.0,0.0,0.1666666666666666
all_pairs,drive,p_intrinsic,0.5,active,balance,0.5,p_drive,72,70,0.9722222222222222,64,0.8888888888888888,0.8908730158730159,0.025000000000000036,0.0,0.3889644817055365,0.03333333333333339,0.0,0.4151651015374712
all_pairs,drive,p_intrinsic,0.5,isi,SCA3_entry,0.7978563373093712,p_drive,72,67,0.9305555555555556,40,0.5555555555555556,0.5,0.5180803699265071,0.18021032834228204,0.72130014389545,0.6148217874408755,0.23903650474079763,0.7749695493228081
all_pairs,drive,p_intrinsic,0.5,isi,WT_exit,0.1358293233470019,p_drive,72,72,1.0,72,1.0,0.9583333333333333,0.11904085124863868,0.0,0.3416172134304883,0.11904085124863868,0.0,0.3416172134304883
all_pairs,drive,p_intrinsic,0.5,isi,balance,0.5,p_drive,72,71,0.9861111111111112,61,0.8472222222222222,0.8333333333333331,0.4275510841807082,0.08544598989277218,0.5504217429307998,0.45000000000000007,0.13927991954678748,0.603664127154226
all_pairs,drive,p_intrinsic,0.5333333333333333,active,SCA3_entry,0.6832817402871161,p_drive,72,70,0.9722222222222222,63,0.875,0.8333333333333333,0.08333333333333334,0.0,0.4439930091187026,0.1,0.0,0.5689369344139568
all_pairs,drive,p_intrinsic,0.5333333333333333,active,WT_exit,0.1483293470542087,p_drive,72,72,1.0,72,1.0,1.0,0.0,0.0,0.16666666666666644,0.0,0.0,0.16666666666666644
all_pairs,drive,p_intrinsic,0.5333333333333333,active,balance,0.5,p_drive,72,70,0.9722222222222222,64,0.8888888888888888,0.8964285714285715,0.04166666666666663,0.0,0.3831549354323362,0.04166666666666666,0.0,0.38603103450622844
all_pairs,drive,p_intrinsic,0.5333333333333333,isi,SCA3_entry,0.7978563373093712,p_drive,72,68,0.9444444444444444,43,0.5972222222222222,0.5446428571428572,0.5017588710972857,0.154976132003412,0.7316642782356771,0.5770410580227543,0.29265940647267824,0.7773444549654455
all_pairs,drive,p_intrinsic,0.5333333333333333,isi,WT_exit,0.1358293233470019,p_drive,72,72,1.0,72,1.0,0.9583333333333333,0.10479236795043188,0.0,0.3375,0.10479236795043188,0.0,0.3375
all_pairs,drive,p_intrinsic,0.5333333333333333,isi,balance,0.5,p_drive,72,71,0.9861111111111112,62,0.8611111111111112,0.8333333333333333,0.4103387343237643,0.10301678828391983,0.5717366524387772,0.4454136806915082,0.10943306134019967,0.5946684224279297
all_pairs,drive,p_intrinsic,0.5666666666666667,active,SCA3_entry,0.6832817402871161,p_drive,72,70,0.9722222222222222,63,0.875,0.8333333333333333,0.06666666666666662,0.0,0.43168676870303574,0.06666666666666665,0.0,0.5213184048249943
all_pairs,drive,p_intrinsic,0.5666666666666667,active,WT_exit,0.1483293470542087,p_drive,72,72,1.0,72,1.0,1.0,0.0,0.0,0.14316467160854923,0.0,0.0,0.14316467160854923
all_pairs,drive,p_intrinsic,0.5666666666666667,active,balance,0.5,p_drive,72,70,0.9722222222222222,64,0.8888888888888888,0.9166666666666667,0.04166666666666678,0.0,0.374197353307166,0.04166666666666678,0.0,0.3857051082907492
all_pairs,drive,p_intrinsic,0.5666666666666667,isi,SCA3_entry,0.7978563373093712,p_drive,72,68,0.9444444444444444,42,0.5833333333333334,0.5452380952380953,0.491268571794246,0.1967033698633836,0.7441751733973476,0.604219160997488,0.28982015639415015,0.792708463980161
all_pairs,drive,p_intrinsic,0.5666666666666667,isi,WT_exit,0.1358293233470019,p_drive,72,72,1.0,72,1.0,0.9821428571428572,0.1333333333333333,9.236174184899682e-17,0.3635020042989785,0.1333333333333333,9.236174184899682e-17,0.3635020042989785
all_pairs,drive,p_intrinsic,0.5666666666666667,isi,balance,0.5,p_drive,72,72,1.0,63,0.875,0.8333333333333334,0.41693282978590585,0.1,0.5796696606443869,0.45608130491679943,0.10009619964991506,0.59426891089629
all_pairs,drive,p_intrinsic,0.6,active,SCA3_entry,0.6832817402871161,p_drive,72,70,0.9722222222222222,63,0.875,0.8333333333333333,0.08333333333333331,0.0,0.47706054243054663,0.0833333333333333,0.0,0.5351488919921845
all_pairs,drive,p_intrinsic,0.6,active,WT_exit,0.1483293470542087,p_drive,72,72,1.0,72,1.0,1.0,0.0,0.0,0.13395341328086577,0.0,0.0,0.13395341328086577
all_pairs,drive,p_intrinsic,0.6,active,balance,0.5,p_drive,72,70,0.9722222222222222,64,0.8888888888888888,0.9166666666666667,0.06666666666666662,0.0,0.38840638224893276,0.06666666666666676,0.0,0.39493878952433953
all_pairs,drive,p_intrinsic,0.6,isi,SCA3_entry,0.7978563373093712,p_drive,72,69,0.9583333333333334,42,0.5833333333333334,0.5595238095238095,0.4348840499770288,0.15639200109001974,0.7569423922600912,0.47035820363185094,0.2416666666666666,0.8037912756302047
all_pairs,drive,p_intrinsic,0.6,isi,WT_exit,0.1358293233470019,p_drive,72,72,1.0,72,1.0,0.9857142857142858,0.14306530423043318,9.567744512084745e-17,0.36107504298632,0.14306530423043318,9.567744512084745e-17,0.36107504298632
all_pairs,drive,p_intrinsic,0.6,isi,balance,0.5,p_drive,72,72,1.0,65,0.9027777777777778,0.8333333333333334,0.4470540539459342,0.09760436267372641,0.574678979992296,0.4666666666666667,0.1,0.5761149605108457
all_pairs,drive,p_intrinsic,0.6333333333333333,active,SCA3_entry,0.6832817402871161,p_drive,72,70,0.9722222222222222,64,0.8888888888888888,0.8333333333333333,0.09999999999999998,0.0,0.4449013711669175,0.09999999999999998,0.0,0.469236651507813
all_pairs,drive,p_intrinsic,0.6333333333333333,active,WT_exit,0.1483293470542087,p_drive,72,72,1.0,72,1.0,1.0,0.0,0.0,0.1486807223122727,0.0,0.0,0.1486807223122727
all_pairs,drive,p_intrinsic,0.6333333333333333,active,balance,0.5,p_drive,72,70,0.9722222222222222,64,0.8888888888888888,0.9388888888888889,0.09166666666666666,0.0,0.3977786087802188,0.10000000000000012,0.0,0.4031497857615486
all_pairs,drive,p_intrinsic,0.6333333333333333,isi,SCA3_entry,0.7978563373093712,p_drive,72,69,0.9583333333333334,46,0.6388888888888888,0.625,0.4389528222423914,0.15426382076509143,0.7480677752482578,0.5416049701410887,0.16892882333138431,0.8122035526564906
all_pairs,drive,p_intrinsic,0.6333333333333333,isi,WT_exit,0.1358293233470019,p_drive,72,72,1.0,72,1.0,0.9880952380952381,0.12499999999999997,9.902560568476347e-17,0.3359778459436522,0.12499999999999997,9.902560568476347e-17,0.3359778459436522
all_pairs,drive,p_intrinsic,0.6333333333333333,isi,balance,0.5,p_drive,72,72,1.0,65,0.9027777777777778,0.8333333333333334,0.4470718136349552,0.11250000000000006,0.5918614334214278,0.4803866005063332,0.11696945805396593,0.6
all_pairs,drive,p_intrinsic,0.6666666666666666,active,SCA3_entry,0.6832817402871161,p_drive,72,70,0.9722222222222222,63,0.875,0.8333333333333333,0.10833333333333331,1.6653345369377347e-17,0.4832737140413532,0.1,0.0,0.4986897819871695
all_pairs,drive,p_intrinsic,0.6666666666666666,active,WT_exit,0.1483293470542087,p_drive,72,72,1.0,72,1.0,1.0,0.0,0.0,0.19360863383716287,0.0,0.0,0.19360863383716287
all_pairs,drive,p_intrinsic,0.6666666666666666,active,balance,0.5,p_drive,72,71,0.9861111111111112,65,0.9027777777777778,0.9821428571428572,0.11666666666666652,0.0,0.41476162981188447,0.11666666666666661,0.0,0.4224166520582989
all_pairs,drive,p_intrinsic,0.6666666666666666,isi,SCA3_entry,0.7978563373093712,p_drive,72,69,0.9583333333333334,47,0.6527777777777778,0.6091269841269841,0.48755863482103445,0.16860249676081826,0.759561090455134,0.5852431617733302,0.21366078268312905,0.8174519948037855
all_pairs,drive,p_intrinsic,0.6666666666666666,isi,WT_exit,0.1358293233470019,p_drive,72,72,1.0,72,1.0,0.9880952380952381,0.13333333333333341,0.005189994082697382,0.3133123812523021,0.13333333333333341,0.005189994082697382,0.3133123812523021
all_pairs,drive,p_intrinsic,0.6666666666666666,isi,balance,0.5,p_drive,72,72,1.0,65,0.9027777777777778,0.8779761904761906,0.4727909676196036,0.15541286032941848,0.61442347925958,0.4902675938954934,0.1627727026614469,0.6333333333333333
all_pairs,drive,p_intrinsic,0.7,active,SCA3_entry,0.6832817402871161,p_drive,72,70,0.9722222222222222,63,0.875,0.8333333333333334,0.12499999999999993,0.0,0.5211626217689509,0.11666666666666661,0.0,0.5271402841958857
all_pairs,drive,p_intrinsic,0.7,active,WT_exit,0.1483293470542087,p_drive,72,72,1.0,72,1.0,1.0,4.6839447360393845e-17,0.0,0.22537183398749028,4.6839447360393845e-17,0.0,0.22537183398749028
all_pairs,drive,p_intrinsic,0.7,active,balance,0.5,p_drive,72,72,1.0,66,0.9166666666666666,1.0,0.12132824943577171,0.0,0.4548191341301602,0.12966158276910503,1.6653345369377347e-17,0.46077332694980644
all_pairs,drive,p_intrinsic,0.7,isi,SCA3_entry,0.7978563373093712,p_drive,72,69,0.9583333333333334,47,0.6527777777777778,0.6180555555555556,0.49390450549353665,0.18630514242763313,0.7500977532559446,0.49390450549353665,0.17112620684059449,0.8247943876256603
all_pairs,drive,p_intrinsic,0.7,isi,WT_exit,0.1358293233470019,p_drive,72,72,1.0,72,1.0,0.9880952380952381,0.1486579921145982,0.020738696998898402,0.32667667210293283,0.1486579921145982,0.020738696998898402,0.32667667210293283
all_pairs,drive,p_intrinsic,0.7,isi,balance,0.5,p_drive,72,72,1.0,65,0.9027777777777778,0.8928571428571429,0.4962842268483536,0.16265205241894967,0.6414973946105142,0.5002513048197295,0.17231684901609975,0.6419032775468442
all_pairs,drive,p_intrinsic,0.7333333333333333,active,SCA3_entry,0.6832817402871161,p_drive,72,70,0.9722222222222222,62,0.8611111111111112,0.8571428571428571,0.1333333333333333,0.016666666666666656,0.5057884164475508,0.1333333333333333,0.016666666666666656,0.5612375458595134
all_pairs,drive,p_intrinsic,0.7333333333333333,active,WT_exit,0.1483293470542087,p_drive,72,72,1.0,71,0.9861111111111112,1.0,0.0333333333333333,0.0,0.2584512214553611,0.0333333333333333,0.0,0.24452303652579635
all_pairs,drive,p_intrinsic,0.7333333333333333,active,balance,0.5,p_drive,72,72,1.0,68,0.9444444444444444,0.9791666666666667,0.10000000000000026,1.036310692990639e-16,0.4815149233849152,0.10833333333333359,1.036310692990639e-16,0.4846652992535392
all_pairs,drive,p_intrinsic,0.7333333333333333,isi,SCA3_entry,0.7978563373093712,p_drive,72,69,0.9583333333333334,51,0.7083333333333334,0.6319444444444444,0.49999999999999994,0.1666666666666666,0.7710813285782319,0.49999999999999994,0.16022395582669036,0.79627728454523
all_pairs,drive,p_intrinsic,0.7333333333333333,isi,WT_exit,0.1358293233470019,p_drive,72,72,1.0,71,0.9861111111111112,0.9880952380952381,0.17754456650267691,0.029166666666666636,0.3627651686236841,0.16666666666666716,0.024999999999999974,0.3492712853001362
all_pairs,drive,p_intrinsic,0.7333333333333333,isi,balance,0.5,p_drive,72,72,1.0,65,0.9027777777777778,0.8750000000000001,0.47474704704789816,0.16208506376465687,0.627893325375176,0.5100006605451459,0.1666666666666666,0.6386437717400892
all_pairs,drive,p_intrinsic,0.7666666666666666,active,SCA3_entry,0.6832817402871161,p_drive,72,70,0.9722222222222222,63,0.875,0.888888888888889,0.1333333333333333,0.004166666666666728,0.5354371117985836,0.13333333333333333,0.008333333333333389,0.5995067206390188
all_pairs,drive,p_intrinsic,0.7666666666666666,active,WT_exit,0.1483293470542087,p_drive,72,72,1.0,71,0.9861111111111112,1.0,0.04999999999999995,0.0,0.3045235554648571,0.0333333333333333,0.0,0.2933706902286788
all_pairs,drive,p_intrinsic,0.7666666666666666,active,balance,0.5,p_drive,72,72,1.0,67,0.9305555555555556,1.0,0.12499999999999999,1.400502427060264e-16,0.4499515270271202,0.1333333333333333,1.3577149221078245e-16,0.5183688954255387
all_pairs,drive,p_intrinsic,0.7666666666666666,isi,SCA3_entry,0.7978563373093712,p_drive,72,69,0.9583333333333334,52,0.7222222222222222,0.6339285714285714,0.5045576584506701,0.1666666666666666,0.7549767907860433,0.5325177816735871,0.1666666666666666,0.8160708110681469
all_pairs,drive,p_intrinsic,0.7666666666666666,isi,WT_exit,0.1358293233470019,p_drive,72,72,1.0,71,0.9861111111111112,0.9880952380952381,0.20214287761894895,1.0225410873761092e-16,0.3974623160680031,0.20000000000000048,6.816940582507395e-17,0.38080564510036585
all_pairs,drive,p_intrinsic,0.7666666666666666,isi,balance,0.5,p_drive,72,72,1.0,67,0.9305555555555556,0.8750000000000001,0.5,0.16671410528952021,0.6516904098732013,0.517135629412701,0.19774351020431025,0.6561916083777006
all_pairs,drive,p_intrinsic,0.8,active,SCA3_entry,0.6832817402871161,p_drive,72,72,1.0,64,0.8888888888888888,0.8908730158730159,0.15000000000000002,1.27675647831893e-16,0.6410008626136168,0.15000000000000002,1.27675647831893e-16,0.6776339364422435
all_pairs,drive,p_intrinsic,0.8,active,WT_exit,0.1483293470542087,p_drive,72,72,1.0,71,0.9861111111111112,1.0,0.05833333333333357,0.0,0.338045520107892,0.049999999999999954,0.0,0.329452431405661
all_pairs,drive,p_intrinsic,0.8,active,balance,0.5,p_drive,72,72,1.0,68,0.9444444444444444,1.0,0.1333333333333333,1.4401921974175397e-16,0.49589143654554146,0.13333333333333336,1.4401921974175397e-16,0.5529569505513026
all_pairs,drive,p_intrinsic,0.8,isi,SCA3_entry,0.7978563373093712,p_drive,72,69,0.9583333333333334,53,0.7361111111111112,0.6666666666666666,0.48747259537705084,0.16666666666666677,0.7839763845698433,0.5574829904893231,0.2,0.8222120468003277
all_pairs,drive,p_intrinsic,0.8,isi,WT_exit,0.1358293233470019,p_drive,72,72,1.0,71,0.9861111111111112,0.9880952380952381,0.20145131071064312,1.0112215384088828e-16,0.3925365548044981,0.19192003566726284,6.741476922725885e-17,0.3863256375738968
all_pairs,drive,p_intrinsic,0.8,isi,balance,0.5,p_drive,72,72,1.0,67,0.9305555555555556,0.9166666666666667,0.5210494029775237,0.19987806789557716,0.6491225290034519,0.5313835116160768,0.21666666666666667,0.6498602245458192
all_pairs,drive,p_intrinsic,0.8333333333333334,active,SCA3_entry,0.6832817402871161,p_drive,72,72,1.0,63,0.875,0.9047619047619049,0.15833333333333333,5.828670879282071e-17,0.6415873269884482,0.16666666666666669,1.1657341758564142e-16,0.6936938539491947
all_pairs,drive,p_intrinsic,0.8333333333333334,active,WT_exit,0.1483293470542087,p_drive,72,72,1.0,72,1.0,1.0,0.09166666666666673,0.0,0.35936454913170657,0.09166666666666673,0.0,0.35936454913170657
all_pairs,drive,p_intrinsic,0.8333333333333334,active,balance,0.5,p_drive,72,72,1.0,66,0.9166666666666666,1.0,0.13333333333333358,1.1934897514720418e-16,0.4633744175157566,0.13333333333333358,9.159339953157535e-17,0.5633760978178278
all_pairs,drive,p_intrinsic,0.8333333333333334,isi,SCA3_entry,0.7978563373093712,p_drive,72,71,0.9861111111111112,53,0.7361111111111112,0.7238095238095237,0.5927174102571577,0.1833333333333333,0.7887464325627253,0.6219723156059918,0.2,0.8144037552070146
all_pairs,drive,p_intrinsic,0.8333333333333334,isi,WT_exit,0.1358293233470019,p_drive,72,72,1.0,72,1.0,0.9880952380952381,0.2171575077957646,7.020056140790011e-17,0.43375698871880697,0.2171575077957646,7.020056140790011e-17,0.43375698871880697
all_pairs,drive,p_intrinsic,0.8333333333333334,isi,balance,0.5,p_drive,72,72,1.0,67,0.9305555555555556,0.9458333333333334,0.39288173236864965,0.19166666666666665,0.6480350781937363,0.4775735495089317,0.2,0.6584056912874114
all_pairs,drive,p_intrinsic,0.8666666666666667,active,SCA3_entry,0.6832817402871161,p_drive,72,72,1.0,64,0.8888888888888888,0.9791666666666667,0.1333333333333333,0.0,0.6276518582056728,0.15833333333333333,9.992007221626393e-17,0.6891802505491347
all_pairs,drive,p_intrinsic,0.8666666666666667,active,WT_exit,0.1483293470542087,p_drive,72,72,1.0,72,1.0,1.0,0.1333333333333333,0.0,0.3959910846398293,0.1333333333333333,0.0,0.3959910846398293
all_pairs,drive,p_intrinsic,0.8666666666666667,active,balance,0.5,p_drive,72,72,1.0,68,0.9444444444444444,1.0,0.1333333333333333,5.828670879282071e-17,0.5783689464924693,0.1333333333333333,1.1934897514720418e-16,0.5880311439634603
all_pairs,drive,p_intrinsic,0.8666666666666667,isi,SCA3_entry,0.7978563373093712,p_drive,72,72,1.0,53,0.7361111111111112,0.8107142857142857,0.5630629464952658,0.18750000000000008,0.8016376519606014,0.6462589539161553,0.2666666666666666,0.8451804341976261
all_pairs,drive,p_intrinsic,0.8666666666666667,isi,WT_exit,0.1358293233470019,p_drive,72,72,1.0,72,1.0,1.0,0.26281216633708737,5.2263312967439264e-17,0.44274552852753385,0.26281216633708737,5.2263312967439264e-17,0.44274552852753385
all_pairs,drive,p_intrinsic,0.8666666666666667,isi,balance,0.5,p_drive,72,72,1.0,67,0.9305555555555556,0.9861111111111112,0.3905511047963516,0.14583333333333315,0.6761673963550401,0.4664511579724496,0.2,0.684794888407927
all_pairs,drive,p_intrinsic,0.9,active,SCA3_entry,0.6832817402871161,p_drive,72,72,1.0,64,0.8888888888888888,1.0,0.1499999999999999,0.012500000000000034,0.6453903007522376,0.1666666666666666,0.016666666666666663,0.7177715253587779
all_pairs,drive,p_intrinsic,0.9,active,WT_exit,0.1483293470542087,p_drive,72,72,1.0,72,1.0,1.0,0.15392765736413289,0.0,0.40482160650876,0.15392765736413289,0.0,0.40482160650876
all_pairs,drive,p_intrinsic,0.9,active,balance,0.5,p_drive,72,72,1.0,68,0.9444444444444444,1.0,0.10833333333333336,8.326672684688665e-18,0.5946138515954636,0.1666666666666666,1.5820678100908474e-16,0.647201214598966
all_pairs,drive,p_intrinsic,0.9,isi,SCA3_entry,0.7978563373093712,p_drive,72,72,1.0,52,0.7222222222222222,0.8333333333333333,0.5858490605875807,0.19166666666666665,0.807856533754823,0.6893058336338481,0.31766571090836543,0.8570775259913657
all_pairs,drive,p_intrinsic,0.9,isi,WT_exit,0.1358293233470019,p_drive,72,72,1.0,72,1.0,1.0,0.2743346244741574,0.0333333333333333,0.43580959801584984,0.2743346244741574,0.0333333333333333,0.43580959801584984
all_pairs,drive,p_intrinsic,0.9,isi,balance,0.5,p_drive,72,72,1.0,66,0.9166666666666666,1.0,0.4412055566121171,0.09583333333333333,0.6917326175703868,0.49376766294752356,0.13749999999999998,0.6965009424561914
all_pairs,drive,p_intrinsic,0.9333333333333332,active,SCA3_entry,0.6832817402871161,p_drive,72,72,1.0,66,0.9166666666666666,1.0,0.15833333333333327,0.0333333333333333,0.6713153557848858,0.17500000000000004,0.0666666666666666,0.7535229536032623
all_pairs,drive,p_intrinsic,0.9333333333333332,active,WT_exit,0.1483293470542087,p_drive,72,72,1.0,72,1.0,1.0,0.14999999999999905,0.0,0.4271523550713123,0.14999999999999905,0.0,0.4271523550713123
all_pairs,drive,p_intrinsic,0.9333333333333332,active,balance,0.5,p_drive,72,72,1.0,71,0.9861111111111112,1.0,0.1333333333333333,0.0333333333333333,0.6400051673112619,0.1333333333333333,0.0333333333333333,0.6471477677472948
all_pairs,drive,p_intrinsic,0.9333333333333332,isi,SCA3_entry,0.7978563373093712,p_drive,72,71,0.9861111111111112,52,0.7222222222222222,0.8958333333333334,0.5666666666666667,0.21666666666666667,0.841103338653553,0.6979818254891454,0.31724030970799755,0.8644927292884315
all_pairs,drive,p_intrinsic,0.9333333333333332,isi,WT_exit,0.1358293233470019,p_drive,72,72,1.0,72,1.0,1.0,0.3397251061587414,0.0333333333333333,0.44479953059759825,0.3397251061587414,0.0333333333333333,0.44479953059759825
all_pairs,drive,p_intrinsic,0.9333333333333332,isi,balance,0.5,p_drive,72,72,1.0,67,0.9305555555555556,1.0,0.49849260476317653,0.09583333333333333,0.7010580787398609,0.5212986490882703,0.10000000000000012,0.7044453545256164
all_pairs,drive,p_intrinsic,0.9666666666666668,active,SCA3_entry,0.6832817402871161,p_drive,72,72,1.0,68,0.9444444444444444,1.0,0.2,0.05833333333333327,0.7577443353954714,0.20000000000000007,0.0666666666666666,0.7748331935753755
all_pairs,drive,p_intrinsic,0.9666666666666668,active,WT_exit,0.1483293470542087,p_drive,72,72,1.0,72,1.0,1.0,0.2,0.024999999999999974,0.44935395629139496,0.2,0.024999999999999974,0.44935395629139496
all_pairs,drive,p_intrinsic,0.9666666666666668,active,balance,0.5,p_drive,72,72,1.0,72,1.0,1.0,0.2,0.0666666666666666,0.6732978745578015,0.2,0.0666666666666666,0.6732978745578015
all_pairs,drive,p_intrinsic,0.9666666666666668,isi,SCA3_entry,0.7978563373093712,p_drive,72,70,0.9722222222222222,52,0.7222222222222222,1.0,0.5083333333333334,0.22083333333333333,0.7962427856004735,0.7,0.29166666666666663,0.8410682246036195
all_pairs,drive,p_intrinsic,0.9666666666666668,isi,WT_exit,0.1358293233470019,p_drive,72,72,1.0,72,1.0,1.0,0.3459736107478333,0.052828352105787756,0.4986639083674286,0.3459736107478333,0.052828352105787756,0.4986639083674286
all_pairs,drive,p_intrinsic,0.9666666666666668,isi,balance,0.5,p_drive,72,72,1.0,70,0.9722222222222222,1.0,0.45751570871157077,0.16249999999999995,0.7028028785305489,0.4942969577743764,0.1666666666666666,0.7029393682234047
all_pairs,drive,p_intrinsic,1.0,active,SCA3_entry,0.6832817402871161,p_drive,72,72,1.0,61,0.8472222222222222,1.0,0.2,0.0666666666666666,0.5750000000000001,0.21666666666666667,0.10000000000000014,0.6545325950376465
all_pairs,drive,p_intrinsic,1.0,active,WT_exit,0.1483293470542087,p_drive,72,72,1.0,72,1.0,1.0,0.21666666666666667,0.033333333333333444,0.48097644496690417,0.21666666666666667,0.033333333333333444,0.48097644496690417
all_pairs,drive,p_intrinsic,1.0,active,balance,0.5,p_drive,72,72,1.0,72,1.0,1.0,0.26666666666666666,0.07916666666666665,0.6664683741192886,0.26666666666666666,0.07916666666666665,0.6664683741192886
all_pairs,drive,p_intrinsic,1.0,isi,SCA3_entry,0.7978563373093712,p_drive,72,70,0.9722222222222222,50,0.6944444444444444,1.0,0.583333333333333,0.23333333333333334,0.8333333333333334,0.7333333333333333,0.3666666666666666,0.8618788873926044
all_pairs,drive,p_intrinsic,1.0,isi,WT_exit,0.1358293233470019,p_drive,72,72,1.0,72,1.0,1.0,0.3514135944254819,0.0666666666666666,0.5220716207042582,0.3514135944254819,0.0666666666666666,0.5220716207042582
all_pairs,drive,p_intrinsic,1.0,isi,balance,0.5,p_drive,72,72,1.0,72,1.0,1.0,0.5117264844409201,0.19166666666666665,0.7322658104738689,0.5117264844409201,0.19166666666666665,0.7322658104738689
all_pairs,intrinsic,p_drive,0.0,active,SCA3_entry,0.6832817402871161,p_intrinsic,72,63,0.875,43,0.5972222222222222,0.5714285714285714,0.18683533720607365,0.08362879413026122,0.374562597804594,0.18683533720607365,0.07265827111359771,0.39815918068646905
all_pairs,intrinsic,p_drive,0.0,active,WT_exit,0.1483293470542087,p_intrinsic,72,70,0.9722222222222222,61,0.8472222222222222,0.7500000000000001,0.06783201046518969,0.007923962181091345,0.1610016806428375,0.05302062180470756,0.006696052384476757,0.14017119857918195
all_pairs,intrinsic,p_drive,0.0,active,balance,0.5,p_intrinsic,72,63,0.875,49,0.6805555555555556,0.6666666666666666,0.15973481276609758,0.0694274265671278,0.28939183376700994,0.15973481276609758,0.05284383334053813,0.28929052128647964
all_pairs,intrinsic,p_drive,0.0,isi,SCA3_entry,0.7978563373093712,p_intrinsic,72,54,0.75,15,0.20833333333333334,0.18452380952380953,0.3663254661911337,0.18150433290023682,0.5535916487114572,0.24197258913042136,0.11312899645735836,0.5075273242964893
all_pairs,intrinsic,p_drive,0.0,isi,WT_exit,0.1358293233470019,p_intrinsic,72,69,0.9583333333333334,55,0.7638888888888888,0.6805555555555556,0.07120225271460058,0.0005067414850996509,0.21439556217969244,0.06283801594084859,0.0,0.19728475804199455
all_pairs,intrinsic,p_drive,0.0,isi,balance,0.5,p_intrinsic,72,63,0.875,29,0.4027777777777778,0.42857142857142855,0.345656134546686,0.1617114790086368,0.640805015648941,0.2618617991030566,0.040477872317647934,0.47552090825935667
all_pairs,intrinsic,p_drive,0.0333333333333333,active,SCA3_entry,0.6832817402871161,p_intrinsic,72,63,0.875,41,0.5694444444444444,0.5714285714285714,0.2244648076602179,0.10508823472757003,0.3920050469302706,0.21991399212903245,0.09673778819849903,0.3746546111847735
all_pairs,intrinsic,p_drive,0.0333333333333333,active,WT_exit,0.1483293470542087,p_intrinsic,72,68,0.9444444444444444,58,0.8055555555555556,0.75,0.10057656467944587,0.03474110350123473,0.22451418050122976,0.09370632644801706,0.025152065647089807,0.17645997707092892
all_pairs,intrinsic,p_drive,0.0333333333333333,active,balance,0.5,p_intrinsic,72,63,0.875,45,0.625,0.5982142857142858,0.19340311382931738,0.08933676216833195,0.3412271893471493,0.19604062221282587,0.08546304366602336,0.33878625168154197
all_pairs,intrinsic,p_drive,0.0333333333333333,isi,SCA3_entry,0.7978563373093712,p_intrinsic,72,57,0.7916666666666666,15,0.20833333333333334,0.21825396825396826,0.41872146582578185,0.20964774308025586,0.6009764746550331,0.37672215097994016,0.1810612862429013,0.5574951330407706
all_pairs,intrinsic,p_drive,0.0333333333333333,isi,WT_exit,0.1358293233470019,p_intrinsic,72,68,0.9444444444444444,56,0.7777777777777778,0.7142857142857143,0.08672306245235345,0.005873038324335174,0.2515498471360371,0.07382319115357239,0.0023333825943363676,0.17888893367641048
all_pairs,intrinsic,p_drive,0.0333333333333333,isi,balance,0.5,p_intrinsic,72,62,0.8611111111111112,30,0.4166666666666667,0.42857142857142855,0.3812680691198219,0.20497239628675615,0.5572352651912899,0.3830370341391844,0.07000196366920486,0.5029477200520271
all_pairs,intrinsic,p_drive,0.0666666666666666,active,SCA3_entry,0.6832817402871161,p_intrinsic,72,62,0.8611111111111112,36,0.5,0.5,0.23867723314732242,0.12060953414784853,0.4305410924194848,0.2537229726766324,0.12830747756874075,0.4247659116872171
all_pairs,intrinsic,p_drive,0.0666666666666666,active,WT_exit,0.1483293470542087,p_intrinsic,72,68,0.9444444444444444,58,0.8055555555555556,0.7559523809523809,0.11634434447016795,0.05687772229686929,0.17847798596477446,0.1106680756073514,0.039528429121603786,0.1678202170910621
all_pairs,intrinsic,p_drive,0.0666666666666666,active,balance,0.5,p_intrinsic,72,63,0.875,44,0.6111111111111112,0.5714285714285714,0.226241435150529,0.11354302294702703,0.37966398780062394,0.23278282898673386,0.1046517489138622,0.3810255947242688
all_pairs,intrinsic,p_drive,0.0666666666666666,isi,SCA3_entry,0.7978563373093712,p_intrinsic,72,59,0.8194444444444444,17,0.2361111111111111,0.2857142857142857,0.4680488827788783,0.2200976062805584,0.6478001333310561,0.4644250269000222,0.19373185363094697,0.6622669333287788
all_pairs,intrinsic,p_drive,0.0666666666666666,isi,WT_exit,0.1358293233470019,p_intrinsic,72,68,0.9444444444444444,58,0.8055555555555556,0.7222222222222222,0.10646702220583995,0.01126653198202435,0.27997226481484044,0.0772206090406917,0.0014995360061964206,0.22726426734166505
all_pairs,intrinsic,p_drive,0.0666666666666666,isi,balance,0.5,p_intrinsic,72,63,0.875,30,0.4166666666666667,0.4285714285714286,0.4069695817242541,0.21451889187346052,0.5964547674949174,0.3156220829756885,0.0833784031700566,0.5322901126609001
all_pairs,intrinsic,p_drive,0.1,active,SCA3_entry,0.6832817402871161,p_intrinsic,72,62,0.8611111111111112,36,0.5,0.5,0.24765933349265684,0.14677540361144015,0.424690891660186,0.26238876629134955,0.1445021564598236,0.41103146168712357
all_pairs,intrinsic,p_drive,0.1,active,WT_exit,0.1483293470542087,p_intrinsic,72,68,0.9444444444444444,59,0.8194444444444444,0.7777777777777777,0.12651382523710522,0.05745597960741526,0.22473280665346396,0.11483644257632293,0.05200406056398939,0.18828316048725613
all_pairs,intrinsic,p_drive,0.1,active,balance,0.5,p_intrinsic,72,63,0.875,43,0.5972222222222222,0.5476190476190477,0.25212114058202617,0.13843084142124323,0.4412268420381452,0.24564142162001096,0.1237613523700826,0.411092218601904
all_pairs,intrinsic,p_drive,0.1,isi,SCA3_entry,0.7978563373093712,p_intrinsic,72,57,0.7916666666666666,18,0.25,0.2857142857142857,0.4300679947980951,0.20968814352467216,0.6148998695492938,0.4623032577770283,0.15384054560612578,0.6614585329631654
all_pairs,intrinsic,p_drive,0.1,isi,WT_exit,0.1358293233470019,p_intrinsic,72,68,0.9444444444444444,59,0.8194444444444444,0.75,0.12292493316089687,0.01853456868219711,0.3026979143606271,0.1074808266485252,0.004264858100502293,0.22206244386975926
all_pairs,intrinsic,p_drive,0.1,isi,balance,0.5,p_intrinsic,72,63,0.875,32,0.4444444444444444,0.46428571428571436,0.4104449363185153,0.21894630984432614,0.59584024559481,0.32691581590740215,0.1574272207881001,0.5258908124877478
all_pairs,intrinsic,p_drive,0.1333333333333333,active,SCA3_entry,0.6832817402871161,p_intrinsic,72,60,0.8333333333333334,35,0.4861111111111111,0.49999999999999994,0.22496317679718333,0.1680870807417408,0.39714596993004053,0.25697638675133005,0.13434530240421205,0.369314764483621
all_pairs,intrinsic,p_drive,0.1333333333333333,active,WT_exit,0.1483293470542087,p_intrinsic,72,68,0.9444444444444444,58,0.8055555555555556,0.7638888888888888,0.14080866503807216,0.05944385766727336,0.26916547989573647,0.1277815179281525,0.04888402087917436,0.20513252534774598
all_pairs,intrinsic,p_drive,0.1333333333333333,active,balance,0.5,p_intrinsic,72,63,0.875,39,0.5416666666666666,0.5,0.2749406040670048,0.15997032862555005,0.44703778557338275,0.28513241124761224,0.1420892136670995,0.44703778557338275
all_pairs,intrinsic,p_drive,0.1333333333333333,isi,SCA3_entry,0.7978563373093712,p_intrinsic,72,57,0.7916666666666666,20,0.2777777777777778,0.2857142857142857,0.3751469203811531,0.21389910886658722,0.5668568979304849,0.48590523058066953,0.22188866700769677,0.6460401361014223
all_pairs,intrinsic,p_drive,0.1333333333333333,isi,WT_exit,0.1358293233470019,p_intrinsic,72,68,0.9444444444444444,57,0.7916666666666666,0.75,0.1264381984171981,0.02672860659747841,0.3333286188452406,0.11285553152801686,0.0020261557074216984,0.23529387931363235
all_pairs,intrinsic,p_drive,0.1333333333333333,isi,balance,0.5,p_intrinsic,72,63,0.875,32,0.4444444444444444,0.4365079365079366,0.3839432160736894,0.22753284089345344,0.626673926358644,0.3972392361833451,0.2113545214492825,0.5958549979345508
all_pairs,intrinsic,p_drive,0.1666666666666666,active,SCA3_entry,0.6832817402871161,p_intrinsic,72,59,0.8194444444444444,35,0.4861111111111111,0.49999999999999994,0.25580976338265066,0.17859016275494805,0.4045544535663541,0.26554272285739994,0.1552529632768476,0.37880389513075396
all_pairs,intrinsic,p_drive,0.1666666666666666,active,WT_exit,0.1483293470542087,p_intrinsic,72,68,0.9444444444444444,59,0.8194444444444444,0.75,0.15190996783109068,0.0657368606963934,0.29311307544717646,0.14441207756743704,0.05504997791934514,0.22035692959995654
all_pairs,intrinsic,p_drive,0.1666666666666666,active,balance,0.5,p_intrinsic,72,63,0.875,41,0.5694444444444444,0.511904761904762,0.28791240069199586,0.173246492989035,0.43761716054533584,0.29141326434010273,0.16119176800995538,0.41796704253373185
all_pairs,intrinsic,p_drive,0.1666666666666666,isi,SCA3_entry,0.7978563373093712,p_intrinsic,72,55,0.7638888888888888,18,0.25,0.2857142857142857,0.38758944875940665,0.22406137321581257,0.583625515387665,0.4682533275803129,0.20545655298927618,0.5620792632576974
all_pairs,intrinsic,p_drive,0.1666666666666666,isi,WT_exit,0.1358293233470019,p_intrinsic,72,68,0.9444444444444444,55,0.7638888888888888,0.8075396825396826,0.13748203899734557,0.03412503414110259,0.2912561379766785,0.11436451102161257,0.002507406678816341,0.23944878181497897
all_pairs,intrinsic,p_drive,0.1666666666666666,isi,balance,0.5,p_intrinsic,72,63,0.875,30,0.4166666666666667,0.4365079365079366,0.4048219929689525,0.20637780218451726,0.6429068894188628,0.3909137198865093,0.18831415210428298,0.5940017369742974
all_pairs,intrinsic,p_drive,0.2,active,SCA3_entry,0.6832817402871161,p_intrinsic,72,58,0.8055555555555556,36,0.5,0.5,0.24698838419202068,0.18643205181339337,0.4031150389550227,0.27148534810018266,0.17260762922380216,0.3892064681425248
all_pairs,intrinsic,p_drive,0.2,active,WT_exit,0.1483293470542087,p_intrinsic,72,68,0.9444444444444444,58,0.8055555555555556,0.75,0.169661862704833,0.06406508725079649,0.2773976529213009,0.1385471440465505,0.056846942508380724,0.23626196312430023
all_pairs,intrinsic,p_drive,0.2,active,balance,0.5,p_intrinsic,72,63,0.875,41,0.5694444444444444,0.511904761904762,0.300879154690891,0.1852759281419108,0.45988164870507553,0.3041846486670825,0.15727018368880388,0.4142876981440829
all_pairs,intrinsic,p_drive,0.2,isi,SCA3_entry,0.7978563373093712,p_intrinsic,72,55,0.7638888888888888,18,0.25,0.2857142857142857,0.3859044973979037,0.2584670631733136,0.6145134302886333,0.47802553055724695,0.191002087852969,0.5562201537693076
all_pairs,intrinsic,p_drive,0.2,isi,WT_exit,0.1358293233470019,p_intrinsic,72,68,0.9444444444444444,54,0.75,0.8333333333333333,0.14762528149636506,0.04069506657590835,0.2860067000710529,0.12224029771926825,0.0041314160816623546,0.21326628393993055
all_pairs,intrinsic,p_drive,0.2,isi,balance,0.5,p_intrinsic,72,65,0.9027777777777778,30,0.4166666666666667,0.4365079365079366,0.4002775553757706,0.21154672731091195,0.6224510757393923,0.36256618373177274,0.18312164793804098,0.5718009700920668
all_pairs,intrinsic,p_drive,0.2333333333333333,active,SCA3_entry,0.6832817402871161,p_intrinsic,72,60,0.8333333333333334,35,0.4861111111111111,0.49999999999999994,0.24191990492148044,0.19228170956086904,0.43221168013224354,0.2619238853137453,0.18032923389512845,0.3984623361434835
all_pairs,intrinsic,p_drive,0.2333333333333333,active,WT_exit,0.1483293470542087,p_intrinsic,72,68,0.9444444444444444,55,0.7638888888888888,0.7916666666666665,0.1787176744462402,0.06867026576415189,0.27508538307751296,0.1558775026679392,0.06204780116074512,0.2543690387792623
all_pairs,intrinsic,p_drive,0.2333333333333333,active,balance,0.5,p_intrinsic,72,65,0.9027777777777778,39,0.5416666666666666,0.511904761904762,0.30300417123690293,0.17219738593510234,0.47243230571910216,0.312927650406221,0.16489344071946954,0.47796270221578285
all_pairs,intrinsic,p_drive,0.2333333333333333,isi,SCA3_entry,0.7978563373093712,p_intrinsic,72,54,0.75,18,0.25,0.2857142857142857,0.3710652483050987,0.23472151704537453,0.5635588568617185,0.46265561178170017,0.17521764013727578,0.5729103471848853
all_pairs,intrinsic,p_drive,0.2333333333333333,isi,WT_exit,0.1358293233470019,p_intrinsic,72,68,0.9444444444444444,57,0.7916666666666666,0.8571428571428571,0.16082890361886498,0.04891569950420192,0.3102909295134923,0.13783629114540277,0.03333333333333327,0.2144976514476657
all_pairs,intrinsic,p_drive,0.2333333333333333,isi,balance,0.5,p_intrinsic,72,66,0.9166666666666666,32,0.4444444444444444,0.4365079365079366,0.3983143252153456,0.16454511921392564,0.5928227800275755,0.38529238884167955,0.14322419172871487,0.5886802056295821
all_pairs,intrinsic,p_drive,0.2666666666666666,active,SCA3_entry,0.6832817402871161,p_intrinsic,72,58,0.8055555555555556,34,0.4722222222222222,0.4821428571428571,0.26568029201936744,0.19223737212905131,0.42990298300120977,0.26568029201936744,0.18796651284747606,0.40374032221044187
all_pairs,intrinsic,p_drive,0.2666666666666666,active,WT_exit,0.1483293470542087,p_intrinsic,72,68,0.9444444444444444,57,0.7916666666666666,0.8333333333333333,0.18486497017504278,0.0732113463063229,0.2860765120819795,0.15123616648576002,0.05127944842512387,0.24834962902970778
all_pairs,intrinsic,p_drive,0.2666666666666666,active,balance,0.5,p_intrinsic,72,65,0.9027777777777778,43,0.5972222222222222,0.5277777777777778,0.2782329512302731,0.17919327759634224,0.45176348450120957,0.2738878280109275,0.1575302288230615,0.39672906781052475
all_pairs,intrinsic,p_drive,0.2666666666666666,isi,SCA3_entry,0.7978563373093712,p_intrinsic,72,54,0.75,20,0.2777777777777778,0.3047619047619048,0.418980856501665,0.2933304102726748,0.5974393992846161,0.38260143666649604,0.2640038905757053,0.5988909348345806
all_pairs,intrinsic,p_drive,0.2666666666666666,isi,WT_exit,0.1358293233470019,p_intrinsic,72,68,0.9444444444444444,58,0.8055555555555556,0.8571428571428571,0.1704674381026503,0.03333333333333329,0.3136741173377725,0.13970287546708993,0.032415546866956836,0.22225020838588427
all_pairs,intrinsic,p_drive,0.2666666666666666,isi,balance,0.5,p_intrinsic,72,66,0.9166666666666666,37,0.5138888888888888,0.5,0.416262051564218,0.18401801821775132,0.5842497951254939,0.393394616418573,0.12460936710883681,0.5884980727055988
all_pairs,intrinsic,p_drive,0.3,active,SCA3_entry,0.6832817402871161,p_intrinsic,72,58,0.8055555555555556,36,0.5,0.5,0.27525301009712855,0.20025645382590876,0.4449547676567699,0.2631841682080037,0.18717170124736604,0.42097335834145355
all_pairs,intrinsic,p_drive,0.3,active,WT_exit,0.1483293470542087,p_intrinsic,72,68,0.9444444444444444,58,0.8055555555555556,0.8333333333333333,0.17220728082222292,0.06949304633305715,0.2861314307089503,0.15799580393383533,0.05734508128445025,0.2607140186538214
all_pairs,intrinsic,p_drive,0.3,active,balance,0.5,p_intrinsic,72,64,0.8888888888888888,42,0.5833333333333334,0.5714285714285714,0.28632438878029937,0.18016658151924048,0.40902625642575474,0.2680790094093497,0.16016995779752377,0.37425448967107455
all_pairs,intrinsic,p_drive,0.3,isi,SCA3_entry,0.7978563373093712,p_intrinsic,72,54,0.75,20,0.2777777777777778,0.34523809523809523,0.4170466679012446,0.3002912171098882,0.5827558707436762,0.3939824068542942,0.2708368444609013,0.6065357328900078
all_pairs,intrinsic,p_drive,0.3,isi,WT_exit,0.1358293233470019,p_intrinsic,72,69,0.9583333333333334,60,0.8333333333333334,0.859126984126984,0.15797013342867186,0.0333333333333333,0.30683889929351227,0.14358440835731892,0.024999999999999974,0.2359120658653139
all_pairs,intrinsic,p_drive,0.3,isi,balance,0.5,p_intrinsic,72,66,0.9166666666666666,41,0.5694444444444444,0.5,0.3875723281487001,0.1676976408209389,0.5874077048260161,0.3009042151956009,0.13550598251566623,0.49679715887452774
all_pairs,intrinsic,p_drive,0.3333333333333333,active,SCA3_entry,0.6832817402871161,p_intrinsic,72,58,0.8055555555555556,38,0.5277777777777778,0.5,0.3059673898231645,0.19121072546707507,0.4577178554276977,0.27037588185381045,0.17387636693454553,0.42917633093649754
all_pairs,intrinsic,p_drive,0.3333333333333333,active,WT_exit,0.1483293470542087,p_intrinsic,72,68,0.9444444444444444,59,0.8194444444444444,0.8333333333333333,0.1746534906854375,0.06305094817093744,0.29833863076213846,0.1687815160528827,0.059435229675208284,0.2618486986223847
all_pairs,intrinsic,p_drive,0.3333333333333333,active,balance,0.5,p_intrinsic,72,64,0.8888888888888888,42,0.5833333333333334,0.5773809523809526,0.29815297324208623,0.15196386436137255,0.45431557886473456,0.279961304541028,0.14733218340453014,0.38800805586718834
all_pairs,intrinsic,p_drive,0.3333333333333333,isi,SCA3_entry,0.7978563373093712,p_intrinsic,72,54,0.75,21,0.2916666666666667,0.32738095238095233,0.40975322223795585,0.2927712296826955,0.6222395332910693,0.4456659493268459,0.2991372162155706,0.6312636288614971
all_pairs,intrinsic,p_drive,0.3333333333333333,isi,WT_exit,0.1358293233470019,p_intrinsic,72,69,0.9583333333333334,63,0.875,0.9285714285714286,0.13902116768630723,0.0,0.3159459312333912,0.12809202395094377,0.0,0.23722699784762552
all_pairs,intrinsic,p_drive,0.3333333333333333,isi,balance,0.5,p_intrinsic,72,66,0.9166666666666666,41,0.5694444444444444,0.5,0.41452466080018213,0.20433901403422422,0.5911933154511976,0.3690473664915169,0.09813410438878285,0.5137359402346279
all_pairs,intrinsic,p_drive,0.3666666666666666,active,SCA3_entry,0.6832817402871161,p_intrinsic,72,58,0.8055555555555556,38,0.5277777777777778,0.5,0.310608694204503,0.18298463326905187,0.4704554409156551,0.2801908358040528,0.1693241777153916,0.4350406821896323
all_pairs,intrinsic,p_drive,0.3666666666666666,active,WT_exit,0.1483293470542087,p_intrinsic,72,68,0.9444444444444444,59,0.8194444444444444,0.8452380952380952,0.17867884133431897,0.07407627637417016,0.32432346275166846,0.1671601945534485,0.07160640647166897,0.27994790860741287
all_pairs,intrinsic,p_drive,0.3666666666666666,active,balance,0.5,p_intrinsic,72,64,0.8888888888888888,49,0.6805555555555556,0.6408730158730158,0.30865480456589645,0.16205915161310436,0.46826954487081246,0.2640367293991863,0.15143266311596612,0.3782680887927397
all_pairs,intrinsic,p_drive,0.3666666666666666,isi,SCA3_entry,0.7978563373093712,p_intrinsic,72,53,0.7361111111111112,22,0.3055555555555556,0.29285714285714287,0.4044145378730933,0.2948223517043383,0.6527959597555034,0.4261583848425735,0.30261814163281164,0.6356540308935419
all_pairs,intrinsic,p_drive,0.3666666666666666,isi,WT_exit,0.1358293233470019,p_intrinsic,72,71,0.9861111111111112,68,0.9444444444444444,1.0,0.12534304628259665,0.0,0.24324941975541067,0.12419572822203394,0.0,0.23837495096652828
all_pairs,intrinsic,p_drive,0.3666666666666666,isi,balance,0.5,p_intrinsic,72,66,0.9166666666666666,47,0.6527777777777778,0.5396825396825397,0.37921510726362906,0.19748800735959704,0.5541003469522331,0.3349046291273411,0.14813510516203102,0.5130274580493235
all_pairs,intrinsic,p_drive,0.4,active,SCA3_entry,0.6832817402871161,p_intrinsic,72,58,0.8055555555555556,39,0.5416666666666666,0.5347222222222223,0.3248827680573566,0.1922049201878264,0.4792951266697591,0.27129151312597205,0.16033347694465777,0.44028177551611564
all_pairs,intrinsic,p_drive,0.4,active,WT_exit,0.1483293470542087,p_intrinsic,72,68,0.9444444444444444,63,0.875,0.8571428571428571,0.16783250405078182,0.06906455564288908,0.3334697913971369,0.163863227296433,0.06637881053681378,0.2933809596416827
all_pairs,intrinsic,p_drive,0.4,active,balance,0.5,p_intrinsic,72,64,0.8888888888888888,51,0.7083333333333334,0.6547619047619048,0.31965166130229195,0.17210577554624362,0.5065434296247476,0.2780899324246716,0.1617962774278008,0.37751030685197506
all_pairs,intrinsic,p_drive,0.4,isi,SCA3_entry,0.7978563373093712,p_intrinsic,72,53,0.7361111111111112,20,0.2777777777777778,0.28869047619047616,0.418178633818075,0.2541163478624727,0.6553008187359357,0.4186735982661954,0.2773713428148671,0.6336266257178335
all_pairs,intrinsic,p_drive,0.4,isi,WT_exit,0.1358293233470019,p_intrinsic,72,71,0.9861111111111112,69,0.9583333333333334,1.0,0.11603898050738953,0.0,0.2586235280758946,0.11042749220390218,0.0,0.2482978015483919
all_pairs,intrinsic,p_drive,0.4,isi,balance,0.5,p_intrinsic,72,66,0.9166666666666666,52,0.7222222222222222,0.5833333333333334,0.3720913246569619,0.19067756677141923,0.5540463052978105,0.34523978434910974,0.1665604391766022,0.49521511397452933
all_pairs,intrinsic,p_drive,0.4333333333333333,active,SCA3_entry,0.6832817402871161,p_intrinsic,72,58,0.8055555555555556,42,0.5833333333333334,0.5515873015873016,0.3371920286547462,0.1992074962410454,0.4905903717776193,0.3015514318495048,0.19592867878575967,0.4253291685644006
all_pairs,intrinsic,p_drive,0.4333333333333333,active,WT_exit,0.1483293470542087,p_intrinsic,72,71,0.9861111111111112,67,0.9305555555555556,1.0,0.16955428147530097,0.01613186225358096,0.311252199080443,0.15743463527030038,0.01613186225358096,0.29606220145174506
all_pairs,intrinsic,p_drive,0.4333333333333333,active,balance,0.5,p_intrinsic,72,66,0.9166666666666666,53,0.7361111111111112,0.6339285714285716,0.32978080919770336,0.18664218998880674,0.5109628781188889,0.30134584712306833,0.1619624370521453,0.3996768622710528
all_pairs,intrinsic,p_drive,0.4333333333333333,isi,SCA3_entry,0.7978563373093712,p_intrinsic,72,54,0.75,22,0.3055555555555556,0.3333333333333333,0.39014251666563626,0.24131396793607582,0.632868049248705,0.47966684757396194,0.34862288394003194,0.7986448097670904
all_pairs,intrinsic,p_drive,0.4333333333333333,isi,WT_exit,0.1358293233470019,p_intrinsic,72,71,0.9861111111111112,69,0.9583333333333334,1.0,0.13135516303637337,0.0,0.27238845653952737,0.11697787335857174,0.0,0.25774067248653504
all_pairs,intrinsic,p_drive,0.4333333333333333,isi,balance,0.5,p_intrinsic,72,66,0.9166666666666666,52,0.7222222222222222,0.6124999999999999,0.377918601677681,0.201365747193643,0.5958457596551209,0.35787612248053285,0.14797304133875977,0.517242893308849
all_pairs,intrinsic,p_drive,0.4666666666666667,active,SCA3_entry,0.6832817402871161,p_intrinsic,72,57,0.7916666666666666,43,0.5972222222222222,0.5714285714285714,0.3504803639178659,0.20569035259277307,0.43744079692004956,0.31856112564647054,0.1813633901050745,0.42435497642170794
all_pairs,intrinsic,p_drive,0.4666666666666667,active,WT_exit,0.1483293470542087,p_intrinsic,72,71,0.9861111111111112,68,0.9444444444444444,1.0,0.16294815979015176,0.0,0.3018075558566038,0.15584482506081843,0.0,0.2876158522253298
all_pairs,intrinsic,p_drive,0.4666666666666667,active,balance,0.5,p_intrinsic,72,66,0.9166666666666666,55,0.7638888888888888,0.6666666666666666,0.3380404325142317,0.18607384737969743,0.5459481662879075,0.2722977345517498,0.15987383405765263,0.41136431633374554
all_pairs,intrinsic,p_drive,0.4666666666666667,isi,SCA3_entry,0.7978563373093712,p_intrinsic,72,52,0.7222222222222222,21,0.2916666666666667,0.33333333333333337,0.3749050219744341,0.24579875109350666,0.6102606452900403,0.4201104022660534,0.25378851780059003,0.6390447511785756
all_pairs,intrinsic,p_drive,0.4666666666666667,isi,WT_exit,0.1358293233470019,p_intrinsic,72,72,1.0,71,0.9861111111111112,1.0,0.13011449938825967,0.0,0.2781816043099725,0.12580316047978954,0.0,0.2754434743443751
all_pairs,intrinsic,p_drive,0.4666666666666667,isi,balance,0.5,p_intrinsic,72,67,0.9305555555555556,54,0.75,0.6666666666666666,0.3365080391254261,0.20780590730857756,0.5816926833979231,0.324610635354908,0.2039029536542888,0.5254178740946378
all_pairs,intrinsic,p_drive,0.5,active,SCA3_entry,0.6832817402871161,p_intrinsic,72,58,0.8055555555555556,44,0.6111111111111112,0.5714285714285714,0.3341382317028563,0.168847950545798,0.4322352351210848,0.31119085237229555,0.1634350299902738,0.4206671760578998
all_pairs,intrinsic,p_drive,0.5,active,WT_exit,0.1483293470542087,p_intrinsic,72,71,0.9861111111111112,69,0.9583333333333334,1.0,0.16474295545643278,0.0,0.3202394187782742,0.16316255697781612,0.0,0.2986201750128098
all_pairs,intrinsic,p_drive,0.5,active,balance,0.5,p_intrinsic,72,68,0.9444444444444444,56,0.7777777777777778,0.6666666666666667,0.29827758166002016,0.15725718444161646,0.5637617620901872,0.27881663812089774,0.16191096049783943,0.43198881585446036
all_pairs,intrinsic,p_drive,0.5,isi,SCA3_entry,0.7978563373093712,p_intrinsic,72,54,0.75,22,0.3055555555555556,0.3333333333333333,0.3897907702852388,0.23259734650737066,0.5467591597019802,0.4557539645529861,0.27347865881660033,0.6643702931102067
all_pairs,intrinsic,p_drive,0.5,isi,WT_exit,0.1358293233470019,p_intrinsic,72,72,1.0,71,0.9861111111111112,1.0,0.11455700564758925,0.0,0.2940722693318643,0.11155139911414191,0.0,0.29069415670426124
all_pairs,intrinsic,p_drive,0.5,isi,balance,0.5,p_intrinsic,72,68,0.9444444444444444,56,0.7777777777777778,0.6964285714285714,0.3822130807370909,0.21288025728115786,0.5883702412814599,0.33542902778016503,0.22586943649093183,0.5317154742337176
all_pairs,intrinsic,p_drive,0.5333333333333333,active,SCA3_entry,0.6832817402871161,p_intrinsic,72,60,0.8333333333333334,46,0.6388888888888888,0.5833333333333334,0.3273148588555824,0.18379342374226504,0.4647754674406385,0.31977785219292243,0.1633930560930781,0.44718257302567377
all_pairs,intrinsic,p_drive,0.5333333333333333,active,WT_exit,0.1483293470542087,p_intrinsic,72,72,1.0,70,0.9722222222222222,1.0,0.166708363687895,0.0,0.3321151904410434,0.16318652468888167,0.0,0.32496825374904637
all_pairs,intrinsic,p_drive,0.5333333333333333,active,balance,0.5,p_intrinsic,72,68,0.9444444444444444,57,0.7916666666666666,0.6875,0.3002014900166201,0.15986920741982968,0.5283214909554517,0.2860984988841018,0.16473023671993606,0.44638566363019083
all_pairs,intrinsic,p_drive,0.5333333333333333,isi,SCA3_entry,0.7978563373093712,p_intrinsic,72,54,0.75,22,0.3055555555555556,0.34523809523809523,0.3740445009055428,0.26845526495810673,0.5303513246173193,0.48242624197135336,0.26847591919000924,0.6494320001530838
all_pairs,intrinsic,p_drive,0.5333333333333333,isi,WT_exit,0.1358293233470019,p_intrinsic,72,72,1.0,72,1.0,1.0,0.12530639077259148,0.0,0.23126219496071582,0.12530639077259148,0.0,0.23126219496071582
all_pairs,intrinsic,p_drive,0.5333333333333333,isi,balance,0.5,p_intrinsic,72,69,0.9583333333333334,59,0.8194444444444444,0.7142857142857143,0.33030554096286013,0.1614461142328975,0.5734136398352768,0.3181069579079607,0.1789538481841138,0.5233998736381289
all_pairs,intrinsic,p_drive,0.5666666666666667,active,SCA3_entry,0.6832817402871161,p_intrinsic,72,62,0.8611111111111112,47,0.6527777777777778,0.5833333333333335,0.29903196529350695,0.14916429628697253,0.48085636985015223,0.29401979445515747,0.1604659190240161,0.46684814050071916
all_pairs,intrinsic,p_drive,0.5666666666666667,active,WT_exit,0.1483293470542087,p_intrinsic,72,72,1.0,72,1.0,1.0,0.15755374831244562,0.0,0.32370840778069354,0.15755374831244562,0.0,0.32370840778069354
all_pairs,intrinsic,p_drive,0.5666666666666667,active,balance,0.5,p_intrinsic,72,69,0.9583333333333334,60,0.8333333333333334,0.7142857142857143,0.2900850326831711,0.15939803671796737,0.5038663791929792,0.28712782956305893,0.14600242446584238,0.46818892862297
all_pairs,intrinsic,p_drive,0.5666666666666667,isi,SCA3_entry,0.7978563373093712,p_intrinsic,72,57,0.7916666666666666,24,0.3333333333333333,0.33333333333333337,0.3659615282160955,0.19012510223591642,0.5366016268331129,0.40655121054008336,0.2665918535258033,0.6117072055694353
all_pairs,intrinsic,p_drive,0.5666666666666667,isi,WT_exit,0.1358293233470019,p_intrinsic,72,72,1.0,72,1.0,1.0,0.1264992638840549,0.0,0.22873906366078944,0.1264992638840549,0.0,0.22873906366078944
all_pairs,intrinsic,p_drive,0.5666666666666667,isi,balance,0.5,p_intrinsic,72,69,0.9583333333333334,61,0.8472222222222222,0.7321428571428571,0.3497982851951532,0.21838249640765128,0.5704505413771801,0.3404463320700208,0.21838249640765128,0.5488182240133904
all_pairs,intrinsic,p_drive,0.6,active,SCA3_entry,0.6832817402871161,p_intrinsic,72,62,0.8611111111111112,46,0.6388888888888888,0.6250000000000001,0.30280270874949994,0.15044959609875358,0.4987752686110502,0.28939571665625763,0.13144415624961422,0.46674597109691396
all_pairs,intrinsic,p_drive,0.6,active,WT_exit,0.1483293470542087,p_intrinsic,72,72,1.0,72,1.0,1.0,0.1564731236110703,0.0,0.3009246067976952,0.1564731236110703,0.0,0.3009246067976952
all_pairs,intrinsic,p_drive,0.6,active,balance,0.5,p_intrinsic,72,70,0.9722222222222222,63,0.875,0.75,0.3007273599630041,0.08214013198515183,0.46933116765486194,0.2940940291552361,0.13034615323853885,0.46713029880905277
all_pairs,intrinsic,p_drive,0.6,isi,SCA3_entry,0.7978563373093712,p_intrinsic,72,58,0.8055555555555556,24,0.3333333333333333,0.3571428571428572,0.3255373420545362,0.16120170938566525,0.5551230598292326,0.44284697976567455,0.2534593538111349,0.5858960327067138
all_pairs,intrinsic,p_drive,0.6,isi,WT_exit,0.1358293233470019,p_intrinsic,72,72,1.0,72,1.0,1.0,0.13139612742927653,0.0,0.2361526635484003,0.13139612742927653,0.0,0.2361526635484003
all_pairs,intrinsic,p_drive,0.6,isi,balance,0.5,p_intrinsic,72,70,0.9722222222222222,65,0.9027777777777778,0.7559523809523809,0.3483741450868543,0.10433005856590752,0.5493922689900924,0.3562912083540396,0.14144867150420154,0.5368801899338096
all_pairs,intrinsic,p_drive,0.6333333333333333,active,SCA3_entry,0.6832817402871161,p_intrinsic,72,67,0.9305555555555556,48,0.6666666666666666,0.6309523809523809,0.2861115009696151,0.05,0.4987792520033739,0.27903599230787607,0.07500000000000001,0.5048741233096292
all_pairs,intrinsic,p_drive,0.6333333333333333,active,WT_exit,0.1483293470542087,p_intrinsic,72,72,1.0,72,1.0,1.0,0.16976626842133535,0.0,0.2976844622797048,0.16976626842133535,0.0,0.2976844622797048
all_pairs,intrinsic,p_drive,0.6333333333333333,active,balance,0.5,p_intrinsic,72,70,0.9722222222222222,65,0.9027777777777778,0.761904761904762,0.2934655652252418,0.0,0.503574863183786,0.29542818559751477,0.0,0.49112436402149506
all_pairs,intrinsic,p_drive,0.6333333333333333,isi,SCA3_entry,0.7978563373093712,p_intrinsic,72,59,0.8194444444444444,29,0.4027777777777778,0.42261904761904767,0.32196547565718364,0.14686358569579983,0.5721448526489215,0.28075298092679524,0.16039383805826632,0.6051281349648747
all_pairs,intrinsic,p_drive,0.6333333333333333,isi,WT_exit,0.1358293233470019,p_intrinsic,72,72,1.0,72,1.0,1.0,0.12875407633796765,0.0,0.26439185237934154,0.12875407633796765,0.0,0.26439185237934154
all_pairs,intrinsic,p_drive,0.6333333333333333,isi,balance,0.5,p_intrinsic,72,70,0.9722222222222222,66,0.9166666666666666,0.8452380952380952,0.3703563724167549,0.11868337772778897,0.5578270782608273,0.3703563724167549,0.1270311726606554,0.5456077124281554
all_pairs,intrinsic,p_drive,0.6666666666666666,active,SCA3_entry,0.6832817402871161,p_intrinsic,72,67,0.9305555555555556,50,0.6944444444444444,0.6666666666666666,0.26915411612715656,0.0942587667308142,0.49595211030126873,0.2732560416498405,0.0283788402304931,0.5007018384393159
all_pairs,intrinsic,p_drive,0.6666666666666666,active,WT_exit,0.1483293470542087,p_intrinsic,72,72,1.0,72,1.0,1.0,0.17226441889637373,0.0,0.29487960393117735,0.17226441889637373,0.0,0.29487960393117735
all_pairs,intrinsic,p_drive,0.6666666666666666,active,balance,0.5,p_intrinsic,72,70,0.9722222222222222,66,0.9166666666666666,0.8333333333333333,0.3138266977521045,0.0,0.5012207023652557,0.3138266977521045,0.00462005410786063,0.4995460163116472
all_pairs,intrinsic,p_drive,0.6666666666666666,isi,SCA3_entry,0.7978563373093712,p_intrinsic,72,63,0.875,30,0.4166666666666667,0.4375000000000001,0.33641165180742744,0.1574791575394022,0.5804960449101584,0.32514718728269565,0.1532301478617608,0.6265943715092746
all_pairs,intrinsic,p_drive,0.6666666666666666,isi,WT_exit,0.1358293233470019,p_intrinsic,72,72,1.0,72,1.0,1.0,0.12499999999999994,0.0,0.2855858777847614,0.12499999999999994,0.0,0.2855858777847614
all_pairs,intrinsic,p_drive,0.6666666666666666,isi,balance,0.5,p_intrinsic,72,71,0.9861111111111112,68,0.9444444444444444,0.8904761904761905,0.37173823590218014,0.025036269561824576,0.555685604539683,0.37048286875583525,0.0375544043427368,0.5453330700170556
all_pairs,intrinsic,p_drive,0.7,active,SCA3_entry,0.6832817402871161,p_intrinsic,72,67,0.9305555555555556,53,0.7361111111111112,0.6666666666666666,0.269763040090229,0.0,0.5001392114546364,0.27021222571536857,0.0,0.4903103341310925
all_pairs,intrinsic,p_drive,0.7,active,WT_exit,0.1483293470542087,p_intrinsic,72,72,1.0,72,1.0,1.0,0.18298548071986726,0.0,0.2930565673095656,0.18298548071986726,0.0,0.2930565673095656
all_pairs,intrinsic,p_drive,0.7,active,balance,0.5,p_intrinsic,72,70,0.9722222222222222,67,0.9305555555555556,0.8660714285714286,0.30156444902475826,3.179177694125641e-17,0.5393359925036927,0.30064293804886216,6.358355388251282e-17,0.5163390116489414
all_pairs,intrinsic,p_drive,0.7,isi,SCA3_entry,0.7978563373093712,p_intrinsic,72,64,0.8888888888888888,36,0.5,0.5,0.3472296169039345,0.03710297911255835,0.6098172288354391,0.30777073746126377,0.047089881926408304,0.5820541741261234
all_pairs,intrinsic,p_drive,0.7,isi,WT_exit,0.1358293233470019,p_intrinsic,72,72,1.0,72,1.0,1.0,0.11755060108968954,0.0,0.2903850151910149,0.11755060108968954,0.0,0.2903850151910149
all_pairs,intrinsic,p_drive,0.7,isi,balance,0.5,p_intrinsic,72,71,0.9861111111111112,68,0.9444444444444444,0.9226190476190477,0.3666666666666666,7.488989211851667e-17,0.5600486346497755,0.35337146654161367,1.0678372305464923e-16,0.5524524373222114
all_pairs,intrinsic,p_drive,0.7333333333333333,active,SCA3_entry,0.6832817402871161,p_intrinsic,72,69,0.9583333333333334,58,0.8055555555555556,0.6952380952380952,0.2895687687275824,0.0,0.5393690532516618,0.2902062321310916,0.0,0.529820720548424
all_pairs,intrinsic,p_drive,0.7333333333333333,active,WT_exit,0.1483293470542087,p_intrinsic,72,72,1.0,72,1.0,1.0,0.19118533656540265,0.0,0.32329034866867773,0.19118533656540265,0.0,0.32329034866867773
all_pairs,intrinsic,p_drive,0.7333333333333333,active,balance,0.5,p_intrinsic,72,71,0.9861111111111112,68,0.9444444444444444,0.9404761904761906,0.2919577031250833,0.0,0.5238481928034779,0.2912165574423864,0.0,0.508505210163877
all_pairs,intrinsic,p_drive,0.7333333333333333,isi,SCA3_entry,0.7978563373093712,p_intrinsic,72,66,0.9166666666666666,42,0.5833333333333334,0.5000000000000001,0.33048104339107953,0.09886569602169122,0.6273885309534147,0.326348868958923,0.10276195354718737,0.6650288895315164
all_pairs,intrinsic,p_drive,0.7333333333333333,isi,WT_exit,0.1358293233470019,p_intrinsic,72,72,1.0,72,1.0,1.0,0.1137975556973632,0.0,0.28927193900943504,0.1137975556973632,0.0,0.28927193900943504
all_pairs,intrinsic,p_drive,0.7333333333333333,isi,balance,0.5,p_intrinsic,72,72,1.0,69,0.9583333333333334,1.0,0.36076581532554686,1.1247882130218936e-16,0.5641637869040912,0.3234464987466667,2.2204460492503104e-17,0.5543062833326675
all_pairs,intrinsic,p_drive,0.7666666666666666,active,SCA3_entry,0.6832817402871161,p_intrinsic,72,68,0.9444444444444444,56,0.7777777777777778,0.7142857142857144,0.28040422646189483,0.0,0.5017882638537602,0.28040422646189483,0.0,0.5017882638537602
all_pairs,intrinsic,p_drive,0.7666666666666666,active,WT_exit,0.1483293470542087,p_intrinsic,72,72,1.0,72,1.0,1.0,0.18824087012767837,0.0,0.31693034151932753,0.18824087012767837,0.0,0.31693034151932753
all_pairs,intrinsic,p_drive,0.7666666666666666,active,balance,0.5,p_intrinsic,72,72,1.0,69,0.9583333333333334,1.0,0.30347621515320394,0.0,0.5352679433338082,0.30170582423484915,0.0,0.5326721331938302
all_pairs,intrinsic,p_drive,0.7666666666666666,isi,SCA3_entry,0.7978563373093712,p_intrinsic,72,66,0.9166666666666666,44,0.6111111111111112,0.5486111111111112,0.3464652072222467,0.05416666666666666,0.6185511057973372,0.34831053005395507,0.09013907073745178,0.631148800844975
all_pairs,intrinsic,p_drive,0.7666666666666666,isi,WT_exit,0.1358293233470019,p_intrinsic,72,72,1.0,72,1.0,1.0,0.12178312614379574,0.0,0.3028454220215575,0.12178312614379574,0.0,0.3028454220215575
all_pairs,intrinsic,p_drive,0.7666666666666666,isi,balance,0.5,p_intrinsic,72,72,1.0,70,0.9722222222222222,1.0,0.37047047879908374,0.10833333333333331,0.5653084995190367,0.3467860118910967,0.0583333333333333,0.5562179919628649
all_pairs,intrinsic,p_drive,0.8,active,SCA3_entry,0.6832817402871161,p_intrinsic,72,68,0.9444444444444444,57,0.7916666666666666,0.8035714285714286,0.30188653321307063,0.0,0.5069292730991363,0.30124185046466034,0.0,0.5183869188106021
all_pairs,intrinsic,p_drive,0.8,active,WT_exit,0.1483293470542087,p_intrinsic,72,72,1.0,72,1.0,1.0,0.1937764520069472,0.0,0.3190853338791696,0.1937764520069472,0.0,0.3190853338791696
all_pairs,intrinsic,p_drive,0.8,active,balance,0.5,p_intrinsic,72,72,1.0,69,0.9583333333333334,1.0,0.30510638626681447,0.0,0.5380212069940811,0.2996857233575947,0.0,0.5215745582972071
all_pairs,intrinsic,p_drive,0.8,isi,SCA3_entry,0.7978563373093712,p_intrinsic,72,68,0.9444444444444444,47,0.6527777777777778,0.5833333333333335,0.32956404767983394,0.05833333333333327,0.6514620605619338,0.34392675626585856,0.06899527741761693,0.6949725387659897
all_pairs,intrinsic,p_drive,0.8,isi,WT_exit,0.1358293233470019,p_intrinsic,72,72,1.0,72,1.0,1.0,0.13044705927824174,0.0,0.31463392681455693,0.13044705927824174,0.0,0.31463392681455693
all_pairs,intrinsic,p_drive,0.8,isi,balance,0.5,p_intrinsic,72,72,1.0,70,0.9722222222222222,1.0,0.38204981956484607,0.07916666666666665,0.5722526069356132,0.36133630510179626,0.07083333333333328,0.5520922839664952
all_pairs,intrinsic,p_drive,0.8333333333333334,active,SCA3_entry,0.6832817402871161,p_intrinsic,72,70,0.9722222222222222,58,0.8055555555555556,0.8660714285714286,0.26015750014360917,0.0,0.5007095571169249,0.26600058740358673,0.0,0.5274838054096621
all_pairs,intrinsic,p_drive,0.8333333333333334,active,WT_exit,0.1483293470542087,p_intrinsic,72,72,1.0,72,1.0,1.0,0.19404265642213075,0.0,0.336246899982239,0.19404265642213075,0.0,0.336246899982239
all_pairs,intrinsic,p_drive,0.8333333333333334,active,balance,0.5,p_intrinsic,72,72,1.0,70,0.9722222222222222,1.0,0.3094119739317588,8.326672684688665e-18,0.5507284580000946,0.3047812050396651,2.775557561562888e-18,0.5421739121982907
all_pairs,intrinsic,p_drive,0.8333333333333334,isi,SCA3_entry,0.7978563373093712,p_intrinsic,72,68,0.9444444444444444,49,0.6805555555555556,0.6388888888888888,0.35737504264234476,0.045833333333333254,0.6717074035818242,0.3758493741779335,0.1,0.7082125574302174
all_pairs,intrinsic,p_drive,0.8333333333333334,isi,WT_exit,0.1358293233470019,p_intrinsic,72,72,1.0,72,1.0,1.0,0.1189022380593551,0.0,0.3055821241406571,0.1189022380593551,0.0,0.3055821241406571
all_pairs,intrinsic,p_drive,0.8333333333333334,isi,balance,0.5,p_intrinsic,72,72,1.0,70,0.9722222222222222,1.0,0.4229819427496372,0.09999999999999998,0.5930088464345986,0.38813074178776596,0.0999999999999999,0.5813644314467606
all_pairs,intrinsic,p_drive,0.8666666666666667,active,SCA3_entry,0.6832817402871161,p_intrinsic,72,70,0.9722222222222222,62,0.8611111111111112,0.886904761904762,0.25574463891688015,0.0,0.4730204416727724,0.2730910610463314,5.551115123125776e-18,0.4631671669829907
all_pairs,intrinsic,p_drive,0.8666666666666667,active,WT_exit,0.1483293470542087,p_intrinsic,72,72,1.0,72,1.0,1.0,0.20008437584024047,0.0,0.3597694005792922,0.20008437584024047,0.0,0.3597694005792922
all_pairs,intrinsic,p_drive,0.8666666666666667,active,balance,0.5,p_intrinsic,72,72,1.0,71,0.9861111111111112,1.0,0.3226561600840673,0.025,0.5466173519763943,0.32147762547689424,0.016666666666666705,0.547493992040122
all_pairs,intrinsic,p_drive,0.8666666666666667,isi,SCA3_entry,0.7978563373093712,p_intrinsic,72,70,0.9722222222222222,49,0.6805555555555556,0.6726190476190477,0.3438821946594731,0.03333333333333331,0.7056523506502119,0.3772040058674718,0.06808292921164454,0.7346921015659061
all_pairs,intrinsic,p_drive,0.8666666666666667,isi,WT_exit,0.1358293233470019,p_intrinsic,72,72,1.0,72,1.0,1.0,0.12156218500595092,0.0,0.2758183027068594,0.12156218500595092,0.0,0.2758183027068594
all_pairs,intrinsic,p_drive,0.8666666666666667,isi,balance,0.5,p_intrinsic,72,72,1.0,69,0.9583333333333334,1.0,0.39756927706719186,0.12916666666666654,0.5869755147403916,0.3666666666666666,0.11666666666666671,0.5828468454314766
all_pairs,intrinsic,p_drive,0.9,active,SCA3_entry,0.6832817402871161,p_intrinsic,72,70,0.9722222222222222,61,0.8472222222222222,0.9583333333333335,0.2505139726462109,0.0,0.4195493313455184,0.254634801307728,0.0,0.42037664574973477
all_pairs,intrinsic,p_drive,0.9,active,WT_exit,0.1483293470542087,p_intrinsic,72,72,1.0,72,1.0,1.0,0.2104199276420869,4.918489249719748e-19,0.37448105037643714,0.2104199276420869,4.918489249719748e-19,0.37448105037643714
all_pairs,intrinsic,p_drive,0.9,active,balance,0.5,p_intrinsic,72,72,1.0,71,0.9861111111111112,1.0,0.3339347027453098,0.024999999999999998,0.5154621335868922,0.3334768076428173,0.016666666666666698,0.5283097598748342
all_pairs,intrinsic,p_drive,0.9,isi,SCA3_entry,0.7978563373093712,p_intrinsic,72,70,0.9722222222222222,51,0.7083333333333334,0.8035714285714286,0.3360058220397728,0.03333333333333327,0.6717020113396107,0.41289866476576664,0.09999999999999998,0.6689375577919361
all_pairs,intrinsic,p_drive,0.9,isi,WT_exit,0.1358293233470019,p_intrinsic,72,72,1.0,72,1.0,1.0,0.1398636512037219,0.0,0.29304878085949554,0.1398636512037219,0.0,0.29304878085949554
all_pairs,intrinsic,p_drive,0.9,isi,balance,0.5,p_intrinsic,72,72,1.0,69,0.9583333333333334,1.0,0.3673568885634999,0.11373471045038575,0.5934788033445192,0.35851058414833226,0.11600549590183842,0.586477857373483
all_pairs,intrinsic,p_drive,0.9333333333333332,active,SCA3_entry,0.6832817402871161,p_intrinsic,72,70,0.9722222222222222,61,0.8472222222222222,0.9791666666666667,0.22184251384395012,0.0,0.45198240600234085,0.23939652398361458,0.0,0.4574786330655888
all_pairs,intrinsic,p_drive,0.9333333333333332,active,WT_exit,0.1483293470542087,p_intrinsic,72,72,1.0,72,1.0,1.0,0.209276894492791,0.0,0.37003567220376243,0.209276894492791,0.0,0.37003567220376243
all_pairs,intrinsic,p_drive,0.9333333333333332,active,balance,0.5,p_intrinsic,72,72,1.0,69,0.9583333333333334,1.0,0.30614568143544507,0.024999999999999994,0.5116230817097449,0.30110363574311494,0.0333333333333333,0.48154387617494077
all_pairs,intrinsic,p_drive,0.9333333333333332,isi,SCA3_entry,0.7978563373093712,p_intrinsic,72,70,0.9722222222222222,52,0.7222222222222222,0.9285714285714286,0.29858575684384336,0.0666666666666666,0.56443424250336,0.33526489106477086,0.09349321426579998,0.5599693941767462
all_pairs,intrinsic,p_drive,0.9333333333333332,isi,WT_exit,0.1358293233470019,p_intrinsic,72,72,1.0,72,1.0,1.0,0.1415289669276612,0.0,0.2993632740753001,0.1415289669276612,0.0,0.2993632740753001
all_pairs,intrinsic,p_drive,0.9333333333333332,isi,balance,0.5,p_intrinsic,72,72,1.0,71,0.9861111111111112,1.0,0.36138388450630055,0.09570841762491047,0.594535541372093,0.3666666666666666,0.10846796139357243,0.5949337776313133
all_pairs,intrinsic,p_drive,0.9666666666666668,active,SCA3_entry,0.6832817402871161,p_intrinsic,72,70,0.9722222222222222,64,0.8888888888888888,1.0,0.26952141982081385,0.0,0.5114492262783694,0.2863318686641808,0.0,0.5291614057026247
all_pairs,intrinsic,p_drive,0.9666666666666668,active,WT_exit,0.1483293470542087,p_intrinsic,72,72,1.0,72,1.0,1.0,0.23000538666511472,0.0,0.3706019737118286,0.23000538666511472,0.0,0.3706019737118286
all_pairs,intrinsic,p_drive,0.9666666666666668,active,balance,0.5,p_intrinsic,72,72,1.0,69,0.9583333333333334,1.0,0.306922265248875,0.021262830007857864,0.5420241101253139,0.30212867918553576,0.028350440010477127,0.4764544256976545
all_pairs,intrinsic,p_drive,0.9666666666666668,isi,SCA3_entry,0.7978563373093712,p_intrinsic,72,70,0.9722222222222222,52,0.7222222222222222,0.9285714285714286,0.35908953251707687,0.06683773790129988,0.5873933113702098,0.4044384264022218,0.07631873028702904,0.5735755482345145
all_pairs,intrinsic,p_drive,0.9666666666666668,isi,WT_exit,0.1358293233470019,p_intrinsic,72,72,1.0,72,1.0,1.0,0.17204017536791932,0.0,0.31172645398498644,0.17204017536791932,0.0,0.31172645398498644
all_pairs,intrinsic,p_drive,0.9666666666666668,isi,balance,0.5,p_intrinsic,72,72,1.0,69,0.9583333333333334,1.0,0.3296691696660039,0.0666666666666666,0.5718355265946831,0.3429285636938851,0.0666666666666666,0.5666666666666667
all_pairs,intrinsic,p_drive,1.0,active,SCA3_entry,0.6832817402871161,p_intrinsic,72,71,0.9861111111111112,64,0.8888888888888888,1.0,0.27298374469890285,0.0,0.4971453002906727,0.33897196474225744,0.025000000000000053,0.5157817388242589
all_pairs,intrinsic,p_drive,1.0,active,WT_exit,0.1483293470542087,p_intrinsic,72,72,1.0,72,1.0,1.0,0.2333333333333332,0.0,0.39073081466080856,0.2333333333333332,0.0,0.39073081466080856
all_pairs,intrinsic,p_drive,1.0,active,balance,0.5,p_intrinsic,72,72,1.0,69,0.9583333333333334,1.0,0.2802407895010457,0.02500000000000004,0.47227816410408185,0.2938149123354247,0.0666666666666666,0.4711578572163382
all_pairs,intrinsic,p_drive,1.0,isi,SCA3_entry,0.7978563373093712,p_intrinsic,72,70,0.9722222222222222,53,0.7361111111111112,1.0,0.32911200086548476,0.07683183287902182,0.6413982765127574,0.4254765879121614,0.1333333333333333,0.6440865909058987
all_pairs,intrinsic,p_drive,1.0,isi,WT_exit,0.1358293233470019,p_intrinsic,72,72,1.0,72,1.0,1.0,0.18107292634612132,0.0,0.3225073168207819,0.18107292634612132,0.0,0.3225073168207819
all_pairs,intrinsic,p_drive,1.0,isi,balance,0.5,p_intrinsic,72,72,1.0,69,0.9583333333333334,1.0,0.3333333333333333,0.0666666666666666,0.5579791053674629,0.3333333333333333,0.06777939792131102,0.5570101395471792
core_secure_pairs,drive,p_intrinsic,0.0,active,SCA3_entry,0.6832817402871161,p_drive,32,24,0.75,11,0.34375,0.3333333333333333,0.6326772780053243,0.48892299980645104,0.6868256957721903,0.657826927133269,0.6326772780053243,0.7434167016856296
core_secure_pairs,drive,p_intrinsic,0.0,active,WT_exit,0.1483293470542087,p_drive,32,26,0.8125,15,0.46875,0.39583333333333337,0.41503897429406045,0.23969329083403396,0.5386256933022089,0.4508362622539563,0.4023749528900311,0.543151928005133
core_secure_pairs,drive,p_intrinsic,0.0,active,balance,0.5,p_drive,32,24,0.75,11,0.34375,0.3333333333333333,0.5614329942316603,0.41878954438761823,0.6118149294560581,0.6029480928832435,0.5614657298324686,0.6633841204661746
core_secure_pairs,drive,p_intrinsic,0.0,isi,SCA3_entry,0.7978563373093712,p_drive,32,24,0.75,11,0.34375,0.16666666666666669,0.6966068595414614,0.5385532063934064,0.7274194636767342,0.7001853421095742,0.6828166402237028,0.7750107530996619
core_secure_pairs,drive,p_intrinsic,0.0,isi,WT_exit,0.1358293233470019,p_drive,32,28,0.875,19,0.59375,0.5,0.3707648342652824,0.14634040685405675,0.5017268392158141,0.375905041515461,0.2996457314294838,0.5167212399532152
core_secure_pairs,drive,p_intrinsic,0.0,isi,balance,0.5,p_drive,32,24,0.75,12,0.375,0.3333333333333333,0.5438048216667906,0.4213146029793422,0.6314526452150129,0.5847686879023001,0.5364208616272423,0.6647818274549575
core_secure_pairs,drive,p_intrinsic,0.0333333333333333,active,SCA3_entry,0.6832817402871161,p_drive,32,24,0.75,11,0.34375,0.3333333333333333,0.6296316730266982,0.49398825018350734,0.7055967508286523,0.6601453786693875,0.6296316730266982,0.7567771750755644
core_secure_pairs,drive,p_intrinsic,0.0333333333333333,active,WT_exit,0.1483293470542087,p_drive,32,26,0.8125,21,0.65625,0.7499999999999999,0.37944436806668275,0.10672360719158078,0.4494595352016323,0.36202755914709045,0.07773432923734584,0.4418805503236741
core_secure_pairs,drive,p_intrinsic,0.0333333333333333,active,balance,0.5,p_drive,32,24,0.75,11,0.34375,0.3819444444444444,0.5521212312436005,0.38376697774012736,0.6265943853248629,0.5966806172446576,0.5641086908179676,0.6763401806926934
core_secure_pairs,drive,p_intrinsic,0.0333333333333333,isi,SCA3_entry,0.7978563373093712,p_drive,32,24,0.75,11,0.34375,0.2916666666666667,0.6847772311971713,0.5520704433704237,0.7331965866155445,0.6968707837546096,0.6847772311971713,0.7798428083368791
core_secure_pairs,drive,p_intrinsic,0.0333333333333333,isi,WT_exit,0.1358293233470019,p_drive,32,28,0.875,23,0.71875,0.7777777777777777,0.34009310529099557,0.006822406571333141,0.44308925236638447,0.3166010475441015,0.0005697845589066425,0.40141507858511727
core_secure_pairs,drive,p_intrinsic,0.0333333333333333,isi,balance,0.5,p_drive,32,26,0.8125,12,0.375,0.33333333333333337,0.5442999321933533,0.43248623730080915,0.6556631888521739,0.5832341591508041,0.5395818626826442,0.6685062812358951
core_secure_pairs,drive,p_intrinsic,0.0666666666666666,active,SCA3_entry,0.6832817402871161,p_drive,32,24,0.75,12,0.375,0.47222222222222227,0.6117357607027173,0.22833796111524465,0.6765089398251926,0.6500182493698873,0.6160019166828181,0.729794461782484
core_secure_pairs,drive,p_intrinsic,0.0666666666666666,active,WT_exit,0.1483293470542087,p_drive,32,27,0.84375,22,0.6875,0.8194444444444444,0.2813216920956667,0.0,0.43167591491327056,0.21551746157339063,0.0,0.4274110694710385
core_secure_pairs,drive,p_intrinsic,0.0666666666666666,active,balance,0.5,p_drive,32,25,0.78125,15,0.46875,0.49999999999999994,0.5505270364002951,0.20331271734898274,0.6100515834145004,0.5807180431832945,0.5380567534110017,0.6249876514206862
core_secure_pairs,drive,p_intrinsic,0.0666666666666666,isi,SCA3_entry,0.7978563373093712,p_drive,32,24,0.75,11,0.34375,0.33333333333333337,0.6711444868245902,0.4711369029368061,0.7358185418632699,0.700404004255944,0.6858135782480959,0.7849472617362432
core_secure_pairs,drive,p_intrinsic,0.0666666666666666,isi,WT_exit,0.1358293233470019,p_drive,32,29,0.90625,25,0.78125,0.9027777777777779,0.32117722445248553,3.5416967567777427e-17,0.41156978255055965,0.32117722445248553,3.5416967567777427e-17,0.4064213949946708
core_secure_pairs,drive,p_intrinsic,0.0666666666666666,isi,balance,0.5,p_drive,32,25,0.78125,16,0.5,0.5,0.5370791771825233,0.2746328676302161,0.6495397561072661,0.5467084839189684,0.4227578274962074,0.6499828242104553
core_secure_pairs,drive,p_intrinsic,0.1,active,SCA3_entry,0.6832817402871161,p_drive,32,26,0.8125,16,0.5,0.5,0.5847592805308734,0.020833333333333297,0.6663291798952797,0.6422570468580024,0.3673884164637727,0.6842736408989779
core_secure_pairs,drive,p_intrinsic,0.1,active,WT_exit,0.1483293470542087,p_drive,32,27,0.84375,23,0.71875,0.8333333333333333,0.06568465144535951,0.0,0.40570132703863815,0.06568465144535951,0.0,0.40570132703863815
core_secure_pairs,drive,p_intrinsic,0.1,active,balance,0.5,p_drive,32,26,0.8125,19,0.59375,0.5000000000000001,0.5097392604090771,0.04588873330754074,0.6000619975598904,0.5515065895710353,0.1833408324247086,0.6076596946905446
core_secure_pairs,drive,p_intrinsic,0.1,isi,SCA3_entry,0.7978563373093712,p_drive,32,24,0.75,13,0.40625,0.45833333333333326,0.6667212952972279,0.34544678171756343,0.7482109923159583,0.7003975472433134,0.649395640794985,0.7388344989673927
core_secure_pairs,drive,p_intrinsic,0.1,isi,WT_exit,0.1358293233470019,p_drive,32,29,0.90625,25,0.78125,0.9166666666666667,0.32346174455170507,1.3322676295501858e-16,0.41706676585101,0.06666666666666661,1.3322676295501858e-16,0.37292298021670317
core_secure_pairs,drive,p_intrinsic,0.1,isi,balance,0.5,p_drive,32,25,0.78125,18,0.5625,0.5,0.5308653111701561,0.22948900385456672,0.662384436657623,0.540280944513295,0.2554518818748261,0.6469272931763705
core_secure_pairs,drive,p_intrinsic,0.1333333333333333,active,SCA3_entry,0.6832817402871161,p_drive,32,27,0.84375,20,0.625,0.5000000000000001,0.5823533448300929,0.02499999999999997,0.6694862051772928,0.6378004475560467,0.10468850047907985,0.6796160557672465
core_secure_pairs,drive,p_intrinsic,0.1333333333333333,active,WT_exit,0.1483293470542087,p_drive,32,28,0.875,25,0.78125,0.9027777777777779,0.03314030705813333,0.0,0.40047074820069395,1.35371162832665e-16,0.0,0.39974347973989055
core_secure_pairs,drive,p_intrinsic,0.1333333333333333,active,balance,0.5,p_drive,32,27,0.84375,21,0.65625,0.6111111111111112,0.5019977076893346,0.008333333333333321,0.5961963969371528,0.5514806529412574,0.10716070028339122,0.6063203800791692
core_secure_pairs,drive,p_intrinsic,0.1333333333333333,isi,SCA3_entry,0.7978563373093712,p_drive,32,24,0.75,13,0.40625,0.45833333333333337,0.6536018939499176,0.30717010540795536,0.7273237909162558,0.7048129019292039,0.652483401322949,0.7547356922741162
core_secure_pairs,drive,p_intrinsic,0.1333333333333333,isi,WT_exit,0.1358293233470019,p_drive,32,29,0.90625,26,0.8125,0.9166666666666667,0.08687857205865537,1.2469153419799365e-16,0.37628368034061915,0.07764335491552085,4.782622891887574e-17,0.3718599755889132
core_secure_pairs,drive,p_intrinsic,0.1333333333333333,isi,balance,0.5,p_drive,32,24,0.75,19,0.59375,0.5000000000000001,0.5112039081185987,0.23970092523596429,0.5970371803701329,0.5269822974177774,0.3020353128817309,0.6001742765083204
core_secure_pairs,drive,p_intrinsic,0.1666666666666666,active,SCA3_entry,0.6832817402871161,p_drive,32,27,0.84375,21,0.65625,0.5277777777777779,0.6039568818542974,0.024999999999999967,0.6667415231176173,0.6398480942223232,0.06666666666666643,0.6694323923485704
core_secure_pairs,drive,p_intrinsic,0.1666666666666666,active,WT_exit,0.1483293470542087,p_drive,32,28,0.875,25,0.78125,0.9166666666666667,0.01666666666666672,0.0,0.3505083060943542,0.0333333333333333,0.0,0.395035415857882
core_secure_pairs,drive,p_intrinsic,0.1666666666666666,active,balance,0.5,p_drive,32,28,0.875,22,0.6875,0.6666666666666666,0.40621365531206555,0.012499999999999987,0.5960594714778948,0.5309804513310598,0.03749999999999999,0.6043207230045767
core_secure_pairs,drive,p_intrinsic,0.1666666666666666,isi,SCA3_entry,0.7978563373093712,p_drive,32,24,0.75,15,0.46875,0.49999999999999994,0.6732215013788132,0.339281666243196,0.7164898152609906,0.7052687032336553,0.658503137495553,0.7570822982651193
core_secure_pairs,drive,p_intrinsic,0.1666666666666666,isi,WT_exit,0.1358293233470019,p_drive,32,29,0.90625,27,0.84375,0.9305555555555556,0.07843918304862521,0.016666666666666653,0.38270253039510044,0.07843918304862521,0.02500000000000009,0.37391470341958
core_secure_pairs,drive,p_intrinsic,0.1666666666666666,isi,balance,0.5,p_drive,32,24,0.75,19,0.59375,0.5833333333333335,0.5202365322373748,0.29691274542745205,0.6178394338311,0.531627416821911,0.32918629662854304,0.6326606152748278
core_secure_pairs,drive,p_intrinsic,0.2,active,SCA3_entry,0.6832817402871161,p_drive,32,28,0.875,22,0.6875,0.5694444444444444,0.46304007047967877,0.0,0.670628000940144,0.6239291728241025,0.008333333333333325,0.6779549326672513
core_secure_pairs,drive,p_intrinsic,0.2,active,WT_exit,0.1483293470542087,p_drive,32,28,0.875,25,0.78125,0.9166666666666667,7.679597731900575e-17,0.0,0.35478861874858125,1.4248972439175994e-16,0.0,0.37579335886529047
core_secure_pairs,drive,p_intrinsic,0.2,active,balance,0.5,p_drive,32,28,0.875,24,0.75,0.6666666666666666,0.16350721583240257,0.0,0.5967264341151113,0.3941448395655983,1.0269562977782689e-16,0.6063164739485685
core_secure_pairs,drive,p_intrinsic,0.2,isi,SCA3_entry,0.7978563373093712,p_drive,32,24,0.75,14,0.4375,0.44444444444444453,0.6792138165238583,0.37947163741498047,0.7353387921674116,0.7053041141899161,0.6655774641600929,0.7458319212402282
core_secure_pairs,drive,p_intrinsic,0.2,isi,WT_exit,0.1358293233470019,p_drive,32,30,0.9375,27,0.84375,0.9166666666666667,0.10206959328407131,0.021729209048246996,0.38970915725406297,0.10000000000000027,0.026791751429827218,0.38268936621980226
core_secure_pairs,drive,p_intrinsic,0.2,isi,balance,0.5,p_drive,32,25,0.78125,19,0.59375,0.5208333333333335,0.505415759889079,0.3089452527111807,0.613733659588141,0.5387483573582447,0.3499948961311429,0.6377986165322925
core_secure_pairs,drive,p_intrinsic,0.2333333333333333,active,SCA3_entry,0.6832817402871161,p_drive,32,28,0.875,23,0.71875,0.5972222222222223,0.20930753056142537,0.0,0.6661756000408636,0.603356164048512,0.01666666666666663,0.683016478893673
core_secure_pairs,drive,p_intrinsic,0.2333333333333333,active,WT_exit,0.1483293470542087,p_drive,32,29,0.90625,26,0.8125,1.0,1.4609144586322454e-16,0.0,0.3812746054374001,0.016457580083624055,0.0,0.3973998155586098
core_secure_pairs,drive,p_intrinsic,0.2333333333333333,active,balance,0.5,p_drive,32,28,0.875,24,0.75,0.6944444444444444,0.20136935501494105,0.0,0.6035207344962912,0.3788162176298516,1.332267629550188e-16,0.6169877130650437
core_secure_pairs,drive,p_intrinsic,0.2333333333333333,isi,SCA3_entry,0.7978563373093712,p_drive,32,24,0.75,15,0.46875,0.45833333333333337,0.69477725544833,0.41167574732877366,0.75797390705826,0.7100957117695479,0.5534874027512482,0.7590114991230701
core_secure_pairs,drive,p_intrinsic,0.2333333333333333,isi,WT_exit,0.1358293233470019,p_drive,32,32,1.0,29,0.90625,0.9583333333333334,0.13178193720230671,0.012500000000000032,0.38361431375245125,0.1333333333333333,0.0333333333333333,0.40610230688471577
core_secure_pairs,drive,p_intrinsic,0.2333333333333333,isi,balance,0.5,p_drive,32,26,0.8125,21,0.65625,0.6666666666666666,0.49339033034748225,0.2375,0.6142750276570363,0.5149367576800001,0.33881063181527665,0.6262480662250302
core_secure_pairs,drive,p_intrinsic,0.2666666666666666,active,SCA3_entry,0.6832817402871161,p_drive,32,28,0.875,22,0.6875,0.6388888888888888,0.24043454435540368,0.0,0.6751957783437247,0.43823029456452217,0.0,0.678330796635441
core_secure_pairs,drive,p_intrinsic,0.2666666666666666,active,WT_exit,0.1483293470542087,p_drive,32,30,0.9375,28,0.875,1.0,4.4408920985006196e-17,0.0,0.33376164872918335,1.0880612535488985e-16,0.0,0.38049334586045647
core_secure_pairs,drive,p_intrinsic,0.2666666666666666,active,balance,0.5,p_drive,32,28,0.875,24,0.75,0.75,0.22284026533689008,0.0,0.6108408848118255,0.3157273934438315,0.012499999999999987,0.6286209515188559
core_secure_pairs,drive,p_intrinsic,0.2666666666666666,isi,SCA3_entry,0.7978563373093712,p_drive,32,24,0.75,14,0.4375,0.44444444444444453,0.6941496477919967,0.4215875653177099,0.7839906216642745,0.709758325349399,0.690198233682394,0.7736393229074665
core_secure_pairs,drive,p_intrinsic,0.2666666666666666,isi,WT_exit,0.1358293233470019,p_drive,32,32,1.0,29,0.90625,1.0,0.12750251884312375,1.2526115247151056e-16,0.36519047819739997,0.14207523040714873,0.0039609246212940425,0.385673800772029
core_secure_pairs,drive,p_intrinsic,0.2666666666666666,isi,balance,0.5,p_drive,32,26,0.8125,23,0.71875,0.6666666666666666,0.5243455179801025,0.36298401217294296,0.6536130215381106,0.5047839869849391,0.36421156367085084,0.6128901603783319
core_secure_pairs,drive,p_intrinsic,0.3,active,SCA3_entry,0.6832817402871161,p_drive,32,28,0.875,23,0.71875,0.6666666666666666,0.21804185061494424,0.0,0.6842923075071216,0.27161080899013956,0.0,0.6854112297308699
core_secure_pairs,drive,p_intrinsic,0.3,active,WT_exit,0.1483293470542087,p_drive,32,30,0.9375,28,0.875,1.0,7.771561172376084e-17,0.0,0.34649826680488915,1.4482598713273154e-16,0.0,0.3926639809249178
core_secure_pairs,drive,p_intrinsic,0.3,active,balance,0.5,p_drive,32,28,0.875,24,0.75,0.75,0.23791719004762762,0.0,0.5934471539036809,0.31503516000420484,0.025000000000000064,0.6374849891615553
core_secure_pairs,drive,p_intrinsic,0.3,isi,SCA3_entry,0.7978563373093712,p_drive,32,25,0.78125,15,0.46875,0.4861111111111111,0.6809089774199909,0.4590924830570178,0.7933542546780551,0.7054472957745298,0.6303908393905979,0.7820229265438323
core_secure_pairs,drive,p_intrinsic,0.3,isi,WT_exit,0.1358293233470019,p_drive,32,32,1.0,29,0.90625,1.0,0.12195530652878303,0.012500000000000035,0.37849151517138635,0.12724394639089937,0.01666666666666677,0.3969103704438163
core_secure_pairs,drive,p_intrinsic,0.3,isi,balance,0.5,p_drive,32,27,0.84375,24,0.75,0.6666666666666666,0.48959248062517957,0.275,0.6201419631629089,0.5120108438811377,0.34022044866500073,0.6125624699119822
core_secure_pairs,drive,p_intrinsic,0.3333333333333333,active,SCA3_entry,0.6832817402871161,p_drive,32,28,0.875,23,0.71875,0.6666666666666666,0.1943251772423669,0.0,0.6927000559718085,0.30223053506269726,0.0,0.6928152899798624
core_secure_pairs,drive,p_intrinsic,0.3333333333333333,active,WT_exit,0.1483293470542087,p_drive,32,30,0.9375,28,0.875,1.0,1.4762147052968004e-16,0.0,0.3637558112671739,0.008333333333333408,0.0,0.40751795893807463
core_secure_pairs,drive,p_intrinsic,0.3333333333333333,active,balance,0.5,p_drive,32,28,0.875,24,0.75,0.7638888888888888,0.21700792621603046,1.686734072193341e-16,0.5727528083111062,0.2592872759513857,0.012500000000000046,0.6023124009276067
core_secure_pairs,drive,p_intrinsic,0.3333333333333333,isi,SCA3_entry,0.7978563373093712,p_drive,32,26,0.8125,17,0.53125,0.5,0.6805541413003897,0.40092576600038105,0.8015821833336164,0.7092364536100315,0.5104615390655604,0.7715065561415118
core_secure_pairs,drive,p_intrinsic,0.3333333333333333,isi,WT_exit,0.1358293233470019,p_drive,32,32,1.0,30,0.9375,1.0,0.12300044278884298,0.012500000000000035,0.39623973082618175,0.1456303078393459,0.024886495660783364,0.40650577405067556
core_secure_pairs,drive,p_intrinsic,0.3333333333333333,isi,balance,0.5,p_drive,32,27,0.84375,23,0.71875,0.6666666666666666,0.5198125893645272,0.3083333333333333,0.6259123450620501,0.5198125893645272,0.3233972804240446,0.6259123450620501
core_secure_pairs,drive,p_intrinsic,0.3666666666666666,active,SCA3_entry,0.6832817402871161,p_drive,32,28,0.875,23,0.71875,0.6666666666666666,0.23556400164500677,0.0,0.6766767793072695,0.2666666666666666,0.0,0.6854115551069626
core_secure_pairs,drive,p_intrinsic,0.3666666666666666,active,WT_exit,0.1483293470542087,p_drive,32,32,1.0,31,0.96875,1.0,0.008333333333333427,0.0,0.3756276288073425,0.016666666666666653,0.0,0.3908833976866567
core_secure_pairs,drive,p_intrinsic,0.3666666666666666,active,balance,0.5,p_drive,32,28,0.875,24,0.75,0.8194444444444444,0.18452974940219835,1.7323687088847624e-16,0.5847289961146116,0.20698567279277683,0.012500000000000048,0.6133134492377115
core_secure_pairs,drive,p_intrinsic,0.3666666666666666,isi,SCA3_entry,0.7978563373093712,p_drive,32,26,0.8125,17,0.53125,0.5,0.6891365127303776,0.4775498929727465,0.816380395923464,0.7189629721153714,0.5164604361661149,0.7760337730218326
core_secure_pairs,drive,p_intrinsic,0.3666666666666666,isi,WT_exit,0.1358293233470019,p_drive,32,32,1.0,30,0.9375,1.0,0.10523565619168779,1.2352663486935862e-16,0.35265490703368196,0.14065248883048537,0.004166666666666789,0.39129805443437893
core_secure_pairs,drive,p_intrinsic,0.3666666666666666,isi,balance,0.5,p_drive,32,27,0.84375,24,0.75,0.6805555555555556,0.5585043438763508,0.3416666666666667,0.6325680981342968,0.5588639816620078,0.364786977544371,0.628065728595073
core_secure_pairs,drive,p_intrinsic,0.4,active,SCA3_entry,0.6832817402871161,p_drive,32,28,0.875,23,0.71875,0.6666666666666666,0.22003721323518316,0.0,0.6878533422100865,0.2285697820935832,0.01666666666666665,0.6959979062054109
core_secure_pairs,drive,p_intrinsic,0.4,active,WT_exit,0.1483293470542087,p_drive,32,32,1.0,31,0.96875,1.0,2.2125988272365433e-16,0.0,0.38588189554097596,2.664535259100374e-16,0.0,0.4030749693187223
core_secure_pairs,drive,p_intrinsic,0.4,active,balance,0.5,p_drive,32,29,0.90625,26,0.8125,0.8611111111111112,0.18354713724926336,0.0,0.5989543738559379,0.15844023529129841,5.907072773133982e-17,0.6092437829104254
core_secure_pairs,drive,p_intrinsic,0.4,isi,SCA3_entry,0.7978563373093712,p_drive,32,26,0.8125,18,0.5625,0.5,0.6227677974300847,0.26666666666666666,0.752678930802837,0.6529046630017326,0.2761873286580124,0.752678930802837
core_secure_pairs,drive,p_intrinsic,0.4,isi,WT_exit,0.1358293233470019,p_drive,32,32,1.0,31,0.96875,1.0,0.10847478386974627,0.012500000000000039,0.3801417217376476,0.12901108621800905,0.008333333333333416,0.39361677680862844
core_secure_pairs,drive,p_intrinsic,0.4,isi,balance,0.5,p_drive,32,29,0.90625,25,0.78125,0.75,0.4489760783743219,0.31533805349053495,0.6455836708190309,0.5395852045883199,0.33333333333333337,0.6455836708190309
core_secure_pairs,drive,p_intrinsic,0.4333333333333333,active,SCA3_entry,0.6832817402871161,p_drive,32,28,0.875,24,0.75,0.6944444444444444,0.21666666666666665,0.0,0.7044999801178398,0.21712460331802608,0.0,0.7044999801178398
core_secure_pairs,drive,p_intrinsic,0.4333333333333333,active,WT_exit,0.1483293470542087,p_drive,32,32,1.0,31,0.96875,1.0,9.083382446093703e-17,0.0,0.3826463491696978,1.8166764892187406e-16,0.0,0.3976537040989234
core_secure_pairs,drive,p_intrinsic,0.4333333333333333,active,balance,0.5,p_drive,32,29,0.90625,27,0.84375,0.9583333333333334,0.13333333333333341,0.0,0.6008436026668131,0.13333333333333341,0.0,0.6061303180126287
core_secure_pairs,drive,p_intrinsic,0.4333333333333333,isi,SCA3_entry,0.7978563373093712,p_drive,32,26,0.8125,17,0.53125,0.5,0.6248032080669265,0.29999999999999993,0.756040030174187,0.6936144384075846,0.24999999999999994,0.7615985742833135
core_secure_pairs,drive,p_intrinsic,0.4333333333333333,isi,WT_exit,0.1358293233470019,p_drive,32,32,1.0,32,1.0,1.0,0.08603440903602863,0.023034400285397418,0.42273075181406866,0.08603440903602863,0.023034400285397418,0.42273075181406866
core_secure_pairs,drive,p_intrinsic,0.4333333333333333,isi,balance,0.5,p_drive,32,29,0.90625,25,0.78125,0.8194444444444443,0.4499999999999999,0.24999999999999994,0.6523983034962437,0.45546252884922744,0.3310002777130763,0.6523983034962437
core_secure_pairs,drive,p_intrinsic,0.4666666666666667,active,SCA3_entry,0.6832817402871161,p_drive,32,29,0.90625,26,0.8125,0.7777777777777777,0.2,0.0,0.7161972090086023,0.20560731402254212,0.02083333333333329,0.7105295210215894
core_secure_pairs,drive,p_intrinsic,0.4666666666666667,active,WT_exit,0.1483293470542087,p_drive,32,32,1.0,32,1.0,1.0,3.3306690738754695e-17,0.0,0.27386204398781155,3.3306690738754695e-17,0.0,0.27386204398781155
core_secure_pairs,drive,p_intrinsic,0.4666666666666667,active,balance,0.5,p_drive,32,30,0.9375,28,0.875,1.0,0.07500000000000002,0.0,0.574051364735088,0.07500000000000002,0.0,0.6153100305392413
core_secure_pairs,drive,p_intrinsic,0.4666666666666667,isi,SCA3_entry,0.7978563373093712,p_drive,32,28,0.875,17,0.53125,0.5,0.6585853138751088,0.22002194234378933,0.7695043340482599,0.706480187904668,0.2833333333333333,0.7985689273057517
core_secure_pairs,drive,p_intrinsic,0.4666666666666667,isi,WT_exit,0.1358293233470019,p_drive,32,32,1.0,32,1.0,1.0,0.08455263038618854,0.00025564068649884823,0.36400613365363066,0.08455263038618854,0.00025564068649884823,0.36400613365363066
core_secure_pairs,drive,p_intrinsic,0.4666666666666667,isi,balance,0.5,p_drive,32,29,0.90625,26,0.8125,0.9166666666666667,0.44488434393818643,0.2833333333333333,0.6585271631332558,0.4420105436103586,0.2893773764365947,0.656857766051806
core_secure_pairs,drive,p_intrinsic,0.5,active,SCA3_entry,0.6832817402871161,p_drive,32,29,0.90625,27,0.84375,0.8333333333333333,0.16095805982563938,0.0,0.7383312365222452,0.16095805982563938,0.0,0.741927156802985
core_secure_pairs,drive,p_intrinsic,0.5,active,WT_exit,0.1483293470542087,p_drive,32,32,1.0,32,1.0,1.0,3.885780586188047e-17,0.0,0.2566574018222926,3.885780586188047e-17,0.0,0.2566574018222926
core_secure_pairs,drive,p_intrinsic,0.5,active,balance,0.5,p_drive,32,30,0.9375,29,0.90625,1.0,0.09129885685723267,0.0,0.5898175571307948,0.0666666666666666,0.0,0.625381401286325
core_secure_pairs,drive,p_intrinsic,0.5,isi,SCA3_entry,0.7978563373093712,p_drive,32,28,0.875,19,0.59375,0.5,0.6420117952565322,0.2529030456995195,0.7907934378387931,0.7128749066807168,0.5349909829088617,0.7973259312977774
core_secure_pairs,drive,p_intrinsic,0.5,isi,WT_exit,0.1358293233470019,p_drive,32,32,1.0,32,1.0,1.0,0.10951026039213468,8.511069783031819e-17,0.39801780956919913,0.10951026039213468,8.511069783031819e-17,0.39801780956919913
core_secure_pairs,drive,p_intrinsic,0.5,isi,balance,0.5,p_drive,32,31,0.96875,29,0.90625,0.9166666666666667,0.4635108188980685,0.2815381552947099,0.6630554381736471,0.4656722838791717,0.31666666666666665,0.6644222562506188
core_secure_pairs,drive,p_intrinsic,0.5333333333333333,active,SCA3_entry,0.6832817402871161,p_drive,32,30,0.9375,29,0.90625,0.9166666666666667,0.15520763006821237,0.0,0.7524505462139777,0.14374859346975793,0.0,0.755231978286336
core_secure_pairs,drive,p_intrinsic,0.5333333333333333,active,WT_exit,0.1483293470542087,p_drive,32,32,1.0,32,1.0,1.0,4.33066209527549e-17,0.0,0.2559784968957493,4.33066209527549e-17,0.0,0.2559784968957493
core_secure_pairs,drive,p_intrinsic,0.5333333333333333,active,balance,0.5,p_drive,32,30,0.9375,29,0.90625,1.0,0.09207456046669513,0.0,0.6063109220437917,0.06666666666666667,0.0,0.6402693122849165
core_secure_pairs,drive,p_intrinsic,0.5333333333333333,isi,SCA3_entry,0.7978563373093712,p_drive,32,29,0.90625,21,0.65625,0.5694444444444445,0.6492299068071515,0.24750028876228847,0.8044032526898433,0.6590906136095158,0.4666666666666667,0.8044032526898433
core_secure_pairs,drive,p_intrinsic,0.5333333333333333,isi,WT_exit,0.1358293233470019,p_drive,32,32,1.0,32,1.0,1.0,0.09254745109788826,8.884560134104525e-17,0.3658319477653751,0.09254745109788826,8.884560134104525e-17,0.3658319477653751
core_secure_pairs,drive,p_intrinsic,0.5333333333333333,isi,balance,0.5,p_drive,32,31,0.96875,30,0.9375,0.9583333333333334,0.4835333417480124,0.1917348263183598,0.674853636176719,0.48519275457614947,0.15568317098781975,0.6774187196139053
core_secure_pairs,drive,p_intrinsic,0.5666666666666667,active,SCA3_entry,0.6832817402871161,p_drive,32,30,0.9375,29,0.90625,1.0,0.14171461928016849,0.0,0.7513435918203647,0.13333333333333336,0.0,0.7652568434782394
core_secure_pairs,drive,p_intrinsic,0.5666666666666667,active,WT_exit,0.1483293470542087,p_drive,32,32,1.0,32,1.0,1.0,3.3306690738754646e-17,0.0,0.2095897704300051,3.3306690738754646e-17,0.0,0.2095897704300051
core_secure_pairs,drive,p_intrinsic,0.5666666666666667,active,balance,0.5,p_drive,32,30,0.9375,29,0.90625,1.0,0.09999999999999998,1.387778780781445e-17,0.625372626809683,0.08333333333333331,0.0,0.6530235808593529
core_secure_pairs,drive,p_intrinsic,0.5666666666666667,isi,SCA3_entry,0.7978563373093712,p_drive,32,29,0.90625,22,0.6875,0.5833333333333335,0.6840346061171825,0.2864268751922002,0.8099334518275668,0.7025878759456248,0.3754397487169836,0.8024720466988353
core_secure_pairs,drive,p_intrinsic,0.5666666666666667,isi,WT_exit,0.1358293233470019,p_drive,32,32,1.0,32,1.0,1.0,0.11253690594177468,1.7710325812952265e-16,0.37771661379255383,0.11253690594177468,1.7710325812952265e-16,0.37771661379255383
core_secure_pairs,drive,p_intrinsic,0.5666666666666667,isi,balance,0.5,p_drive,32,32,1.0,30,0.9375,1.0,0.4823400659731709,0.13012357291187818,0.6942545082222761,0.5044845027088325,0.14410273422950778,0.7161524428544233
core_secure_pairs,drive,p_intrinsic,0.6,active,SCA3_entry,0.6832817402871161,p_drive,32,30,0.9375,29,0.90625,1.0,0.14166666666666666,0.0,0.76359313940882,0.1333333333333333,0.0,0.7787474642263249
core_secure_pairs,drive,p_intrinsic,0.6,active,WT_exit,0.1483293470542087,p_drive,32,32,1.0,32,1.0,1.0,0.0,0.0,0.12017432597307587,0.0,0.0,0.12017432597307587
core_secure_pairs,drive,p_intrinsic,0.6,active,balance,0.5,p_drive,32,30,0.9375,29,0.90625,1.0,0.10833333333333331,1.387778780781445e-17,0.6415571954491563,0.08333333333333331,0.0,0.6647312609285139
core_secure_pairs,drive,p_intrinsic,0.6,isi,SCA3_entry,0.7978563373093712,p_drive,32,30,0.9375,23,0.71875,0.6666666666666666,0.640232362375184,0.29511815307845973,0.832111943663385,0.6833333333333333,0.33539732780849574,0.8401172268003971
core_secure_pairs,drive,p_intrinsic,0.6,isi,WT_exit,0.1358293233470019,p_drive,32,32,1.0,32,1.0,1.0,0.14306530423043318,0.012500000000000025,0.40208084645231,0.14306530423043318,0.012500000000000025,0.40208084645231
core_secure_pairs,drive,p_intrinsic,0.6,isi,balance,0.5,p_drive,32,32,1.0,31,0.96875,1.0,0.47611083573742874,0.14689533990435494,0.6982226912476275,0.48217781122933934,0.1370886527256498,0.7099262386095294
core_secure_pairs,drive,p_intrinsic,0.6333333333333333,active,SCA3_entry,0.6832817402871161,p_drive,32,30,0.9375,29,0.90625,1.0,0.1416666666666666,0.0,0.7213620912746765,0.11666666666666661,0.0,0.7322170524302243
core_secure_pairs,drive,p_intrinsic,0.6333333333333333,active,WT_exit,0.1483293470542087,p_drive,32,32,1.0,32,1.0,1.0,0.0,0.0,0.1458333333333332,0.0,0.0,0.1458333333333332
core_secure_pairs,drive,p_intrinsic,0.6333333333333333,active,balance,0.5,p_drive,32,30,0.9375,29,0.90625,1.0,0.10833333333333342,1.387778780781445e-17,0.6503149503708818,0.10000000000000024,0.0,0.6751699376175764
core_secure_pairs,drive,p_intrinsic,0.6333333333333333,isi,SCA3_entry,0.7978563373093712,p_drive,32,30,0.9375,26,0.8125,0.7222222222222221,0.6358249941754901,0.29032946690673433,0.8324817989065494,0.6358249941754901,0.29032946690673433,0.8324817989065494
core_secure_pairs,drive,p_intrinsic,0.6333333333333333,isi,WT_exit,0.1358293233470019,p_drive,32,32,1.0,32,1.0,1.0,0.12145649236305978,9.902560568476347e-17,0.3264014762233947,0.12145649236305978,9.902560568476347e-17,0.3264014762233947
core_secure_pairs,drive,p_intrinsic,0.6333333333333333,isi,balance,0.5,p_drive,32,32,1.0,31,0.96875,1.0,0.48895884164790515,0.15876439023269737,0.6916577975326621,0.49753108278947705,0.14483274617312022,0.6940916081233369
core_secure_pairs,drive,p_intrinsic,0.6666666666666666,active,SCA3_entry,0.6832817402871161,p_drive,32,30,0.9375,29,0.90625,1.0,0.12500000000000008,0.004166666666666728,0.7327025325051651,0.11666666666666661,6.661338147750939e-17,0.7451296596922207
core_secure_pairs,drive,p_intrinsic,0.6666666666666666,active,WT_exit,0.1483293470542087,p_drive,32,32,1.0,32,1.0,1.0,4.8257276506560515e-17,0.0,0.15608135578269863,4.8257276506560515e-17,0.0,0.15608135578269863
core_secure_pairs,drive,p_intrinsic,0.6666666666666666,active,balance,0.5,p_drive,32,31,0.96875,30,0.9375,1.0,0.2000000000000001,0.016666666666666684,0.6997145557610935,0.1666666666666668,0.008333333333333373,0.70538959605383
core_secure_pairs,drive,p_intrinsic,0.6666666666666666,isi,SCA3_entry,0.7978563373093712,p_drive,32,30,0.9375,26,0.8125,0.736111111111111,0.6603648737267885,0.31788691094405275,0.8333541059652942,0.6603648737267885,0.3499028060492255,0.8333541059652942
core_secure_pairs,drive,p_intrinsic,0.6666666666666666,isi,WT_exit,0.1358293233470019,p_drive,32,32,1.0,32,1.0,1.0,0.12865547001374875,1.3171817816297252e-16,0.2714668714945882,0.12865547001374875,1.3171817816297252e-16,0.2714668714945882
core_secure_pairs,drive,p_intrinsic,0.6666666666666666,isi,balance,0.5,p_drive,32,32,1.0,31,0.96875,1.0,0.5136132631071233,0.17257826341261762,0.6894044902321581,0.5139530201411137,0.17060773116396735,0.6906919172819768
core_secure_pairs,drive,p_intrinsic,0.7,active,SCA3_entry,0.6832817402871161,p_drive,32,30,0.9375,29,0.90625,1.0,0.14999999999999997,0.004166666666666728,0.7457358693338203,0.11666666666666661,6.661338147750939e-17,0.7590056036524477
core_secure_pairs,drive,p_intrinsic,0.7,active,WT_exit,0.1483293470542087,p_drive,32,32,1.0,32,1.0,1.0,0.016666666666666698,0.0,0.22882909296989618,0.016666666666666698,0.0,0.22882909296989618
core_secure_pairs,drive,p_intrinsic,0.7,active,balance,0.5,p_drive,32,32,1.0,32,1.0,1.0,0.12132824943577171,4.996003610813204e-17,0.7155509944206001,0.12132824943577171,4.996003610813204e-17,0.7155509944206001
core_secure_pairs,drive,p_intrinsic,0.7,isi,SCA3_entry,0.7978563373093712,p_drive,32,30,0.9375,26,0.8125,0.8333333333333333,0.6566045541799249,0.20095487918170032,0.8255231411106447,0.6226892357669309,0.20095487918170032,0.8255231411106447
core_secure_pairs,drive,p_intrinsic,0.7,isi,WT_exit,0.1358293233470019,p_drive,32,32,1.0,32,1.0,1.0,0.11833954066912968,0.02500000000000001,0.31677734202184954,0.11833954066912968,0.02500000000000001,0.31677734202184954
core_secure_pairs,drive,p_intrinsic,0.7,isi,balance,0.5,p_drive,32,32,1.0,31,0.96875,1.0,0.5100465999148487,0.1930792122540251,0.6819129084450819,0.5155445652547229,0.18615842450804998,0.6866614453314304
core_secure_pairs,drive,p_intrinsic,0.7333333333333333,active,SCA3_entry,0.6832817402871161,p_drive,32,30,0.9375,29,0.90625,1.0,0.20833333333333343,0.020833333333333356,0.7008758225122187,0.18333333333333332,0.01666666666666671,0.7022001100731728
core_secure_pairs,drive,p_intrinsic,0.7333333333333333,active,WT_exit,0.1483293470542087,p_drive,32,32,1.0,32,1.0,1.0,0.0333333333333333,0.0,0.2389281849295649,0.0333333333333333,0.0,0.2389281849295649
core_secure_pairs,drive,p_intrinsic,0.7333333333333333,active,balance,0.5,p_drive,32,32,1.0,32,1.0,1.0,0.10833333333333359,0.012500000000000025,0.6234099200642829,0.10833333333333359,0.012500000000000025,0.6234099200642829
core_secure_pairs,drive,p_intrinsic,0.7333333333333333,isi,SCA3_entry,0.7978563373093712,p_drive,32,30,0.9375,28,0.875,0.8333333333333333,0.6041715850043006,0.20833333333333337,0.8198762148371109,0.5416666666666666,0.18844531124667854,0.8072428165239373
core_secure_pairs,drive,p_intrinsic,0.7333333333333333,isi,WT_exit,0.1358293233470019,p_drive,32,32,1.0,32,1.0,1.0,0.14040284153295762,0.0333333333333333,0.34364802321677623,0.14040284153295762,0.0333333333333333,0.34364802321677623
core_secure_pairs,drive,p_intrinsic,0.7333333333333333,isi,balance,0.5,p_drive,32,32,1.0,31,0.96875,1.0,0.5269859963116764,0.22500000000000006,0.6767707386085203,0.5373053259566862,0.21666666666666673,0.6787888522929189
core_secure_pairs,drive,p_intrinsic,0.7666666666666666,active,SCA3_entry,0.6832817402871161,p_drive,32,30,0.9375,30,0.9375,1.0,0.30000000000000016,0.0333333333333333,0.7713124337607344,0.30000000000000016,0.0333333333333333,0.7713124337607344
core_secure_pairs,drive,p_intrinsic,0.7666666666666666,active,WT_exit,0.1483293470542087,p_drive,32,32,1.0,32,1.0,1.0,0.0333333333333333,0.0,0.27123600594607006,0.0333333333333333,0.0,0.27123600594607006
core_secure_pairs,drive,p_intrinsic,0.7666666666666666,active,balance,0.5,p_drive,32,32,1.0,32,1.0,1.0,0.125,0.012500000000000034,0.5828667440115588,0.125,0.012500000000000034,0.5828667440115588
core_secure_pairs,drive,p_intrinsic,0.7666666666666666,isi,SCA3_entry,0.7978563373093712,p_drive,32,30,0.9375,28,0.875,0.9166666666666667,0.5977333753559841,0.15574685660436555,0.8252880421868202,0.5977333753559841,0.16689791799235518,0.8338201382076191
core_secure_pairs,drive,p_intrinsic,0.7666666666666666,isi,WT_exit,0.1358293233470019,p_drive,32,32,1.0,32,1.0,1.0,0.15485382781696652,0.0333333333333333,0.37474527926840306,0.15485382781696652,0.0333333333333333,0.37474527926840306
core_secure_pairs,drive,p_intrinsic,0.7666666666666666,isi,balance,0.5,p_drive,32,32,1.0,32,1.0,1.0,0.5497415275012352,0.21553842176882182,0.6898059824656141,0.5497415275012352,0.21553842176882182,0.6898059824656141
core_secure_pairs,drive,p_intrinsic,0.8,active,SCA3_entry,0.6832817402871161,p_drive,32,32,1.0,32,1.0,1.0,0.3500000000000002,0.02916666666666664,0.8124262674095424,0.3500000000000002,0.02916666666666664,0.8124262674095424
core_secure_pairs,drive,p_intrinsic,0.8,active,WT_exit,0.1483293470542087,p_drive,32,32,1.0,32,1.0,1.0,0.04166666666666663,0.0,0.3046696556376982,0.04166666666666663,0.0,0.3046696556376982
core_secure_pairs,drive,p_intrinsic,0.8,active,balance,0.5,p_drive,32,32,1.0,32,1.0,1.0,0.10833333333333338,2.220495270872048e-16,0.5792347595462947,0.10833333333333338,2.220495270872048e-16,0.5792347595462947
core_secure_pairs,drive,p_intrinsic,0.8,isi,SCA3_entry,0.7978563373093712,p_drive,32,30,0.9375,28,0.875,1.0,0.5833333333333333,0.20908172604609554,0.8203156812493824,0.5833333333333333,0.21580120789388307,0.8280598080436203
core_secure_pairs,drive,p_intrinsic,0.8,isi,WT_exit,0.1358293233470019,p_drive,32,32,1.0,32,1.0,1.0,0.136965035839744,0.0333333333333333,0.3925365548044981,0.136965035839744,0.0333333333333333,0.3925365548044981
core_secure_pairs,drive,p_intrinsic,0.8,isi,balance,0.5,p_drive,32,32,1.0,32,1.0,1.0,0.5612271283557608,0.24979155198215192,0.682044346206122,0.5612271283557608,0.24979155198215192,0.682044346206122
core_secure_pairs,drive,p_intrinsic,0.8333333333333334,active,SCA3_entry,0.6832817402871161,p_drive,32,32,1.0,32,1.0,1.0,0.3666666666666668,0.0333333333333333,0.8092598163357531,0.3666666666666668,0.0333333333333333,0.8092598163357531
core_secure_pairs,drive,p_intrinsic,0.8333333333333334,active,WT_exit,0.1483293470542087,p_drive,32,32,1.0,32,1.0,1.0,0.05833333333333337,0.0,0.33917379215602067,0.05833333333333337,0.0,0.33917379215602067
core_secure_pairs,drive,p_intrinsic,0.8333333333333334,active,balance,0.5,p_drive,32,32,1.0,32,1.0,1.0,0.14166666666666694,1.4988010832439607e-16,0.5833154262543094,0.14166666666666694,1.4988010832439607e-16,0.5833154262543094
core_secure_pairs,drive,p_intrinsic,0.8333333333333334,isi,SCA3_entry,0.7978563373093712,p_drive,32,31,0.96875,29,0.90625,1.0,0.6333333333333333,0.25280782757227266,0.839892889283899,0.6333333333333333,0.2666666666666667,0.8429854265095649
core_secure_pairs,drive,p_intrinsic,0.8333333333333334,isi,WT_exit,0.1358293233470019,p_drive,32,32,1.0,32,1.0,1.0,0.1866735279667605,0.02916666666666663,0.3947720303204513,0.1866735279667605,0.02916666666666663,0.3947720303204513
core_secure_pairs,drive,p_intrinsic,0.8333333333333334,isi,balance,0.5,p_drive,32,32,1.0,32,1.0,1.0,0.5303798089633942,0.17916666666666667,0.6367519828674364,0.5303798089633942,0.17916666666666667,0.6367519828674364
core_secure_pairs,drive,p_intrinsic,0.8666666666666667,active,SCA3_entry,0.6832817402871161,p_drive,32,32,1.0,32,1.0,1.0,0.20833333333333337,0.029166666666666636,0.7190911896421142,0.20833333333333337,0.029166666666666636,0.7190911896421142
core_secure_pairs,drive,p_intrinsic,0.8666666666666667,active,WT_exit,0.1483293470542087,p_drive,32,32,1.0,32,1.0,1.0,0.06666666666666667,0.0,0.3959910846398293,0.06666666666666667,0.0,0.3959910846398293
core_secure_pairs,drive,p_intrinsic,0.8666666666666667,active,balance,0.5,p_drive,32,32,1.0,32,1.0,1.0,0.175,1.5820678100908474e-16,0.6053689070589579,0.175,1.5820678100908474e-16,0.6053689070589579
core_secure_pairs,drive,p_intrinsic,0.8666666666666667,isi,SCA3_entry,0.7978563373093712,p_drive,32,32,1.0,30,0.9375,1.0,0.6762048357397916,0.30687789439275803,0.851321281595625,0.7018793491040587,0.3110445610594247,0.8599721371672729
core_secure_pairs,drive,p_intrinsic,0.8666666666666667,isi,WT_exit,0.1358293233470019,p_drive,32,32,1.0,32,1.0,1.0,0.24562560825271934,0.033333333333333284,0.4,0.24562560825271934,0.033333333333333284,0.4
core_secure_pairs,drive,p_intrinsic,0.8666666666666667,isi,balance,0.5,p_drive,32,32,1.0,32,1.0,1.0,0.5315615180497777,0.21601925611813466,0.6714486050536974,0.5315615180497777,0.21601925611813466,0.6714486050536974
core_secure_pairs,drive,p_intrinsic,0.9,active,SCA3_entry,0.6832817402871161,p_drive,32,32,1.0,32,1.0,1.0,0.21666666666666676,0.06249999999999996,0.750139511392206,0.21666666666666676,0.06249999999999996,0.750139511392206
core_secure_pairs,drive,p_intrinsic,0.9,active,WT_exit,0.1483293470542087,p_drive,32,32,1.0,32,1.0,1.0,0.08333333333333334,0.0,0.4048216065087599,0.08333333333333334,0.0,0.4048216065087599
core_secure_pairs,drive,p_intrinsic,0.9,active,balance,0.5,p_drive,32,32,1.0,32,1.0,1.0,0.20000000000000004,0.04999999999999999,0.6725629003575703,0.20000000000000004,0.04999999999999999,0.6725629003575703
core_secure_pairs,drive,p_intrinsic,0.9,isi,SCA3_entry,0.7978563373093712,p_drive,32,32,1.0,31,0.96875,1.0,0.7268932023917156,0.3458333333333334,0.8584153785749243,0.7585080708490682,0.3627140574100186,0.8595015648162805
core_secure_pairs,drive,p_intrinsic,0.9,isi,WT_exit,0.1358293233470019,p_drive,32,32,1.0,32,1.0,1.0,0.29903023108045135,0.06476228539439545,0.43580959801584984,0.29903023108045135,0.06476228539439545,0.43580959801584984
core_secure_pairs,drive,p_intrinsic,0.9,isi,balance,0.5,p_drive,32,32,1.0,32,1.0,1.0,0.5289551091514053,0.14583333333333334,0.6769882483436331,0.5289551091514053,0.14583333333333334,0.6769882483436331
core_secure_pairs,drive,p_intrinsic,0.9333333333333332,active,SCA3_entry,0.6832817402871161,p_drive,32,32,1.0,32,1.0,1.0,0.23333333333333345,0.09583333333333331,0.806214868356723,0.23333333333333345,0.09583333333333331,0.806214868356723
core_secure_pairs,drive,p_intrinsic,0.9333333333333332,active,WT_exit,0.1483293470542087,p_drive,32,32,1.0,32,1.0,1.0,0.1333333333333333,0.0333333333333333,0.4271523550713123,0.1333333333333333,0.0333333333333333,0.4271523550713123
core_secure_pairs,drive,p_intrinsic,0.9333333333333332,active,balance,0.5,p_drive,32,32,1.0,32,1.0,1.0,0.22500000000000003,0.0666666666666666,0.6979022880385818,0.22500000000000003,0.0666666666666666,0.6979022880385818
core_secure_pairs,drive,p_intrinsic,0.9333333333333332,isi,SCA3_entry,0.7978563373093712,p_drive,32,32,1.0,31,0.96875,1.0,0.7710724548679389,0.36666666666666675,0.8607395674152929,0.7793652711805491,0.4219950271532601,0.861861395922366
core_secure_pairs,drive,p_intrinsic,0.9333333333333332,isi,WT_exit,0.1358293233470019,p_drive,32,32,1.0,32,1.0,1.0,0.3397251061587414,0.06489733399317792,0.44053182333898433,0.3397251061587414,0.06489733399317792,0.44053182333898433
core_secure_pairs,drive,p_intrinsic,0.9333333333333332,isi,balance,0.5,p_drive,32,32,1.0,32,1.0,1.0,0.5438975662493807,0.19166666666666668,0.6875612868579981,0.5438975662493807,0.19166666666666668,0.6875612868579981
core_secure_pairs,drive,p_intrinsic,0.9666666666666668,active,SCA3_entry,0.6832817402871161,p_drive,32,32,1.0,32,1.0,1.0,0.2916666666666668,0.14583333333333326,0.8256703653032739,0.2916666666666668,0.14583333333333326,0.8256703653032739
core_secure_pairs,drive,p_intrinsic,0.9666666666666668,active,WT_exit,0.1483293470542087,p_drive,32,32,1.0,32,1.0,1.0,0.2,0.05833333333333327,0.4277642216425397,0.2,0.05833333333333327,0.4277642216425397
core_secure_pairs,drive,p_intrinsic,0.9666666666666668,active,balance,0.5,p_drive,32,32,1.0,32,1.0,1.0,0.25,0.13333333333333328,0.7222998338695834,0.25,0.13333333333333328,0.7222998338695834
core_secure_pairs,drive,p_intrinsic,0.9666666666666668,isi,SCA3_entry,0.7978563373093712,p_drive,32,32,1.0,30,0.9375,1.0,0.7,0.3666666666666667,0.845340351616924,0.7240026066650236,0.4000000000000001,0.8522108031833461
core_secure_pairs,drive,p_intrinsic,0.9666666666666668,isi,WT_exit,0.1358293233470019,p_drive,32,32,1.0,32,1.0,1.0,0.34692030740346513,0.06483167292415143,0.4986639083674286,0.34692030740346513,0.06483167292415143,0.4986639083674286
core_secure_pairs,drive,p_intrinsic,0.9666666666666668,isi,balance,0.5,p_drive,32,32,1.0,32,1.0,1.0,0.5949424159907528,0.22499999999999995,0.7,0.5949424159907528,0.22499999999999995,0.7
core_secure_pairs,drive,p_intrinsic,1.0,active,SCA3_entry,0.6832817402871161,p_drive,32,32,1.0,31,0.96875,1.0,0.3666666666666666,0.1916666666666666,0.803082212281737,0.36666666666666653,0.1833333333333333,0.809004133747908
core_secure_pairs,drive,p_intrinsic,1.0,active,WT_exit,0.1483293470542087,p_drive,32,32,1.0,32,1.0,1.0,0.2416666666666667,0.05833333333333327,0.41717494516524667,0.2416666666666667,0.05833333333333327,0.41717494516524667
core_secure_pairs,drive,p_intrinsic,1.0,active,balance,0.5,p_drive,32,32,1.0,32,1.0,1.0,0.3500000000000001,0.1666666666666666,0.7154198493258066,0.3500000000000001,0.1666666666666666,0.7154198493258066
core_secure_pairs,drive,p_intrinsic,1.0,isi,SCA3_entry,0.7978563373093712,p_drive,32,32,1.0,30,0.9375,1.0,0.7506175949136178,0.5333333333333334,0.8537481387569632,0.7705939495263803,0.46666666666666673,0.8564502725367003
core_secure_pairs,drive,p_intrinsic,1.0,isi,WT_exit,0.1358293233470019,p_drive,32,32,1.0,32,1.0,1.0,0.33267789211121956,0.0649744831965425,0.5119806128310755,0.33267789211121956,0.0649744831965425,0.5119806128310755
core_secure_pairs,drive,p_intrinsic,1.0,isi,balance,0.5,p_drive,32,32,1.0,32,1.0,1.0,0.650801180702743,0.2583333333333332,0.7261878541969121,0.650801180702743,0.2583333333333332,0.7261878541969121
core_secure_pairs,intrinsic,p_drive,0.0,active,SCA3_entry,0.6832817402871161,p_intrinsic,32,26,0.8125,20,0.625,0.6666666666666666,0.2371253454090896,0.14687892624033932,0.43517329125560705,0.2252280047796864,0.12476118949132901,0.41189484614170524
core_secure_pairs,intrinsic,p_drive,0.0,active,WT_exit,0.1483293470542087,p_intrinsic,32,30,0.9375,26,0.8125,0.7638888888888888,0.08744175952136071,0.03892729237430808,0.19344256981439595,0.08810079608790763,0.03892729237430808,0.19344256981439595
core_secure_pairs,intrinsic,p_drive,0.0,active,balance,0.5,p_intrinsic,32,26,0.8125,22,0.6875,0.6666666666666666,0.22401523038089324,0.12393269704384094,0.38436331585424366,0.20732079742426723,0.11117173350712167,0.38436331585424366
core_secure_pairs,intrinsic,p_drive,0.0,isi,SCA3_entry,0.7978563373093712,p_intrinsic,32,24,0.75,5,0.15625,0.20833333333333334,0.47623042471914884,0.2944431960935121,0.552318912315153,0.5231445742248804,0.4919100743680983,0.5516825441170009
core_secure_pairs,intrinsic,p_drive,0.0,isi,WT_exit,0.1358293233470019,p_intrinsic,32,29,0.90625,25,0.78125,0.6666666666666666,0.10387609169283615,0.018560060486156618,0.24285458432855472,0.11338751203984633,0.018560060486156618,0.2514884329177237
core_secure_pairs,intrinsic,p_drive,0.0,isi,balance,0.5,p_intrinsic,32,26,0.8125,16,0.5,0.5,0.3862461053261266,0.1976213628694189,0.5233282422045766,0.3841622212598629,0.17439692432400206,0.6652927223496369
core_secure_pairs,intrinsic,p_drive,0.0333333333333333,active,SCA3_entry,0.6832817402871161,p_intrinsic,32,26,0.8125,19,0.59375,0.6388888888888888,0.2682698139914713,0.18250558731095512,0.4786178087122952,0.22756823103592483,0.12540873415551748,0.40945974382852673
core_secure_pairs,intrinsic,p_drive,0.0333333333333333,active,WT_exit,0.1483293470542087,p_intrinsic,32,28,0.875,24,0.75,0.7361111111111112,0.12292873413353617,0.060163251563753205,0.2417699122452472,0.13720109403133218,0.060163251563753205,0.25162258980413893
core_secure_pairs,intrinsic,p_drive,0.0333333333333333,active,balance,0.5,p_intrinsic,32,26,0.8125,21,0.65625,0.6666666666666666,0.25544499846170177,0.1493440467674117,0.4526316290005432,0.23049210233143386,0.1369452373540179,0.4256668676522036
core_secure_pairs,intrinsic,p_drive,0.0333333333333333,isi,SCA3_entry,0.7978563373093712,p_intrinsic,32,24,0.75,7,0.21875,0.2847222222222222,0.5214370858406245,0.37418552872376676,0.5912795242974938,0.5319894978067946,0.517114743793325,0.5855239878931969
core_secure_pairs,intrinsic,p_drive,0.0333333333333333,isi,WT_exit,0.1358293233470019,p_intrinsic,32,28,0.875,24,0.75,0.6666666666666666,0.09549193346930505,0.02712676574069793,0.2751163498257121,0.08856953135538695,0.02242469684112744,0.2576702724507855
core_secure_pairs,intrinsic,p_drive,0.0333333333333333,isi,balance,0.5,p_intrinsic,32,26,0.8125,15,0.46875,0.4444444444444444,0.42429705156648606,0.24643854633365997,0.5593859824217652,0.4249524101047274,0.2516611180980579,0.6638460783731384
core_secure_pairs,intrinsic,p_drive,0.0666666666666666,active,SCA3_entry,0.6832817402871161,p_intrinsic,32,26,0.8125,17,0.53125,0.5,0.3248249546101756,0.1789973279563389,0.56373104306415,0.2756203625239835,0.16673587101048762,0.510909282381443
core_secure_pairs,intrinsic,p_drive,0.0666666666666666,active,WT_exit,0.1483293470542087,p_intrinsic,32,28,0.875,24,0.75,0.7222222222222222,0.13071338282153488,0.08587851803598257,0.2839560071787454,0.13071338282153488,0.0899937384564729,0.3062090836491843
core_secure_pairs,intrinsic,p_drive,0.0666666666666666,active,balance,0.5,p_intrinsic,32,26,0.8125,21,0.65625,0.6319444444444445,0.29080076536195687,0.18672625418529332,0.5160275623774664,0.2524421341059485,0.15092940804579272,0.5213700831699551
core_secure_pairs,intrinsic,p_drive,0.0666666666666666,isi,SCA3_entry,0.7978563373093712,p_intrinsic,32,25,0.78125,9,0.28125,0.2986111111111111,0.5926691027457404,0.40188962815201146,0.6876174932606666,0.6010817259407334,0.5103355607063017,0.6674081042852282
core_secure_pairs,intrinsic,p_drive,0.0666666666666666,isi,WT_exit,0.1358293233470019,p_intrinsic,32,28,0.875,24,0.75,0.6944444444444444,0.13489283901510257,0.04592814760283073,0.3137821862319129,0.12562395547628433,0.039410677019951004,0.2987343165786367
core_secure_pairs,intrinsic,p_drive,0.0666666666666666,isi,balance,0.5,p_intrinsic,32,26,0.8125,15,0.46875,0.49999999999999994,0.4760176423983732,0.28757331811817294,0.5903786117377567,0.47195731357436715,0.27809305108803223,0.5743216776375032
core_secure_pairs,intrinsic,p_drive,0.1,active,SCA3_entry,0.6832817402871161,p_intrinsic,32,26,0.8125,17,0.53125,0.5,0.3126346865721835,0.19141183210497142,0.5731339843929326,0.27797430912272136,0.17718359515521662,0.5880530166139157
core_secure_pairs,intrinsic,p_drive,0.1,active,WT_exit,0.1483293470542087,p_intrinsic,32,28,0.875,25,0.78125,0.7499999999999999,0.14691597740280585,0.08215228706303729,0.31549099716661716,0.14149455650039597,0.07909795114254653,0.30672250720845684
core_secure_pairs,intrinsic,p_drive,0.1,active,balance,0.5,p_intrinsic,32,26,0.8125,20,0.625,0.5625000000000001,0.3101449854585365,0.17809515153530167,0.5395421091808419,0.2506711480203286,0.1525568985180145,0.5196203386402689
core_secure_pairs,intrinsic,p_drive,0.1,isi,SCA3_entry,0.7978563373093712,p_intrinsic,32,22,0.6875,8,0.25,0.2777777777777778,0.5161287105822812,0.21557105825549805,0.6614585329631654,0.6459389784918748,0.42641298944683415,0.7100778941147395
core_secure_pairs,intrinsic,p_drive,0.1,isi,WT_exit,0.1358293233470019,p_intrinsic,32,28,0.875,25,0.78125,0.7083333333333333,0.1612521332224639,0.07182075940261648,0.3365122758404122,0.17002802588321803,0.06304482230939924,0.3331095040288322
core_secure_pairs,intrinsic,p_drive,0.1,isi,balance,0.5,p_intrinsic,32,26,0.8125,16,0.5,0.5,0.43545776388147994,0.292767502773321,0.6207815105745913,0.48203832244458855,0.2748217013327908,0.6131484665570093
core_secure_pairs,intrinsic,p_drive,0.1333333333333333,active,SCA3_entry,0.6832817402871161,p_intrinsic,32,24,0.75,16,0.5,0.5,0.3001784297710431,0.16642797588083685,0.5447231944775581,0.2939516854538864,0.14685112939859857,0.41669824198119126
core_secure_pairs,intrinsic,p_drive,0.1333333333333333,active,WT_exit,0.1483293470542087,p_intrinsic,32,28,0.875,24,0.75,0.7638888888888888,0.16562244403416643,0.0785459175058767,0.34617851193794086,0.15587608821989343,0.07502225871944154,0.34617851193794086
core_secure_pairs,intrinsic,p_drive,0.1333333333333333,active,balance,0.5,p_intrinsic,32,26,0.8125,18,0.5625,0.5,0.3475568063536567,0.19219223024627335,0.5004644776431033,0.283025635953697,0.19219223024627335,0.5466022459500973
core_secure_pairs,intrinsic,p_drive,0.1333333333333333,isi,SCA3_entry,0.7978563373093712,p_intrinsic,32,23,0.71875,10,0.3125,0.2777777777777778,0.5051573823766702,0.2215107431654748,0.6756845263873195,0.5776455586776137,0.25760992018122464,0.8007959341256796
core_secure_pairs,intrinsic,p_drive,0.1333333333333333,isi,WT_exit,0.1358293233470019,p_intrinsic,32,28,0.875,24,0.75,0.7638888888888888,0.1638232617889194,0.08054741340231387,0.3671856297382898,0.15192146331455797,0.06773011841694268,0.35552673726176814
core_secure_pairs,intrinsic,p_drive,0.1333333333333333,isi,balance,0.5,p_intrinsic,32,26,0.8125,15,0.46875,0.49999999999999994,0.44383676577718423,0.30674259948114174,0.635558419787672,0.5343626882122064,0.31281980211313,0.6279524306390065
core_secure_pairs,intrinsic,p_drive,0.1666666666666666,active,SCA3_entry,0.6832817402871161,p_intrinsic,32,24,0.75,16,0.5,0.5,0.3199567706237043,0.1946974960362561,0.5983446650226879,0.28987199749500614,0.18758813971656507,0.39850833038102235
core_secure_pairs,intrinsic,p_drive,0.1666666666666666,active,WT_exit,0.1483293470542087,p_intrinsic,32,28,0.875,25,0.78125,0.7083333333333333,0.1670903408934798,0.08713622318369552,0.3820760979810304,0.15859689403172372,0.08549989795336206,0.37448782566183075
core_secure_pairs,intrinsic,p_drive,0.1666666666666666,active,balance,0.5,p_intrinsic,32,26,0.8125,19,0.59375,0.5,0.36035885376518906,0.20165886587999285,0.5051841524647563,0.29141326434010273,0.18154089878743657,0.5714059240788001
core_secure_pairs,intrinsic,p_drive,0.1666666666666666,isi,SCA3_entry,0.7978563373093712,p_intrinsic,32,21,0.65625,8,0.25,0.19444444444444445,0.5068048077240204,0.24950869604059298,0.6465339365970822,0.5004736292293813,0.1934859624902907,0.7135400202581691
core_secure_pairs,intrinsic,p_drive,0.1666666666666666,isi,WT_exit,0.1358293233470019,p_intrinsic,32,28,0.875,24,0.75,0.8194444444444444,0.15477201038021837,0.0781458265393026,0.390294582995176,0.1309523958115476,0.05249695393671552,0.36073540788851044
core_secure_pairs,intrinsic,p_drive,0.1666666666666666,isi,balance,0.5,p_intrinsic,32,26,0.8125,15,0.46875,0.49999999999999994,0.45655575628075085,0.32145133032827483,0.6490656786955913,0.5188287818170741,0.33085357209049326,0.6542847314186699
core_secure_pairs,intrinsic,p_drive,0.2,active,SCA3_entry,0.6832817402871161,p_intrinsic,32,23,0.71875,16,0.5,0.5,0.32651742265593253,0.20094188779311706,0.5862044533709188,0.2932580958307865,0.20831891070697084,0.438212251790175
core_secure_pairs,intrinsic,p_drive,0.2,active,WT_exit,0.1483293470542087,p_intrinsic,32,28,0.875,25,0.78125,0.7638888888888888,0.17512911339841464,0.10618990451073701,0.4046078575916943,0.1707290247760943,0.09607880178182064,0.40155741187033156
core_secure_pairs,intrinsic,p_drive,0.2,active,balance,0.5,p_intrinsic,32,26,0.8125,19,0.59375,0.5,0.3671635074360119,0.21769294894014707,0.5328112868816657,0.31317824331286725,0.19973298809237644,0.6033413882340877
core_secure_pairs,intrinsic,p_drive,0.2,isi,SCA3_entry,0.7978563373093712,p_intrinsic,32,21,0.65625,8,0.25,0.19444444444444445,0.5250515084437586,0.27718729559078503,0.6629262146477813,0.5122568324795825,0.2078053366804678,0.7637993391449345
core_secure_pairs,intrinsic,p_drive,0.2,isi,WT_exit,0.1358293233470019,p_intrinsic,32,28,0.875,24,0.75,0.8333333333333333,0.1698481258282636,0.08424299357432453,0.3867638816869916,0.14561771611065033,0.06309755130005303,0.3701208304770457
core_secure_pairs,intrinsic,p_drive,0.2,isi,balance,0.5,p_intrinsic,32,28,0.875,15,0.46875,0.49999999999999994,0.45334291254547504,0.26741065177984175,0.6799619715742445,0.4621295325453113,0.31581607856385074,0.6851215631466169
core_secure_pairs,intrinsic,p_drive,0.2333333333333333,active,SCA3_entry,0.6832817402871161,p_intrinsic,32,25,0.78125,16,0.5,0.5,0.2673862614767403,0.18777417639691218,0.5683855619382732,0.30319903915966323,0.21795724323306728,0.4764896774327979
core_secure_pairs,intrinsic,p_drive,0.2333333333333333,active,WT_exit,0.1483293470542087,p_intrinsic,32,28,0.875,25,0.78125,0.7916666666666665,0.19736848543667285,0.11339314138556522,0.4097969351969565,0.1837712425779746,0.10733277863494886,0.4037274582374538
core_secure_pairs,intrinsic,p_drive,0.2333333333333333,active,balance,0.5,p_intrinsic,32,28,0.875,18,0.5625,0.5,0.34123660930740884,0.19919927989579134,0.6197588002292155,0.3302776126403167,0.23462274883916712,0.6577421845238897
core_secure_pairs,intrinsic,p_drive,0.2333333333333333,isi,SCA3_entry,0.7978563373093712,p_intrinsic,32,20,0.625,8,0.25,0.19444444444444445,0.5162509019706749,0.2874819830824192,0.6716031562164407,0.5371890427899174,0.24446611594173373,0.8045813873711467
core_secure_pairs,intrinsic,p_drive,0.2333333333333333,isi,WT_exit,0.1358293233470019,p_intrinsic,32,28,0.875,25,0.78125,0.8333333333333333,0.18636700929505,0.09534428498734551,0.42815341755515457,0.1597314634857372,0.07410297759224196,0.4245615732001004
core_secure_pairs,intrinsic,p_drive,0.2333333333333333,isi,balance,0.5,p_intrinsic,32,28,0.875,16,0.5,0.5,0.42665538949546145,0.23872941057319239,0.6839802045225818,0.44429643706750577,0.3127380837825142,0.6948809248325765
core_secure_pairs,intrinsic,p_drive,0.2666666666666666,active,SCA3_entry,0.6832817402871161,p_intrinsic,32,23,0.71875,14,0.4375,0.3472222222222222,0.28149891010253514,0.18806211323515604,0.5201033376653483,0.28579173480528786,0.19391209453508448,0.40197828391209756
core_secure_pairs,intrinsic,p_drive,0.2666666666666666,active,WT_exit,0.1483293470542087,p_intrinsic,32,28,0.875,25,0.78125,0.8333333333333333,0.19921271139136332,0.11076474574083575,0.45659038933367596,0.1928740912974557,0.10145303564653571,0.4523898851416552
core_secure_pairs,intrinsic,p_drive,0.2666666666666666,active,balance,0.5,p_intrinsic,32,28,0.875,20,0.625,0.5277777777777778,0.3366468217123156,0.19087576666525463,0.6015857199016494,0.30024612829454633,0.19087576666525463,0.6563013411467518
core_secure_pairs,intrinsic,p_drive,0.2666666666666666,isi,SCA3_entry,0.7978563373093712,p_intrinsic,32,20,0.625,10,0.3125,0.20833333333333337,0.5508870427015142,0.2984849855884274,0.6596379004205561,0.4295990884580123,0.29931020729804764,0.748679900104934
core_secure_pairs,intrinsic,p_drive,0.2666666666666666,isi,WT_exit,0.1358293233470019,p_intrinsic,32,28,0.875,25,0.78125,0.8888888888888888,0.18198226346509805,0.08004693559954928,0.3897023275131948,0.17097202448771356,0.08697983673778824,0.374765427193063
core_secure_pairs,intrinsic,p_drive,0.2666666666666666,isi,balance,0.5,p_intrinsic,32,28,0.875,17,0.53125,0.5,0.43397901187868465,0.2574205956526538,0.6803514571648089,0.4165863587081999,0.28695476303480505,0.689487685372553
core_secure_pairs,intrinsic,p_drive,0.3,active,SCA3_entry,0.6832817402871161,p_intrinsic,32,23,0.71875,15,0.46875,0.36111111111111116,0.2975709326479057,0.18699534312013988,0.5502859477134447,0.2975709326479057,0.20093271611534513,0.42263408585876294
core_secure_pairs,intrinsic,p_drive,0.3,active,WT_exit,0.1483293470542087,p_intrinsic,32,28,0.875,25,0.78125,0.8333333333333333,0.19234856640670248,0.11103284940794224,0.4883506074386888,0.1750790550375319,0.11171450680592601,0.48700723491147846
core_secure_pairs,intrinsic,p_drive,0.3,active,balance,0.5,p_intrinsic,32,26,0.8125,18,0.5625,0.5555555555555556,0.3163096837570054,0.1942167399096807,0.5093447388671976,0.29010736866577314,0.19836980459841855,0.4035261166649212
core_secure_pairs,intrinsic,p_drive,0.3,isi,SCA3_entry,0.7978563373093712,p_intrinsic,32,20,0.625,10,0.3125,0.20833333333333337,0.4802817679329242,0.3160824602689739,0.6890510974933401,0.44591160916698214,0.3025942870492836,0.7789023294941768
core_secure_pairs,intrinsic,p_drive,0.3,isi,WT_exit,0.1358293233470019,p_intrinsic,32,29,0.90625,26,0.8125,1.0,0.20199120195902312,0.06260652485505494,0.4401181278332931,0.19185362527836178,0.07663778898117964,0.42621501175458393
core_secure_pairs,intrinsic,p_drive,0.3,isi,balance,0.5,p_intrinsic,32,28,0.875,20,0.625,0.5,0.45017145082654786,0.2210853246305715,0.6961415805064822,0.3517619569508461,0.18292459248200343,0.6961415805064822
core_secure_pairs,intrinsic,p_drive,0.3333333333333333,active,SCA3_entry,0.6832817402871161,p_intrinsic,32,23,0.71875,16,0.5,0.375,0.313889942301035,0.18868514590186936,0.5877219526216155,0.3098740477591396,0.19830339337233963,0.4453565105659071
core_secure_pairs,intrinsic,p_drive,0.3333333333333333,active,WT_exit,0.1483293470542087,p_intrinsic,32,28,0.875,25,0.78125,0.8333333333333333,0.21167729402630303,0.12162114354596396,0.4939792853502179,0.2028028249999746,0.12328140637832138,0.4920040438223399
core_secure_pairs,intrinsic,p_drive,0.3333333333333333,active,balance,0.5,p_intrinsic,32,26,0.8125,18,0.5625,0.5555555555555556,0.32312003231095043,0.17462467938605014,0.5329802438895641,0.28703726250765216,0.17462467938605014,0.4255290271422175
core_secure_pairs,intrinsic,p_drive,0.3333333333333333,isi,SCA3_entry,0.7978563373093712,p_intrinsic,32,20,0.625,10,0.3125,0.23611111111111113,0.4675453107137018,0.3175375250414899,0.7144519540276452,0.47120500465490317,0.3551803271900702,0.8046060573790709
core_secure_pairs,intrinsic,p_drive,0.3333333333333333,isi,WT_exit,0.1358293233470019,p_intrinsic,32,29,0.90625,28,0.875,1.0,0.17442027154265596,0.060413480684181835,0.39238757634985677,0.15672071961448159,0.057689536451072554,0.40446188287109675
core_secure_pairs,intrinsic,p_drive,0.3333333333333333,isi,balance,0.5,p_intrinsic,32,28,0.875,21,0.65625,0.5138888888888888,0.4537751561849395,0.2486409242152008,0.7042127445296665,0.3690473664915169,0.21009596999069147,0.7003860516876167
core_secure_pairs,intrinsic,p_drive,0.3666666666666666,active,SCA3_entry,0.6832817402871161,p_intrinsic,32,23,0.71875,16,0.5,0.375,0.3143036830274232,0.17616645904643025,0.5294430840581466,0.3076717749263048,0.17772880385188133,0.44850415801082133
core_secure_pairs,intrinsic,p_drive,0.3666666666666666,active,WT_exit,0.1483293470542087,p_intrinsic,32,28,0.875,25,0.78125,0.8333333333333333,0.20081504880988066,0.13453816077876385,0.4974928472600042,0.18602087248403124,0.13678159550052293,0.49665712968000564
core_secure_pairs,intrinsic,p_drive,0.3666666666666666,active,balance,0.5,p_intrinsic,32,26,0.8125,20,0.625,0.5833333333333334,0.3310285885653258,0.17948593245448027,0.5490504772940279,0.29197617027931067,0.155940145596773,0.43708174279071466
core_secure_pairs,intrinsic,p_drive,0.3666666666666666,isi,SCA3_entry,0.7978563373093712,p_intrinsic,32,19,0.59375,10,0.3125,0.16666666666666669,0.4069294573291983,0.2815670463041424,0.7447824026104225,0.502783765524011,0.38456954314503883,0.7343858781563992
core_secure_pairs,intrinsic,p_drive,0.3666666666666666,isi,WT_exit,0.1358293233470019,p_intrinsic,32,31,0.96875,31,0.96875,1.0,0.12784194167790283,0.047217576729512434,0.3682452300813068,0.12784194167790283,0.047217576729512434,0.3682452300813068
core_secure_pairs,intrinsic,p_drive,0.3666666666666666,isi,balance,0.5,p_intrinsic,32,28,0.875,22,0.6875,0.5277777777777777,0.4431240718132795,0.23007018640585422,0.7077919112736989,0.3745774938206602,0.21955450286428158,0.6874313385273267
core_secure_pairs,intrinsic,p_drive,0.4,active,SCA3_entry,0.6832817402871161,p_intrinsic,32,23,0.71875,16,0.5,0.4375,0.3249867980904323,0.18803773606490082,0.5393572420026669,0.32082095269554395,0.18936222191250104,0.46681478395906073
core_secure_pairs,intrinsic,p_drive,0.4,active,WT_exit,0.1483293470542087,p_intrinsic,32,28,0.875,27,0.84375,0.875,0.1685413433162786,0.12156307326074509,0.4180844219485615,0.1732194593361242,0.13332936588137512,0.4372316639450715
core_secure_pairs,intrinsic,p_drive,0.4,active,balance,0.5,p_intrinsic,32,26,0.8125,20,0.625,0.6041666666666667,0.3251791829144701,0.20439728713897803,0.5600136413859275,0.3046163405546908,0.17210577554624362,0.4426383635223651
core_secure_pairs,intrinsic,p_drive,0.4,isi,SCA3_entry,0.7978563373093712,p_intrinsic,32,19,0.59375,8,0.25,0.16666666666666669,0.4396161919060102,0.2693484480944992,0.7513012107506196,0.4186735982661954,0.2773713428148671,0.6210919484164767
core_secure_pairs,intrinsic,p_drive,0.4,isi,WT_exit,0.1358293233470019,p_intrinsic,32,31,0.96875,31,0.96875,1.0,0.12719024765715756,0.045185016252070345,0.39516027182408087,0.12719024765715756,0.045185016252070345,0.39516027182408087
core_secure_pairs,intrinsic,p_drive,0.4,isi,balance,0.5,p_intrinsic,32,28,0.875,22,0.6875,0.5833333333333334,0.3865342493883276,0.24916219961285413,0.7124046927932949,0.3740163567183744,0.20206582532711312,0.6952255331698213
core_secure_pairs,intrinsic,p_drive,0.4333333333333333,active,SCA3_entry,0.6832817402871161,p_intrinsic,32,23,0.71875,16,0.5,0.4375,0.3486727341566497,0.2012698674074722,0.5738386797941712,0.3409572411312105,0.20297417707359397,0.49494272148316426
core_secure_pairs,intrinsic,p_drive,0.4333333333333333,active,WT_exit,0.1483293470542087,p_intrinsic,32,31,0.96875,31,0.96875,1.0,0.17254820939860704,0.07362166655527552,0.4130758122453124,0.17254820939860704,0.07362166655527552,0.4130758122453124
core_secure_pairs,intrinsic,p_drive,0.4333333333333333,active,balance,0.5,p_intrinsic,32,28,0.875,22,0.6875,0.6041666666666667,0.3446888452639828,0.20318153914240808,0.6079388224458632,0.33654126984058685,0.19621808164688065,0.6609246823366443
core_secure_pairs,intrinsic,p_drive,0.4333333333333333,isi,SCA3_entry,0.7978563373093712,p_intrinsic,32,20,0.625,11,0.34375,0.27083333333333337,0.4574989577709228,0.2647441888519225,0.7610889640592906,0.6264974993438762,0.39732940227896285,0.802631125243649
core_secure_pairs,intrinsic,p_drive,0.4333333333333333,isi,WT_exit,0.1358293233470019,p_intrinsic,32,31,0.96875,31,0.96875,1.0,0.13135516303637337,0.0,0.3540355071884362,0.13135516303637337,0.0,0.3540355071884362
core_secure_pairs,intrinsic,p_drive,0.4333333333333333,isi,balance,0.5,p_intrinsic,32,28,0.875,22,0.6875,0.6319444444444444,0.4622697735636368,0.2709407327384682,0.7128058383420627,0.3827355981388818,0.21689015146929652,0.697600701386125
core_secure_pairs,intrinsic,p_drive,0.4666666666666667,active,SCA3_entry,0.6832817402871161,p_intrinsic,32,23,0.71875,16,0.5,0.4375,0.35861703559953223,0.20754038738809055,0.5849082935631859,0.3688446291201658,0.20805780885634642,0.45292239703050735
core_secure_pairs,intrinsic,p_drive,0.4666666666666667,active,WT_exit,0.1483293470542087,p_intrinsic,32,31,0.96875,31,0.96875,1.0,0.1653095835744536,0.006549472624707219,0.41795091577550086,0.1653095835744536,0.006549472624707219,0.41795091577550086
core_secure_pairs,intrinsic,p_drive,0.4666666666666667,active,balance,0.5,p_intrinsic,32,28,0.875,23,0.71875,0.6041666666666667,0.35955315738847937,0.19360563184004473,0.6241327556104306,0.3461555453389427,0.19094493326378986,0.6239553111892482
core_secure_pairs,intrinsic,p_drive,0.4666666666666667,isi,SCA3_entry,0.7978563373093712,p_intrinsic,32,20,0.625,13,0.40625,0.29166666666666663,0.5623448452933607,0.33574978302460357,0.7700407462254117,0.4353719464431554,0.30039964552896015,0.6631655536916201
core_secure_pairs,intrinsic,p_drive,0.4666666666666667,isi,WT_exit,0.1358293233470019,p_intrinsic,32,32,1.0,32,1.0,1.0,0.13744847055481893,0.0,0.42076812140594677,0.13744847055481893,0.0,0.42076812140594677
core_secure_pairs,intrinsic,p_drive,0.4666666666666667,isi,balance,0.5,p_intrinsic,32,28,0.875,23,0.71875,0.6666666666666666,0.38654906938438605,0.24338755897205366,0.6950100384396138,0.3793724988823748,0.248571187309567,0.7050964469809218
core_secure_pairs,intrinsic,p_drive,0.5,active,SCA3_entry,0.6832817402871161,p_intrinsic,32,23,0.71875,17,0.53125,0.5,0.35714754239629987,0.17491804127654964,0.5074527640191141,0.2990956225269091,0.1831694158864327,0.4535847054142546
core_secure_pairs,intrinsic,p_drive,0.5,active,WT_exit,0.1483293470542087,p_intrinsic,32,31,0.96875,31,0.96875,1.0,0.165818626256453,2.671655703776073e-17,0.42237237682932127,0.165818626256453,2.671655703776073e-17,0.42237237682932127
core_secure_pairs,intrinsic,p_drive,0.5,active,balance,0.5,p_intrinsic,32,28,0.875,23,0.71875,0.6458333333333333,0.3119491392308106,0.15725718444161646,0.6299610896664054,0.2591068074056663,0.16391571194931048,0.6460245824870617
core_secure_pairs,intrinsic,p_drive,0.5,isi,SCA3_entry,0.7978563373093712,p_intrinsic,32,22,0.6875,11,0.34375,0.25,0.5036745425683787,0.33798300327045666,0.7030771085570295,0.4560533892531059,0.35017323001741113,0.6625833641538904
core_secure_pairs,intrinsic,p_drive,0.5,isi,WT_exit,0.1358293233470019,p_intrinsic,32,32,1.0,32,1.0,1.0,0.1365271880684702,0.0,0.38474344638430935,0.1365271880684702,0.0,0.38474344638430935
core_secure_pairs,intrinsic,p_drive,0.5,isi,balance,0.5,p_intrinsic,32,28,0.875,23,0.71875,0.6666666666666667,0.4082161657083867,0.26383970996395034,0.6892162836250968,0.401940141554579,0.2646728115457811,0.7047089771238195
core_secure_pairs,intrinsic,p_drive,0.5333333333333333,active,SCA3_entry,0.6832817402871161,p_intrinsic,32,23,0.71875,18,0.5625,0.5416666666666666,0.32118625884025004,0.19740340550337487,0.5228357987244041,0.3079989738884411,0.2128490069911842,0.462484778932704
core_secure_pairs,intrinsic,p_drive,0.5333333333333333,active,WT_exit,0.1483293470542087,p_intrinsic,32,32,1.0,32,1.0,1.0,0.17995819641661598,4.215947274404233e-17,0.46170997441327544,0.17995819641661598,4.215947274404233e-17,0.46170997441327544
core_secure_pairs,intrinsic,p_drive,0.5333333333333333,active,balance,0.5,p_intrinsic,32,28,0.875,23,0.71875,0.6666666666666667,0.33371116913165727,0.15986920741982968,0.6533697927916629,0.28448783119122695,0.16569845169330133,0.6586328155603958
core_secure_pairs,intrinsic,p_drive,0.5333333333333333,isi,SCA3_entry,0.7978563373093712,p_intrinsic,32,22,0.6875,12,0.375,0.29166666666666663,0.5285849537269753,0.3497519559549218,0.7576831916711042,0.5149918634660164,0.3290386791807848,0.6761666784466215
core_secure_pairs,intrinsic,p_drive,0.5333333333333333,isi,WT_exit,0.1358293233470019,p_intrinsic,32,32,1.0,32,1.0,1.0,0.1306291897098975,0.0,0.31395450788196266,0.1306291897098975,0.0,0.31395450788196266
core_secure_pairs,intrinsic,p_drive,0.5333333333333333,isi,balance,0.5,p_intrinsic,32,29,0.90625,24,0.75,0.7361111111111112,0.4084871926326982,0.10303906834815076,0.6691760915605706,0.3693963667977792,0.18881603417672035,0.6853047274459008
core_secure_pairs,intrinsic,p_drive,0.5666666666666667,active,SCA3_entry,0.6832817402871161,p_intrinsic,32,24,0.75,19,0.59375,0.5416666666666666,0.29211236303744126,0.19133798370969016,0.5138152359442808,0.29020493161972505,0.2296659753505965,0.4817227888704762
core_secure_pairs,intrinsic,p_drive,0.5666666666666667,active,WT_exit,0.1483293470542087,p_intrinsic,32,32,1.0,32,1.0,1.0,0.16630165267049876,0.0,0.34668629771008547,0.16630165267049876,0.0,0.34668629771008547
core_secure_pairs,intrinsic,p_drive,0.5666666666666667,active,balance,0.5,p_intrinsic,32,29,0.90625,24,0.75,0.7083333333333333,0.27533085959182735,0.15939803671796737,0.6383842130729984,0.2721448736127252,0.1661430773040802,0.6506188636814554
core_secure_pairs,intrinsic,p_drive,0.5666666666666667,isi,SCA3_entry,0.7978563373093712,p_intrinsic,32,23,0.71875,13,0.40625,0.33333333333333337,0.5330653353613661,0.30280204207294564,0.6913826014841635,0.5330653353613661,0.3666666666666666,0.648032806132936
core_secure_pairs,intrinsic,p_drive,0.5666666666666667,isi,WT_exit,0.1358293233470019,p_intrinsic,32,32,1.0,32,1.0,1.0,0.12221660714560048,0.0,0.3235149849442148,0.12221660714560048,0.0,0.3235149849442148
core_secure_pairs,intrinsic,p_drive,0.5666666666666667,isi,balance,0.5,p_intrinsic,32,29,0.90625,25,0.78125,0.75,0.4333333333333333,0.10784761120950531,0.6585523829811533,0.4333333333333333,0.21838249640765128,0.6585523829811533
core_secure_pairs,intrinsic,p_drive,0.6,active,SCA3_entry,0.6832817402871161,p_intrinsic,32,24,0.75,19,0.59375,0.6041666666666666,0.3042699125394813,0.1570144501943604,0.5293647203342702,0.30285204206478017,0.1634817719544152,0.50259956379037
core_secure_pairs,intrinsic,p_drive,0.6,active,WT_exit,0.1483293470542087,p_intrinsic,32,32,1.0,32,1.0,1.0,0.17000588646328657,0.0,0.33294676186876354,0.17000588646328657,0.0,0.33294676186876354
core_secure_pairs,intrinsic,p_drive,0.6,active,balance,0.5,p_intrinsic,32,30,0.9375,27,0.84375,0.75,0.2674566998557832,0.12051922985780823,0.6145386579907532,0.2776987250178079,0.15905362709071522,0.5879191213311243
core_secure_pairs,intrinsic,p_drive,0.6,isi,SCA3_entry,0.7978563373093712,p_intrinsic,32,23,0.71875,12,0.375,0.38888888888888895,0.5500275992078347,0.2221075662515701,0.6809467893945969,0.5569399859699722,0.4001851108324309,0.6086381456839529
core_secure_pairs,intrinsic,p_drive,0.6,isi,WT_exit,0.1358293233470019,p_intrinsic,32,32,1.0,32,1.0,1.0,0.13139612742927653,0.0,0.3283633433099768,0.13139612742927653,0.0,0.3283633433099768
core_secure_pairs,intrinsic,p_drive,0.6,isi,balance,0.5,p_intrinsic,32,30,0.9375,28,0.875,0.8333333333333333,0.3675802108898555,0.10041495358862422,0.6392969950249308,0.37330403964029596,0.10967054698872881,0.6586785778575472
core_secure_pairs,intrinsic,p_drive,0.6333333333333333,active,SCA3_entry,0.6832817402871161,p_intrinsic,32,27,0.84375,22,0.6875,0.6666666666666666,0.3120792120766199,0.1495773353607134,0.5782221639246371,0.3116731327509107,0.16795304371037298,0.5997642827036016
core_secure_pairs,intrinsic,p_drive,0.6333333333333333,active,WT_exit,0.1483293470542087,p_intrinsic,32,32,1.0,32,1.0,1.0,0.16910404216195452,0.0,0.35500103512992986,0.16910404216195452,0.0,0.35500103512992986
core_secure_pairs,intrinsic,p_drive,0.6333333333333333,active,balance,0.5,p_intrinsic,32,30,0.9375,28,0.875,0.8055555555555555,0.2668248767382941,0.008942846989196385,0.5138120393563819,0.2792430158314452,0.08394284698919639,0.5690843163711508
core_secure_pairs,intrinsic,p_drive,0.6333333333333333,isi,SCA3_entry,0.7978563373093712,p_intrinsic,32,24,0.75,14,0.4375,0.47222222222222227,0.460240954142381,0.18641409026184957,0.6517287819173558,0.460240954142381,0.17136743632770177,0.6273201685819438
core_secure_pairs,intrinsic,p_drive,0.6333333333333333,isi,WT_exit,0.1358293233470019,p_intrinsic,32,32,1.0,32,1.0,1.0,0.13333333333333328,0.0,0.3322514156989121,0.13333333333333328,0.0,0.3322514156989121
core_secure_pairs,intrinsic,p_drive,0.6333333333333333,isi,balance,0.5,p_intrinsic,32,30,0.9375,29,0.90625,0.9583333333333335,0.3997046370711628,0.05408246810919947,0.6324291196780256,0.410933908070643,0.11660101949157549,0.6397695908132291
core_secure_pairs,intrinsic,p_drive,0.6666666666666666,active,SCA3_entry,0.6832817402871161,p_intrinsic,32,28,0.875,24,0.75,0.6666666666666666,0.25702548005921855,0.10525645109705059,0.5820909279492168,0.27201231691959554,0.1277090225772145,0.5820909279492168
core_secure_pairs,intrinsic,p_drive,0.6666666666666666,active,WT_exit,0.1483293470542087,p_intrinsic,32,32,1.0,32,1.0,1.0,0.178624066295789,0.0,0.36149363565777126,0.178624066295789,0.0,0.36149363565777126
core_secure_pairs,intrinsic,p_drive,0.6666666666666666,active,balance,0.5,p_intrinsic,32,30,0.9375,29,0.90625,0.875,0.31187905140042266,0.04383942538836932,0.530929070067753,0.32229053807100155,0.1199170522591497,0.5500426203440696
core_secure_pairs,intrinsic,p_drive,0.6666666666666666,isi,SCA3_entry,0.7978563373093712,p_intrinsic,32,25,0.78125,14,0.4375,0.47222222222222227,0.45967780906692474,0.1666666666666666,0.6573648530392348,0.4908364343022318,0.1664563065021838,0.6516283851106106
core_secure_pairs,intrinsic,p_drive,0.6666666666666666,isi,WT_exit,0.1358293233470019,p_intrinsic,32,32,1.0,32,1.0,1.0,0.1414659041408425,0.0,0.3217872394446693,0.1414659041408425,0.0,0.3217872394446693
core_secure_pairs,intrinsic,p_drive,0.6666666666666666,isi,balance,0.5,p_intrinsic,32,31,0.96875,30,0.9375,1.0,0.40947292204668856,0.0,0.626704736426869,0.4380697943566776,3.343703973898524e-17,0.6288483579248165
core_secure_pairs,intrinsic,p_drive,0.7,active,SCA3_entry,0.6832817402871161,p_intrinsic,32,28,0.875,25,0.78125,0.6666666666666666,0.2823672202316269,0.07203044132952888,0.5925645423693411,0.29497140037302483,0.1333333333333333,0.5739089493012567
core_secure_pairs,intrinsic,p_drive,0.7,active,WT_exit,0.1483293470542087,p_intrinsic,32,32,1.0,32,1.0,1.0,0.17724617619789096,0.0,0.38800881945085014,0.17724617619789096,0.0,0.38800881945085014
core_secure_pairs,intrinsic,p_drive,0.7,active,balance,0.5,p_intrinsic,32,30,0.9375,29,0.90625,1.0,0.2973907883980406,0.00833333333333342,0.6212630527937251,0.3131949720319934,0.0333333333333333,0.6363023102046443
core_secure_pairs,intrinsic,p_drive,0.7,isi,SCA3_entry,0.7978563373093712,p_intrinsic,32,26,0.8125,19,0.59375,0.5000000000000001,0.42520912038037717,0.06886591384641508,0.6718798175483885,0.28596179910972264,0.0877318276928302,0.6314639018554145
core_secure_pairs,intrinsic,p_drive,0.7,isi,WT_exit,0.1358293233470019,p_intrinsic,32,32,1.0,32,1.0,1.0,0.15073767230109403,0.0,0.30655957518123356,0.15073767230109403,0.0,0.30655957518123356
core_secure_pairs,intrinsic,p_drive,0.7,isi,balance,0.5,p_intrinsic,32,31,0.96875,30,0.9375,1.0,0.40301505021726763,0.0,0.5884275700839309,0.41828343290542536,2.775557561562888e-18,0.5966019598634642
core_secure_pairs,intrinsic,p_drive,0.7333333333333333,active,SCA3_entry,0.6832817402871161,p_intrinsic,32,30,0.9375,29,0.90625,0.7291666666666666,0.3025430878942781,0.04201991969669276,0.6429733616814969,0.30508617578855624,0.1333333333333333,0.663995659586111
core_secure_pairs,intrinsic,p_drive,0.7333333333333333,active,WT_exit,0.1483293470542087,p_intrinsic,32,32,1.0,32,1.0,1.0,0.17909786037171097,0.0,0.3776060429928818,0.17909786037171097,0.0,0.3776060429928818
core_secure_pairs,intrinsic,p_drive,0.7333333333333333,active,balance,0.5,p_intrinsic,32,31,0.96875,30,0.9375,1.0,0.29047541175968944,0.0,0.5083996697629742,0.2912165574423864,3.307385112941062e-17,0.5121815080115399
core_secure_pairs,intrinsic,p_drive,0.7333333333333333,isi,SCA3_entry,0.7978563373093712,p_intrinsic,32,28,0.875,23,0.71875,0.6666666666666666,0.36039259560389936,0.09962189867389705,0.6880149301615522,0.41581955136155063,0.11666666666666661,0.6826180411961507
core_secure_pairs,intrinsic,p_drive,0.7333333333333333,isi,WT_exit,0.1358293233470019,p_intrinsic,32,32,1.0,32,1.0,1.0,0.14898653344352983,0.0,0.28983498352341625,0.14898653344352983,0.0,0.28983498352341625
core_secure_pairs,intrinsic,p_drive,0.7333333333333333,isi,balance,0.5,p_intrinsic,32,32,1.0,31,0.96875,1.0,0.42414954018020756,0.0,0.5687922610987824,0.4178865496981329,0.0,0.5709178555308982
core_secure_pairs,intrinsic,p_drive,0.7666666666666666,active,SCA3_entry,0.6832817402871161,p_intrinsic,32,30,0.9375,27,0.84375,0.875,0.3055280202152437,4.298160155539271e-17,0.6597988654132714,0.3007981832419786,8.596320311078541e-17,0.5977428978228267
core_secure_pairs,intrinsic,p_drive,0.7666666666666666,active,WT_exit,0.1483293470542087,p_intrinsic,32,32,1.0,32,1.0,1.0,0.18824087012767837,0.0,0.36454309194019685,0.18824087012767837,0.0,0.36454309194019685
core_secure_pairs,intrinsic,p_drive,0.7666666666666666,active,balance,0.5,p_intrinsic,32,32,1.0,31,0.96875,1.0,0.2961132863717993,0.0,0.5281859832365378,0.30170582423484915,0.0,0.5302179715842861
core_secure_pairs,intrinsic,p_drive,0.7666666666666666,isi,SCA3_entry,0.7978563373093712,p_intrinsic,32,28,0.875,25,0.78125,0.6666666666666666,0.4830543167933422,0.11249999999999999,0.723005860025002,0.40166398344168025,0.1333333333333333,0.6872575757976574
core_secure_pairs,intrinsic,p_drive,0.7666666666666666,isi,WT_exit,0.1358293233470019,p_intrinsic,32,32,1.0,32,1.0,1.0,0.1636586704666733,0.0,0.26337773908054984,0.1636586704666733,0.0,0.26337773908054984
core_secure_pairs,intrinsic,p_drive,0.7666666666666666,isi,balance,0.5,p_intrinsic,32,32,1.0,32,1.0,1.0,0.38846242891504773,0.0,0.5579204353865699,0.38846242891504773,0.0,0.5579204353865699
core_secure_pairs,intrinsic,p_drive,0.8,active,SCA3_entry,0.6832817402871161,p_intrinsic,32,30,0.9375,27,0.84375,0.9583333333333334,0.3237912129556693,0.033333333333333465,0.6415535940608396,0.3142490925780054,0.06666666666666674,0.6098372176394256
core_secure_pairs,intrinsic,p_drive,0.8,active,WT_exit,0.1483293470542087,p_intrinsic,32,32,1.0,32,1.0,1.0,0.19247750184482593,0.0,0.3668147994585735,0.19247750184482593,0.0,0.3668147994585735
core_secure_pairs,intrinsic,p_drive,0.8,active,balance,0.5,p_intrinsic,32,32,1.0,31,0.96875,1.0,0.30095861319968026,8.326672684688665e-18,0.5255305124158667,0.2996857233575947,5.551115123125776e-18,0.5294864665345261
core_secure_pairs,intrinsic,p_drive,0.8,isi,SCA3_entry,0.7978563373093712,p_intrinsic,32,30,0.9375,27,0.84375,0.6666666666666666,0.4888802472530602,0.05833333333333325,0.7661906239911318,0.3910828535138311,0.08333333333333327,0.7553358626709277
core_secure_pairs,intrinsic,p_drive,0.8,isi,WT_exit,0.1358293233470019,p_intrinsic,32,32,1.0,32,1.0,1.0,0.16214873946116898,0.0,0.24301657988802539,0.16214873946116898,0.0,0.24301657988802539
core_secure_pairs,intrinsic,p_drive,0.8,isi,balance,0.5,p_intrinsic,32,32,1.0,32,1.0,1.0,0.3993775871466245,2.498001805406602e-17,0.5593833292230643,0.3993775871466245,2.498001805406602e-17,0.5593833292230643
core_secure_pairs,intrinsic,p_drive,0.8333333333333334,active,SCA3_entry,0.6832817402871161,p_intrinsic,32,32,1.0,29,0.90625,1.0,0.33695451121441866,0.024999999999999988,0.6465303667776042,0.325866507606473,0.03333333333333326,0.6249419207153417
core_secure_pairs,intrinsic,p_drive,0.8333333333333334,active,WT_exit,0.1483293470542087,p_intrinsic,32,32,1.0,32,1.0,1.0,0.2092154509437888,0.0,0.3282609958237624,0.2092154509437888,0.0,0.3282609958237624
core_secure_pairs,intrinsic,p_drive,0.8333333333333334,active,balance,0.5,p_intrinsic,32,32,1.0,32,1.0,1.0,0.3049393075607886,8.326672684688665e-18,0.5521844705570556,0.3049393075607886,8.326672684688665e-18,0.5521844705570556
core_secure_pairs,intrinsic,p_drive,0.8333333333333334,isi,SCA3_entry,0.7978563373093712,p_intrinsic,32,30,0.9375,27,0.84375,0.7916666666666667,0.49169676218866043,0.07916666666666658,0.7631616860244799,0.43258079124161936,0.10833333333333325,0.7524845571931081
core_secure_pairs,intrinsic,p_drive,0.8333333333333334,isi,WT_exit,0.1358293233470019,p_intrinsic,32,32,1.0,32,1.0,1.0,0.14966754667051677,0.0,0.24649557292319388,0.14966754667051677,0.0,0.24649557292319388
core_secure_pairs,intrinsic,p_drive,0.8333333333333334,isi,balance,0.5,p_intrinsic,32,32,1.0,32,1.0,1.0,0.3948940296760362,0.0,0.5800140346066979,0.3948940296760362,0.0,0.5800140346066979
core_secure_pairs,intrinsic,p_drive,0.8666666666666667,active,SCA3_entry,0.6832817402871161,p_intrinsic,32,32,1.0,29,0.90625,1.0,0.30636915019675925,0.025000000000000022,0.6129234384779358,0.2799032502630307,1.862567472091575e-16,0.5821702519536617
core_secure_pairs,intrinsic,p_drive,0.8666666666666667,active,WT_exit,0.1483293470542087,p_intrinsic,32,32,1.0,32,1.0,1.0,0.21580619157459693,1.861719618919216e-17,0.3175793722826859,0.21580619157459693,1.861719618919216e-17,0.3175793722826859
core_secure_pairs,intrinsic,p_drive,0.8666666666666667,active,balance,0.5,p_intrinsic,32,32,1.0,32,1.0,1.0,0.3384422864541022,9.075807278872755e-17,0.5559610772581554,0.3384422864541022,9.075807278872755e-17,0.5559610772581554
core_secure_pairs,intrinsic,p_drive,0.8666666666666667,isi,SCA3_entry,0.7978563373093712,p_intrinsic,32,32,1.0,29,0.90625,1.0,0.4926342414093646,0.05939553024206674,0.770438237437728,0.4333333333333335,0.06808292921164454,0.7644124080802924
core_secure_pairs,intrinsic,p_drive,0.8666666666666667,isi,WT_exit,0.1358293233470019,p_intrinsic,32,32,1.0,32,1.0,1.0,0.1527758647563548,0.0,0.25749013615751737,0.1527758647563548,0.0,0.25749013615751737
core_secure_pairs,intrinsic,p_drive,0.8666666666666667,isi,balance,0.5,p_intrinsic,32,32,1.0,32,1.0,1.0,0.39846723464452694,0.025,0.5689984693481903,0.39846723464452694,0.025,0.5689984693481903
core_secure_pairs,intrinsic,p_drive,0.9,active,SCA3_entry,0.6832817402871161,p_intrinsic,32,32,1.0,29,0.90625,1.0,0.27414377678399354,0.025000000000000022,0.6233662757717269,0.254634801307728,1.8806284802605803e-16,0.5893032159664562
core_secure_pairs,intrinsic,p_drive,0.9,active,WT_exit,0.1483293470542087,p_intrinsic,32,32,1.0,32,1.0,1.0,0.22314775037167767,2.5143967695723346e-17,0.31758697247469087,0.22314775037167767,2.5143967695723346e-17,0.31758697247469087
core_secure_pairs,intrinsic,p_drive,0.9,active,balance,0.5,p_intrinsic,32,32,1.0,32,1.0,1.0,0.3411919752130551,8.248251450944152e-17,0.5781620657590401,0.3411919752130551,8.248251450944152e-17,0.5781620657590401
core_secure_pairs,intrinsic,p_drive,0.9,isi,SCA3_entry,0.7978563373093712,p_intrinsic,32,32,1.0,29,0.90625,1.0,0.40267248870643957,0.058333333333333307,0.7395254935052835,0.3386783107462123,0.06666666666666664,0.7322209063649451
core_secure_pairs,intrinsic,p_drive,0.9,isi,WT_exit,0.1358293233470019,p_intrinsic,32,32,1.0,32,1.0,1.0,0.14870618118755335,0.0,0.2713173560278498,0.14870618118755335,0.0,0.2713173560278498
core_secure_pairs,intrinsic,p_drive,0.9,isi,balance,0.5,p_intrinsic,32,32,1.0,32,1.0,1.0,0.40438364468146704,0.033333333333333284,0.5878594094275024,0.40438364468146704,0.033333333333333284,0.5878594094275024
core_secure_pairs,intrinsic,p_drive,0.9333333333333332,active,SCA3_entry,0.6832817402871161,p_intrinsic,32,32,1.0,29,0.90625,1.0,0.32119213046199513,0.025000000000000012,0.6079700867880292,0.23939652398361458,1.5514032468055347e-16,0.5846159366962342
core_secure_pairs,intrinsic,p_drive,0.9333333333333332,active,WT_exit,0.1483293470542087,p_intrinsic,32,32,1.0,32,1.0,1.0,0.22635378263007647,0.023610828056359306,0.3389906498275549,0.22635378263007647,0.023610828056359306,0.3389906498275549
core_secure_pairs,intrinsic,p_drive,0.9333333333333332,active,balance,0.5,p_intrinsic,32,32,1.0,32,1.0,1.0,0.31193721120187334,0.024999999999999994,0.5626317051516287,0.31193721120187334,0.024999999999999994,0.5626317051516287
core_secure_pairs,intrinsic,p_drive,0.9333333333333332,isi,SCA3_entry,0.7978563373093712,p_intrinsic,32,32,1.0,29,0.90625,1.0,0.32177266733673937,0.09166666666666655,0.7401695245422603,0.29999999999999993,0.09999999999999987,0.7002515413785749
core_secure_pairs,intrinsic,p_drive,0.9333333333333332,isi,WT_exit,0.1358293233470019,p_intrinsic,32,32,1.0,32,1.0,1.0,0.1629308681615844,0.0,0.27111597724520764,0.1629308681615844,0.0,0.27111597724520764
core_secure_pairs,intrinsic,p_drive,0.9333333333333332,isi,balance,0.5,p_intrinsic,32,32,1.0,32,1.0,1.0,0.3932115667709638,0.024999999999999994,0.5970142628146504,0.3932115667709638,0.024999999999999994,0.5970142628146504
core_secure_pairs,intrinsic,p_drive,0.9666666666666668,active,SCA3_entry,0.6832817402871161,p_intrinsic,32,32,1.0,31,0.96875,1.0,0.3641507707363202,0.058333333333333265,0.589843431255108,0.34562873936399063,0.049999999999999926,0.5691275479585456
core_secure_pairs,intrinsic,p_drive,0.9666666666666668,active,WT_exit,0.1483293470542087,p_intrinsic,32,32,1.0,32,1.0,1.0,0.24810879643478434,0.012511271843026403,0.32358833365088474,0.24810879643478434,0.012511271843026403,0.32358833365088474
core_secure_pairs,intrinsic,p_drive,0.9666666666666668,active,balance,0.5,p_intrinsic,32,32,1.0,32,1.0,1.0,0.32766182898089924,0.05708761000261923,0.5639725001673409,0.32766182898089924,0.05708761000261923,0.5639725001673409
core_secure_pairs,intrinsic,p_drive,0.9666666666666668,isi,SCA3_entry,0.7978563373093712,p_intrinsic,32,32,1.0,29,0.90625,1.0,0.41740528179118935,0.0837895885756882,0.7364249313796661,0.4088768528044435,0.08949722921202874,0.6711486137537762
core_secure_pairs,intrinsic,p_drive,0.9666666666666668,isi,WT_exit,0.1358293233470019,p_intrinsic,32,32,1.0,32,1.0,1.0,0.17204017536791932,0.0,0.27371923560731665,0.17204017536791932,0.0,0.27371923560731665
core_secure_pairs,intrinsic,p_drive,0.9666666666666668,isi,balance,0.5,p_intrinsic,32,32,1.0,32,1.0,1.0,0.4137327034819014,0.04999999999999996,0.5718355265946831,0.4137327034819014,0.04999999999999996,0.5718355265946831
core_secure_pairs,intrinsic,p_drive,1.0,active,SCA3_entry,0.6832817402871161,p_intrinsic,32,32,1.0,31,0.96875,1.0,0.36565727020032346,0.09999999999999999,0.5810806635195293,0.36464787373398044,0.09999999999999995,0.5501446863832056
core_secure_pairs,intrinsic,p_drive,1.0,active,WT_exit,0.1483293470542087,p_intrinsic,32,32,1.0,32,1.0,1.0,0.25744185831709054,2.662538414393268e-18,0.3347975370750639,0.25744185831709054,2.662538414393268e-18,0.3347975370750639
core_secure_pairs,intrinsic,p_drive,1.0,active,balance,0.5,p_intrinsic,32,32,1.0,32,1.0,1.0,0.3639942478897077,0.09166666666666667,0.5628986631574516,0.3639942478897077,0.09166666666666667,0.5628986631574516
core_secure_pairs,intrinsic,p_drive,1.0,isi,SCA3_entry,0.7978563373093712,p_intrinsic,32,32,1.0,28,0.875,1.0,0.4629650988676597,0.2,0.7303657558195096,0.42570339282374053,0.1666666666666666,0.6638298882846696
core_secure_pairs,intrinsic,p_drive,1.0,isi,WT_exit,0.1358293233470019,p_intrinsic,32,32,1.0,32,1.0,1.0,0.18107292634612132,0.0,0.30244519024400285,0.18107292634612132,0.0,0.30244519024400285
core_secure_pairs,intrinsic,p_drive,1.0,isi,balance,0.5,p_intrinsic,32,32,1.0,32,1.0,1.0,0.3785787318230188,0.07930772215303375,0.5623311687879022,0.3785787318230188,0.07930772215303375,0.5623311687879022
