biological_pair_key,both_core_secure,projection,p_intrinsic,dA_dcombined_weighted_median,dA_dkappa_weighted_median,dA_dJ_weighted_median,interaction_gradient_residual_weighted_median
WT_03__TO__SCA3_01,True,active,0.0,,2.444854398039081,-1.999781048297478,
WT_03__TO__SCA3_01,True,active,0.0333333333333333,,2.280361292436994,-2.0076679668802577,
WT_03__TO__SCA3_01,True,active,0.0666666666666666,,2.3594929838220353,-1.9206690767910257,
WT_03__TO__SCA3_01,True,active,0.1,,2.2917302234013968,-1.7950390564824528,
WT_03__TO__SCA3_01,True,active,0.1333333333333333,,2.2397101855826573,-1.6848541511639101,
WT_03__TO__SCA3_01,True,active,0.1666666666666666,,2.2587634152645304,-1.581332511904136,
WT_03__TO__SCA3_01,True,active,0.2,,2.258795159198516,-1.5976925526769548,
WT_03__TO__SCA3_01,True,active,0.2333333333333333,,2.27200002392088,-1.5191142613083575,
WT_03__TO__SCA3_01,True,active,0.2666666666666666,,2.1560167026900006,-1.4107177959655204,
WT_03__TO__SCA3_01,True,active,0.3,,2.1734997735593553,-1.4672517089186319,
WT_03__TO__SCA3_01,True,active,0.3333333333333333,,2.2043133261599195,-1.327887779335517,
WT_03__TO__SCA3_01,True,active,0.3666666666666666,,2.2463201074167936,-1.3853017860833416,
WT_03__TO__SCA3_01,True,active,0.4,,2.154348331625219,-1.4479097878845195,
WT_03__TO__SCA3_01,True,active,0.4333333333333333,,2.0876617837093314,-1.139078080420332,
WT_03__TO__SCA3_01,True,active,0.4666666666666667,,2.2885214841385415,-1.1667248862337367,
WT_03__TO__SCA3_01,True,active,0.5,1.2860166528032118,2.363548451523497,-1.031165987411438,-0.3468122275511709
WT_03__TO__SCA3_01,True,active,0.5333333333333333,1.339050928328939,2.50302982415831,-1.2420968752058463,-0.23149327391321028
WT_03__TO__SCA3_01,True,active,0.5666666666666667,1.5801552404287793,2.6486686850558154,-1.2852755510035183,0.007322658363794976
WT_03__TO__SCA3_01,True,active,0.6,1.245972440959902,2.386915039750401,-1.1301515243246283,-0.010053676496892594
WT_03__TO__SCA3_01,True,active,0.6333333333333333,1.6182680469637638,2.671310249906377,-1.1786447695607805,-0.015141799852691706
WT_03__TO__SCA3_01,True,active,0.6666666666666666,1.6175604207600056,3.1604539986283537,-1.0826409061256916,-0.20763595089557563
WT_03__TO__SCA3_01,True,active,0.7,1.616926069393259,2.852166874561512,-1.2694341283546262,-0.00036962392250761145
WT_03__TO__SCA3_01,True,active,0.7333333333333333,1.5442573702311022,2.722264421674809,-1.0999815174185121,-0.2249776667804837
WT_03__TO__SCA3_01,True,active,0.7666666666666666,1.671364996973788,3.277503191274351,-1.1555065732628735,-0.01699454582835891
WT_03__TO__SCA3_01,True,active,0.8,1.9734295603064815,2.8111778700094554,-1.1957479859888807,-0.00046781953081220795
WT_03__TO__SCA3_01,True,active,0.8333333333333334,1.9069313648043034,3.0801747218822704,-1.1301515243246265,0.005849761162023848
WT_03__TO__SCA3_01,True,active,0.8666666666666667,1.8772123486107903,3.2434134161844694,-1.1957479859888822,-0.0005655438436225069
WT_03__TO__SCA3_01,True,active,0.9,,3.4271116049798342,-1.2694341283546253,
WT_03__TO__SCA3_01,True,active,0.9333333333333332,,3.6353886075909267,-1.6186254320117441,
WT_03__TO__SCA3_01,True,active,0.9666666666666668,,4.250083552749725,-1.667793400833452,
WT_03__TO__SCA3_01,True,active,1.0,,3.8498012541273803,-1.4860302911802539,
WT_03__TO__SCA3_01,True,isi,0.0,,2.035860597674289,-1.6052935148249075,
WT_03__TO__SCA3_01,True,isi,0.0333333333333333,,1.9953730843855235,-1.576083129690794,
WT_03__TO__SCA3_01,True,isi,0.0666666666666666,,1.9868775707376454,-1.4764964655792199,
WT_03__TO__SCA3_01,True,isi,0.1,,2.010369858362927,-1.4025411870075544,
WT_03__TO__SCA3_01,True,isi,0.1333333333333333,,2.020631145903707,-1.3434608209281182,
WT_03__TO__SCA3_01,True,isi,0.1666666666666666,,1.9966293434314266,-1.278184149281954,
WT_03__TO__SCA3_01,True,isi,0.2,,1.9654162587273034,-1.2260220732771736,
WT_03__TO__SCA3_01,True,isi,0.2333333333333333,,1.923864234932738,-1.1851018610601096,
WT_03__TO__SCA3_01,True,isi,0.2666666666666666,,1.9177258929716015,-1.147666132986509,
WT_03__TO__SCA3_01,True,isi,0.3,,1.8925381517984914,-1.1123352456913103,
WT_03__TO__SCA3_01,True,isi,0.3333333333333333,,1.8448365391102433,-0.9823930594475226,
WT_03__TO__SCA3_01,True,isi,0.3666666666666666,,1.8228215789324915,-0.9575323035527624,
WT_03__TO__SCA3_01,True,isi,0.4,,1.8424283241410326,-0.9352462237558181,
WT_03__TO__SCA3_01,True,isi,0.4333333333333333,,1.9204586353889406,-0.9822346933384404,
WT_03__TO__SCA3_01,True,isi,0.4666666666666667,,1.9111600203382724,-0.9008593775450388,
WT_03__TO__SCA3_01,True,isi,0.5,1.2364239695889228,2.0208986393853885,-0.9200017133501606,0.0013684684451944484
WT_03__TO__SCA3_01,True,isi,0.5333333333333333,1.1109936948530783,1.9585169883456497,-0.8913688952248624,0.001922079390604181
WT_03__TO__SCA3_01,True,isi,0.5666666666666667,1.1202192564101812,1.9976373616882983,-0.8745367701065192,-0.007412070200825682
WT_03__TO__SCA3_01,True,isi,0.6,1.1669565091080523,2.041762028967646,-0.8717608226270128,-0.011949231173654984
WT_03__TO__SCA3_01,True,isi,0.6333333333333333,1.3603147000329017,2.209168447988002,-0.8719790033613664,0.00031302745411576627
WT_03__TO__SCA3_01,True,isi,0.6666666666666666,1.3800364949583586,2.151086297269364,-0.8033831252814851,0.0008226102842327502
WT_03__TO__SCA3_01,True,isi,0.7,1.448561433197255,2.732248914192095,-0.8840021272399053,-0.003716335821975224
WT_03__TO__SCA3_01,True,isi,0.7333333333333333,1.4194777615496768,2.504396921813929,-0.7960363064849643,-0.0016526579741649723
WT_03__TO__SCA3_01,True,isi,0.7666666666666666,1.2668698125290245,2.5066911584296365,-0.9178588059745526,-0.004023324028701201
WT_03__TO__SCA3_01,True,isi,0.8,1.575569920048158,2.5321620431458323,-0.8422334827657604,-0.005810310715941567
WT_03__TO__SCA3_01,True,isi,0.8333333333333334,1.6148611022744204,2.55891346629034,-0.901186128597812,-0.0088277933106764
WT_03__TO__SCA3_01,True,isi,0.8666666666666667,1.3985359505364257,2.501934069080452,-1.000818891140086,-0.011097963055276602
WT_03__TO__SCA3_01,True,isi,0.9,,2.677883474753876,-1.0671648595084224,
WT_03__TO__SCA3_01,True,isi,0.9333333333333332,,3.2081479448354298,-1.1349899173583269,
WT_03__TO__SCA3_01,True,isi,0.9666666666666668,,3.373520549571773,-1.282065687507434,
WT_03__TO__SCA3_01,True,isi,1.0,,3.305303849066787,-1.4362799858260258,
WT_03__TO__SCA3_02,False,active,0.0,,1.5561789194537916,-1.9817493171260012,
WT_03__TO__SCA3_02,False,active,0.0333333333333333,,1.6237737740720344,-1.9270922751440853,
WT_03__TO__SCA3_02,False,active,0.0666666666666666,,1.602695982531227,-1.8163616870226456,
WT_03__TO__SCA3_02,False,active,0.1,,1.5085559487147633,-1.7200460593231113,
WT_03__TO__SCA3_02,False,active,0.1333333333333333,,1.63847605362999,-1.640114775915473,
WT_03__TO__SCA3_02,False,active,0.1666666666666666,,1.5209337590322227,-1.5380244230928153,
WT_03__TO__SCA3_02,False,active,0.2,,1.533484600222892,-1.4575165220234823,
WT_03__TO__SCA3_02,False,active,0.2333333333333333,,1.4320863188350472,-1.5935708532830513,
WT_03__TO__SCA3_02,False,active,0.2666666666666666,,1.4189117201305068,-1.4738144753404754,
WT_03__TO__SCA3_02,False,active,0.3,,1.4383792726939475,-1.3255987091834476,
WT_03__TO__SCA3_02,False,active,0.3333333333333333,,1.4636415850311857,-1.1620242080192256,
WT_03__TO__SCA3_02,False,active,0.3666666666666666,,1.4097828671483268,-1.078390888270211,
WT_03__TO__SCA3_02,False,active,0.4,,1.3451206858208538,-1.0576319226519129,
WT_03__TO__SCA3_02,False,active,0.4333333333333333,,1.3762030632895939,-0.8331297807984197,
WT_03__TO__SCA3_02,False,active,0.4666666666666667,,1.2347625732320222,-0.8166223522355966,
WT_03__TO__SCA3_02,False,active,0.5,0.37775816567570114,1.2637972074508848,-0.8206875593725232,0.0
WT_03__TO__SCA3_02,False,active,0.5333333333333333,0.5003187426482696,1.2788071718936371,-0.8086116072543738,-0.0005252621116693668
WT_03__TO__SCA3_02,False,active,0.5666666666666667,0.48324388981066435,1.2823371165435888,-0.7531984973907873,-3.552713678800496e-15
WT_03__TO__SCA3_02,False,active,0.6,0.6237022528735989,1.2258478895798053,-0.8730490360518842,-3.1086244689504383e-15
WT_03__TO__SCA3_02,False,active,0.6333333333333333,0.5485175839779184,1.3394134947064975,-0.8149657120574079,-1.2434497875801753e-14
WT_03__TO__SCA3_02,False,active,0.6666666666666666,0.6481286069149262,1.167212655753765,-0.6704955439174051,-0.00024237308313274086
WT_03__TO__SCA3_02,False,active,0.7,0.7194033833926705,1.3654573849218676,-0.7636649355403982,-0.00025470174454050865
WT_03__TO__SCA3_02,False,active,0.7333333333333333,0.6869245726485496,1.1881482621947574,-0.7576769236885293,0.0015165139402736894
WT_03__TO__SCA3_02,False,active,0.7666666666666666,0.5187326871225746,1.1768509087733428,-0.5912319274090087,-0.003364622309847437
WT_03__TO__SCA3_02,False,active,0.8,0.6120329402287537,1.2269224197541144,-0.6111774169237363,-1.6653345369377348e-15
WT_03__TO__SCA3_02,False,active,0.8333333333333334,0.7193536154962697,1.1235921545672245,-0.5389880080586779,-0.00033072456836530373
WT_03__TO__SCA3_02,False,active,0.8666666666666667,0.5158488486979392,1.0381033653505516,-0.3667474643171401,-0.000623267841426578
WT_03__TO__SCA3_02,False,active,0.9,,0.9150918486524054,-0.5236320936239658,
WT_03__TO__SCA3_02,False,active,0.9333333333333332,,1.0589529950740377,-0.48654672098184115,
WT_03__TO__SCA3_02,False,active,0.9666666666666668,,1.059384948886197,-0.35696637182838753,
WT_03__TO__SCA3_02,False,active,1.0,,0.7957742403916439,-0.5667183303658292,
WT_03__TO__SCA3_02,False,isi,0.0,,1.276829168935347,-1.5149806057478254,
WT_03__TO__SCA3_02,False,isi,0.0333333333333333,,1.3558600659350195,-1.5378230961945107,
WT_03__TO__SCA3_02,False,isi,0.0666666666666666,,1.3815423683111674,-1.447185780685982,
WT_03__TO__SCA3_02,False,isi,0.1,,1.3546681919386052,-1.3598080714973777,
WT_03__TO__SCA3_02,False,isi,0.1333333333333333,,1.3847799308821271,-1.2216524993544706,
WT_03__TO__SCA3_02,False,isi,0.1666666666666666,,1.4140396461731586,-1.1687418576756632,
WT_03__TO__SCA3_02,False,isi,0.2,,1.3726052579288028,-1.0657995250474004,
WT_03__TO__SCA3_02,False,isi,0.2333333333333333,,1.3424932792057087,-0.981904175286522,
WT_03__TO__SCA3_02,False,isi,0.2666666666666666,,1.3281319135548095,-0.9153784261671557,
WT_03__TO__SCA3_02,False,isi,0.3,,1.2990696021877155,-0.8708315625573166,
WT_03__TO__SCA3_02,False,isi,0.3333333333333333,,1.2785066456489838,-0.850252394113593,
WT_03__TO__SCA3_02,False,isi,0.3666666666666666,,1.230220155958198,-0.7792252808806768,
WT_03__TO__SCA3_02,False,isi,0.4,,1.2087485856784157,-0.7437847882440242,
WT_03__TO__SCA3_02,False,isi,0.4333333333333333,,1.1934428894253963,-0.6716768942873855,
WT_03__TO__SCA3_02,False,isi,0.4666666666666667,,1.1515833228382475,-0.6047842529044786,
WT_03__TO__SCA3_02,False,isi,0.5,0.40001430055001674,1.1332998877167542,-0.5739674123815621,0.0002661084437377005
WT_03__TO__SCA3_02,False,isi,0.5333333333333333,0.5143666858999365,1.1252735155445688,-0.5309407811343707,0.00022864240514208786
WT_03__TO__SCA3_02,False,isi,0.5666666666666667,0.5730274554135346,1.1066267958039782,-0.5066853251119606,-0.00170950917500029
WT_03__TO__SCA3_02,False,isi,0.6,0.5991544212166966,1.1107679812645812,-0.4875008186436908,0.0002311222747288788
WT_03__TO__SCA3_02,False,isi,0.6333333333333333,0.6278462412628149,1.135533689529901,-0.6484708860162793,0.00019290880645275732
WT_03__TO__SCA3_02,False,isi,0.6666666666666666,0.6300878420153161,1.1241539267619587,-0.653426925580113,0.003453391107926973
WT_03__TO__SCA3_02,False,isi,0.7,0.6558912055216224,1.1173298439777528,-0.6039380303281778,-3.692733404778159e-05
WT_03__TO__SCA3_02,False,isi,0.7333333333333333,0.6675681074784992,1.106379673398222,-0.5569450068058636,-0.0019906083831859323
WT_03__TO__SCA3_02,False,isi,0.7666666666666666,0.6502551237908949,1.0830393918199839,-0.5051145383224876,0.00014744640014566213
WT_03__TO__SCA3_02,False,isi,0.8,0.6585173183636603,1.0561249701667599,-0.47441089744735915,-0.0003284787134206213
WT_03__TO__SCA3_02,False,isi,0.8333333333333334,0.6411706094441464,1.0398898933825378,-0.4318436545454597,3.510425141667328e-05
WT_03__TO__SCA3_02,False,isi,0.8666666666666667,0.6196641552133929,0.9810899695777076,-0.3559982234174837,-0.00120142907022458
WT_03__TO__SCA3_02,False,isi,0.9,,0.9480487409617667,-0.32680630629557716,
WT_03__TO__SCA3_02,False,isi,0.9333333333333332,,0.9459004615730746,-0.2873579783926042,
WT_03__TO__SCA3_02,False,isi,0.9666666666666668,,0.8409916242198497,-0.28155578941452425,
WT_03__TO__SCA3_02,False,isi,1.0,,0.7937658621512194,-0.27547360361589285,
WT_03__TO__SCA3_04,True,active,0.0,,0.9250907963752771,-1.2552348084281433,
WT_03__TO__SCA3_04,True,active,0.0333333333333333,,0.9346099521115502,-1.2388953766180066,
WT_03__TO__SCA3_04,True,active,0.0666666666666666,,1.1488289039961734,-1.2565284151261202,
WT_03__TO__SCA3_04,True,active,0.1,,0.9796936384012498,-1.182874511861366,
WT_03__TO__SCA3_04,True,active,0.1333333333333333,,1.0020941781906856,-1.1620242080192182,
WT_03__TO__SCA3_04,True,active,0.1666666666666666,,0.9203910744304037,-1.09998151741851,
WT_03__TO__SCA3_04,True,active,0.2,,1.0736739629959169,-1.1620242080192165,
WT_03__TO__SCA3_04,True,active,0.2333333333333333,,0.9604574372824171,-1.0854929207932176,
WT_03__TO__SCA3_04,True,active,0.2666666666666666,,0.8885495090481363,-0.9614011905512885,
WT_03__TO__SCA3_04,True,active,0.3,,0.8540525976334172,-0.9104277173240569,
WT_03__TO__SCA3_04,True,active,0.3333333333333333,,0.8823069524162461,-0.948129888094331,
WT_03__TO__SCA3_04,True,active,0.3666666666666666,,0.895894040971232,-0.8395424889755716,
WT_03__TO__SCA3_04,True,active,0.4,,0.8531805737558988,-0.9247980615572027,
WT_03__TO__SCA3_04,True,active,0.4333333333333333,,0.9787973396028213,-0.8379020729073356,
WT_03__TO__SCA3_04,True,active,0.4666666666666667,,1.0112858623285583,-0.8166223522356032,
WT_03__TO__SCA3_04,True,active,0.5,0.119498997335094,0.977128002518125,-0.8600230296615525,0.0
WT_03__TO__SCA3_04,True,active,0.5333333333333333,0.12397928498331603,1.1040263648655753,-0.9526700464540547,1.1102230246251565e-16
WT_03__TO__SCA3_04,True,active,0.5666666666666667,0.12377986682493003,1.2162284819099498,-0.9216544891738756,-6.106226635438361e-16
WT_03__TO__SCA3_04,True,active,0.6,0.11687366807824717,1.0920523348394913,-0.7342797889173932,0.0
WT_03__TO__SCA3_04,True,active,0.6333333333333333,0.23727769436030632,1.2055851072998336,-0.8730490360518842,-1.887379141862766e-15
WT_03__TO__SCA3_04,True,active,0.6666666666666666,0.12058632976551259,1.0217716647453379,-0.901708999659145,0.0
WT_03__TO__SCA3_04,True,active,0.7,0.1430597880815711,1.1102764348597136,-0.866812769653826,0.0
WT_03__TO__SCA3_04,True,active,0.7333333333333333,0.12063177134022485,1.2759832159076074,-1.1017490328785684,8.881784197001252e-16
WT_03__TO__SCA3_04,True,active,0.7666666666666666,0.12612184404666746,1.1098419283012642,-1.2527708552682142,0.0
WT_03__TO__SCA3_04,True,active,0.8,0.3780105267571052,1.0771029444396052,-0.7430151455901236,0.0
WT_03__TO__SCA3_04,True,active,0.8333333333333334,0.128124604670824,1.7499915820488252,-1.2048876209830337,-5.551115123125783e-17
WT_03__TO__SCA3_04,True,active,0.8666666666666667,0.2838732885371399,1.0565430227954566,-0.8869162785246854,0.0
WT_03__TO__SCA3_04,True,active,0.9,,1.2726278709179808,-1.059202665900969,
WT_03__TO__SCA3_04,True,active,0.9333333333333332,,1.5193420905110782,-1.3097937245475602,
WT_03__TO__SCA3_04,True,active,0.9666666666666668,,1.6059191644362723,-1.4479097878845262,
WT_03__TO__SCA3_04,True,active,1.0,,0.12437858936742541,0.0,
WT_03__TO__SCA3_04,True,isi,0.0,,0.8095540828789861,-0.9553139259912812,
WT_03__TO__SCA3_04,True,isi,0.0333333333333333,,0.8312984063197935,-0.9831092431120021,
WT_03__TO__SCA3_04,True,isi,0.0666666666666666,,0.9324568578137847,-0.9498807158343796,
WT_03__TO__SCA3_04,True,isi,0.1,,0.800763148663341,-0.9133814936725908,
WT_03__TO__SCA3_04,True,isi,0.1333333333333333,,0.7677955876807533,-0.8798954855542982,
WT_03__TO__SCA3_04,True,isi,0.1666666666666666,,0.75277087399858,-0.8630224225390214,
WT_03__TO__SCA3_04,True,isi,0.2,,0.7432204152309542,-0.7888776972962641,
WT_03__TO__SCA3_04,True,isi,0.2333333333333333,,0.732446184342232,-0.759562639324299,
WT_03__TO__SCA3_04,True,isi,0.2666666666666666,,0.7138153581226733,-0.7559779689747615,
WT_03__TO__SCA3_04,True,isi,0.3,,0.7238535873892569,-0.7458160355612082,
WT_03__TO__SCA3_04,True,isi,0.3333333333333333,,0.7329212216307909,-0.6965737594960426,
WT_03__TO__SCA3_04,True,isi,0.3666666666666666,,0.7354147181950048,-0.6642397908290837,
WT_03__TO__SCA3_04,True,isi,0.4,,0.8813269029664726,-0.6783858850992738,
WT_03__TO__SCA3_04,True,isi,0.4333333333333333,,0.7657585872927086,-0.6511388381864485,
WT_03__TO__SCA3_04,True,isi,0.4666666666666667,,0.8193574074941846,-0.7173274992207153,
WT_03__TO__SCA3_04,True,isi,0.5,0.13024590775012201,0.8679385867915785,-0.6412040057070452,2.0825167337007455e-05
WT_03__TO__SCA3_04,True,isi,0.5333333333333333,0.14387618918866485,0.8037032700044722,-0.6324313622699245,0.0002512262771464657
WT_03__TO__SCA3_04,True,isi,0.5666666666666667,0.23296044785918327,0.7854940993343376,-0.5971576344473177,0.0007513274529110936
WT_03__TO__SCA3_04,True,isi,0.6,0.17033996657157602,0.8943564876241259,-0.6109001893638961,-0.0032214400270491883
WT_03__TO__SCA3_04,True,isi,0.6333333333333333,0.2262451857209243,0.9070633678630191,-0.49498820982699243,-0.03344863852988833
WT_03__TO__SCA3_04,True,isi,0.6666666666666666,0.21225605720411952,1.0700975577878962,-0.5382116162811488,0.00016457635755723343
WT_03__TO__SCA3_04,True,isi,0.7,0.29545622065625354,0.8637276830955176,-0.6303088916946104,-0.0004414564854287595
WT_03__TO__SCA3_04,True,isi,0.7333333333333333,0.3237128930689611,0.8209260248531882,-0.5603829889747376,8.971965581722203e-06
WT_03__TO__SCA3_04,True,isi,0.7666666666666666,0.3709285500466737,1.1602117457256467,-0.5718895136440362,-0.0008769275002526999
WT_03__TO__SCA3_04,True,isi,0.8,0.29545502342086144,0.8926385559904395,-0.6417339629336578,-4.850346789547766e-05
WT_03__TO__SCA3_04,True,isi,0.8333333333333334,0.41121288842995607,0.8130399893464565,-0.5686082977317565,0.0003351822735105925
WT_03__TO__SCA3_04,True,isi,0.8666666666666667,0.3331210438171595,1.1312068858642523,-0.581808109939791,-0.009072758354198851
WT_03__TO__SCA3_04,True,isi,0.9,,0.9458513868357695,-0.5265583622003329,
WT_03__TO__SCA3_04,True,isi,0.9333333333333332,,0.9302974998396019,-0.457001308618993,
WT_03__TO__SCA3_04,True,isi,0.9666666666666668,,1.1265317729346407,-0.3286818338465553,
WT_03__TO__SCA3_04,True,isi,1.0,,1.2064030587988075,-0.9839077021290357,
WT_03__TO__SCA3_05,False,active,0.0,,0.6180589516985342,-0.759998612639058,
WT_03__TO__SCA3_05,False,active,0.0333333333333333,,0.6181094162646976,-0.6640147927356961,
WT_03__TO__SCA3_05,False,active,0.0666666666666666,,0.6460732450273922,-0.6624141366711979,
WT_03__TO__SCA3_05,False,active,0.1,,0.6452103052804983,-0.6787766123368095,
WT_03__TO__SCA3_05,False,active,0.1333333333333333,,0.6536572044423601,-0.6392981806301435,
WT_03__TO__SCA3_05,False,active,0.1666666666666666,,0.5618821188533806,-0.6334039353645106,
WT_03__TO__SCA3_05,False,active,0.2,,0.6831931923567166,-0.5975912210726191,
WT_03__TO__SCA3_05,False,active,0.2333333333333333,,0.5810015965213307,-0.6392981806301435,
WT_03__TO__SCA3_05,False,active,0.2666666666666666,,0.5869988015998832,-0.6624141366712036,
WT_03__TO__SCA3_05,False,active,0.3,,0.6087342563529842,-0.6019545907318142,
WT_03__TO__SCA3_05,False,active,0.3333333333333333,,0.6362373785326142,-0.5787784281901834,
WT_03__TO__SCA3_05,False,active,0.3666666666666666,,0.5938260291155537,-0.5389880080586759,
WT_03__TO__SCA3_05,False,active,0.4,,0.48115684445580154,-0.5350153449070474,
WT_03__TO__SCA3_05,False,active,0.4333333333333333,,0.612381981529711,-0.47448842660950785,
WT_03__TO__SCA3_05,False,active,0.4666666666666667,,0.6637758101914413,-0.49563863936173647,
WT_03__TO__SCA3_05,False,active,0.5,0.08251876434483252,0.8029271236090508,-0.5092119071917106,-9.992007221626405e-16
WT_03__TO__SCA3_05,False,active,0.5333333333333333,0.07834662235753924,0.6171646602733283,-0.539195444135107,-0.0005438024863822214
WT_03__TO__SCA3_05,False,active,0.5666666666666667,0.07971267625484493,0.6249208133353041,-0.4581235095245372,0.0
WT_03__TO__SCA3_05,False,active,0.6,0.07811980807131713,0.5926762005102771,-0.5004420064312136,2.775557561562895e-17
WT_03__TO__SCA3_05,False,active,0.6333333333333333,0.0833206730441067,0.6872119315814289,-0.4865467209818396,0.0
WT_03__TO__SCA3_05,False,active,0.6666666666666666,0.08551865569420337,0.7052833550599638,-0.36585457674352784,0.0
WT_03__TO__SCA3_05,False,active,0.7,0.0830552933660421,0.7299910879235371,-0.3160989913918376,-6.605826996519674e-15
WT_03__TO__SCA3_05,False,active,0.7333333333333333,0.08161018443617359,0.6581902278828797,-0.5058027201641518,0.0
WT_03__TO__SCA3_05,False,active,0.7666666666666666,0.08150777039552763,0.7708417720617889,-0.5848726337454009,0.0
WT_03__TO__SCA3_05,False,active,0.8,0.08317759778790056,0.7299498859556974,-0.39869435675502285,0.0
WT_03__TO__SCA3_05,False,active,0.8333333333333334,0.08133380656410659,0.7661969167896838,-0.6545252543499918,8.604228440844974e-16
WT_03__TO__SCA3_05,False,active,0.8666666666666667,0.08256778081895595,0.7919331402419463,-0.4363043475562107,0.0
WT_03__TO__SCA3_05,False,active,0.9,,0.8277645645385779,-0.3927478256066606,
WT_03__TO__SCA3_05,False,active,0.9333333333333332,,0.8601458868782158,-0.4102523347755578,
WT_03__TO__SCA3_05,False,active,0.9666666666666668,,0.980245658138685,-0.42287744602287025,
WT_03__TO__SCA3_05,False,active,1.0,,1.1408462837986368,0.0,
WT_03__TO__SCA3_05,False,isi,0.0,,0.5298252196484042,-0.4911053487094832,
WT_03__TO__SCA3_05,False,isi,0.0333333333333333,,0.5494366848330677,-0.5143113924294719,
WT_03__TO__SCA3_05,False,isi,0.0666666666666666,,0.5398785064789215,-0.497923317260166,
WT_03__TO__SCA3_05,False,isi,0.1,,0.5370592189338902,-0.5041874023043176,
WT_03__TO__SCA3_05,False,isi,0.1333333333333333,,0.5216955869096341,-0.49333511589973494,
WT_03__TO__SCA3_05,False,isi,0.1666666666666666,,0.5118692023477763,-0.4719546102497491,
WT_03__TO__SCA3_05,False,isi,0.2,,0.4857364989698191,-0.4723304277537046,
WT_03__TO__SCA3_05,False,isi,0.2333333333333333,,0.4172401837935167,-0.4280482673486409,
WT_03__TO__SCA3_05,False,isi,0.2666666666666666,,0.3696410681553939,-0.40770508024780655,
WT_03__TO__SCA3_05,False,isi,0.3,,0.4043870372485606,-0.40953057431691064,
WT_03__TO__SCA3_05,False,isi,0.3333333333333333,,0.36599218645927206,-0.3774138689080546,
WT_03__TO__SCA3_05,False,isi,0.3666666666666666,,0.44343747989050963,-0.3704077353385742,
WT_03__TO__SCA3_05,False,isi,0.4,,0.5387741936638756,-0.4043474631774117,
WT_03__TO__SCA3_05,False,isi,0.4333333333333333,,0.5207145576932056,-0.40996718397756216,
WT_03__TO__SCA3_05,False,isi,0.4666666666666667,,0.644000506458381,-0.35497626543978605,
WT_03__TO__SCA3_05,False,isi,0.5,0.28857598551818,0.5652884953648449,-0.32130383978765337,-2.254357700182119e-06
WT_03__TO__SCA3_05,False,isi,0.5333333333333333,0.1483453230244778,0.580969299357146,-0.3122347772361721,5.424118976915526e-05
WT_03__TO__SCA3_05,False,isi,0.5666666666666667,0.1542445841144099,0.5714073011380623,-0.35991727374023874,0.00039144193169052266
WT_03__TO__SCA3_05,False,isi,0.6,0.23259892965118978,0.5926776214837586,-0.3005882444922135,-4.88337988363563e-05
WT_03__TO__SCA3_05,False,isi,0.6333333333333333,0.31651166916886175,0.5295543936897346,-0.28076986927602526,-0.0007156217857066799
WT_03__TO__SCA3_05,False,isi,0.6666666666666666,0.2478048035526323,0.5104598339845905,-0.32268730029696663,-0.00012509960999355918
WT_03__TO__SCA3_05,False,isi,0.7,0.2893565646298602,0.5787883425839463,-0.32835508112124834,0.0005790961947300666
WT_03__TO__SCA3_05,False,isi,0.7333333333333333,0.25259197226764984,0.5648381912071841,-0.3191959293791958,-7.92774556001713e-05
WT_03__TO__SCA3_05,False,isi,0.7666666666666666,0.19651887178381489,0.4832666107275761,-0.29865123323118364,-0.0019265667067057818
WT_03__TO__SCA3_05,False,isi,0.8,0.19303669521779937,0.5700166498221246,-0.32587204324558405,-0.0005096037733885589
WT_03__TO__SCA3_05,False,isi,0.8333333333333334,0.2790398280062032,0.593686422863541,-0.2898830961867829,-1.1036826798316306e-06
WT_03__TO__SCA3_05,False,isi,0.8666666666666667,0.23798842445258198,0.579465771090917,-0.31905780240482207,0.00022990903316813527
WT_03__TO__SCA3_05,False,isi,0.9,,0.6149254433278063,-0.311121635414135,
WT_03__TO__SCA3_05,False,isi,0.9333333333333332,,0.6142638214421182,-0.3105772168667648,
WT_03__TO__SCA3_05,False,isi,0.9666666666666668,,0.5744395931584281,-0.25934380361740844,
WT_03__TO__SCA3_05,False,isi,1.0,,0.5134760655626248,-0.23979915235929466,
WT_03__TO__SCA3_06,True,active,0.0,,1.8600276704549674,-1.499546330425995,
WT_03__TO__SCA3_06,True,active,0.0333333333333333,,1.830734469829064,-1.4633420552290608,
WT_03__TO__SCA3_06,True,active,0.0666666666666666,,1.8561033740754966,-1.461925528646735,
WT_03__TO__SCA3_06,True,active,0.1,,2.0206302675965735,-1.5006639126526218,
WT_03__TO__SCA3_06,True,active,0.1333333333333333,,2.0559854536864655,-1.4826567915443944,
WT_03__TO__SCA3_06,True,active,0.1666666666666666,,2.0994988116790725,-1.5075299795584574,
WT_03__TO__SCA3_06,True,active,0.2,,2.022427877361253,-1.4479097878845246,
WT_03__TO__SCA3_06,True,active,0.2333333333333333,,2.135160978030485,-1.5285107968034466,
WT_03__TO__SCA3_06,True,active,0.2666666666666666,,2.244872315144045,-1.4055601931179147,
WT_03__TO__SCA3_06,True,active,0.3,,2.149141152116229,-1.4700571458225622,
WT_03__TO__SCA3_06,True,active,0.3333333333333333,,2.3606249373210497,-1.7675156492727124,
WT_03__TO__SCA3_06,True,active,0.3666666666666666,,2.4419200160789796,-1.6186254320117417,
WT_03__TO__SCA3_06,True,active,0.4,,2.3320403761624884,-1.7047851664431342,
WT_03__TO__SCA3_06,True,active,0.4333333333333333,,2.415186272356293,-1.5285107968034466,
WT_03__TO__SCA3_06,True,active,0.4666666666666667,,2.5024292103401127,-1.4180024145438206,
WT_03__TO__SCA3_06,True,active,0.5,1.2178073770132192,2.5168234388741535,-1.335266266828827,-0.011137998145422268
WT_03__TO__SCA3_06,True,active,0.5333333333333333,1.2598358756196526,2.5060377827112057,-1.335266266828827,-0.027408522051667328
WT_03__TO__SCA3_06,True,active,0.5666666666666667,1.3057340175356826,2.463414182508989,-1.335266266828827,0.019654649377903066
WT_03__TO__SCA3_06,True,active,0.6,1.3387188261605338,2.4625817303182505,-1.3097937245475602,-0.22497766678047415
WT_03__TO__SCA3_06,True,active,0.6333333333333333,1.3923589797207727,2.7615153565146704,-1.1555065732628735,-0.01699454582835802
WT_03__TO__SCA3_06,True,active,0.6666666666666666,1.4516233176204305,2.8929245780267268,-1.1957479859888707,-0.01916848539994631
WT_03__TO__SCA3_06,True,active,0.7,1.5174369558660732,2.761319606219143,-1.2616590601833624,-0.021778180986637086
WT_03__TO__SCA3_06,True,active,0.7333333333333333,1.5934471182147674,2.909146486439873,-1.3352662668288253,0.00737848749330916
WT_03__TO__SCA3_06,True,active,0.7666666666666666,1.9404477260423956,3.0699669928791042,-1.4180024145438221,-0.007064428586222249
WT_03__TO__SCA3_06,True,active,0.8,2.0505451810694937,2.9248400820375324,-1.1957479859888707,-0.03195254355285937
WT_03__TO__SCA3_06,True,active,0.8333333333333334,1.8392466145182893,3.1113840836165876,-1.2792888671248446,-0.010478408914947002
WT_03__TO__SCA3_06,True,active,0.8666666666666667,1.954095030805185,3.362697145634559,-1.341790089702908,-0.32803231344135675
WT_03__TO__SCA3_06,True,active,0.9,,3.8709143242329316,-1.4479097878845262,
WT_03__TO__SCA3_06,True,active,0.9333333333333332,,3.7580186825189936,-1.5722765427947676,
WT_03__TO__SCA3_06,True,active,0.9666666666666668,,4.087793927218758,-1.6677934008334487,
WT_03__TO__SCA3_06,True,active,1.0,,4.491886361518568,-1.896259776188645,
WT_03__TO__SCA3_06,True,isi,0.0,,1.6690819773198904,-1.1524503633015484,
WT_03__TO__SCA3_06,True,isi,0.0333333333333333,,1.6453164496711925,-1.1644552054030592,
WT_03__TO__SCA3_06,True,isi,0.0666666666666666,,1.647292120675016,-1.1561239929912288,
WT_03__TO__SCA3_06,True,isi,0.1,,1.6607443251867695,-1.150485711496986,
WT_03__TO__SCA3_06,True,isi,0.1333333333333333,,1.6738784367535338,-1.151995041328514,
WT_03__TO__SCA3_06,True,isi,0.1666666666666666,,1.6880219290432323,-1.1643286148458443,
WT_03__TO__SCA3_06,True,isi,0.2,,1.774809737269515,-1.1764073927992584,
WT_03__TO__SCA3_06,True,isi,0.2333333333333333,,1.8541563384634445,-1.1936653179950854,
WT_03__TO__SCA3_06,True,isi,0.2666666666666666,,1.8819021840013908,-1.2173218387115723,
WT_03__TO__SCA3_06,True,isi,0.3,,1.9317587377970526,-1.239172529149215,
WT_03__TO__SCA3_06,True,isi,0.3333333333333333,,1.9358300025570936,-1.2393324209833994,
WT_03__TO__SCA3_06,True,isi,0.3666666666666666,,1.9708387222265362,-1.2599993445954425,
WT_03__TO__SCA3_06,True,isi,0.4,,2.0196404643413413,-1.2387256253325252,
WT_03__TO__SCA3_06,True,isi,0.4333333333333333,,2.058767675894421,-1.2242184333857362,
WT_03__TO__SCA3_06,True,isi,0.4666666666666667,,2.0050999382159174,-1.1594976639508234,
WT_03__TO__SCA3_06,True,isi,0.5,1.069293948371054,2.097095001206848,-1.073919667453596,-0.050275111252772176
WT_03__TO__SCA3_06,True,isi,0.5333333333333333,1.1161064340012115,2.0377020227125606,-0.998968176853299,-0.0010812893031062476
WT_03__TO__SCA3_06,True,isi,0.5666666666666667,1.1652382561195953,2.106129620740247,-0.9450844677061073,-0.042047353847507685
WT_03__TO__SCA3_06,True,isi,0.6,1.2202013979052904,2.1628729020499393,-0.9779191459772021,0.025768543915726694
WT_03__TO__SCA3_06,True,isi,0.6333333333333333,1.275999651522761,2.2092190241554825,-0.981448730052363,-0.002607885972052193
WT_03__TO__SCA3_06,True,isi,0.6666666666666666,1.3357511134311286,2.2758998877239205,-0.9869156747487681,-0.0016714941473411349
WT_03__TO__SCA3_06,True,isi,0.7,1.4001402139393935,2.3794070336707502,-0.9943431525304849,-0.010822044311165735
WT_03__TO__SCA3_06,True,isi,0.7333333333333333,1.47327759177189,2.467825992419101,-1.013476937529074,-0.013963590476267274
WT_03__TO__SCA3_06,True,isi,0.7666666666666666,1.518140979272444,2.5585538457067605,-1.0257439953690448,-0.017055659798868028
WT_03__TO__SCA3_06,True,isi,0.8,1.5976312296008004,2.662828876950165,-1.0399732942770044,-0.009375812227651492
WT_03__TO__SCA3_06,True,isi,0.8333333333333334,1.7366249567319108,2.7498267930443943,-1.045324993170795,-0.016850908972288137
WT_03__TO__SCA3_06,True,isi,0.8666666666666667,1.8377039033311824,2.8931960276661512,-1.1247904930344252,-0.010284543503921051
WT_03__TO__SCA3_06,True,isi,0.9,,3.074795416949886,-1.1613143307758536,
WT_03__TO__SCA3_06,True,isi,0.9333333333333332,,3.346839931998853,-1.2018538018110094,
WT_03__TO__SCA3_06,True,isi,0.9666666666666668,,3.5555779466482247,-1.282563345124348,
WT_03__TO__SCA3_06,True,isi,1.0,,3.386906452527859,-1.3880707780958181,
WT_03__TO__SCA3_09,True,active,0.0,,-0.8610611173286972,-0.5552686883538241,
WT_03__TO__SCA3_09,True,active,0.0333333333333333,,-0.7229835085846591,-0.499779899790195,
WT_03__TO__SCA3_09,True,active,0.0666666666666666,,-0.7065973314709263,-0.5667785789574317,
WT_03__TO__SCA3_09,True,active,0.1,,-0.6962039562173762,-0.591163516265937,
WT_03__TO__SCA3_09,True,active,0.1333333333333333,,-0.684207712617278,-0.5320315752975614,
WT_03__TO__SCA3_09,True,active,0.1666666666666666,,-0.7075118560782331,-0.6108753522434716,
WT_03__TO__SCA3_09,True,active,0.2,,-0.1542012291511793,-0.6019545907318078,
WT_03__TO__SCA3_09,True,active,0.2333333333333333,,-0.15773168737176124,-0.6041602616499766,
WT_03__TO__SCA3_09,True,active,0.2666666666666666,,-0.15402121185175233,-0.6177414191493062,
WT_03__TO__SCA3_09,True,active,0.3,,-0.15759613779791604,-0.6545252543499918,
WT_03__TO__SCA3_09,True,active,0.3333333333333333,,-0.1575564821172432,-0.5609935093598364,
WT_03__TO__SCA3_09,True,active,0.3666666666666666,,-0.1539022565005026,-0.5609935093598363,
WT_03__TO__SCA3_09,True,active,0.4,,-0.11121246650893057,-0.5389880080586841,
WT_03__TO__SCA3_09,True,active,0.4333333333333333,,-0.15751622030374662,-0.5090371804542554,
WT_03__TO__SCA3_09,True,active,0.4666666666666667,,-0.15752349050004505,-0.49085334369447975,
WT_03__TO__SCA3_09,True,active,0.5,-0.15753794024416629,-0.15753794024416598,-0.5186439145932321,-1.3010426069826053e-18
WT_03__TO__SCA3_09,True,active,0.5333333333333333,-0.1575609950124075,-0.15756099501240714,-0.5090371804542536,-0.006222518841263126
WT_03__TO__SCA3_09,True,active,0.5666666666666667,-0.11056651159613276,-0.15759060182763326,-0.5609935093598346,-1.0408340855860843e-17
WT_03__TO__SCA3_09,True,active,0.6,-0.15762467765041013,-0.15762467765041013,-0.518643914593223,-0.001593417895712333
WT_03__TO__SCA3_09,True,active,0.6333333333333333,-0.15766699737309647,-0.12230119412468607,-0.3983592724788252,0.0
WT_03__TO__SCA3_09,True,active,0.6666666666666666,-0.15771419765841654,-0.15771419765841654,-0.3233662753194773,-0.0004148721528527434
WT_03__TO__SCA3_09,True,active,0.7,-0.15776648654302555,0.04714968240569803,-0.49977989979018056,-0.000467819530820537
WT_03__TO__SCA3_09,True,active,0.7333333333333333,-0.10652439488352489,0.044546395764628405,-0.29554757629333417,0.0
WT_03__TO__SCA3_09,True,active,0.7666666666666666,-0.1542479664152378,-0.1054659731255953,-3.3306690738754696e-16,-0.0006463073239343399
WT_03__TO__SCA3_09,True,active,0.8,-0.10429384760301366,-0.10429384760301366,-0.3311589790305087,0.0
WT_03__TO__SCA3_09,True,active,0.8333333333333334,-0.1035658903796261,-0.1035658903796261,-0.48224009826920367,-0.0009285113767387929
WT_03__TO__SCA3_09,True,active,0.8666666666666667,-0.46921213226128533,-0.46921213226128533,-0.3765285568058919,0.0
WT_03__TO__SCA3_09,True,active,0.9,,-0.10198523772486984,-0.4102523347755511,
WT_03__TO__SCA3_09,True,active,0.9333333333333332,,-0.10132758032390225,-0.34792827046600094,
WT_03__TO__SCA3_09,True,active,0.9666666666666668,,-0.10441288679911569,-0.43630434755620745,
WT_03__TO__SCA3_09,True,active,1.0,,-0.9728909308687064,-0.8726086951124215,
WT_03__TO__SCA3_09,True,isi,0.0,,-0.6376064511184173,-0.3993109705191812,
WT_03__TO__SCA3_09,True,isi,0.0333333333333333,,-0.6183206764738292,-0.40754955297932877,
WT_03__TO__SCA3_09,True,isi,0.0666666666666666,,-0.6390453405067441,-0.42348832367152056,
WT_03__TO__SCA3_09,True,isi,0.1,,-0.6372762297335851,-0.4400207169292129,
WT_03__TO__SCA3_09,True,isi,0.1333333333333333,,-0.6660313777733253,-0.4184571369816568,
WT_03__TO__SCA3_09,True,isi,0.1666666666666666,,-0.6386463276079636,-0.4398011550859068,
WT_03__TO__SCA3_09,True,isi,0.2,,-0.43760999169956005,-0.44462309468470496,
WT_03__TO__SCA3_09,True,isi,0.2333333333333333,,0.015498910466158922,-0.446150612206226,
WT_03__TO__SCA3_09,True,isi,0.2666666666666666,,0.3037721517447248,-0.44462225528652544,
WT_03__TO__SCA3_09,True,isi,0.3,,-0.2745129694846251,-0.45079249238607777,
WT_03__TO__SCA3_09,True,isi,0.3333333333333333,,-0.35028189850127733,-0.44057603786507094,
WT_03__TO__SCA3_09,True,isi,0.3666666666666666,,-0.48239919908237117,-0.44111333298790506,
WT_03__TO__SCA3_09,True,isi,0.4,,-0.08876383339597704,-0.4511269198094901,
WT_03__TO__SCA3_09,True,isi,0.4333333333333333,,-0.5477750546998952,-0.44393415383874435,
WT_03__TO__SCA3_09,True,isi,0.4666666666666667,,-0.5571702215114256,-0.432967928987097,
WT_03__TO__SCA3_09,True,isi,0.5,-0.913029995447052,-0.41688021449669715,-0.4649093831610139,-0.002671277121058989
WT_03__TO__SCA3_09,True,isi,0.5333333333333333,-0.4184116278755544,-0.1793168422831084,-0.3806725697198039,-0.013236720281457129
WT_03__TO__SCA3_09,True,isi,0.5666666666666667,-0.7052071505835609,-0.09718911203300162,-0.44332053047764786,-0.028919970117602445
WT_03__TO__SCA3_09,True,isi,0.6,-0.47177798879469374,-0.4150151268896851,-0.3086210508625741,-0.001122545106746975
WT_03__TO__SCA3_09,True,isi,0.6333333333333333,-1.2475198465738633,-0.26020508749728843,-0.45293130372375445,-0.0014242032865208372
WT_03__TO__SCA3_09,True,isi,0.6666666666666666,-0.5940837867633388,-0.364439010465086,-0.3795105468310635,0.008494580940596288
WT_03__TO__SCA3_09,True,isi,0.7,-0.4506348930847688,-0.1701029463386854,-0.2826004535169961,-0.0012544904133910961
WT_03__TO__SCA3_09,True,isi,0.7333333333333333,-0.3119729776244327,-0.26186151559121834,-0.33077086387016014,0.0008115050377860283
WT_03__TO__SCA3_09,True,isi,0.7666666666666666,-0.48892799592358216,-0.35318919434377455,-0.3293698036830495,-0.001075097793608486
WT_03__TO__SCA3_09,True,isi,0.8,-0.25264710160861464,-0.2119205399222907,-0.35053318983321324,-0.002525532272132775
WT_03__TO__SCA3_09,True,isi,0.8333333333333334,-0.3531357657117108,-0.2759000140518837,-0.41650609061481003,-9.301805763967368e-05
WT_03__TO__SCA3_09,True,isi,0.8666666666666667,-0.7580990517707389,-0.6064429045766067,-0.41759420989302837,0.0007160054521399535
WT_03__TO__SCA3_09,True,isi,0.9,,-0.42043436962198855,-0.2623722321055559,
WT_03__TO__SCA3_09,True,isi,0.9333333333333332,,-0.2514579676744048,-0.28452290920499673,
WT_03__TO__SCA3_09,True,isi,0.9666666666666668,,-0.2896089394719016,-0.31900384126379194,
WT_03__TO__SCA3_09,True,isi,1.0,,-0.3407768216599373,-0.2788256706761461,
WT_04__TO__SCA3_01,True,active,0.0,,2.5972197772249324,-5.70693996200488,
WT_04__TO__SCA3_01,True,active,0.0333333333333333,,2.4061386609322803,-5.491475921513774,
WT_04__TO__SCA3_01,True,active,0.0666666666666666,,2.226096727977173,-4.248999074714285,
WT_04__TO__SCA3_01,True,active,0.1,,2.426547536255567,-3.486216081917289,
WT_04__TO__SCA3_01,True,active,0.1333333333333333,,2.358196827746297,-3.0325613271266514,
WT_04__TO__SCA3_01,True,active,0.1666666666666666,,2.3828456230452337,-2.6399186780677537,
WT_04__TO__SCA3_01,True,active,0.2,,2.355046412461269,-2.3574784312767068,
WT_04__TO__SCA3_01,True,active,0.2333333333333333,,2.2744390346086623,-2.2001700427458104,
WT_04__TO__SCA3_01,True,active,0.2666666666666666,,2.34858354246873,-2.0425764648342217,
WT_04__TO__SCA3_01,True,active,0.3,,2.296120213157008,-1.8579121321903056,
WT_04__TO__SCA3_01,True,active,0.3333333333333333,,2.3802317719497648,-1.756176918165983,
WT_04__TO__SCA3_01,True,active,0.3666666666666666,,2.333900440220092,-1.557411822442097,
WT_04__TO__SCA3_01,True,active,0.4,,2.445172078611549,-1.5191142613083568,
WT_04__TO__SCA3_01,True,active,0.4333333333333333,,2.481350587252788,-1.4500258094182845,
WT_04__TO__SCA3_01,True,active,0.4666666666666667,,2.475334355771046,-1.3881923187068501,
WT_04__TO__SCA3_01,True,active,0.5,0.9762474698403389,2.313213586090103,-1.3097937245475528,0.002981518008172479
WT_04__TO__SCA3_01,True,active,0.5333333333333333,0.9936937898452963,2.21786460422084,-1.2223548338474808,0.00036962392251327185
WT_04__TO__SCA3_01,True,active,0.5666666666666667,1.0140696226583927,2.4276233110837198,-1.2314890532772453,-0.0010997905352758725
WT_04__TO__SCA3_01,True,active,0.6,1.194890401194483,2.324831452227542,-1.2645635159959532,-0.0005745284235908477
WT_04__TO__SCA3_01,True,active,0.6333333333333333,1.2193792050550603,2.390708960982766,-1.2501735328736308,-0.0006301555680650051
WT_04__TO__SCA3_01,True,active,0.6666666666666666,1.256027027206844,2.471902509373703,-1.1752827065162028,0.009937881083554409
WT_04__TO__SCA3_01,True,active,0.7,1.290376694056878,2.5543317082387564,-1.0999815174185121,-0.000764955893670094
WT_04__TO__SCA3_01,True,active,0.7333333333333333,1.4795042830098564,2.8503234669783413,-1.1148623338440125,-0.1947770394466979
WT_04__TO__SCA3_01,True,active,0.7666666666666666,1.5748938844670293,2.7751855744570073,-1.0999815174185121,-0.005905643677543544
WT_04__TO__SCA3_01,True,active,0.8,1.648235725930998,3.0100126947056607,-1.2314890532772453,-0.005965892269144569
WT_04__TO__SCA3_01,True,active,0.8333333333333334,1.9467929690381065,2.99174995629157,-1.1458661431052306,-0.007517742324332231
WT_04__TO__SCA3_01,True,active,0.8666666666666667,2.054481337820459,3.322711921223254,-1.335266266828827,-0.007517742324335554
WT_04__TO__SCA3_01,True,active,0.9,,3.440602211090479,-1.375390186211806,
WT_04__TO__SCA3_01,True,active,0.9333333333333332,,3.691964277662979,-1.6510751109051922,
WT_04__TO__SCA3_01,True,active,0.9666666666666668,,4.337943544340749,-1.8350461666190159,
WT_04__TO__SCA3_01,True,active,1.0,,3.8832485907594,-2.1999630348370207,
WT_04__TO__SCA3_01,True,isi,0.0,,2.233634359183641,-4.497934378083205,
WT_04__TO__SCA3_01,True,isi,0.0333333333333333,,2.0315859783690287,-4.314463518764574,
WT_04__TO__SCA3_01,True,isi,0.0666666666666666,,1.9893586005598485,-3.340203938552936,
WT_04__TO__SCA3_01,True,isi,0.1,,2.149105762922376,-2.7731113567206203,
WT_04__TO__SCA3_01,True,isi,0.1333333333333333,,2.117441742676687,-2.3676743268244596,
WT_04__TO__SCA3_01,True,isi,0.1666666666666666,,2.0880917736372098,-2.0770718297808113,
WT_04__TO__SCA3_01,True,isi,0.2,,2.0939595424683337,-1.8563500316248482,
WT_04__TO__SCA3_01,True,isi,0.2333333333333333,,2.0961958733216446,-1.6838841995575382,
WT_04__TO__SCA3_01,True,isi,0.2666666666666666,,2.0928441286042156,-1.5446972123156801,
WT_04__TO__SCA3_01,True,isi,0.3,,2.11173223112762,-1.430324154110819,
WT_04__TO__SCA3_01,True,isi,0.3333333333333333,,2.117647897912411,-1.3273710089721318,
WT_04__TO__SCA3_01,True,isi,0.3666666666666666,,2.120847996822913,-1.239440193306503,
WT_04__TO__SCA3_01,True,isi,0.4,,2.1356556491876626,-1.162667377491171,
WT_04__TO__SCA3_01,True,isi,0.4333333333333333,,2.151192278954441,-1.1030893961701211,
WT_04__TO__SCA3_01,True,isi,0.4666666666666667,,2.1725991218579406,-1.0580125456367357,
WT_04__TO__SCA3_01,True,isi,0.5,0.9074642890536303,1.989153580109804,-1.0181547966499667,-1.8233617866236866e-05
WT_04__TO__SCA3_01,True,isi,0.5333333333333333,0.9766058406392778,2.025946203104585,-0.9893682909924078,-0.0001348921156678619
WT_04__TO__SCA3_01,True,isi,0.5666666666666667,1.0375949637141133,2.0576136981988906,-0.9662135036592663,-0.0004726302542079622
WT_04__TO__SCA3_01,True,isi,0.6,1.0964394389949241,2.0993566437091324,-0.94837451582778,-0.0014635818322442657
WT_04__TO__SCA3_01,True,isi,0.6333333333333333,1.151628053574294,2.1394854208582053,-0.9373803550162507,-0.00011026606656594539
WT_04__TO__SCA3_01,True,isi,0.6666666666666666,1.222674510206708,2.2017967852779723,-0.9312226345328136,-0.001243875224552382
WT_04__TO__SCA3_01,True,isi,0.7,1.2912972742078137,2.268514437416486,-0.931412563780512,-0.0026879393268517413
WT_04__TO__SCA3_01,True,isi,0.7333333333333333,1.3663867635022218,2.3455963607365353,-0.927720354769346,-0.0011294964959490674
WT_04__TO__SCA3_01,True,isi,0.7666666666666666,1.4469773675261197,2.44714640528946,-0.9291360181934604,-0.0035119005246572197
WT_04__TO__SCA3_01,True,isi,0.8,1.543363395955897,2.5657001278643436,-0.9580265140319479,-0.0027608324591568215
WT_04__TO__SCA3_01,True,isi,0.8333333333333334,1.6575588324044006,2.7233654119906925,-1.0180081259946003,-0.0066940697539166205
WT_04__TO__SCA3_01,True,isi,0.8666666666666667,1.7975857707235772,2.807039166908974,-1.0818930131997537,-0.015329767629320036
WT_04__TO__SCA3_01,True,isi,0.9,,3.0213332478292463,-1.1665088341895715,
WT_04__TO__SCA3_01,True,isi,0.9333333333333332,,3.284601228368481,-1.2936368359905828,
WT_04__TO__SCA3_01,True,isi,0.9666666666666668,,3.9161508782392227,-1.4881934808777373,
WT_04__TO__SCA3_01,True,isi,1.0,,3.5106938936005023,-1.9563548398825485,
WT_04__TO__SCA3_02,False,active,0.0,,0.5034369727805045,-5.70693996200488,
WT_04__TO__SCA3_02,False,active,0.0333333333333333,,1.09208835367383,-5.495495827703096,
WT_04__TO__SCA3_02,False,active,0.0666666666666666,,1.6099414350871464,-4.35766983414187,
WT_04__TO__SCA3_02,False,active,0.1,,1.5775197335480742,-3.6048664824646903,
WT_04__TO__SCA3_02,False,active,0.1333333333333333,,1.5052416266457884,-3.0288330491259865,
WT_04__TO__SCA3_02,False,active,0.1666666666666666,,1.5021399811481744,-2.66666111322687,
WT_04__TO__SCA3_02,False,active,0.2,,1.504394877434886,-2.3616405776018663,
WT_04__TO__SCA3_02,False,active,0.2333333333333333,,1.450349175867723,-2.1302216998267904,
WT_04__TO__SCA3_02,False,active,0.2666666666666666,,1.4465015550847633,-1.96655370247775,
WT_04__TO__SCA3_02,False,active,0.3,,1.4854721199129823,-1.7950390564824532,
WT_04__TO__SCA3_02,False,active,0.3333333333333333,,1.4469979374386692,-1.6779880842580743,
WT_04__TO__SCA3_02,False,active,0.3666666666666666,,1.4476586701910032,-1.6186254320117417,
WT_04__TO__SCA3_02,False,active,0.4,,1.3619332931256538,-1.528510796803454,
WT_04__TO__SCA3_02,False,active,0.4333333333333333,,0.8599097250035154,-1.4650771013302442,
WT_04__TO__SCA3_02,False,active,0.4666666666666667,,0.7767207170885335,-1.3870660026373147,
WT_04__TO__SCA3_02,False,active,0.5,-0.4771875235721408,0.5060719241646758,-1.3054371300934833,-0.020598587671410432
WT_04__TO__SCA3_02,False,active,0.5333333333333333,-0.33019819295505803,0.5147889271211797,-1.211000414700231,-5.551115123125843e-16
WT_04__TO__SCA3_02,False,active,0.5666666666666667,-0.515195549095344,0.6856079350697112,-1.0819419045317147,-0.0014442026480676654
WT_04__TO__SCA3_02,False,active,0.6,-0.6622762278396567,1.235800132032518,-1.1460878661719225,-0.001026406917175427
WT_04__TO__SCA3_02,False,active,0.6333333333333333,-0.5741718184011487,0.8963484461657775,-1.0184238143834226,-0.0011102948748315524
WT_04__TO__SCA3_02,False,active,0.6666666666666666,-0.030919834992348766,1.40170292111878,-0.9374685728242357,-0.001206268434549185
WT_04__TO__SCA3_02,False,active,0.7,0.3955406514523884,1.2509546432795606,-0.9114623246652116,0.0029426830631471405
WT_04__TO__SCA3_02,False,active,0.7333333333333333,0.5224616902845657,1.4937665198602237,-0.8269086700854708,0.002423170629008183
WT_04__TO__SCA3_02,False,active,0.7666666666666666,0.5885416051822829,1.0861538499314605,-0.6989686252706957,-0.0022081325828266097
WT_04__TO__SCA3_02,False,active,0.8,0.20352713619519286,0.3752965338750016,-0.720306078802144,0.005129918375111118
WT_04__TO__SCA3_02,False,active,0.8333333333333334,0.5121888690386593,0.5184875625985345,-0.7110269196430321,-0.0008045685214319587
WT_04__TO__SCA3_02,False,active,0.8666666666666667,0.042761372690403664,0.4340534455460225,-0.504748629143855,-0.006083733285676141
WT_04__TO__SCA3_02,False,active,0.9,,0.38425922123094647,-0.5090371804542617,
WT_04__TO__SCA3_02,False,active,0.9333333333333332,,0.40210237135412413,-0.5286202726547072,
WT_04__TO__SCA3_02,False,active,0.9666666666666668,,0.7496435727521371,-0.5609935093598412,
WT_04__TO__SCA3_02,False,active,1.0,,0.8264108080864591,-0.5667183303658292,
WT_04__TO__SCA3_02,False,isi,0.0,,0.4592355189567029,-4.321854647103166,
WT_04__TO__SCA3_02,False,isi,0.0333333333333333,,0.9980941851633184,-4.319092021244407,
WT_04__TO__SCA3_02,False,isi,0.0666666666666666,,1.404309462974632,-3.4163096232751444,
WT_04__TO__SCA3_02,False,isi,0.1,,1.3872238954331118,-2.799159047044444,
WT_04__TO__SCA3_02,False,isi,0.1333333333333333,,1.4176874720049069,-2.3950230269830564,
WT_04__TO__SCA3_02,False,isi,0.1666666666666666,,1.4513913514715036,-2.062049106164385,
WT_04__TO__SCA3_02,False,isi,0.2,,1.4094397918508381,-1.771242024847916,
WT_04__TO__SCA3_02,False,isi,0.2333333333333333,,1.362148315125209,-1.6011929871066288,
WT_04__TO__SCA3_02,False,isi,0.2666666666666666,,1.3890002757146132,-1.4802563239486015,
WT_04__TO__SCA3_02,False,isi,0.3,,1.3843698038851826,-1.371381124265824,
WT_04__TO__SCA3_02,False,isi,0.3333333333333333,,1.3182281106495906,-1.2701824146148728,
WT_04__TO__SCA3_02,False,isi,0.3666666666666666,,1.2505028838743106,-1.188966782693534,
WT_04__TO__SCA3_02,False,isi,0.4,,1.2903738038826318,-1.156299203103696,
WT_04__TO__SCA3_02,False,isi,0.4333333333333333,,0.9333620268699655,-1.1583631449472165,
WT_04__TO__SCA3_02,False,isi,0.4666666666666667,,0.6665692297629872,-1.1093877862836738,
WT_04__TO__SCA3_02,False,isi,0.5,-0.7324446457603219,0.5334506497107978,-1.0553975005210061,-0.00012934660196539796
WT_04__TO__SCA3_02,False,isi,0.5333333333333333,-0.4917258571119696,0.5624100618906361,-0.9892257781032541,0.0003617722121185268
WT_04__TO__SCA3_02,False,isi,0.5666666666666667,-0.5018421008948628,0.9368282365846912,-0.9611447736403352,0.0003433963963228587
WT_04__TO__SCA3_02,False,isi,0.6,0.4244305293512981,1.3556076273074757,-0.9342898687911221,-0.0008313883422767011
WT_04__TO__SCA3_02,False,isi,0.6333333333333333,-0.5411906359930304,0.6260744337446718,-0.8424959768646063,-0.0028235203370198265
WT_04__TO__SCA3_02,False,isi,0.6666666666666666,0.08998890220214739,1.236401650654117,-0.7660124390761711,0.0006631271538045084
WT_04__TO__SCA3_02,False,isi,0.7,0.33670437635170203,1.18961898946925,-0.7493062964259704,-0.0009626426799687063
WT_04__TO__SCA3_02,False,isi,0.7333333333333333,0.6030625236155456,1.4016067034370743,-0.6697607352657359,0.0004202833710017478
WT_04__TO__SCA3_02,False,isi,0.7666666666666666,0.4317051366871665,0.7546068094763034,-0.5777263111223478,-6.080103241573675e-05
WT_04__TO__SCA3_02,False,isi,0.8,0.23028777350807042,0.3370298011047005,-0.5409868913868269,-0.0005557097875367737
WT_04__TO__SCA3_02,False,isi,0.8333333333333334,0.5503419782463594,0.33330737361027196,-0.50245660468919,-0.00019751480231469838
WT_04__TO__SCA3_02,False,isi,0.8666666666666667,0.10312524476721412,0.31966275387908205,-0.45089946756741844,-0.0009976593537666114
WT_04__TO__SCA3_02,False,isi,0.9,,0.3529926659315964,-0.44955182046385056,
WT_04__TO__SCA3_02,False,isi,0.9333333333333332,,0.309412589987049,-0.4282775966704422,
WT_04__TO__SCA3_02,False,isi,0.9666666666666668,,0.706111374523631,-0.3968143662196073,
WT_04__TO__SCA3_02,False,isi,1.0,,0.3325145664796539,-0.38157905618742616,
WT_04__TO__SCA3_04,True,active,0.0,,1.377299014574551,-4.297150677416076,
WT_04__TO__SCA3_04,True,active,0.0333333333333333,,1.7113503810952404,-4.343373407346584,
WT_04__TO__SCA3_04,True,active,0.0666666666666666,,1.7935237568932187,-3.8333470372471394,
WT_04__TO__SCA3_04,True,active,0.1,,1.813433727735291,-3.2010462379276268,
WT_04__TO__SCA3_04,True,active,0.1333333333333333,,1.874440061709997,-3.066535219896269,
WT_04__TO__SCA3_04,True,active,0.1666666666666666,,1.8208653962839656,-2.811279228093871,
WT_04__TO__SCA3_04,True,active,0.2,,1.8731040380110136,-2.6950955106308943,
WT_04__TO__SCA3_04,True,active,0.2333333333333333,,1.736306559013923,-2.5055417105364275,
WT_04__TO__SCA3_04,True,active,0.2666666666666666,,1.8373695671211856,-2.295729503407391,
WT_04__TO__SCA3_04,True,active,0.3,,1.7592965417836772,-2.118405331801931,
WT_04__TO__SCA3_04,True,active,0.3333333333333333,,1.8119296110366947,-2.1184053318019296,
WT_04__TO__SCA3_04,True,active,0.3666666666666666,,1.5857725168927843,-2.0146883668419564,
WT_04__TO__SCA3_04,True,active,0.4,,1.7266575917793183,-1.9079504894638084,
WT_04__TO__SCA3_04,True,active,0.4333333333333333,,1.8034705650609573,-2.3119735211691834,
WT_04__TO__SCA3_04,True,active,0.4666666666666667,,1.9624234276311718,-2.1161879162722186,
WT_04__TO__SCA3_04,True,active,0.5,0.19581445687375526,2.0833681354289078,-1.7200460593231144,-0.0029248805810137
WT_04__TO__SCA3_04,True,active,0.5333333333333333,0.1875731717246355,1.4412763320538973,-1.7872463527714235,0.005785069597605438
WT_04__TO__SCA3_04,True,active,0.5666666666666667,0.18747342688518748,1.9629584983113129,-1.7418767749960418,-0.00386838359377583
WT_04__TO__SCA3_04,True,active,0.6,0.18736538162716707,2.170075362798442,-1.7200460593231126,-0.0027928935420091683
WT_04__TO__SCA3_04,True,active,0.6333333333333333,0.18726029241875836,2.2429846661525152,-1.7756835143726886,0.0
WT_04__TO__SCA3_04,True,active,0.6666666666666666,0.18714794183687386,2.249213517542863,-1.8985217188530046,-3.3306690738754578e-15
WT_04__TO__SCA3_04,True,active,0.7,0.18703202956800066,2.201873507490292,-1.6186254320117415,0.0
WT_04__TO__SCA3_04,True,active,0.7333333333333333,0.18691431668790068,2.284892765960145,-1.7567414953487068,0.0
WT_04__TO__SCA3_04,True,active,0.7666666666666666,0.18195949304304715,2.056904082541102,-1.7383937773359095,0.0
WT_04__TO__SCA3_04,True,active,0.8,0.1843159030655437,2.0037802703444108,-1.6242784280632783,0.0
WT_04__TO__SCA3_04,True,active,0.8333333333333334,0.609604704285871,2.2830957473540416,-1.7200460593231046,0.0
WT_04__TO__SCA3_04,True,active,0.8666666666666667,0.19403524031950292,2.351128189674236,-1.5839779236038178,0.0
WT_04__TO__SCA3_04,True,active,0.9,,1.7856367199272651,-1.2527708552682166,
WT_04__TO__SCA3_04,True,active,0.9333333333333332,,1.7793373594097937,-1.3097937245475535,
WT_04__TO__SCA3_04,True,active,0.9666666666666668,,1.7842897973767562,-1.6186254320117386,
WT_04__TO__SCA3_04,True,active,1.0,,3.5285784750699873,0.0,
WT_04__TO__SCA3_04,True,isi,0.0,,1.027582184572969,-3.2720248280743176,
WT_04__TO__SCA3_04,True,isi,0.0333333333333333,,1.5063428564418206,-3.4395597103137936,
WT_04__TO__SCA3_04,True,isi,0.0666666666666666,,1.5904864968918042,-2.920085013433243,
WT_04__TO__SCA3_04,True,isi,0.1,,1.5682780999962695,-2.442276396016548,
WT_04__TO__SCA3_04,True,isi,0.1333333333333333,,1.5374364570868497,-2.164002208899075,
WT_04__TO__SCA3_04,True,isi,0.1666666666666666,,1.4717733534188222,-1.972447344857456,
WT_04__TO__SCA3_04,True,isi,0.2,,1.5073312940269705,-1.8490392118579106,
WT_04__TO__SCA3_04,True,isi,0.2333333333333333,,1.5318317245377693,-1.7578598210260057,
WT_04__TO__SCA3_04,True,isi,0.2666666666666666,,1.4477837740909196,-1.688569910283802,
WT_04__TO__SCA3_04,True,isi,0.3,,1.5465804851451272,-1.5376465150744745,
WT_04__TO__SCA3_04,True,isi,0.3333333333333333,,1.5333147548781514,-1.4654051680387117,
WT_04__TO__SCA3_04,True,isi,0.3666666666666666,,1.6087929359857445,-1.4710961403525855,
WT_04__TO__SCA3_04,True,isi,0.4,,1.7034680021667736,-1.4600190663936046,
WT_04__TO__SCA3_04,True,isi,0.4333333333333333,,1.720521492717722,-1.262962688099682,
WT_04__TO__SCA3_04,True,isi,0.4666666666666667,,1.5659065399390675,-1.3343502657041302,
WT_04__TO__SCA3_04,True,isi,0.5,0.6168136122870717,1.2794709526623773,-1.2648295709844515,0.0010652645655975235
WT_04__TO__SCA3_04,True,isi,0.5333333333333333,-0.16069448600992275,1.9099663324828877,-1.238904967525436,-0.019500955304856182
WT_04__TO__SCA3_04,True,isi,0.5666666666666667,0.6773075283680032,1.3127563487455864,-1.1450992694539923,0.006327358076966048
WT_04__TO__SCA3_04,True,isi,0.6,0.7976389799429497,1.3173551131264003,-1.0469790345276966,0.006343947589458887
WT_04__TO__SCA3_04,True,isi,0.6333333333333333,0.5991713368417702,1.821260067453284,-1.1880656737144313,-0.0008327481765598721
WT_04__TO__SCA3_04,True,isi,0.6666666666666666,0.14956007593849702,1.5138385489645394,-1.109561199534145,-0.012414697806876984
WT_04__TO__SCA3_04,True,isi,0.7,0.8470623272237561,1.2607663970847571,-1.0363494587232658,-0.01619679383983541
WT_04__TO__SCA3_04,True,isi,0.7333333333333333,0.3359777942494934,1.3019456671909824,-0.9682500415395161,-0.004038317642991729
WT_04__TO__SCA3_04,True,isi,0.7666666666666666,0.4446484401914905,1.2709220109131125,-0.914589020514834,-0.0005821037189401579
WT_04__TO__SCA3_04,True,isi,0.8,0.34877666571183197,1.471797660049222,-0.9817590070933099,-0.0015035617414254077
WT_04__TO__SCA3_04,True,isi,0.8333333333333334,0.6375835753895193,1.5389044036998218,-0.9688636287564001,-0.015890214253921436
WT_04__TO__SCA3_04,True,isi,0.8666666666666667,0.7193038722757162,1.3634634437802986,-0.9324681451067102,0.00013196193870801412
WT_04__TO__SCA3_04,True,isi,0.9,,1.5994936263927184,-0.8421853419033172,
WT_04__TO__SCA3_04,True,isi,0.9333333333333332,,1.5731329285101348,-1.0551959256753358,
WT_04__TO__SCA3_04,True,isi,0.9666666666666668,,1.5207530449587516,-0.9554966045608251,
WT_04__TO__SCA3_04,True,isi,1.0,,1.4479170221637319,-1.6364838091429372,
WT_04__TO__SCA3_05,False,active,0.0,,1.3772990145745467,-2.8111203862358316,
WT_04__TO__SCA3_05,False,active,0.0333333333333333,,1.1458011105161283,-3.154911296986463,
WT_04__TO__SCA3_05,False,active,0.0666666666666666,,1.4572785893765063,-2.7885857187443515,
WT_04__TO__SCA3_05,False,active,0.1,,1.4391767241200388,-2.606241680512796,
WT_04__TO__SCA3_05,False,active,0.1333333333333333,,1.561216500009895,-2.486742201372731,
WT_04__TO__SCA3_05,False,active,0.1666666666666666,,1.5706166471359921,-2.3752807103605527,
WT_04__TO__SCA3_05,False,active,0.2,,1.6335283109714014,-2.2334054390978433,
WT_04__TO__SCA3_05,False,active,0.2333333333333333,,1.6580016091453855,-2.29572950340739,
WT_04__TO__SCA3_05,False,active,0.2666666666666666,,1.649462399222902,-2.019272116188085,
WT_04__TO__SCA3_05,False,active,0.3,,1.6689649468879715,-2.10740680796777,
WT_04__TO__SCA3_05,False,active,0.3333333333333333,,1.6524713943945724,-2.098343372110447,
WT_04__TO__SCA3_05,False,active,0.3666666666666666,,1.6815769171627224,-1.9943217032900804,
WT_04__TO__SCA3_05,False,active,0.4,,1.7821570150020538,-1.565871307243646,
WT_04__TO__SCA3_05,False,active,0.4333333333333333,,1.7868581528491503,-1.59181092081908,
WT_04__TO__SCA3_05,False,active,0.4666666666666667,,1.8404154053263575,-1.6463599169573528,
WT_04__TO__SCA3_05,False,active,0.5,0.06876962614033962,1.8494867811466773,-1.7047851664431342,-0.0018862215381840897
WT_04__TO__SCA3_05,False,active,0.5333333333333333,0.215505887501553,1.7782272047383538,-1.3811614864179897,-0.0128298907498038
WT_04__TO__SCA3_05,False,active,0.5666666666666667,0.21138932267912552,1.9260879367334887,-1.5574118224421045,-0.0009018296204237903
WT_04__TO__SCA3_05,False,active,0.6,0.1969134990565167,1.801162216107696,-1.7756835143726897,-0.0008923947291088481
WT_04__TO__SCA3_05,False,active,0.6333333333333333,0.18423885682769547,1.8430658880208488,-1.8350461666190139,-6.661338147750939e-15
WT_04__TO__SCA3_05,False,active,0.6666666666666666,0.21513502479517332,1.9113794177311774,-1.6186254320117464,0.004174080078585089
WT_04__TO__SCA3_05,False,active,0.7,0.20245271413670246,2.1258707178439966,-1.4968154485257386,-0.005889450080821212
WT_04__TO__SCA3_05,False,active,0.7333333333333333,0.16149985847950804,1.899770546036339,-1.5651526616556417,0.0
WT_04__TO__SCA3_05,False,active,0.7666666666666666,0.16824843780533794,2.1281351295544697,-1.2792888671248437,-0.006965219247391191
WT_04__TO__SCA3_05,False,active,0.8,0.3294817188842709,1.9142644746378281,-1.4351504432531763,0.0
WT_04__TO__SCA3_05,False,active,0.8333333333333334,0.16739930591366628,1.9028214506581231,-1.4479097878845242,-0.01049427719520968
WT_04__TO__SCA3_05,False,active,0.8666666666666667,0.18693458105732086,1.946878033834947,-1.9387631315790042,0.0
WT_04__TO__SCA3_05,False,active,0.9,,1.9294903411795201,-1.9449879730934856,
WT_04__TO__SCA3_05,False,active,0.9333333333333332,,1.6558270108246593,-1.071381231078624,
WT_04__TO__SCA3_05,False,active,0.9666666666666668,,1.4476845457326255,-0.9542965623364525,
WT_04__TO__SCA3_05,False,active,1.0,,1.4718720939414467,-0.8457548920457372,
WT_04__TO__SCA3_05,False,isi,0.0,,1.0182323977746464,-2.3853923467313947,
WT_04__TO__SCA3_05,False,isi,0.0333333333333333,,0.9538882258339587,-2.4397216164867817,
WT_04__TO__SCA3_05,False,isi,0.0666666666666666,,1.2694674235287329,-2.2404342352069095,
WT_04__TO__SCA3_05,False,isi,0.1,,1.2406864423528607,-2.0341462896956752,
WT_04__TO__SCA3_05,False,isi,0.1333333333333333,,1.2878521877343467,-2.0101838166734556,
WT_04__TO__SCA3_05,False,isi,0.1666666666666666,,1.3523497041089694,-1.9893178975029064,
WT_04__TO__SCA3_05,False,isi,0.2,,1.367675870449024,-1.6678138778420144,
WT_04__TO__SCA3_05,False,isi,0.2333333333333333,,1.4216981407189562,-1.6040299100637052,
WT_04__TO__SCA3_05,False,isi,0.2666666666666666,,1.4287931552385744,-1.5476841422204868,
WT_04__TO__SCA3_05,False,isi,0.3,,1.4249867155871656,-1.3425314441702891,
WT_04__TO__SCA3_05,False,isi,0.3333333333333333,,1.4395545192655983,-1.2463490939688715,
WT_04__TO__SCA3_05,False,isi,0.3666666666666666,,1.0540493936434643,-1.167360436999547,
WT_04__TO__SCA3_05,False,isi,0.4,,1.1042056066639054,-1.1343145128246401,
WT_04__TO__SCA3_05,False,isi,0.4333333333333333,,1.3723535864699998,-1.0810042496857442,
WT_04__TO__SCA3_05,False,isi,0.4666666666666667,,1.0166056295297625,-0.8901096868543554,
WT_04__TO__SCA3_05,False,isi,0.5,0.5850094161523499,0.9119003770805078,-0.8295071067407369,-1.6508164650931925e-06
WT_04__TO__SCA3_05,False,isi,0.5333333333333333,0.4923911258157654,1.0405856017368282,-0.8321662038926828,0.0008696251995836651
WT_04__TO__SCA3_05,False,isi,0.5666666666666667,0.6368651344855812,0.9853887442559428,-0.8183812014685728,0.009652794717181485
WT_04__TO__SCA3_05,False,isi,0.6,0.6221506173031923,1.1447372828324034,-0.7275636687912526,8.472149201299571e-05
WT_04__TO__SCA3_05,False,isi,0.6333333333333333,0.6601612535562814,1.0531281747070602,-0.6897335927460653,0.0003303396037236363
WT_04__TO__SCA3_05,False,isi,0.6666666666666666,0.5957618938395532,0.835088730596038,-0.6147419880025221,-0.00041259318461001174
WT_04__TO__SCA3_05,False,isi,0.7,0.6828138901634989,0.9087726335335412,-0.6873931016546075,-0.0007045749691909635
WT_04__TO__SCA3_05,False,isi,0.7333333333333333,0.40956218760301,0.9104230904229017,-0.7147627508992188,-0.002052978769017394
WT_04__TO__SCA3_05,False,isi,0.7666666666666666,0.3924983141463707,1.1859953021488006,-0.6930090638992129,0.0016231391624120205
WT_04__TO__SCA3_05,False,isi,0.8,0.3948509124072831,1.1547384908423193,-0.6384202805059789,-0.0007184930962731716
WT_04__TO__SCA3_05,False,isi,0.8333333333333334,0.4309074360186038,1.013790401020629,-0.6358519583434511,-0.0008000250999369307
WT_04__TO__SCA3_05,False,isi,0.8666666666666667,0.4185179598787154,1.3257966961956118,-0.6243464072295434,-0.001046022549874297
WT_04__TO__SCA3_05,False,isi,0.9,,1.0319291269786457,-0.6323353405189867,
WT_04__TO__SCA3_05,False,isi,0.9333333333333332,,0.7458473908614731,-0.5370874859532669,
WT_04__TO__SCA3_05,False,isi,0.9666666666666668,,0.8164310780393527,-0.4880344323728579,
WT_04__TO__SCA3_05,False,isi,1.0,,0.6884106666305188,-0.5261014504617402,
WT_04__TO__SCA3_06,True,active,0.0,,2.0571681265377126,-4.656435077861959,
WT_04__TO__SCA3_06,True,active,0.0333333333333333,,2.1195590078152744,-4.219270862082881,
WT_04__TO__SCA3_06,True,active,0.0666666666666666,,1.8607246359551468,-3.476787554671817,
WT_04__TO__SCA3_06,True,active,0.1,,2.0181889444261625,-3.218386849220447,
WT_04__TO__SCA3_06,True,active,0.1333333333333333,,2.1734188182521117,-2.807585355315719,
WT_04__TO__SCA3_06,True,active,0.1666666666666666,,2.1730831867795697,-2.668175947417444,
WT_04__TO__SCA3_06,True,active,0.2,,2.1726626501438946,-2.8143734180006135,
WT_04__TO__SCA3_06,True,active,0.2333333333333333,,2.220042802327109,-2.6806069140056015,
WT_04__TO__SCA3_06,True,active,0.2666666666666666,,2.246720689070798,-2.5055417105364333,
WT_04__TO__SCA3_06,True,active,0.3,,2.2303825644843296,-2.211574723424911,
WT_04__TO__SCA3_06,True,active,0.3333333333333333,,2.22988153890713,-2.179618941371576,
WT_04__TO__SCA3_06,True,active,0.3666666666666666,,2.2237099537742764,-2.2115747234249103,
WT_04__TO__SCA3_06,True,active,0.4,,2.2680025295516093,-2.0245999667134846,
WT_04__TO__SCA3_06,True,active,0.4333333333333333,,2.329323858654341,-2.0146883668419564,
WT_04__TO__SCA3_06,True,active,0.4666666666666667,,2.328507348142706,-1.8627247915370024,
WT_04__TO__SCA3_06,True,active,0.5,0.5209157863877002,2.3726093597985964,-1.667793400833452,0.005576154520052831
WT_04__TO__SCA3_06,True,active,0.5333333333333333,0.718045603195668,2.4151516736167564,-1.6935162583691699,-0.002513706358967971
WT_04__TO__SCA3_06,True,active,0.5666666666666667,0.732690181900973,2.421609540201806,-1.4928932409012494,-0.010774153924006487
WT_04__TO__SCA3_06,True,active,0.6,0.9406727696309924,2.4018290903083925,-1.5164507410701222,0.0018785363471431904
WT_04__TO__SCA3_06,True,active,0.6333333333333333,0.7604504814534475,2.4419236276733396,-1.6750626063063905,-0.002319143496288365
WT_04__TO__SCA3_06,True,active,0.6666666666666666,0.9804751791733158,2.5946220605095536,-1.5918109208190858,-0.003680771409826364
WT_04__TO__SCA3_06,True,active,0.7,1.2511535682429147,2.564298847195549,-1.4229008044107359,0.005067268724869906
WT_04__TO__SCA3_06,True,active,0.7333333333333333,1.0586018330398994,2.7579491202625226,-1.5285107968034448,-0.0047479261999097055
WT_04__TO__SCA3_06,True,active,0.7666666666666666,1.3370879248607337,2.900075901822896,-1.5574118224421047,-0.019871443859794
WT_04__TO__SCA3_06,True,active,0.8,1.40906724649408,2.9129700934418903,-1.6510751109051938,-0.006646884108373992
WT_04__TO__SCA3_06,True,active,0.8333333333333334,1.780161911634286,3.2855744855047595,-1.756741495348705,0.017340611292826935
WT_04__TO__SCA3_06,True,active,0.8666666666666667,1.8820078782874756,3.4962965777198165,-1.9206690767910346,-0.010478408914960761
WT_04__TO__SCA3_06,True,active,0.9,,3.7540266887644806,-2.0652430503155212,
WT_04__TO__SCA3_06,True,active,0.9333333333333332,,4.473421749948799,-1.88547716863184,
WT_04__TO__SCA3_06,True,active,0.9666666666666668,,4.853514763948383,-2.054929779567955,
WT_04__TO__SCA3_06,True,active,1.0,,5.310818170218165,-2.8958195757690257,
WT_04__TO__SCA3_06,True,isi,0.0,,1.7529514439920773,-3.659688682351762,
WT_04__TO__SCA3_06,True,isi,0.0333333333333333,,1.723640074617773,-3.362297096626462,
WT_04__TO__SCA3_06,True,isi,0.0666666666666666,,1.7401089172871917,-2.8499541858278215,
WT_04__TO__SCA3_06,True,isi,0.1,,1.757217782479898,-2.5872805134636754,
WT_04__TO__SCA3_06,True,isi,0.1333333333333333,,1.7478966179085047,-2.267213685188793,
WT_04__TO__SCA3_06,True,isi,0.1666666666666666,,1.7757980137356213,-2.0431195457755114,
WT_04__TO__SCA3_06,True,isi,0.2,,1.806528168098228,-2.123554036770878,
WT_04__TO__SCA3_06,True,isi,0.2333333333333333,,1.8652121084823512,-2.021954518238166,
WT_04__TO__SCA3_06,True,isi,0.2666666666666666,,1.8945579050870778,-1.9379055617466197,
WT_04__TO__SCA3_06,True,isi,0.3,,1.9220275882522833,-1.8760633903185153,
WT_04__TO__SCA3_06,True,isi,0.3333333333333333,,1.946127682502369,-1.8021439582633576,
WT_04__TO__SCA3_06,True,isi,0.3666666666666666,,2.0047330265582555,-1.6949663398900365,
WT_04__TO__SCA3_06,True,isi,0.4,,1.9612217087785113,-1.63366535136194,
WT_04__TO__SCA3_06,True,isi,0.4333333333333333,,2.018015570402091,-1.5252361078464314,
WT_04__TO__SCA3_06,True,isi,0.4666666666666667,,2.0732680712446685,-1.4867147145383102,
WT_04__TO__SCA3_06,True,isi,0.5,0.6258232424695099,2.0506017584293343,-1.4670854579712829,-0.012892121231932393
WT_04__TO__SCA3_06,True,isi,0.5333333333333333,0.6404702439946072,2.0093587716432166,-1.3740145891884763,0.00043359543998156
WT_04__TO__SCA3_06,True,isi,0.5666666666666667,0.747150375252016,2.089421232171659,-1.3991626072347123,0.000532834195651874
WT_04__TO__SCA3_06,True,isi,0.6,0.73136076125093,2.16317116185458,-1.3330155813934152,-0.003705041812291475
WT_04__TO__SCA3_06,True,isi,0.6333333333333333,0.9384771187128378,2.1083776320446628,-1.1688910329131028,-0.0007393227040788371
WT_04__TO__SCA3_06,True,isi,0.6666666666666666,0.9332547418500402,2.1472832477367416,-1.2231181127852342,0.0005508893685416422
WT_04__TO__SCA3_06,True,isi,0.7,0.9326001228437601,2.233810067820281,-1.1882092016909864,-0.01481040734922145
WT_04__TO__SCA3_06,True,isi,0.7333333333333333,1.1242719933885352,2.345119196832583,-1.1982942446391889,-0.015968048440516684
WT_04__TO__SCA3_06,True,isi,0.7666666666666666,1.1476302726557186,2.457943095462299,-1.1661022457854366,0.00021812304888491223
WT_04__TO__SCA3_06,True,isi,0.8,1.2688969910432013,2.606136798311127,-1.31050464352721,-0.003740433434881951
WT_04__TO__SCA3_06,True,isi,0.8333333333333334,1.3119828896894141,2.7989918846155093,-1.348083560524438,-0.004926868059964673
WT_04__TO__SCA3_06,True,isi,0.8666666666666667,1.471789536226899,2.9137946034221236,-1.415868592527607,-0.006919987343981803
WT_04__TO__SCA3_06,True,isi,0.9,,3.2667339847418493,-1.5116615981264871,
WT_04__TO__SCA3_06,True,isi,0.9333333333333332,,3.489982678390388,-1.635174101539853,
WT_04__TO__SCA3_06,True,isi,0.9666666666666668,,3.9283688646758255,-1.8688531232140206,
WT_04__TO__SCA3_06,True,isi,1.0,,3.897465984227716,-2.0913538604336317,
WT_04__TO__SCA3_09,True,active,0.0,,0.4977995924846999,-2.811120386235831,
WT_04__TO__SCA3_09,True,active,0.0333333333333333,,0.49872928577112163,-3.1438855637047634,
WT_04__TO__SCA3_09,True,active,0.0666666666666666,,0.7218192011849612,-3.0665352198962617,
WT_04__TO__SCA3_09,True,active,0.1,,0.7212269790752203,-3.066535219896265,
WT_04__TO__SCA3_09,True,active,0.1333333333333333,,0.9304902462199124,-3.0435257510947977,
WT_04__TO__SCA3_09,True,active,0.1666666666666666,,1.186276430237751,-2.9721487832667197,
WT_04__TO__SCA3_09,True,active,0.2,,1.0010164218938367,-3.091476141338087,
WT_04__TO__SCA3_09,True,active,0.2333333333333333,,1.2342081628419768,-3.3254801453777585,
WT_04__TO__SCA3_09,True,active,0.2666666666666666,,1.1699920458450526,-3.1384857863635487,
WT_04__TO__SCA3_09,True,active,0.3,,1.0584416046913059,-2.6688812230722156,
WT_04__TO__SCA3_09,True,active,0.3333333333333333,,1.2618490481632045,-2.3627178803263433,
WT_04__TO__SCA3_09,True,active,0.3666666666666666,,1.239255342521632,-2.2788591615930978,
WT_04__TO__SCA3_09,True,active,0.4,,1.303246849400062,-2.065718174010554,
WT_04__TO__SCA3_09,True,active,0.4333333333333333,,1.2215147672061388,-2.2963748395255545,
WT_04__TO__SCA3_09,True,active,0.4666666666666667,,1.2978755868549163,-1.1957479859888722,
WT_04__TO__SCA3_09,True,active,0.5,-0.9910238719594044,1.3546730952443622,-1.1957479859888722,-0.0012852403681348188
WT_04__TO__SCA3_09,True,active,0.5333333333333333,-1.8292409737716548,1.4540930095484075,-2.118405331801921,-0.026002718498093946
WT_04__TO__SCA3_09,True,active,0.5666666666666667,-1.0206855188149115,0.09522294655045947,-2.4495643108324425,1.1832913578315177e-30
WT_04__TO__SCA3_09,True,active,0.6,-0.08567053147749942,0.3800174101773394,-1.0856813742485727,0.0
WT_04__TO__SCA3_09,True,active,0.6333333333333333,-1.0773031822668868,0.9132084137844787,-1.0999815174185146,8.095328936875751e-18
WT_04__TO__SCA3_09,True,active,0.6666666666666666,-0.615072188617046,0.8458586437955327,-1.0680114054610605,-0.006363148614786246
WT_04__TO__SCA3_09,True,active,0.7,-0.5250482155532055,0.7030840195763445,-0.9777923095244555,-8.3266726846886425e-16
WT_04__TO__SCA3_09,True,active,0.7333333333333333,-0.886431486628737,0.8598254849362562,-1.195747985988874,-0.12345461397701105
WT_04__TO__SCA3_09,True,active,0.7666666666666666,-0.5419263857219965,0.6798243187649662,-1.0184238143834266,0.0
WT_04__TO__SCA3_09,True,active,0.8,-0.289855820049656,0.07946805904076489,-0.9938618192368952,0.006635368140742729
WT_04__TO__SCA3_09,True,active,0.8333333333333334,-0.753996267999553,0.6588603631554902,-1.0184238143834126,0.0016824721649459922
WT_04__TO__SCA3_09,True,active,0.8666666666666667,-0.3714141958707523,0.5298096660662029,-0.9820199980593971,1.5888283468123043e-17
WT_04__TO__SCA3_09,True,active,0.9,,0.4922811305528498,-0.9704571596606583,
WT_04__TO__SCA3_09,True,active,0.9333333333333332,,0.5347909592907952,-1.0713812310786244,
WT_04__TO__SCA3_09,True,active,0.9666666666666668,,0.07352131359072772,-0.9165017207936067,
WT_04__TO__SCA3_09,True,active,1.0,,0.0838027089327576,-0.931779579650265,
WT_04__TO__SCA3_09,True,isi,0.0,,0.45915881073289794,-2.1657924048423007,
WT_04__TO__SCA3_09,True,isi,0.0333333333333333,,0.4803932804238136,-2.479664795656222,
WT_04__TO__SCA3_09,True,isi,0.0666666666666666,,0.5985439837848469,-2.4523925704034646,
WT_04__TO__SCA3_09,True,isi,0.1,,0.5080608719590426,-2.0687580748768526,
WT_04__TO__SCA3_09,True,isi,0.1333333333333333,,0.5672879653410893,-1.6676562463315858,
WT_04__TO__SCA3_09,True,isi,0.1666666666666666,,0.38334613881789026,-1.4872784103727457,
WT_04__TO__SCA3_09,True,isi,0.2,,0.6980175830604017,-1.3839827592806269,
WT_04__TO__SCA3_09,True,isi,0.2333333333333333,,0.6592859523147707,-1.3175315925379907,
WT_04__TO__SCA3_09,True,isi,0.2666666666666666,,0.7205980652847014,-1.2607210907995774,
WT_04__TO__SCA3_09,True,isi,0.3,,0.880109286726393,-1.2448591891159986,
WT_04__TO__SCA3_09,True,isi,0.3333333333333333,,0.7992752889387885,-1.1553037844051495,
WT_04__TO__SCA3_09,True,isi,0.3666666666666666,,0.9616953106101508,-1.1008796964441736,
WT_04__TO__SCA3_09,True,isi,0.4,,0.9853132544334811,-1.0450477077342752,
WT_04__TO__SCA3_09,True,isi,0.4333333333333333,,1.2210127901963477,-0.9857987873570748,
WT_04__TO__SCA3_09,True,isi,0.4666666666666667,,1.3058126046401493,-1.1428320277887507,
WT_04__TO__SCA3_09,True,isi,0.5,-0.8311432483082988,1.289283669035343,-0.98854587948099,-0.0006488569489236373
WT_04__TO__SCA3_09,True,isi,0.5333333333333333,0.42718017069617253,1.0591580648114516,-0.845854061508022,0.028200300617420515
WT_04__TO__SCA3_09,True,isi,0.5666666666666667,-0.6555003716515441,1.2547894010194474,-0.8396779753218504,0.00017747660818068223
WT_04__TO__SCA3_09,True,isi,0.6,-0.7384674148008736,1.1925788064164546,-0.8603926863404168,0.0009620883820847248
WT_04__TO__SCA3_09,True,isi,0.6333333333333333,-0.6311536563449467,1.141196164553334,-0.8385151683836936,0.005238115236380181
WT_04__TO__SCA3_09,True,isi,0.6666666666666666,-0.6065902464565609,1.023088349686172,-0.8613064235818554,0.007184198335310199
WT_04__TO__SCA3_09,True,isi,0.7,-0.17381157563998362,0.9621602298079648,-0.8301736853147076,0.0004111608731929284
WT_04__TO__SCA3_09,True,isi,0.7333333333333333,-0.57463535672883,0.9930006762780265,-0.8102582036665558,-0.01410521282112892
WT_04__TO__SCA3_09,True,isi,0.7666666666666666,-0.35841752811212163,0.8658308589554428,-0.8384397098644321,0.0007137898812829002
WT_04__TO__SCA3_09,True,isi,0.8,-0.3262785538870797,0.6231617970527306,-0.8808770825134407,-0.0014471899820990286
WT_04__TO__SCA3_09,True,isi,0.8333333333333334,-0.2267420215803143,0.5181859613971758,-0.8765076687054926,0.00020176167908314557
WT_04__TO__SCA3_09,True,isi,0.8666666666666667,-0.15824120663983507,0.5423477418635698,-0.7686233842302426,-0.0019551232381739836
WT_04__TO__SCA3_09,True,isi,0.9,,0.3703056409268889,-0.728205358629518,
WT_04__TO__SCA3_09,True,isi,0.9333333333333332,,0.4425282155754414,-0.725289668322412,
WT_04__TO__SCA3_09,True,isi,0.9666666666666668,,0.24824090155702286,-0.7836176381965527,
WT_04__TO__SCA3_09,True,isi,1.0,,0.2595012957346378,-0.6798840079801428,
WT_06__TO__SCA3_01,False,active,0.0,,2.1114787309744445,-2.239825065395482,
WT_06__TO__SCA3_01,False,active,0.0333333333333333,,2.2774969750596603,-2.2405610928008626,
WT_06__TO__SCA3_01,False,active,0.0666666666666666,,2.2597589748994804,-2.160112291359455,
WT_06__TO__SCA3_01,False,active,0.1,,2.258405595274913,-1.927092275144079,
WT_06__TO__SCA3_01,False,active,0.1333333333333333,,2.2484595575431787,-1.835046166619015,
WT_06__TO__SCA3_01,False,active,0.1666666666666666,,2.273626188623447,-1.6014581185660233,
WT_06__TO__SCA3_01,False,active,0.2,,2.287611292304361,-1.495215971004998,
WT_06__TO__SCA3_01,False,active,0.2333333333333333,,2.3305524394716866,-1.4871178961530065,
WT_06__TO__SCA3_01,False,active,0.2666666666666666,,2.346259231267264,-1.3944372199277988,
WT_06__TO__SCA3_01,False,active,0.3,,2.3922895790548164,-1.3097937245475615,
WT_06__TO__SCA3_01,False,active,0.3333333333333333,,2.3007605231691906,-1.2616590601833482,
WT_06__TO__SCA3_01,False,active,0.3666666666666666,,2.346592640087294,-1.2108081876343715,
WT_06__TO__SCA3_01,False,active,0.4,,2.404309726910003,-1.0713812310786242,
WT_06__TO__SCA3_01,False,active,0.4333333333333333,,2.4667020960923853,-1.06791048156501,
WT_06__TO__SCA3_01,False,active,0.4666666666666667,,2.3799996343963117,-1.0753755437433241,
WT_06__TO__SCA3_01,False,active,0.5,1.4744122348276054,2.4472952034997157,-0.9870603181694989,-0.0024258090114570585
WT_06__TO__SCA3_01,False,active,0.5333333333333333,1.5187852447088404,2.5094763821905475,-1.0059928477952595,-0.002702671251436417
WT_06__TO__SCA3_01,False,active,0.5666666666666667,1.7192726564112646,2.5953734150236043,-0.8756102864216193,0.004309202262615552
WT_06__TO__SCA3_01,False,active,0.6,1.7650550960287656,2.6694885847069014,-0.9104277173240493,0.006408222371256267
WT_06__TO__SCA3_01,False,active,0.6333333333333333,1.8241892000097695,2.585373907559075,-0.9614011905512886,-0.0013461755044396062
WT_06__TO__SCA3_01,False,active,0.6666666666666666,1.882270576038914,2.6765877313271558,-1.0035429979579262,-0.001499692545403608
WT_06__TO__SCA3_01,False,active,0.7,1.963314508844382,2.785045909349627,-0.8459551971527106,-0.0027531669181874996
WT_06__TO__SCA3_01,False,active,0.7333333333333333,2.033582805119024,2.9177590910863005,-0.886916278524685,-0.011347586970619772
WT_06__TO__SCA3_01,False,active,0.7666666666666666,1.8935460562336877,2.8296303035800863,-0.93204746071626,-0.005223882044357753
WT_06__TO__SCA3_01,False,active,0.8,1.9658593120028331,2.952603094182078,-0.9820199980593904,0.007611427846839991
WT_06__TO__SCA3_01,False,active,0.8333333333333334,2.049116088519815,3.092349696148853,-1.0376574531089744,-0.00895072071772618
WT_06__TO__SCA3_01,False,active,0.8666666666666667,2.1448505270957883,3.251478928622683,-1.0442312071812974,0.011651586851028406
WT_06__TO__SCA3_01,False,active,0.9,,3.427321477492193,-1.1957479859888722,
WT_06__TO__SCA3_01,False,active,0.9333333333333332,,3.531236484101731,-1.2792888671248446,
WT_06__TO__SCA3_01,False,active,0.9666666666666668,,4.061178297736675,-1.545721109166954,
WT_06__TO__SCA3_01,False,active,1.0,,3.892766215447478,-2.1999630348370207,
WT_06__TO__SCA3_01,False,isi,0.0,,2.1309964419365643,-1.7526955476918247,
WT_06__TO__SCA3_01,False,isi,0.0333333333333333,,2.0878193869399997,-1.7515027934344114,
WT_06__TO__SCA3_01,False,isi,0.0666666666666666,,2.0773308860361404,-1.6294342696796567,
WT_06__TO__SCA3_01,False,isi,0.1,,2.073451001510676,-1.5217655989219558,
WT_06__TO__SCA3_01,False,isi,0.1333333333333333,,2.0678834309752263,-1.4244623788675148,
WT_06__TO__SCA3_01,False,isi,0.1666666666666666,,2.086418822632022,-1.3369876757346484,
WT_06__TO__SCA3_01,False,isi,0.2,,2.084804558839457,-1.2567497743008,
WT_06__TO__SCA3_01,False,isi,0.2333333333333333,,2.108488129351471,-1.1826051644095648,
WT_06__TO__SCA3_01,False,isi,0.2666666666666666,,2.1036666557950743,-1.115005804239464,
WT_06__TO__SCA3_01,False,isi,0.3,,2.131852281433499,-1.0525930646297101,
WT_06__TO__SCA3_01,False,isi,0.3333333333333333,,2.148973633236245,-0.9944513428571166,
WT_06__TO__SCA3_01,False,isi,0.3666666666666666,,2.1535832443369114,-0.9410808229558124,
WT_06__TO__SCA3_01,False,isi,0.4,,2.1899055779330108,-0.8916612281125893,
WT_06__TO__SCA3_01,False,isi,0.4333333333333333,,2.2121663287714535,-0.84565776005139,
WT_06__TO__SCA3_01,False,isi,0.4666666666666667,,2.236078273259352,-0.8209386885857611,
WT_06__TO__SCA3_01,False,isi,0.5,1.5465725251023603,2.264649026288984,-0.8048067779957448,-0.00011051546012375013
WT_06__TO__SCA3_01,False,isi,0.5333333333333333,1.580804144821697,2.2831540617822714,-0.786517542729869,-0.00017638930381014273
WT_06__TO__SCA3_01,False,isi,0.5666666666666667,1.6368143457347237,2.3205358384341994,-0.7601542340650701,-0.0002919239643300875
WT_06__TO__SCA3_01,False,isi,0.6,1.6757625928362034,2.3491230962601333,-0.7367302513646145,-0.00124830503281248
WT_06__TO__SCA3_01,False,isi,0.6333333333333333,1.7319128503537669,2.3995585130512027,-0.7162683806631793,-0.0014285129987340328
WT_06__TO__SCA3_01,False,isi,0.6666666666666666,1.7869476499298862,2.4578926376317396,-0.69881882634876,-0.0011984953005028665
WT_06__TO__SCA3_01,False,isi,0.7,1.827330398757663,2.515187343696011,-0.6846407427841767,-0.002032939076854867
WT_06__TO__SCA3_01,False,isi,0.7333333333333333,1.8710795913023346,2.5488058915956016,-0.6803412065522613,-0.002344032646088401
WT_06__TO__SCA3_01,False,isi,0.7666666666666666,1.923490241227032,2.5952764609357737,-0.6960601740123227,-0.0030114456707224235
WT_06__TO__SCA3_01,False,isi,0.8,1.9770840258601923,2.648159828818169,-0.7228579215943816,-0.004468378755413838
WT_06__TO__SCA3_01,False,isi,0.8333333333333334,2.045734650446583,2.7233322728536553,-0.765528040068881,-0.006211703133754187
WT_06__TO__SCA3_01,False,isi,0.8666666666666667,2.0711495859502302,2.8314773021358968,-0.837909760283019,-0.009910373415648155
WT_06__TO__SCA3_01,False,isi,0.9,,2.966607269118971,-0.9310731446124478,
WT_06__TO__SCA3_01,False,isi,0.9333333333333332,,3.03941417350638,-1.0975999609978269,
WT_06__TO__SCA3_01,False,isi,0.9666666666666668,,3.413903027255753,-1.3326343607485105,
WT_06__TO__SCA3_01,False,isi,1.0,,3.561902877187889,-1.7321609878851323,
WT_06__TO__SCA3_02,False,active,0.0,,1.2948148659569698,-2.239825065395482,
WT_06__TO__SCA3_02,False,active,0.0333333333333333,,1.213990587286392,-2.5265456735074516,
WT_06__TO__SCA3_02,False,active,0.0666666666666666,,1.2135662488887555,-2.5727153220523338,
WT_06__TO__SCA3_02,False,active,0.1,,1.19139125810359,-2.4827898466427905,
WT_06__TO__SCA3_02,False,active,0.1333333333333333,,1.2460180783777899,-2.1087980412262506,
WT_06__TO__SCA3_02,False,active,0.1666666666666666,,1.3180581880789943,-1.9238068120153513,
WT_06__TO__SCA3_02,False,active,0.2,,1.2834242300122742,-1.7490547881606904,
WT_06__TO__SCA3_02,False,active,0.2333333333333333,,1.1987840105205705,-1.5722765427947751,
WT_06__TO__SCA3_02,False,active,0.2666666666666666,,1.8397401761832577,-1.479107151171788,
WT_06__TO__SCA3_02,False,active,0.3,,1.988694402905946,-1.4180024145438213,
WT_06__TO__SCA3_02,False,active,0.3333333333333333,,1.8966126790955649,-1.392829823864663,
WT_06__TO__SCA3_02,False,active,0.3666666666666666,,1.8052809682275308,-1.195747985988874,
WT_06__TO__SCA3_02,False,active,0.4,,1.985195879002426,-1.2169390967818523,
WT_06__TO__SCA3_02,False,active,0.4333333333333333,,1.6451581811202196,-1.2314890532772456,
WT_06__TO__SCA3_02,False,active,0.4666666666666667,,1.928735044402077,-1.1148623338440111,
WT_06__TO__SCA3_02,False,active,0.5,0.22524513545795247,1.2903231203314607,-1.0184238143834208,-0.004169122892545123
WT_06__TO__SCA3_02,False,active,0.5333333333333333,0.23358932132654953,1.2712467744355198,-1.0376574531089686,8.881784197001152e-16
WT_06__TO__SCA3_02,False,active,0.5666666666666667,0.22168298464289346,1.2813700574991391,-1.0495505154056988,6.661338147750906e-16
WT_06__TO__SCA3_02,False,active,0.6,0.2343326584594054,1.3471932658998464,-0.9165017207936161,-0.0012852403681245022
WT_06__TO__SCA3_02,False,active,0.6333333333333333,0.379163401690379,1.3301307618189837,-0.8869162785246923,-0.0013136353548937611
WT_06__TO__SCA3_02,False,active,0.6666666666666666,0.5340004027898475,1.3803903622576774,-0.8525684953658911,-0.001466059843022394
WT_06__TO__SCA3_02,False,active,0.7,1.0000965030092444,1.3567853918638706,-0.8459551971527102,0.005432513875580847
WT_06__TO__SCA3_02,False,active,0.7333333333333333,1.123121360628564,1.3051502038765113,-0.7171591969916575,-8.326672684688832e-16
WT_06__TO__SCA3_02,False,active,0.7666666666666666,1.048480975725837,1.419924575281646,-0.6932386321827728,-0.0031348949303263217
WT_06__TO__SCA3_02,False,active,0.8,1.074344950681633,1.4664650679713829,-0.6184447008513884,0.0
WT_06__TO__SCA3_02,False,active,0.8333333333333334,0.8697915707162213,1.4761727770946618,-0.47392395119172753,-0.0023833950925857827
WT_06__TO__SCA3_02,False,active,0.8666666666666667,1.1155502731674358,1.2717020612316232,-0.49085334369447925,-0.0009934887136924253
WT_06__TO__SCA3_02,False,active,0.9,,1.2011159556921702,-0.5090371804542694,
WT_06__TO__SCA3_02,False,active,0.9333333333333332,,1.0888839501862848,-0.48224009826920033,
WT_06__TO__SCA3_02,False,active,0.9666666666666668,,1.0840930851583688,-0.43630434755620406,
WT_06__TO__SCA3_02,False,active,1.0,,1.3376459453793608,-0.5667183303658292,
WT_06__TO__SCA3_02,False,isi,0.0,,0.9968099583713126,-1.6748293654789896,
WT_06__TO__SCA3_02,False,isi,0.0333333333333333,,1.0390836505275223,-1.9875630476762804,
WT_06__TO__SCA3_02,False,isi,0.0666666666666666,,1.0826654825241926,-2.0184161600683717,
WT_06__TO__SCA3_02,False,isi,0.1,,1.1020728686060723,-1.9011520269136553,
WT_06__TO__SCA3_02,False,isi,0.1333333333333333,,1.1114428001536754,-1.672024628425862,
WT_06__TO__SCA3_02,False,isi,0.1666666666666666,,1.14433153754648,-1.4704791841617622,
WT_06__TO__SCA3_02,False,isi,0.2,,1.1527327831667533,-1.348051023057667,
WT_06__TO__SCA3_02,False,isi,0.2333333333333333,,1.1333822006438334,-1.2491066263819657,
WT_06__TO__SCA3_02,False,isi,0.2666666666666666,,1.0494618755742915,-1.0789301567402707,
WT_06__TO__SCA3_02,False,isi,0.3,,1.1065856118038524,-1.0333657916731414,
WT_06__TO__SCA3_02,False,isi,0.3333333333333333,,1.1562872891289226,-0.9160491580598661,
WT_06__TO__SCA3_02,False,isi,0.3666666666666666,,1.1522784214862947,-0.8585436034380692,
WT_06__TO__SCA3_02,False,isi,0.4,,1.1651675304999007,-0.8217446719344633,
WT_06__TO__SCA3_02,False,isi,0.4333333333333333,,1.1286338527764193,-0.7812788394070759,
WT_06__TO__SCA3_02,False,isi,0.4666666666666667,,1.1882051584977,-0.7603515560541946,
WT_06__TO__SCA3_02,False,isi,0.5,0.3608946867179716,1.1586501501846262,-0.7643146179292181,0.0004765382584944733
WT_06__TO__SCA3_02,False,isi,0.5333333333333333,0.3671114201026128,1.1751547294276887,-0.8240473603012368,-7.232813075864304e-05
WT_06__TO__SCA3_02,False,isi,0.5666666666666667,0.38754677848339414,1.1620991292747787,-0.7747911206313517,-0.0005415015795449131
WT_06__TO__SCA3_02,False,isi,0.6,0.3922414761895272,1.1593680837452998,-0.7738518564517805,-0.0010757927384025283
WT_06__TO__SCA3_02,False,isi,0.6333333333333333,0.47563109496587036,1.164513507580765,-0.7667196811120263,-0.0005599367464486085
WT_06__TO__SCA3_02,False,isi,0.6666666666666666,0.5148517401452075,1.197502013142059,-0.7191573230664898,-0.00013453886645420755
WT_06__TO__SCA3_02,False,isi,0.7,1.0686182920120362,1.25221121813764,-0.6457498353138469,-0.001478382427274606
WT_06__TO__SCA3_02,False,isi,0.7333333333333333,1.0800043382180364,1.2151162198645669,-0.5997309350661691,-0.001525795721749633
WT_06__TO__SCA3_02,False,isi,0.7666666666666666,1.0854208004691226,1.345757483094701,-0.4894822762487038,-0.0011752923779570503
WT_06__TO__SCA3_02,False,isi,0.8,1.0942037604764754,1.3360766505720802,-0.45096135081231353,-0.0007877702210293854
WT_06__TO__SCA3_02,False,isi,0.8333333333333334,0.573106035102948,1.1776255406191318,-0.4272563597421093,-1.408059407687301e-05
WT_06__TO__SCA3_02,False,isi,0.8666666666666667,1.1002110791160096,1.1980563472866623,-0.3995144447909053,-0.0009841228758205593
WT_06__TO__SCA3_02,False,isi,0.9,,1.0988817101069868,-0.38342541678038544,
WT_06__TO__SCA3_02,False,isi,0.9333333333333332,,0.9494139683909836,-0.36018413482693806,
WT_06__TO__SCA3_02,False,isi,0.9666666666666668,,0.9076489674156855,-0.3342758761776605,
WT_06__TO__SCA3_02,False,isi,1.0,,1.0493270511916173,-0.33976960881734747,
WT_06__TO__SCA3_04,False,active,0.0,,1.3614865502595754,-1.5133105566976208,
WT_06__TO__SCA3_04,False,active,0.0333333333333333,,1.3589647080507459,-1.8006470682420412,
WT_06__TO__SCA3_04,False,active,0.0666666666666666,,1.434504549902067,-1.7801129850399262,
WT_06__TO__SCA3_04,False,active,0.1,,1.4776675059198088,-1.7200460593231204,
WT_06__TO__SCA3_04,False,active,0.1333333333333333,,1.5121333424889314,-1.76751564927272,
WT_06__TO__SCA3_04,False,active,0.1666666666666666,,1.6490212202896712,-1.6945220720741188,
WT_06__TO__SCA3_04,False,active,0.2,,1.7171039529430914,-1.5288635889035884,
WT_06__TO__SCA3_04,False,active,0.2333333333333333,,1.7912100882415436,-1.5013729752817304,
WT_06__TO__SCA3_04,False,active,0.2666666666666666,,1.6724336386868033,-1.4952159710049904,
WT_06__TO__SCA3_04,False,active,0.3,,1.9738152456108724,-1.424571455496424,
WT_06__TO__SCA3_04,False,active,0.3333333333333333,,1.8271801122324391,-1.4354052961476311,
WT_06__TO__SCA3_04,False,active,0.3666666666666666,,1.9360150034473116,-1.421320947565219,
WT_06__TO__SCA3_04,False,active,0.4,,1.867675102342672,-1.2063435413853625,
WT_06__TO__SCA3_04,False,active,0.4333333333333333,,1.7014413668319124,-1.204551595537921,
WT_06__TO__SCA3_04,False,active,0.4666666666666667,,1.8878739680919352,-1.2527708552682177,
WT_06__TO__SCA3_04,False,active,0.5,0.829861678080577,1.9839727950208548,-1.1961109016490228,0.0
WT_06__TO__SCA3_04,False,active,0.5333333333333333,0.8763939262017144,1.9813793001671565,-1.1957479859888727,0.0
WT_06__TO__SCA3_04,False,active,0.5666666666666667,0.9396072542822808,1.979482557162666,-1.2660742791975148,-0.0012940143754018947
WT_06__TO__SCA3_04,False,active,0.6,0.963237067703514,2.07113029973729,-1.1762531790860458,-0.006153697314363841
WT_06__TO__SCA3_04,False,active,0.6333333333333333,1.0639978461338229,2.0682859138010046,-1.1460878661719194,-8.604228440845018e-16
WT_06__TO__SCA3_04,False,active,0.6666666666666666,1.096458865482599,2.2627158228504403,-1.1901625285991206,-0.0014316989438052392
WT_06__TO__SCA3_04,False,active,0.7,1.2479537391461268,2.3453461183477637,-1.2376858518151599,0.0
WT_06__TO__SCA3_04,False,active,0.7333333333333333,1.3434470195484916,2.5545492694832226,-1.0999815174185146,-0.0011309713321716113
WT_06__TO__SCA3_04,False,active,0.7666666666666666,1.365078798510383,2.681525425605224,-1.252770855268219,-0.0015707432490576036
WT_06__TO__SCA3_04,False,active,0.8,1.244643295419882,2.4650152525097564,-1.5735681144075973,-0.006058892398821852
WT_06__TO__SCA3_04,False,active,0.8333333333333334,1.1081415721340622,2.523984956963869,-1.4882102923439862,-0.011546553136956864
WT_06__TO__SCA3_04,False,active,0.8666666666666667,1.1715287793753173,2.8259260020656662,-1.2739456526515176,-0.026416064494522867
WT_06__TO__SCA3_04,False,active,0.9,,2.274342900770545,-1.0999815174185124,
WT_06__TO__SCA3_04,False,active,0.9333333333333332,,2.5346327649564118,-1.3097937245475602,
WT_06__TO__SCA3_04,False,active,0.9666666666666668,,2.25564150258633,-1.4479097878845262,
WT_06__TO__SCA3_04,False,active,1.0,,3.518182676778024,0.0,
WT_06__TO__SCA3_04,False,isi,0.0,,1.2748737167743565,-1.1684985095091158,
WT_06__TO__SCA3_04,False,isi,0.0333333333333333,,1.2681348799338423,-1.4072192821736658,
WT_06__TO__SCA3_04,False,isi,0.0666666666666666,,1.289032433027225,-1.3675450413840817,
WT_06__TO__SCA3_04,False,isi,0.1,,1.305106877827973,-1.4127658415208317,
WT_06__TO__SCA3_04,False,isi,0.1333333333333333,,1.307588126605137,-1.3601305576349447,
WT_06__TO__SCA3_04,False,isi,0.1666666666666666,,1.3820228396839684,-1.2500361033443403,
WT_06__TO__SCA3_04,False,isi,0.2,,1.4001778605009196,-1.1379477179543882,
WT_06__TO__SCA3_04,False,isi,0.2333333333333333,,1.3287818661250697,-1.0733168546014968,
WT_06__TO__SCA3_04,False,isi,0.2666666666666666,,1.348425943466462,-1.023413899351004,
WT_06__TO__SCA3_04,False,isi,0.3,,1.3472433481113961,-0.9865501097673368,
WT_06__TO__SCA3_04,False,isi,0.3333333333333333,,1.4027335494098867,-0.9243848735043867,
WT_06__TO__SCA3_04,False,isi,0.3666666666666666,,1.3936287290962617,-0.9238598876343895,
WT_06__TO__SCA3_04,False,isi,0.4,,1.4222754871878085,-0.9278909566133808,
WT_06__TO__SCA3_04,False,isi,0.4333333333333333,,1.5682224529102986,-0.9144520126916238,
WT_06__TO__SCA3_04,False,isi,0.4666666666666667,,1.553468597527147,-0.9090021205706365,
WT_06__TO__SCA3_04,False,isi,0.5,0.7830114794614464,1.5727344460639605,-0.8924716634487355,-0.002157139702234636
WT_06__TO__SCA3_04,False,isi,0.5333333333333333,0.7218057734723313,1.588797076537372,-0.8046519832807536,0.0005390778198509608
WT_06__TO__SCA3_04,False,isi,0.5666666666666667,0.5720008366681193,1.5806689665418756,-0.7353497197511583,-0.007716918167098355
WT_06__TO__SCA3_04,False,isi,0.6,0.9099378380663081,1.6011129837247216,-0.8317563315213878,-6.474943008094659e-05
WT_06__TO__SCA3_04,False,isi,0.6333333333333333,0.9439718853652072,1.639933120890159,-0.8976109962779568,-0.001285110342878375
WT_06__TO__SCA3_04,False,isi,0.6666666666666666,1.0054760632536135,1.532470960466029,-0.7921922240366132,0.004208144192602279
WT_06__TO__SCA3_04,False,isi,0.7,0.9986438061597479,1.53803233097552,-0.7260657815217261,-0.005938293320907626
WT_06__TO__SCA3_04,False,isi,0.7333333333333333,1.111609853530744,1.8180556700933408,-0.8506310356451493,-0.0032488628896427205
WT_06__TO__SCA3_04,False,isi,0.7666666666666666,0.9688570757906529,1.779603591985929,-0.775343870844572,-0.0021687756006064113
WT_06__TO__SCA3_04,False,isi,0.8,0.8170633490702597,1.6829330828883886,-0.87868265878436,-0.008047256248773615
WT_06__TO__SCA3_04,False,isi,0.8333333333333334,1.1722159975986113,1.6635687918846227,-0.8268702937785491,0.023042110661482075
WT_06__TO__SCA3_04,False,isi,0.8666666666666667,0.8532356277199105,1.9669571936065902,-0.8101248218879135,-0.007420467978512268
WT_06__TO__SCA3_04,False,isi,0.9,,1.7309319546655597,-0.9128353624290266,
WT_06__TO__SCA3_04,False,isi,0.9333333333333332,,1.7080991250035724,-0.8534447132403025,
WT_06__TO__SCA3_04,False,isi,0.9666666666666668,,1.8374175360313674,-0.7693579518722767,
WT_06__TO__SCA3_04,False,isi,1.0,,1.8146027757702181,-1.3623946743970674,
WT_06__TO__SCA3_05,False,active,0.0,,1.0509286883217877,-1.0180743609085379,
WT_06__TO__SCA3_05,False,active,0.0333333333333333,,1.1751687509552873,-1.1921895209333482,
WT_06__TO__SCA3_05,False,active,0.0666666666666666,,1.2136494530385407,-1.1432228592437927,
WT_06__TO__SCA3_05,False,active,0.1,,1.2123175944945601,-1.1422395231348523,
WT_06__TO__SCA3_05,False,active,0.1333333333333333,,1.287220365797409,-1.1730519731899627,
WT_06__TO__SCA3_05,False,active,0.1666666666666666,,1.3343808577503529,-1.1667248862337416,
WT_06__TO__SCA3_05,False,active,0.2,,1.398300947489215,-1.111908188640202,
WT_06__TO__SCA3_05,False,active,0.2333333333333333,,1.448772639811973,-1.0715624217225632,
WT_06__TO__SCA3_05,False,active,0.2666666666666666,,1.5089300724081092,-1.1063467020451427,
WT_06__TO__SCA3_05,False,active,0.3,,1.5394017954797563,-1.1620242080192171,
WT_06__TO__SCA3_05,False,active,0.3333333333333333,,1.6940634521782494,-1.158490987035232,
WT_06__TO__SCA3_05,False,active,0.3666666666666666,,1.9668362822300673,-1.1788860970040487,
WT_06__TO__SCA3_05,False,active,0.4,,1.979475183076958,-1.2855690861003446,
WT_06__TO__SCA3_05,False,active,0.4333333333333333,,2.066833403063316,-1.4738144753404674,
WT_06__TO__SCA3_05,False,active,0.4666666666666667,,2.046819624200519,-1.6720847820365918,
WT_06__TO__SCA3_05,False,active,0.5,0.8532261534368759,1.9840242629692464,-2.0146883668419573,-0.005377590609082387
WT_06__TO__SCA3_05,False,active,0.5333333333333333,0.8766955605757981,2.0927500290517065,-1.2388953766180162,-0.010607821928612565
WT_06__TO__SCA3_05,False,active,0.5666666666666667,1.100042940558097,1.8328420419385358,-1.1458661431052348,0.0
WT_06__TO__SCA3_05,False,active,0.6,1.0348025070637388,1.7407643008077798,-1.3528060683498206,-2.208810534618833e-29
WT_06__TO__SCA3_05,False,active,0.6333333333333333,0.9453949864240317,2.105665540738254,-1.2501735328736236,-0.002792893542003636
WT_06__TO__SCA3_05,False,active,0.6666666666666666,0.983386079108811,1.8317703745521592,-0.8331297807984207,0.004033398619708967
WT_06__TO__SCA3_05,False,active,0.7,1.0454079592253045,2.021018808043724,-0.7430151455901273,0.0
WT_06__TO__SCA3_05,False,active,0.7333333333333333,1.0463598784100512,1.818215396864694,-0.7854956512133288,-0.0008605155059824335
WT_06__TO__SCA3_05,False,active,0.7666666666666666,1.0901624637247964,2.1074008789630763,-1.375390186211816,2.5535129566378407e-15
WT_06__TO__SCA3_05,False,active,0.8,1.0163725040500458,2.0074812465665604,-1.071381231078635,-3.3068166260807885e-18
WT_06__TO__SCA3_05,False,active,0.8333333333333334,1.1273358618572251,1.9182590864827203,-0.7234529606126233,-1.67632942359465e-30
WT_06__TO__SCA3_05,False,active,0.8666666666666667,1.3619351387985958,1.7484855626555982,-0.7430151455901252,0.015970289567419017
WT_06__TO__SCA3_05,False,active,0.9,,1.7539630765063787,-0.7234529606126169,
WT_06__TO__SCA3_05,False,active,0.9333333333333332,,1.9186209715625726,-0.8331297807984208,
WT_06__TO__SCA3_05,False,active,0.9666666666666668,,1.7460475206228647,-0.8331297807984266,
WT_06__TO__SCA3_05,False,active,1.0,,1.8493639105045225,-0.8457548920457372,
WT_06__TO__SCA3_05,False,isi,0.0,,1.0878717853778417,-0.7545959282622032,
WT_06__TO__SCA3_05,False,isi,0.0333333333333333,,1.068251896442817,-0.8916634911732879,
WT_06__TO__SCA3_05,False,isi,0.0666666666666666,,1.0824719514323402,-0.8906826952236452,
WT_06__TO__SCA3_05,False,isi,0.1,,1.0875396687599348,-0.878016929276105,
WT_06__TO__SCA3_05,False,isi,0.1333333333333333,,1.1252167643297117,-0.9316099598103721,
WT_06__TO__SCA3_05,False,isi,0.1666666666666666,,1.1737473064255608,-0.8846401282747907,
WT_06__TO__SCA3_05,False,isi,0.2,,1.238000158590166,-0.9123146442726632,
WT_06__TO__SCA3_05,False,isi,0.2333333333333333,,1.291778100192278,-0.8668261229497219,
WT_06__TO__SCA3_05,False,isi,0.2666666666666666,,1.37100643056592,-0.8734436322532224,
WT_06__TO__SCA3_05,False,isi,0.3,,1.4335303721786274,-0.8823807232691266,
WT_06__TO__SCA3_05,False,isi,0.3333333333333333,,1.450300572317563,-0.9402170447352924,
WT_06__TO__SCA3_05,False,isi,0.3666666666666666,,1.5636532208437872,-0.7989842963662181,
WT_06__TO__SCA3_05,False,isi,0.4,,1.3127998514147519,-0.6967648600439278,
WT_06__TO__SCA3_05,False,isi,0.4333333333333333,,1.3362130985493235,-0.7085547710937797,
WT_06__TO__SCA3_05,False,isi,0.4666666666666667,,1.2532451243634475,-0.6196797185701216,
WT_06__TO__SCA3_05,False,isi,0.5,0.6659949110572475,1.1971896794611219,-0.530614885261091,-7.208107136735838e-05
WT_06__TO__SCA3_05,False,isi,0.5333333333333333,0.5905195619851459,1.021009401132069,-0.45356148892364373,6.430681366503806e-05
WT_06__TO__SCA3_05,False,isi,0.5666666666666667,0.5791020320378464,1.0100833023780333,-0.44692635546908593,-0.0014467331548477253
WT_06__TO__SCA3_05,False,isi,0.6,0.6974952844167548,1.0365506070456494,-0.4816684827692656,-0.0014323351946917697
WT_06__TO__SCA3_05,False,isi,0.6333333333333333,0.7264799997309571,1.0264552750085385,-0.43391641793576097,2.176568737488612e-05
WT_06__TO__SCA3_05,False,isi,0.6666666666666666,0.7239313080488705,1.2679288925977845,-0.4260153231140886,-0.0015512309351707893
WT_06__TO__SCA3_05,False,isi,0.7,0.7551679587669496,1.1052374721776044,-0.45402653182397457,-0.0005301472549560663
WT_06__TO__SCA3_05,False,isi,0.7333333333333333,0.660092755864616,1.1262174996439893,-0.44697693067748123,-0.0004297570181890088
WT_06__TO__SCA3_05,False,isi,0.7666666666666666,0.5635815718319355,1.1466722844318267,-0.47197815723607844,-0.0012962063610972299
WT_06__TO__SCA3_05,False,isi,0.8,0.7045793705786868,1.1945258151310025,-0.4314781909091431,-0.0013768782758254996
WT_06__TO__SCA3_05,False,isi,0.8333333333333334,0.6119484505844905,1.3588738524104218,-0.4129616306081801,-0.00024596493633255483
WT_06__TO__SCA3_05,False,isi,0.8666666666666667,0.6222624008313664,1.344914608256336,-0.4734060580297701,-0.0012242304770270244
WT_06__TO__SCA3_05,False,isi,0.9,,1.3814567431371243,-0.39927042431422516,
WT_06__TO__SCA3_05,False,isi,0.9333333333333332,,1.3912824195345752,-0.4700187320038773,
WT_06__TO__SCA3_05,False,isi,0.9666666666666668,,1.320128281387985,-0.36998801689660643,
WT_06__TO__SCA3_05,False,isi,1.0,,0.9440202560294481,-0.40204234198496736,
WT_06__TO__SCA3_06,False,active,0.0,,1.7569213237445853,-1.9319379848650056,
WT_06__TO__SCA3_06,False,active,0.0333333333333333,,1.9714191934716974,-1.97087746601655,
WT_06__TO__SCA3_06,False,active,0.0666666666666666,,1.97012374457134,-1.8822223699831175,
WT_06__TO__SCA3_06,False,active,0.1,,1.988646157753651,-1.7938725877532036,
WT_06__TO__SCA3_06,False,active,0.1333333333333333,,1.997319523252675,-1.7096362501268951,
WT_06__TO__SCA3_06,False,active,0.1666666666666666,,2.0114923327169807,-1.6921033766863647,
WT_06__TO__SCA3_06,False,active,0.2,,2.036748250513192,-1.5999789719579391,
WT_06__TO__SCA3_06,False,active,0.2333333333333333,,2.0653566251657165,-1.5017354511368561,
WT_06__TO__SCA3_06,False,active,0.2666666666666666,,2.093146858341553,-1.485412166505379,
WT_06__TO__SCA3_06,False,active,0.3,,2.1427832739849078,-1.5383998519243745,
WT_06__TO__SCA3_06,False,active,0.3333333333333333,,2.1787870142496737,-1.4557988345447015,
WT_06__TO__SCA3_06,False,active,0.3666666666666666,,2.2165128571323214,-1.4395251421667756,
WT_06__TO__SCA3_06,False,active,0.4,,2.2560560422359957,-1.4081933183856628,
WT_06__TO__SCA3_06,False,active,0.4333333333333333,,2.1463376165449577,-1.3894489457210457,
WT_06__TO__SCA3_06,False,active,0.4666666666666667,,2.2781810353108467,-1.2759452998767034,
WT_06__TO__SCA3_06,False,active,0.5,1.4146371777235105,2.3176052902805178,-1.154443226416889,-0.00917132290319023
WT_06__TO__SCA3_06,False,active,0.5333333333333333,1.4391999522027326,2.4541617648900167,-1.1973575201602906,-0.0027534815979464167
WT_06__TO__SCA3_06,False,active,0.5666666666666667,1.4698459441495106,2.51051175630514,-1.249612401379885,-0.16626120414848783
WT_06__TO__SCA3_06,False,active,0.6,1.4913126794280558,2.4767319298027495,-1.1947264785975722,-0.09039013531689065
WT_06__TO__SCA3_06,False,active,0.6333333333333333,1.6185868329902793,2.4503448300252666,-1.132068845176995,0.0059321429698483375
WT_06__TO__SCA3_06,False,active,0.6666666666666666,1.6586613964663697,2.504449174129205,-1.0747045705315812,-0.004009036404101775
WT_06__TO__SCA3_06,False,active,0.7,1.7048276648006042,2.581270855592155,-1.1158895097351946,-0.018564832467932564
WT_06__TO__SCA3_06,False,active,0.7333333333333333,1.7551613244618105,2.663302651471594,-1.1694242190269735,-0.016283742234155078
WT_06__TO__SCA3_06,False,active,0.7666666666666666,1.8138364420095996,2.64854378453538,-1.2290155461687455,0.004069367614711319
WT_06__TO__SCA3_06,False,active,0.8,1.9886745787065772,2.765766277727416,-1.3050999045415037,0.002373924325821333
WT_06__TO__SCA3_06,False,active,0.8333333333333334,2.0743572057169835,3.0196987337274575,-1.2655071264088522,0.011652104424198834
WT_06__TO__SCA3_06,False,active,0.8666666666666667,2.1936554255147196,3.2093158309553593,-1.366592669444018,0.12473247374309408
WT_06__TO__SCA3_06,False,active,0.9,,3.7412103665470644,-1.3518936750773085,
WT_06__TO__SCA3_06,False,active,0.9333333333333332,,4.114867696889396,-1.496025153934828,
WT_06__TO__SCA3_06,False,active,0.9666666666666668,,5.114883279072787,-1.9151000777183318,
WT_06__TO__SCA3_06,False,active,1.0,,6.537964119925009,-1.896259776188645,
WT_06__TO__SCA3_06,False,isi,0.0,,1.7927581375013026,-1.529781579674414,
WT_06__TO__SCA3_06,False,isi,0.0333333333333333,,1.7835384733461372,-1.5371088415060543,
WT_06__TO__SCA3_06,False,isi,0.0666666666666666,,1.7934009200517762,-1.4667046922597606,
WT_06__TO__SCA3_06,False,isi,0.1,,1.8129437526116479,-1.4086359229918173,
WT_06__TO__SCA3_06,False,isi,0.1333333333333333,,1.8220582985940363,-1.3603725646839198,
WT_06__TO__SCA3_06,False,isi,0.1666666666666666,,1.8387904974615872,-1.3185131541736346,
WT_06__TO__SCA3_06,False,isi,0.2,,1.8503236098841631,-1.2847668161499557,
WT_06__TO__SCA3_06,False,isi,0.2333333333333333,,1.878363696763922,-1.2570437084150847,
WT_06__TO__SCA3_06,False,isi,0.2666666666666666,,1.893531662964907,-1.221717806312737,
WT_06__TO__SCA3_06,False,isi,0.3,,1.9369280980349315,-1.1773488277332125,
WT_06__TO__SCA3_06,False,isi,0.3333333333333333,,1.9597182571267557,-1.141187873854663,
WT_06__TO__SCA3_06,False,isi,0.3666666666666666,,1.9825630465722828,-1.1070339692453253,
WT_06__TO__SCA3_06,False,isi,0.4,,2.0045408153282707,-1.0759270308770035,
WT_06__TO__SCA3_06,False,isi,0.4333333333333333,,2.0281293513716494,-1.0483427001630266,
WT_06__TO__SCA3_06,False,isi,0.4666666666666667,,2.049598967694523,-1.0312875897036669,
WT_06__TO__SCA3_06,False,isi,0.5,1.3426986667400973,2.0624267519579305,-1.0198372642496132,-0.0001345817196390932
WT_06__TO__SCA3_06,False,isi,0.5333333333333333,1.3833280252336382,2.073526765475018,-0.9917755250158848,0.0001727825434860719
WT_06__TO__SCA3_06,False,isi,0.5666666666666667,1.4298362216771034,2.0993661419979706,-0.9496000455342684,-0.0021140020676072655
WT_06__TO__SCA3_06,False,isi,0.6,1.4623451125421703,2.1202442757920217,-0.9395725171507443,0.002288368209476532
WT_06__TO__SCA3_06,False,isi,0.6333333333333333,1.4997497453997484,2.1596831124079325,-0.9415280355928125,-0.013548231493745459
WT_06__TO__SCA3_06,False,isi,0.6666666666666666,1.5394999523337536,2.1905696013748326,-0.9292668326866927,-0.00660564991662377
WT_06__TO__SCA3_06,False,isi,0.7,1.592144040969772,2.234780550255019,-0.9139218497553716,0.0013353158957330467
WT_06__TO__SCA3_06,False,isi,0.7333333333333333,1.6515627214634394,2.2925329616144,-0.9029734949742321,-0.0014343477055433506
WT_06__TO__SCA3_06,False,isi,0.7666666666666666,1.7153584703292286,2.3739259654058986,-0.904050043007924,-0.025188931765790457
WT_06__TO__SCA3_06,False,isi,0.8,1.7749543210571863,2.456231710601163,-0.9144201105313698,-0.01893054657709992
WT_06__TO__SCA3_06,False,isi,0.8333333333333334,1.8956596911161365,2.590120805529757,-0.9565118356083916,-0.02581369457585925
WT_06__TO__SCA3_06,False,isi,0.8666666666666667,2.044495260370438,2.782485873102787,-1.001964599188586,-0.05850429687867981
WT_06__TO__SCA3_06,False,isi,0.9,,3.0434750249236915,-1.1021040504309119,
WT_06__TO__SCA3_06,False,isi,0.9333333333333332,,3.525475936473552,-1.2111732581946106,
WT_06__TO__SCA3_06,False,isi,0.9666666666666668,,4.377161138028674,-1.3631246101751977,
WT_06__TO__SCA3_06,False,isi,1.0,,5.244561505626015,-1.94963287035586,
WT_06__TO__SCA3_09,False,active,0.0,,0.08872103941383354,-1.0180743609085372,
WT_06__TO__SCA3_09,False,active,0.0333333333333333,,0.32973470527818965,-1.0304594462889654,
WT_06__TO__SCA3_09,False,active,0.0666666666666666,,0.3553973520465737,-1.1828745118613748,
WT_06__TO__SCA3_09,False,active,0.1,,0.3790923503084109,-1.2095678667302558,
WT_06__TO__SCA3_09,False,active,0.1333333333333333,,0.4062573718204673,-1.2270923498943178,
WT_06__TO__SCA3_09,False,active,0.1666666666666666,,0.5466547325404334,-1.1247575247040305,
WT_06__TO__SCA3_09,False,active,0.2,,0.7886138346826231,-1.1567243342431213,
WT_06__TO__SCA3_09,False,active,0.2333333333333333,,0.8697256224408987,-1.195747985988872,
WT_06__TO__SCA3_09,False,active,0.2666666666666666,,0.8958831649841885,-1.2559162965284845,
WT_06__TO__SCA3_09,False,active,0.3,,0.48168594516676266,-1.237709754233724,
WT_06__TO__SCA3_09,False,active,0.3333333333333333,,0.5849435521668747,-1.3002395490378642,
WT_06__TO__SCA3_09,False,active,0.3666666666666666,,0.40887695141243235,-1.1539678426537452,
WT_06__TO__SCA3_09,False,active,0.4,,0.33883621244808976,-0.9586200658402305,
WT_06__TO__SCA3_09,False,active,0.4333333333333333,,0.6748937313789827,-1.382180672667509,
WT_06__TO__SCA3_09,False,active,0.4666666666666667,,0.6434608186128961,-1.2046554892179062,
WT_06__TO__SCA3_09,False,active,0.5,-0.03934945392950194,0.41826794226274844,-0.7341875336785993,0.0
WT_06__TO__SCA3_09,False,active,0.5333333333333333,-0.03934385578374165,0.5540351556538468,-0.9199085081948051,0.0
WT_06__TO__SCA3_09,False,active,0.5666666666666667,-0.04014488152391306,0.45658894892051155,-0.6720964114622721,0.0
WT_06__TO__SCA3_09,False,active,0.6,-0.5165047501824813,0.8915174240616359,-0.7576769236885339,0.001100570280458991
WT_06__TO__SCA3_09,False,active,0.6333333333333333,-0.38529872181469527,0.3699268080445687,-0.7152845882958492,0.0
WT_06__TO__SCA3_09,False,active,0.6666666666666666,0.04014201177082022,0.3907374402984458,-0.7206506302031441,0.0
WT_06__TO__SCA3_09,False,active,0.7,-0.12808743782166876,0.4146837351372077,-0.833470459523751,0.0
WT_06__TO__SCA3_09,False,active,0.7333333333333333,-0.13667903259223266,0.6258429180662581,-0.6179015557924425,-1.6653345369377251e-15
WT_06__TO__SCA3_09,False,active,0.7666666666666666,0.05794062275574886,0.5031268241443044,-0.5789710476116933,0.0
WT_06__TO__SCA3_09,False,active,0.8,0.034369074187555616,0.31205076948469995,-0.8093127160058757,0.0
WT_06__TO__SCA3_09,False,active,0.8333333333333334,-0.3795859699026927,0.9641060509775071,-0.6969742522650174,-0.0005019333296438748
WT_06__TO__SCA3_09,False,active,0.8666666666666667,-0.17501704087162576,0.7660613827977534,-0.9344681382920366,-0.0005904628613317386
WT_06__TO__SCA3_09,False,active,0.9,,0.7580699312491519,-0.9344681382920383,
WT_06__TO__SCA3_09,False,active,0.9333333333333332,,0.5237846663101882,-0.8208706940264061,
WT_06__TO__SCA3_09,False,active,0.9666666666666668,,0.5344570485601431,-0.8223387223961984,
WT_06__TO__SCA3_09,False,active,1.0,,0.0630393173438404,-0.9012238619369419,
WT_06__TO__SCA3_09,False,isi,0.0,,0.28851526314836096,-0.6676873495340914,
WT_06__TO__SCA3_09,False,isi,0.0333333333333333,,0.25455862662850126,-0.8511454261723044,
WT_06__TO__SCA3_09,False,isi,0.0666666666666666,,0.29212885634969404,-0.8627971881154403,
WT_06__TO__SCA3_09,False,isi,0.1,,0.3350216323570486,-0.9389117327446577,
WT_06__TO__SCA3_09,False,isi,0.1333333333333333,,0.3834385731026146,-0.9159745968097149,
WT_06__TO__SCA3_09,False,isi,0.1666666666666666,,0.4856161274432602,-0.9007174282945928,
WT_06__TO__SCA3_09,False,isi,0.2,,0.6013652838871832,-0.9252701832047731,
WT_06__TO__SCA3_09,False,isi,0.2333333333333333,,0.35470446770159014,-0.8271214825716735,
WT_06__TO__SCA3_09,False,isi,0.2666666666666666,,0.35719683273735764,-0.8259571819803629,
WT_06__TO__SCA3_09,False,isi,0.3,,0.6241886707389969,-0.699991040204865,
WT_06__TO__SCA3_09,False,isi,0.3333333333333333,,0.41177444218347203,-0.9464566572183658,
WT_06__TO__SCA3_09,False,isi,0.3666666666666666,,0.8573461383337698,-0.7755707066494427,
WT_06__TO__SCA3_09,False,isi,0.4,,0.7256128534960716,-0.8726466033946678,
WT_06__TO__SCA3_09,False,isi,0.4333333333333333,,0.7382960488931958,-0.7482615101746786,
WT_06__TO__SCA3_09,False,isi,0.4666666666666667,,0.7278879294496167,-0.6774068272989532,
WT_06__TO__SCA3_09,False,isi,0.5,-0.6284396698189595,0.7287334152431637,-0.7269245663016258,-0.0009696595970413442
WT_06__TO__SCA3_09,False,isi,0.5333333333333333,-0.6670464504096569,0.8442731087803488,-0.9339772945969517,-0.00015132715803844825
WT_06__TO__SCA3_09,False,isi,0.5666666666666667,-0.46625357095457887,0.8274820192994741,-0.6653667428894963,-0.0009525530999839597
WT_06__TO__SCA3_09,False,isi,0.6,-0.48256081492968517,0.7032962274005514,-0.644304050264414,-0.00347364774709646
WT_06__TO__SCA3_09,False,isi,0.6333333333333333,-0.6435636764278457,0.7474799036989629,-0.8702953825820374,-0.006319325228931567
WT_06__TO__SCA3_09,False,isi,0.6666666666666666,-0.4138002385743391,0.7877666255119414,-0.6418615797028981,0.0007530821972246431
WT_06__TO__SCA3_09,False,isi,0.7,-0.3070594949332725,0.8541852240706241,-0.6449216186619717,0.003282138275938235
WT_06__TO__SCA3_09,False,isi,0.7333333333333333,-0.5301470212133093,0.8820471320826382,-0.7606938032023286,-6.29659091024026e-05
WT_06__TO__SCA3_09,False,isi,0.7666666666666666,-0.3259241562798417,0.834757578959182,-0.6857760676306218,-0.00016113517405100188
WT_06__TO__SCA3_09,False,isi,0.8,-0.3662906281888708,0.8480902374088122,-0.7926597065254704,0.0007614100007690143
WT_06__TO__SCA3_09,False,isi,0.8333333333333334,-0.41305518741461383,0.9361591328800073,-0.6933971444938715,-0.00011498689160502457
WT_06__TO__SCA3_09,False,isi,0.8666666666666667,-0.12566708068763127,0.6661051707969813,-0.6762018372553947,-0.00020592686816089942
WT_06__TO__SCA3_09,False,isi,0.9,,0.6726465771358242,-0.6867918053913805,
WT_06__TO__SCA3_09,False,isi,0.9333333333333332,,0.598542900863724,-0.6415406818387879,
WT_06__TO__SCA3_09,False,isi,0.9666666666666668,,0.6358416184788854,-0.5928660924499164,
WT_06__TO__SCA3_09,False,isi,1.0,,0.3293122545816039,-0.520169809280543,
WT_07__TO__SCA3_01,False,active,0.0,,0.311097247601877,-7.906902996841911,
WT_07__TO__SCA3_01,False,active,0.0333333333333333,,2.1560745697261936,-6.6216274458383975,
WT_07__TO__SCA3_01,False,active,0.0666666666666666,,2.3334157198306897,-5.572076930432698,
WT_07__TO__SCA3_01,False,active,0.1,,3.1061904286189135,-5.401361286305477,
WT_07__TO__SCA3_01,False,active,0.1333333333333333,,1.6671025486336297,-4.623947042338362,
WT_07__TO__SCA3_01,False,active,0.1666666666666666,,1.5908873798815675,-2.505541710536439,
WT_07__TO__SCA3_01,False,active,0.2,,2.6043735095314506,-3.453671598630775,
WT_07__TO__SCA3_01,False,active,0.2333333333333333,,1.1741339757475653,-3.0665352198962657,
WT_07__TO__SCA3_01,False,active,0.2666666666666666,,0.3127621200700715,-3.0665352198962657,
WT_07__TO__SCA3_01,False,active,0.3,,1.128096701043292,-2.28112241081419,
WT_07__TO__SCA3_01,False,active,0.3333333333333333,,1.6081559842173103,-2.7312874479375604,
WT_07__TO__SCA3_01,False,active,0.3666666666666666,,2.950754044112562,-2.7056724459971075,
WT_07__TO__SCA3_01,False,active,0.4,,1.6692004399470393,-2.2070674176046627,
WT_07__TO__SCA3_01,False,active,0.4333333333333333,,0.7005844904865778,-1.7457387446981305,
WT_07__TO__SCA3_01,False,active,0.4666666666666667,,0.7002233675670717,-1.591322890966042,
WT_07__TO__SCA3_01,False,active,0.5,0.23996152977069812,3.2117923306653653,-2.970174647182076,-3.3306690738754684e-15
WT_07__TO__SCA3_01,False,active,0.5333333333333333,0.24129799162115556,1.6384829943831227,-1.8027616139774731,0.1416795825914577
WT_07__TO__SCA3_01,False,active,0.5666666666666667,0.23857173563104578,1.6407769362760445,-2.970174647182079,0.0
WT_07__TO__SCA3_01,False,active,0.6,0.24128349545765598,1.6392790616876896,-1.4369070372339432,0.0
WT_07__TO__SCA3_01,False,active,0.6333333333333333,0.24069038758629985,1.6488163975525967,-0.4532114642684076,-0.510711517916367
WT_07__TO__SCA3_01,False,active,0.6666666666666666,0.2409758181270228,1.8042920090028756,-1.3132344939299592,-0.0014996107246453279
WT_07__TO__SCA3_01,False,active,0.7,0.3962001018734183,0.6983897437521792,-1.3315822119427627,0.0
WT_07__TO__SCA3_01,False,active,0.7333333333333333,0.240210067944493,1.0868889914371103,-1.018423814383416,-0.003195543003858825
WT_07__TO__SCA3_01,False,active,0.7666666666666666,0.2605010995272939,2.3789064313292267,-0.9268072575541377,-0.003409398423783072
WT_07__TO__SCA3_01,False,active,0.8,0.26279590050351415,2.3812012323054503,-1.8350461666190208,0.0
WT_07__TO__SCA3_01,False,active,0.8333333333333334,0.31168115772339805,1.2810375209554183,-1.5457211091669558,-6.661338147750939e-15
WT_07__TO__SCA3_01,False,active,0.8666666666666667,1.173015117552416,5.476314146486225,-1.581332511904132,-0.33115897903051383
WT_07__TO__SCA3_01,False,active,0.9,,7.771891887739005,-7.370319493728983,
WT_07__TO__SCA3_01,False,active,0.9333333333333332,,5.12337454884647,-1.6381737135126568,
WT_07__TO__SCA3_01,False,active,0.9666666666666668,,12.792868945975316,-7.3373639566317514,
WT_07__TO__SCA3_01,False,active,1.0,,2.3554547208688064,-2.1999630348370207,
WT_07__TO__SCA3_01,False,isi,0.0,,3.4683846278955635,-4.249199774844547,
WT_07__TO__SCA3_01,False,isi,0.0333333333333333,,2.143061973276766,-4.442281873087555,
WT_07__TO__SCA3_01,False,isi,0.0666666666666666,,1.7677818510020513,-2.2099905052065916,
WT_07__TO__SCA3_01,False,isi,0.1,,-0.2316015572286203,-2.255645949183414,
WT_07__TO__SCA3_01,False,isi,0.1333333333333333,,1.1605574971299146,-1.5410021865166719,
WT_07__TO__SCA3_01,False,isi,0.1666666666666666,,0.9701475767475424,-2.712736087749898,
WT_07__TO__SCA3_01,False,isi,0.2,,0.2001415394660145,-1.799510748041453,
WT_07__TO__SCA3_01,False,isi,0.2333333333333333,,0.6871195042582179,-1.583603320533168,
WT_07__TO__SCA3_01,False,isi,0.2666666666666666,,1.6844764782796253,-1.9094927228392025,
WT_07__TO__SCA3_01,False,isi,0.3,,1.190109054170726,-1.7555975606783727,
WT_07__TO__SCA3_01,False,isi,0.3333333333333333,,1.2507128060084005,-1.192366801340127,
WT_07__TO__SCA3_01,False,isi,0.3666666666666666,,-0.2086537276795814,-1.098885650052778,
WT_07__TO__SCA3_01,False,isi,0.4,,1.0043699210120702,-1.8326775509263697,
WT_07__TO__SCA3_01,False,isi,0.4333333333333333,,0.9913254321622957,-1.7416266424192866,
WT_07__TO__SCA3_01,False,isi,0.4666666666666667,,0.9743196256033823,-1.672433762298579,
WT_07__TO__SCA3_01,False,isi,0.5,0.36677261593865484,-1.4678676549635443,-0.8372914836305753,-0.002908166831540049
WT_07__TO__SCA3_01,False,isi,0.5333333333333333,0.17296411855470434,0.14520187266455298,-1.7433782125208785,-0.0033029100409106005
WT_07__TO__SCA3_01,False,isi,0.5666666666666667,0.40050400358083443,1.484993252955627,-1.9838568384096427,-0.013160954839089634
WT_07__TO__SCA3_01,False,isi,0.6,0.6302007781499948,1.4898598631597681,-2.1177010594387387,-0.00371812911963576
WT_07__TO__SCA3_01,False,isi,0.6333333333333333,0.7476097936284067,2.0637567881735897,-2.4800981248131584,-0.0007804107494202572
WT_07__TO__SCA3_01,False,isi,0.6666666666666666,0.6830325156019225,2.0983636760544155,-1.6448509138101048,-0.06377650679537217
WT_07__TO__SCA3_01,False,isi,0.7,0.44056402682345797,2.1333009083219983,-1.3929261478925556,-0.14620216490509552
WT_07__TO__SCA3_01,False,isi,0.7333333333333333,0.7942256509972953,1.5563198223678847,-1.6141516397968685,-0.0033543469800378922
WT_07__TO__SCA3_01,False,isi,0.7666666666666666,0.8478071195192046,0.9429281611161396,-1.3718070677063345,7.935779476220262e-05
WT_07__TO__SCA3_01,False,isi,0.8,0.34113363458996965,0.9576032830114847,-0.9216917487000666,-1.3861343900235903
WT_07__TO__SCA3_01,False,isi,0.8333333333333334,0.36172767502196895,0.9794452131905581,-1.3843360463286716,-0.0003651726154646484
WT_07__TO__SCA3_01,False,isi,0.8666666666666667,0.38496882251242437,1.0116465973099533,-0.9584354806563202,-2.442693946445855
WT_07__TO__SCA3_01,False,isi,0.9,,1.0618623399118712,-1.4163798415727493,
WT_07__TO__SCA3_01,False,isi,0.9333333333333332,,0.9989021463555311,-1.4454221019519722,
WT_07__TO__SCA3_01,False,isi,0.9666666666666668,,0.8745070492779452,-1.4852329470346735,
WT_07__TO__SCA3_01,False,isi,1.0,,2.061164449991924,-1.6326344579111356,
WT_07__TO__SCA3_02,False,active,0.0,,0.15802218985367047,-6.133070439792545,
WT_07__TO__SCA3_02,False,active,0.0333333333333333,,0.1989406656186566,-5.572076930432704,
WT_07__TO__SCA3_02,False,active,0.0666666666666666,,0.2037892985533008,-3.953451498420962,
WT_07__TO__SCA3_02,False,active,0.1,,1.2680925072995244,-3.953451498420952,
WT_07__TO__SCA3_02,False,active,0.1333333333333333,,0.9895133544913622,-2.584295121627064,
WT_07__TO__SCA3_02,False,active,0.1666666666666666,,0.4008286782027338,-3.066535219896262,
WT_07__TO__SCA3_02,False,active,0.2,,0.23208069105509216,-3.0665352198962657,
WT_07__TO__SCA3_02,False,active,0.2333333333333333,,0.3995473926470795,-2.7577035124320863,
WT_07__TO__SCA3_02,False,active,0.2666666666666666,,0.2519029512846951,-3.0665352198962657,
WT_07__TO__SCA3_02,False,active,0.3,,0.6335476625084782,-2.1184053318019367,
WT_07__TO__SCA3_02,False,active,0.3333333333333333,,0.9595640215511934,-2.857989031683628,
WT_07__TO__SCA3_02,False,active,0.3666666666666666,,0.5609940706049648,-1.7207978232563124,
WT_07__TO__SCA3_02,False,active,0.4,,0.5631073280384353,-2.1759053854498993,
WT_07__TO__SCA3_02,False,active,0.4333333333333333,,0.7902795167663177,-1.432956101214171,
WT_07__TO__SCA3_02,False,active,0.4666666666666667,,0.20159431786025644,-1.2501735328736165,
WT_07__TO__SCA3_02,False,active,0.5,-0.6015808939056712,0.19895827804964356,-1.3097937245475553,0.0
WT_07__TO__SCA3_02,False,active,0.5333333333333333,-0.33717709793224865,0.3516799559108242,-1.410717795965529,0.0
WT_07__TO__SCA3_02,False,active,0.5666666666666667,-0.26426760240854,0.20134185440751967,-1.1301515243246198,0.0
WT_07__TO__SCA3_02,False,active,0.6,-0.16587775813771163,0.3513759941548323,-1.0184238143834177,1.7763568394002505e-15
WT_07__TO__SCA3_02,False,active,0.6333333333333333,-0.16583161841827734,0.3524867007170763,-0.9938618192368972,0.012188411110419572
WT_07__TO__SCA3_02,False,active,0.6666666666666666,0.14847881683755867,0.3499534653760206,-0.6872648353529055,0.0
WT_07__TO__SCA3_02,False,active,0.7,0.1406762429380182,0.5213234970523664,-0.6560142240638753,0.0
WT_07__TO__SCA3_02,False,active,0.7333333333333333,0.14555952436468292,0.770226231198146,-0.6108753522434722,-1.1102230246251565e-16
WT_07__TO__SCA3_02,False,active,0.7666666666666666,0.14071107468415808,0.2761758163582651,-0.5975912210726265,0.0
WT_07__TO__SCA3_02,False,active,0.8,0.14630838957445438,0.7877039932756957,-0.6469117174900697,-1.7763568394002505e-15
WT_07__TO__SCA3_02,False,active,0.8333333333333334,0.10713625390182033,0.4448315261054193,-0.5975912210726257,7.771561172376096e-16
WT_07__TO__SCA3_02,False,active,0.8666666666666667,-0.16589755025356953,0.438189739305012,-0.30883170746418726,-6.661338147750939e-15
WT_07__TO__SCA3_02,False,active,0.9,,0.4318728835335088,-0.5726842226349722,
WT_07__TO__SCA3_02,False,active,0.9333333333333332,,0.7311771920831599,-0.45812350952452957,
WT_07__TO__SCA3_02,False,active,0.9666666666666668,,0.7140711640234997,-0.44334272549554066,
WT_07__TO__SCA3_02,False,active,1.0,,0.703260796915839,-0.5667183303658292,
WT_07__TO__SCA3_02,False,isi,0.0,,2.4907403178548786,-4.0742877711468575,
WT_07__TO__SCA3_02,False,isi,0.0333333333333333,,1.3901724999977296,-3.5520006947557348,
WT_07__TO__SCA3_02,False,isi,0.0666666666666666,,-0.037942327795915116,-1.642380567753612,
WT_07__TO__SCA3_02,False,isi,0.1,,0.25437136096018836,-1.9981419702640417,
WT_07__TO__SCA3_02,False,isi,0.1333333333333333,,0.11800988848385553,-2.238467624066751,
WT_07__TO__SCA3_02,False,isi,0.1666666666666666,,0.7963515951951149,-1.161658436283704,
WT_07__TO__SCA3_02,False,isi,0.2,,0.13117894559256107,-0.8147305128933304,
WT_07__TO__SCA3_02,False,isi,0.2333333333333333,,0.8572588095526981,-1.4140359794912583,
WT_07__TO__SCA3_02,False,isi,0.2666666666666666,,0.8540227952736481,-1.5743657088885825,
WT_07__TO__SCA3_02,False,isi,0.3,,-0.4909558354721312,-1.3343667102035863,
WT_07__TO__SCA3_02,False,isi,0.3333333333333333,,0.30808350616210456,-1.3425271620930455,
WT_07__TO__SCA3_02,False,isi,0.3666666666666666,,0.5314852287423386,-0.7962757730224295,
WT_07__TO__SCA3_02,False,isi,0.4,,-0.40836166939439406,-0.8185725362009086,
WT_07__TO__SCA3_02,False,isi,0.4333333333333333,,-0.006535918663878315,-1.0827884958664005,
WT_07__TO__SCA3_02,False,isi,0.4666666666666667,,-0.24995122966405858,-1.0366955693266733,
WT_07__TO__SCA3_02,False,isi,0.5,-0.48725042661736573,-0.1659596411795611,-0.9234539307093923,0.0023852411215263825
WT_07__TO__SCA3_02,False,isi,0.5333333333333333,-0.24776115602175997,0.0015612719978561063,-0.7680246610931165,-0.010040044068922145
WT_07__TO__SCA3_02,False,isi,0.5666666666666667,-0.7967689264957519,0.4885504596503568,-0.6569457893909068,-0.013107048071984068
WT_07__TO__SCA3_02,False,isi,0.6,-0.40088471772374157,0.32354953713123813,-0.8721193306899485,-0.009612539972153167
WT_07__TO__SCA3_02,False,isi,0.6333333333333333,-0.3582354329565893,0.29851046456638897,-0.7698037607546225,-0.014065146998398587
WT_07__TO__SCA3_02,False,isi,0.6666666666666666,-0.14886214080800156,0.40508887727837317,-0.5016730290444206,-0.08674426544907138
WT_07__TO__SCA3_02,False,isi,0.7,-0.03426570404342522,-0.17018347390523703,-0.6372365070446235,0.0002959772635622304
WT_07__TO__SCA3_02,False,isi,0.7333333333333333,-0.01648405697573574,0.3671219992816608,-0.4175365424715451,0.0004297618244821222
WT_07__TO__SCA3_02,False,isi,0.7666666666666666,0.09344493923438447,0.2950803823653248,-0.4500980786304889,-0.00016192575073481486
WT_07__TO__SCA3_02,False,isi,0.8,-0.03766007485719287,-0.1586469381671775,-0.47846286771365665,0.0005722912950951731
WT_07__TO__SCA3_02,False,isi,0.8333333333333334,-0.12206133550079815,0.23080227334574202,-0.46861917832915306,8.089548453188433e-06
WT_07__TO__SCA3_02,False,isi,0.8666666666666667,0.007627501594840437,0.613825263611379,-0.4104737872339488,-0.002779359050811059
WT_07__TO__SCA3_02,False,isi,0.9,,0.5856395222763279,-0.38128817641867524,
WT_07__TO__SCA3_02,False,isi,0.9333333333333332,,0.5715147627770629,-0.3635079028671099,
WT_07__TO__SCA3_02,False,isi,0.9666666666666668,,0.5502538811442197,-0.34304125077935377,
WT_07__TO__SCA3_02,False,isi,1.0,,0.5303642112420055,-0.3198365665253428,
WT_07__TO__SCA3_04,False,active,0.0,,0.06377440463285913,-5.4065559310946645,
WT_07__TO__SCA3_04,False,active,0.0333333333333333,,0.06380550947594707,-3.9534514984209626,
WT_07__TO__SCA3_04,False,active,0.0666666666666666,,0.0793109596820018,-3.066535219896283,
WT_07__TO__SCA3_04,False,active,0.1,,0.07151548637503115,-3.5099933591586208,
WT_07__TO__SCA3_04,False,active,0.1333333333333333,,0.05340349157884951,-2.5055417105364324,
WT_07__TO__SCA3_04,False,active,0.1666666666666666,,0.0534066795544197,-2.2957295034073892,
WT_07__TO__SCA3_04,False,active,0.2,,0.053392053974066225,-2.5055417105364457,
WT_07__TO__SCA3_04,False,active,0.2333333333333333,,0.07368732587874406,-2.505541710536419,
WT_07__TO__SCA3_04,False,active,0.2666666666666666,,0.05281302316821003,-2.1184053318019362,
WT_07__TO__SCA3_04,False,active,0.3,,0.05029316308338362,-2.1184053318019296,
WT_07__TO__SCA3_04,False,active,0.3333333333333333,,0.042109462612039975,-2.7860384652163424,
WT_07__TO__SCA3_04,False,active,0.3666666666666666,,0.06299211727189281,-2.400635606971907,
WT_07__TO__SCA3_04,False,active,0.4,,0.05283041754009622,-2.118405331801946,
WT_07__TO__SCA3_04,False,active,0.4333333333333333,,0.0785806963511826,-1.6186254320117492,
WT_07__TO__SCA3_04,False,active,0.4666666666666667,,0.052622958026311575,-1.726835799315381,
WT_07__TO__SCA3_04,False,active,0.5,-1.8253147771222495,0.04733302627896509,-2.213105393663737,-6.661338147750939e-15
WT_07__TO__SCA3_04,False,active,0.5333333333333333,-0.05098824779630086,0.05268544020151368,-1.777546112971068,0.0
WT_07__TO__SCA3_04,False,active,0.5666666666666667,0.013493189502832294,0.04067759810525763,0.0,0.0
WT_07__TO__SCA3_04,False,active,0.6,0.04197076659561817,0.04197076659561817,-1.726835799315381,0.0
WT_07__TO__SCA3_04,False,active,0.6333333333333333,-1.105306406973379,0.03415035855352578,-1.6186254320117408,0.0
WT_07__TO__SCA3_04,False,active,0.6666666666666666,-0.9322599480274126,0.032800295045617996,-1.7268357993153876,0.0
WT_07__TO__SCA3_04,False,active,0.7,-0.476766671667624,0.04065701846792004,-0.37150757279506263,0.0
WT_07__TO__SCA3_04,False,active,0.7333333333333333,-1.4092270572256562,0.03405605260156986,-2.170293938577719,0.0
WT_07__TO__SCA3_04,False,active,0.7666666666666666,-1.1026754398282854,0.051150475459730296,-1.9767257492104762,0.0
WT_07__TO__SCA3_04,False,active,0.8,-1.56239599017541,0.0692812966548101,-1.533267609948136,0.0
WT_07__TO__SCA3_04,False,active,0.8333333333333334,-0.1618706134045861,0.039286245541953486,-1.618625432011751,0.0
WT_07__TO__SCA3_04,False,active,0.8666666666666667,-0.14447281510365925,0.035306204396076686,-1.6186254320117444,2.4424906541753444e-15
WT_07__TO__SCA3_04,False,active,0.9,,0.04056010100326386,-1.5332676099481328,
WT_07__TO__SCA3_04,False,active,0.9333333333333332,,0.060088230110221255,-1.6186254320117475,
WT_07__TO__SCA3_04,False,active,0.9666666666666668,,0.053584908890163,-1.6186254320117441,
WT_07__TO__SCA3_04,False,active,1.0,,0.047080168339828074,0.0,
WT_07__TO__SCA3_04,False,isi,0.0,,0.7448460173031978,-2.896353625354219,
WT_07__TO__SCA3_04,False,isi,0.0333333333333333,,0.37345683069177743,-2.0081695959071104,
WT_07__TO__SCA3_04,False,isi,0.0666666666666666,,0.3621577030340118,-1.5847863373146913,
WT_07__TO__SCA3_04,False,isi,0.1,,0.6976252092892666,-1.4381590639053594,
WT_07__TO__SCA3_04,False,isi,0.1333333333333333,,0.8086899331205507,-2.0023633970100785,
WT_07__TO__SCA3_04,False,isi,0.1666666666666666,,0.624540337992779,-1.6743489883046367,
WT_07__TO__SCA3_04,False,isi,0.2,,0.5059268562133935,-1.1172304689454051,
WT_07__TO__SCA3_04,False,isi,0.2333333333333333,,0.6555383736491195,-1.1880852855482449,
WT_07__TO__SCA3_04,False,isi,0.2666666666666666,,1.4660332898023984,-0.9796533266768017,
WT_07__TO__SCA3_04,False,isi,0.3,,1.0034205000462446,-1.3597324813201528,
WT_07__TO__SCA3_04,False,isi,0.3333333333333333,,0.6562509500038967,-0.643854420899762,
WT_07__TO__SCA3_04,False,isi,0.3666666666666666,,0.23987036480796425,-0.9391253621071768,
WT_07__TO__SCA3_04,False,isi,0.4,,0.49636565705860736,-0.527790794010753,
WT_07__TO__SCA3_04,False,isi,0.4333333333333333,,-0.023878730396498245,-1.373401090465666,
WT_07__TO__SCA3_04,False,isi,0.4666666666666667,,-0.043953523797427015,-0.8766160797162328,
WT_07__TO__SCA3_04,False,isi,0.5,-0.31869370254978163,-0.08567602362587073,-0.28582611272509945,-0.00011258992526275158
WT_07__TO__SCA3_04,False,isi,0.5333333333333333,-0.9611930445405122,0.0906074494855301,-0.8444818657017841,0.012197179377970723
WT_07__TO__SCA3_04,False,isi,0.5666666666666667,-1.0791620329876002,0.38348942259549484,-1.2175762022580028,0.04311687759227878
WT_07__TO__SCA3_04,False,isi,0.6,-1.1118835774354336,0.501337950685621,-0.2735813361043715,-0.08137802258138534
WT_07__TO__SCA3_04,False,isi,0.6333333333333333,-0.4725870438354424,0.40930299016000177,-0.5599628063202988,-0.0012986862650794643
WT_07__TO__SCA3_04,False,isi,0.6666666666666666,-0.4468846847418776,0.2837609244682955,-0.37802759206994885,0.01194162102263553
WT_07__TO__SCA3_04,False,isi,0.7,-0.6852702042099987,0.4208532556112901,-0.736133603818022,0.00040884633559084074
WT_07__TO__SCA3_04,False,isi,0.7333333333333333,-0.24298520741949847,-0.13326742208048112,-0.10004391436477515,0.003692705685710038
WT_07__TO__SCA3_04,False,isi,0.7666666666666666,-0.8073193973943557,-0.15668879814405293,-0.7521371014483132,0.03393972865199715
WT_07__TO__SCA3_04,False,isi,0.8,-0.33645449570285263,-0.0346435502491771,-0.6142795167057653,0.05248949462922092
WT_07__TO__SCA3_04,False,isi,0.8333333333333334,-0.23093858269273132,-0.053068681239982776,-0.2054653638285598,0.008368555520126827
WT_07__TO__SCA3_04,False,isi,0.8666666666666667,-0.3499429036301627,0.6117675561499548,-0.3169767404251856,-0.0004769050996777935
WT_07__TO__SCA3_04,False,isi,0.9,,0.40297598015315084,-0.45982831085290843,
WT_07__TO__SCA3_04,False,isi,0.9333333333333332,,0.38360490718823004,-0.6637201006086975,
WT_07__TO__SCA3_04,False,isi,0.9666666666666668,,0.12459003728175658,-0.5496626223904634,
WT_07__TO__SCA3_04,False,isi,1.0,,0.6045422822074016,-1.2473223935610203,
WT_07__TO__SCA3_05,False,active,0.0,,0.0,-3.3697083023278127,
WT_07__TO__SCA3_05,False,active,0.0333333333333333,,-0.007232304311912687,-2.118405331801943,
WT_07__TO__SCA3_05,False,active,0.0666666666666666,,-0.007219142192531615,-2.1184053318019496,
WT_07__TO__SCA3_05,False,active,0.1,,-0.007207101824708852,-2.1184053318019362,
WT_07__TO__SCA3_05,False,active,0.1333333333333333,,-0.007197474509490489,-1.5285107968034515,
WT_07__TO__SCA3_05,False,active,0.1666666666666666,,-0.0036158410244824203,-1.69715447319222,
WT_07__TO__SCA3_05,False,active,0.2,,-0.007200965460102406,-0.9975769944088179,
WT_07__TO__SCA3_05,False,active,0.2333333333333333,,-0.007171105568046789,-0.88691627852469,
WT_07__TO__SCA3_05,False,active,0.2666666666666666,,-0.007211242161079269,-2.042479517139844,
WT_07__TO__SCA3_05,False,active,0.3,,-0.014353925549139838,-2.1184053318019362,
WT_07__TO__SCA3_05,False,active,0.3333333333333333,,-0.007193229125086466,-3.066535219896259,
WT_07__TO__SCA3_05,False,active,0.3666666666666666,,-0.00895045831176722,-1.1167027195489287,
WT_07__TO__SCA3_05,False,active,0.4,,-0.007178965694603081,-1.7831575598432279,
WT_07__TO__SCA3_05,False,active,0.4333333333333333,,-0.012519814495273177,-1.0367293300439775,
WT_07__TO__SCA3_05,False,active,0.4666666666666667,,-0.012509128828057107,-0.35244732114720084,
WT_07__TO__SCA3_05,False,active,0.5,-2.129085237031079,-0.014311798818041347,0.0,0.0
WT_07__TO__SCA3_05,False,active,0.5333333333333333,-2.3028762082803516,-0.008912292358729259,-2.1184053318019296,-3.552713678800501e-15
WT_07__TO__SCA3_05,False,active,0.5666666666666667,-1.8421507486850124,-0.021463817941957956,-1.8350461666190192,0.0
WT_07__TO__SCA3_05,False,active,0.6,-1.625730481814918,-0.010704821848354086,-1.6186254320117393,0.0
WT_07__TO__SCA3_05,False,active,0.6333333333333333,-0.7647083186602363,-0.010695818778457824,-1.1957479859888789,0.0
WT_07__TO__SCA3_05,False,active,0.6666666666666666,-1.1098329931841289,-0.02147203150952404,-0.7430151455901319,0.0
WT_07__TO__SCA3_05,False,active,0.7,-1.008831120568156,-0.010664583236887905,-0.9214983315043178,0.0
WT_07__TO__SCA3_05,False,active,0.7333333333333333,-1.1908759838940859,-0.01065933091513538,-1.1070859001861475,0.0
WT_07__TO__SCA3_05,False,active,0.7666666666666666,-1.3544899285030478,-0.01423340813048846,-1.3593034747151331,0.0
WT_07__TO__SCA3_05,False,active,0.8,-1.6674635310438433,-0.010650561656436188,-1.618625432011736,0.0
WT_07__TO__SCA3_05,False,active,0.8333333333333334,-1.7120351559575884,-0.010652803603560803,-1.4479097878845244,0.0
WT_07__TO__SCA3_05,False,active,0.8666666666666667,-1.2704855746990997,-0.010637391915353513,-1.0576319226519046,0.0
WT_07__TO__SCA3_05,False,active,0.9,,-0.0124168385284712,-1.9665537024777484,
WT_07__TO__SCA3_05,False,active,0.9333333333333332,,-0.014194450715213084,-1.8350461666190108,
WT_07__TO__SCA3_05,False,active,0.9666666666666668,,-0.008859923402965708,-1.178705092135602,
WT_07__TO__SCA3_05,False,active,1.0,,-0.007084910334569374,-0.8457548920457372,
WT_07__TO__SCA3_05,False,isi,0.0,,-0.08402437170077494,-2.184546522646515,
WT_07__TO__SCA3_05,False,isi,0.0333333333333333,,-0.18738433137249408,-2.1698874755915,
WT_07__TO__SCA3_05,False,isi,0.0666666666666666,,-0.20968604573837374,-1.5306231183131511,
WT_07__TO__SCA3_05,False,isi,0.1,,-0.0837591829513293,-1.2335052023306972,
WT_07__TO__SCA3_05,False,isi,0.1333333333333333,,-0.0518610543520279,-1.0789144502925774,
WT_07__TO__SCA3_05,False,isi,0.1666666666666666,,-0.198200350426544,-0.9045934975083144,
WT_07__TO__SCA3_05,False,isi,0.2,,0.034646183584202184,-1.714441784791298,
WT_07__TO__SCA3_05,False,isi,0.2333333333333333,,-0.18257122537460316,-1.246467747541211,
WT_07__TO__SCA3_05,False,isi,0.2666666666666666,,-0.12337856064934263,-0.49741786660029635,
WT_07__TO__SCA3_05,False,isi,0.3,,-0.10951333598734739,-0.5241303097560819,
WT_07__TO__SCA3_05,False,isi,0.3333333333333333,,-0.286235104072756,-0.32716661292827137,
WT_07__TO__SCA3_05,False,isi,0.3666666666666666,,-0.16581759227413786,-1.1404870219026089,
WT_07__TO__SCA3_05,False,isi,0.4,,-0.12206596441003084,-0.48927270311529436,
WT_07__TO__SCA3_05,False,isi,0.4333333333333333,,-0.2337948072904506,-0.6253268997792822,
WT_07__TO__SCA3_05,False,isi,0.4666666666666667,,-0.3702749186234889,-1.1936725464666604,
WT_07__TO__SCA3_05,False,isi,0.5,-0.39882322977528817,-0.23049977503306956,-1.2625880062060222,0.036424961378143106
WT_07__TO__SCA3_05,False,isi,0.5333333333333333,-0.3325899321204923,-0.2100420943320636,-0.41689236153860093,9.93052598860511e-05
WT_07__TO__SCA3_05,False,isi,0.5666666666666667,-0.8599522783379334,0.2781584243820965,-0.5708046150153191,-0.057876296028573915
WT_07__TO__SCA3_05,False,isi,0.6,-0.6911949813603564,-0.1385245677873426,-0.3917240040542026,-0.02660542758939899
WT_07__TO__SCA3_05,False,isi,0.6333333333333333,-1.030133355329088,-0.22910313709328894,-0.536288302592497,5.608484296981686e-06
WT_07__TO__SCA3_05,False,isi,0.6666666666666666,-0.6584095227304294,-0.3135375891704035,-0.4324148280982144,-0.0022584932781881673
WT_07__TO__SCA3_05,False,isi,0.7,-0.6917662728013719,-0.19923817460702492,-0.56077343735505,-6.378652126493023e-05
WT_07__TO__SCA3_05,False,isi,0.7333333333333333,-0.8316899010842029,-0.27606078019445873,-0.5329393742342737,-0.043829301741180826
WT_07__TO__SCA3_05,False,isi,0.7666666666666666,-0.9276011096353206,-0.13563821201444007,-0.8083531932757639,-0.011909738982230356
WT_07__TO__SCA3_05,False,isi,0.8,-0.5870251627177016,-0.21228951566893117,-0.7280416783445621,-0.00028573335963288926
WT_07__TO__SCA3_05,False,isi,0.8333333333333334,-0.5793345066574189,-0.2024501039165436,-0.8956054872372984,0.0019877699486556266
WT_07__TO__SCA3_05,False,isi,0.8666666666666667,-0.20297800515717063,-0.22942508783978638,-0.5511161713426067,-0.001722697658275818
WT_07__TO__SCA3_05,False,isi,0.9,,-0.1309266062504694,-0.26717364133299953,
WT_07__TO__SCA3_05,False,isi,0.9333333333333332,,0.07222258818855133,-0.09812266836810415,
WT_07__TO__SCA3_05,False,isi,0.9666666666666668,,0.08448306416887987,-0.31893456741222687,
WT_07__TO__SCA3_05,False,isi,1.0,,-0.14752715569579913,-0.43355652076515383,
WT_07__TO__SCA3_06,False,active,0.0,,0.1890699405014163,-6.133070439792545,
WT_07__TO__SCA3_06,False,active,0.0333333333333333,,2.443528712850535,-5.572076930432698,
WT_07__TO__SCA3_06,False,active,0.0666666666666666,,2.0184634608074363,-5.1061871406075685,
WT_07__TO__SCA3_06,False,active,0.1,,2.4437538845034386,-4.901581386515285,
WT_07__TO__SCA3_06,False,active,0.1333333333333333,,2.3516661877362504,-4.376328944443816,
WT_07__TO__SCA3_06,False,active,0.1666666666666666,,2.3413279079359635,-3.9534514984209554,
WT_07__TO__SCA3_06,False,active,0.2,,2.351941792458681,-3.9534514984209554,
WT_07__TO__SCA3_06,False,active,0.2333333333333333,,2.3415969846775346,-3.796393416060015,
WT_07__TO__SCA3_06,False,active,0.2666666666666666,,2.3003526530714917,-3.3141533177908054,
WT_07__TO__SCA3_06,False,active,0.3,,2.347266507403461,-3.0665352198962657,
WT_07__TO__SCA3_06,False,active,0.3333333333333333,,2.1780979454909417,-3.6865997618008612,
WT_07__TO__SCA3_06,False,active,0.3666666666666666,,2.6921356598499506,-3.4536715986307684,
WT_07__TO__SCA3_06,False,active,0.4,,2.48215512523204,-2.417165633446224,
WT_07__TO__SCA3_06,False,active,0.4333333333333333,,3.245116520692105,-3.0665352198962688,
WT_07__TO__SCA3_06,False,active,0.4666666666666667,,2.990232754844189,-2.903900983015259,
WT_07__TO__SCA3_06,False,active,0.5,0.18087687347375206,2.7378005733268966,-2.8534699810024415,-1.021405182655144e-14
WT_07__TO__SCA3_06,False,active,0.5333333333333333,0.1807647807476476,2.85150738901002,-2.668175947417439,-9.769962616701378e-15
WT_07__TO__SCA3_06,False,active,0.5666666666666667,0.18319571505285073,3.2497309349491195,-2.5055417105364324,-0.9481298880943361
WT_07__TO__SCA3_06,False,active,0.6,0.7679690404036423,3.636768005289021,-3.4536715986307684,-0.3871363787345048
WT_07__TO__SCA3_06,False,active,0.6333333333333333,0.1804704416311909,3.9200459632703017,-3.3141533177908054,-0.37652855680589536
WT_07__TO__SCA3_06,False,active,0.6666666666666666,0.6990286997567808,3.9177654170305227,-3.5431991636454025,0.09401929005091292
WT_07__TO__SCA3_06,False,active,0.7,0.8221387168992902,4.133756044422933,-2.95615364150492,-0.3664865887842319
WT_07__TO__SCA3_06,False,active,0.7333333333333333,0.6461192285729335,3.995564873831797,-2.8534699810024384,-0.49597566425642503
WT_07__TO__SCA3_06,False,active,0.7666666666666666,0.7462116031907308,3.8692893635977974,-3.066535219896259,-0.012394528575175201
WT_07__TO__SCA3_06,False,active,0.8,0.633234606503338,3.35057852274249,-2.9039009830152622,-0.45942030359725905
WT_07__TO__SCA3_06,False,active,0.8333333333333334,1.069476149844292,3.2490950912158807,-2.668175947417442,-0.3664865887842219
WT_07__TO__SCA3_06,False,active,0.8666666666666667,1.069417286089385,3.2490362274609637,-2.4171656334462295,-0.027162467520553513
WT_07__TO__SCA3_06,False,active,0.9,,3.248980949787878,-2.334826066409206,
WT_07__TO__SCA3_06,False,active,0.9333333333333332,,2.8480448703162593,-1.8350461666190225,
WT_07__TO__SCA3_06,False,active,0.9666666666666668,,3.349043599533938,-2.2579236126418927,
WT_07__TO__SCA3_06,False,active,1.0,,3.6199040378762812,-1.896259776188645,
WT_07__TO__SCA3_06,False,isi,0.0,,2.9396786276813915,-3.322540572508239,
WT_07__TO__SCA3_06,False,isi,0.0333333333333333,,0.21978011689699878,-2.4563006672546566,
WT_07__TO__SCA3_06,False,isi,0.0666666666666666,,1.4732667262921808,-4.595959735760162,
WT_07__TO__SCA3_06,False,isi,0.1,,0.7153487744887977,-0.07467890021203462,
WT_07__TO__SCA3_06,False,isi,0.1333333333333333,,0.27806823893792304,-3.2265039684342796,
WT_07__TO__SCA3_06,False,isi,0.1666666666666666,,0.5926698934924308,-0.7003306974101771,
WT_07__TO__SCA3_06,False,isi,0.2,,1.017048314957886,-1.0137120355432585,
WT_07__TO__SCA3_06,False,isi,0.2333333333333333,,1.6595000552402333,-1.2335099444750361,
WT_07__TO__SCA3_06,False,isi,0.2666666666666666,,1.4513417692296806,-2.339897323741489,
WT_07__TO__SCA3_06,False,isi,0.3,,0.6261634902404851,-2.013229717227975,
WT_07__TO__SCA3_06,False,isi,0.3333333333333333,,1.3561748744531008,-1.609465891967905,
WT_07__TO__SCA3_06,False,isi,0.3666666666666666,,1.2908491080405957,-1.0347952465450352,
WT_07__TO__SCA3_06,False,isi,0.4,,-0.11322207297581102,-2.1459271756948812,
WT_07__TO__SCA3_06,False,isi,0.4333333333333333,,0.7408263851649542,-2.638176818096413,
WT_07__TO__SCA3_06,False,isi,0.4666666666666667,,1.1296155157080499,-1.668886506659932,
WT_07__TO__SCA3_06,False,isi,0.5,-0.23511804577035617,1.6138021028644138,-1.5036307358396004,-1.8893804221784958
WT_07__TO__SCA3_06,False,isi,0.5333333333333333,-0.10435507698619564,0.9593768913832986,-1.7875329391236037,-0.009493275958861513
WT_07__TO__SCA3_06,False,isi,0.5666666666666667,0.5045394468271809,1.1506300831554093,-1.8286482648918327,-0.062153648388676874
WT_07__TO__SCA3_06,False,isi,0.6,-0.3016684523641811,0.35159898966472986,-1.3185554862481228,-1.442329648695397
WT_07__TO__SCA3_06,False,isi,0.6333333333333333,0.31349048442697597,1.1521487341401757,-1.1605164214473709,0.7798744456219298
WT_07__TO__SCA3_06,False,isi,0.6666666666666666,0.09047900999229809,0.6613079442237048,-0.5876387799394357,0.06662218189470265
WT_07__TO__SCA3_06,False,isi,0.7,0.33085386212124873,1.391970511712172,-1.481630219850488,0.2872633468977104
WT_07__TO__SCA3_06,False,isi,0.7333333333333333,0.7458459602386748,1.5113002754069498,-1.4347104437940097,0.019820132359217757
WT_07__TO__SCA3_06,False,isi,0.7666666666666666,0.4443003523671686,1.5059756958944412,-1.3282101800657307,0.005148887885215281
WT_07__TO__SCA3_06,False,isi,0.8,0.4701953445844599,1.6840494772197327,-1.6292903079069063,0.20389717151332198
WT_07__TO__SCA3_06,False,isi,0.8333333333333334,0.7223534373447483,1.7526977507458106,-1.8890062816844082,-0.3490910159232634
WT_07__TO__SCA3_06,False,isi,0.8666666666666667,0.7653134817238219,2.2251824939079308,-1.970499671879316,0.03552352104742251
WT_07__TO__SCA3_06,False,isi,0.9,,2.6021028255674743,-1.71001826250119,
WT_07__TO__SCA3_06,False,isi,0.9333333333333332,,2.668012548262815,-1.9013985050393882,
WT_07__TO__SCA3_06,False,isi,0.9666666666666668,,2.581696304565639,-1.68357664645223,
WT_07__TO__SCA3_06,False,isi,1.0,,2.374890046491747,-1.7746970641144548,
WT_07__TO__SCA3_09,False,active,0.0,,-0.17658801253324535,-3.3697083023278127,
WT_07__TO__SCA3_09,False,active,0.0333333333333333,,-2.3105928374821576,-2.118405331801944,
WT_07__TO__SCA3_09,False,active,0.0666666666666666,,-0.22570723210547672,-2.1184053318019362,
WT_07__TO__SCA3_09,False,active,0.1,,-0.22869769114819216,-2.1184053318019362,
WT_07__TO__SCA3_09,False,active,0.1333333333333333,,-0.1853361752910577,-1.8350461666190125,
WT_07__TO__SCA3_09,False,active,0.1666666666666666,,-0.16256299460734264,-1.8350461666190125,
WT_07__TO__SCA3_09,False,active,0.2,,-0.16263982865492693,-1.8350461666190225,
WT_07__TO__SCA3_09,False,active,0.2333333333333333,,-0.16641279736691722,-1.641477977251768,
WT_07__TO__SCA3_09,False,active,0.2666666666666666,,-0.15993919711628118,-0.6993709095314047,
WT_07__TO__SCA3_09,False,active,0.3,,-0.15995470186906618,-0.6764030341749108,
WT_07__TO__SCA3_09,False,active,0.3333333333333333,,-0.16329799007724918,-1.7140995281747349,
WT_07__TO__SCA3_09,False,active,0.3666666666666666,,-0.16700424637000394,-1.5543122344752192e-15,
WT_07__TO__SCA3_09,False,active,0.4,,-0.1851254547329151,0.0,
WT_07__TO__SCA3_09,False,active,0.4333333333333333,,-0.1849641826982152,-2.5055417105364257,
WT_07__TO__SCA3_09,False,active,0.4666666666666667,,-0.18479264293255646,-0.7430151455901259,
WT_07__TO__SCA3_09,False,active,0.5,-0.22463754052902468,-0.1845979298137946,-0.7234529606126257,-1.110223024625158e-16
WT_07__TO__SCA3_09,False,active,0.5333333333333333,-0.22720949884644037,-0.22461355400560384,-0.7048946422943962,0.0
WT_07__TO__SCA3_09,False,active,0.5666666666666667,-0.26164601654872965,-0.19379561750022434,-1.0442312071813022,-4.733165431326071e-30
WT_07__TO__SCA3_09,False,active,0.6,-0.22730294669272688,-0.1934163253907174,-0.9481298880943326,0.0
WT_07__TO__SCA3_09,False,active,0.6333333333333333,-0.9243834928931298,-0.22735665007492223,-0.8869162785246844,0.0
WT_07__TO__SCA3_09,False,active,0.6666666666666666,-0.8890935269228555,-0.22742042567344445,-1.0184238143834194,-2.3665827156630354e-30
WT_07__TO__SCA3_09,False,active,0.7,-0.1830940176840146,-0.1830940176840146,-0.886916278524691,1.554312234475217e-15
WT_07__TO__SCA3_09,False,active,0.7333333333333333,-0.22756699410199854,-0.19025506477511006,-0.7636649355403932,-2.1693674893577825e-30
WT_07__TO__SCA3_09,False,active,0.7666666666666666,-0.1910430365013117,-0.1910430365013117,-0.7048946422943994,0.0
WT_07__TO__SCA3_09,False,active,0.8,-0.8298304024637083,-0.8293229084655986,-0.6704955439174034,-0.031197363287256363
WT_07__TO__SCA3_09,False,active,0.8333333333333334,-0.800889489367552,-0.800889489367551,-0.9481298880943326,-0.017539801520997215
WT_07__TO__SCA3_09,False,active,0.8666666666666667,-0.6560462633203892,-0.6560462633203892,-0.9820199980593972,-1.665334536937737e-15
WT_07__TO__SCA3_09,False,active,0.9,,-0.7076980296285742,-0.6392981806301539,
WT_07__TO__SCA3_09,False,active,0.9333333333333332,,-0.6745385698427487,-0.5609935093598301,
WT_07__TO__SCA3_09,False,active,0.9666666666666668,,-0.6844183000118504,-0.49977989979019044,
WT_07__TO__SCA3_09,False,active,1.0,,-1.0676485431186846,-0.9012238619369419,
WT_07__TO__SCA3_09,False,isi,0.0,,-1.4991015842279278,-1.926899816241459,
WT_07__TO__SCA3_09,False,isi,0.0333333333333333,,-0.8581474359829702,-1.1372636934361586,
WT_07__TO__SCA3_09,False,isi,0.0666666666666666,,-0.8825704025579951,-0.34470455496551855,
WT_07__TO__SCA3_09,False,isi,0.1,,-0.47654791422051357,-1.0404534091578337,
WT_07__TO__SCA3_09,False,isi,0.1333333333333333,,-0.5097146682859444,-1.701051745746769,
WT_07__TO__SCA3_09,False,isi,0.1666666666666666,,-0.3286024041990227,-1.3772871782608902,
WT_07__TO__SCA3_09,False,isi,0.2,,-0.388851217650221,-1.0199119983859308,
WT_07__TO__SCA3_09,False,isi,0.2333333333333333,,-0.5589567030632598,-0.9669018733323543,
WT_07__TO__SCA3_09,False,isi,0.2666666666666666,,0.4570549862981861,-1.2438065823364264,
WT_07__TO__SCA3_09,False,isi,0.3,,0.1164367642750691,-0.9797615027983728,
WT_07__TO__SCA3_09,False,isi,0.3333333333333333,,-0.1629024219314305,-0.8882743559435411,
WT_07__TO__SCA3_09,False,isi,0.3666666666666666,,0.39592966566703214,-0.9548525221463675,
WT_07__TO__SCA3_09,False,isi,0.4,,-1.0927488753255725,-1.174671456317771,
WT_07__TO__SCA3_09,False,isi,0.4333333333333333,,-0.7826109721119905,1.1054943145438274,
WT_07__TO__SCA3_09,False,isi,0.4666666666666667,,-0.6895988728908958,-1.3550381339041528,
WT_07__TO__SCA3_09,False,isi,0.5,0.024569270432002355,-1.112011100059622,-0.7834379457153519,-0.010907849035678624
WT_07__TO__SCA3_09,False,isi,0.5333333333333333,-0.10573395745503866,-0.7647080631550144,-0.6538271901858497,0.0003248187949711368
WT_07__TO__SCA3_09,False,isi,0.5666666666666667,-0.7795052034692667,-0.15964871708440515,-0.7587380414168079,-0.11945076271656652
WT_07__TO__SCA3_09,False,isi,0.6,-1.0972367256931306,-0.23009240758086258,-0.49588992788587566,-0.0829982406551211
WT_07__TO__SCA3_09,False,isi,0.6333333333333333,-0.7047757152091,-0.13303184962148912,-0.5861194884047464,-0.035829766512559647
WT_07__TO__SCA3_09,False,isi,0.6666666666666666,-0.5283728495524014,-0.4202116721732236,-1.194831999207048,0.0001477665119314804
WT_07__TO__SCA3_09,False,isi,0.7,-0.407515693019316,-0.38477947426600395,-0.5858519332589011,0.0006119240562463541
WT_07__TO__SCA3_09,False,isi,0.7333333333333333,-0.49072863490980073,-0.372561604576316,-0.6905750094129258,-0.0001621905169202839
WT_07__TO__SCA3_09,False,isi,0.7666666666666666,-0.47307984270293724,-0.3960326223862805,-0.7147322175243774,-0.00921627206211803
WT_07__TO__SCA3_09,False,isi,0.8,-0.4669445513708538,-0.38285463733593383,-0.7959370534457233,0.0001368208316826488
WT_07__TO__SCA3_09,False,isi,0.8333333333333334,-0.48246599238555576,-0.42502616027737433,-0.6996621383009644,0.0006570457754473674
WT_07__TO__SCA3_09,False,isi,0.8666666666666667,-0.5002883991277758,-0.40657359599462056,-0.7259711156673112,2.4203469115607754e-05
WT_07__TO__SCA3_09,False,isi,0.9,,-0.490488131189069,-0.6488364703216167,
WT_07__TO__SCA3_09,False,isi,0.9333333333333332,,-0.5347858466228116,-0.5882137487547546,
WT_07__TO__SCA3_09,False,isi,0.9666666666666668,,-0.8006546256302335,-0.5197833664154334,
WT_07__TO__SCA3_09,False,isi,1.0,,-0.6432254710343626,-0.4483701127536056,
WT_08__TO__SCA3_01,True,active,0.0,,0.3481506466239354,-2.391495971977746,
WT_08__TO__SCA3_01,True,active,0.0333333333333333,,1.254238364375777,-3.6865997618008612,
WT_08__TO__SCA3_01,True,active,0.0666666666666666,,1.0697935826046017,-3.0665352198962754,
WT_08__TO__SCA3_01,True,active,0.1,,0.9266222301720819,-2.625563719085429,
WT_08__TO__SCA3_01,True,active,0.1333333333333333,,1.3432722934201904,-2.295729503407386,
WT_08__TO__SCA3_01,True,active,0.1666666666666666,,1.3923831003048694,-2.039651920711307,
WT_08__TO__SCA3_01,True,active,0.2,,1.3561348373713809,-1.8985217188529973,
WT_08__TO__SCA3_01,True,active,0.2333333333333333,,1.3954742150487873,-1.6987564615312856,
WT_08__TO__SCA3_01,True,active,0.2666666666666666,,1.6157284572873043,-1.2501735328736208,
WT_08__TO__SCA3_01,True,active,0.3,,1.242628604809052,-1.4479097878845255,
WT_08__TO__SCA3_01,True,active,0.3333333333333333,,1.4516052208178731,-1.3617500534531213,
WT_08__TO__SCA3_01,True,active,0.3666666666666666,,1.6524217077885976,-1.2852755510035099,
WT_08__TO__SCA3_01,True,active,0.4,,1.5880985506972898,-0.9820199980593921,
WT_08__TO__SCA3_01,True,active,0.4333333333333333,,1.5455309339357963,-1.17528270651621,
WT_08__TO__SCA3_01,True,active,0.4666666666666667,,1.505802458546277,-1.136385333742541,
WT_08__TO__SCA3_01,True,active,0.5,0.8119896315822409,1.699599114607869,-0.8869162785246929,-0.0006932045009352406
WT_08__TO__SCA3_01,True,active,0.5333333333333333,0.589308987206067,1.6826819771463497,-1.0826409061256912,-0.010732083814591453
WT_08__TO__SCA3_01,True,active,0.5666666666666667,0.6379697629000559,1.624397212128134,-1.0658388101016438,-0.015970289567420082
WT_08__TO__SCA3_01,True,active,0.6,0.6210168015533866,1.576939393358738,-0.9704571596606477,-0.201224502646965
WT_08__TO__SCA3_01,True,active,0.6333333333333333,0.6423834620172633,1.6057404238314439,-1.0495505154057063,-0.01522707371984977
WT_08__TO__SCA3_01,True,active,0.6666666666666666,0.6450284055318107,1.5792700330947753,-1.0495505154056928,0.01388826053136627
WT_08__TO__SCA3_01,True,active,0.7,0.9490359962838709,1.5744459163826463,-0.9481298880943309,-0.001605864063748741
WT_08__TO__SCA3_01,True,active,0.7333333333333333,0.9509664359465422,1.5763763560453177,-1.0658388101016434,-0.014909068591314245
WT_08__TO__SCA3_01,True,active,0.7666666666666666,0.948829732948376,1.5742396530471607,-1.082640906125697,-0.0006463073239394435
WT_08__TO__SCA3_01,True,active,0.8,0.9473272321200418,1.5727371522188105,-1.1178869696273521,-0.009885118689910932
WT_08__TO__SCA3_01,True,active,0.8333333333333334,0.9487052056073422,1.5741151257061168,-1.1555065732628735,-0.0006463073239260098
WT_08__TO__SCA3_01,True,active,0.8666666666666667,0.9478729431604029,1.904441842289693,-1.1957479859888756,-0.008439011034957478
WT_08__TO__SCA3_01,True,active,0.9,,1.906264826747545,-1.2852755510035165,
WT_08__TO__SCA3_01,True,active,0.9333333333333332,,1.943047779344189,-1.6510751109051922,
WT_08__TO__SCA3_01,True,active,0.9666666666666668,,2.3399338894917583,-1.8350461666190159,
WT_08__TO__SCA3_01,True,active,1.0,,3.076979900845974,-2.1999630348370207,
WT_08__TO__SCA3_01,True,isi,0.0,,1.0547638419751868,-2.6165698526711694,
WT_08__TO__SCA3_01,True,isi,0.0333333333333333,,1.0563382661068856,-2.472861644585911,
WT_08__TO__SCA3_01,True,isi,0.0666666666666666,,1.0948392676201129,-2.121835682537699,
WT_08__TO__SCA3_01,True,isi,0.1,,1.1288143793753882,-1.8941171862124664,
WT_08__TO__SCA3_01,True,isi,0.1333333333333333,,1.186338213416421,-1.7344913017855572,
WT_08__TO__SCA3_01,True,isi,0.1666666666666666,,1.2746708223921988,-1.6172433387647887,
WT_08__TO__SCA3_01,True,isi,0.2,,1.2980038908362463,-1.5219439905917462,
WT_08__TO__SCA3_01,True,isi,0.2333333333333333,,1.3361166378258182,-1.145071308580716,
WT_08__TO__SCA3_01,True,isi,0.2666666666666666,,1.3307470767601397,-1.0848644616707406,
WT_08__TO__SCA3_01,True,isi,0.3,,1.384337305652357,-1.0080422335330037,
WT_08__TO__SCA3_01,True,isi,0.3333333333333333,,1.3963071178010311,-0.9558799174766549,
WT_08__TO__SCA3_01,True,isi,0.3666666666666666,,1.401861411355805,-0.9128990860441009,
WT_08__TO__SCA3_01,True,isi,0.4,,1.4370310758253835,-0.8876996221033083,
WT_08__TO__SCA3_01,True,isi,0.4333333333333333,,1.464573834432287,-0.8455444611472365,
WT_08__TO__SCA3_01,True,isi,0.4666666666666667,,1.4942401094410667,-0.8195726666548485,
WT_08__TO__SCA3_01,True,isi,0.5,0.7089815391684136,1.5159889935465438,-0.8073140513258013,0.00030659694767098955
WT_08__TO__SCA3_01,True,isi,0.5333333333333333,0.7766723124723977,1.556759980167839,-0.7811750041250447,0.0010873364296034582
WT_08__TO__SCA3_01,True,isi,0.5666666666666667,0.6258259189216887,1.4547798021625244,-0.8290718576832217,-0.00011332692335408456
WT_08__TO__SCA3_01,True,isi,0.6,0.6426110968039307,1.4336440615419963,-0.7909557303195737,-7.72344184919449e-05
WT_08__TO__SCA3_01,True,isi,0.6333333333333333,0.7177874855325526,1.4739419955296043,-0.7562455319543567,-0.007519274388382624
WT_08__TO__SCA3_01,True,isi,0.6666666666666666,0.7546874803100403,1.4797910766013223,-0.7560961692031203,-0.007454181726934017
WT_08__TO__SCA3_01,True,isi,0.7,0.7782482414147837,1.476873076197116,-0.7691435325865184,-0.0011642897269039665
WT_08__TO__SCA3_01,True,isi,0.7333333333333333,0.8108809859640586,1.4855644034025302,-0.774889201266227,9.466326996721008e-07
WT_08__TO__SCA3_01,True,isi,0.7666666666666666,0.8374658001064549,1.4923761177357122,-0.7956682057824085,-0.001605853605523233
WT_08__TO__SCA3_01,True,isi,0.8,0.8656442167643654,1.5054330498539124,-0.8261443225575706,-0.0015131258402503178
WT_08__TO__SCA3_01,True,isi,0.8333333333333334,0.9001328509504649,1.5308701879454876,-0.8712685967180297,-0.010496107001484511
WT_08__TO__SCA3_01,True,isi,0.8666666666666667,0.936951307733603,1.5663668886993207,-0.9373564585826962,-0.012357322633956724
WT_08__TO__SCA3_01,True,isi,0.9,,1.6298901528988023,-1.032523679221077,
WT_08__TO__SCA3_01,True,isi,0.9333333333333332,,1.7384570303074613,-1.172162369342181,
WT_08__TO__SCA3_01,True,isi,0.9666666666666668,,1.979019953182665,-1.4123103420069607,
WT_08__TO__SCA3_01,True,isi,1.0,,2.462525193643654,-2.012565782585514,
WT_08__TO__SCA3_02,False,active,0.0,,0.08447068579998673,-2.391495971977746,
WT_08__TO__SCA3_02,False,active,0.0333333333333333,,0.07826706876769657,-3.1903442688435457,
WT_08__TO__SCA3_02,False,active,0.0666666666666666,,0.07883465372105444,-3.3511142273786674,
WT_08__TO__SCA3_02,False,active,0.1,,0.35574516385267474,-3.355577505426516,
WT_08__TO__SCA3_02,False,active,0.1333333333333333,,-1.0120587736836812,-4.9678903818146045,
WT_08__TO__SCA3_02,False,active,0.1666666666666666,,-1.0692928695873183,-3.6865997618008537,
WT_08__TO__SCA3_02,False,active,0.2,,-1.1396523993819079,-4.262283205885141,
WT_08__TO__SCA3_02,False,active,0.2333333333333333,,-0.8793503992516157,-2.5055417105364333,
WT_08__TO__SCA3_02,False,active,0.2666666666666666,,-0.12119208180855173,-2.23340543909784,
WT_08__TO__SCA3_02,False,active,0.3,,-0.921782491027311,-2.5055417105364337,
WT_08__TO__SCA3_02,False,active,0.3333333333333333,,-0.8107983931395377,-2.2334054390978406,
WT_08__TO__SCA3_02,False,active,0.3666666666666666,,-0.12091106648546363,-1.3753901862118192,
WT_08__TO__SCA3_02,False,active,0.4,,-0.12102306758495138,-1.0576319226519093,
WT_08__TO__SCA3_02,False,active,0.4333333333333333,,-0.12092193093165757,-1.0184238143834268,
WT_08__TO__SCA3_02,False,active,0.4666666666666667,,-0.7056425848001284,-1.145866143105234,
WT_08__TO__SCA3_02,False,active,0.5,-0.12067221735078434,-0.10539246129964835,-0.9064229285368138,-0.30204364477929235
WT_08__TO__SCA3_02,False,active,0.5333333333333333,-0.043414639792618566,-0.12026979715218748,-0.8869162785246925,-2.220446049250313e-16
WT_08__TO__SCA3_02,False,active,0.5666666666666667,-0.5429216823784399,0.4340117386629215,-0.8869162785246856,-1.5543122344752192e-15
WT_08__TO__SCA3_02,False,active,0.6,-0.1199034666517668,-0.11990346665176763,-0.8591817935790829,8.326672684688674e-16
WT_08__TO__SCA3_02,False,active,0.6333333333333333,-0.556169267117259,-0.11986491956104658,-0.8331297807984197,0.0
WT_08__TO__SCA3_02,False,active,0.6666666666666666,0.26730317280319194,0.2822492819640285,-0.7854956512133224,-0.37652855680589536
WT_08__TO__SCA3_02,False,active,0.7,0.23711593876502407,0.2519448619891246,-0.7636649355403923,-0.012188411110411135
WT_08__TO__SCA3_02,False,active,0.7333333333333333,-1.1728619105991527,-0.46823226217288805,-1.07138123107863,-0.010607821928602323
WT_08__TO__SCA3_02,False,active,0.7666666666666666,0.531850814512383,0.7278902761325313,-0.7234529606126177,-0.009520216955843819
WT_08__TO__SCA3_02,False,active,0.8,0.26125240273183353,0.26125240273183353,-0.6872648353529135,-0.29035293150415986
WT_08__TO__SCA3_02,False,active,0.8333333333333334,-0.11951301588024463,0.21164596315026907,-0.6704955439174187,0.0
WT_08__TO__SCA3_02,False,active,0.8666666666666667,-0.12530459335024943,-0.11984142946922262,-0.639298180630149,-0.007792703711023585
WT_08__TO__SCA3_02,False,active,0.9,,-0.126130047221727,-0.6247636127748453,
WT_08__TO__SCA3_02,False,active,0.9333333333333332,,-0.11108031358849503,-0.597591221072627,
WT_08__TO__SCA3_02,False,active,0.9666666666666668,,-0.3452737593341941,-0.5848726337454013,
WT_08__TO__SCA3_02,False,active,1.0,,0.7312576914499199,-0.6067254405024001,
WT_08__TO__SCA3_02,False,isi,0.0,,0.24678329000942384,-2.516928767591235,
WT_08__TO__SCA3_02,False,isi,0.0333333333333333,,0.21464536680266083,-2.581081329425771,
WT_08__TO__SCA3_02,False,isi,0.0666666666666666,,0.24389581700440838,-2.4219644080303606,
WT_08__TO__SCA3_02,False,isi,0.1,,0.26695434700650833,-2.070370811711835,
WT_08__TO__SCA3_02,False,isi,0.1333333333333333,,0.010550178604909623,-1.1876667211908285,
WT_08__TO__SCA3_02,False,isi,0.1666666666666666,,-0.17928390776761813,-1.549645152487037,
WT_08__TO__SCA3_02,False,isi,0.2,,-0.9749632839183149,-1.315632368776237,
WT_08__TO__SCA3_02,False,isi,0.2333333333333333,,-0.6645436850895633,-2.189878042837868,
WT_08__TO__SCA3_02,False,isi,0.2666666666666666,,-0.6089831487482597,-1.9407052808813854,
WT_08__TO__SCA3_02,False,isi,0.3,,-0.6630610328223466,-1.9791032618963746,
WT_08__TO__SCA3_02,False,isi,0.3333333333333333,,-0.8020171231672263,-1.459970783396924,
WT_08__TO__SCA3_02,False,isi,0.3666666666666666,,-0.32708561720860213,-1.3036501110292293,
WT_08__TO__SCA3_02,False,isi,0.4,,-0.21015957463025445,-1.0947175779682652,
WT_08__TO__SCA3_02,False,isi,0.4333333333333333,,0.7235856002561356,-0.9263734656055133,
WT_08__TO__SCA3_02,False,isi,0.4666666666666667,,1.0635518396770158,-0.9664447518004382,
WT_08__TO__SCA3_02,False,isi,0.5,-0.8272532245630156,-0.21710274977613003,-0.9099232867183232,-0.1445171997930883
WT_08__TO__SCA3_02,False,isi,0.5333333333333333,-0.05042976650137963,0.0014788847314395341,-0.8788904356586762,0.00017320089090322455
WT_08__TO__SCA3_02,False,isi,0.5666666666666667,-0.7768003385811317,0.3578723100728013,-0.8287854125122486,0.00021417067123075118
WT_08__TO__SCA3_02,False,isi,0.6,0.0731913487051969,-0.16326829974147003,-0.7816743524845083,0.0002412268773208659
WT_08__TO__SCA3_02,False,isi,0.6333333333333333,-0.018385912443121686,-0.15782804280482707,-0.7371066713495896,-0.0002093557587194983
WT_08__TO__SCA3_02,False,isi,0.6666666666666666,-0.06198146343221829,0.05688834199971586,-0.6776585046475002,-0.0009588712166070934
WT_08__TO__SCA3_02,False,isi,0.7,-0.3516961857506567,-0.0560429347402005,-0.6257458668628666,-0.01327642759252945
WT_08__TO__SCA3_02,False,isi,0.7333333333333333,-0.6918427199850391,-0.2966570994627465,-0.7714515950709285,-0.011963613099145065
WT_08__TO__SCA3_02,False,isi,0.7666666666666666,0.5048154925914329,0.5313628712672459,-0.7526124996439201,-0.021314525494933623
WT_08__TO__SCA3_02,False,isi,0.8,0.033864537709368266,0.0878097411992733,-0.5484542709165859,0.011573894517599603
WT_08__TO__SCA3_02,False,isi,0.8333333333333334,0.02001692617306511,-0.008006256970258531,-0.5027854049958748,0.0004407235081391736
WT_08__TO__SCA3_02,False,isi,0.8666666666666667,-0.4952905605283005,-0.26205913280559456,-0.47332376997649456,0.00039243991784981835
WT_08__TO__SCA3_02,False,isi,0.9,,-0.166862595851715,-0.4465937792420253,
WT_08__TO__SCA3_02,False,isi,0.9333333333333332,,-0.1881212014022205,-0.42029766955664666,
WT_08__TO__SCA3_02,False,isi,0.9666666666666668,,-0.2963297195993222,-0.396113996684307,
WT_08__TO__SCA3_02,False,isi,1.0,,0.6787317421768821,-0.3967171836846646,
WT_08__TO__SCA3_04,True,active,0.0,,0.17692868668119535,-2.391495971977746,
WT_08__TO__SCA3_04,True,active,0.0333333333333333,,0.1363191949838519,-2.5055417105364426,
WT_08__TO__SCA3_04,True,active,0.0666666666666666,,0.19774561789408715,-2.5055417105364275,
WT_08__TO__SCA3_04,True,active,0.1,,0.1976087391308866,-2.295729503407397,
WT_08__TO__SCA3_04,True,active,0.1333333333333333,,1.2388802208374545,-1.8506448482626494,
WT_08__TO__SCA3_04,True,active,0.1666666666666666,,0.7554854020782019,-2.2360477065070965,
WT_08__TO__SCA3_04,True,active,0.2,,0.2136017654367373,-2.5055417105364417,
WT_08__TO__SCA3_04,True,active,0.2333333333333333,,0.15392667672417104,-2.505541710536427,
WT_08__TO__SCA3_04,True,active,0.2666666666666666,,0.1798524525556072,-2.1702939385777316,
WT_08__TO__SCA3_04,True,active,0.3,,0.12153909052949624,-2.311973521169182,
WT_08__TO__SCA3_04,True,active,0.3333333333333333,,0.1437447157709459,-2.3119735211691843,
WT_08__TO__SCA3_04,True,active,0.3666666666666666,,0.13955350795794683,-2.505541710536434,
WT_08__TO__SCA3_04,True,active,0.4,,0.637470034491161,-1.309793724547555,
WT_08__TO__SCA3_04,True,active,0.4333333333333333,,1.280810647566805,-1.3097937245475544,
WT_08__TO__SCA3_04,True,active,0.4666666666666667,,1.28008717856113,-1.3097937245475608,
WT_08__TO__SCA3_04,True,active,0.5,-1.1485221163136738,0.8053610824673382,-1.3097937245475617,-1.3097937245475595
WT_08__TO__SCA3_04,True,active,0.5333333333333333,-1.0076721662312094,1.3139575654920737,-1.3097937245475602,-1.1641087694654897
WT_08__TO__SCA3_04,True,active,0.5666666666666667,-0.515589047703495,1.3186448658918641,-1.3097937245475617,-1.110223024625156e-16
WT_08__TO__SCA3_04,True,active,0.6,0.13325438066911063,0.6987474944786907,-1.309793724547555,1.110223024625157e-16
WT_08__TO__SCA3_04,True,active,0.6333333333333333,0.13782407946051164,0.13782407946051164,-1.37885175621604,1.110223024625157e-16
WT_08__TO__SCA3_04,True,active,0.6666666666666666,0.13727535257130305,0.13727535257130305,-1.3788517562160407,1.2212453270876722e-15
WT_08__TO__SCA3_04,True,active,0.7,0.1394129658353063,0.7532573769943,-1.447909787884526,0.0
WT_08__TO__SCA3_04,True,active,0.7333333333333333,-0.5849423411774834,0.8072241643695723,-1.4479097878845257,-4.440892098500624e-16
WT_08__TO__SCA3_04,True,active,0.7666666666666666,0.0526915434225431,0.8068165601724462,-1.4479097878845246,-9.992007221626407e-16
WT_08__TO__SCA3_04,True,active,0.8,0.13837782596916595,1.5862876138536848,-1.447909787884518,-6.661338147750939e-16
WT_08__TO__SCA3_04,True,active,0.8333333333333334,0.04815260518752517,0.8646476539414929,-1.4479097878845195,-3.3306690738754686e-16
WT_08__TO__SCA3_04,True,active,0.8666666666666667,0.1404685650667273,0.8644234590089906,-1.6186254320117432,0.0
WT_08__TO__SCA3_04,True,active,0.9,,0.945736779476908,-1.6186254320117432,
WT_08__TO__SCA3_04,True,active,0.9333333333333332,,1.757443270384706,-1.6186254320117421,
WT_08__TO__SCA3_04,True,active,0.9666666666666668,,1.7584733257424487,-1.6186254320117426,
WT_08__TO__SCA3_04,True,active,1.0,,3.382084635865527,0.0,
WT_08__TO__SCA3_04,True,isi,0.0,,0.4947923712809253,-1.8660847692566405,
WT_08__TO__SCA3_04,True,isi,0.0333333333333333,,0.4777401846515568,-1.9016624281350876,
WT_08__TO__SCA3_04,True,isi,0.0666666666666666,,0.5139556093104326,-1.7614565337165213,
WT_08__TO__SCA3_04,True,isi,0.1,,0.49894412261510523,-1.737046085724098,
WT_08__TO__SCA3_04,True,isi,0.1333333333333333,,0.4659472951245444,-1.600665180399856,
WT_08__TO__SCA3_04,True,isi,0.1666666666666666,,0.565277556961411,-1.5154629458284667,
WT_08__TO__SCA3_04,True,isi,0.2,,0.5356363173131078,-1.3933429178610095,
WT_08__TO__SCA3_04,True,isi,0.2333333333333333,,0.5647127713388623,-1.3192534058183158,
WT_08__TO__SCA3_04,True,isi,0.2666666666666666,,0.6280038071558088,-1.2480227505322163,
WT_08__TO__SCA3_04,True,isi,0.3,,0.679801924635472,-1.2015877718798424,
WT_08__TO__SCA3_04,True,isi,0.3333333333333333,,0.7497924271293881,-1.1365366603793283,
WT_08__TO__SCA3_04,True,isi,0.3666666666666666,,0.8044880403791071,-1.0732851345163876,
WT_08__TO__SCA3_04,True,isi,0.4,,0.6593295233074945,-1.3137008809338673,
WT_08__TO__SCA3_04,True,isi,0.4333333333333333,,0.6087712757039244,-1.3688905341535271,
WT_08__TO__SCA3_04,True,isi,0.4666666666666667,,0.6180960690739726,-1.3468486497198648,
WT_08__TO__SCA3_04,True,isi,0.5,-0.22161925357520101,0.6279436351779369,-1.0880844565250432,0.09233859767264921
WT_08__TO__SCA3_04,True,isi,0.5333333333333333,-0.23005241554771855,0.6456171146769235,-1.1091716459544445,0.10577706012674722
WT_08__TO__SCA3_04,True,isi,0.5666666666666667,-0.3310456939194383,0.6638732912912972,-1.3068441865159997,0.051729555599047475
WT_08__TO__SCA3_04,True,isi,0.6,-0.17470699903443832,0.7874480302279869,-0.9640608934400505,-0.15957327822241368
WT_08__TO__SCA3_04,True,isi,0.6333333333333333,-0.23087184980098563,0.8934476616366429,-1.0658574642186984,-0.08991635221865012
WT_08__TO__SCA3_04,True,isi,0.6666666666666666,-0.25294200933760735,0.9244026511001882,-1.0533204316837899,-0.09123850917226431
WT_08__TO__SCA3_04,True,isi,0.7,-0.2204374999462204,0.7831285711744181,-1.133038958199176,-0.0115600577271005
WT_08__TO__SCA3_04,True,isi,0.7333333333333333,-0.044913725076474724,0.80652981722134,-1.1335895983927848,0.008001501730950046
WT_08__TO__SCA3_04,True,isi,0.7666666666666666,0.027274598871468027,0.8342816011876228,-1.0728244008568562,0.0017717827379444833
WT_08__TO__SCA3_04,True,isi,0.8,-0.08204663191815162,0.7483457689541926,-1.0740019209419827,-0.0022215523623150815
WT_08__TO__SCA3_04,True,isi,0.8333333333333334,-0.017329019292984915,1.028212774266935,-1.0643309305960544,0.0037362583228068855
WT_08__TO__SCA3_04,True,isi,0.8666666666666667,-0.06730940866440298,1.0779678455396118,-0.9052318173686602,0.0007652050961088205
WT_08__TO__SCA3_04,True,isi,0.9,,0.9571716087781825,-1.1636942432394974,
WT_08__TO__SCA3_04,True,isi,0.9333333333333332,,0.8295805227677024,-0.9224230903169588,
WT_08__TO__SCA3_04,True,isi,0.9666666666666668,,0.9153615236492166,-0.9259763183595845,
WT_08__TO__SCA3_04,True,isi,1.0,,0.6287138529740103,-1.7112204179052963,
WT_08__TO__SCA3_05,False,active,0.0,,0.13324622596149197,-2.391495971977746,
WT_08__TO__SCA3_05,False,active,0.0333333333333333,,0.12477340678405893,-2.118405331801932,
WT_08__TO__SCA3_05,False,active,0.0666666666666666,,0.09530930843550475,-1.9665537024777509,
WT_08__TO__SCA3_05,False,active,0.1,,0.10029301974584753,-1.900799934548386,
WT_08__TO__SCA3_05,False,active,0.1333333333333333,,0.10431269099727028,-1.8350461666190225,
WT_08__TO__SCA3_05,False,active,0.1666666666666666,,0.061726077154050873,-1.8350461666190228,
WT_08__TO__SCA3_05,False,active,0.2,,0.44531416980744665,-2.112793884929773,
WT_08__TO__SCA3_05,False,active,0.2333333333333333,,0.07664433849830637,-2.1127938849297725,
WT_08__TO__SCA3_05,False,active,0.2666666666666666,,0.8367763578367461,-2.0620835712740884,
WT_08__TO__SCA3_05,False,active,0.3,,0.09521917415232901,-2.143400689714592,
WT_08__TO__SCA3_05,False,active,0.3333333333333333,,0.8089731568741669,-2.098343372110444,
WT_08__TO__SCA3_05,False,active,0.3666666666666666,,0.3976102564295867,-2.221278831797993,
WT_08__TO__SCA3_05,False,active,0.4,,0.7504946024343813,-1.4479097878845262,
WT_08__TO__SCA3_05,False,active,0.4333333333333333,,0.36425949691813886,-1.447909787884524,
WT_08__TO__SCA3_05,False,active,0.4666666666666667,,0.7165591183525221,-1.375390186211807,
WT_08__TO__SCA3_05,False,active,0.5,-1.145693014077116,0.6864352426173477,-1.4380270494322143,-0.0407788515175429
WT_08__TO__SCA3_05,False,active,0.5333333333333333,-1.391632413351316,0.6746608627936261,-2.1552089351246746,-0.006828780883149532
WT_08__TO__SCA3_05,False,active,0.5666666666666667,-1.2135834527882634,0.6805102975698079,-2.1881644722219122,-0.6392981806301492
WT_08__TO__SCA3_05,False,active,0.6,-0.8838507277717009,0.6585091450941529,-1.9206690767910424,0.23348111970627095
WT_08__TO__SCA3_05,False,active,0.6333333333333333,-1.1547413150467938,0.5638744128883095,-1.2501735328736232,0.0
WT_08__TO__SCA3_05,False,active,0.6666666666666666,-0.5156228454041141,0.7112896733950942,-1.4479097878845195,-0.45061193096847896
WT_08__TO__SCA3_05,False,active,0.7,-0.5106973475365446,0.5458916391612808,-1.8350461666190208,0.4506119309684792
WT_08__TO__SCA3_05,False,active,0.7333333333333333,-1.1009237754227172,1.0851335702728726,-1.1957479859888722,-1.195747985988874
WT_08__TO__SCA3_05,False,active,0.7666666666666666,-0.48505484381857156,0.5409752709662752,-1.7567414953487068,3.3306690738754696e-15
WT_08__TO__SCA3_05,False,active,0.8,-1.0513421505981733,1.061962996135679,-1.7567414953487086,-0.534990790861749
WT_08__TO__SCA3_05,False,active,0.8333333333333334,-0.2936038854738735,0.5269007840772271,-1.8350461666190225,0.003997217196924918
WT_08__TO__SCA3_05,False,active,0.8666666666666667,-0.04297815652833715,0.9247550065801978,-2.1184053318019362,8.881784197001252e-16
WT_08__TO__SCA3_05,False,active,0.9,,1.036963898644515,-2.1184053318019465,
WT_08__TO__SCA3_05,False,active,0.9333333333333332,,0.906051674604365,-2.11840533180194,
WT_08__TO__SCA3_05,False,active,0.9666666666666668,,0.507388941605117,-2.505541710536439,
WT_08__TO__SCA3_05,False,active,1.0,,1.099777167125172,-1.5687435891280923,
WT_08__TO__SCA3_05,False,isi,0.0,,0.35759692358495526,-1.326372846877503,
WT_08__TO__SCA3_05,False,isi,0.0333333333333333,,0.3663726039220053,-1.4042015410664561,
WT_08__TO__SCA3_05,False,isi,0.0666666666666666,,0.3742085604504649,-1.3919559259301146,
WT_08__TO__SCA3_05,False,isi,0.1,,0.4163792569160955,-1.390400262757118,
WT_08__TO__SCA3_05,False,isi,0.1333333333333333,,0.44513869550614354,-1.4194217720970783,
WT_08__TO__SCA3_05,False,isi,0.1666666666666666,,0.44953727277028327,-1.3989145033745156,
WT_08__TO__SCA3_05,False,isi,0.2,,0.43545008677736957,-1.3901629760072518,
WT_08__TO__SCA3_05,False,isi,0.2333333333333333,,0.324666869684061,-1.3679860764273422,
WT_08__TO__SCA3_05,False,isi,0.2666666666666666,,0.3945244304944538,-1.4585210392122154,
WT_08__TO__SCA3_05,False,isi,0.3,,0.4607226770184234,-1.348616756979397,
WT_08__TO__SCA3_05,False,isi,0.3333333333333333,,0.4100336536289596,-1.426881220713439,
WT_08__TO__SCA3_05,False,isi,0.3666666666666666,,0.40488913728274056,-1.2524361934240367,
WT_08__TO__SCA3_05,False,isi,0.4,,0.45147623647292756,-1.2581541382431092,
WT_08__TO__SCA3_05,False,isi,0.4333333333333333,,0.38118192731521716,-1.2092998693556734,
WT_08__TO__SCA3_05,False,isi,0.4666666666666667,,0.45693768080741337,-1.2170767005884495,
WT_08__TO__SCA3_05,False,isi,0.5,-1.3624570013629387,0.3292749494357145,-1.6757466349490304,-0.005981160546251363
WT_08__TO__SCA3_05,False,isi,0.5333333333333333,-0.5893905009141978,0.437781544335339,-1.5226843679316158,0.012694794125506947
WT_08__TO__SCA3_05,False,isi,0.5666666666666667,-1.1811069734554447,0.32851495835695405,-1.209007101383258,-0.6104716600572129
WT_08__TO__SCA3_05,False,isi,0.6,-0.5562828446526473,0.23255929851591275,-1.0336292834997987,-0.10350167216594547
WT_08__TO__SCA3_05,False,isi,0.6333333333333333,-0.32212507001679525,0.6130627438085611,-1.1885185057336813,-0.0004917959073613698
WT_08__TO__SCA3_05,False,isi,0.6666666666666666,-0.11245876336051361,0.6354342520543036,-1.0824345210368085,-6.095887924939536e-05
WT_08__TO__SCA3_05,False,isi,0.7,-0.17490884471670246,0.8177554317514271,-0.7293480787503648,-0.2601275506693681
WT_08__TO__SCA3_05,False,isi,0.7333333333333333,-0.2132444997570055,0.5929330169176756,-1.2183841196550347,0.1959085167896946
WT_08__TO__SCA3_05,False,isi,0.7666666666666666,-0.5806103168208677,0.8192969172063199,-1.2463289243386624,-0.3657638584569718
WT_08__TO__SCA3_05,False,isi,0.8,-0.1721967789639445,0.6385602296644789,-0.9167152544460552,-4.9533197346351976e-05
WT_08__TO__SCA3_05,False,isi,0.8333333333333334,-0.09442135171911673,0.829546081114548,-0.9192097340054552,-0.004757698828209422
WT_08__TO__SCA3_05,False,isi,0.8666666666666667,-0.01297523875923912,0.8769553615443267,-0.6659685029459101,-0.010646791672183076
WT_08__TO__SCA3_05,False,isi,0.9,,0.27288153214384664,-0.47647718202443273,
WT_08__TO__SCA3_05,False,isi,0.9333333333333332,,0.43157744758271455,-0.35410406404524536,
WT_08__TO__SCA3_05,False,isi,0.9666666666666668,,0.4465357609874955,-0.41419233376785336,
WT_08__TO__SCA3_05,False,isi,1.0,,0.28651557249609627,-0.68269997149436,
WT_08__TO__SCA3_06,True,active,0.0,,0.3058600714062693,-2.391495971977746,
WT_08__TO__SCA3_06,True,active,0.0333333333333333,,1.2538816401162889,-2.8534699810024433,
WT_08__TO__SCA3_06,True,active,0.0666666666666666,,1.0266627999455116,-2.2334054390978393,
WT_08__TO__SCA3_06,True,active,0.1,,1.5330150292707352,-1.9206690767910408,
WT_08__TO__SCA3_06,True,active,0.1333333333333333,,0.8210968852534938,-2.203498065757136,
WT_08__TO__SCA3_06,True,active,0.1666666666666666,,1.229281763535207,-1.4479097878845137,
WT_08__TO__SCA3_06,True,active,0.2,,1.1394273937381252,-1.720046059323113,
WT_08__TO__SCA3_06,True,active,0.2333333333333333,,1.4856366405489438,-1.6186254320117361,
WT_08__TO__SCA3_06,True,active,0.2666666666666666,,1.0319030845180115,-1.487117896153023,
WT_08__TO__SCA3_06,True,active,0.3,,1.3320521475373743,-1.410717795965529,
WT_08__TO__SCA3_06,True,active,0.3333333333333333,,1.6285634101399402,-1.3417900897028974,
WT_08__TO__SCA3_06,True,active,0.3666666666666666,,1.5649375517266038,-1.6186254320117492,
WT_08__TO__SCA3_06,True,active,0.4,,1.5346972511068098,-1.5457211091669574,
WT_08__TO__SCA3_06,True,active,0.4333333333333333,,1.795098842516969,-1.5116798912995308,
WT_08__TO__SCA3_06,True,active,0.4666666666666667,,1.7716299812653684,-1.1957479859888718,
WT_08__TO__SCA3_06,True,active,0.5,0.5819453607314956,1.7655049356099481,-1.4791071511717877,0.29554757629333506
WT_08__TO__SCA3_06,True,active,0.5333333333333333,0.5860532206185044,2.047247139673883,-1.4791071511717861,0.017913232116407496
WT_08__TO__SCA3_06,True,active,0.5666666666666667,0.5801410596649561,2.041334978720327,-1.4791071511717893,0.017913232116418376
WT_08__TO__SCA3_06,True,active,0.6,0.5844225942558905,2.3615484186219287,-1.4791071511717877,-0.29801867319425046
WT_08__TO__SCA3_06,True,active,0.6333333333333333,0.8857960099053582,2.083243845315185,-1.7950390564824532,0.5975912210726266
WT_08__TO__SCA3_06,True,active,0.6666666666666666,0.9035042568117337,2.4110342363701913,-1.511679891299532,0.004149911741074375
WT_08__TO__SCA3_06,True,active,0.7,0.9118990220750488,2.4533405549497282,-1.5457211091669565,0.004279576292277154
WT_08__TO__SCA3_06,True,active,0.7333333333333333,0.9285043176410809,2.5054227900953046,-1.581332511904137,0.004414039449913254
WT_08__TO__SCA3_06,True,active,0.7666666666666666,0.9433596275102026,2.9143980922456394,-1.96655370247775,-0.004484762257686903
WT_08__TO__SCA3_06,True,active,0.8,1.3069399259863992,2.9785227746933587,-1.6987564615312982,0.027173612824338722
WT_08__TO__SCA3_06,True,active,0.8333333333333334,1.3349567419143262,3.435565425899605,-2.118405331801941,0.01779664781666268
WT_08__TO__SCA3_06,True,active,0.8666666666666667,1.39046564626533,3.604637446637625,-1.8350461666190192,-0.3791256337532758
WT_08__TO__SCA3_06,True,active,0.9,,4.13245012851515,-2.2957295034073826,
WT_08__TO__SCA3_06,True,active,0.9333333333333332,,4.36150222342486,-2.4314583363738485,
WT_08__TO__SCA3_06,True,active,0.9666666666666668,,4.619906350751379,-2.584295121627062,
WT_08__TO__SCA3_06,True,active,1.0,,4.52665319290035,-2.8958195757690257,
WT_08__TO__SCA3_06,True,isi,0.0,,0.9340126989120516,-2.095465399286229,
WT_08__TO__SCA3_06,True,isi,0.0333333333333333,,0.9753732945462403,-2.0172330048266813,
WT_08__TO__SCA3_06,True,isi,0.0666666666666666,,0.9938614559770383,-1.8244137493716015,
WT_08__TO__SCA3_06,True,isi,0.1,,1.0171330056367682,-1.6721739486929774,
WT_08__TO__SCA3_06,True,isi,0.1333333333333333,,1.0821523356368121,-1.5374199129654502,
WT_08__TO__SCA3_06,True,isi,0.1666666666666666,,1.1049076082860656,-1.473469198822532,
WT_08__TO__SCA3_06,True,isi,0.2,,1.149257902965698,-1.384533769626269,
WT_08__TO__SCA3_06,True,isi,0.2333333333333333,,1.1858547774723984,-1.3248080544210814,
WT_08__TO__SCA3_06,True,isi,0.2666666666666666,,1.2564596409550999,-1.2853200086539875,
WT_08__TO__SCA3_06,True,isi,0.3,,1.284801019403264,-1.2511006953818733,
WT_08__TO__SCA3_06,True,isi,0.3333333333333333,,1.3122328820518923,-1.227115965392765,
WT_08__TO__SCA3_06,True,isi,0.3666666666666666,,1.3702611248707488,-1.1847521891415769,
WT_08__TO__SCA3_06,True,isi,0.4,,1.428915198787068,-1.1778853010993777,
WT_08__TO__SCA3_06,True,isi,0.4333333333333333,,1.4710195567685689,-1.1726133245915298,
WT_08__TO__SCA3_06,True,isi,0.4666666666666667,,1.5564167979247787,-1.1982759827419682,
WT_08__TO__SCA3_06,True,isi,0.5,0.4188920933354056,1.6225834058487631,-1.177516393960202,-0.026174918553155457
WT_08__TO__SCA3_06,True,isi,0.5333333333333333,0.4965160941668671,1.6860067066158126,-1.1871080573052843,-0.002382555143661147
WT_08__TO__SCA3_06,True,isi,0.5666666666666667,0.5632457544062041,1.7698100042250606,-1.2035426770471829,-0.0030215727716735863
WT_08__TO__SCA3_06,True,isi,0.6,0.647850502756256,1.8418137499027982,-1.227292940963565,0.033329693817022665
WT_08__TO__SCA3_06,True,isi,0.6333333333333333,0.6964025834842384,1.9842112190397136,-1.2202055844893422,-0.06760305106613296
WT_08__TO__SCA3_06,True,isi,0.6666666666666666,0.788586862718463,2.0791141657445267,-1.289526692128793,-0.0010006108972708816
WT_08__TO__SCA3_06,True,isi,0.7,0.874642195145607,2.205078658630199,-1.328045813468825,-0.002390650015767104
WT_08__TO__SCA3_06,True,isi,0.7333333333333333,0.9803424003168767,2.36007710833213,-1.3754114077914694,-0.004323300223783688
WT_08__TO__SCA3_06,True,isi,0.7666666666666666,1.0945564096283797,2.4770419551181653,-1.3796312322587314,-0.0028543132310541175
WT_08__TO__SCA3_06,True,isi,0.8,1.1693540320627374,2.6731516153310726,-1.486641483435742,-0.017156099832593252
WT_08__TO__SCA3_06,True,isi,0.8333333333333334,1.3146326025781465,2.8336089395945603,-1.5028311191985064,-0.016145217817907342
WT_08__TO__SCA3_06,True,isi,0.8666666666666667,1.4655294658470261,3.059862058719109,-1.6451329296124182,0.05080033674033535
WT_08__TO__SCA3_06,True,isi,0.9,,3.2711009371391904,-1.6780973547680775,
WT_08__TO__SCA3_06,True,isi,0.9333333333333332,,3.5729483631911814,-1.7774223207185573,
WT_08__TO__SCA3_06,True,isi,0.9666666666666668,,3.9301820689724063,-1.8942254524542506,
WT_08__TO__SCA3_06,True,isi,1.0,,3.881098460108586,-2.1895291853668923,
WT_08__TO__SCA3_09,True,active,0.0,,-0.06267259286912798,-2.391495971977746,
WT_08__TO__SCA3_09,True,active,0.0333333333333333,,-0.09305065543140882,-1.966553702477749,
WT_08__TO__SCA3_09,True,active,0.0666666666666666,,-0.9450558350994768,-2.194111003370277,
WT_08__TO__SCA3_09,True,active,0.1,,-0.899829106341463,-2.960002600449353,
WT_08__TO__SCA3_09,True,active,0.1333333333333333,,-0.4294127299492944,-2.7162793247963744,
WT_08__TO__SCA3_09,True,active,0.1666666666666666,,-0.44826258344495434,-2.8308022477236685,
WT_08__TO__SCA3_09,True,active,0.2,,-0.49309668845750676,-3.63161098205858,
WT_08__TO__SCA3_09,True,active,0.2333333333333333,,-1.1987425269024186,-2.7860384652163472,
WT_08__TO__SCA3_09,True,active,0.2666666666666666,,-0.08364462484868608,-1.6103549859878703,
WT_08__TO__SCA3_09,True,active,0.3,,-0.8073665351708018,-4.212773455717573,
WT_08__TO__SCA3_09,True,active,0.3333333333333333,,-2.2459065295136904,-2.17029393857772,
WT_08__TO__SCA3_09,True,active,0.3666666666666666,,-0.8068660673479905,-3.4034607397116967,
WT_08__TO__SCA3_09,True,active,0.4,,0.3838092201117756,-2.4981967431742085,
WT_08__TO__SCA3_09,True,active,0.4333333333333333,,-2.066705197712448,-2.5745997422049145,
WT_08__TO__SCA3_09,True,active,0.4666666666666667,,-0.624653924607164,-1.9767257492104784,
WT_08__TO__SCA3_09,True,active,0.5,-0.5291397214381253,-4.039133080596737,-1.0983550015361232,1.998401444325282e-15
WT_08__TO__SCA3_09,True,active,0.5333333333333333,-1.3419020798336512,0.3543269146969102,-1.5149198919353364,-0.8362059648690056
WT_08__TO__SCA3_09,True,active,0.5666666666666667,-4.382836880009641,-0.47414916409600355,-4.2439354878723465,-0.08131711844050259
WT_08__TO__SCA3_09,True,active,0.6,-7.346557436375276,-2.586685756747248,-6.912966069017262,1.1184757078991194
WT_08__TO__SCA3_09,True,active,0.6333333333333333,-6.554589562770303,-2.061319352372811,-5.765101317313563,0.550283041027849
WT_08__TO__SCA3_09,True,active,0.6666666666666666,-2.182680485924368,-1.0018601971234327,-1.8053648404958527,-0.2632972054914277
WT_08__TO__SCA3_09,True,active,0.7,-1.708366516468735,-1.001611171714965,-1.9291738894431256,0.013867242472809462
WT_08__TO__SCA3_09,True,active,0.7333333333333333,-2.0605712124257263,-1.3873266321391484,-1.5364260638364626,-1.1028354770761173
WT_08__TO__SCA3_09,True,active,0.7666666666666666,0.29638845230139943,-0.08361855007564868,-0.6764030341749093,-0.22725280666179634
WT_08__TO__SCA3_09,True,active,0.8,-0.7346479564515546,-0.07975109417777294,-1.3312998964486895,-0.01581408365036629
WT_08__TO__SCA3_09,True,active,0.8333333333333334,-0.6774267592195665,-0.38499044234686364,-0.9818407102966477,-0.015814083650361407
WT_08__TO__SCA3_09,True,active,0.8666666666666667,-1.2272294127122727,-0.3598614156884955,-1.2493361057275247,-0.3102490091215267
WT_08__TO__SCA3_09,True,active,0.9,,-0.6181744471623108,-1.7781520670534754,
WT_08__TO__SCA3_09,True,active,0.9333333333333332,,-0.6096422818016859,-1.4551089453959636,
WT_08__TO__SCA3_09,True,active,0.9666666666666668,,-0.5547347298370532,-1.1674130332046089,
WT_08__TO__SCA3_09,True,active,1.0,,-0.9845001584747151,-1.3823915106187425,
WT_08__TO__SCA3_09,True,isi,0.0,,-0.2329110081758854,-1.213406732424672,
WT_08__TO__SCA3_09,True,isi,0.0333333333333333,,-0.31418140830251773,-1.313854139195482,
WT_08__TO__SCA3_09,True,isi,0.0666666666666666,,-0.20568601618218377,-1.3311497398397194,
WT_08__TO__SCA3_09,True,isi,0.1,,-0.11902776354727182,-1.2319294654004045,
WT_08__TO__SCA3_09,True,isi,0.1333333333333333,,-0.6040440341630484,-1.3853442354247727,
WT_08__TO__SCA3_09,True,isi,0.1666666666666666,,-0.5857903552050685,-1.6185241501369503,
WT_08__TO__SCA3_09,True,isi,0.2,,-1.3230600571277948,-1.4548779217096854,
WT_08__TO__SCA3_09,True,isi,0.2333333333333333,,-0.002387354482325299,-4.958522063087028,
WT_08__TO__SCA3_09,True,isi,0.2666666666666666,,-0.23310691879247977,-2.097234527584848,
WT_08__TO__SCA3_09,True,isi,0.3,,-1.0041593913921636,-1.1690510438162285,
WT_08__TO__SCA3_09,True,isi,0.3333333333333333,,-1.8833369286151165,-2.014303661624446,
WT_08__TO__SCA3_09,True,isi,0.3666666666666666,,-0.8353847693973486,-1.9919415933130793,
WT_08__TO__SCA3_09,True,isi,0.4,,0.2206774455843195,-0.8204676831702566,
WT_08__TO__SCA3_09,True,isi,0.4333333333333333,,-1.0770475300227607,-2.7423627103317543,
WT_08__TO__SCA3_09,True,isi,0.4666666666666667,,-0.4955267783110607,-1.1395816536598689,
WT_08__TO__SCA3_09,True,isi,0.5,-1.1650481777369734,-2.958914418032949,-1.1779883911398803,0.012442375658306278
WT_08__TO__SCA3_09,True,isi,0.5333333333333333,-1.134614674994238,0.05972485181830145,-0.8730429238756943,-0.7435963739534649
WT_08__TO__SCA3_09,True,isi,0.5666666666666667,-3.349629778265805,-0.7317788308120172,-3.563822042640979,-0.07237620867512638
WT_08__TO__SCA3_09,True,isi,0.6,-6.021259251708957,-1.7558997992385645,-5.462591496698955,0.2804474231227961
WT_08__TO__SCA3_09,True,isi,0.6333333333333333,-4.874140710668549,-1.609868871900649,-4.1576006911146015,0.32989519389831085
WT_08__TO__SCA3_09,True,isi,0.6666666666666666,-1.7336085912689676,-1.1313600965588675,-1.1825249710014445,-0.020044979541566917
WT_08__TO__SCA3_09,True,isi,0.7,-1.4805209069074932,-1.0254155114702779,-1.8018835574494465,-0.004090236934754742
WT_08__TO__SCA3_09,True,isi,0.7333333333333333,-1.4657179673584644,-1.1981732097488487,-0.9382897104871137,-0.8092773890619894
WT_08__TO__SCA3_09,True,isi,0.7666666666666666,0.20554352863770514,-0.18140993513888096,-0.6021021759132206,0.00898876351661615
WT_08__TO__SCA3_09,True,isi,0.8,-0.6880126833460052,-0.31752276056994877,-0.854186879452454,0.0005931592192071068
WT_08__TO__SCA3_09,True,isi,0.8333333333333334,-0.8231081840718895,-0.3285723192161278,-0.9181697912081814,-0.02181227699880039
WT_08__TO__SCA3_09,True,isi,0.8666666666666667,-1.1102224417757909,-0.3808444748479795,-1.1796548831434392,-6.474802808903446e-05
WT_08__TO__SCA3_09,True,isi,0.9,,-0.3851357203783385,-1.4254865961699215,
WT_08__TO__SCA3_09,True,isi,0.9333333333333332,,-0.6566014722856492,-1.1878080547856846,
WT_08__TO__SCA3_09,True,isi,0.9666666666666668,,-0.578266933028579,-0.871212858893757,
WT_08__TO__SCA3_09,True,isi,1.0,,-0.3983148147013272,-0.8457872379867744,
WT_09__TO__SCA3_01,True,active,0.0,,3.6633100772635627,-5.251127438170867,
WT_09__TO__SCA3_01,True,active,0.0333333333333333,,3.364240731331108,-4.738947149634266,
WT_09__TO__SCA3_01,True,active,0.0666666666666666,,3.2296467585821484,-3.95345149842096,
WT_09__TO__SCA3_01,True,active,0.1,,3.2998601833856145,-3.3386714913348623,
WT_09__TO__SCA3_01,True,active,0.1333333333333333,,3.146104137824819,-2.966831522870527,
WT_09__TO__SCA3_01,True,active,0.1666666666666666,,3.2049958286860685,-2.6396152874120844,
WT_09__TO__SCA3_01,True,active,0.2,,3.1342684881077507,-2.4788832489736072,
WT_09__TO__SCA3_01,True,active,0.2333333333333333,,3.2934881330415195,-2.2829873303793664,
WT_09__TO__SCA3_01,True,active,0.2666666666666666,,3.1927673900915163,-2.07267340065937,
WT_09__TO__SCA3_01,True,active,0.3,,3.3134576845120547,-2.021542616923499,
WT_09__TO__SCA3_01,True,active,0.3333333333333333,,3.3687840994651213,-1.9095953978220221,
WT_09__TO__SCA3_01,True,active,0.3666666666666666,,3.3655404507876807,-1.8022469354024195,
WT_09__TO__SCA3_01,True,active,0.4,,3.3614999148002727,-1.7781933730061488,
WT_09__TO__SCA3_01,True,active,0.4333333333333333,,3.459283649698817,-1.6595857757073216,
WT_09__TO__SCA3_01,True,active,0.4666666666666667,,3.128675118279533,-1.4479097878845257,
WT_09__TO__SCA3_01,True,active,0.5,1.7856156969342554,3.230537674691529,-1.5075299795584578,-0.008512467572178287
WT_09__TO__SCA3_01,True,active,0.5333333333333333,1.8729068419430321,3.134282817132579,-1.3656195262722064,-0.02930310959779664
WT_09__TO__SCA3_01,True,active,0.5666666666666667,2.0736311882063445,3.242153658810459,-1.4264204439807955,0.001258874793868426
WT_09__TO__SCA3_01,True,active,0.6,2.1439792688415897,3.364736238304239,-1.2133552050869705,-0.11264352105568065
WT_09__TO__SCA3_01,True,active,0.6333333333333333,1.9877565026765958,3.2215351458310155,-1.3097937245475635,-0.0006964982389988522
WT_09__TO__SCA3_01,True,active,0.6666666666666666,2.0698497143673986,3.397884263602535,-1.3528060683498258,-0.005313587915998022
WT_09__TO__SCA3_01,True,active,0.7,2.1109602455841268,3.286335618971576,-0.982019998059384,-0.01907876556078271
WT_09__TO__SCA3_01,True,active,0.7333333333333333,2.4577792117254176,3.4297422098756654,-1.5574118224421034,-0.010153317180663372
WT_09__TO__SCA3_01,True,active,0.7666666666666666,2.503325817338237,3.5310660186651237,-1.361750053453127,-0.013856751994433286
WT_09__TO__SCA3_01,True,active,0.8,2.645891223233238,3.679091250986772,-1.082640906125693,-0.044144990181397725
WT_09__TO__SCA3_01,True,active,0.8333333333333334,2.721197368917157,3.707594634791836,-1.3753901862118045,-0.0179697515959012
WT_09__TO__SCA3_01,True,active,0.8666666666666667,3.0810175121003422,4.2293528731847605,-1.4180024145438208,-0.29968665435654274
WT_09__TO__SCA3_01,True,active,0.9,,4.4718719383076495,-1.5116798912995373,
WT_09__TO__SCA3_01,True,active,0.9333333333333332,,5.425131425595435,-1.4180024145438124,
WT_09__TO__SCA3_01,True,active,0.9666666666666668,,13.590439235006794,-1.9387631315789928,
WT_09__TO__SCA3_01,True,active,1.0,,4.548352342612292,-2.1999630348370207,
WT_09__TO__SCA3_01,True,isi,0.0,,3.264138158248081,-4.036843374613287,
WT_09__TO__SCA3_01,True,isi,0.0333333333333333,,2.9139234428815897,-3.7663224188861304,
WT_09__TO__SCA3_01,True,isi,0.0666666666666666,,2.8212782537736665,-3.1196238154374862,
WT_09__TO__SCA3_01,True,isi,0.1,,2.7738309451341423,-2.6711505581653237,
WT_09__TO__SCA3_01,True,isi,0.1333333333333333,,2.7558950319818707,-2.339831498956454,
WT_09__TO__SCA3_01,True,isi,0.1666666666666666,,2.7550113037321733,-2.084763831911987,
WT_09__TO__SCA3_01,True,isi,0.2,,2.8156131084945906,-1.88187853214624,
WT_09__TO__SCA3_01,True,isi,0.2333333333333333,,2.6768307530013646,-1.7326768073392653,
WT_09__TO__SCA3_01,True,isi,0.2666666666666666,,2.6684275436105924,-1.580273549656892,
WT_09__TO__SCA3_01,True,isi,0.3,,2.7358103909954017,-1.4919738724927278,
WT_09__TO__SCA3_01,True,isi,0.3333333333333333,,2.7381467510046376,-1.495063243556824,
WT_09__TO__SCA3_01,True,isi,0.3666666666666666,,2.7366113565811827,-1.3240577480275466,
WT_09__TO__SCA3_01,True,isi,0.4,,2.744029002726028,-1.257538531634222,
WT_09__TO__SCA3_01,True,isi,0.4333333333333333,,2.743862108673183,-1.3089716009221513,
WT_09__TO__SCA3_01,True,isi,0.4666666666666667,,2.684045922305475,-1.0875724171853556,
WT_09__TO__SCA3_01,True,isi,0.5,1.7874833518871296,2.8273826299479516,-1.1754665627589396,-0.0007819450687611702
WT_09__TO__SCA3_01,True,isi,0.5333333333333333,1.7501329916767385,2.8362866854891635,-0.9934422993890867,-0.0017400655915919007
WT_09__TO__SCA3_01,True,isi,0.5666666666666667,1.800503161326186,2.844662783222657,-0.9628272426307926,-0.0014394951403681189
WT_09__TO__SCA3_01,True,isi,0.6,1.8537337170847359,2.7466298442585355,-0.9203729504150805,-0.0018571364042413467
WT_09__TO__SCA3_01,True,isi,0.6333333333333333,1.9033255564324543,2.886391111018525,-1.0888954607259547,-0.002392759876031384
WT_09__TO__SCA3_01,True,isi,0.6666666666666666,1.95672773655034,2.914685461376159,-0.8699759033411139,-0.005368051864724334
WT_09__TO__SCA3_01,True,isi,0.7,2.0940624804866976,2.839010588738949,-0.8832932383955204,-0.0031565997315534666
WT_09__TO__SCA3_01,True,isi,0.7333333333333333,2.146053177514161,2.8833706496063884,-1.099671675804086,-0.0012081521829279164
WT_09__TO__SCA3_01,True,isi,0.7666666666666666,2.192142724396264,2.840565573636363,-1.1281355692581656,4.717772036199686e-05
WT_09__TO__SCA3_01,True,isi,0.8,2.2056669364682913,2.9925652454145792,-0.9485110702395276,-0.006669739839688219
WT_09__TO__SCA3_01,True,isi,0.8333333333333334,2.3655289646702053,3.1057903167667664,-0.8352465963142642,-0.012137843885204912
WT_09__TO__SCA3_01,True,isi,0.8666666666666667,2.4302777132978943,3.2393196961985837,-0.9028993974618792,-0.02310316380157265
WT_09__TO__SCA3_01,True,isi,0.9,,3.440006293477692,-1.1390249309577132,
WT_09__TO__SCA3_01,True,isi,0.9333333333333332,,3.828153882745225,-1.2627627350743882,
WT_09__TO__SCA3_01,True,isi,0.9666666666666668,,3.7350238806044613,-1.4478224792222063,
WT_09__TO__SCA3_01,True,isi,1.0,,3.7189248721500694,-1.8696105438460613,
WT_09__TO__SCA3_02,False,active,0.0,,0.9482300772642572,-4.950743407260646,
WT_09__TO__SCA3_02,False,active,0.0333333333333333,,0.9954069762269023,-5.344924112010831,
WT_09__TO__SCA3_02,False,active,0.0666666666666666,,1.029346112992461,-4.449622092182215,
WT_09__TO__SCA3_02,False,active,0.1,,1.2716617019990113,-3.8421761323393757,
WT_09__TO__SCA3_02,False,active,0.1333333333333333,,1.0296167241355016,-3.3514969076891528,
WT_09__TO__SCA3_02,False,active,0.1666666666666666,,1.9216454866268682,-3.0136046014190554,
WT_09__TO__SCA3_02,False,active,0.2,,2.1607383163692555,-2.9039009830152636,
WT_09__TO__SCA3_02,False,active,0.2333333333333333,,2.178236655087141,-2.5974672373901506,
WT_09__TO__SCA3_02,False,active,0.2666666666666666,,2.3272547471988903,-2.0783644094519977,
WT_09__TO__SCA3_02,False,active,0.3,,2.315381601164833,-1.9666373370134347,
WT_09__TO__SCA3_02,False,active,0.3333333333333333,,2.0627054683268975,-1.9238806759675615,
WT_09__TO__SCA3_02,False,active,0.3666666666666666,,2.327732494532936,-1.7171870609655036,
WT_09__TO__SCA3_02,False,active,0.4,,2.1200184657729606,-1.5392976378147996,
WT_09__TO__SCA3_02,False,active,0.4333333333333333,,1.5102858509646904,-1.4782356334424342,
WT_09__TO__SCA3_02,False,active,0.4666666666666667,,1.5753330445516178,-1.5022865661003937,
WT_09__TO__SCA3_02,False,active,0.5,0.07068943025815748,1.8841407550157565,-1.3705048562420086,3.8857805861879774e-16
WT_09__TO__SCA3_02,False,active,0.5333333333333333,0.2598206288933469,1.2445780975304206,-1.2924202227176176,-8.326672684688826e-16
WT_09__TO__SCA3_02,False,active,0.5666666666666667,0.20275040954363804,1.6120840624532875,-1.2706413889124035,-1.479114197289397e-29
WT_09__TO__SCA3_02,False,active,0.6,0.9757556245175776,1.0612503445285262,-1.1620242080192162,-0.0014022175029883128
WT_09__TO__SCA3_02,False,active,0.6333333333333333,1.0018028721667582,1.8206287199330764,-1.213355205086969,0.017696998000539515
WT_09__TO__SCA3_02,False,active,0.6666666666666666,1.034702816808409,1.8674942532613346,-1.0535912190288041,0.0027162569377891257
WT_09__TO__SCA3_02,False,active,0.7,1.0590100682930372,1.822778977904965,-0.9823339095174739,-0.0011309713321688397
WT_09__TO__SCA3_02,False,active,0.7333333333333333,1.069992329231146,1.8634362699390863,-0.976238578860024,-0.0008820170897529486
WT_09__TO__SCA3_02,False,active,0.7666666666666666,1.0906241378395434,1.7953879416006189,-0.7710754647810624,-8.881784197001327e-16
WT_09__TO__SCA3_02,False,active,0.8,1.1088728157162242,1.8310170785666022,-0.7300871712908942,-0.0004461973645544558
WT_09__TO__SCA3_02,False,active,0.8333333333333334,1.1268538085650939,1.6227340395929746,-0.7430151455901219,-0.0046185289045508355
WT_09__TO__SCA3_02,False,active,0.8666666666666667,1.1827582579557838,1.518965113143145,-0.5668388659974039,-0.00017472673743757083
WT_09__TO__SCA3_02,False,active,0.9,,1.3585211382486442,-0.5338041403566909,
WT_09__TO__SCA3_02,False,active,0.9333333333333332,,1.208233771323019,-0.5389880080586836,
WT_09__TO__SCA3_02,False,active,0.9666666666666668,,1.2339385980926543,-0.47895170465735865,
WT_09__TO__SCA3_02,False,active,1.0,,1.3306925042076743,-0.5667183303658292,
WT_09__TO__SCA3_02,False,isi,0.0,,0.882916108865775,-3.8776679514329437,
WT_09__TO__SCA3_02,False,isi,0.0333333333333333,,0.9525844849698357,-4.219983678506096,
WT_09__TO__SCA3_02,False,isi,0.0666666666666666,,0.9716375103989744,-3.383895126648209,
WT_09__TO__SCA3_02,False,isi,0.1,,0.9655697997738777,-2.8552719911455733,
WT_09__TO__SCA3_02,False,isi,0.1333333333333333,,0.9078820939730244,-2.4479362694637716,
WT_09__TO__SCA3_02,False,isi,0.1666666666666666,,1.2782373356219856,-2.1372988516554603,
WT_09__TO__SCA3_02,False,isi,0.2,,1.2507036950262809,-1.898694045883496,
WT_09__TO__SCA3_02,False,isi,0.2333333333333333,,1.130638971873447,-1.646920604633559,
WT_09__TO__SCA3_02,False,isi,0.2666666666666666,,1.0079836183487356,-1.4671326570682452,
WT_09__TO__SCA3_02,False,isi,0.3,,1.0292337976154131,-1.3841482532923757,
WT_09__TO__SCA3_02,False,isi,0.3333333333333333,,1.3824122081566017,-1.1945041097899067,
WT_09__TO__SCA3_02,False,isi,0.3666666666666666,,1.7952286706765639,-1.160513764538719,
WT_09__TO__SCA3_02,False,isi,0.4,,1.1521078937985805,-1.063049860944678,
WT_09__TO__SCA3_02,False,isi,0.4333333333333333,,1.0069866814344752,-1.018045744746874,
WT_09__TO__SCA3_02,False,isi,0.4666666666666667,,0.9923445347405552,-1.0560205205632105,
WT_09__TO__SCA3_02,False,isi,0.5,0.9756886901476628,0.9941990479996976,-0.9512215450819684,0.0011624951471062973
WT_09__TO__SCA3_02,False,isi,0.5333333333333333,0.9986271886021129,0.9858135230466405,-0.918502896384389,0.004935920466159076
WT_09__TO__SCA3_02,False,isi,0.5666666666666667,1.0909495671862641,0.9773541861927009,-0.956583483717868,0.00029813795169464065
WT_09__TO__SCA3_02,False,isi,0.6,1.1083649938311326,0.9567999618097415,-0.849635162864714,0.0002555139386015696
WT_09__TO__SCA3_02,False,isi,0.6333333333333333,0.8465391926288642,1.4452295566795075,-0.8257372543142415,-0.0014066393043675764
WT_09__TO__SCA3_02,False,isi,0.6666666666666666,1.0153557373898454,1.439716698590753,-0.7804107264335687,-0.00045762854280889794
WT_09__TO__SCA3_02,False,isi,0.7,1.031250010965051,1.5892737754630946,-0.7376582256106783,-0.0006749752052107604
WT_09__TO__SCA3_02,False,isi,0.7333333333333333,1.10268072723793,1.6330467953723742,-0.6865629818019112,-0.0008349163301871747
WT_09__TO__SCA3_02,False,isi,0.7666666666666666,1.1075551478064605,1.6140324584556112,-0.6245958672437627,-0.003672989060407808
WT_09__TO__SCA3_02,False,isi,0.8,1.1198897872980205,1.5938992456161063,-0.5682449376530118,-0.00013868146855661455
WT_09__TO__SCA3_02,False,isi,0.8333333333333334,1.0582348580397334,1.5098496621937367,-0.4934130178241763,-0.0013082060891910243
WT_09__TO__SCA3_02,False,isi,0.8666666666666667,1.1784314098016007,1.4888280367241415,-0.46465544236932554,-0.001550535646320045
WT_09__TO__SCA3_02,False,isi,0.9,,1.2536225292007632,-0.4254026098860836,
WT_09__TO__SCA3_02,False,isi,0.9333333333333332,,0.9332631962541764,-0.3961914550962272,
WT_09__TO__SCA3_02,False,isi,0.9666666666666668,,0.9284754580781884,-0.37047059997569487,
WT_09__TO__SCA3_02,False,isi,1.0,,1.0449195950499943,-0.3654147838900779,
WT_09__TO__SCA3_04,True,active,0.0,,2.2371335816623956,-3.715260568962015,
WT_09__TO__SCA3_04,True,active,0.0333333333333333,,1.9683834598002021,-3.686599761800861,
WT_09__TO__SCA3_04,True,active,0.0666666666666666,,2.1025499148942246,-3.476787554671826,
WT_09__TO__SCA3_04,True,active,0.1,,2.077997704320928,-3.1732040552630787,
WT_09__TO__SCA3_04,True,active,0.1333333333333333,,2.292578597661668,-2.882070267342329,
WT_09__TO__SCA3_04,True,active,0.1666666666666666,,2.328050190797193,-2.7429530851528097,
WT_09__TO__SCA3_04,True,active,0.2,,2.1565600751206535,-2.511631504466677,
WT_09__TO__SCA3_04,True,active,0.2333333333333333,,2.0972385146927675,-2.3714077666140296,
WT_09__TO__SCA3_04,True,active,0.2666666666666666,,2.267780445388226,-2.277546949747647,
WT_09__TO__SCA3_04,True,active,0.3,,2.2729774883386287,-2.118911835988662,
WT_09__TO__SCA3_04,True,active,0.3333333333333333,,2.0775861694552726,-1.9436113896343952,
WT_09__TO__SCA3_04,True,active,0.3666666666666666,,2.208113539202969,-1.7387298931855584,
WT_09__TO__SCA3_04,True,active,0.4,,2.1245322858797366,-1.632492674484549,
WT_09__TO__SCA3_04,True,active,0.4333333333333333,,2.3393176595165515,-1.5724199455832875,
WT_09__TO__SCA3_04,True,active,0.4666666666666667,,2.3803671771569523,-1.5287005002332439,
WT_09__TO__SCA3_04,True,active,0.5,0.6036209355874592,2.4350492985605436,-1.6348502714584703,-4.440892098500583e-16
WT_09__TO__SCA3_04,True,active,0.5333333333333333,0.9196506361225278,2.36449050049415,-1.5457211091669574,0.022513599873074667
WT_09__TO__SCA3_04,True,active,0.5666666666666667,0.9631322458583357,2.6417322668154837,-1.572276542794768,-0.0029782521425931684
WT_09__TO__SCA3_04,True,active,0.6,0.9822995082501895,2.539372793513643,-1.4882102923439897,0.0
WT_09__TO__SCA3_04,True,active,0.6333333333333333,1.0417510435164983,2.6967728056412335,-1.4233258034736649,0.0
WT_09__TO__SCA3_04,True,active,0.6666666666666666,1.1770181805971633,2.4756351021610437,-1.5429613096227734,0.012259086772024037
WT_09__TO__SCA3_04,True,active,0.7,1.2997048930461497,2.613658305712197,-1.4742868502685713,0.006382076248840747
WT_09__TO__SCA3_04,True,active,0.7333333333333333,1.2396253467622589,2.8920677852114567,-1.6186254320117432,6.661338147751031e-16
WT_09__TO__SCA3_04,True,active,0.7666666666666666,1.386818988604349,2.6144982118305116,-1.3788517562160387,7.771561172376153e-16
WT_09__TO__SCA3_04,True,active,0.8,1.3797580499055604,2.8267970699527045,-1.447909787884518,-0.009114566055761093
WT_09__TO__SCA3_04,True,active,0.8333333333333334,1.281662012794336,2.6334127376338334,-1.5285107968034533,-2.220446049250297e-15
WT_09__TO__SCA3_04,True,active,0.8666666666666667,1.442792378704751,2.781426207918034,-1.7200460593231108,4.440892098500645e-15
WT_09__TO__SCA3_04,True,active,0.9,,2.8476801520997803,-1.6186254320117441,
WT_09__TO__SCA3_04,True,active,0.9333333333333332,,2.771958071694709,-1.309793724547562,
WT_09__TO__SCA3_04,True,active,0.9666666666666668,,2.4287057327064328,-1.447909787884518,
WT_09__TO__SCA3_04,True,active,1.0,,3.553628975506594,0.0,
WT_09__TO__SCA3_04,True,isi,0.0,,1.9076361486600817,-2.8341302683810197,
WT_09__TO__SCA3_04,True,isi,0.0333333333333333,,1.792647254051045,-2.9015137306352767,
WT_09__TO__SCA3_04,True,isi,0.0666666666666666,,1.6991584381359115,-2.7142404766756503,
WT_09__TO__SCA3_04,True,isi,0.1,,1.7636781076920023,-2.3414759968047516,
WT_09__TO__SCA3_04,True,isi,0.1333333333333333,,1.6159611870764212,-2.0729257717511986,
WT_09__TO__SCA3_04,True,isi,0.1666666666666666,,1.6145470348058883,-1.8583447231994088,
WT_09__TO__SCA3_04,True,isi,0.2,,1.6163715610345668,-1.6915180180891098,
WT_09__TO__SCA3_04,True,isi,0.2333333333333333,,1.8404582486299614,-1.564673349950987,
WT_09__TO__SCA3_04,True,isi,0.2666666666666666,,1.753442786255236,-1.4963036489802484,
WT_09__TO__SCA3_04,True,isi,0.3,,1.5639804806603883,-1.3966096153574628,
WT_09__TO__SCA3_04,True,isi,0.3333333333333333,,1.5915627182842227,-1.323592338743525,
WT_09__TO__SCA3_04,True,isi,0.3666666666666666,,1.537606242787034,-1.2562505396189447,
WT_09__TO__SCA3_04,True,isi,0.4,,1.6106974270052556,-1.2918107595307666,
WT_09__TO__SCA3_04,True,isi,0.4333333333333333,,1.549143877238978,-1.1715745617738884,
WT_09__TO__SCA3_04,True,isi,0.4666666666666667,,1.5842428302754248,-1.1729390186078716,
WT_09__TO__SCA3_04,True,isi,0.5,0.6197704750175224,1.5614783055071377,-1.0850459811851252,-0.00867935487387592
WT_09__TO__SCA3_04,True,isi,0.5333333333333333,0.6693906550684572,1.7297467065805254,-1.066015289173142,-0.03873353326409273
WT_09__TO__SCA3_04,True,isi,0.5666666666666667,0.6504695661286832,1.6437143908755891,-1.03277052451947,-0.0064944729834723845
WT_09__TO__SCA3_04,True,isi,0.6,0.745158863579368,1.6802660289691886,-1.0154778263590183,-0.008382086928951036
WT_09__TO__SCA3_04,True,isi,0.6333333333333333,0.9255783883992337,1.729589360735598,-0.9940943175887463,-0.0033312905686588845
WT_09__TO__SCA3_04,True,isi,0.6666666666666666,0.8382574394497269,1.8556541895401208,-0.9626383143786195,-0.054844436967434136
WT_09__TO__SCA3_04,True,isi,0.7,0.9141606355231984,2.073542155130732,-0.9063788012607823,-0.02084950518644213
WT_09__TO__SCA3_04,True,isi,0.7333333333333333,1.1331218628540698,1.9862103427667392,-0.980767646424776,-0.009225333824226967
WT_09__TO__SCA3_04,True,isi,0.7666666666666666,0.9169404281221984,2.191303799011339,-0.9245189939365893,-0.013633606620552907
WT_09__TO__SCA3_04,True,isi,0.8,0.9727611804326418,2.0461320123670297,-0.9680777268885606,0.0005141744315291241
WT_09__TO__SCA3_04,True,isi,0.8333333333333334,0.9896320040803401,1.8533243636235517,-0.8225231656493683,-0.003295576411007306
WT_09__TO__SCA3_04,True,isi,0.8666666666666667,0.7374064102226608,2.080467814866642,-0.7420135018830499,-0.008327882643548334
WT_09__TO__SCA3_04,True,isi,0.9,,2.1718406408431075,-1.072693965170453,
WT_09__TO__SCA3_04,True,isi,0.9333333333333332,,2.098937645183449,-0.9852118428107101,
WT_09__TO__SCA3_04,True,isi,0.9666666666666668,,2.117889809245861,-0.8344281006678818,
WT_09__TO__SCA3_04,True,isi,1.0,,1.8515081460534883,-1.5295837776732328,
WT_09__TO__SCA3_05,False,active,0.0,,1.835752389811969,-2.4525056868231756,
WT_09__TO__SCA3_05,False,active,0.0333333333333333,,1.7452642337461834,-2.437000757350827,
WT_09__TO__SCA3_05,False,active,0.0666666666666666,,1.7556495895668405,-2.4077303892539965,
WT_09__TO__SCA3_05,False,active,0.1,,1.682591044736964,-2.257923612641888,
WT_09__TO__SCA3_05,False,active,0.1333333333333333,,1.6804369436665838,-2.1930941983545043,
WT_09__TO__SCA3_05,False,active,0.1666666666666666,,1.7688029371252456,-2.0652430503155186,
WT_09__TO__SCA3_05,False,active,0.2,,1.7457963919388193,-2.118405331801931,
WT_09__TO__SCA3_05,False,active,0.2333333333333333,,1.9559073873604744,-2.0481114055128495,
WT_09__TO__SCA3_05,False,active,0.2666666666666666,,2.176798547091994,-2.0549297795679555,
WT_09__TO__SCA3_05,False,active,0.3,,2.528694225733069,-2.028877766787301,
WT_09__TO__SCA3_05,False,active,0.3333333333333333,,2.408149793725651,-2.002434747995177,
WT_09__TO__SCA3_05,False,active,0.3666666666666666,,2.5089393451117883,-1.8985217188529993,
WT_09__TO__SCA3_05,False,active,0.4,,2.4178448727243627,-1.8985217188529977,
WT_09__TO__SCA3_05,False,active,0.4333333333333333,,2.48537816865379,-2.0396519207112993,
WT_09__TO__SCA3_05,False,active,0.4666666666666667,,2.5625437963760667,-2.1184053318019362,
WT_09__TO__SCA3_05,False,active,0.5,0.6870203723395809,2.2871610431726266,-2.203498065757135,-3.5591104716181654e-15
WT_09__TO__SCA3_05,False,active,0.5333333333333333,0.7280681149252864,2.169901021068759,-1.6186254320117524,1.66533453693772e-15
WT_09__TO__SCA3_05,False,active,0.5666666666666667,0.8743498542898296,2.0877174924255772,-1.6586909467715223,-2.775557561562901e-16
WT_09__TO__SCA3_05,False,active,0.6,0.6675711775904177,2.389780115444299,-2.047290850139632,-1.1102230246251684e-16
WT_09__TO__SCA3_05,False,active,0.6333333333333333,0.5533305619884873,2.3866156328492814,-1.9690868197821492,-2.5535129566378664e-15
WT_09__TO__SCA3_05,False,active,0.6666666666666666,0.7357714992479675,2.31403048059861,-1.7268357993153878,-6.772360450213482e-15
WT_09__TO__SCA3_05,False,active,0.7,0.7745066408669001,2.2438930814009557,-1.795893830983861,-0.0009079902640372691
WT_09__TO__SCA3_05,False,active,0.7333333333333333,0.8821082801892943,2.0787310460598736,-1.6678550396358227,0.013193276413231354
WT_09__TO__SCA3_05,False,active,0.7666666666666666,0.8333064922695393,2.5451905228429514,-1.533267609948137,1.043609643147644e-14
WT_09__TO__SCA3_05,False,active,0.8,0.8611525166762324,2.340503388804446,-1.1903809085611032,0.0
WT_09__TO__SCA3_05,False,active,0.8333333333333334,1.015967237526503,2.4041918950448107,-1.226393792884167,-0.016769291435493994
WT_09__TO__SCA3_05,False,active,0.8666666666666667,1.0387334726474016,2.2373536026034913,-1.3097937245475562,9.769962616701349e-15
WT_09__TO__SCA3_05,False,active,0.9,,2.2131271331678155,-1.146087866171922,
WT_09__TO__SCA3_05,False,active,0.9333333333333332,,2.2470638243404073,-1.468613764594044,
WT_09__TO__SCA3_05,False,active,0.9666666666666668,,2.1254978321821967,-1.6817784817112331,
WT_09__TO__SCA3_05,False,active,1.0,,1.9149386850848198,-0.8457548920457372,
WT_09__TO__SCA3_05,False,isi,0.0,,1.6277595600150327,-1.9556418827562936,
WT_09__TO__SCA3_05,False,isi,0.0333333333333333,,1.5449946185897734,-1.9119886708122515,
WT_09__TO__SCA3_05,False,isi,0.0666666666666666,,1.5094011883892624,-1.8792313842703834,
WT_09__TO__SCA3_05,False,isi,0.1,,1.4797026350500198,-1.7770283834591931,
WT_09__TO__SCA3_05,False,isi,0.1333333333333333,,1.4587257790449573,-1.6987656210461706,
WT_09__TO__SCA3_05,False,isi,0.1666666666666666,,1.472907474744405,-1.646793869383172,
WT_09__TO__SCA3_05,False,isi,0.2,,1.5756050705091422,-1.5818803951444314,
WT_09__TO__SCA3_05,False,isi,0.2333333333333333,,1.6930821680119101,-1.5060834971462225,
WT_09__TO__SCA3_05,False,isi,0.2666666666666666,,1.7245176136323963,-1.4388775957359983,
WT_09__TO__SCA3_05,False,isi,0.3,,1.69321007556984,-1.2487566247911004,
WT_09__TO__SCA3_05,False,isi,0.3333333333333333,,1.579579282573368,-1.2579355884494945,
WT_09__TO__SCA3_05,False,isi,0.3666666666666666,,1.3248869759083455,-1.2714526675762465,
WT_09__TO__SCA3_05,False,isi,0.4,,1.307527794162645,-1.0775422182510868,
WT_09__TO__SCA3_05,False,isi,0.4333333333333333,,1.292599146061845,-0.9122508541664507,
WT_09__TO__SCA3_05,False,isi,0.4666666666666667,,1.0541677885526044,-0.8333314580306765,
WT_09__TO__SCA3_05,False,isi,0.5,0.39178233873839663,1.2627911465636652,-0.7813233838407961,0.00048615675322516395
WT_09__TO__SCA3_05,False,isi,0.5333333333333333,0.28377422184977164,1.2801646656997876,-0.8162090322529547,-0.000877181025234156
WT_09__TO__SCA3_05,False,isi,0.5666666666666667,0.3069754637818923,1.0571203984362936,-0.9272285705892758,0.00034050999963136636
WT_09__TO__SCA3_05,False,isi,0.6,0.40927133444556285,1.0257846351913573,-0.7319566565635195,-7.95506561805387e-05
WT_09__TO__SCA3_05,False,isi,0.6333333333333333,0.48212080585329786,1.0876255256906573,-0.6793648414424709,-0.002916397411728557
WT_09__TO__SCA3_05,False,isi,0.6666666666666666,0.5135774426724696,0.9332290323784922,-0.6613879159458993,0.00024842729072349607
WT_09__TO__SCA3_05,False,isi,0.7,0.45475099902255917,1.1137538818971116,-0.6400287340411078,0.00028087067701310065
WT_09__TO__SCA3_05,False,isi,0.7333333333333333,0.5057125873609501,1.369664415726144,-0.6108983735208271,-0.0003458073642808086
WT_09__TO__SCA3_05,False,isi,0.7666666666666666,0.6027631476777539,1.017403892991572,-0.6927327672992224,-0.0008709122973676879
WT_09__TO__SCA3_05,False,isi,0.8,0.6668248537863092,1.425784856698804,-0.6294156111362954,-0.0007048053634585716
WT_09__TO__SCA3_05,False,isi,0.8333333333333334,0.5826773618237431,1.2820415478140432,-0.5572827362868117,-0.0002963397663083851
WT_09__TO__SCA3_05,False,isi,0.8666666666666667,0.7026827313899618,1.4539042145152128,-0.5332366933383338,-0.034510026481582086
WT_09__TO__SCA3_05,False,isi,0.9,,1.636463597025758,-0.5633762421552826,
WT_09__TO__SCA3_05,False,isi,0.9333333333333332,,1.5404548644150136,-0.5328197857214307,
WT_09__TO__SCA3_05,False,isi,0.9666666666666668,,1.5749399199897933,-0.4665525324233135,
WT_09__TO__SCA3_05,False,isi,1.0,,1.0069677833750006,-0.4724912682071559,
WT_09__TO__SCA3_06,True,active,0.0,,3.1763674788355325,-4.079303841422596,
WT_09__TO__SCA3_06,True,active,0.0333333333333333,,3.118401191126198,-3.852030871109581,
WT_09__TO__SCA3_06,True,active,0.0666666666666666,,2.9581125707411875,-3.410591837251394,
WT_09__TO__SCA3_06,True,active,0.1,,3.014212180240972,-3.0288330491259785,
WT_09__TO__SCA3_06,True,active,0.1333333333333333,,2.9218994704421184,-2.8418582924145457,
WT_09__TO__SCA3_06,True,active,0.1666666666666666,,2.891803029911816,-2.6900066630903643,
WT_09__TO__SCA3_06,True,active,0.2,,2.8624149144050466,-2.481662586150877,
WT_09__TO__SCA3_06,True,active,0.2333333333333333,,2.8337376536257595,-2.308615048304714,
WT_09__TO__SCA3_06,True,active,0.2666666666666666,,2.8327771445110237,-2.118405331801943,
WT_09__TO__SCA3_06,True,active,0.3,,2.8646108959153165,-2.014688366841941,
WT_09__TO__SCA3_06,True,active,0.3333333333333333,,2.887099600723178,-1.876880088197471,
WT_09__TO__SCA3_06,True,active,0.3666666666666666,,2.9153181735429294,-1.8854771686318323,
WT_09__TO__SCA3_06,True,active,0.4,,2.979569597789288,-1.8541196361987453,
WT_09__TO__SCA3_06,True,active,0.4333333333333333,,3.041794975991084,-1.7756835143726886,
WT_09__TO__SCA3_06,True,active,0.4666666666666667,,3.107220432678289,-1.67241192973802,
WT_09__TO__SCA3_06,True,active,0.5,1.399112274173654,3.017190818445794,-1.6428411785880692,0.0050200667685811814
WT_09__TO__SCA3_06,True,active,0.5333333333333333,1.616695779670427,3.291501712194263,-1.637940168327077,-0.008419748630283051
WT_09__TO__SCA3_06,True,active,0.5666666666666667,1.5172488590506443,3.2014707527266446,-1.5075299795584578,-0.023134753800010392
WT_09__TO__SCA3_06,True,active,0.6,1.7473285623011032,3.2769618121812654,-1.470057145822562,0.0025881037357080583
WT_09__TO__SCA3_06,True,active,0.6333333333333333,1.8126009277118644,3.45271570362733,-1.4264204439807973,-0.17774658677243765
WT_09__TO__SCA3_06,True,active,0.6666666666666666,1.8762197253190156,3.449366579745746,-1.4928932409012436,-0.1979473969981373
WT_09__TO__SCA3_06,True,active,0.7,1.9512662991278389,3.553350839091824,-1.470057145822553,-0.03621323272033837
WT_09__TO__SCA3_06,True,active,0.7333333333333333,2.2835630995100957,3.548641874079521,-1.4229008044107425,-0.011964433252618303
WT_09__TO__SCA3_06,True,active,0.7666666666666666,2.1546669797095874,3.6007235799561728,-1.5006639126526207,-0.0044847622576851265
WT_09__TO__SCA3_06,True,active,0.8,2.2576291487066458,3.7031657184863236,-1.528510796803448,-0.005195626763642378
WT_09__TO__SCA3_06,True,active,0.8333333333333334,2.6785029381869365,3.8772544063484355,-1.651075110905192,-0.021216816826421944
WT_09__TO__SCA3_06,True,active,0.8666666666666667,2.835848709471488,4.132181991749374,-1.5457211091669625,-0.03468780191217457
WT_09__TO__SCA3_06,True,active,0.9,,4.435344416948933,-1.9665537024777497,
WT_09__TO__SCA3_06,True,active,0.9333333333333332,,5.198441208544699,-1.8350461666190192,
WT_09__TO__SCA3_06,True,active,0.9666666666666668,,6.126300702752601,-2.185935849148239,
WT_09__TO__SCA3_06,True,active,1.0,,6.909327790718495,-2.8958195757690257,
WT_09__TO__SCA3_06,True,isi,0.0,,2.911830030810061,-3.2043423504438757,
WT_09__TO__SCA3_06,True,isi,0.0333333333333333,,2.7090799208539194,-3.1205418336371706,
WT_09__TO__SCA3_06,True,isi,0.0666666666666666,,2.627614972990256,-2.757854012753005,
WT_09__TO__SCA3_06,True,isi,0.1,,2.5382336269856838,-2.488319814274805,
WT_09__TO__SCA3_06,True,isi,0.1333333333333333,,2.4996943669183507,-2.2776595604352248,
WT_09__TO__SCA3_06,True,isi,0.1666666666666666,,2.4656168062976676,-2.108517098516751,
WT_09__TO__SCA3_06,True,isi,0.2,,2.4485237239834143,-1.9674319446263595,
WT_09__TO__SCA3_06,True,isi,0.2333333333333333,,2.4444648693926525,-1.807536911881322,
WT_09__TO__SCA3_06,True,isi,0.2666666666666666,,2.443944635429992,-1.7052991278858634,
WT_09__TO__SCA3_06,True,isi,0.3,,2.4524617348595212,-1.6023045890965835,
WT_09__TO__SCA3_06,True,isi,0.3333333333333333,,2.455899780186338,-1.522384033865303,
WT_09__TO__SCA3_06,True,isi,0.3666666666666666,,2.4740355693514786,-1.4530969206954125,
WT_09__TO__SCA3_06,True,isi,0.4,,2.498627333124926,-1.4054158743662761,
WT_09__TO__SCA3_06,True,isi,0.4333333333333333,,2.5235657937343148,-1.3864436644049494,
WT_09__TO__SCA3_06,True,isi,0.4666666666666667,,2.555764692165081,-1.3378190387551698,
WT_09__TO__SCA3_06,True,isi,0.5,1.3709978836850507,2.6126589045751487,-1.3070364712625886,-0.02760885390139633
WT_09__TO__SCA3_06,True,isi,0.5333333333333333,1.4088000358811748,2.6404936760376607,-1.2680564898412368,-0.0006914623618445855
WT_09__TO__SCA3_06,True,isi,0.5666666666666667,1.4808952687820973,2.7162445907559767,-1.233283896393597,0.004330679150454045
WT_09__TO__SCA3_06,True,isi,0.6,1.5260037971937,2.7663067717811045,-1.23521521390123,-0.003948257440045566
WT_09__TO__SCA3_06,True,isi,0.6333333333333333,1.6191288631280076,2.840006487717145,-1.2140573779206802,0.002138371448364046
WT_09__TO__SCA3_06,True,isi,0.6666666666666666,1.70794918543962,2.9159521787768377,-1.197433254342324,0.00459304457243382
WT_09__TO__SCA3_06,True,isi,0.7,1.8113053653018314,2.9536171582046373,-1.2288347442718273,-0.0002748888623457223
WT_09__TO__SCA3_06,True,isi,0.7333333333333333,1.882162315383292,3.0252416227557277,-1.2279893324555755,-0.022146334776377948
WT_09__TO__SCA3_06,True,isi,0.7666666666666666,2.038052634360206,3.0878242943263254,-1.234637236426742,0.0005746156623364091
WT_09__TO__SCA3_06,True,isi,0.8,2.1800989743685744,3.173454370149114,-1.2895190166482373,-0.01304092836004655
WT_09__TO__SCA3_06,True,isi,0.8333333333333334,2.2905564952346102,3.3108208232843057,-1.3256114818469678,-0.020439554762292422
WT_09__TO__SCA3_06,True,isi,0.8666666666666667,2.485199368638305,3.5060243755841474,-1.3795292852198555,-0.01512887230698778
WT_09__TO__SCA3_06,True,isi,0.9,,3.8527534208611374,-1.4330248436341837,
WT_09__TO__SCA3_06,True,isi,0.9333333333333332,,4.320364340390441,-1.527557471632996,
WT_09__TO__SCA3_06,True,isi,0.9666666666666668,,5.096343261793396,-1.6472967711452207,
WT_09__TO__SCA3_06,True,isi,1.0,,5.251748489368274,-1.9407670315488428,
WT_09__TO__SCA3_09,True,active,0.0,,0.4993357750421131,-2.1152638453038124,
WT_09__TO__SCA3_09,True,active,0.0333333333333333,,0.6930445086710945,-2.5055417105364253,
WT_09__TO__SCA3_09,True,active,0.0666666666666666,,0.7209454754181889,-2.473244556713891,
WT_09__TO__SCA3_09,True,active,0.1,,0.7375123868944758,-2.381174955626177,
WT_09__TO__SCA3_09,True,active,0.1333333333333333,,0.8606885540239086,-2.2334054390978464,
WT_09__TO__SCA3_09,True,active,0.1666666666666666,,0.9742336307893051,-2.2641376903539903,
WT_09__TO__SCA3_09,True,active,0.2,,0.8919897488264735,-2.1699717436246395,
WT_09__TO__SCA3_09,True,active,0.2333333333333333,,0.4512323860806014,-2.148575338708047,
WT_09__TO__SCA3_09,True,active,0.2666666666666666,,0.9257243341695679,-1.9387631315789957,
WT_09__TO__SCA3_09,True,active,0.3,,0.2699369142421254,-1.6935162583691705,
WT_09__TO__SCA3_09,True,active,0.3333333333333333,,0.713642385544321,-1.9206690767910344,
WT_09__TO__SCA3_09,True,active,0.3666666666666666,,0.9105286369334904,-1.9823405308952506,
WT_09__TO__SCA3_09,True,active,0.4,,0.9385251576532614,-1.9868977959432021,
WT_09__TO__SCA3_09,True,active,0.4333333333333333,,0.3417366110702804,-1.876880088197469,
WT_09__TO__SCA3_09,True,active,0.4666666666666667,,0.37706542197550724,-1.418002414543821,
WT_09__TO__SCA3_09,True,active,0.5,-0.6494935546871479,0.4025379592234379,-1.4479097878845177,1.774937036747276e-30
WT_09__TO__SCA3_09,True,active,0.5333333333333333,-0.26951933497092984,0.7849560406270965,-1.2852755510035174,-6.661338147750926e-16
WT_09__TO__SCA3_09,True,active,0.5666666666666667,-0.4138973553757133,1.064420067975717,-0.9647772948862068,0.0
WT_09__TO__SCA3_09,True,active,0.6,-0.1619354306790018,1.177260959008758,-0.964777294886205,-8.326672684688657e-16
WT_09__TO__SCA3_09,True,active,0.6333333333333333,-0.1616453979661554,0.831184739211698,-1.3617500534531264,8.489310379307608e-17
WT_09__TO__SCA3_09,True,active,0.6666666666666666,0.07338071344295657,0.12028786500748685,-0.7298581961637377,-0.009773521220387871
WT_09__TO__SCA3_09,True,active,0.7,0.04437484740481784,0.11507076826746854,-0.743015145590124,0.0
WT_09__TO__SCA3_09,True,active,0.7333333333333333,0.06814671301463636,1.0023583280990327,-0.9704571596606568,-0.013426901533337228
WT_09__TO__SCA3_09,True,active,0.7666666666666666,0.07361454532392794,0.12016474036836111,-0.785495651213322,0.0
WT_09__TO__SCA3_09,True,active,0.8,0.07358761385926957,0.120134575643936,-0.8166223522356033,0.0
WT_09__TO__SCA3_09,True,active,0.8333333333333334,0.10976029906804467,1.4208441282977249,-1.0713812310786255,-0.001405803553592097
WT_09__TO__SCA3_09,True,active,0.8666666666666667,0.11001008718743659,1.8713107070642536,-1.0576319226519129,-0.0016998494209430302
WT_09__TO__SCA3_09,True,active,0.9,,1.0316450003885402,-0.9938618192368954,
WT_09__TO__SCA3_09,True,active,0.9333333333333332,,1.4659700434472336,-0.9481298880943307,
WT_09__TO__SCA3_09,True,active,0.9666666666666668,,0.9846633842556948,-0.9165017207936034,
WT_09__TO__SCA3_09,True,active,1.0,,0.11490522023662472,-0.931779579650265,
WT_09__TO__SCA3_09,True,isi,0.0,,0.6198171931903651,-1.7701140105507152,
WT_09__TO__SCA3_09,True,isi,0.0333333333333333,,0.6391786788190772,-1.9005154924704393,
WT_09__TO__SCA3_09,True,isi,0.0666666666666666,,0.6767603471070136,-1.9557581220949747,
WT_09__TO__SCA3_09,True,isi,0.1,,0.6976823159826484,-1.785885898855262,
WT_09__TO__SCA3_09,True,isi,0.1333333333333333,,0.7527677736792452,-1.63522715325351,
WT_09__TO__SCA3_09,True,isi,0.1666666666666666,,0.6982508873703562,-1.41974713629504,
WT_09__TO__SCA3_09,True,isi,0.2,,0.4529775878345976,-1.264162506530107,
WT_09__TO__SCA3_09,True,isi,0.2333333333333333,,0.8398657594435923,-1.3002514489330919,
WT_09__TO__SCA3_09,True,isi,0.2666666666666666,,0.7889473655806442,-1.2448858980074926,
WT_09__TO__SCA3_09,True,isi,0.3,,0.9659572517101217,-1.3200646089894408,
WT_09__TO__SCA3_09,True,isi,0.3333333333333333,,0.8963058659268596,-1.4050755229873015,
WT_09__TO__SCA3_09,True,isi,0.3666666666666666,,0.7627051341201181,-1.2300135152790241,
WT_09__TO__SCA3_09,True,isi,0.4,,0.8036494389081911,-1.1467926011392544,
WT_09__TO__SCA3_09,True,isi,0.4333333333333333,,0.8556291811085074,-1.126763022038728,
WT_09__TO__SCA3_09,True,isi,0.4666666666666667,,0.9772009344674756,-1.1289965671177633,
WT_09__TO__SCA3_09,True,isi,0.5,-0.5249501774164663,0.9677934686597935,-1.3858704686139527,0.016346048018062387
WT_09__TO__SCA3_09,True,isi,0.5333333333333333,-0.5503696394660931,1.0544403091429035,-1.0815536055366586,-0.0003939244414004617
WT_09__TO__SCA3_09,True,isi,0.5666666666666667,-0.5649714712420135,0.9563411957933289,-0.8008470550822826,-0.028030593777472523
WT_09__TO__SCA3_09,True,isi,0.6,-0.10610212953609813,0.8652109121306852,-0.7166518342251413,-0.036363391959012836
WT_09__TO__SCA3_09,True,isi,0.6333333333333333,-0.2818646434677114,0.9884660748029256,-1.0170763415390573,0.001420863363420899
WT_09__TO__SCA3_09,True,isi,0.6666666666666666,0.30695612113026693,0.5731124863328421,-0.6898765797279303,0.021338554758038697
WT_09__TO__SCA3_09,True,isi,0.7,-0.12953797153704708,1.1102102547030135,-0.6858783858340467,0.0009417442832871936
WT_09__TO__SCA3_09,True,isi,0.7333333333333333,0.0882872095680279,0.6353989259041573,-0.8037319172922686,0.003945650194138173
WT_09__TO__SCA3_09,True,isi,0.7666666666666666,-0.08140315695095686,1.020640952428302,-0.7826031258690644,0.003531491804734381
WT_09__TO__SCA3_09,True,isi,0.8,-0.11072388933490443,1.3003003172677476,-0.7568105508813753,-0.00373792192101019
WT_09__TO__SCA3_09,True,isi,0.8333333333333334,0.010370183836829753,1.3016582085443604,-0.9102204178896819,-0.00032815176500960996
WT_09__TO__SCA3_09,True,isi,0.8666666666666667,0.34992600876430474,0.9717603206526065,-0.899303536553698,0.008000263999840287
WT_09__TO__SCA3_09,True,isi,0.9,,1.1233333325118755,-0.8804639416354755,
WT_09__TO__SCA3_09,True,isi,0.9333333333333332,,0.9367582082070882,-0.7813929573077631,
WT_09__TO__SCA3_09,True,isi,0.9666666666666668,,0.761576158546434,-0.7224133353610269,
WT_09__TO__SCA3_09,True,isi,1.0,,0.37906629840799205,-0.6183987779592527,
WT_10__TO__SCA3_01,True,active,0.0,,5.3062244826203955,-7.9996007752758524,
WT_10__TO__SCA3_01,True,active,0.0333333333333333,,4.020668224456988,-7.59359044398865,
WT_10__TO__SCA3_01,True,active,0.0666666666666666,,3.7349404345367563,-5.698736192250612,
WT_10__TO__SCA3_01,True,active,0.1,,3.6055737172191504,-4.692260849754489,
WT_10__TO__SCA3_01,True,active,0.1333333333333333,,3.539693138144692,-3.9947821540140995,
WT_10__TO__SCA3_01,True,active,0.1666666666666666,,3.391838203175419,-3.382467125206927,
WT_10__TO__SCA3_01,True,active,0.2,,3.264237652672973,-3.0980907621794858,
WT_10__TO__SCA3_01,True,active,0.2333333333333333,,3.2923943430786635,-2.714556121802948,
WT_10__TO__SCA3_01,True,active,0.2666666666666666,,3.1808455104222695,-2.549943793190686,
WT_10__TO__SCA3_01,True,active,0.3,,3.114692946529049,-2.3264846806440636,
WT_10__TO__SCA3_01,True,active,0.3333333333333333,,3.0343432333405675,-2.14203806785164,
WT_10__TO__SCA3_01,True,active,0.3666666666666666,,3.122438456786078,-2.0455010089571437,
WT_10__TO__SCA3_01,True,active,0.4,,3.0373309264919586,-1.9572019276179622,
WT_10__TO__SCA3_01,True,active,0.4333333333333333,,2.793633028345966,-1.7452846938296496,
WT_10__TO__SCA3_01,True,active,0.4666666666666667,,2.882266210329377,-1.7980544010093378,
WT_10__TO__SCA3_01,True,active,0.5,1.5298080334280957,2.983011079604768,-1.72004605932311,-0.010353888084826401
WT_10__TO__SCA3_01,True,active,0.5333333333333333,1.578323497535405,2.885172730561615,-1.6361652335327341,0.0029444915213456824
WT_10__TO__SCA3_01,True,active,0.5666666666666667,1.4173658256854207,2.7705339133086095,-1.5457211091669576,0.012451438649011548
WT_10__TO__SCA3_01,True,active,0.6,1.4598455193975277,2.8728800413879587,-1.6186254320117492,-0.1996793169034674
WT_10__TO__SCA3_01,True,active,0.6333333333333333,1.7149041577196076,2.7588067518704613,-1.5191142613083515,-0.033847291462034246
WT_10__TO__SCA3_01,True,active,0.6666666666666666,1.5447010855133656,2.6306554172430956,-1.5976925526769543,0.014027185688780364
WT_10__TO__SCA3_01,True,active,0.7,1.5779961752507192,2.7373403449155616,-1.6848541511639121,-0.2428424488712364
WT_10__TO__SCA3_01,True,active,0.7333333333333333,1.6391585199298506,2.8186912443015224,-1.3853017860833416,-0.2314028362773326
WT_10__TO__SCA3_01,True,active,0.7666666666666666,1.6817446024899911,2.6762546649698318,-1.4700571458225615,-0.25149491688971704
WT_10__TO__SCA3_01,True,active,0.8,1.730026392789174,2.7620371066738882,-1.7756835143726843,-0.26120499739583647
WT_10__TO__SCA3_01,True,active,0.8333333333333334,1.7795556050357302,2.6044016295663512,-1.6463599169573533,0.20020310217631088
WT_10__TO__SCA3_01,True,active,0.8666666666666667,1.8618779444305704,2.692541861864577,-1.76751564927272,-0.006316907776654723
WT_10__TO__SCA3_01,True,active,0.9,,3.1116770517072747,-1.9079504894638075,
WT_10__TO__SCA3_01,True,active,0.9333333333333332,,2.9475037297293727,-1.7567414953487153,
WT_10__TO__SCA3_01,True,active,0.9666666666666668,,3.8126403529869863,-1.92066907679104,
WT_10__TO__SCA3_01,True,active,1.0,,3.8402066162378463,-2.1999630348370207,
WT_10__TO__SCA3_01,True,isi,0.0,,4.342361619236982,-6.264976298648011,
WT_10__TO__SCA3_01,True,isi,0.0333333333333333,,3.489816404479489,-5.911048219042548,
WT_10__TO__SCA3_01,True,isi,0.0666666666666666,,3.1994215582111134,-4.493192618883862,
WT_10__TO__SCA3_01,True,isi,0.1,,3.0508193739406058,-3.661504704621511,
WT_10__TO__SCA3_01,True,isi,0.1333333333333333,,2.944262777292545,-3.1043570082605303,
WT_10__TO__SCA3_01,True,isi,0.1666666666666666,,2.882729725502137,-2.7016665733531116,
WT_10__TO__SCA3_01,True,isi,0.2,,2.825522913521948,-2.392893520717572,
WT_10__TO__SCA3_01,True,isi,0.2333333333333333,,2.778381173152747,-2.148335533353002,
WT_10__TO__SCA3_01,True,isi,0.2666666666666666,,2.7249736824721986,-1.948299320635115,
WT_10__TO__SCA3_01,True,isi,0.3,,2.7023336406862657,-1.8022736466768874,
WT_10__TO__SCA3_01,True,isi,0.3333333333333333,,2.668128737572496,-1.682599435547,
WT_10__TO__SCA3_01,True,isi,0.3666666666666666,,2.6342555007183996,-1.5824756186437157,
WT_10__TO__SCA3_01,True,isi,0.4,,2.6014018284048395,-1.4989981413018376,
WT_10__TO__SCA3_01,True,isi,0.4333333333333333,,2.569000671188861,-1.4304972509686367,
WT_10__TO__SCA3_01,True,isi,0.4666666666666667,,2.535494215803929,-1.3706605858974545,
WT_10__TO__SCA3_01,True,isi,0.5,1.3754485679930242,2.508884333077747,-1.321991485767077,-0.005518028413917131
WT_10__TO__SCA3_01,True,isi,0.5333333333333333,1.4209761036688224,2.483374485631784,-1.28213016778788,-0.008495009317272428
WT_10__TO__SCA3_01,True,isi,0.5666666666666667,1.447814840843606,2.4457396784510794,-1.2503294298684662,-0.010262723134250917
WT_10__TO__SCA3_01,True,isi,0.6,1.4761134834354772,2.416070588840402,-1.223593797961625,-0.009614410938971751
WT_10__TO__SCA3_01,True,isi,0.6333333333333333,1.507196554821086,2.3961906976669107,-1.2064135799355336,-0.010864354639447571
WT_10__TO__SCA3_01,True,isi,0.6666666666666666,1.5303452105854383,2.373397648895737,-1.193559451758057,-0.016654670888964107
WT_10__TO__SCA3_01,True,isi,0.7,1.5489961016496878,2.351870976364629,-1.1876133035511574,-0.01997021865509163
WT_10__TO__SCA3_01,True,isi,0.7333333333333333,1.5748931253541918,2.3436512234741635,-1.1960150272835843,-0.017170397505250623
WT_10__TO__SCA3_01,True,isi,0.7666666666666666,1.6001475994662315,2.3412505057898043,-1.2064464909597885,-0.02508556874384338
WT_10__TO__SCA3_01,True,isi,0.8,1.633680485248795,2.353802067476383,-1.2222208426270895,-0.035813747544670704
WT_10__TO__SCA3_01,True,isi,0.8333333333333334,1.6724857622665754,2.3803164996382224,-1.2584303705855406,-0.04741649583656571
WT_10__TO__SCA3_01,True,isi,0.8666666666666667,1.7255389547733706,2.432053108808568,-1.303313435605352,-0.05772550709808044
WT_10__TO__SCA3_01,True,isi,0.9,,2.5257273355986665,-1.3657076255739233,
WT_10__TO__SCA3_01,True,isi,0.9333333333333332,,2.7013854554213523,-1.4609126947818394,
WT_10__TO__SCA3_01,True,isi,0.9666666666666668,,3.125420837783579,-1.5811761244840465,
WT_10__TO__SCA3_01,True,isi,1.0,,3.2425729379894217,-1.8918161391791104,
WT_10__TO__SCA3_02,False,active,0.0,,2.1972392629629436,-7.720564213595945,
WT_10__TO__SCA3_02,False,active,0.0333333333333333,,1.77263480840789,-10.21322352195955,
WT_10__TO__SCA3_02,False,active,0.0666666666666666,,1.562753460046723,-8.69160379842311,
WT_10__TO__SCA3_02,False,active,0.1,,1.4860498251756915,-6.759984601309206,
WT_10__TO__SCA3_02,False,active,0.1333333333333333,,1.436592815169008,-5.346260264713129,
WT_10__TO__SCA3_02,False,active,0.1666666666666666,,1.5710011669438972,-4.537458248942587,
WT_10__TO__SCA3_02,False,active,0.2,,1.6077672778929761,-4.330050747116348,
WT_10__TO__SCA3_02,False,active,0.2333333333333333,,1.3272959811898386,-2.8664044844355847,
WT_10__TO__SCA3_02,False,active,0.2666666666666666,,1.3401343582586445,-2.5391418572605895,
WT_10__TO__SCA3_02,False,active,0.3,,1.2912462461764784,-2.247016462187668,
WT_10__TO__SCA3_02,False,active,0.3333333333333333,,1.312205102939007,-2.0568362267991556,
WT_10__TO__SCA3_02,False,active,0.3666666666666666,,1.2718299905512724,-1.9049274517776378,
WT_10__TO__SCA3_02,False,active,0.4,,1.5164407806666533,-1.803116816557774,
WT_10__TO__SCA3_02,False,active,0.4333333333333333,,1.3420373606069618,-1.6570766588954047,
WT_10__TO__SCA3_02,False,active,0.4666666666666667,,1.3107705988790546,-1.3658943087596243,
WT_10__TO__SCA3_02,False,active,0.5,1.121834839936225,1.2950599701927352,-1.309793724547558,0.0025197477333331894
WT_10__TO__SCA3_02,False,active,0.5333333333333333,0.5869176375132664,1.2082857415224877,-1.2414787963372176,0.004844768557517922
WT_10__TO__SCA3_02,False,active,0.5666666666666667,0.6014508629112945,1.2787537474608945,-1.181402619943543,3.3306690738754704e-15
WT_10__TO__SCA3_02,False,active,0.6,0.4405580310969767,1.2367946156098562,-1.0499360207836292,8.881784197001256e-16
WT_10__TO__SCA3_02,False,active,0.6333333333333333,0.8184293233928307,1.169527715198405,-0.9564535914902723,-1.6653345369377342e-15
WT_10__TO__SCA3_02,False,active,0.6666666666666666,0.508379531598828,1.1838896782001296,-0.8625175718247607,-0.002740106279995491
WT_10__TO__SCA3_02,False,active,0.7,0.6828379582653722,1.206624345011043,-0.8616717423806812,-0.0013268498488480103
WT_10__TO__SCA3_02,False,active,0.7333333333333333,0.705527171418021,1.3301764507626475,-0.8807194799867721,-0.002798592743242845
WT_10__TO__SCA3_02,False,active,0.7666666666666666,0.715016618344535,1.1053819146810155,-0.7798187489128601,0.0
WT_10__TO__SCA3_02,False,active,0.8,0.9413378118385627,1.119889843539048,-0.7745802933768601,-0.11374794958837887
WT_10__TO__SCA3_02,False,active,0.8333333333333334,0.8495123779991827,0.9987532248927038,-0.7642553984017232,8.326672684688677e-16
WT_10__TO__SCA3_02,False,active,0.8666666666666667,0.767016130641699,1.0117932269225611,-0.5443793118370992,-8.326672684688671e-16
WT_10__TO__SCA3_02,False,active,0.9,,0.8835026363730619,-0.5443793118370914,
WT_10__TO__SCA3_02,False,active,0.9333333333333332,,0.8863662598585678,-0.555382062487669,
WT_10__TO__SCA3_02,False,active,0.9666666666666668,,0.7658885373680576,-0.5058027201641603,
WT_10__TO__SCA3_02,False,active,1.0,,0.7557238513553871,-0.6067254405024001,
WT_10__TO__SCA3_02,False,isi,0.0,,1.8724075232010642,-6.041010388662847,
WT_10__TO__SCA3_02,False,isi,0.0333333333333333,,1.5151030187414587,-7.943789561021513,
WT_10__TO__SCA3_02,False,isi,0.0666666666666666,,1.4033323136737175,-6.795611958983358,
WT_10__TO__SCA3_02,False,isi,0.1,,1.3200685950069322,-5.2444569217373775,
WT_10__TO__SCA3_02,False,isi,0.1333333333333333,,1.297471523166675,-4.21097251068284,
WT_10__TO__SCA3_02,False,isi,0.1666666666666666,,1.3200124902841313,-3.609449559965518,
WT_10__TO__SCA3_02,False,isi,0.2,,1.4018484165034582,-3.222548299929817,
WT_10__TO__SCA3_02,False,isi,0.2333333333333333,,1.1693699806045854,-2.189577296057243,
WT_10__TO__SCA3_02,False,isi,0.2666666666666666,,1.160646317204989,-1.959860982137528,
WT_10__TO__SCA3_02,False,isi,0.3,,1.1533095671995903,-1.7822235046191393,
WT_10__TO__SCA3_02,False,isi,0.3333333333333333,,1.1473575813972168,-1.6251566594967768,
WT_10__TO__SCA3_02,False,isi,0.3666666666666666,,1.1441876319231536,-1.507944719818282,
WT_10__TO__SCA3_02,False,isi,0.4,,1.4664415949249483,-1.3968315788375447,
WT_10__TO__SCA3_02,False,isi,0.4333333333333333,,1.1640279106664575,-1.269171632662305,
WT_10__TO__SCA3_02,False,isi,0.4666666666666667,,1.1432813029056073,-1.1805024060576357,
WT_10__TO__SCA3_02,False,isi,0.5,0.9560093581386295,1.1425667828067099,-1.0881862920040026,0.0006139659586628101
WT_10__TO__SCA3_02,False,isi,0.5333333333333333,0.4588125794963987,1.1410473151318845,-1.0090365690969305,0.0001706160993570906
WT_10__TO__SCA3_02,False,isi,0.5666666666666667,0.5375487735414033,1.1135085027362617,-0.9287178878654776,0.0007043476182811982
WT_10__TO__SCA3_02,False,isi,0.6,0.4841434759519731,1.1018693192527127,-0.8711751400298795,0.0004740875770412047
WT_10__TO__SCA3_02,False,isi,0.6333333333333333,0.6684566446342968,1.0919093986468955,-0.8391284210260399,0.00025432353273280317
WT_10__TO__SCA3_02,False,isi,0.6666666666666666,0.4696993415315311,1.061297945968204,-0.7535235551477377,-0.0005746792132148013
WT_10__TO__SCA3_02,False,isi,0.7,0.6285837677386583,1.0375022746317126,-0.6923465407921519,0.0002394317760201492
WT_10__TO__SCA3_02,False,isi,0.7333333333333333,0.6671924871048897,1.1515881363623799,-0.6609519875351779,-0.020626154075633556
WT_10__TO__SCA3_02,False,isi,0.7666666666666666,0.6677863101953089,0.9824384666535249,-0.6230355302322719,-0.003879170657247409
WT_10__TO__SCA3_02,False,isi,0.8,0.8271019995438578,0.9410508526824181,-0.5984753737698145,-3.701864231320237e-05
WT_10__TO__SCA3_02,False,isi,0.8333333333333334,0.8200337180005391,0.9180630912641365,-0.5607963924272144,-0.000835951262729173
WT_10__TO__SCA3_02,False,isi,0.8666666666666667,0.8007333991172819,0.8780138997898274,-0.5162338088811721,-0.00010693743895723304
WT_10__TO__SCA3_02,False,isi,0.9,,0.8514648880466352,-0.46908014699648415,
WT_10__TO__SCA3_02,False,isi,0.9333333333333332,,0.8248824535335968,-0.4252705848395091,
WT_10__TO__SCA3_02,False,isi,0.9666666666666668,,0.7880033903296949,-0.3537521448232434,
WT_10__TO__SCA3_02,False,isi,1.0,,0.7547392681086358,-0.3731595961257498,
WT_10__TO__SCA3_04,True,active,0.0,,2.9890712482102897,-5.984100615739327,
WT_10__TO__SCA3_04,True,active,0.0333333333333333,,2.6895009101738627,-6.590500744816122,
WT_10__TO__SCA3_04,True,active,0.0666666666666666,,2.611722954052588,-5.9337407668859266,
WT_10__TO__SCA3_04,True,active,0.1,,2.556126347020543,-5.352193317483771,
WT_10__TO__SCA3_04,True,active,0.1333333333333333,,2.555513303053325,-3.7262986799990885,
WT_10__TO__SCA3_04,True,active,0.1666666666666666,,2.2841655944346995,-3.287597884163002,
WT_10__TO__SCA3_04,True,active,0.2,,2.2760210928047977,-2.97143150036156,
WT_10__TO__SCA3_04,True,active,0.2333333333333333,,2.3247368240188298,-2.86879896488537,
WT_10__TO__SCA3_04,True,active,0.2666666666666666,,2.4029379067595635,-2.625563719085429,
WT_10__TO__SCA3_04,True,active,0.3,,2.2714055210214794,-2.4041210832250717,
WT_10__TO__SCA3_04,True,active,0.3333333333333333,,2.401868450950174,-2.3282175389309807,
WT_10__TO__SCA3_04,True,active,0.3666666666666666,,2.5274310202774775,-2.295729503407386,
WT_10__TO__SCA3_04,True,active,0.4,,2.2946474789799036,-2.028877766787301,
WT_10__TO__SCA3_04,True,active,0.4333333333333333,,2.3646759541663704,-2.082664264513556,
WT_10__TO__SCA3_04,True,active,0.4666666666666667,,2.5200530216636525,-2.2334054390978393,
WT_10__TO__SCA3_04,True,active,0.5,0.5530563663809193,2.6939350190148215,-2.2334054390978526,0.35696637182839264
WT_10__TO__SCA3_04,True,active,0.5333333333333333,0.2624132503095317,2.4306281286783467,-2.11840533180194,-6.661338147750925e-16
WT_10__TO__SCA3_04,True,active,0.5666666666666667,0.6719215266864281,2.420064218098666,-2.118405331801933,-0.01012052840538601
WT_10__TO__SCA3_04,True,active,0.6,0.7115982171499774,2.424688551478524,-1.7418767749960427,3.1216833923159367e-15
WT_10__TO__SCA3_04,True,active,0.6333333333333333,0.30585651717357637,2.3422706108632885,-1.8350461666190259,-0.003553771063544041
WT_10__TO__SCA3_04,True,active,0.6666666666666666,1.117384371315699,2.3781590146131397,-1.720046059323113,-0.004618528904557702
WT_10__TO__SCA3_04,True,active,0.7,1.2320398677322024,2.6187360460470765,-1.7567414953487133,0.03119736328727965
WT_10__TO__SCA3_04,True,active,0.7333333333333333,0.9030412034307655,2.4019872742763324,-1.557411822442104,0.11404573855868495
WT_10__TO__SCA3_04,True,active,0.7666666666666666,1.4790205794282187,2.679312269418201,-1.447909787884518,-0.004543704001109148
WT_10__TO__SCA3_04,True,active,0.8,1.4766153283579229,2.6244742504022023,-1.6186254320117426,0.042480505623182736
WT_10__TO__SCA3_04,True,active,0.8333333333333334,1.1493479907010422,2.6493376765386514,-1.8350461666190174,1.791450245689233e-17
WT_10__TO__SCA3_04,True,active,0.8666666666666667,1.2804954021053594,2.9505916858791017,-2.5055417105364324,6.699323009193407e-15
WT_10__TO__SCA3_04,True,active,0.9,,2.4030638452747395,-1.4479097878845228,
WT_10__TO__SCA3_04,True,active,0.9333333333333332,,2.764477781820728,-1.4479097878845262,
WT_10__TO__SCA3_04,True,active,0.9666666666666668,,2.204985968545861,-1.447909787884518,
WT_10__TO__SCA3_04,True,active,1.0,,3.498232348384118,0.0,
WT_10__TO__SCA3_04,True,isi,0.0,,2.4568399051908454,-4.538550711836588,
WT_10__TO__SCA3_04,True,isi,0.0333333333333333,,2.36127678807785,-5.153221671522766,
WT_10__TO__SCA3_04,True,isi,0.0666666666666666,,2.2406796989999687,-4.71187531104232,
WT_10__TO__SCA3_04,True,isi,0.1,,2.1557045031627227,-4.3340244631581655,
WT_10__TO__SCA3_04,True,isi,0.1333333333333333,,2.0999882844707614,-2.935692057469138,
WT_10__TO__SCA3_04,True,isi,0.1666666666666666,,2.06542866951098,-2.6268987040601286,
WT_10__TO__SCA3_04,True,isi,0.2,,2.0444253838350335,-2.3751178656611507,
WT_10__TO__SCA3_04,True,isi,0.2333333333333333,,2.0319010066696683,-2.1652068708127445,
WT_10__TO__SCA3_04,True,isi,0.2666666666666666,,2.026986729406208,-2.377923335388143,
WT_10__TO__SCA3_04,True,isi,0.3,,1.8479706442969697,-1.8522589448369509,
WT_10__TO__SCA3_04,True,isi,0.3333333333333333,,1.9596389064148216,-1.7506269998579105,
WT_10__TO__SCA3_04,True,isi,0.3666666666666666,,2.0485828286678975,-1.6686278894697453,
WT_10__TO__SCA3_04,True,isi,0.4,,2.080694124780818,-1.6017952348864954,
WT_10__TO__SCA3_04,True,isi,0.4333333333333333,,2.088566126362083,-2.065856127170601,
WT_10__TO__SCA3_04,True,isi,0.4666666666666667,,1.8340254553055146,-1.4934024820016403,
WT_10__TO__SCA3_04,True,isi,0.5,0.47552680630995786,1.8235998001592362,-1.4473154538004591,-0.0010394120322428902
WT_10__TO__SCA3_04,True,isi,0.5333333333333333,0.7637356132479514,2.17622525480063,-1.4120453358360425,0.0006843093080251
WT_10__TO__SCA3_04,True,isi,0.5666666666666667,0.6066483677382961,2.0466335264679754,-1.3817143148483868,0.0003622908659198788
WT_10__TO__SCA3_04,True,isi,0.6,0.6627649134065818,1.8778609734193292,-1.2569827810011416,-0.0002918579604719288
WT_10__TO__SCA3_04,True,isi,0.6333333333333333,0.7751151575584081,1.953316617820482,-1.1776917003651,-0.00042157223337413436
WT_10__TO__SCA3_04,True,isi,0.6666666666666666,-0.16454858941086808,2.003294877136339,-1.1303866613806741,-0.014165669620254112
WT_10__TO__SCA3_04,True,isi,0.7,-0.00888610766652697,0.25889978139948044,-1.0826747443198366,-0.00032479291455000145
WT_10__TO__SCA3_04,True,isi,0.7333333333333333,0.9305213357268014,0.6357589714944754,-1.1042220885417473,0.04939251656752689
WT_10__TO__SCA3_04,True,isi,0.7666666666666666,0.11959051604072239,0.9872830568535936,-1.1382414397536844,0.0004104371980609668
WT_10__TO__SCA3_04,True,isi,0.8,0.5927897653149466,1.585811908704552,-1.2001254379150013,-0.05126306635998844
WT_10__TO__SCA3_04,True,isi,0.8333333333333334,0.8253016105525594,1.7598811646770611,-1.0550699439818485,-0.26846238738466394
WT_10__TO__SCA3_04,True,isi,0.8666666666666667,1.0814097213431393,1.8869591802573413,-1.0127493940408205,-0.049691597926527095
WT_10__TO__SCA3_04,True,isi,0.9,,1.9191056292504303,-1.4556969502635695,
WT_10__TO__SCA3_04,True,isi,0.9333333333333332,,2.3217234151274213,-1.1866820586213813,
WT_10__TO__SCA3_04,True,isi,0.9666666666666668,,1.7414575619916561,-0.9760724242084746,
WT_10__TO__SCA3_04,True,isi,1.0,,1.7061343443919201,-1.5591540957203258,
WT_10__TO__SCA3_05,False,active,0.0,,2.3391457716261903,-4.130486100631051,
WT_10__TO__SCA3_05,False,active,0.0333333333333333,,2.466497169291958,-4.5536531160492775,
WT_10__TO__SCA3_05,False,active,0.0666666666666666,,2.438730541215257,-4.279890424983231,
WT_10__TO__SCA3_05,False,active,0.1,,2.3733039059276613,-3.6055232279549454,
WT_10__TO__SCA3_05,False,active,0.1333333333333333,,2.2578283240258012,-3.5830130957701973,
WT_10__TO__SCA3_05,False,active,0.1666666666666666,,2.3783831630470456,-3.248556856126559,
WT_10__TO__SCA3_05,False,active,0.2,,2.2049972983977155,-3.1303053233112803,
WT_10__TO__SCA3_05,False,active,0.2333333333333333,,2.2904062667117024,-2.8121647944611783,
WT_10__TO__SCA3_05,False,active,0.2666666666666666,,2.083356426664433,-2.505541710536434,
WT_10__TO__SCA3_05,False,active,0.3,,2.296392297717789,-2.220962703054037,
WT_10__TO__SCA3_05,False,active,0.3333333333333333,,2.248416335488323,-2.0992565512350647,
WT_10__TO__SCA3_05,False,active,0.3666666666666666,,2.2431805606034882,-1.899306029484761,
WT_10__TO__SCA3_05,False,active,0.4,,2.3459107614834247,-1.8940305107913311,
WT_10__TO__SCA3_05,False,active,0.4333333333333333,,2.0309644613431015,-1.6953631113067957,
WT_10__TO__SCA3_05,False,active,0.4666666666666667,,2.1573998005232617,-1.7038516272250965,
WT_10__TO__SCA3_05,False,active,0.5,0.33947242094186986,1.7663144899348258,-1.4297315026623187,-0.1560877871362096
WT_10__TO__SCA3_05,False,active,0.5333333333333333,0.7486974790394528,2.357618353332802,-1.8209635221394822,-0.0012940143754059936
WT_10__TO__SCA3_05,False,active,0.5666666666666667,0.6616787574886023,2.094675060504615,-1.5153970763039473,-0.3767089035567974
WT_10__TO__SCA3_05,False,active,0.6,0.6752150873357191,2.0050219973330563,-2.2327479764542075,-0.1772102322706361
WT_10__TO__SCA3_05,False,active,0.6333333333333333,0.7706912416728968,1.8560946621961205,-1.752716117342588,-0.31024104319122137
WT_10__TO__SCA3_05,False,active,0.6666666666666666,0.8282767311398914,1.8915779834319488,-1.8778576217050258,-0.0005438024863797517
WT_10__TO__SCA3_05,False,active,0.7,0.9105699704158866,1.9701318445922344,-1.7919662994033225,-0.011538625677886768
WT_10__TO__SCA3_05,False,active,0.7333333333333333,0.8646544699141276,1.6714624730499015,-1.6693357456674258,-0.31995115499533033
WT_10__TO__SCA3_05,False,active,0.7666666666666666,0.7875002507005734,2.0152215970504566,-1.7268357993153742,-0.1451764657520865
WT_10__TO__SCA3_05,False,active,0.8,0.90617448973956,1.6952926957923835,-1.7059823195366208,0.15413308181027946
WT_10__TO__SCA3_05,False,active,0.8333333333333334,0.9332973388083973,1.9045152624977133,-1.5160680607596477,-0.1768105967541453
WT_10__TO__SCA3_05,False,active,0.8666666666666667,0.9613351824732947,1.7622280797291399,-1.6660488686312611,0.0059465311483630785
WT_10__TO__SCA3_05,False,active,0.9,,1.5020123381696362,-1.7619827624599256,
WT_10__TO__SCA3_05,False,active,0.9333333333333332,,1.7503111308679369,-1.389176651191172,
WT_10__TO__SCA3_05,False,active,0.9666666666666668,,1.4694899793182299,-1.2890306561045695,
WT_10__TO__SCA3_05,False,active,1.0,,1.684384849452456,-1.5687435891280923,
WT_10__TO__SCA3_05,False,isi,0.0,,2.0327425433753703,-3.2227958256531366,
WT_10__TO__SCA3_05,False,isi,0.0333333333333333,,2.057596760353614,-3.544841987645359,
WT_10__TO__SCA3_05,False,isi,0.0666666666666666,,2.0512361897771307,-3.2791058797948236,
WT_10__TO__SCA3_05,False,isi,0.1,,2.0303528974800575,-3.006791462924429,
WT_10__TO__SCA3_05,False,isi,0.1333333333333333,,1.9977399334908552,-2.740254415114243,
WT_10__TO__SCA3_05,False,isi,0.1666666666666666,,1.9579472605507866,-2.5160882615864693,
WT_10__TO__SCA3_05,False,isi,0.2,,1.9344696896134022,-2.3235480925394096,
WT_10__TO__SCA3_05,False,isi,0.2333333333333333,,1.9131781791558018,-2.175582049304336,
WT_10__TO__SCA3_05,False,isi,0.2666666666666666,,1.904676105792098,-2.023908502944486,
WT_10__TO__SCA3_05,False,isi,0.3,,1.903207719002287,-1.7703422101826642,
WT_10__TO__SCA3_05,False,isi,0.3333333333333333,,1.9392672516484122,-1.6212649932266703,
WT_10__TO__SCA3_05,False,isi,0.3666666666666666,,1.9396034928804886,-1.5642651826802945,
WT_10__TO__SCA3_05,False,isi,0.4,,1.904185900782421,-1.5420094645870919,
WT_10__TO__SCA3_05,False,isi,0.4333333333333333,,1.8936033375233092,-1.4739540220453042,
WT_10__TO__SCA3_05,False,isi,0.4666666666666667,,1.851834404612574,-1.381717999809847,
WT_10__TO__SCA3_05,False,isi,0.5,0.42212991234764285,1.9079209766385787,-1.381320801307548,-0.000362795805409266
WT_10__TO__SCA3_05,False,isi,0.5333333333333333,0.4340345847942241,1.251979691778547,-0.7310529543396653,-0.0007166942749400327
WT_10__TO__SCA3_05,False,isi,0.5666666666666667,0.27593631461522816,0.9125151876648356,-0.6795606621811238,0.0001626720160406992
WT_10__TO__SCA3_05,False,isi,0.6,0.3460133329332189,0.8938214003775551,-0.6530978388332556,-0.068944808900741
WT_10__TO__SCA3_05,False,isi,0.6333333333333333,0.40696266367586503,0.7610968200259189,-0.6217347691644461,-0.0009143230447561377
WT_10__TO__SCA3_05,False,isi,0.6666666666666666,0.48539590953598644,0.9137216319982703,-0.638627457667727,-0.0008217533465489366
WT_10__TO__SCA3_05,False,isi,0.7,0.5878799371736124,0.4869010714241735,-0.5908692514897401,0.001498032660816218
WT_10__TO__SCA3_05,False,isi,0.7333333333333333,0.7072871414198119,0.5153641627513886,-0.5590376565296901,0.012402900268074588
WT_10__TO__SCA3_05,False,isi,0.7666666666666666,0.784558368251858,1.084501134320822,-0.5382396295602263,-0.001531108947813914
WT_10__TO__SCA3_05,False,isi,0.8,0.8006537156702119,1.1205971885096566,-0.5123289538663173,-0.0011442314846547006
WT_10__TO__SCA3_05,False,isi,0.8333333333333334,0.8789548251428462,0.8528065750151976,-0.4985057408019906,0.00047417039460412335
WT_10__TO__SCA3_05,False,isi,0.8666666666666667,0.5187027779639375,1.0105746446771848,-0.48504983777397104,-0.01288698365665802
WT_10__TO__SCA3_05,False,isi,0.9,,1.210573688643589,-0.33381333771117994,
WT_10__TO__SCA3_05,False,isi,0.9333333333333332,,1.292801470842287,-0.5350731608607324,
WT_10__TO__SCA3_05,False,isi,0.9666666666666668,,1.315354807252373,-0.7499494849978678,
WT_10__TO__SCA3_05,False,isi,1.0,,0.8780834591905271,-0.5391622353449372,
WT_10__TO__SCA3_06,True,active,0.0,,4.846165962048666,-6.575195768325997,
WT_10__TO__SCA3_06,True,active,0.0333333333333333,,4.216852192959001,-6.3742502931907,
WT_10__TO__SCA3_06,True,active,0.0666666666666666,,4.033555307382072,-5.365419913910138,
WT_10__TO__SCA3_06,True,active,0.1,,3.9485051865910057,-4.706649995811739,
WT_10__TO__SCA3_06,True,active,0.1333333333333333,,3.756419486316454,-4.18677514434936,
WT_10__TO__SCA3_06,True,active,0.1666666666666666,,3.7462809099790357,-3.67581715424404,
WT_10__TO__SCA3_06,True,active,0.2,,3.796360557395192,-3.3924579890611173,
WT_10__TO__SCA3_06,True,active,0.2333333333333333,,3.8268286795531186,-3.2875978841629983,
WT_10__TO__SCA3_06,True,active,0.2666666666666666,,3.7215794535603712,-3.028833049125979,
WT_10__TO__SCA3_06,True,active,0.3,,3.8046925055327545,-2.9129868892147615,
WT_10__TO__SCA3_06,True,active,0.3333333333333333,,3.9023638649050953,-2.633976595152359,
WT_10__TO__SCA3_06,True,active,0.3666666666666666,,3.8353849799237905,-2.703277965547322,
WT_10__TO__SCA3_06,True,active,0.4,,3.718699925295622,-2.40412108322507,
WT_10__TO__SCA3_06,True,active,0.4333333333333333,,3.976721214545359,-2.264137690353996,
WT_10__TO__SCA3_06,True,active,0.4666666666666667,,4.025892376421088,-2.2957295034073835,
WT_10__TO__SCA3_06,True,active,0.5,1.748849899262036,3.8560323373196437,-2.118405331801937,0.011222893744329276
WT_10__TO__SCA3_06,True,active,0.5333333333333333,1.746815042621903,3.683281836552289,-1.9387631315790035,0.0022963376486175857
WT_10__TO__SCA3_06,True,active,0.5666666666666667,1.957835826132185,3.6907073018095806,-1.9387631315789975,0.20589165590160197
WT_10__TO__SCA3_06,True,active,0.6,1.965025347341037,3.6978968230184353,-1.7321061150564352,-0.000765360620962996
WT_10__TO__SCA3_06,True,active,0.6333333333333333,1.952416463502334,3.7323084851318242,-1.7567414953487073,-0.023150526280782957
WT_10__TO__SCA3_06,True,active,0.6666666666666666,1.9774037091271097,3.5600384633188162,-1.5722765427947671,-0.010358211396939376
WT_10__TO__SCA3_06,True,active,0.7,2.0269217066011764,3.656853130715992,-1.6186254320117432,-0.011305992103072482
WT_10__TO__SCA3_06,True,active,0.7333333333333333,2.0747189110867765,3.7548855674207746,-1.4700571458225615,-0.21010951051143656
WT_10__TO__SCA3_06,True,active,0.7666666666666666,2.388191870383074,3.720004657278625,-1.5407644156502216,0.20895162875467044
WT_10__TO__SCA3_06,True,active,0.8,2.523417990906383,3.94821182274985,-1.3987418190628185,-0.026052012780648726
WT_10__TO__SCA3_06,True,active,0.8333333333333334,2.6813838018167546,4.213284990699794,-1.5285107968034466,-0.0033903920795927966
WT_10__TO__SCA3_06,True,active,0.8666666666666667,2.914314730032688,4.605459763717143,-1.6510751109051922,-0.040069922779262246
WT_10__TO__SCA3_06,True,active,0.9,,4.7187303065463215,-1.835046166619024,
WT_10__TO__SCA3_06,True,active,0.9333333333333332,,5.267774009136951,-2.065243050315517,
WT_10__TO__SCA3_06,True,active,0.9666666666666668,,5.979623637634428,-2.3616405776018663,
WT_10__TO__SCA3_06,True,active,1.0,,6.904486106880989,-2.8958195757690257,
WT_10__TO__SCA3_06,True,isi,0.0,,3.985341323341381,-5.078750382342709,
WT_10__TO__SCA3_06,True,isi,0.0333333333333333,,3.466635846022223,-5.136610750695518,
WT_10__TO__SCA3_06,True,isi,0.0666666666666666,,3.3251137871118637,-4.264615481857572,
WT_10__TO__SCA3_06,True,isi,0.1,,3.246672770741414,-3.68729039787448,
WT_10__TO__SCA3_06,True,isi,0.1333333333333333,,3.1961249857289737,-3.276354707084644,
WT_10__TO__SCA3_06,True,isi,0.1666666666666666,,3.1669926643259423,-2.974129345281091,
WT_10__TO__SCA3_06,True,isi,0.2,,3.1807125196096506,-2.7348847343201643,
WT_10__TO__SCA3_06,True,isi,0.2333333333333333,,3.17837825616026,-2.535429269491454,
WT_10__TO__SCA3_06,True,isi,0.2666666666666666,,3.2068122739011997,-2.378463189000689,
WT_10__TO__SCA3_06,True,isi,0.3,,3.2247554851232065,-2.2380431970434267,
WT_10__TO__SCA3_06,True,isi,0.3333333333333333,,3.2525221296184808,-2.1311858578746303,
WT_10__TO__SCA3_06,True,isi,0.3666666666666666,,3.2760868480558747,-1.9906861115643724,
WT_10__TO__SCA3_06,True,isi,0.4,,3.312462515306551,-1.9120590015257344,
WT_10__TO__SCA3_06,True,isi,0.4333333333333333,,3.2485390556118605,-1.8156381147702274,
WT_10__TO__SCA3_06,True,isi,0.4666666666666667,,3.2027367009186682,-1.6684996908068315,
WT_10__TO__SCA3_06,True,isi,0.5,1.6211262681033123,3.225579214689082,-1.5896173891341137,-0.014835557451655879
WT_10__TO__SCA3_06,True,isi,0.5333333333333333,1.7220858987611898,3.2563459912345474,-1.5237159455439528,-0.010544146929404752
WT_10__TO__SCA3_06,True,isi,0.5666666666666667,1.688267118825893,3.216721170123178,-1.3665889872058596,-0.1618650640914252
WT_10__TO__SCA3_06,True,isi,0.6,1.7679729167324403,3.1587784277465882,-1.3724890220906463,-0.018316488923501684
WT_10__TO__SCA3_06,True,isi,0.6333333333333333,1.8260436690156128,2.9628246534332603,-1.1754617921225083,0.03868080770486082
WT_10__TO__SCA3_06,True,isi,0.6666666666666666,1.8694805956732532,3.080326462778057,-1.2080284397113006,-0.0028174273935033245
WT_10__TO__SCA3_06,True,isi,0.7,1.9002532500883202,2.975027767350551,-1.0784208786007756,0.003646361338544901
WT_10__TO__SCA3_06,True,isi,0.7333333333333333,1.9852333564476452,3.009498591546512,-1.1308705874920157,0.10660535239314894
WT_10__TO__SCA3_06,True,isi,0.7666666666666666,1.9429980498379178,3.154668087902796,-1.0953994610349571,-0.11627057702992127
WT_10__TO__SCA3_06,True,isi,0.8,2.061448812278237,3.2487409492413084,-1.1975678576080526,0.010275720644981279
WT_10__TO__SCA3_06,True,isi,0.8333333333333334,2.2376251034629746,3.4519301968370573,-1.189793993571978,-0.024511099802104752
WT_10__TO__SCA3_06,True,isi,0.8666666666666667,2.429835717427472,3.6828221950224935,-1.2526632254811019,-0.0003232521139198141
WT_10__TO__SCA3_06,True,isi,0.9,,4.159428612798516,-1.3260129820969566,
WT_10__TO__SCA3_06,True,isi,0.9333333333333332,,4.639004204153725,-1.4415283893859352,
WT_10__TO__SCA3_06,True,isi,0.9666666666666668,,5.316429164960342,-1.6094581017678726,
WT_10__TO__SCA3_06,True,isi,1.0,,5.180011411723356,-1.979289318409279,
WT_10__TO__SCA3_09,True,active,0.0,,0.417800523827634,-3.8090220237540997,
WT_10__TO__SCA3_09,True,active,0.0333333333333333,,0.6131857663423091,-5.186745954730935,
WT_10__TO__SCA3_09,True,active,0.0666666666666666,,0.7296270478478127,-5.793266105945586,
WT_10__TO__SCA3_09,True,active,0.1,,0.6294484971551881,-5.077531445699547,
WT_10__TO__SCA3_09,True,active,0.1333333333333333,,0.5612201099937432,-4.182151495247643,
WT_10__TO__SCA3_09,True,active,0.1666666666666666,,0.5986646445731876,-3.654066676772736,
WT_10__TO__SCA3_09,True,active,0.2,,0.6169240663270302,-3.434067544496516,
WT_10__TO__SCA3_09,True,active,0.2333333333333333,,0.6303899498586225,-3.101444099282257,
WT_10__TO__SCA3_09,True,active,0.2666666666666666,,0.364752301641474,-2.9276559168648135,
WT_10__TO__SCA3_09,True,active,0.3,,0.20975462123912417,-2.5924702758491027,
WT_10__TO__SCA3_09,True,active,0.3333333333333333,,0.6619700554391396,-2.532754483978806,
WT_10__TO__SCA3_09,True,active,0.3666666666666666,,0.665860028951321,-2.1264815713546126,
WT_10__TO__SCA3_09,True,active,0.4,,0.2231707776107942,-2.0956837179982473,
WT_10__TO__SCA3_09,True,active,0.4333333333333333,,0.4950002002196098,-2.218451752427487,
WT_10__TO__SCA3_09,True,active,0.4666666666666667,,0.22545177047467843,-2.207067417604661,
WT_10__TO__SCA3_09,True,active,0.5,-1.7862899230941907,0.23073633057574797,-2.0285842316904668,0.002996512161091425
WT_10__TO__SCA3_09,True,active,0.5333333333333333,-1.2778331882148186,0.49001119117238573,-1.5648441826184305,-0.3060570227574867
WT_10__TO__SCA3_09,True,active,0.5666666666666667,-1.0922328464021402,0.23363674415766153,-1.5648441826184287,-0.1234041912267022
WT_10__TO__SCA3_09,True,active,0.6,-1.072654761952377,0.23361077447318282,-1.147864751703691,-0.20987081050316567
WT_10__TO__SCA3_09,True,active,0.6333333333333333,-0.8791110708977883,0.03440663992110599,-1.318524623197585,-0.1192852039972178
WT_10__TO__SCA3_09,True,active,0.6666666666666666,-0.8556620628382119,0.2447799072064478,-1.3660764829649394,0.008757440356451207
WT_10__TO__SCA3_09,True,active,0.7,-1.0671255350410973,0.48587520714959903,-1.10675452566832,-0.4462462165223765
WT_10__TO__SCA3_09,True,active,0.7333333333333333,-0.8732329149582534,0.2394681418584372,-1.1249564338303297,-0.007348677120607715
WT_10__TO__SCA3_09,True,active,0.7666666666666666,-0.6511805853238762,0.034323081734730095,-1.013260388182277,-5.828670879282072e-15
WT_10__TO__SCA3_09,True,active,0.8,-0.8667252092416502,0.48802770028572817,-1.1289618063209421,-0.38070480586517313
WT_10__TO__SCA3_09,True,active,0.8333333333333334,-0.18123977258564294,0.2550645749705711,-1.1289618063209446,0.20208584280989572
WT_10__TO__SCA3_09,True,active,0.8666666666666667,-0.6344922739355012,0.0342718308110826,-0.9674627675885163,-0.16489637950202388
WT_10__TO__SCA3_09,True,active,0.9,,0.26218544129348387,-0.8051846195686534,
WT_10__TO__SCA3_09,True,active,0.9333333333333332,,0.2621698921752126,-1.0244702432719532,
WT_10__TO__SCA3_09,True,active,0.9666666666666668,,0.2621560638121263,-1.0929679245741168,
WT_10__TO__SCA3_09,True,active,1.0,,0.03684108797238906,-1.3823915106187425,
WT_10__TO__SCA3_09,True,isi,0.0,,0.34414190962567226,-2.9370950638111597,
WT_10__TO__SCA3_09,True,isi,0.0333333333333333,,0.4173149529780444,-4.121745377375486,
WT_10__TO__SCA3_09,True,isi,0.0666666666666666,,0.5037210089731244,-4.479615231130186,
WT_10__TO__SCA3_09,True,isi,0.1,,0.507830198283756,-4.034082291771961,
WT_10__TO__SCA3_09,True,isi,0.1333333333333333,,0.40058888077301286,-3.2534181690991084,
WT_10__TO__SCA3_09,True,isi,0.1666666666666666,,0.36720894473153687,-2.857173487470556,
WT_10__TO__SCA3_09,True,isi,0.2,,0.350349629086964,-2.6861501687050415,
WT_10__TO__SCA3_09,True,isi,0.2333333333333333,,0.33844550971467474,-2.4973951568912973,
WT_10__TO__SCA3_09,True,isi,0.2666666666666666,,0.33461591372474603,-2.3019887600059867,
WT_10__TO__SCA3_09,True,isi,0.3,,0.3307500418721794,-2.115248231786201,
WT_10__TO__SCA3_09,True,isi,0.3333333333333333,,0.3074029730700407,-1.9374020020143685,
WT_10__TO__SCA3_09,True,isi,0.3666666666666666,,0.5114653309980028,-1.7817963100963898,
WT_10__TO__SCA3_09,True,isi,0.4,,0.2894754339964568,-1.6399127258832107,
WT_10__TO__SCA3_09,True,isi,0.4333333333333333,,0.2770185396229489,-1.7199558511466575,
WT_10__TO__SCA3_09,True,isi,0.4666666666666667,,0.26546652482060734,-1.5981248824290895,
WT_10__TO__SCA3_09,True,isi,0.5,-1.2557174043425512,0.25791448403300893,-1.5137538531685202,-0.004079860096855348
WT_10__TO__SCA3_09,True,isi,0.5333333333333333,-0.9707614247784915,0.25320064520522856,-1.4274866196834524,0.04226256314364619
WT_10__TO__SCA3_09,True,isi,0.5666666666666667,-0.9167013709640169,0.24047331350160495,-1.1560242979596655,-0.0011503865059564458
WT_10__TO__SCA3_09,True,isi,0.6,-0.8502754398723102,0.2335278304617145,-1.0851006161952146,0.0012973458611898472
WT_10__TO__SCA3_09,True,isi,0.6333333333333333,-0.8023359923241316,0.23075806958161588,-1.0213430722591281,-0.01175098964661919
WT_10__TO__SCA3_09,True,isi,0.6666666666666666,-0.7380863982824455,0.22652079248345341,-0.9728427806916992,-0.0038068989589962188
WT_10__TO__SCA3_09,True,isi,0.7,-0.6898460721238712,0.22160765945082989,-0.9122655822572975,4.870899097020407e-05
WT_10__TO__SCA3_09,True,isi,0.7333333333333333,-0.6615306683453371,0.20628156583974355,-0.8668109905509194,-0.001001243634161264
WT_10__TO__SCA3_09,True,isi,0.7666666666666666,-0.45281633711325603,0.2047008611804591,-0.7710819198446455,-0.021492689568722186
WT_10__TO__SCA3_09,True,isi,0.8,-0.5935995379069832,0.20619924721568045,-0.8193630955144492,-0.001256258105702623
WT_10__TO__SCA3_09,True,isi,0.8333333333333334,-0.3666920372941088,0.19978877734959855,-0.8015287177071292,0.004168821122457755
WT_10__TO__SCA3_09,True,isi,0.8666666666666667,-0.34697853242028875,0.19042409161793317,-0.7844355468156532,0.011425721383756028
WT_10__TO__SCA3_09,True,isi,0.9,,0.19127678684907118,-0.7814912850069751,
WT_10__TO__SCA3_09,True,isi,0.9333333333333332,,0.1876418633725394,-0.7605079331291332,
WT_10__TO__SCA3_09,True,isi,0.9666666666666668,,0.1842613705749147,-0.7487703426205423,
WT_10__TO__SCA3_09,True,isi,1.0,,0.17980656971714754,-0.7409438205213027,
WT_11__TO__SCA3_01,False,active,0.0,,3.055976246634217,-3.67009233323803,
WT_11__TO__SCA3_01,False,active,0.0333333333333333,,2.8533697318582734,-3.761246510390006,
WT_11__TO__SCA3_01,False,active,0.0666666666666666,,2.8587472284748854,-3.3685788646755586,
WT_11__TO__SCA3_01,False,active,0.1,,2.6998015438673075,-3.014578890990697,
WT_11__TO__SCA3_01,False,active,0.1333333333333333,,2.73994546951969,-2.903900983015261,
WT_11__TO__SCA3_01,False,active,0.1666666666666666,,2.6057228756039956,-2.8355645287936033,
WT_11__TO__SCA3_01,False,active,0.2,,2.4652965837746295,-3.066535219896267,
WT_11__TO__SCA3_01,False,active,0.2333333333333333,,2.5896288383335273,-2.7889008757193423,
WT_11__TO__SCA3_01,False,active,0.2666666666666666,,2.7786211024385614,-2.757703512432078,
WT_11__TO__SCA3_01,False,active,0.3,,2.6697435044682325,-2.7979449251580766,
WT_11__TO__SCA3_01,False,active,0.3333333333333333,,2.8240641856031816,-2.295729503407386,
WT_11__TO__SCA3_01,False,active,0.3666666666666666,,1.9985848723254862,-1.8350461666190192,
WT_11__TO__SCA3_01,False,active,0.4,,2.2605697082125937,-1.8350461666190239,
WT_11__TO__SCA3_01,False,active,0.4333333333333333,,2.925805058314103,-2.0288777667873004,
WT_11__TO__SCA3_01,False,active,0.4666666666666667,,2.703318239037392,-2.054929779567955,
WT_11__TO__SCA3_01,False,active,0.5,1.1041568120077092,2.77656874174572,-2.0652430503155284,-0.004858069040614685
WT_11__TO__SCA3_01,False,active,0.5333333333333333,1.1294143055104513,1.724779798407339,-1.3987418190628034,-0.0008017895663577911
WT_11__TO__SCA3_01,False,active,0.5666666666666667,1.128662853216613,2.1009557959677148,-1.3097937245475553,-0.41531960350043395
WT_11__TO__SCA3_01,False,active,0.6,1.0683487688928306,2.459755728467412,-1.3097937245475617,-0.000630155568070342
WT_11__TO__SCA3_01,False,active,0.6333333333333333,1.5134420068249796,2.4591066433652187,-1.5722765427947758,-0.583743196093139
WT_11__TO__SCA3_01,False,active,0.6666666666666666,1.1460602296996127,2.8568803700005474,-1.6848541511639061,-0.005067268724873173
WT_11__TO__SCA3_01,False,active,0.7,1.149758522345523,2.3879556440884273,-0.8645890069583669,-0.27763434417691524
WT_11__TO__SCA3_01,False,active,0.7333333333333333,1.1047162282100507,2.7771281579480567,-1.269434128354635,0.17536306812354388
WT_11__TO__SCA3_01,False,active,0.7666666666666666,1.5026622760178083,2.3261030023085185,-1.8350461666190223,0.19831052774800165
WT_11__TO__SCA3_01,False,active,0.8,1.5831376397578054,2.61135299899875,-1.1957479859888756,-0.2837740373357556
WT_11__TO__SCA3_01,False,active,0.8333333333333334,1.6634628511252247,2.6346256600357574,-1.0576319226519162,-0.39027786523260344
WT_11__TO__SCA3_01,False,active,0.8666666666666667,1.4347317720453132,2.969161007950007,-1.162024208019218,-0.27816452039372785
WT_11__TO__SCA3_01,False,active,0.9,,3.1648709486785047,-1.2852755510035083,
WT_11__TO__SCA3_01,False,active,0.9333333333333332,,3.713923986947498,-2.903900983015262,
WT_11__TO__SCA3_01,False,active,0.9666666666666668,,4.102620035078658,-1.6186254320117393,
WT_11__TO__SCA3_01,False,active,1.0,,2.375262981562513,-1.4860302911802539,
WT_11__TO__SCA3_01,False,isi,0.0,,2.640353530223945,-2.8410553990788117,
WT_11__TO__SCA3_01,False,isi,0.0333333333333333,,2.4139576841877894,-2.824609775176057,
WT_11__TO__SCA3_01,False,isi,0.0666666666666666,,2.259190469967179,-2.578172958504566,
WT_11__TO__SCA3_01,False,isi,0.1,,2.199588027606836,-2.4465992687884937,
WT_11__TO__SCA3_01,False,isi,0.1333333333333333,,2.12326175567442,-2.3016035131803276,
WT_11__TO__SCA3_01,False,isi,0.1666666666666666,,2.1458398980808426,-2.0404861675416246,
WT_11__TO__SCA3_01,False,isi,0.2,,1.9147587808728814,-1.6934251195584253,
WT_11__TO__SCA3_01,False,isi,0.2333333333333333,,1.4801341008948785,-1.1161049414062907,
WT_11__TO__SCA3_01,False,isi,0.2666666666666666,,1.3803140358538186,-1.0153725624568621,
WT_11__TO__SCA3_01,False,isi,0.3,,1.411007960997799,-0.9371251428662566,
WT_11__TO__SCA3_01,False,isi,0.3333333333333333,,1.6768865207195796,-1.7049945471479497,
WT_11__TO__SCA3_01,False,isi,0.3666666666666666,,1.6285199251708955,-1.3703841338113105,
WT_11__TO__SCA3_01,False,isi,0.4,,1.5880464107889185,-1.1351794557618191,
WT_11__TO__SCA3_01,False,isi,0.4333333333333333,,1.5589123416139399,-0.7815820085735045,
WT_11__TO__SCA3_01,False,isi,0.4666666666666667,,1.3389006762795044,-0.8150543932519346,
WT_11__TO__SCA3_01,False,isi,0.5,0.6963139123882262,1.3345400703641508,-0.6481243447763908,-0.002994474946403257
WT_11__TO__SCA3_01,False,isi,0.5333333333333333,1.0280134368617169,1.5673869729469518,-0.8423162676905472,-0.12335433368241851
WT_11__TO__SCA3_01,False,isi,0.5666666666666667,0.9727501689239553,1.5666523497943727,-0.8986328358116931,0.0203811968016976
WT_11__TO__SCA3_01,False,isi,0.6,1.0222042109339329,1.6133077626616654,-0.7307078538268365,6.37878625500204e-05
WT_11__TO__SCA3_01,False,isi,0.6333333333333333,1.0428186342973667,1.682121691462031,-0.8700799522192727,-0.038862763207392556
WT_11__TO__SCA3_01,False,isi,0.6666666666666666,1.127487230974853,1.7343069255904866,-1.1133824260284506,2.5723748192881054e-05
WT_11__TO__SCA3_01,False,isi,0.7,1.0175257607398627,1.834781297738129,-0.6423030995346586,-0.5200787310858
WT_11__TO__SCA3_01,False,isi,0.7333333333333333,1.1814719128192472,1.9226126068081357,-0.664669946720544,-0.07020731058436479
WT_11__TO__SCA3_01,False,isi,0.7666666666666666,0.9241113389453718,2.0307781727341445,-0.6893679523382208,-0.013629703463128192
WT_11__TO__SCA3_01,False,isi,0.8,0.9717900164934904,2.0891410373485804,-0.7237192388392176,-0.011427553958737955
WT_11__TO__SCA3_01,False,isi,0.8333333333333334,1.185872825403646,2.040943843584393,-0.8579750131802008,0.002903994999453806
WT_11__TO__SCA3_01,False,isi,0.8666666666666667,1.1858648939837801,2.0111553985435004,-0.8368335845219818,0.0006288303686913278
WT_11__TO__SCA3_01,False,isi,0.9,,1.9991797808906764,-0.8963735061613578,
WT_11__TO__SCA3_01,False,isi,0.9333333333333332,,2.027289888900077,-1.0149435073449977,
WT_11__TO__SCA3_01,False,isi,0.9666666666666668,,2.158888185906196,-1.1602428878468007,
WT_11__TO__SCA3_01,False,isi,1.0,,2.201957846397483,-1.5277860885399266,
WT_11__TO__SCA3_02,False,active,0.0,,2.077802641556131,-3.2856823571761398,
WT_11__TO__SCA3_02,False,active,0.0333333333333333,,1.7577299064871557,-3.3064662274795875,
WT_11__TO__SCA3_02,False,active,0.0666666666666666,,1.8247491559255635,-2.8093044569025034,
WT_11__TO__SCA3_02,False,active,0.1,,1.7392687658560404,-2.561184362908647,
WT_11__TO__SCA3_02,False,active,0.1333333333333333,,1.5708218702788561,-2.409835834969683,
WT_11__TO__SCA3_02,False,active,0.1666666666666666,,1.5752570969276956,-2.108199290099214,
WT_11__TO__SCA3_02,False,active,0.2,,1.5750327924713257,-1.8294045954510594,
WT_11__TO__SCA3_02,False,active,0.2333333333333333,,1.4251013490846833,-1.4814751933619061,
WT_11__TO__SCA3_02,False,active,0.2666666666666666,,1.4104894607318985,-1.5339112534606671,
WT_11__TO__SCA3_02,False,active,0.3,,1.3114956301618839,-1.278827307675259,
WT_11__TO__SCA3_02,False,active,0.3333333333333333,,1.2691098816427666,-1.2656973989270532,
WT_11__TO__SCA3_02,False,active,0.3666666666666666,,1.2457447356324531,-1.0999815174185126,
WT_11__TO__SCA3_02,False,active,0.4,,1.120858569274534,-0.886916278524686,
WT_11__TO__SCA3_02,False,active,0.4333333333333333,,1.2131729570330778,-0.8869162785246858,
WT_11__TO__SCA3_02,False,active,0.4666666666666667,,1.1136812172040003,-0.8869162785246921,
WT_11__TO__SCA3_02,False,active,0.5,0.3677970978787477,1.0488991719929575,-0.8086116072543754,0.011087078153734432
WT_11__TO__SCA3_02,False,active,0.5333333333333333,0.37143331702373916,1.076759056774058,-0.9014662350200793,-0.005325492268221105
WT_11__TO__SCA3_02,False,active,0.5666666666666667,0.37606364474928733,1.0890808452671403,-0.6930426082469986,-0.0077662803005897904
WT_11__TO__SCA3_02,False,active,0.6,0.4669995158029694,1.1007035026579899,-0.654525254349999,0.007766280300596784
WT_11__TO__SCA3_02,False,active,0.6333333333333333,0.47302132379557976,1.1314160256457748,-0.6918356273156019,-0.0003106371596980455
WT_11__TO__SCA3_02,False,active,0.6666666666666666,0.476477903466408,1.1817342239514106,-0.7298581961637453,-0.00026973571546123903
WT_11__TO__SCA3_02,False,active,0.7,0.48567790115005127,1.181289596645041,-0.5259234265271605,-0.20732969385810315
WT_11__TO__SCA3_02,False,active,0.7333333333333333,0.49027224291300026,1.2192451671343247,-0.5303867045750102,-0.14056020752615744
WT_11__TO__SCA3_02,False,active,0.7666666666666666,0.6861873382753358,1.2462190028853155,-0.535015344907049,0.0018775145892213365
WT_11__TO__SCA3_02,False,active,0.8,0.6849019423370282,1.243424728463467,-0.7027800965589579,-0.0019422421974999984
WT_11__TO__SCA3_02,False,active,0.8333333333333334,0.7444710357137324,1.0160332198360686,-0.5186439145932317,-0.004713576662970009
WT_11__TO__SCA3_02,False,active,0.8666666666666667,0.647945955872307,1.0341668580387335,-0.528620272654707,4.163336342344331e-16
WT_11__TO__SCA3_02,False,active,0.9,,1.0299720796624936,-0.538988008058685,
WT_11__TO__SCA3_02,False,active,0.9333333333333332,,0.7845196614703202,-0.3771881848538985,
WT_11__TO__SCA3_02,False,active,0.9666666666666668,,1.060955696328115,-0.27763434417692,
WT_11__TO__SCA3_02,False,active,1.0,,0.7803828131267534,-0.5667183303658292,
WT_11__TO__SCA3_02,False,isi,0.0,,1.6756279861582601,-2.6873345903685726,
WT_11__TO__SCA3_02,False,isi,0.0333333333333333,,1.5594138594355789,-2.5796412980031183,
WT_11__TO__SCA3_02,False,isi,0.0666666666666666,,1.5012148520711945,-2.1230076748915305,
WT_11__TO__SCA3_02,False,isi,0.1,,1.4449869192082154,-1.8365971231236153,
WT_11__TO__SCA3_02,False,isi,0.1333333333333333,,1.3967979593028275,-1.3923286381272122,
WT_11__TO__SCA3_02,False,isi,0.1666666666666666,,1.3577063871261037,-1.2654529691062681,
WT_11__TO__SCA3_02,False,isi,0.2,,1.3153007692521668,-1.1564258533808418,
WT_11__TO__SCA3_02,False,isi,0.2333333333333333,,1.2800109234137318,-1.1196228059225228,
WT_11__TO__SCA3_02,False,isi,0.2666666666666666,,1.2409661284914437,-1.009495951858462,
WT_11__TO__SCA3_02,False,isi,0.3,,1.22422371777546,-0.9429650135310802,
WT_11__TO__SCA3_02,False,isi,0.3333333333333333,,1.1842711437197686,-0.8277990583145043,
WT_11__TO__SCA3_02,False,isi,0.3666666666666666,,1.15257222603264,-0.785904862520308,
WT_11__TO__SCA3_02,False,isi,0.4,,1.1212432040610651,-0.7576807920966255,
WT_11__TO__SCA3_02,False,isi,0.4333333333333333,,1.10582588615241,-0.6541250105155428,
WT_11__TO__SCA3_02,False,isi,0.4666666666666667,,1.1005976584176762,-0.6669719137001174,
WT_11__TO__SCA3_02,False,isi,0.5,0.16959038778123936,0.125434522897801,-0.5991653614976236,-0.0007037706611314858
WT_11__TO__SCA3_02,False,isi,0.5333333333333333,0.4069054809193132,1.055529921751899,-0.5883069641889749,0.012308204464429352
WT_11__TO__SCA3_02,False,isi,0.5666666666666667,0.45951522649986154,1.0365987301311197,-0.5623376265676576,-0.0004887046555558947
WT_11__TO__SCA3_02,False,isi,0.6,0.5065899124814336,1.0180996821357453,-0.5015240816256163,-0.0008730215443448209
WT_11__TO__SCA3_02,False,isi,0.6333333333333333,0.543635917239516,1.0232637577072847,-0.49038688783270823,-0.00014068778188941526
WT_11__TO__SCA3_02,False,isi,0.6666666666666666,0.555264395823844,1.003247744248629,-0.4784139391215197,-0.0007976133245393706
WT_11__TO__SCA3_02,False,isi,0.7,0.5832596563256214,0.9929924334876603,-0.4420479132785738,0.008723881363999125
WT_11__TO__SCA3_02,False,isi,0.7333333333333333,0.5953982878295192,0.9924377530025724,-0.42733413533214837,0.007066238109515207
WT_11__TO__SCA3_02,False,isi,0.7666666666666666,0.5962910862296589,0.9786387369847542,-0.4047201740421532,-0.0012300468853734534
WT_11__TO__SCA3_02,False,isi,0.8,0.6008632233817464,0.9779007230622235,-0.45620506531334176,-0.00035422301443446824
WT_11__TO__SCA3_02,False,isi,0.8333333333333334,0.6109997867603294,0.9564784097644321,-0.48791560111182475,-0.0005828503138082253
WT_11__TO__SCA3_02,False,isi,0.8666666666666667,0.6087976149466778,0.9474541298732542,-0.34709824635645004,-0.004383241598970528
WT_11__TO__SCA3_02,False,isi,0.9,,0.92564926805487,-0.32767506986695527,
WT_11__TO__SCA3_02,False,isi,0.9333333333333332,,0.9022645897111273,-0.3076334129758334,
WT_11__TO__SCA3_02,False,isi,0.9666666666666668,,0.8746734472387522,-0.3006666442539518,
WT_11__TO__SCA3_02,False,isi,1.0,,0.8536580417160826,-0.29381202718234806,
WT_11__TO__SCA3_04,False,active,0.0,,1.0926856465995247,-2.099101030811401,
WT_11__TO__SCA3_04,False,active,0.0333333333333333,,0.9677108334091507,-2.1859358491482404,
WT_11__TO__SCA3_04,False,active,0.0666666666666666,,0.987188971118972,-1.9823405308952597,
WT_11__TO__SCA3_04,False,active,0.1,,0.9116480909871423,-1.951016750425779,
WT_11__TO__SCA3_04,False,active,0.1333333333333333,,0.7824460957602857,-1.7474214321727835,
WT_11__TO__SCA3_04,False,active,0.1666666666666666,,0.903170814877847,-1.6186254320117432,
WT_11__TO__SCA3_04,False,active,0.2,,0.8188703471042867,-1.4479097878845262,
WT_11__TO__SCA3_04,False,active,0.2333333333333333,,0.8388692405266455,-1.473814475340467,
WT_11__TO__SCA3_04,False,active,0.2666666666666666,,0.841527739644207,-1.2852755510035174,
WT_11__TO__SCA3_04,False,active,0.3,,0.7364638926203598,-1.2557641972075495,
WT_11__TO__SCA3_04,False,active,0.3333333333333333,,0.7216188242217115,-1.1591014121196797,
WT_11__TO__SCA3_04,False,active,0.3666666666666666,,0.7299294649177066,-1.1341604906778602,
WT_11__TO__SCA3_04,False,active,0.4,,0.7087281877912449,-1.196315138777539,
WT_11__TO__SCA3_04,False,active,0.4333333333333333,,0.7323085658038098,-1.0698639811710628,
WT_11__TO__SCA3_04,False,active,0.4666666666666667,,0.7587693517172222,-1.0409443301451338,
WT_11__TO__SCA3_04,False,active,0.5,-0.17227858960439998,0.8337983486985219,-1.1629497551567471,-0.0026422674092452148
WT_11__TO__SCA3_04,False,active,0.5333333333333333,-0.2969761245055366,0.8596587729094942,-1.1007663777016226,-9.992007221626387e-16
WT_11__TO__SCA3_04,False,active,0.5666666666666667,-0.26078929111880667,0.8030064800451832,-1.0244702432719537,1.776356839400257e-15
WT_11__TO__SCA3_04,False,active,0.6,0.10383519987696033,0.8719373232674638,-1.0721063622999076,0.15230145815435434
WT_11__TO__SCA3_04,False,active,0.6333333333333333,0.09792689279782307,0.8111351538824716,-0.9820199980593908,2.4424906541753475e-15
WT_11__TO__SCA3_04,False,active,0.6666666666666666,0.10336415325371252,1.015658244521282,-1.0184238143834183,-3.2751579226442055e-15
WT_11__TO__SCA3_04,False,active,0.7,0.10847188205728203,0.6716906290454293,-1.0999815174185141,-0.019578491621104237
WT_11__TO__SCA3_04,False,active,0.7333333333333333,0.11079818022873782,0.7284721959801151,-0.6392981806301419,-0.17071564412720944
WT_11__TO__SCA3_04,False,active,0.7666666666666666,0.11575704746174646,0.793924725440772,-0.845572516842226,0.0
WT_11__TO__SCA3_04,False,active,0.8,0.09976412910027466,0.8694158624438022,-0.8869162785246849,2.9582283945787943e-30
WT_11__TO__SCA3_04,False,active,0.8333333333333334,0.1045882311820948,0.9221122098895271,-0.8869162785246849,0.0
WT_11__TO__SCA3_04,False,active,0.8666666666666667,0.10438561494313801,1.0421899087713227,-0.94812988809433,-1.5543122344752164e-15
WT_11__TO__SCA3_04,False,active,0.9,,1.18996587339136,-1.099981517418518,
WT_11__TO__SCA3_04,False,active,0.9333333333333332,,1.29224573604379,0.0,
WT_11__TO__SCA3_04,False,active,0.9666666666666668,,1.5363616609656998,-1.4479097878845262,
WT_11__TO__SCA3_04,False,active,1.0,,0.10384552834152078,0.0,
WT_11__TO__SCA3_04,False,isi,0.0,,0.8892140817165998,-1.7605073734882897,
WT_11__TO__SCA3_04,False,isi,0.0333333333333333,,0.8471508698421603,-1.7743419922232344,
WT_11__TO__SCA3_04,False,isi,0.0666666666666666,,0.7802452530662224,-1.5414375864101022,
WT_11__TO__SCA3_04,False,isi,0.1,,0.7896074179542605,-1.3675950154708008,
WT_11__TO__SCA3_04,False,isi,0.1333333333333333,,0.7472172052641075,-1.2370019671832686,
WT_11__TO__SCA3_04,False,isi,0.1666666666666666,,0.7022871138171616,-1.160817299874932,
WT_11__TO__SCA3_04,False,isi,0.2,,0.6884626670246564,-1.0657169499099601,
WT_11__TO__SCA3_04,False,isi,0.2333333333333333,,0.6545763277327556,-1.0123608817490772,
WT_11__TO__SCA3_04,False,isi,0.2666666666666666,,0.6238277257459146,-0.9621818114531189,
WT_11__TO__SCA3_04,False,isi,0.3,,0.6154741544767849,-0.9051460317772045,
WT_11__TO__SCA3_04,False,isi,0.3333333333333333,,0.5891790894602348,-0.875335432336494,
WT_11__TO__SCA3_04,False,isi,0.3666666666666666,,0.5730520757729425,-0.7369815728713079,
WT_11__TO__SCA3_04,False,isi,0.4,,0.6053926430415258,-0.7643857590399008,
WT_11__TO__SCA3_04,False,isi,0.4333333333333333,,0.6337028778892756,-0.7908810341412101,
WT_11__TO__SCA3_04,False,isi,0.4666666666666667,,0.6430761863150275,-0.7089135639615107,
WT_11__TO__SCA3_04,False,isi,0.5,-0.08175020561011723,0.6158046804185124,-0.6878485569957684,0.0001052795608548231
WT_11__TO__SCA3_04,False,isi,0.5333333333333333,-0.04194988361023586,0.5938754651546986,-0.739394520223458,0.009448146443983257
WT_11__TO__SCA3_04,False,isi,0.5666666666666667,-0.017566431813561545,0.6763457703983845,-0.6723680483035984,-0.017025909418242308
WT_11__TO__SCA3_04,False,isi,0.6,-0.07305345269630861,0.6321337238148378,-0.7203755037720967,-0.04090396306821668
WT_11__TO__SCA3_04,False,isi,0.6333333333333333,-0.05620461843998842,0.7114444035155056,-0.7031600563995333,0.00017987658608775736
WT_11__TO__SCA3_04,False,isi,0.6666666666666666,-0.044937040991176784,0.6138009316480485,-0.7387179317491989,0.00010276273510501117
WT_11__TO__SCA3_04,False,isi,0.7,0.04548501905973466,0.6617933623748024,-0.8809722606334291,0.033723075203831165
WT_11__TO__SCA3_04,False,isi,0.7333333333333333,0.1870721374983251,0.7934606691517336,-0.7583656777959437,0.01934744294828342
WT_11__TO__SCA3_04,False,isi,0.7666666666666666,0.0633601107983723,0.7928547465866689,-0.6397169370661038,-0.00016637002466168764
WT_11__TO__SCA3_04,False,isi,0.8,-0.061284652175165814,0.7760089050408061,-0.7403625460858441,-0.0009240957599832006
WT_11__TO__SCA3_04,False,isi,0.8333333333333334,0.08142058700015596,0.7796205186059751,-0.750389627078226,0.005538542023363069
WT_11__TO__SCA3_04,False,isi,0.8666666666666667,-0.021288165023126103,0.666502604944312,-0.7781235399058863,0.0003991606135306415
WT_11__TO__SCA3_04,False,isi,0.9,,0.6299615320607035,-0.6492081518596655,
WT_11__TO__SCA3_04,False,isi,0.9333333333333332,,1.0650770122357083,-0.5903880142089513,
WT_11__TO__SCA3_04,False,isi,0.9666666666666668,,1.0271007734034157,-0.43077555359002817,
WT_11__TO__SCA3_04,False,isi,1.0,,1.151265049162378,-1.09430454046337,
WT_11__TO__SCA3_05,False,active,0.0,,0.717741339161742,-1.2785963612602838,
WT_11__TO__SCA3_05,False,active,0.0333333333333333,,0.637981010063293,-1.1459459535027072,
WT_11__TO__SCA3_05,False,active,0.0666666666666666,,0.49734586664500224,-1.1178869696273597,
WT_11__TO__SCA3_05,False,active,0.1,,0.49916215786191126,-1.117886969627358,
WT_11__TO__SCA3_05,False,active,0.1333333333333333,,0.5059661408895602,-0.975235637549843,
WT_11__TO__SCA3_05,False,active,0.1666666666666666,,0.5040339885598054,-0.9320474607162662,
WT_11__TO__SCA3_05,False,active,0.2,,0.41549492086586554,-0.9192351946265368,
WT_11__TO__SCA3_05,False,active,0.2333333333333333,,0.5278274955962833,-0.932315804443976,
WT_11__TO__SCA3_05,False,active,0.2666666666666666,,0.47809549131169043,-0.8289616179086522,
WT_11__TO__SCA3_05,False,active,0.3,,0.3203699953675379,-0.8331297807984198,
WT_11__TO__SCA3_05,False,active,0.3333333333333333,,0.33097352903073785,-0.8331297807984199,
WT_11__TO__SCA3_05,False,active,0.3666666666666666,,0.3931330493911715,-0.8079185359639465,
WT_11__TO__SCA3_05,False,active,0.4,,0.4106097694540844,-0.7781506838511021,
WT_11__TO__SCA3_05,False,active,0.4333333333333333,,0.345431442161958,-0.7745802933768576,
WT_11__TO__SCA3_05,False,active,0.4666666666666667,,0.43270980222850847,-0.8007565440932942,
WT_11__TO__SCA3_05,False,active,0.5,-0.1971691724780012,0.32636789959122897,-0.8086116072543779,0.003462878341651535
WT_11__TO__SCA3_05,False,active,0.5333333333333333,-0.20799380105715476,0.479021579056114,-0.5609935093598355,0.0
WT_11__TO__SCA3_05,False,active,0.5666666666666667,-0.22398219110745304,0.48773698637636564,-0.5726842226349739,-0.0038178726807974774
WT_11__TO__SCA3_05,False,active,0.6,-0.22982898091860998,0.3991436689907735,-0.6108753522434798,-0.0028624105029997995
WT_11__TO__SCA3_05,False,active,0.6333333333333333,-0.23592148229227053,0.4334111195991162,-0.6108753522434706,0.0031112594206353273
WT_11__TO__SCA3_05,False,active,0.6666666666666666,-0.026316839535053607,0.3560521498757769,-0.6476295783461273,0.12963099987105933
WT_11__TO__SCA3_05,False,active,0.7,-0.2530158178202612,0.36659510035698606,-0.8461557871887495,-1.6653345369377401e-15
WT_11__TO__SCA3_05,False,active,0.7333333333333333,-0.2419302820380106,0.37890412590697414,-0.6704955439174117,-0.0037171850044153253
WT_11__TO__SCA3_05,False,active,0.7666666666666666,-0.02766320713737859,0.3804969629568924,-0.6788801896351591,-0.0035500989232409965
WT_11__TO__SCA3_05,False,active,0.8,-0.02744712429351394,0.40266491372840185,-0.714173801453506,0.0
WT_11__TO__SCA3_05,False,active,0.8333333333333334,-0.08758738600380513,0.4240266682826822,-0.555327626016836,-4.718447854656929e-16
WT_11__TO__SCA3_05,False,active,0.8666666666666667,0.05005085860439905,0.612084942472864,-0.7745802933768631,-1.2767564783189312e-15
WT_11__TO__SCA3_05,False,active,0.9,,0.45762596570072905,-0.48462792278085165,
WT_11__TO__SCA3_05,False,active,0.9333333333333332,,0.4926929513649864,-0.48224009826920355,
WT_11__TO__SCA3_05,False,active,0.9666666666666668,,0.6851208907718641,-0.43630434755620473,
WT_11__TO__SCA3_05,False,active,1.0,,1.119966129869548,-0.7742727574690091,
WT_11__TO__SCA3_05,False,isi,0.0,,0.4321459158989565,-1.0280611598642366,
WT_11__TO__SCA3_05,False,isi,0.0333333333333333,,0.419551314801342,-0.985700498714623,
WT_11__TO__SCA3_05,False,isi,0.0666666666666666,,0.4290638908996915,-0.9053390620194423,
WT_11__TO__SCA3_05,False,isi,0.1,,0.4116134798028864,-0.8150861857269186,
WT_11__TO__SCA3_05,False,isi,0.1333333333333333,,0.4008839423226063,-0.7732244181499462,
WT_11__TO__SCA3_05,False,isi,0.1666666666666666,,0.3622087244144602,-0.6766756125238601,
WT_11__TO__SCA3_05,False,isi,0.2,,0.4136432902917339,-0.6577344203235208,
WT_11__TO__SCA3_05,False,isi,0.2333333333333333,,0.3489276541923188,-0.5761077835411456,
WT_11__TO__SCA3_05,False,isi,0.2666666666666666,,0.3424338133258186,-0.5839527253071225,
WT_11__TO__SCA3_05,False,isi,0.3,,0.36150622622863493,-0.5496145880661228,
WT_11__TO__SCA3_05,False,isi,0.3333333333333333,,0.33986054248760694,-0.5231005062032803,
WT_11__TO__SCA3_05,False,isi,0.3666666666666666,,0.32643898939449223,-0.4897075921005324,
WT_11__TO__SCA3_05,False,isi,0.4,,0.32780775430586245,-0.4952945001298508,
WT_11__TO__SCA3_05,False,isi,0.4333333333333333,,0.327702597325885,-0.46903712205639253,
WT_11__TO__SCA3_05,False,isi,0.4666666666666667,,0.3067522512614745,-0.42013049001793074,
WT_11__TO__SCA3_05,False,isi,0.5,-0.15430932105273185,0.32003756905324804,-0.40445910577285227,-0.01395390598672459
WT_11__TO__SCA3_05,False,isi,0.5333333333333333,-0.2015521009262749,0.32686369930889336,-0.4644603798541232,-0.0033217502442252082
WT_11__TO__SCA3_05,False,isi,0.5666666666666667,-0.1310548649976449,0.29283255255873963,-0.4454461867409301,0.00332159863717335
WT_11__TO__SCA3_05,False,isi,0.6,-0.144923219216841,0.3210999148668174,-0.41927494086007905,0.00012331836132251062
WT_11__TO__SCA3_05,False,isi,0.6333333333333333,-0.10769352794692606,0.3092092893866888,-0.3859103580050489,-0.005236583762019632
WT_11__TO__SCA3_05,False,isi,0.6666666666666666,-0.0732357229444321,0.357253564067655,-0.34536483885746627,-0.04165299640408901
WT_11__TO__SCA3_05,False,isi,0.7,-0.03044812268071006,0.30679531357033574,-0.4627693167831988,5.5779622644969e-05
WT_11__TO__SCA3_05,False,isi,0.7333333333333333,-0.03375416164754663,0.3638578324478713,-0.43541291004537835,-8.854783909573215e-05
WT_11__TO__SCA3_05,False,isi,0.7666666666666666,-0.052394755441296,0.3792865016298182,-0.41081659043622504,0.0055190664576354395
WT_11__TO__SCA3_05,False,isi,0.8,-0.025967915404218236,0.38621591428577634,-0.44506621775000227,-0.0001574650536397831
WT_11__TO__SCA3_05,False,isi,0.8333333333333334,0.005170619359881183,0.40759556851478995,-0.44046786847025843,0.006296738324748898
WT_11__TO__SCA3_05,False,isi,0.8666666666666667,-0.03687443873530461,0.44321323270046753,-0.4071078092935911,0.00015472875843250406
WT_11__TO__SCA3_05,False,isi,0.9,,0.4856521274186197,-0.44812831160472044,
WT_11__TO__SCA3_05,False,isi,0.9333333333333332,,0.5068932162483306,-0.3897455620926939,
WT_11__TO__SCA3_05,False,isi,0.9666666666666668,,0.3946604872763132,-0.2695619966847297,
WT_11__TO__SCA3_05,False,isi,1.0,,0.12775984666771045,-0.35040546873559847,
WT_11__TO__SCA3_06,False,active,0.0,,2.391038187153716,-2.6980833207581405,
WT_11__TO__SCA3_06,False,active,0.0333333333333333,,2.313949685970456,-2.8012632432134703,
WT_11__TO__SCA3_06,False,active,0.0666666666666666,,2.295741404349673,-2.564301267617606,
WT_11__TO__SCA3_06,False,active,0.1,,2.2955596503893063,-2.3313563727050424,
WT_11__TO__SCA3_06,False,active,0.1333333333333333,,2.1818101890004744,-2.215871027153709,
WT_11__TO__SCA3_06,False,active,0.1666666666666666,,2.1949293031536077,-2.1022946179427735,
WT_11__TO__SCA3_06,False,active,0.2,,2.319361725459521,-1.9059607950855542,
WT_11__TO__SCA3_06,False,active,0.2333333333333333,,2.151071140998034,-2.13502254984782,
WT_11__TO__SCA3_06,False,active,0.2666666666666666,,2.371798510164245,-1.9358429136084063,
WT_11__TO__SCA3_06,False,active,0.3,,2.2849536290372887,-1.8511932951091823,
WT_11__TO__SCA3_06,False,active,0.3333333333333333,,2.326000565375036,-1.7615524732727426,
WT_11__TO__SCA3_06,False,active,0.3666666666666666,,2.267592992888376,-1.6837472175958852,
WT_11__TO__SCA3_06,False,active,0.4,,2.3147432762009856,-1.605218176415411,
WT_11__TO__SCA3_06,False,active,0.4333333333333333,,2.380967744605116,-1.6324926744845483,
WT_11__TO__SCA3_06,False,active,0.4666666666666667,,2.428007893129278,-1.5638429854269387,
WT_11__TO__SCA3_06,False,active,0.5,0.977803368326956,2.368247491039183,-1.7201840889091131,-0.014848360244692159
WT_11__TO__SCA3_06,False,active,0.5333333333333333,1.16673838457481,2.5557890450932708,-1.5145873547280329,-0.005129013079446687
WT_11__TO__SCA3_06,False,active,0.5666666666666667,0.9589888984832262,2.3935177080791137,-1.6940375684832596,-0.11425059852572882
WT_11__TO__SCA3_06,False,active,0.6,1.2319188181698038,2.718199565677704,-1.6030267503681126,-0.006083644471460148
WT_11__TO__SCA3_06,False,active,0.6333333333333333,1.2688011090831586,2.660215695333404,-1.6679646310345517,-0.005657223220847829
WT_11__TO__SCA3_06,False,active,0.6666666666666666,1.2880011595231342,2.638845927078101,-1.4329561012141667,-0.022395871974053294
WT_11__TO__SCA3_06,False,active,0.7,1.3472634522238258,2.8777076925598317,-1.5345458568708168,-0.15535020084880444
WT_11__TO__SCA3_06,False,active,0.7333333333333333,1.4769179523717777,3.004302045136491,-1.6903836378929942,-0.17503436178726126
WT_11__TO__SCA3_06,False,active,0.7666666666666666,1.4581927449312477,3.1090652026937655,-1.5999789719579456,-0.1512049945385406
WT_11__TO__SCA3_06,False,active,0.8,1.6710103156927587,3.103899806631048,-1.678239228272432,0.15181145221826423
WT_11__TO__SCA3_06,False,active,0.8333333333333334,1.5941943174344746,3.421831411588585,-1.5762972854807857,-0.6868110951477495
WT_11__TO__SCA3_06,False,active,0.8666666666666667,2.011012500397944,3.434455455166329,-1.7669013140751577,0.1694942240737707
WT_11__TO__SCA3_06,False,active,0.9,,3.7443426061061666,-1.7336369641912195,
WT_11__TO__SCA3_06,False,active,0.9333333333333332,,3.85259433719911,-1.7786942817953675,
WT_11__TO__SCA3_06,False,active,0.9666666666666668,,3.8845653990600786,-1.720046059323113,
WT_11__TO__SCA3_06,False,active,1.0,,4.078556039255908,-1.896259776188645,
WT_11__TO__SCA3_06,False,isi,0.0,,2.0684787800069144,-2.132325165259121,
WT_11__TO__SCA3_06,False,isi,0.0333333333333333,,1.9573853199817048,-2.143852848292625,
WT_11__TO__SCA3_06,False,isi,0.0666666666666666,,1.9292033854111148,-1.994942900772851,
WT_11__TO__SCA3_06,False,isi,0.1,,1.899776547477358,-1.8894411636761792,
WT_11__TO__SCA3_06,False,isi,0.1333333333333333,,1.9201449897434115,-1.7768442508285915,
WT_11__TO__SCA3_06,False,isi,0.1666666666666666,,1.9148784348808634,-1.6930142459008497,
WT_11__TO__SCA3_06,False,isi,0.2,,1.8810347989333354,-1.6377960775306348,
WT_11__TO__SCA3_06,False,isi,0.2333333333333333,,1.9054440800736452,-1.4945780494327203,
WT_11__TO__SCA3_06,False,isi,0.2666666666666666,,1.8897576557466256,-1.4714485665794654,
WT_11__TO__SCA3_06,False,isi,0.3,,1.9275053432456006,-1.4289402961649196,
WT_11__TO__SCA3_06,False,isi,0.3333333333333333,,1.9375719355682055,-1.397845298706879,
WT_11__TO__SCA3_06,False,isi,0.3666666666666666,,1.9503271936370885,-1.367500546916593,
WT_11__TO__SCA3_06,False,isi,0.4,,1.97711231929268,-1.3442383978443626,
WT_11__TO__SCA3_06,False,isi,0.4333333333333333,,1.994463557419947,-1.3076160358412492,
WT_11__TO__SCA3_06,False,isi,0.4666666666666667,,2.0236497389132753,-1.2894679845453716,
WT_11__TO__SCA3_06,False,isi,0.5,0.9220506183974743,2.0812507354578513,-1.2360222042342794,-0.027294480432566322
WT_11__TO__SCA3_06,False,isi,0.5333333333333333,0.9482739769294343,2.0909217541755356,-1.2630908908789993,-0.002406560718889672
WT_11__TO__SCA3_06,False,isi,0.5666666666666667,1.0300615095373395,2.1615166902822436,-1.2104843176990823,-0.02991378803155653
WT_11__TO__SCA3_06,False,isi,0.6,1.0560824949567762,2.1781461436805802,-1.2237634754234608,-0.0037285389604830854
WT_11__TO__SCA3_06,False,isi,0.6333333333333333,1.1104315039759918,2.259067094237395,-1.201836610253571,-0.039228495072909146
WT_11__TO__SCA3_06,False,isi,0.6666666666666666,1.1902043375851907,2.3163770981381795,-1.2547976506771095,-0.045945426797040834
WT_11__TO__SCA3_06,False,isi,0.7,1.2317681474039117,2.3692609080640623,-1.2423230739049305,-0.0022715158831657645
WT_11__TO__SCA3_06,False,isi,0.7333333333333333,1.287669886041278,2.421872559608588,-1.2179838425213152,-0.014639212800845456
WT_11__TO__SCA3_06,False,isi,0.7666666666666666,1.3705537286204028,2.5335366369793184,-1.248814281554387,-0.05301306977327213
WT_11__TO__SCA3_06,False,isi,0.8,1.4325309331139087,2.6332782103464987,-1.2478163478409574,-0.06374443918912032
WT_11__TO__SCA3_06,False,isi,0.8333333333333334,1.4997721018601429,2.7198848522977084,-1.2986951339596302,-0.014001962691059675
WT_11__TO__SCA3_06,False,isi,0.8666666666666667,1.5737244339897207,2.8553740614811907,-1.307213559040278,-0.07066686142923928
WT_11__TO__SCA3_06,False,isi,0.9,,2.9679078456469474,-1.3286086295406732,
WT_11__TO__SCA3_06,False,isi,0.9333333333333332,,3.1559002600747617,-1.4030815405247745,
WT_11__TO__SCA3_06,False,isi,0.9666666666666668,,3.40126478284601,-1.4298632417350883,
WT_11__TO__SCA3_06,False,isi,1.0,,3.232279787770996,-1.5460418237439848,
WT_11__TO__SCA3_09,False,active,0.0,,-1.0747213216172014,-0.8589719470021991,
WT_11__TO__SCA3_09,False,active,0.0333333333333333,,-1.0277645642796978,-1.0837187425165227,
WT_11__TO__SCA3_09,False,active,0.0666666666666666,,-1.163166495056092,-1.1555065732628753,
WT_11__TO__SCA3_09,False,active,0.1,,-1.068712745443943,-1.0894128522370612,
WT_11__TO__SCA3_09,False,active,0.1333333333333333,,-1.05646542682315,-1.2151471509344085,
WT_11__TO__SCA3_09,False,active,0.1666666666666666,,-1.1028693208711624,-1.0380278685176645,
WT_11__TO__SCA3_09,False,active,0.2,,-1.0712039042150137,-1.028040633746195,
WT_11__TO__SCA3_09,False,active,0.2333333333333333,,-1.0679267324464055,-0.8913882710763452,
WT_11__TO__SCA3_09,False,active,0.2666666666666666,,-1.0444642821770096,-1.0184238143834201,
WT_11__TO__SCA3_09,False,active,0.3,,-1.0396346957500375,-0.852080191308938,
WT_11__TO__SCA3_09,False,active,0.3333333333333333,,-0.946176945719514,-0.7231205528188891,
WT_11__TO__SCA3_09,False,active,0.3666666666666666,,-0.811036556141612,-0.8109904638625911,
WT_11__TO__SCA3_09,False,active,0.4,,-1.068697344179107,-0.91661509304548,
WT_11__TO__SCA3_09,False,active,0.4333333333333333,,-0.4659243167503314,-0.8218172077427626,
WT_11__TO__SCA3_09,False,active,0.4666666666666667,,-0.7830073754018723,-0.6901537217999554,
WT_11__TO__SCA3_09,False,active,0.5,-1.4547030942951806,-0.9538115119369867,-0.7566552783488102,0.004359495075256237
WT_11__TO__SCA3_09,False,active,0.5333333333333333,-1.9552088172896416,-0.6524392618067083,-0.7687917010824068,-0.18948166313925008
WT_11__TO__SCA3_09,False,active,0.5666666666666667,-1.4083734960059309,-0.5883423236540228,-0.6960797388236533,-0.17609421031277916
WT_11__TO__SCA3_09,False,active,0.6,-0.8404352840977396,-0.9087241812858283,-0.6960797388236524,0.1920581978628561
WT_11__TO__SCA3_09,False,active,0.6333333333333333,-0.5503887076888976,-0.547591863057937,-0.7332340531013744,0.003975248194809877
WT_11__TO__SCA3_09,False,active,0.6666666666666666,-0.7203337879470955,-0.656870346690296,-0.3668093050475183,0.0071537391942635975
WT_11__TO__SCA3_09,False,active,0.7,-1.8032938737942934,-2.2198587641935044,-0.962844571779804,0.4529141691336442
WT_11__TO__SCA3_09,False,active,0.7333333333333333,-0.7050112886915607,-0.2948109430902918,-0.7342797889173953,-0.0071796141937557345
WT_11__TO__SCA3_09,False,active,0.7666666666666666,-0.8552611866537176,-0.13102677787546177,-0.7544743059129715,-0.06298720108586953
WT_11__TO__SCA3_09,False,active,0.8,-0.6434660190615353,-0.5265332257432188,-0.7758133764222499,-0.0007011087514943726
WT_11__TO__SCA3_09,False,active,0.8333333333333334,-0.8688078928004555,-0.4966923700012514,-0.393390445790724,-0.19492557184688536
WT_11__TO__SCA3_09,False,active,0.8666666666666667,-1.1411991444862877,-0.7691477692048427,-0.4919354776913516,-0.20129028479327743
WT_11__TO__SCA3_09,False,active,0.9,,-0.13830102077211362,-0.5609935093598296,
WT_11__TO__SCA3_09,False,active,0.9333333333333332,,-0.36430977610637966,-0.43630434755621406,
WT_11__TO__SCA3_09,False,active,0.9666666666666668,,-0.12984750119577868,-0.6764030341749104,
WT_11__TO__SCA3_09,False,active,1.0,,-1.0018819909933965,-0.8726086951124215,
WT_11__TO__SCA3_09,False,isi,0.0,,-0.9540324568618175,-0.815346414265485,
WT_11__TO__SCA3_09,False,isi,0.0333333333333333,,-0.986567910105375,-0.8442812417940739,
WT_11__TO__SCA3_09,False,isi,0.0666666666666666,,-0.9186418614670501,-0.7453068342471116,
WT_11__TO__SCA3_09,False,isi,0.1,,-0.7749373756212936,-0.7227813706766335,
WT_11__TO__SCA3_09,False,isi,0.1333333333333333,,-0.7130836955505587,-0.5666353601095891,
WT_11__TO__SCA3_09,False,isi,0.1666666666666666,,-0.6351313258746647,-0.4730317118423949,
WT_11__TO__SCA3_09,False,isi,0.2,,-0.5424801633766427,-0.498862861234741,
WT_11__TO__SCA3_09,False,isi,0.2333333333333333,,-0.7297969635290853,-0.6154485668009498,
WT_11__TO__SCA3_09,False,isi,0.2666666666666666,,-0.4084271706972923,-0.44318444447951266,
WT_11__TO__SCA3_09,False,isi,0.3,,-0.6246295054247386,-0.6980502401806443,
WT_11__TO__SCA3_09,False,isi,0.3333333333333333,,-0.7089134017179564,-0.6332045772694822,
WT_11__TO__SCA3_09,False,isi,0.3666666666666666,,-0.7093718793319358,-0.5225180329886826,
WT_11__TO__SCA3_09,False,isi,0.4,,-0.8852911450920784,-0.6669049379481227,
WT_11__TO__SCA3_09,False,isi,0.4333333333333333,,-0.6379912413734946,-0.609214543923654,
WT_11__TO__SCA3_09,False,isi,0.4666666666666667,,-0.706117444393399,-0.5207600087668938,
WT_11__TO__SCA3_09,False,isi,0.5,-0.7656445558617161,-0.44722857749803907,-0.6290895252015403,-0.14813852840627895
WT_11__TO__SCA3_09,False,isi,0.5333333333333333,-1.687500773397185,-1.0969074129954435,-0.6157802640991261,0.029172760961001187
WT_11__TO__SCA3_09,False,isi,0.5666666666666667,-0.8105436285615357,-0.4516769013729864,-0.6227502173794585,-0.09750490614043612
WT_11__TO__SCA3_09,False,isi,0.6,-0.6513158581259889,-0.7018549944324074,-0.6419749038279048,0.24009549090613372
WT_11__TO__SCA3_09,False,isi,0.6333333333333333,-0.6216769073007846,-0.6910549650598805,-0.5951670913940206,0.01337982003993321
WT_11__TO__SCA3_09,False,isi,0.6666666666666666,-0.6440930457989181,-0.7675881696762648,-0.3759231142629633,-0.024907736677789227
WT_11__TO__SCA3_09,False,isi,0.7,-1.1353535057272017,-1.3913018899801706,-0.7877097440639512,0.2408110682811626
WT_11__TO__SCA3_09,False,isi,0.7333333333333333,-0.6629765366347805,-0.3179979850322245,-0.5569614447576616,-0.0010805403133792857
WT_11__TO__SCA3_09,False,isi,0.7666666666666666,-0.7878314122518567,-0.26468862345199606,-0.5437038094382771,-0.0018582348203653454
WT_11__TO__SCA3_09,False,isi,0.8,-0.5635049152795588,-0.23137408136639787,-0.5306410535316298,-0.00281159211831028
WT_11__TO__SCA3_09,False,isi,0.8333333333333334,-0.45924152131142826,-0.33210279361204254,-0.47989705932189636,-0.13876168891118285
WT_11__TO__SCA3_09,False,isi,0.8666666666666667,-1.108006243904744,-0.803412464865231,-0.5087793485047621,0.002198958355707714
WT_11__TO__SCA3_09,False,isi,0.9,,-0.24522639057848106,-0.49675508133201135,
WT_11__TO__SCA3_09,False,isi,0.9333333333333332,,-0.310207076801736,-0.32053376222418695,
WT_11__TO__SCA3_09,False,isi,0.9666666666666668,,-0.37222948500228015,-0.4719251671031056,
WT_11__TO__SCA3_09,False,isi,1.0,,-0.4359236348480451,-0.3461201519723101,
WT_13__TO__SCA3_01,True,active,0.0,,1.4201383059930728,-3.4711660227501806,
WT_13__TO__SCA3_01,True,active,0.0333333333333333,,1.3202480197661024,-3.517147150864747,
WT_13__TO__SCA3_01,True,active,0.0666666666666666,,1.2295940767166749,-3.3333869565163594,
WT_13__TO__SCA3_01,True,active,0.1,,1.4708746929201408,-2.7577035124320806,
WT_13__TO__SCA3_01,True,active,0.1333333333333333,,1.4409734890339874,-2.4645806291644474,
WT_13__TO__SCA3_01,True,active,0.1666666666666666,,1.6248681441537964,-2.22134538336452,
WT_13__TO__SCA3_01,True,active,0.2,,1.5764249578463014,-2.2213453833645183,
WT_13__TO__SCA3_01,True,active,0.2333333333333333,,1.493233147088954,-2.014688366841963,
WT_13__TO__SCA3_01,True,active,0.2666666666666666,,1.5166239270705555,-1.804876159712913,
WT_13__TO__SCA3_01,True,active,0.3,,1.5121541045246265,-1.465077101330249,
WT_13__TO__SCA3_01,True,active,0.3333333333333333,,1.4929456756987682,-1.4479097878845262,
WT_13__TO__SCA3_01,True,active,0.3666666666666666,,1.6456451161505872,-1.2792888671248395,
WT_13__TO__SCA3_01,True,active,0.4,,1.6448616446128042,-1.1127118866717587,
WT_13__TO__SCA3_01,True,active,0.4333333333333333,,1.6490644432636123,-1.1127118866717725,
WT_13__TO__SCA3_01,True,active,0.4666666666666667,,1.6483404491060911,-1.125740536443339,
WT_13__TO__SCA3_01,True,active,0.5,0.6966736913165583,1.6676688732000933,-0.970457159660658,-0.0005380222228769105
WT_13__TO__SCA3_01,True,active,0.5333333333333333,0.5627612031365894,1.6824577849131561,-1.2616590601833557,-0.0005574910297052593
WT_13__TO__SCA3_01,True,active,0.5666666666666667,0.8393305311091277,1.8588041474583066,-1.0184238143834268,-0.007022193625537576
WT_13__TO__SCA3_01,True,active,0.6,0.5706402102572745,1.5990403827021737,-1.0376574531089673,0.005223098415016336
WT_13__TO__SCA3_01,True,active,0.6333333333333333,0.5865614496240872,1.6345866381370262,-1.0576319226519093,-0.17417890089049015
WT_13__TO__SCA3_01,True,active,0.6666666666666666,0.5954754770727182,1.6638900072814538,-0.8869162785246782,-0.267657986115443
WT_13__TO__SCA3_01,True,active,0.7,0.8631742998216193,1.6859363452160698,-1.0999815174185117,-0.006139693158854764
WT_13__TO__SCA3_01,True,active,0.7333333333333333,0.870976780363992,1.7105127396190623,-0.9481298880943383,-0.18414878314671546
WT_13__TO__SCA3_01,True,active,0.7666666666666666,0.8851236177419988,1.4465849466326515,-1.1786447695607734,-0.0024132817036537357
WT_13__TO__SCA3_01,True,active,0.8,0.9002810161872795,1.7455992080961136,-1.0337527982663484,-0.2726339692738535
WT_13__TO__SCA3_01,True,active,0.8333333333333334,0.9113367056890217,1.7743738598281453,-1.0826409061256916,-0.2781645203937311
WT_13__TO__SCA3_01,True,active,0.8666666666666667,0.9232043881562648,1.5213611530725106,-1.1555065732628735,-0.2368781587772828
WT_13__TO__SCA3_01,True,active,0.9,,1.8706748028602425,-1.2388953766180058,
WT_13__TO__SCA3_01,True,active,0.9333333333333332,,1.9082273164700456,-1.6186254320117408,
WT_13__TO__SCA3_01,True,active,0.9666666666666668,,2.34116752773318,-1.8350461666190208,
WT_13__TO__SCA3_01,True,active,1.0,,3.076980426087018,-2.1999630348370207,
WT_13__TO__SCA3_01,True,isi,0.0,,0.9996243567118173,-2.8734621856006806,
WT_13__TO__SCA3_01,True,isi,0.0333333333333333,,1.1951532675408916,-2.9148374383808395,
WT_13__TO__SCA3_01,True,isi,0.0666666666666666,,1.2507722830281105,-2.481680424178025,
WT_13__TO__SCA3_01,True,isi,0.1,,1.2894705258756354,-2.1892045438207086,
WT_13__TO__SCA3_01,True,isi,0.1333333333333333,,1.3145420367951277,-1.969356502966679,
WT_13__TO__SCA3_01,True,isi,0.1666666666666666,,1.3567658361790156,-1.8019885329320076,
WT_13__TO__SCA3_01,True,isi,0.2,,1.30467237513581,-1.6566034442858284,
WT_13__TO__SCA3_01,True,isi,0.2333333333333333,,1.391108003773089,-1.549351048901924,
WT_13__TO__SCA3_01,True,isi,0.2666666666666666,,1.3997210586991502,-1.4584177968260734,
WT_13__TO__SCA3_01,True,isi,0.3,,1.4430087603191644,-1.0868887001167864,
WT_13__TO__SCA3_01,True,isi,0.3333333333333333,,1.457315165617568,-1.022856510130493,
WT_13__TO__SCA3_01,True,isi,0.3666666666666666,,1.4705315403427939,-0.9780960847405306,
WT_13__TO__SCA3_01,True,isi,0.4,,1.4941335691479332,-0.9421017452701157,
WT_13__TO__SCA3_01,True,isi,0.4333333333333333,,1.5268409630958395,-0.9041736163341377,
WT_13__TO__SCA3_01,True,isi,0.4666666666666667,,1.5553953269585747,-0.8715684623134217,
WT_13__TO__SCA3_01,True,isi,0.5,0.7387759534777546,1.5920146843181566,-0.8535498488688302,0.00031111802842820335
WT_13__TO__SCA3_01,True,isi,0.5333333333333333,0.5904312921231646,1.5026522401514602,-0.9120689015729851,-0.00015204645531041727
WT_13__TO__SCA3_01,True,isi,0.5666666666666667,0.6601045564557271,1.527527946065183,-0.8674803832149316,5.699360547573029e-05
WT_13__TO__SCA3_01,True,isi,0.6,0.6807484947142532,1.505754069962663,-0.8250154262306416,-0.0005645444060206062
WT_13__TO__SCA3_01,True,isi,0.6333333333333333,0.7325822041792456,1.5192719943224087,-0.8053379292662687,-6.179642168979704e-06
WT_13__TO__SCA3_01,True,isi,0.6666666666666666,0.7715498789035955,1.5239350664713371,-0.8041224098633597,0.0014259130729228353
WT_13__TO__SCA3_01,True,isi,0.7,0.795831469985522,1.5189823438965662,-0.8015859474121392,-0.008474699980194567
WT_13__TO__SCA3_01,True,isi,0.7333333333333333,0.821797780896504,1.518397949001215,-0.820011875375855,3.0908850673028176e-05
WT_13__TO__SCA3_01,True,isi,0.7666666666666666,0.8550569675618821,1.53030958590717,-0.8331718427395365,-0.0016560790315482965
WT_13__TO__SCA3_01,True,isi,0.8,0.8895446658671887,1.5465672168990334,-0.8701173892906632,-0.003726843709154548
WT_13__TO__SCA3_01,True,isi,0.8333333333333334,0.9200105506156133,1.5655870587465512,-0.9152246767426633,0.0003808907100322223
WT_13__TO__SCA3_01,True,isi,0.8666666666666667,0.9558751735374584,1.5987198071620594,-0.9796837670615118,-0.00037000554206034764
WT_13__TO__SCA3_01,True,isi,0.9,,1.6545812695679682,-1.0749374433825123,
WT_13__TO__SCA3_01,True,isi,0.9333333333333332,,1.7622224666641282,-1.2105433263972685,
WT_13__TO__SCA3_01,True,isi,0.9666666666666668,,1.9962958541248559,-1.4397233503339577,
WT_13__TO__SCA3_01,True,isi,1.0,,2.4690456215472882,-2.010713726345837,
WT_13__TO__SCA3_02,False,active,0.0,,0.35026031745668484,-3.4711660227501806,
WT_13__TO__SCA3_02,False,active,0.0333333333333333,,0.14839289190798632,-4.72269869966705,
WT_13__TO__SCA3_02,False,active,0.0666666666666666,,0.03895559184272024,-5.916371729785385,
WT_13__TO__SCA3_02,False,active,0.1,,0.5053123921678297,-4.762764214426825,
WT_13__TO__SCA3_02,False,active,0.1333333333333333,,0.29723264534552146,-3.454355676117823,
WT_13__TO__SCA3_02,False,active,0.1666666666666666,,0.48085557605522256,-3.250486589900742,
WT_13__TO__SCA3_02,False,active,0.2,,-0.5452156801329634,-2.971431500361563,
WT_13__TO__SCA3_02,False,active,0.2333333333333333,,-0.8273898842118587,-2.8289079858559205,
WT_13__TO__SCA3_02,False,active,0.2666666666666666,,-0.4991383762065916,-2.257923612641885,
WT_13__TO__SCA3_02,False,active,0.3,,-0.510367995296154,-1.8350461666190223,
WT_13__TO__SCA3_02,False,active,0.3333333333333333,,-0.12332524132642536,-1.8350461666190223,
WT_13__TO__SCA3_02,False,active,0.3666666666666666,,0.20827042827875547,-1.7872463527714233,
WT_13__TO__SCA3_02,False,active,0.4,,-0.4540283391018511,-1.5116798912995368,
WT_13__TO__SCA3_02,False,active,0.4333333333333333,,-0.12331415136601953,-1.7872463527714249,
WT_13__TO__SCA3_02,False,active,0.4666666666666667,,-0.10764879517744078,-1.2223548338474701,
WT_13__TO__SCA3_02,False,active,0.5,0.1930015064188245,-0.10744005206229759,-1.222354833847472,0.0
WT_13__TO__SCA3_02,False,active,0.5333333333333333,-0.9904752083192837,0.17330416690236608,-1.2501735328736225,2.220446049250313e-16
WT_13__TO__SCA3_02,False,active,0.5666666666666667,-0.10684455774310378,1.2884198214135127,-1.049550515405708,1.5543122344752192e-15
WT_13__TO__SCA3_02,False,active,0.6,0.209167374821175,-0.07609621122693451,-1.2223548338474717,0.0
WT_13__TO__SCA3_02,False,active,0.6333333333333333,-0.12112521662317804,0.16735834119601814,-0.9064229285368083,-0.31593190531066384
WT_13__TO__SCA3_02,False,active,0.6666666666666666,0.13594978877837555,-0.12211717037943753,-0.926807257554144,0.3020436447792989
WT_13__TO__SCA3_02,False,active,0.7,-0.10782266623402817,0.18644330278900503,-0.9064229285368143,0.0
WT_13__TO__SCA3_02,False,active,0.7333333333333333,-0.12042241605211955,0.15508872104559457,-0.6108753522434806,-0.28335916518291304
WT_13__TO__SCA3_02,False,active,0.7666666666666666,0.13924284457075806,0.13924284457075806,-0.5975912210726265,-0.26176853603461653
WT_13__TO__SCA3_02,False,active,0.8,-0.6172147742605636,-0.36989606077420956,-0.9820199980593917,-0.006788062684897511
WT_13__TO__SCA3_02,False,active,0.8333333333333334,0.20834007351835485,-0.10759183179230403,-0.8869162785246841,0.0
WT_13__TO__SCA3_02,False,active,0.8666666666666667,-0.1208797127216386,-0.1208797127216386,-0.5848726337453926,0.0
WT_13__TO__SCA3_02,False,active,0.9,,-0.10472680894828656,-0.5848726337454013,
WT_13__TO__SCA3_02,False,active,0.9333333333333332,,-0.10444775185710903,-0.2893250574520593,
WT_13__TO__SCA3_02,False,active,0.9666666666666668,,-0.11766640361144104,-0.572684222634981,
WT_13__TO__SCA3_02,False,active,1.0,,0.7487898091256844,-0.6067254405024001,
WT_13__TO__SCA3_02,False,isi,0.0,,0.23153200480769132,-2.757469839647383,
WT_13__TO__SCA3_02,False,isi,0.0333333333333333,,0.20107291343802636,-3.610718765160696,
WT_13__TO__SCA3_02,False,isi,0.0666666666666666,,0.6042638938966136,-2.335987035317687,
WT_13__TO__SCA3_02,False,isi,0.1,,0.8525011135890855,-2.0334349606399957,
WT_13__TO__SCA3_02,False,isi,0.1333333333333333,,0.28867454363755307,-2.7331959550171114,
WT_13__TO__SCA3_02,False,isi,0.1666666666666666,,0.25004835118334706,-2.2802986153361,
WT_13__TO__SCA3_02,False,isi,0.2,,-0.9430671260140623,-1.8477884236978468,
WT_13__TO__SCA3_02,False,isi,0.2333333333333333,,-0.7381654869033287,-2.197136280464888,
WT_13__TO__SCA3_02,False,isi,0.2666666666666666,,-0.5908396160082586,-1.6579848255510214,
WT_13__TO__SCA3_02,False,isi,0.3,,-0.28060172521212295,-1.4541515127686555,
WT_13__TO__SCA3_02,False,isi,0.3333333333333333,,-0.43073482313145006,-1.3534987842405173,
WT_13__TO__SCA3_02,False,isi,0.3666666666666666,,0.2843760645011897,-1.2198742712798658,
WT_13__TO__SCA3_02,False,isi,0.4,,-0.48212242823741114,-1.1302605435031698,
WT_13__TO__SCA3_02,False,isi,0.4333333333333333,,-0.5875419065882072,-1.2753869044033412,
WT_13__TO__SCA3_02,False,isi,0.4666666666666667,,0.23662013029306211,-0.9615282793936877,
WT_13__TO__SCA3_02,False,isi,0.5,-0.33979915097658897,-0.17290677139334865,-0.9271328116413035,0.00025594741790280207
WT_13__TO__SCA3_02,False,isi,0.5333333333333333,-1.3866386426448618,0.07157584039425005,-0.8970608748198654,0.00021495182353958864
WT_13__TO__SCA3_02,False,isi,0.5666666666666667,0.019336830840286232,0.3121782472825801,-0.8298443839191632,0.00016204884833848077
WT_13__TO__SCA3_02,False,isi,0.6,-0.23456891098315188,-0.081353895122811,-0.7767092539800421,0.00035103686293025405
WT_13__TO__SCA3_02,False,isi,0.6333333333333333,-0.021381907572214368,-0.14647651724236962,-0.7391841325017106,-0.017642536851865454
WT_13__TO__SCA3_02,False,isi,0.6666666666666666,-0.4012153677853141,-0.3820064931637936,-0.8375914579004117,-0.010715966635078678
WT_13__TO__SCA3_02,False,isi,0.7,0.0024022195771890302,0.07635215241823196,-0.6502110313200269,-0.054571649691643756
WT_13__TO__SCA3_02,False,isi,0.7333333333333333,-0.05206736783028314,0.014310163074322434,-0.6041777529069404,-0.018267782843587654
WT_13__TO__SCA3_02,False,isi,0.7666666666666666,-0.3320594045672461,-0.09635700444577952,-0.5671935249339689,-0.0006736255615495956
WT_13__TO__SCA3_02,False,isi,0.8,-0.4275893664279241,-0.4377059913829771,-0.6131085807524087,-0.00033178350739615503
WT_13__TO__SCA3_02,False,isi,0.8333333333333334,0.04051203514354646,-0.14525908224620995,-0.5066840701045483,-0.010863227987511936
WT_13__TO__SCA3_02,False,isi,0.8666666666666667,-0.3792963689805031,-0.21526574067772652,-0.46203942768005085,-0.0004649932077569474
WT_13__TO__SCA3_02,False,isi,0.9,,-0.24933654634611158,-0.4461275682580322,
WT_13__TO__SCA3_02,False,isi,0.9333333333333332,,-0.17870862306451651,-0.43078026394375035,
WT_13__TO__SCA3_02,False,isi,0.9666666666666668,,-0.31404595437035565,-0.40712348255400055,
WT_13__TO__SCA3_02,False,isi,1.0,,0.6944522956798023,-0.39637335875495155,
WT_13__TO__SCA3_04,True,active,0.0,,0.6861197833481857,-2.523318120366697,
WT_13__TO__SCA3_04,True,active,0.0333333333333333,,0.704123363181867,-3.1967962200721494,
WT_13__TO__SCA3_04,True,active,0.0666666666666666,,0.7418288997693289,-3.0665352198962617,
WT_13__TO__SCA3_04,True,active,0.1,,0.6614147156968935,-2.9211112953787626,
WT_13__TO__SCA3_04,True,active,0.1333333333333333,,0.7810485405905312,-2.7577035124320797,
WT_13__TO__SCA3_04,True,active,0.1666666666666666,,0.755545840306202,-4.005044061811413,
WT_13__TO__SCA3_04,True,active,0.2,,0.8783537514876018,-2.418506140616095,
WT_13__TO__SCA3_04,True,active,0.2333333333333333,,0.6246690584095815,-3.309550515577998,
WT_13__TO__SCA3_04,True,active,0.2666666666666666,,0.767657876515359,-3.369184818757973,
WT_13__TO__SCA3_04,True,active,0.3,,0.8315172712941876,-2.4380544221170046,
WT_13__TO__SCA3_04,True,active,0.3333333333333333,,1.062055705011748,-2.3252855362720415,
WT_13__TO__SCA3_04,True,active,0.3666666666666666,,0.7144373545583919,-1.8486869578624374,
WT_13__TO__SCA3_04,True,active,0.4,,0.9835407731776863,-2.2184517524274887,
WT_13__TO__SCA3_04,True,active,0.4333333333333333,,0.9622899863368324,-2.328685040504629,
WT_13__TO__SCA3_04,True,active,0.4666666666666667,,0.8229578407093345,-2.25161105701823,
WT_13__TO__SCA3_04,True,active,0.5,-0.6974989693716713,0.8998054437130247,-1.8203575680570732,-0.026893248863132924
WT_13__TO__SCA3_04,True,active,0.5333333333333333,-0.49257206455064084,0.762796113112165,-1.885714931095336,0.04332211736658066
WT_13__TO__SCA3_04,True,active,0.5666666666666667,-0.660114463753637,0.7973947233447369,-1.8095346222272797,-0.03060680478482174
WT_13__TO__SCA3_04,True,active,0.6,-0.48686346286600657,0.8351121303646951,-1.792589567244749,1.2212453270876722e-15
WT_13__TO__SCA3_04,True,active,0.6333333333333333,-0.5315485448135777,0.8884246452543259,-1.6876834636802251,0.0238170647925492
WT_13__TO__SCA3_04,True,active,0.6666666666666666,-0.6506669719438863,0.925477954444666,-1.820357568057071,-0.033271665841200115
WT_13__TO__SCA3_04,True,active,0.7,-0.5949050768533128,0.8954852166544043,-1.9767257492104777,8.881784197001256e-16
WT_13__TO__SCA3_04,True,active,0.7333333333333333,-0.7515280339519247,1.0297316349408334,-1.273467305593437,-0.41656489039920935
WT_13__TO__SCA3_04,True,active,0.7666666666666666,-0.3678877644656676,1.0939941891800986,-1.919225695562526,-5.551115123125779e-16
WT_13__TO__SCA3_04,True,active,0.8,0.14101137892545804,1.1049081317575897,-1.1478647517036946,-1.2212453270876722e-15
WT_13__TO__SCA3_04,True,active,0.8333333333333334,0.13816515789288333,1.2452510580790284,-2.207067417604664,6.661338147750941e-16
WT_13__TO__SCA3_04,True,active,0.8666666666666667,0.14049861993428284,1.2883633716379783,-1.1957479859888736,1.110223024625157e-16
WT_13__TO__SCA3_04,True,active,0.9,,0.7939088713181173,-1.3097937245475617,
WT_13__TO__SCA3_04,True,active,0.9333333333333332,,0.4715168284083037,-1.447909787884518,
WT_13__TO__SCA3_04,True,active,0.9666666666666668,,0.46880194022790755,-1.6186254320117408,
WT_13__TO__SCA3_04,True,active,1.0,,3.382085071499223,0.0,
WT_13__TO__SCA3_04,True,isi,0.0,,0.44929281555853207,-2.031336656528262,
WT_13__TO__SCA3_04,True,isi,0.0333333333333333,,0.5561995475345055,-2.4086756870264447,
WT_13__TO__SCA3_04,True,isi,0.0666666666666666,,0.596104409790216,-2.176025979205791,
WT_13__TO__SCA3_04,True,isi,0.1,,0.6267697488367953,-1.9883687306947984,
WT_13__TO__SCA3_04,True,isi,0.1333333333333333,,0.6779541704806051,-1.6017906129619544,
WT_13__TO__SCA3_04,True,isi,0.1666666666666666,,0.6352623728134286,-1.622518193286202,
WT_13__TO__SCA3_04,True,isi,0.2,,0.5138832072700217,-1.8958949330205308,
WT_13__TO__SCA3_04,True,isi,0.2333333333333333,,0.7493280501714003,-1.761074172514981,
WT_13__TO__SCA3_04,True,isi,0.2666666666666666,,0.7698356273374152,-1.3881096811279108,
WT_13__TO__SCA3_04,True,isi,0.3,,0.7082896170439215,-1.7581867939421427,
WT_13__TO__SCA3_04,True,isi,0.3333333333333333,,0.7468357390885276,-1.5675329402569775,
WT_13__TO__SCA3_04,True,isi,0.3666666666666666,,0.44800983148595175,-1.619310315285055,
WT_13__TO__SCA3_04,True,isi,0.4,,0.7546810343749778,-1.4231125710001624,
WT_13__TO__SCA3_04,True,isi,0.4333333333333333,,0.7788021501977479,-1.4174565783399837,
WT_13__TO__SCA3_04,True,isi,0.4666666666666667,,0.7934546569879195,-1.2006580468113626,
WT_13__TO__SCA3_04,True,isi,0.5,-0.5495753380350037,0.7141616814596785,-1.278918828124106,0.03365897705831224
WT_13__TO__SCA3_04,True,isi,0.5333333333333333,-0.3237635626603479,0.770172033141802,-1.0900537857164172,-0.061006127808098234
WT_13__TO__SCA3_04,True,isi,0.5666666666666667,-0.3581232599778804,0.7523711890479228,-1.1794550541086115,-0.030143563117760112
WT_13__TO__SCA3_04,True,isi,0.6,-0.6828882770122261,0.7512301786219616,-1.496731879550091,-0.11101468705463724
WT_13__TO__SCA3_04,True,isi,0.6333333333333333,-0.18492426597517905,0.9780927375957407,-1.057082518103629,-0.10799830325794824
WT_13__TO__SCA3_04,True,isi,0.6666666666666666,-0.1811678973525706,0.725297190717357,-1.0336579149280345,-0.06297595791369585
WT_13__TO__SCA3_04,True,isi,0.7,-0.12890935274233406,0.5748849507520054,-1.027561292630914,-0.09031997516887913
WT_13__TO__SCA3_04,True,isi,0.7333333333333333,0.07982258700843517,0.7323656196572836,-1.117442471243185,0.00041885098703359257
WT_13__TO__SCA3_04,True,isi,0.7666666666666666,-0.019031205011181676,0.6687888936896638,-1.1036420267688325,-0.004992990431529147
WT_13__TO__SCA3_04,True,isi,0.8,-0.23054570111764774,0.9627707100443778,-2.046211377026837,-0.02537793325651271
WT_13__TO__SCA3_04,True,isi,0.8333333333333334,-0.06076247445554018,0.7111554458739708,-0.7966017292290937,-0.004392962213143895
WT_13__TO__SCA3_04,True,isi,0.8666666666666667,-0.09768473172555746,1.0181212848051022,-1.3330352209866287,0.0004954714735228088
WT_13__TO__SCA3_04,True,isi,0.9,,0.7681073976493678,-1.1706798740086224,
WT_13__TO__SCA3_04,True,isi,0.9333333333333332,,1.2914324223274152,-1.0411541821202883,
WT_13__TO__SCA3_04,True,isi,0.9666666666666668,,1.2992618990378355,-0.9383206043579936,
WT_13__TO__SCA3_04,True,isi,1.0,,0.6441566038897387,-1.7087321424255146,
WT_13__TO__SCA3_05,False,active,0.0,,0.643016934105975,-1.5416114329777557,
WT_13__TO__SCA3_05,False,active,0.0333333333333333,,0.3917633257730415,-2.320269587752682,
WT_13__TO__SCA3_05,False,active,0.0666666666666666,,0.41257153446447237,-2.332890481958409,
WT_13__TO__SCA3_05,False,active,0.1,,0.4367155940731538,-2.352347514966163,
WT_13__TO__SCA3_05,False,active,0.1333333333333333,,0.46191370910006035,-2.5055417105364257,
WT_13__TO__SCA3_05,False,active,0.1666666666666666,,0.4715820987425116,-2.2334054390978464,
WT_13__TO__SCA3_05,False,active,0.2,,0.5059052680995608,-2.837896947696339,
WT_13__TO__SCA3_05,False,active,0.2333333333333333,,0.5861212584377573,-2.528511027729638,
WT_13__TO__SCA3_05,False,active,0.2666666666666666,,0.6429921773183207,-2.5607324997321115,
WT_13__TO__SCA3_05,False,active,0.3,,0.5157029232351311,-2.4380544221170064,
WT_13__TO__SCA3_05,False,active,0.3333333333333333,,0.8387434695669378,-1.720046059323105,
WT_13__TO__SCA3_05,False,active,0.3666666666666666,,0.52648380465075,-2.4930599336017587,
WT_13__TO__SCA3_05,False,active,0.4,,0.7023939299709531,-1.7756835143726901,
WT_13__TO__SCA3_05,False,active,0.4333333333333333,,0.5496723500683637,-2.12835352568254,
WT_13__TO__SCA3_05,False,active,0.4666666666666667,,0.5488350713112393,-2.098343372110442,
WT_13__TO__SCA3_05,False,active,0.5,-0.8484210717570203,0.8632515881855822,-1.835046166619022,-0.15657298221565447
WT_13__TO__SCA3_05,False,active,0.5333333333333333,-0.8142565998486584,0.5681349107700767,-1.398741819062811,0.008574655156077138
WT_13__TO__SCA3_05,False,active,0.5666666666666667,-0.8646048449584017,0.562306756629599,-1.39874181906281,-0.015277858856648008
WT_13__TO__SCA3_05,False,active,0.6,-0.8520770625708634,1.0441827136177992,-1.8985217188529997,0.0
WT_13__TO__SCA3_05,False,active,0.6333333333333333,-0.8525077858033316,0.9083820223865492,-1.8985217188529988,0.002261942664336214
WT_13__TO__SCA3_05,False,active,0.6666666666666666,-0.381649329476454,0.48123903803231266,-1.4479097878845262,1.4432899320127035e-15
WT_13__TO__SCA3_05,False,active,0.7,-0.3819062639554117,0.8363549464208507,-1.4479097878845262,0.0
WT_13__TO__SCA3_05,False,active,0.7333333333333333,-0.8818416972863221,0.9213245060160242,-1.4479097878845195,3.3306690738754696e-16
WT_13__TO__SCA3_05,False,active,0.7666666666666666,-0.8820866965389276,0.841686124675223,-1.9665537024777484,0.0
WT_13__TO__SCA3_05,False,active,0.8,-0.40000530193507533,0.9457073992911762,-1.500663912652621,-0.49977989979018567
WT_13__TO__SCA3_05,False,active,0.8333333333333334,-0.9187445584086348,0.9646248394749065,-1.8350461666190159,-6.661338147750939e-15
WT_13__TO__SCA3_05,False,active,0.8666666666666667,-0.9240610944987584,0.9633420417820192,-1.8350461666190192,-0.36648658878422935
WT_13__TO__SCA3_05,False,active,0.9,,0.8639740483996563,-2.118405331801943,
WT_13__TO__SCA3_05,False,active,0.9333333333333332,,0.988531655522547,-2.118405331801933,
WT_13__TO__SCA3_05,False,active,0.9666666666666668,,0.8839248174245633,-2.5055417105364257,
WT_13__TO__SCA3_05,False,active,1.0,,1.0998680744560765,-1.5687435891280923,
WT_13__TO__SCA3_05,False,isi,0.0,,0.31244601886139695,-1.4395552286787037,
WT_13__TO__SCA3_05,False,isi,0.0333333333333333,,0.4004202379754558,-1.8015265996050192,
WT_13__TO__SCA3_05,False,isi,0.0666666666666666,,0.4545101657966057,-1.8844877588441193,
WT_13__TO__SCA3_05,False,isi,0.1,,0.49804767906786374,-1.6593089369088003,
WT_13__TO__SCA3_05,False,isi,0.1333333333333333,,0.5386904832453288,-1.6003220430464282,
WT_13__TO__SCA3_05,False,isi,0.1666666666666666,,0.476952610942631,-1.8162744157075146,
WT_13__TO__SCA3_05,False,isi,0.2,,0.5282832752985707,-1.9431271339708065,
WT_13__TO__SCA3_05,False,isi,0.2333333333333333,,0.48217068407268526,-1.8234957619051113,
WT_13__TO__SCA3_05,False,isi,0.2666666666666666,,0.5262861759180082,-1.9538045214131037,
WT_13__TO__SCA3_05,False,isi,0.3,,0.5856997934492645,-1.8539901722021304,
WT_13__TO__SCA3_05,False,isi,0.3333333333333333,,0.3783543582796132,-1.614259283708038,
WT_13__TO__SCA3_05,False,isi,0.3666666666666666,,0.6092377108410787,-1.711440354336825,
WT_13__TO__SCA3_05,False,isi,0.4,,0.1980799397856207,-1.3356018203153148,
WT_13__TO__SCA3_05,False,isi,0.4333333333333333,,0.6254091150064667,-1.4093411895702896,
WT_13__TO__SCA3_05,False,isi,0.4666666666666667,,0.6800405979555025,-1.9467560199187164,
WT_13__TO__SCA3_05,False,isi,0.5,-0.6296820257367647,0.5609576277649797,-1.1893732659947027,-0.15937538157466158
WT_13__TO__SCA3_05,False,isi,0.5333333333333333,-0.929514043248936,0.6633697763816444,-1.3095290838173268,-0.012128764556901594
WT_13__TO__SCA3_05,False,isi,0.5666666666666667,-0.5216054801000646,0.24886254980876363,-1.0858490955101094,0.009251140113925804
WT_13__TO__SCA3_05,False,isi,0.6,-0.501343832188101,0.5997387746254874,-1.098634099498717,-6.501875988274008e-05
WT_13__TO__SCA3_05,False,isi,0.6333333333333333,-0.4431502337939198,0.6315373535944996,-1.1040792418105518,7.440662309288193e-05
WT_13__TO__SCA3_05,False,isi,0.6666666666666666,-0.119252906893977,0.6838327915172799,-0.7813603215704087,-0.007401031887464993
WT_13__TO__SCA3_05,False,isi,0.7,-0.632375221454128,0.6629127723047628,-1.0110228481353059,0.006642728959019628
WT_13__TO__SCA3_05,False,isi,0.7333333333333333,-0.20737571035272967,0.6503476791785433,-1.0813626749103213,0.0015500072770924245
WT_13__TO__SCA3_05,False,isi,0.7666666666666666,-0.2847050496504478,0.8365593874173135,-0.7172027008086196,0.00032658728923007363
WT_13__TO__SCA3_05,False,isi,0.8,-0.5203208585080589,0.45668108750415504,-1.4470164366024498,0.00014338443555306224
WT_13__TO__SCA3_05,False,isi,0.8333333333333334,-0.14882347896302275,0.6753812516341511,-1.1084737167200456,6.818594210677986e-05
WT_13__TO__SCA3_05,False,isi,0.8666666666666667,0.0013182655959118052,0.4401884011893743,-0.5254328473213128,0.0037455806461842434
WT_13__TO__SCA3_05,False,isi,0.9,,0.6247228018091334,-0.4836412063251495,
WT_13__TO__SCA3_05,False,isi,0.9333333333333332,,0.43152515288940885,-0.3666503402202926,
WT_13__TO__SCA3_05,False,isi,0.9666666666666668,,0.53397709592246,-0.42407708445136205,
WT_13__TO__SCA3_05,False,isi,1.0,,0.3103525453139129,-0.6765956773506011,
WT_13__TO__SCA3_06,True,active,0.0,,1.3785547205436572,-2.523318120366697,
WT_13__TO__SCA3_06,True,active,0.0333333333333333,,1.0572526880716353,-2.7831760547133535,
WT_13__TO__SCA3_06,True,active,0.0666666666666666,,1.254363031449324,-2.684017370066327,
WT_13__TO__SCA3_06,True,active,0.1,,1.2315197485604072,-2.3348260664092173,
WT_13__TO__SCA3_06,True,active,0.1333333333333333,,1.2002937788896744,-2.257923612641885,
WT_13__TO__SCA3_06,True,active,0.1666666666666666,,1.3981011279659807,-2.221345383364524,
WT_13__TO__SCA3_06,True,active,0.2,,1.3799754835243279,-2.1859358491482483,
WT_13__TO__SCA3_06,True,active,0.2333333333333333,,1.5754754922648273,-1.951016750425778,
WT_13__TO__SCA3_06,True,active,0.2666666666666666,,1.5849219194762236,-1.9206690767910275,
WT_13__TO__SCA3_06,True,active,0.3,,1.7876200643744704,-1.9206690767910333,
WT_13__TO__SCA3_06,True,active,0.3333333333333333,,1.7866983700264802,-1.7200460593231055,
WT_13__TO__SCA3_06,True,active,0.3666666666666666,,1.7991398225181785,-1.72004605932311,
WT_13__TO__SCA3_06,True,active,0.4,,1.8084776853151294,-1.7474214321727894,
WT_13__TO__SCA3_06,True,active,0.4333333333333333,,1.8268876971712054,-1.775683514372691,
WT_13__TO__SCA3_06,True,active,0.4666666666666667,,1.8562900622797593,-1.804876159712912,
WT_13__TO__SCA3_06,True,active,0.5,0.2947374763356,2.129783642954615,-1.8350461666190163,1.1102230246251565e-15
WT_13__TO__SCA3_06,True,active,0.5333333333333333,0.5239757900727873,2.155300221256608,-1.6463599169573528,0.015035485773531976
WT_13__TO__SCA3_06,True,active,0.5666666666666667,0.7707155307414262,2.220413417337221,-1.675062606306389,0.22536471971059413
WT_13__TO__SCA3_06,True,active,0.6,0.540574659484382,2.526362000687689,-1.7355830113750836,-0.25020432982822305
WT_13__TO__SCA3_06,True,active,0.6333333333333333,0.8015252035762079,2.6097742880101733,-1.800647068242039,-0.007602016191926353
WT_13__TO__SCA3_06,True,active,0.6666666666666666,0.818199022286756,2.6973091388860455,-1.8707872339073948,-0.00832288269189485
WT_13__TO__SCA3_06,True,active,0.7,0.8389857084527171,2.7947568033736463,-1.651075110905194,-0.3046959840157353
WT_13__TO__SCA3_06,True,active,0.7333333333333333,1.1596120386748734,2.903041648464621,-1.720046059323113,-0.02338355046663465
WT_13__TO__SCA3_06,True,active,0.7666666666666666,1.1975140965930045,3.018289823065563,-2.11840533180194,0.2976296053293812
WT_13__TO__SCA3_06,True,active,0.8,1.2389664202290016,3.144306513137111,-2.216216653084369,0.31087656017625975
WT_13__TO__SCA3_06,True,active,0.8333333333333334,1.6323970748187475,3.6591858497914007,-2.0146883668419564,-0.012100408130696572
WT_13__TO__SCA3_06,True,active,0.8666666666666667,1.7011221516457546,3.8336035193256217,-2.1184053318019314,-0.014076035877935933
WT_13__TO__SCA3_06,True,active,0.9,,4.027253970294494,-2.2334054390978424,
WT_13__TO__SCA3_06,True,active,0.9333333333333332,,4.709402428765478,-2.3616405776018645,
WT_13__TO__SCA3_06,True,active,0.9666666666666668,,4.988855926701873,-2.5842951216270653,
WT_13__TO__SCA3_06,True,active,1.0,,4.5266542201621665,-2.8958195757690257,
WT_13__TO__SCA3_06,True,isi,0.0,,0.8839567926793144,-2.2959055475334638,
WT_13__TO__SCA3_06,True,isi,0.0333333333333333,,1.0659251528519955,-2.249704628886061,
WT_13__TO__SCA3_06,True,isi,0.0666666666666666,,1.1137547461779918,-2.1351913538139784,
WT_13__TO__SCA3_06,True,isi,0.1,,1.1843877276491477,-1.988344415687163,
WT_13__TO__SCA3_06,True,isi,0.1333333333333333,,1.2361705129471472,-1.8480053176384308,
WT_13__TO__SCA3_06,True,isi,0.1666666666666666,,1.2716206099890721,-1.7281001836479901,
WT_13__TO__SCA3_06,True,isi,0.2,,1.319493587229858,-1.630830117288632,
WT_13__TO__SCA3_06,True,isi,0.2333333333333333,,1.337720914327748,-1.5658422576883144,
WT_13__TO__SCA3_06,True,isi,0.2666666666666666,,1.399513487027267,-1.503920860349135,
WT_13__TO__SCA3_06,True,isi,0.3,,1.4346653153781739,-1.4499212295388233,
WT_13__TO__SCA3_06,True,isi,0.3333333333333333,,1.4884865660178903,-1.4232646594867053,
WT_13__TO__SCA3_06,True,isi,0.3666666666666666,,1.5283372826255164,-1.3914617083418148,
WT_13__TO__SCA3_06,True,isi,0.4,,1.605573769233308,-1.3627742392391493,
WT_13__TO__SCA3_06,True,isi,0.4333333333333333,,1.6626807695166153,-1.3418516429014655,
WT_13__TO__SCA3_06,True,isi,0.4666666666666667,,1.7397705903727476,-1.3281301630859956,
WT_13__TO__SCA3_06,True,isi,0.5,0.4761638614640431,1.79544917204345,-1.3212471353574902,0.0019618247780832654
WT_13__TO__SCA3_06,True,isi,0.5333333333333333,0.5262779371490371,1.8723219016332726,-1.3438770340772388,-0.00216693040699667
WT_13__TO__SCA3_06,True,isi,0.5666666666666667,0.5818265273138186,1.9561819160844927,-1.351795500710469,-0.022559888060205147
WT_13__TO__SCA3_06,True,isi,0.6,0.7037760760683238,2.0299649999884686,-1.3579070917408362,0.03171816782069148
WT_13__TO__SCA3_06,True,isi,0.6333333333333333,0.7630082163046152,2.130550238312006,-1.3696874410210822,0.002145419013691363
WT_13__TO__SCA3_06,True,isi,0.6666666666666666,0.8533092443488063,2.238857325131171,-1.3872366496633337,0.0016885688809689103
WT_13__TO__SCA3_06,True,isi,0.7,0.9535941229132002,2.363383734281181,-1.455540121433184,0.045750510065203365
WT_13__TO__SCA3_06,True,isi,0.7333333333333333,1.0209878388794071,2.5062488558450884,-1.4897062329948294,0.004445216029148158
WT_13__TO__SCA3_06,True,isi,0.7666666666666666,1.134962037819013,2.663290677093414,-1.4774091693928317,-0.05091946988156937
WT_13__TO__SCA3_06,True,isi,0.8,1.2606752774239847,2.841034441644244,-1.521497711198013,-0.05886145302224621
WT_13__TO__SCA3_06,True,isi,0.8333333333333334,1.338939306518542,2.968225778500954,-1.6205227932352593,-0.008763678747152559
WT_13__TO__SCA3_06,True,isi,0.8666666666666667,1.488214391770403,3.1888912138920973,-1.6867838316403387,-0.013892990481355616
WT_13__TO__SCA3_06,True,isi,0.9,,3.4426086397554565,-1.7640174070725276,
WT_13__TO__SCA3_06,True,isi,0.9333333333333332,,3.6197099433851583,-1.8537410021187777,
WT_13__TO__SCA3_06,True,isi,0.9666666666666668,,3.9429440310858794,-1.918357739513901,
WT_13__TO__SCA3_06,True,isi,1.0,,3.89697246360961,-2.186267555965489,
WT_13__TO__SCA3_09,True,active,0.0,,-0.061056212199540064,-1.5416114329777557,
WT_13__TO__SCA3_09,True,active,0.0333333333333333,,-0.35950630914719633,-2.4358370065872883,
WT_13__TO__SCA3_09,True,active,0.0666666666666666,,-0.8155418735805108,-4.345476304474882,
WT_13__TO__SCA3_09,True,active,0.1,,-0.5309825909999195,-3.4565340091337586,
WT_13__TO__SCA3_09,True,active,0.1333333333333333,,-0.9791599974527913,-6.53436379624953,
WT_13__TO__SCA3_09,True,active,0.1666666666666666,,-0.15171909249145898,-3.324737164994615,
WT_13__TO__SCA3_09,True,active,0.2,,-0.9760736807472028,-2.2994917442345115,
WT_13__TO__SCA3_09,True,active,0.2333333333333333,,-1.2409747809103113,-4.825108795328637,
WT_13__TO__SCA3_09,True,active,0.2666666666666666,,-0.32552590212946797,-2.3621286074549146,
WT_13__TO__SCA3_09,True,active,0.3,,-1.070001319489983,-2.5238894285492295,
WT_13__TO__SCA3_09,True,active,0.3333333333333333,,-0.0917287298094402,-1.8257039268208306,
WT_13__TO__SCA3_09,True,active,0.3666666666666666,,-0.43622137114306686,-2.85913720050794,
WT_13__TO__SCA3_09,True,active,0.4,,-1.2739290859747994,-2.240374396602245,
WT_13__TO__SCA3_09,True,active,0.4333333333333333,,-1.0008307933270215,-1.1103153462671407,
WT_13__TO__SCA3_09,True,active,0.4666666666666667,,-0.7081033118945205,-3.2869966581266503,
WT_13__TO__SCA3_09,True,active,0.5,-4.607401020499865,-2.4521920853751906,-4.255188505912469,-0.26949400402934215
WT_13__TO__SCA3_09,True,active,0.5333333333333333,-0.42517378079061,-0.42517378079061174,-1.0229428650646142,-0.1616831376597406
WT_13__TO__SCA3_09,True,active,0.5666666666666667,-2.002743569346241,-0.40172358287027116,-1.6656934363782874,-0.9603345383955197
WT_13__TO__SCA3_09,True,active,0.6,-1.5934336042634425,-4.074034393358055,-1.6414779772517667,0.2924363168726942
WT_13__TO__SCA3_09,True,active,0.6333333333333333,-1.2293295169181222,0.6093757691517505,-1.2935497067857593,-1.8745615653481598
WT_13__TO__SCA3_09,True,active,0.6666666666666666,-3.930108714603815,-4.373566853866162,-3.8452411311173167,0.7671479332005251
WT_13__TO__SCA3_09,True,active,0.7,-4.200322783862844,-1.3993718672324256,-3.2770484642460476,-0.1144314780165856
WT_13__TO__SCA3_09,True,active,0.7333333333333333,-5.72707803551642,-0.7682510895591382,-3.72877704953227,-1.3516675193249832
WT_13__TO__SCA3_09,True,active,0.7666666666666666,-1.6854939390707326,-0.0802757626553169,-2.3000339589764023,-0.20659419575757873
WT_13__TO__SCA3_09,True,active,0.8,-0.05067505512230064,-0.08000463009044391,-1.1691444723754358,-0.013867242472807738
WT_13__TO__SCA3_09,True,active,0.8333333333333334,-0.3721872653607655,-0.07975094848806431,-1.207650135729937,-0.21304687871221448
WT_13__TO__SCA3_09,True,active,0.8666666666666667,-0.8888267471945933,-0.3490080352180591,-1.1837128235997332,-0.23092163917281336
WT_13__TO__SCA3_09,True,active,0.9,,-0.5885054028132112,-1.4336027734948285,
WT_13__TO__SCA3_09,True,active,0.9333333333333332,,-0.5882984642113842,-1.4632840996180017,
WT_13__TO__SCA3_09,True,active,0.9666666666666668,,-0.30420045030741416,-1.1504679782220733,
WT_13__TO__SCA3_09,True,active,1.0,,-0.9808969815604098,-1.3823915106187425,
WT_13__TO__SCA3_09,True,isi,0.0,,-0.236685524965125,-1.310667652113213,
WT_13__TO__SCA3_09,True,isi,0.0333333333333333,,-0.3382506561626408,-1.8106398116367035,
WT_13__TO__SCA3_09,True,isi,0.0666666666666666,,-0.021278748613342502,-1.62560962467338,
WT_13__TO__SCA3_09,True,isi,0.1,,-0.4362456816105069,-1.8839725911440879,
WT_13__TO__SCA3_09,True,isi,0.1333333333333333,,-0.8015701786521308,-0.9233455996530617,
WT_13__TO__SCA3_09,True,isi,0.1666666666666666,,-0.51129883885764,-3.03713413931293,
WT_13__TO__SCA3_09,True,isi,0.2,,-0.820609939856349,-2.4906959133099695,
WT_13__TO__SCA3_09,True,isi,0.2333333333333333,,-0.6600367688400908,-1.3566104713166145,
WT_13__TO__SCA3_09,True,isi,0.2666666666666666,,-0.6167552910147642,-1.969802920231094,
WT_13__TO__SCA3_09,True,isi,0.3,,0.1439927343272711,-1.7007154219980978,
WT_13__TO__SCA3_09,True,isi,0.3333333333333333,,-0.40806319846720207,-1.7843090289947583,
WT_13__TO__SCA3_09,True,isi,0.3666666666666666,,-1.6281392204027665,-1.6694776822560768,
WT_13__TO__SCA3_09,True,isi,0.4,,-1.1023651739481548,-1.4938961992186734,
WT_13__TO__SCA3_09,True,isi,0.4333333333333333,,-0.2676973143082595,-1.2153844704553842,
WT_13__TO__SCA3_09,True,isi,0.4666666666666667,,-0.10159609639838668,-2.4213132293308357,
WT_13__TO__SCA3_09,True,isi,0.5,-3.596494403143774,-1.7385747753237781,-2.9285832344506506,-0.423849114091311
WT_13__TO__SCA3_09,True,isi,0.5333333333333333,-0.608429069059745,-0.3741195806536055,-1.017980261020465,0.05541649208283763
WT_13__TO__SCA3_09,True,isi,0.5666666666666667,-1.2891040075724751,-0.011410141580110389,-0.9306982211286274,-0.7406748371473024
WT_13__TO__SCA3_09,True,isi,0.6,-0.776936658394487,-3.094946061956953,-1.1160711586823258,0.22683437625917047
WT_13__TO__SCA3_09,True,isi,0.6333333333333333,-0.9160206062372516,0.5685374843065464,-0.7578618041230976,-1.66549655338949
WT_13__TO__SCA3_09,True,isi,0.6666666666666666,-3.02725013484823,-3.1858039231695034,-3.1856634684427125,0.1839423628637145
WT_13__TO__SCA3_09,True,isi,0.7,-3.4074406847666716,-0.7229880848765132,-2.4745599914633507,-0.6315724070121539
WT_13__TO__SCA3_09,True,isi,0.7333333333333333,-4.314058165434632,-0.5089274869830704,-2.758190491097271,-1.1419923585916592
WT_13__TO__SCA3_09,True,isi,0.7666666666666666,-1.308850500904417,0.05124422376646626,-1.8731514748598384,-0.04423507007161719
WT_13__TO__SCA3_09,True,isi,0.8,-0.018362853299400794,-0.04750614825888094,-0.8779787048430964,-0.025238206427363793
WT_13__TO__SCA3_09,True,isi,0.8333333333333334,-0.4334433423091375,-0.2954313055931721,-0.8337740968005257,0.004809120022164826
WT_13__TO__SCA3_09,True,isi,0.8666666666666667,-0.7716734715152016,-0.32285015018074464,-0.8935329101496421,-0.01597601927546464
WT_13__TO__SCA3_09,True,isi,0.9,,-0.5778121471449049,-1.132380732290565,
WT_13__TO__SCA3_09,True,isi,0.9333333333333332,,-0.632909088593679,-1.2043364468034923,
WT_13__TO__SCA3_09,True,isi,0.9666666666666668,,-0.19078551322745027,-0.8856719811082263,
WT_13__TO__SCA3_09,True,isi,1.0,,-0.38930874595072945,-0.8441754502449862,
WT_14__TO__SCA3_01,True,active,0.0,,1.8639156480645152,-5.25112743817087,
WT_14__TO__SCA3_01,True,active,0.0333333333333333,,2.3091148659081977,-3.6055232279549436,
WT_14__TO__SCA3_01,True,active,0.0666666666666666,,1.566197203308191,-3.185518063816526,
WT_14__TO__SCA3_01,True,active,0.1,,1.4535539397761823,-2.8534699810024415,
WT_14__TO__SCA3_01,True,active,0.1333333333333333,,1.739997225864653,-2.505541710536441,
WT_14__TO__SCA3_01,True,active,0.1666666666666666,,1.8581995971882905,-2.2957295034073835,
WT_14__TO__SCA3_01,True,active,0.2,,1.5273459184459819,-2.054929779567947,
WT_14__TO__SCA3_01,True,active,0.2333333333333333,,1.823788660418189,-1.9206690767910413,
WT_14__TO__SCA3_01,True,active,0.2666666666666666,,1.7476905579215944,-1.657721995013561,
WT_14__TO__SCA3_01,True,active,0.3,,1.6696440698903,-1.581332511904131,
WT_14__TO__SCA3_01,True,active,0.3333333333333333,,1.603583154636602,-1.5457211091669631,
WT_14__TO__SCA3_01,True,active,0.3666666666666666,,1.548546916007859,-1.261659060183362,
WT_14__TO__SCA3_01,True,active,0.4,,1.8046470772357759,-1.2314890532772467,
WT_14__TO__SCA3_01,True,active,0.4333333333333333,,1.7455052113363205,-1.1957479859888807,
WT_14__TO__SCA3_01,True,active,0.4666666666666667,,1.7152542559581752,-1.2501735328736223,
WT_14__TO__SCA3_01,True,active,0.5,0.6205610295099283,1.68623757423779,-1.2792888671248441,0.004775649023290862
WT_14__TO__SCA3_01,True,active,0.5333333333333333,0.5662779333758959,1.6558917153904351,-1.3097937245475542,-0.002234723580206044
WT_14__TO__SCA3_01,True,active,0.5666666666666667,0.8353422633685474,1.9149796873216125,-1.0783908882702196,-0.3479282704660084
WT_14__TO__SCA3_01,True,active,0.6,0.8247155739033883,1.8835233699731633,-1.0184238143834188,-0.36648658878423945
WT_14__TO__SCA3_01,True,active,0.6333333333333333,0.824473630030677,2.130899523994994,-1.057631922651908,-0.028395421548680577
WT_14__TO__SCA3_01,True,active,0.6666666666666666,1.0601565607493524,2.133154464913337,-1.3097937245475544,-0.33374700778130717
WT_14__TO__SCA3_01,True,active,0.7,1.0809169522945352,2.130467467700228,-1.3097937245475562,0.02321936404707059
WT_14__TO__SCA3_01,True,active,0.7333333333333333,1.0807237150621023,2.4136333956507108,-1.0576319226519153,-0.2752777579366932
WT_14__TO__SCA3_01,True,active,0.7666666666666666,1.0958040387463273,2.1658347285604296,-1.3352662668288287,0.023219364047079694
WT_14__TO__SCA3_01,True,active,0.8,1.373270034459442,2.4366809638638043,-1.07839088827022,-0.003330514819015029
WT_14__TO__SCA3_01,True,active,0.8333333333333334,1.3947035020710794,2.438173539094193,-1.3893065748705837,-0.008177585856394276
WT_14__TO__SCA3_01,True,active,0.8666666666666667,1.713814232851679,2.4398193767557634,-1.4180024145438206,-0.0025880287508083244
WT_14__TO__SCA3_01,True,active,0.9,,2.439157489036382,-1.4791071511717877,
WT_14__TO__SCA3_01,True,active,0.9333333333333332,,2.4386101208486863,-1.545721109166964,
WT_14__TO__SCA3_01,True,active,0.9666666666666668,,2.8159036453643966,-1.966553702477755,
WT_14__TO__SCA3_01,True,active,1.0,,3.123394781466494,-2.1999630348370207,
WT_14__TO__SCA3_01,True,isi,0.0,,1.593191081993004,-3.260019198380824,
WT_14__TO__SCA3_01,True,isi,0.0333333333333333,,1.4875507369024592,-3.031644501270524,
WT_14__TO__SCA3_01,True,isi,0.0666666666666666,,1.503029359833033,-2.542127841144676,
WT_14__TO__SCA3_01,True,isi,0.1,,1.5095901252205741,-2.1855805562413244,
WT_14__TO__SCA3_01,True,isi,0.1333333333333333,,1.4754075417542074,-1.9128120105458057,
WT_14__TO__SCA3_01,True,isi,0.1666666666666666,,1.4785820937256864,-1.699235221585862,
WT_14__TO__SCA3_01,True,isi,0.2,,1.4885170608932792,-1.5508166317141188,
WT_14__TO__SCA3_01,True,isi,0.2333333333333333,,1.4846856523524228,-1.4305741926668882,
WT_14__TO__SCA3_01,True,isi,0.2666666666666666,,1.500567326429208,-1.3318135263354811,
WT_14__TO__SCA3_01,True,isi,0.3,,1.5049821481567442,-1.2363332166534362,
WT_14__TO__SCA3_01,True,isi,0.3333333333333333,,1.518381473741948,-1.1512109828217783,
WT_14__TO__SCA3_01,True,isi,0.3666666666666666,,1.540953205824443,-1.0750623059953306,
WT_14__TO__SCA3_01,True,isi,0.4,,1.5446698312886054,-1.0066732593160606,
WT_14__TO__SCA3_01,True,isi,0.4333333333333333,,1.5727915966908708,-0.9628993598529526,
WT_14__TO__SCA3_01,True,isi,0.4666666666666667,,1.5957535653898565,-0.9355108568457797,
WT_14__TO__SCA3_01,True,isi,0.5,0.645661679267419,1.6222274545847093,-0.9062405207078312,-0.002684285723401403
WT_14__TO__SCA3_01,True,isi,0.5333333333333333,0.6917588784661528,1.6492473525089955,-0.9202522199703033,9.003277442687363e-06
WT_14__TO__SCA3_01,True,isi,0.5666666666666667,0.7382056608972736,1.6809661221981471,-0.8886590489005413,0.001076983620111105
WT_14__TO__SCA3_01,True,isi,0.6,0.7878506405337035,1.7214641144211362,-0.9332313841507144,-0.00038208973671838287
WT_14__TO__SCA3_01,True,isi,0.6333333333333333,0.8383603655861953,1.7617656273084534,-0.9251344641743704,-0.000714301382341298
WT_14__TO__SCA3_01,True,isi,0.6666666666666666,0.8888147038109355,1.8182440272812297,-0.9225096544055502,0.0014013030111122982
WT_14__TO__SCA3_01,True,isi,0.7,0.9416708642362511,1.8774557478617513,-0.9283319777447312,-0.0017465859840897213
WT_14__TO__SCA3_01,True,isi,0.7333333333333333,1.0028047596320602,1.9447591601166179,-0.9464217369339047,-0.0015299265841662857
WT_14__TO__SCA3_01,True,isi,0.7666666666666666,1.070141767083518,2.0395046857398067,-0.9599316833495943,-0.009431235306694319
WT_14__TO__SCA3_01,True,isi,0.8,1.140745867510249,2.0710662638349864,-0.9957753834907498,-0.0028265134219280785
WT_14__TO__SCA3_01,True,isi,0.8333333333333334,1.230344310339048,2.081313279864193,-1.0290805717667937,-0.013605607374903572
WT_14__TO__SCA3_01,True,isi,0.8666666666666667,1.3318959413650513,2.1004575420725167,-1.0854619230180997,-0.016056027037487874
WT_14__TO__SCA3_01,True,isi,0.9,,2.136404647081492,-1.1618266837737499,
WT_14__TO__SCA3_01,True,isi,0.9333333333333332,,2.2202890111824,-1.2690153456004925,
WT_14__TO__SCA3_01,True,isi,0.9666666666666668,,2.4509699317117213,-1.4116410635845913,
WT_14__TO__SCA3_01,True,isi,1.0,,2.7814755974246603,-1.761499979670878,
WT_14__TO__SCA3_02,False,active,0.0,,1.7625048112726718,-4.029376733683924,
WT_14__TO__SCA3_02,False,active,0.0333333333333333,,0.8861590830624076,-3.7714298621906615,
WT_14__TO__SCA3_02,False,active,0.0666666666666666,,0.8206832511385936,-3.066535219896268,
WT_14__TO__SCA3_02,False,active,0.1,,0.7768867716413747,-2.703277965547339,
WT_14__TO__SCA3_02,False,active,0.1333333333333333,,0.9111278867650067,-2.5055417105364333,
WT_14__TO__SCA3_02,False,active,0.1666666666666666,,0.7003897221714332,-2.0146883668419546,
WT_14__TO__SCA3_02,False,active,0.2,,1.16389623151563,-1.9665537024777484,
WT_14__TO__SCA3_02,False,active,0.2333333333333333,,0.8303868552210887,-1.7567414953487073,
WT_14__TO__SCA3_02,False,active,0.2666666666666666,,0.8000477838527401,-1.667793400833452,
WT_14__TO__SCA3_02,False,active,0.3,,0.3274488419628706,-1.195747985988873,
WT_14__TO__SCA3_02,False,active,0.3333333333333333,,0.5835430787390203,-1.1788860970040447,
WT_14__TO__SCA3_02,False,active,0.3666666666666666,,0.3919527889782015,-1.1708070645470499,
WT_14__TO__SCA3_02,False,active,0.4,,0.29139577711655895,-1.4636263079331284,
WT_14__TO__SCA3_02,False,active,0.4333333333333333,,0.370793737471357,-1.1629497551567536,
WT_14__TO__SCA3_02,False,active,0.4666666666666667,,0.5753188667910237,-1.06801140546106,
WT_14__TO__SCA3_02,False,active,0.5,-0.18972714245942385,0.561997778943139,-0.809312716005871,-0.00943200740151462
WT_14__TO__SCA3_02,False,active,0.5333333333333333,-0.18792784886826347,0.5387619828815048,-0.8523925832215651,-4.440892098500626e-16
WT_14__TO__SCA3_02,False,active,0.5666666666666667,-0.0006874356543552229,0.7770491873944222,-0.9081808435113186,0.0
WT_14__TO__SCA3_02,False,active,0.6,0.02657973265828803,0.6643885751888862,-0.7537649897792265,-0.001781754162359095
WT_14__TO__SCA3_02,False,active,0.6333333333333333,0.18278809147320452,0.5128186101766282,-0.6320308967024948,0.0
WT_14__TO__SCA3_02,False,active,0.6666666666666666,0.42138487117560103,1.0679015745399845,-0.6247636127748465,-0.0008783810319168415
WT_14__TO__SCA3_02,False,active,0.7,0.19556035728199359,1.0592081351549425,-0.8461557871887515,-0.0008900013891878775
WT_14__TO__SCA3_02,False,active,0.7333333333333333,0.21753592525133236,1.0222395317635096,-0.8093127160058725,0.0
WT_14__TO__SCA3_02,False,active,0.7666666666666666,0.40004051550127995,0.9979229132407077,-0.785495651213322,-0.0005655438436350524
WT_14__TO__SCA3_02,False,active,0.8,0.5747393874321481,1.1632529670644192,-0.8503185668118917,3.3306690738754696e-16
WT_14__TO__SCA3_02,False,active,0.8333333333333334,0.5562549104145913,1.2525578471298844,-0.5092119071917096,-0.006496068485956519
WT_14__TO__SCA3_02,False,active,0.8666666666666667,0.19516613928783966,1.0044788552937138,-0.5848726337453934,-0.009697095509926807
WT_14__TO__SCA3_02,False,active,0.9,,0.8479473896550845,-0.3233662753194772,
WT_14__TO__SCA3_02,False,active,0.9333333333333332,,0.37237096891672017,-0.45255877214603596,
WT_14__TO__SCA3_02,False,active,0.9666666666666668,,0.7940828922674369,-0.36648658878423424,
WT_14__TO__SCA3_02,False,active,1.0,,0.7546790713944356,-0.5667183303658292,
WT_14__TO__SCA3_02,False,isi,0.0,,0.9539321488131693,-3.1279584896238695,
WT_14__TO__SCA3_02,False,isi,0.0333333333333333,,0.9617160322611166,-2.892957149569304,
WT_14__TO__SCA3_02,False,isi,0.0666666666666666,,0.9584344647356058,-2.4275686651313255,
WT_14__TO__SCA3_02,False,isi,0.1,,0.9730159035949787,-2.05296730529456,
WT_14__TO__SCA3_02,False,isi,0.1333333333333333,,1.0128587617100282,-1.766447576504741,
WT_14__TO__SCA3_02,False,isi,0.1666666666666666,,1.007678610617686,-1.6427098895935415,
WT_14__TO__SCA3_02,False,isi,0.2,,0.9973763666444462,-1.4574259033926829,
WT_14__TO__SCA3_02,False,isi,0.2333333333333333,,0.9681696624352322,-1.3351929492021903,
WT_14__TO__SCA3_02,False,isi,0.2666666666666666,,0.9596447721033016,-1.1959137584549566,
WT_14__TO__SCA3_02,False,isi,0.3,,0.3513602069274537,-1.1060117370380511,
WT_14__TO__SCA3_02,False,isi,0.3333333333333333,,0.354831477784223,-1.0049567409988436,
WT_14__TO__SCA3_02,False,isi,0.3666666666666666,,0.3439832137490976,-0.9866129923315692,
WT_14__TO__SCA3_02,False,isi,0.4,,0.5057549864285793,-0.8561571073768397,
WT_14__TO__SCA3_02,False,isi,0.4333333333333333,,0.481146675827526,-0.7945427218198625,
WT_14__TO__SCA3_02,False,isi,0.4666666666666667,,0.42050897998409564,-0.786911558819625,
WT_14__TO__SCA3_02,False,isi,0.5,0.05251093444490368,0.4669106000017613,-0.6922302793367925,-0.0003945440620666818
WT_14__TO__SCA3_02,False,isi,0.5333333333333333,-0.03291481866801935,0.43265490774265136,-0.6478864138223619,0.000437661350870866
WT_14__TO__SCA3_02,False,isi,0.5666666666666667,-0.08484395359024632,0.44080112027913987,-0.6314270951144916,0.0003733614882823755
WT_14__TO__SCA3_02,False,isi,0.6,0.1870498693641766,0.553878844818953,-0.5742950441743051,0.0004511330900716093
WT_14__TO__SCA3_02,False,isi,0.6333333333333333,0.1925832214840231,0.800286212797023,-0.5417120080138921,-0.0031532583757486465
WT_14__TO__SCA3_02,False,isi,0.6666666666666666,0.2868796271033641,1.0330237198365766,-0.6075019742020471,0.0003057904920181765
WT_14__TO__SCA3_02,False,isi,0.7,0.3134811513670253,1.0231136853161282,-0.5998014473760248,0.00019685618327713875
WT_14__TO__SCA3_02,False,isi,0.7333333333333333,0.3655732864409498,1.0265332159197178,-0.5649737555415963,6.2563289892625384e-06
WT_14__TO__SCA3_02,False,isi,0.7666666666666666,0.40929264226427714,1.037164173872008,-0.5685906528758651,0.00010697629391220875
WT_14__TO__SCA3_02,False,isi,0.8,0.40037084101962755,0.9730382210395963,-0.5302706453078175,-0.00017730268898497048
WT_14__TO__SCA3_02,False,isi,0.8333333333333334,0.4131215164465772,0.9475688697672556,-0.5055998831636949,0.0012412023288555507
WT_14__TO__SCA3_02,False,isi,0.8666666666666667,0.4113341894787324,0.9044626982033345,-0.4580355063661514,0.00014216797625074573
WT_14__TO__SCA3_02,False,isi,0.9,,0.8666415313067548,-0.38541714969242563,
WT_14__TO__SCA3_02,False,isi,0.9333333333333332,,0.33775406501538396,-0.3767544056502047,
WT_14__TO__SCA3_02,False,isi,0.9666666666666668,,0.8162314555857735,-0.35877334325816695,
WT_14__TO__SCA3_02,False,isi,1.0,,0.7782663711994738,-0.3439629424128782,
WT_14__TO__SCA3_04,True,active,0.0,,0.19230414613337707,-2.750780372423623,
WT_14__TO__SCA3_04,True,active,0.0333333333333333,,0.8838263431169071,-2.757703512432086,
WT_14__TO__SCA3_04,True,active,0.0666666666666666,,1.164775829855212,-2.2957295034073852,
WT_14__TO__SCA3_04,True,active,0.1,,0.8214334345247256,-2.0396519207113073,
WT_14__TO__SCA3_04,True,active,0.1333333333333333,,1.0847907573844666,-1.9206690767910408,
WT_14__TO__SCA3_04,True,active,0.1666666666666666,,0.9292819826821818,-1.9206690767910337,
WT_14__TO__SCA3_04,True,active,0.2,,1.1665642923399235,-1.7200460593231113,
WT_14__TO__SCA3_04,True,active,0.2333333333333333,,0.45478459440523356,-1.4851097960983688,
WT_14__TO__SCA3_04,True,active,0.2666666666666666,,0.4547762404043125,-1.7268357993153838,
WT_14__TO__SCA3_04,True,active,0.3,,0.47640002817622384,-1.2229607594312581,
WT_14__TO__SCA3_04,True,active,0.3333333333333333,,1.2669658051230581,-1.2229607594312477,
WT_14__TO__SCA3_04,True,active,0.3666666666666666,,0.84527034111415,-1.1266899543203948,
WT_14__TO__SCA3_04,True,active,0.4,,0.10551456587440959,-1.2048876209830377,
WT_14__TO__SCA3_04,True,active,0.4333333333333333,,0.600416011296043,-1.2527708552682137,
WT_14__TO__SCA3_04,True,active,0.4666666666666667,,0.8057388103890221,-1.0714617526729875,
WT_14__TO__SCA3_04,True,active,0.5,0.0024591266194527034,0.8339344935804669,-1.059202665900968,-3.885780586188055e-16
WT_14__TO__SCA3_04,True,active,0.5333333333333333,0.0024414024035444154,0.45995968926594677,-0.7239548939422623,-1.1657341758564152e-15
WT_14__TO__SCA3_04,True,active,0.5666666666666667,0.09209708177849521,0.10506351275074378,-0.7854956512133282,-1.1102230246251585e-16
WT_14__TO__SCA3_04,True,active,0.6,0.0457833240524087,1.4086398197159027,-1.0144388833936484,-0.3715075727950632
WT_14__TO__SCA3_04,True,active,0.6333333333333333,0.10489222194612806,0.5177985204264941,-1.6693357456674274,0.35244732114719485
WT_14__TO__SCA3_04,True,active,0.6666666666666666,0.07132419053359221,0.5663359645577839,-0.886916278524691,0.0
WT_14__TO__SCA3_04,True,active,0.7,0.1494011679261948,1.268083745819052,-0.9481298880943307,-0.4434581392623473
WT_14__TO__SCA3_04,True,active,0.7333333333333333,0.10722061033900873,1.1340081136995843,-0.9481298880943309,-3.3306690738754755e-15
WT_14__TO__SCA3_04,True,active,0.7666666666666666,0.1514888559234394,0.625553799970604,-1.2331668011339731,-1.1102230246251585e-16
WT_14__TO__SCA3_04,True,active,0.8,0.08112282348577055,1.2466498827487917,-1.447909787884526,5.551115123125773e-16
WT_14__TO__SCA3_04,True,active,0.8333333333333334,0.10697016441934298,1.4974206473322156,-1.4642095782796511,-8.881784197001268e-16
WT_14__TO__SCA3_04,True,active,0.8666666666666667,0.18648349888309484,1.382231484871966,-1.1957479859888736,-8.88178419700126e-16
WT_14__TO__SCA3_04,True,active,0.9,,1.496345373026915,-1.3097937245475544,
WT_14__TO__SCA3_04,True,active,0.9333333333333332,,1.6388989571215513,-1.4479097878845195,
WT_14__TO__SCA3_04,True,active,0.9666666666666668,,0.1907507925384772,0.0,
WT_14__TO__SCA3_04,True,active,1.0,,0.11437551190429551,0.0,
WT_14__TO__SCA3_04,True,isi,0.0,,0.5792585007364259,-2.2270475465241573,
WT_14__TO__SCA3_04,True,isi,0.0333333333333333,,1.0059400026896872,-2.1155182796143173,
WT_14__TO__SCA3_04,True,isi,0.0666666666666666,,1.090219790422144,-1.882267818774935,
WT_14__TO__SCA3_04,True,isi,0.1,,0.8178409893608135,-1.6928163036623487,
WT_14__TO__SCA3_04,True,isi,0.1333333333333333,,0.892451517414143,-1.580303672613854,
WT_14__TO__SCA3_04,True,isi,0.1666666666666666,,1.018682754710082,-1.446985811672612,
WT_14__TO__SCA3_04,True,isi,0.2,,1.0014560241317148,-1.2665462902728197,
WT_14__TO__SCA3_04,True,isi,0.2333333333333333,,0.9580996205617682,-1.1757383431966622,
WT_14__TO__SCA3_04,True,isi,0.2666666666666666,,0.9440849200583714,-1.097407988098391,
WT_14__TO__SCA3_04,True,isi,0.3,,0.9607034294669144,-1.162379336997668,
WT_14__TO__SCA3_04,True,isi,0.3333333333333333,,0.9393169112618176,-1.1054159006775184,
WT_14__TO__SCA3_04,True,isi,0.3666666666666666,,0.9447122604609748,-1.0492526263608035,
WT_14__TO__SCA3_04,True,isi,0.4,,0.9647007071276612,-0.9192763527378434,
WT_14__TO__SCA3_04,True,isi,0.4333333333333333,,0.9624223777843217,-0.8338061170535659,
WT_14__TO__SCA3_04,True,isi,0.4666666666666667,,0.9342823979701591,-0.85645524076614,
WT_14__TO__SCA3_04,True,isi,0.5,0.1705351587689186,0.9671631169863498,-0.7965710574630571,-5.690075437392319e-05
WT_14__TO__SCA3_04,True,isi,0.5333333333333333,0.19984007016696098,0.9751868402817302,-0.8535458525920817,0.00029659039829388323
WT_14__TO__SCA3_04,True,isi,0.5666666666666667,0.24179248803699077,1.1483803977921,-0.7530764833507728,8.751958590469226e-05
WT_14__TO__SCA3_04,True,isi,0.6,0.2772201373519306,0.7231408334973326,-0.6513203649059567,0.049382510501259025
WT_14__TO__SCA3_04,True,isi,0.6333333333333333,0.2923760634182709,0.9545167094027732,-0.7247461400577542,-0.03343151003662165
WT_14__TO__SCA3_04,True,isi,0.6666666666666666,0.2817596092798434,0.9906553923593328,-0.8019592656786542,-0.009969138020210494
WT_14__TO__SCA3_04,True,isi,0.7,0.07005311675604409,0.862202370022603,-0.6567750558417422,0.00014544079277745018
WT_14__TO__SCA3_04,True,isi,0.7333333333333333,-0.2886439182069295,0.9455779897217949,-0.7526494806105507,-0.04021799980299419
WT_14__TO__SCA3_04,True,isi,0.7666666666666666,0.4043162520453618,1.0314422787336888,-0.8044999001177974,-0.00224946801615833
WT_14__TO__SCA3_04,True,isi,0.8,0.4393533758668388,0.7866476974889416,-0.73936092091925,-0.0005145937884814592
WT_14__TO__SCA3_04,True,isi,0.8333333333333334,-0.021510415108252356,0.7248198260207807,-0.8246952667463168,0.001317180294309909
WT_14__TO__SCA3_04,True,isi,0.8666666666666667,0.35550092950915374,1.111492958312103,-0.6111381921734482,9.15777071807608e-05
WT_14__TO__SCA3_04,True,isi,0.9,,1.042366077760607,-0.6678444123008055,
WT_14__TO__SCA3_04,True,isi,0.9333333333333332,,0.919227040048502,-0.6981394678288589,
WT_14__TO__SCA3_04,True,isi,0.9666666666666668,,1.1508920553523858,-0.9429228859892211,
WT_14__TO__SCA3_04,True,isi,1.0,,0.9601611659776542,-1.3973527271533084,
WT_14__TO__SCA3_05,False,active,0.0,,0.15016782950224503,-2.750780372423623,
WT_14__TO__SCA3_05,False,active,0.0333333333333333,,0.7684405219519456,-1.720046059323113,
WT_14__TO__SCA3_05,False,active,0.0666666666666666,,0.7514038092196217,-1.8350461666190225,
WT_14__TO__SCA3_05,False,active,0.1,,0.7008729815115213,-1.4479097878845262,
WT_14__TO__SCA3_05,False,active,0.1333333333333333,,0.8792007329741628,-1.3097937245475557,
WT_14__TO__SCA3_05,False,active,0.1666666666666666,,0.6716585239895055,-1.3753901862118145,
WT_14__TO__SCA3_05,False,active,0.2,,0.7044556046265098,-1.3753901862118054,
WT_14__TO__SCA3_05,False,active,0.2333333333333333,,0.7444620643671438,-0.9944404870220378,
WT_14__TO__SCA3_05,False,active,0.2666666666666666,,0.07693488677005869,-1.2325910571717493,
WT_14__TO__SCA3_05,False,active,0.3,,0.3073432866748719,-1.1957479859888682,
WT_14__TO__SCA3_05,False,active,0.3333333333333333,,0.5785965966513812,-1.195747985988877,
WT_14__TO__SCA3_05,False,active,0.3666666666666666,,0.5661121542825149,-1.1957479859888707,
WT_14__TO__SCA3_05,False,active,0.4,,0.7991438961598023,-1.0194782795220503,
WT_14__TO__SCA3_05,False,active,0.4333333333333333,,0.6602460246711586,-0.7745802933768565,
WT_14__TO__SCA3_05,False,active,0.4666666666666667,,0.8950049514258489,-0.8252906070325383,
WT_14__TO__SCA3_05,False,active,0.5,-0.36963299410630385,0.5458835707582748,-0.8252906070325428,8.326672684688675e-16
WT_14__TO__SCA3_05,False,active,0.5333333333333333,-0.42317089839103883,0.8837772291419942,-0.7642553984017232,-3.3306690738754692e-15
WT_14__TO__SCA3_05,False,active,0.5666666666666667,-0.16276701797088938,0.7440403009988461,-0.7544743059129693,0.0
WT_14__TO__SCA3_05,False,active,0.6,-0.13554762013795987,0.7480588423513734,-0.7660322839334979,-5.551115123125783e-17
WT_14__TO__SCA3_05,False,active,0.6333333333333333,-0.16786356796102606,0.8688707310087947,-0.7234529606126162,-0.4312832950695105
WT_14__TO__SCA3_05,False,active,0.6666666666666666,0.07182318824783764,0.5573857239552467,-0.8748157507960177,6.661338147750939e-16
WT_14__TO__SCA3_05,False,active,0.7,0.07223215379881773,0.32391239233471997,-0.8093127160058713,0.0
WT_14__TO__SCA3_05,False,active,0.7333333333333333,0.06922822898794175,0.725255124606278,-0.754474305912971,-2.220446049250313e-16
WT_14__TO__SCA3_05,False,active,0.7666666666666666,-0.13060472595824274,0.7194845279490669,-1.4239090738201863,-3.885780586188048e-16
WT_14__TO__SCA3_05,False,active,0.8,0.062357681702397985,0.7196546830931914,-0.8730490360518838,0.0
WT_14__TO__SCA3_05,False,active,0.8333333333333334,0.07116296306491926,0.7264335359684171,-0.7430151455901236,-1.7208456881689926e-15
WT_14__TO__SCA3_05,False,active,0.8666666666666667,-0.11573230538267631,0.5059587524043145,-1.0021797966216208,-1.2490009027033011e-15
WT_14__TO__SCA3_05,False,active,0.9,,0.30064512223475,-0.7970536292338486,
WT_14__TO__SCA3_05,False,active,0.9333333333333332,,0.7653516858129358,-0.8331297807984114,
WT_14__TO__SCA3_05,False,active,0.9666666666666668,,0.804624149838691,-1.3528060683498209,
WT_14__TO__SCA3_05,False,active,1.0,,0.9295635692560669,-0.8457548920457372,
WT_14__TO__SCA3_05,False,isi,0.0,,0.6591112828763763,-1.4646826029039455,
WT_14__TO__SCA3_05,False,isi,0.0333333333333333,,0.6807542048601435,-1.3941136889151964,
WT_14__TO__SCA3_05,False,isi,0.0666666666666666,,0.6749603142618344,-1.2769740744369213,
WT_14__TO__SCA3_05,False,isi,0.1,,0.6878078052785912,-1.1650276481188804,
WT_14__TO__SCA3_05,False,isi,0.1333333333333333,,0.6824842506463698,-1.0675136886583292,
WT_14__TO__SCA3_05,False,isi,0.1666666666666666,,0.6161029173260971,-0.9831907241980741,
WT_14__TO__SCA3_05,False,isi,0.2,,0.4452060444278483,-0.9553160774970895,
WT_14__TO__SCA3_05,False,isi,0.2333333333333333,,0.43180932427795143,-0.8947031798096325,
WT_14__TO__SCA3_05,False,isi,0.2666666666666666,,0.44618087650045574,-0.8013273032645448,
WT_14__TO__SCA3_05,False,isi,0.3,,0.5961401295881118,-0.7698361328350022,
WT_14__TO__SCA3_05,False,isi,0.3333333333333333,,0.5902145517710566,-0.7767965235868184,
WT_14__TO__SCA3_05,False,isi,0.3666666666666666,,0.5801436491269276,-0.6992434295564222,
WT_14__TO__SCA3_05,False,isi,0.4,,0.5592519569121017,-0.7352502193268508,
WT_14__TO__SCA3_05,False,isi,0.4333333333333333,,0.6125435781914792,-0.6141241691930279,
WT_14__TO__SCA3_05,False,isi,0.4666666666666667,,0.529464043890528,-0.5632850458413765,
WT_14__TO__SCA3_05,False,isi,0.5,0.13998057224587498,0.7310213358289598,-0.5714113602706292,-3.376017852302349e-05
WT_14__TO__SCA3_05,False,isi,0.5333333333333333,0.12741421539499656,0.6337266285008426,-0.5538290547494505,0.000103289825071462
WT_14__TO__SCA3_05,False,isi,0.5666666666666667,0.11028860485818306,0.563668596430926,-0.6273150770058947,-1.352656904241023e-05
WT_14__TO__SCA3_05,False,isi,0.6,0.172930028387511,0.5583360323288058,-0.6186350536904388,0.0060705575151765445
WT_14__TO__SCA3_05,False,isi,0.6333333333333333,0.10382828378702555,0.5548570650275702,-0.6700649855868046,0.0018985506228765825
WT_14__TO__SCA3_05,False,isi,0.6666666666666666,0.11130934677703794,0.6927894959409032,-0.5846163837640651,0.0001110045940195814
WT_14__TO__SCA3_05,False,isi,0.7,0.16337013956529314,0.7401218282714295,-0.5434379040435044,0.00014257699381792222
WT_14__TO__SCA3_05,False,isi,0.7333333333333333,0.23501136526521477,0.5536915972584721,-0.5612394941190723,0.00066306045807768
WT_14__TO__SCA3_05,False,isi,0.7666666666666666,0.19102811406587433,0.5502120549482704,-0.46164891234802924,-0.000356706566918219
WT_14__TO__SCA3_05,False,isi,0.8,0.29684240948690743,0.7456827718593652,-0.46216194155563617,-0.0018500780490844915
WT_14__TO__SCA3_05,False,isi,0.8333333333333334,0.3020362409484873,0.6962399357732164,-0.4425273009170967,-0.0016747453415467128
WT_14__TO__SCA3_05,False,isi,0.8666666666666667,0.3418805609838974,0.5306067338925934,-0.5817151529048203,-0.0005195156385734423
WT_14__TO__SCA3_05,False,isi,0.9,,0.725176315909559,-0.5944149363708129,
WT_14__TO__SCA3_05,False,isi,0.9333333333333332,,0.44142318165260497,-0.465582111598989,
WT_14__TO__SCA3_05,False,isi,0.9666666666666668,,0.4482341929375401,-0.41344091185060117,
WT_14__TO__SCA3_05,False,isi,1.0,,0.5033105862026978,-0.4163649590427677,
WT_14__TO__SCA3_06,True,active,0.0,,1.8041411978492288,-4.029376733683924,
WT_14__TO__SCA3_06,True,active,0.0333333333333333,,0.9174462410959741,-3.0665352198962674,
WT_14__TO__SCA3_06,True,active,0.0666666666666666,,1.522448697039362,-2.7032779655473353,
WT_14__TO__SCA3_06,True,active,0.1,,1.4085082320224345,-2.4171656334462277,
WT_14__TO__SCA3_06,True,active,0.1333333333333333,,1.3587888734965414,-2.295729503407393,
WT_14__TO__SCA3_06,True,active,0.1666666666666666,,1.8317146629521222,-2.054929779567953,
WT_14__TO__SCA3_06,True,active,0.2,,1.231702914075251,-2.039651920711307,
WT_14__TO__SCA3_06,True,active,0.2333333333333333,,1.6614031624199117,-2.174382731505911,
WT_14__TO__SCA3_06,True,active,0.2666666666666666,,1.612414896354935,-2.065243050315527,
WT_14__TO__SCA3_06,True,active,0.3,,1.5235891679334272,-1.9665537024777484,
WT_14__TO__SCA3_06,True,active,0.3333333333333333,,1.4937850143006874,-1.6677934008334578,
WT_14__TO__SCA3_06,True,active,0.3666666666666666,,1.409546679059402,-1.8350461666190165,
WT_14__TO__SCA3_06,True,active,0.4,,1.7419971152779516,-1.5285107968034461,
WT_14__TO__SCA3_06,True,active,0.4333333333333333,,1.6607690984278953,-1.8350461666190168,
WT_14__TO__SCA3_06,True,active,0.4666666666666667,,1.6330792408500292,-1.4180024145438213,
WT_14__TO__SCA3_06,True,active,0.5,0.2109589062419146,1.9097153677732044,-1.6987564615312922,2.4424906541753444e-15
WT_14__TO__SCA3_06,True,active,0.5333333333333333,0.20993016778324108,1.519723892330795,-1.389306574870577,4.440892098500626e-16
WT_14__TO__SCA3_06,True,active,0.5666666666666667,0.5426019161567118,1.837861072848968,-1.6186254320117492,0.26309508114324465
WT_14__TO__SCA3_06,True,active,0.6,0.21330073388711546,1.49258960101196,-1.3893065748705846,8.881784197001252e-16
WT_14__TO__SCA3_06,True,active,0.6333333333333333,0.21772164724239934,1.8363470792541476,-1.4180024145438155,-0.3393365648869029
WT_14__TO__SCA3_06,True,active,0.6666666666666666,0.5354760056689007,1.8307351623611643,-1.61862543201175,0.0063705182070399324
WT_14__TO__SCA3_06,True,active,0.7,0.5454035664628277,2.1807982899100726,-1.4479097878845255,-0.3256009988996831
WT_14__TO__SCA3_06,True,active,0.7333333333333333,0.8870080246125719,2.231200847537108,-1.4791071511717877,-0.0024027332216414177
WT_14__TO__SCA3_06,True,active,0.7666666666666666,0.9035476205699463,2.281525835532556,-1.5116798912995386,-0.0025880287508037725
WT_14__TO__SCA3_06,True,active,0.8,0.5729989614430865,2.334437921416631,-1.7872463527714242,-0.009775525114256167
WT_14__TO__SCA3_06,True,active,0.8333333333333334,0.9588060057717415,2.4491962992794436,-1.8350461666190225,-0.33967207759157536
WT_14__TO__SCA3_06,True,active,0.8666666666666667,0.9817600645399385,2.936702078429805,-1.9387631315789942,-0.016178882310872167
WT_14__TO__SCA3_06,True,active,0.9,,3.0158606045861713,-1.995153988817636,
WT_14__TO__SCA3_06,True,active,0.9333333333333332,,3.565726955346081,-2.11840533180194,
WT_14__TO__SCA3_06,True,active,0.9666666666666668,,3.281669344814204,-2.1859358491482355,
WT_14__TO__SCA3_06,True,active,1.0,,3.6551584380551536,-1.896259776188645,
WT_14__TO__SCA3_06,True,isi,0.0,,1.139366184248829,-2.5410215532659315,
WT_14__TO__SCA3_06,True,isi,0.0333333333333333,,1.1897353209051016,-2.477790669599996,
WT_14__TO__SCA3_06,True,isi,0.0666666666666666,,1.1865769741686152,-2.2169598908783508,
WT_14__TO__SCA3_06,True,isi,0.1,,1.2378373241007783,-2.012465186588129,
WT_14__TO__SCA3_06,True,isi,0.1333333333333333,,1.279283173213244,-1.8470062512571863,
WT_14__TO__SCA3_06,True,isi,0.1666666666666666,,1.248409540030523,-1.767721077729602,
WT_14__TO__SCA3_06,True,isi,0.2,,1.3824515343519002,-1.6302484971544051,
WT_14__TO__SCA3_06,True,isi,0.2333333333333333,,1.3331545682783628,-1.559756385148784,
WT_14__TO__SCA3_06,True,isi,0.2666666666666666,,1.3615490451191883,-1.5277693612366625,
WT_14__TO__SCA3_06,True,isi,0.3,,1.4202777417752117,-1.452823613283489,
WT_14__TO__SCA3_06,True,isi,0.3333333333333333,,1.4561237770963456,-1.4202005947021206,
WT_14__TO__SCA3_06,True,isi,0.3666666666666666,,1.4993928896788367,-1.3292978861980727,
WT_14__TO__SCA3_06,True,isi,0.4,,1.3437546940961989,-1.2915786338036672,
WT_14__TO__SCA3_06,True,isi,0.4333333333333333,,1.3928082285490908,-1.1797640478594138,
WT_14__TO__SCA3_06,True,isi,0.4666666666666667,,1.4010418083504854,-1.1674606213980974,
WT_14__TO__SCA3_06,True,isi,0.5,0.30205785021698606,1.2324477905763271,-1.1263275303841023,-0.0019700868506460356
WT_14__TO__SCA3_06,True,isi,0.5333333333333333,0.3762479650126242,1.4963896076301784,-1.1227200368417145,-0.008907628170668591
WT_14__TO__SCA3_06,True,isi,0.5666666666666667,0.28173997447445676,1.362537989498477,-1.0947500598936322,-0.17422737155972434
WT_14__TO__SCA3_06,True,isi,0.6,0.5171227646111058,1.6021838662517744,-1.0860917679610873,-0.002573715630656004
WT_14__TO__SCA3_06,True,isi,0.6333333333333333,0.588175377353345,1.4957297891660848,-1.092743159342636,-0.0012159581266744102
WT_14__TO__SCA3_06,True,isi,0.6666666666666666,0.5000919089967649,1.6051814998475697,-1.0831116143275488,-0.14441225383354617
WT_14__TO__SCA3_06,True,isi,0.7,0.5766519394161752,1.5901141943686596,-1.1489386306722758,-0.019281330390185758
WT_14__TO__SCA3_06,True,isi,0.7333333333333333,0.536138276743285,1.7253267503847662,-1.1923375787457593,-0.02275970937096128
WT_14__TO__SCA3_06,True,isi,0.7666666666666666,0.6299476836242491,1.8836607210208198,-1.255620152187473,-0.027243621591095835
WT_14__TO__SCA3_06,True,isi,0.8,0.8443465642966427,2.067911318064236,-1.1946798922662085,-0.028884861501384806
WT_14__TO__SCA3_06,True,isi,0.8333333333333334,0.8297811415183445,2.220076150082622,-1.2901957778919695,-0.10009923067230808
WT_14__TO__SCA3_06,True,isi,0.8666666666666667,0.9550734806255226,2.307150218163343,-1.3583087083404446,-0.01980552306041372
WT_14__TO__SCA3_06,True,isi,0.9,,2.555554310111036,-1.4701537535374734,
WT_14__TO__SCA3_06,True,isi,0.9333333333333332,,2.6763608665423537,-1.5475550011331145,
WT_14__TO__SCA3_06,True,isi,0.9666666666666668,,3.028080618623274,-1.664036919537884,
WT_14__TO__SCA3_06,True,isi,1.0,,2.921348220634972,-2.0014558919756236,
WT_14__TO__SCA3_09,True,active,0.0,,-0.14963957809035883,-2.7507803724236224,
WT_14__TO__SCA3_09,True,active,0.0333333333333333,,-0.04475895245048267,-1.44790978788452,
WT_14__TO__SCA3_09,True,active,0.0666666666666666,,-0.02981636735102406,-1.8350461666190225,
WT_14__TO__SCA3_09,True,active,0.1,,-0.04482949666224145,-1.3097937245475617,
WT_14__TO__SCA3_09,True,active,0.1333333333333333,,-0.41696774166518247,-1.6186254320117417,
WT_14__TO__SCA3_09,True,active,0.1666666666666666,,-0.04448568671510528,-1.3097937245475528,
WT_14__TO__SCA3_09,True,active,0.2,,-0.31900064954133306,-1.099981517418519,
WT_14__TO__SCA3_09,True,active,0.2333333333333333,,-0.15365261043120193,-1.057631922651908,
WT_14__TO__SCA3_09,True,active,0.2666666666666666,,-0.2872239633312465,-0.9647772948861992,
WT_14__TO__SCA3_09,True,active,0.3,,-0.1531955811333019,-0.9647772948861992,
WT_14__TO__SCA3_09,True,active,0.3333333333333333,,-0.2578520141438273,-0.9320474607162645,
WT_14__TO__SCA3_09,True,active,0.3666666666666666,,-0.15881195556697095,-0.9165017207936085,
WT_14__TO__SCA3_09,True,active,0.4,,-0.15507698972724307,-0.9320474607162512,
WT_14__TO__SCA3_09,True,active,0.4333333333333333,,-0.15867021468001005,-1.2314890532772453,
WT_14__TO__SCA3_09,True,active,0.4666666666666667,,-0.3213160388909624,-1.1957479859888789,
WT_14__TO__SCA3_09,True,active,0.5,-1.1949922500864163,-0.36300949504165203,-1.0999815174185104,1.479114197289397e-31
WT_14__TO__SCA3_09,True,active,0.5333333333333333,-1.1616806677573948,-0.15217720430066972,-0.8086116072543694,5.546678239835238e-31
WT_14__TO__SCA3_09,True,active,0.5666666666666667,-0.44219792427385785,-0.15575174497077574,-0.7636649355403922,0.0
WT_14__TO__SCA3_09,True,active,0.6,-0.48219818489580457,-0.15483455267955248,-0.9165017207936059,7.975443448670022e-16
WT_14__TO__SCA3_09,True,active,0.6333333333333333,-1.0491439469683013,-0.1584664991784688,-1.1957479859888813,0.05378649772626043
WT_14__TO__SCA3_09,True,active,0.6666666666666666,-1.7704638273449038,-0.48159479541647676,-0.8086116072543744,3.0660821966706767e-18
WT_14__TO__SCA3_09,True,active,0.7,-0.5691716174498619,-0.04607512312336692,-0.7430151455901202,-0.04248050562320259
WT_14__TO__SCA3_09,True,active,0.7333333333333333,-0.5689322791422623,-0.8566078035975644,-0.8086116072543761,-0.03812050329572446
WT_14__TO__SCA3_09,True,active,0.7666666666666666,-1.1296848718764128,-0.0300342246951213,-0.8591817935790792,4.20500675856891e-18
WT_14__TO__SCA3_09,True,active,0.8,-0.7909087447768082,-0.568469770132866,-0.859181793579076,-0.01430758341227189
WT_14__TO__SCA3_09,True,active,0.8333333333333334,-0.7624405873526874,-0.5682627082774326,-0.8869162785246917,-0.07188734418479378
WT_14__TO__SCA3_09,True,active,0.8666666666666667,-2.5544772110442495,-0.15518642341724953,-1.2694341283546253,-0.1984501290728335
WT_14__TO__SCA3_09,True,active,0.9,,-0.03624990136403828,-0.8591817935790842,
WT_14__TO__SCA3_09,True,active,0.9333333333333332,,-0.03600575333246981,-0.8591817935790792,
WT_14__TO__SCA3_09,True,active,0.9666666666666668,,-0.035819771844351485,-0.8869162785246916,
WT_14__TO__SCA3_09,True,active,1.0,,-0.9082182645524682,-0.9012238619369419,
WT_14__TO__SCA3_09,True,isi,0.0,,-0.21308385995478024,-1.3037974956238474,
WT_14__TO__SCA3_09,True,isi,0.0333333333333333,,-0.22095083935447352,-1.3096077130383394,
WT_14__TO__SCA3_09,True,isi,0.0666666666666666,,-0.20900312174176355,-1.2444171160544792,
WT_14__TO__SCA3_09,True,isi,0.1,,-0.20857008932872795,-1.195899541342395,
WT_14__TO__SCA3_09,True,isi,0.1333333333333333,,-0.17496168772074372,-0.943758255380518,
WT_14__TO__SCA3_09,True,isi,0.1666666666666666,,-0.1998337634753999,-0.9969523339105113,
WT_14__TO__SCA3_09,True,isi,0.2,,-0.16200772232987523,-0.9716461187872906,
WT_14__TO__SCA3_09,True,isi,0.2333333333333333,,-0.1711980201304471,-0.9324696741059733,
WT_14__TO__SCA3_09,True,isi,0.2666666666666666,,-0.16448974015286918,-0.7768259587274117,
WT_14__TO__SCA3_09,True,isi,0.3,,-0.17864765900308627,-0.799800147711087,
WT_14__TO__SCA3_09,True,isi,0.3333333333333333,,-0.1772850829208131,-0.8264102655072527,
WT_14__TO__SCA3_09,True,isi,0.3666666666666666,,-0.1908778583085018,-0.7717742011035921,
WT_14__TO__SCA3_09,True,isi,0.4,,-0.05662462170237134,-0.8296205788903999,
WT_14__TO__SCA3_09,True,isi,0.4333333333333333,,-0.25287405843547334,-0.7526882798619206,
WT_14__TO__SCA3_09,True,isi,0.4666666666666667,,-0.3302651853654265,-0.7693091124999248,
WT_14__TO__SCA3_09,True,isi,0.5,-1.3214113431897059,-0.18193100447610752,-0.730782987393096,-0.041704142189562296
WT_14__TO__SCA3_09,True,isi,0.5333333333333333,-1.2276094907248036,-0.4048249882699343,-0.7113261543140524,0.002557703824562608
WT_14__TO__SCA3_09,True,isi,0.5666666666666667,-0.30023964409247617,-0.33888852721401375,-0.7598091728460373,0.01728531084348551
WT_14__TO__SCA3_09,True,isi,0.6,-1.3857411428511943,-0.7311033151113586,-0.7670506738331756,-0.00390900812963396
WT_14__TO__SCA3_09,True,isi,0.6333333333333333,-0.7574768568773133,0.08009143063517721,-0.9327648472707661,0.0198554768594968
WT_14__TO__SCA3_09,True,isi,0.6666666666666666,-1.4981357860310056,-0.5879679086334706,-1.0404884731890904,-0.01689638659128289
WT_14__TO__SCA3_09,True,isi,0.7,-0.5784210527285524,-0.33175941186137287,-0.7574190531019072,0.002846667526481662
WT_14__TO__SCA3_09,True,isi,0.7333333333333333,-0.6313277903078832,-0.11084144923884724,-0.7288084179168937,-0.0038660542439368194
WT_14__TO__SCA3_09,True,isi,0.7666666666666666,-0.04817146339965073,-0.09616938372286721,-0.7227529810352582,0.0021313226071417737
WT_14__TO__SCA3_09,True,isi,0.8,-0.5928311577139231,-0.11561130735583126,-0.7556315372683128,-0.0011699190921557604
WT_14__TO__SCA3_09,True,isi,0.8333333333333334,-0.6412897127755707,-0.42426198026137785,-0.7485577269340355,-0.015243924199797027
WT_14__TO__SCA3_09,True,isi,0.8666666666666667,-2.374940260728114,-0.47724295098898095,-0.7539111879741469,-0.25157593160813
WT_14__TO__SCA3_09,True,isi,0.9,,-0.30402475204473867,-0.7351749460310393,
WT_14__TO__SCA3_09,True,isi,0.9333333333333332,,-0.1944152944793093,-0.6557566162757451,
WT_14__TO__SCA3_09,True,isi,0.9666666666666668,,-0.224579904481525,-0.7236985732895967,
WT_14__TO__SCA3_09,True,isi,1.0,,-0.21178683190961392,-0.5412208986571366,
WT_15__TO__SCA3_01,False,active,0.0,,2.8674267486035405,-3.7054881723249338,
WT_15__TO__SCA3_01,False,active,0.0333333333333333,,2.6698887558412565,-3.368578864675568,
WT_15__TO__SCA3_01,False,active,0.0666666666666666,,2.485848997375004,-2.951535112600358,
WT_15__TO__SCA3_01,False,active,0.1,,2.4758257327245623,-2.6058518831079005,
WT_15__TO__SCA3_01,False,active,0.1333333333333333,,2.5942493419528665,-2.326484680644063,
WT_15__TO__SCA3_01,False,active,0.1666666666666666,,2.5828011615466764,-2.1743827315059336,
WT_15__TO__SCA3_01,False,active,0.2,,2.621103332011586,-1.9319379848650056,
WT_15__TO__SCA3_01,False,active,0.2333333333333333,,2.517798741540376,-1.8029001107302651,
WT_15__TO__SCA3_01,False,active,0.2666666666666666,,2.5556184181736104,-1.6897930308670832,
WT_15__TO__SCA3_01,False,active,0.3,,2.5951458652739587,-1.5897850591472167,
WT_15__TO__SCA3_01,False,active,0.3333333333333333,,2.6364712127317285,-1.4871178961530216,
WT_15__TO__SCA3_01,False,active,0.3666666666666666,,2.702232025188011,-1.4479097878845257,
WT_15__TO__SCA3_01,False,active,0.4,,2.6117199150628307,-1.3381578886440557,
WT_15__TO__SCA3_01,False,active,0.4333333333333333,,2.6810567106496204,-1.2361075821818013,
WT_15__TO__SCA3_01,False,active,0.4666666666666667,,2.7554513358895054,-1.2193401507979411,
WT_15__TO__SCA3_01,False,active,0.5,1.67102287550786,2.8353998431959817,-1.1667248862337367,-0.002513706358968304
WT_15__TO__SCA3_01,False,active,0.5333333333333333,1.7360837715627424,2.7644526588391143,-1.1301515243246283,-0.0045354563534336645
WT_15__TO__SCA3_01,False,active,0.5666666666666667,1.7833644312468062,2.851877875873843,-1.0713812310786244,-0.005088847540529073
WT_15__TO__SCA3_01,False,active,0.6,1.8284097385624338,2.9365857523500187,-1.0035429979579276,-0.006229974096920277
WT_15__TO__SCA3_01,False,active,0.6333333333333333,1.8836535963977534,2.851916534259587,-1.003542997957919,-0.00862805135425826
WT_15__TO__SCA3_01,False,active,0.6666666666666666,2.1532714960655284,2.9661044004276294,-1.049550515405692,0.035157280641174404
WT_15__TO__SCA3_01,False,active,0.7,2.0277731921978357,3.079187364904751,-1.0999815174185195,0.014424637394728546
WT_15__TO__SCA3_01,False,active,0.7333333333333333,2.323821956242334,3.008350398159372,-1.0999815174185195,0.0027399925574017603
WT_15__TO__SCA3_01,False,active,0.7666666666666666,2.4194320552568636,3.3743803174063083,-0.9820199980593904,-0.006818374055108101
WT_15__TO__SCA3_01,False,active,0.8,2.5205917211904456,3.5284858463304887,-1.018423814383421,-0.008459484801546235
WT_15__TO__SCA3_01,False,active,0.8333333333333334,2.6385879399048098,3.7057006719194123,-1.07839088827021,-0.016436766297830308
WT_15__TO__SCA3_01,False,active,0.8666666666666667,2.7673446315064334,3.585213519424878,-1.145866143105234,-0.012075952118147049
WT_15__TO__SCA3_01,False,active,0.9,,3.974282737803769,-1.2223548338474735,
WT_15__TO__SCA3_01,False,active,0.9333333333333332,,4.588939741453513,-1.3097937245475602,
WT_15__TO__SCA3_01,False,active,0.9666666666666668,,7.279991646616496,-1.5457211091669592,
WT_15__TO__SCA3_01,False,active,1.0,,4.562536172661168,-2.1999630348370207,
WT_15__TO__SCA3_01,False,isi,0.0,,2.4999735329407176,-2.7769662884053687,
WT_15__TO__SCA3_01,False,isi,0.0333333333333333,,2.3596143277289454,-2.63336523704414,
WT_15__TO__SCA3_01,False,isi,0.0666666666666666,,2.3267657318501,-2.2779095684193154,
WT_15__TO__SCA3_01,False,isi,0.1,,2.317003646191388,-2.012398194388326,
WT_15__TO__SCA3_01,False,isi,0.1333333333333333,,2.3029483589103634,-1.8069292549404739,
WT_15__TO__SCA3_01,False,isi,0.1666666666666666,,2.2857186514385943,-1.6430437235059205,
WT_15__TO__SCA3_01,False,isi,0.2,,2.312653213604129,-1.5104229813669152,
WT_15__TO__SCA3_01,False,isi,0.2333333333333333,,2.3196381571401754,-1.4006360566073943,
WT_15__TO__SCA3_01,False,isi,0.2666666666666666,,2.327952490984877,-1.3088617941847742,
WT_15__TO__SCA3_01,False,isi,0.3,,2.340346838128172,-1.2314004068152054,
WT_15__TO__SCA3_01,False,isi,0.3333333333333333,,2.3554651466488083,-1.1657033735471434,
WT_15__TO__SCA3_01,False,isi,0.3666666666666666,,2.372429993982804,-1.0959009107632818,
WT_15__TO__SCA3_01,False,isi,0.4,,2.3940804252882457,-1.0484095537843847,
WT_15__TO__SCA3_01,False,isi,0.4333333333333333,,2.415752366740487,-1.0090223245093022,
WT_15__TO__SCA3_01,False,isi,0.4666666666666667,,2.4400657571049518,-0.974017575573212,
WT_15__TO__SCA3_01,False,isi,0.5,1.6675261611983916,2.467216931669957,-0.9447160233011941,-0.0006499287722178115
WT_15__TO__SCA3_01,False,isi,0.5333333333333333,1.71839887743635,2.4995691394906743,-0.9199948469300148,-0.000550995866119619
WT_15__TO__SCA3_01,False,isi,0.5666666666666667,1.772351984095457,2.5345344068253683,-0.8972717290198289,-0.00040643429860742764
WT_15__TO__SCA3_01,False,isi,0.6,1.8200289648862575,2.5614275583838504,-0.8698745590662648,-0.002155845684865376
WT_15__TO__SCA3_01,False,isi,0.6333333333333333,1.8657932820756886,2.597318526690731,-0.8461625127905724,-0.0015144961307207438
WT_15__TO__SCA3_01,False,isi,0.6666666666666666,1.9296677665653876,2.667264498822125,-0.825651337274916,-0.002665711270730675
WT_15__TO__SCA3_01,False,isi,0.7,1.984734563260431,2.735649140823935,-0.8087628300827989,-0.004325792541297613
WT_15__TO__SCA3_01,False,isi,0.7333333333333333,2.043371744016089,2.8035450091657492,-0.7957610799831568,-0.0036483639149582636
WT_15__TO__SCA3_01,False,isi,0.7666666666666666,2.1105898119017317,2.868164533680553,-0.7870109612950851,-0.004818027748581422
WT_15__TO__SCA3_01,False,isi,0.8,2.1794354490073324,2.940051705011852,-0.7829320640656109,-0.008400018176883406
WT_15__TO__SCA3_01,False,isi,0.8333333333333334,2.2669587927695694,3.03879613955374,-0.808881718622835,-0.011760312841184728
WT_15__TO__SCA3_01,False,isi,0.8666666666666667,2.36904621921858,3.1658723500414565,-0.8703076431237435,-0.014588118489915147
WT_15__TO__SCA3_01,False,isi,0.9,,3.355811684578055,-0.9806759579985405,
WT_15__TO__SCA3_01,False,isi,0.9333333333333332,,3.691799027929267,-1.1606858456896783,
WT_15__TO__SCA3_01,False,isi,0.9666666666666668,,3.9689621212507626,-1.4065697650263096,
WT_15__TO__SCA3_01,False,isi,1.0,,3.810859092404869,-1.8136408504964234,
WT_15__TO__SCA3_02,False,active,0.0,,1.7600291713776128,-3.456754662504423,
WT_15__TO__SCA3_02,False,active,0.0333333333333333,,1.7736501396531874,-3.3976941989267693,
WT_15__TO__SCA3_02,False,active,0.0666666666666666,,1.8273153193662577,-3.190901974806511,
WT_15__TO__SCA3_02,False,active,0.1,,1.8397500472119774,-2.820814680188452,
WT_15__TO__SCA3_02,False,active,0.1333333333333333,,1.9453559983224495,-2.584295121627066,
WT_15__TO__SCA3_02,False,active,0.1666666666666666,,1.8238375153474267,-2.3519933798549304,
WT_15__TO__SCA3_02,False,active,0.2,,1.8429230970463446,-2.0968147026536377,
WT_15__TO__SCA3_02,False,active,0.2333333333333333,,1.9026392119466344,-1.9206690767910428,
WT_15__TO__SCA3_02,False,active,0.2666666666666666,,1.8134521293187382,-1.8148218323931846,
WT_15__TO__SCA3_02,False,active,0.3,,1.9116025546685387,-1.7283773312522108,
WT_15__TO__SCA3_02,False,active,0.3333333333333333,,1.860154652526217,-1.5882232525582571,
WT_15__TO__SCA3_02,False,active,0.3666666666666666,,2.0072608303472923,-1.506003751104799,
WT_15__TO__SCA3_02,False,active,0.4,,1.9287935473615532,-1.4293137919250236,
WT_15__TO__SCA3_02,False,active,0.4333333333333333,,2.00035592174286,-1.384110005038237,
WT_15__TO__SCA3_02,False,active,0.4666666666666667,,2.1432022939985447,-1.3464402984167618,
WT_15__TO__SCA3_02,False,active,0.5,0.4856035165008818,1.7036482134207072,-1.248113981953349,0.0008259169807496315
WT_15__TO__SCA3_02,False,active,0.5333333333333333,0.4994337434589609,1.7527227319424015,-1.213618519633066,-0.004270460599008485
WT_15__TO__SCA3_02,False,active,0.5666666666666667,0.7035933107644596,1.792296732571834,-1.1505498039056252,-0.004837580865001745
WT_15__TO__SCA3_02,False,active,0.6,0.6006383013294039,1.6072466573939714,-1.0604658732421621,0.005485700437416696
WT_15__TO__SCA3_02,False,active,0.6333333333333333,0.7352106039222994,1.8124336512905537,-1.051748131605309,-0.002900631597166467
WT_15__TO__SCA3_02,False,active,0.6666666666666666,0.7527375109063893,1.656852984423941,-0.9216544891738752,-0.002616621464170132
WT_15__TO__SCA3_02,False,active,0.7,0.7633544938745824,1.7481988363669347,-0.9141367462871085,-0.003115031618414143
WT_15__TO__SCA3_02,False,active,0.7333333333333333,0.7723012787095243,1.8245978756341654,-0.8248760665170131,-0.0049251950192288315
WT_15__TO__SCA3_02,False,active,0.7666666666666666,0.8204016249219083,1.6988711538127155,-0.7266555783881786,-0.0021722568864662706
WT_15__TO__SCA3_02,False,active,0.8,0.8257649182586089,1.6710924460465084,-0.7332340531013751,0.014120701158292448
WT_15__TO__SCA3_02,False,active,0.8333333333333334,0.8644202341641261,1.6913032891129618,-0.4865467209818408,-0.0006026210405841723
WT_15__TO__SCA3_02,False,active,0.8666666666666667,1.135836868139532,1.8566478471806276,-0.555382062487669,-0.00045405285915828264
WT_15__TO__SCA3_02,False,active,0.9,,1.5631963649113465,-0.46804212367320447,
WT_15__TO__SCA3_02,False,active,0.9333333333333332,,1.432227434664068,-0.4434581392623417,
WT_15__TO__SCA3_02,False,active,0.9666666666666668,,1.4283290014877088,-0.3983592724788183,
WT_15__TO__SCA3_02,False,active,1.0,,1.3733964716112836,-0.5667183303658292,
WT_15__TO__SCA3_02,False,isi,0.0,,1.571889957366129,-2.6616149858539746,
WT_15__TO__SCA3_02,False,isi,0.0333333333333333,,1.5952721325739099,-2.6690742884030345,
WT_15__TO__SCA3_02,False,isi,0.0666666666666666,,1.6202568517209361,-2.4775692473714708,
WT_15__TO__SCA3_02,False,isi,0.1,,1.5752075575505535,-2.1969099618439745,
WT_15__TO__SCA3_02,False,isi,0.1333333333333333,,1.6447358199625877,-1.980255802098623,
WT_15__TO__SCA3_02,False,isi,0.1666666666666666,,1.609263701666208,-1.8046533714442654,
WT_15__TO__SCA3_02,False,isi,0.2,,1.5827104771978895,-1.6464409502428266,
WT_15__TO__SCA3_02,False,isi,0.2333333333333333,,1.5733060013564604,-1.5086649725037287,
WT_15__TO__SCA3_02,False,isi,0.2666666666666666,,1.6033676895959434,-1.3791523120414864,
WT_15__TO__SCA3_02,False,isi,0.3,,1.5893256833643739,-1.2865881516457294,
WT_15__TO__SCA3_02,False,isi,0.3333333333333333,,1.5030660578048711,-1.2087436998030894,
WT_15__TO__SCA3_02,False,isi,0.3666666666666666,,1.615993319848196,-1.131084763060936,
WT_15__TO__SCA3_02,False,isi,0.4,,1.5714747134447762,-1.0718251781697639,
WT_15__TO__SCA3_02,False,isi,0.4333333333333333,,1.5191473269341376,-1.0188478504521383,
WT_15__TO__SCA3_02,False,isi,0.4666666666666667,,1.5960186899212152,-0.9887738799109113,
WT_15__TO__SCA3_02,False,isi,0.5,0.5858595157564279,1.5312497682134563,-0.9862735018827993,-0.002464920647893331
WT_15__TO__SCA3_02,False,isi,0.5333333333333333,0.617477089231147,1.5323594625955588,-0.9377731788035439,-0.0025608055849229427
WT_15__TO__SCA3_02,False,isi,0.5666666666666667,0.6561511474851326,1.5352072524021791,-0.8911281861184943,-0.0014506524542700619
WT_15__TO__SCA3_02,False,isi,0.6,0.7208126302507291,1.5642471867317032,-0.8576435006306957,-0.0031923490220131514
WT_15__TO__SCA3_02,False,isi,0.6333333333333333,0.7331082967461533,1.5392730271643202,-0.7809215624359177,-0.000247868317791222
WT_15__TO__SCA3_02,False,isi,0.6666666666666666,0.7698964003196612,1.5557154484726985,-0.7365260541135851,-0.002377972777338588
WT_15__TO__SCA3_02,False,isi,0.7,0.8002752002399096,1.5475306525634571,-0.7116561283293021,-9.157006472926273e-05
WT_15__TO__SCA3_02,False,isi,0.7333333333333333,0.8146131384727786,1.5784523123436611,-0.646996107615364,-0.0022876055442562185
WT_15__TO__SCA3_02,False,isi,0.7666666666666666,0.8405426191859228,1.5651584211393343,-0.5743830123971042,-0.003974208122742294
WT_15__TO__SCA3_02,False,isi,0.8,0.847921411271305,1.4329831103084367,-0.5384587537962437,-0.0006843691976642913
WT_15__TO__SCA3_02,False,isi,0.8333333333333334,0.8656198094706489,1.3881825137833348,-0.4971921985512759,-0.002076887049572484
WT_15__TO__SCA3_02,False,isi,0.8666666666666667,0.9868760098890517,1.6861784563863784,-0.45336077752355647,-0.0008511132305480116
WT_15__TO__SCA3_02,False,isi,0.9,,1.4725179192928524,-0.4107131584305472,
WT_15__TO__SCA3_02,False,isi,0.9333333333333332,,1.2402079142020148,-0.38579943007403855,
WT_15__TO__SCA3_02,False,isi,0.9666666666666668,,1.2077309695520746,-0.33243598826356446,
WT_15__TO__SCA3_02,False,isi,1.0,,1.1588101480603865,-0.3541674617316027,
WT_15__TO__SCA3_04,False,active,0.0,,1.8122622924342577,-2.4386803015958862,
WT_15__TO__SCA3_04,False,active,0.0333333333333333,,1.8995326182968266,-2.5890825916724074,
WT_15__TO__SCA3_04,False,active,0.0666666666666666,,1.9837149860525434,-2.427237039266126,
WT_15__TO__SCA3_04,False,active,0.1,,1.9580869411593846,-2.2719536624834378,
WT_15__TO__SCA3_04,False,active,0.1333333333333333,,1.9940794761714726,-2.143877874083203,
WT_15__TO__SCA3_04,False,active,0.1666666666666666,,2.230672818380213,-2.091485768588476,
WT_15__TO__SCA3_04,False,active,0.2,,2.35802692489377,-1.8912525133800668,
WT_15__TO__SCA3_04,False,active,0.2333333333333333,,2.36059035281042,-1.9665537024777486,
WT_15__TO__SCA3_04,False,active,0.2666666666666666,,2.2160719306201075,-1.6753657735340879,
WT_15__TO__SCA3_04,False,active,0.3,,2.555212980808345,-1.705178413930391,
WT_15__TO__SCA3_04,False,active,0.3333333333333333,,2.2330789481334143,-1.6830234320922701,
WT_15__TO__SCA3_04,False,active,0.3666666666666666,,2.243293173414001,-1.5790199041284416,
WT_15__TO__SCA3_04,False,active,0.4,,2.2980258004989267,-1.5788411140313652,
WT_15__TO__SCA3_04,False,active,0.4333333333333333,,2.427501130336186,-1.4608621316124892,
WT_15__TO__SCA3_04,False,active,0.4666666666666667,,2.0901400926568527,-1.4696142963844874,
WT_15__TO__SCA3_04,False,active,0.5,1.1523875163065633,2.60765037672695,-1.473256605673634,0.03524860910810024
WT_15__TO__SCA3_04,False,active,0.5333333333333333,1.2201059004355488,2.6924948292082913,-1.5287005002332448,0.004326690095163732
WT_15__TO__SCA3_04,False,active,0.5666666666666667,1.2253481189966382,3.0260868502099747,-1.5954509874032559,0.0
WT_15__TO__SCA3_04,False,active,0.6,1.3851718632243581,2.8560543470496853,-1.4293137919250276,-0.0042297424007773365
WT_15__TO__SCA3_04,False,active,0.6333333333333333,1.4391137270202496,2.8123177793429646,-1.620034971814109,-0.005190366230922727
WT_15__TO__SCA3_04,False,active,0.6666666666666666,1.5486345710433729,2.9160350915394595,-1.4233258034736678,0.0
WT_15__TO__SCA3_04,False,active,0.7,1.6790954763894528,2.8090832620759203,-1.5290378675473661,-0.07226971112123637
WT_15__TO__SCA3_04,False,active,0.7333333333333333,1.9483129036822735,3.101756183286854,-1.618625432011746,-0.01413841711286723
WT_15__TO__SCA3_04,False,active,0.7666666666666666,1.7633229331776912,2.9003057236819068,-1.759950158891463,-0.0033382587091179694
WT_15__TO__SCA3_04,False,active,0.8,1.6193682035264296,3.307758519096014,-1.4479097878845189,-0.005194644789176641
WT_15__TO__SCA3_04,False,active,0.8333333333333334,2.0056549267398465,3.266707583457182,-1.6186254320117408,-0.008081407246214112
WT_15__TO__SCA3_04,False,active,0.8666666666666667,1.9928797715763138,3.7651871996067774,-1.7200460593231073,-0.013579479984554364
WT_15__TO__SCA3_04,False,active,0.9,,3.2395688638784383,-1.6186254320117492,
WT_15__TO__SCA3_04,False,active,0.9333333333333332,,3.396810338841489,-1.3097937245475635,
WT_15__TO__SCA3_04,False,active,0.9666666666666668,,2.2945418344004964,-1.4479097878845262,
WT_15__TO__SCA3_04,False,active,1.0,,3.5830505087650364,0.0,
WT_15__TO__SCA3_04,False,isi,0.0,,1.689658062873231,-1.9095791104581392,
WT_15__TO__SCA3_04,False,isi,0.0333333333333333,,1.688843879762055,-1.9826420604134511,
WT_15__TO__SCA3_04,False,isi,0.0666666666666666,,1.7552742027367845,-1.8915010404728465,
WT_15__TO__SCA3_04,False,isi,0.1,,1.7748969917987927,-1.7448161499573125,
WT_15__TO__SCA3_04,False,isi,0.1333333333333333,,1.771954214487879,-1.6752789625374453,
WT_15__TO__SCA3_04,False,isi,0.1666666666666666,,1.9323684618699946,-1.5045205240791018,
WT_15__TO__SCA3_04,False,isi,0.2,,1.755833461758089,-1.362476647194209,
WT_15__TO__SCA3_04,False,isi,0.2333333333333333,,1.5769530167139596,-1.2583720379349264,
WT_15__TO__SCA3_04,False,isi,0.2666666666666666,,1.5438089307112628,-1.1807589637271192,
WT_15__TO__SCA3_04,False,isi,0.3,,1.5406898026052942,-1.1376978189063451,
WT_15__TO__SCA3_04,False,isi,0.3333333333333333,,1.7917905360686406,-1.096916985761337,
WT_15__TO__SCA3_04,False,isi,0.3666666666666666,,1.5744021110655768,-1.08369183957306,
WT_15__TO__SCA3_04,False,isi,0.4,,1.7907000316686155,-1.1331648696646943,
WT_15__TO__SCA3_04,False,isi,0.4333333333333333,,1.9160435521093968,-1.1147082875765015,
WT_15__TO__SCA3_04,False,isi,0.4666666666666667,,1.9668204994140768,-1.0945883152424911,
WT_15__TO__SCA3_04,False,isi,0.5,0.8955116706243886,1.9750828645593632,-1.014287215945602,-0.02309354971969335
WT_15__TO__SCA3_04,False,isi,0.5333333333333333,0.872326855392331,1.8948948636512202,-0.9285686597784858,-0.03069720702344053
WT_15__TO__SCA3_04,False,isi,0.5666666666666667,0.9143251496642176,1.9570049157544898,-0.8802195760965246,-0.03214299726199099
WT_15__TO__SCA3_04,False,isi,0.6,0.7611481425903829,1.8354273864586845,-0.9562188399637352,-0.004867638986148171
WT_15__TO__SCA3_04,False,isi,0.6333333333333333,1.2140249359736175,2.0483929104721983,-1.0159883012934414,-0.0008307471917505804
WT_15__TO__SCA3_04,False,isi,0.6666666666666666,1.1802885954933133,1.8512715917492253,-0.9578835192099197,-0.003429065728827116
WT_15__TO__SCA3_04,False,isi,0.7,1.1351978672167415,1.4382980325387678,-1.0474797466218868,-0.01087656341237997
WT_15__TO__SCA3_04,False,isi,0.7333333333333333,1.2181162583300422,1.9603940227106613,-0.9576297583663169,0.005942795286603245
WT_15__TO__SCA3_04,False,isi,0.7666666666666666,1.201362655347655,1.6697838778062282,-0.9219500840100888,0.0012933520315435167
WT_15__TO__SCA3_04,False,isi,0.8,1.2577186319568312,1.9484331200517295,-0.7101512783988646,-1.0678914930117855e-07
WT_15__TO__SCA3_04,False,isi,0.8333333333333334,1.219755153245029,1.9362697756059657,-0.8035036368316413,-0.0016861715166751612
WT_15__TO__SCA3_04,False,isi,0.8666666666666667,1.4408462804735471,2.182251395491118,-0.8103192863299277,-0.00019572883295787546
WT_15__TO__SCA3_04,False,isi,0.9,,2.2573039702804163,-0.8327970765272051,
WT_15__TO__SCA3_04,False,isi,0.9333333333333332,,2.1170857249107518,-0.9227771086218626,
WT_15__TO__SCA3_04,False,isi,0.9666666666666668,,2.153428742651856,-0.8911209431031094,
WT_15__TO__SCA3_04,False,isi,1.0,,2.0104587893605648,-1.4638419687356843,
WT_15__TO__SCA3_05,False,active,0.0,,1.7191196660266292,-1.6495869100377691,
WT_15__TO__SCA3_05,False,active,0.0333333333333333,,1.7375623175019288,-1.6361652335327341,
WT_15__TO__SCA3_05,False,active,0.0666666666666666,,1.72801205764451,-1.6540897939547237,
WT_15__TO__SCA3_05,False,active,0.1,,1.742005402315013,-1.563323817640253,
WT_15__TO__SCA3_05,False,active,0.1333333333333333,,1.6285848861568022,-1.5772947764186014,
WT_15__TO__SCA3_05,False,active,0.1666666666666666,,1.7971769281998646,-1.507529979558458,
WT_15__TO__SCA3_05,False,active,0.2,,1.6701575004337832,-1.4107177959655337,
WT_15__TO__SCA3_05,False,active,0.2333333333333333,,1.72555373413205,-1.5888736960325733,
WT_15__TO__SCA3_05,False,active,0.2666666666666666,,1.9339085078978953,-1.595113993212385,
WT_15__TO__SCA3_05,False,active,0.3,,2.0060837150032866,-1.5657682351770144,
WT_15__TO__SCA3_05,False,active,0.3333333333333333,,2.0995551468915323,-1.6873372107479467,
WT_15__TO__SCA3_05,False,active,0.3666666666666666,,2.2909490402143327,-1.755519837186883,
WT_15__TO__SCA3_05,False,active,0.4,,2.457741854443085,-2.1184053318019287,
WT_15__TO__SCA3_05,False,active,0.4333333333333333,,2.345255328039515,-1.9962740307113855,
WT_15__TO__SCA3_05,False,active,0.4666666666666667,,2.423698644511203,-2.0103258959346295,
WT_15__TO__SCA3_05,False,active,0.5,1.1024336101389087,3.048994503331118,-2.559672045016973,-0.0016849491216217594
WT_15__TO__SCA3_05,False,active,0.5333333333333333,1.0230323627591797,2.784616921106677,-3.3839124582107902,2.5535129566378616e-15
WT_15__TO__SCA3_05,False,active,0.5666666666666667,1.1585949405187743,2.618006327933888,-2.9600026004493554,-0.0010414991828949218
WT_15__TO__SCA3_05,False,active,0.6,1.2130988475022277,2.8988440554767796,-3.0665352198962657,-1.2434497875801753e-14
WT_15__TO__SCA3_05,False,active,0.6333333333333333,1.232282765113751,2.852644900490101,-1.9767257492104742,-0.0004967443568500707
WT_15__TO__SCA3_05,False,active,0.6666666666666666,1.286111733465673,2.5860111461997852,-1.976725749210471,-0.036080104971493276
WT_15__TO__SCA3_05,False,active,0.7,1.3135226649333558,2.3808071890748654,-2.0424795171398404,1.5543122344752194e-15
WT_15__TO__SCA3_05,False,active,0.7333333333333333,1.44400987721025,2.243785074877824,-2.1184053318019314,-0.0007478467914487918
WT_15__TO__SCA3_05,False,active,0.7666666666666666,1.4997355076063428,2.2373248428500614,-1.7831575598432265,0.0
WT_15__TO__SCA3_05,False,active,0.8,1.5495371768691997,2.3791940725309155,-1.9665537024777466,-2.220446049250313e-16
WT_15__TO__SCA3_05,False,active,0.8333333333333334,1.6039442369911143,2.7280557837049337,-1.9248672667304891,-0.0019672865005750384
WT_15__TO__SCA3_05,False,active,0.8666666666666667,1.4834390927698473,2.3991197017165717,-0.6960797388236545,0.0
WT_15__TO__SCA3_05,False,active,0.9,,2.5497203462486193,-2.33482606640921,
WT_15__TO__SCA3_05,False,active,0.9333333333333332,,2.29682486691696,-1.96655370247775,
WT_15__TO__SCA3_05,False,active,0.9666666666666668,,2.3673885268920953,-0.8086116072543827,
WT_15__TO__SCA3_05,False,active,1.0,,2.240269170700526,-0.8457548920457372,
WT_15__TO__SCA3_05,False,isi,0.0,,1.4498202235307944,-1.2830332025300792,
WT_15__TO__SCA3_05,False,isi,0.0333333333333333,,1.4844694327498174,-1.3020411755281938,
WT_15__TO__SCA3_05,False,isi,0.0666666666666666,,1.5587170619234447,-1.2742883096104667,
WT_15__TO__SCA3_05,False,isi,0.1,,1.5597196496214754,-1.2531106751797396,
WT_15__TO__SCA3_05,False,isi,0.1333333333333333,,1.5695708642958572,-1.2345556943188878,
WT_15__TO__SCA3_05,False,isi,0.1666666666666666,,1.5657479205509495,-1.1907913498756022,
WT_15__TO__SCA3_05,False,isi,0.2,,1.5653764467954006,-1.1760085352583167,
WT_15__TO__SCA3_05,False,isi,0.2333333333333333,,1.6140087045353728,-1.2688099626933624,
WT_15__TO__SCA3_05,False,isi,0.2666666666666666,,1.6244136264940323,-1.3055025573201353,
WT_15__TO__SCA3_05,False,isi,0.3,,1.6606764749982454,-1.2891497698835848,
WT_15__TO__SCA3_05,False,isi,0.3333333333333333,,1.867833918737149,-1.2237367797196523,
WT_15__TO__SCA3_05,False,isi,0.3666666666666666,,1.752499916983808,-1.121141647712516,
WT_15__TO__SCA3_05,False,isi,0.4,,1.6410398660269316,-0.944592310376065,
WT_15__TO__SCA3_05,False,isi,0.4333333333333333,,1.3344278595456902,-0.7687151913618961,
WT_15__TO__SCA3_05,False,isi,0.4666666666666667,,1.2401083933251975,-0.6870095093188531,
WT_15__TO__SCA3_05,False,isi,0.5,0.5066018597977429,0.9317811211382674,-0.6685323810089535,-0.0011893647734204094
WT_15__TO__SCA3_05,False,isi,0.5333333333333333,0.6446512510010687,0.9726570268253568,-0.620850744396106,-0.0009674995520984053
WT_15__TO__SCA3_05,False,isi,0.5666666666666667,0.6268909216375769,0.9771357602031933,-0.6061063040070964,-0.0014947125631620262
WT_15__TO__SCA3_05,False,isi,0.6,0.6530040453485493,0.8823715628372627,-0.5645435055291526,-0.022122634885421988
WT_15__TO__SCA3_05,False,isi,0.6333333333333333,0.855536000720946,1.2856193935896814,-0.6242495759499674,-0.0003969455726141602
WT_15__TO__SCA3_05,False,isi,0.6666666666666666,0.9064895738758563,1.215578354698473,-0.6326805253534005,4.2414466434825826e-05
WT_15__TO__SCA3_05,False,isi,0.7,0.5309946662435767,1.4658641461153643,-0.6166844648522253,-0.0022120908472198497
WT_15__TO__SCA3_05,False,isi,0.7333333333333333,0.9553693067668775,1.478353580103762,-0.5810704309995282,-0.0008425974151938798
WT_15__TO__SCA3_05,False,isi,0.7666666666666666,0.7165480309794066,1.4427777178955776,-0.5438930543943872,-0.0024374690790476827
WT_15__TO__SCA3_05,False,isi,0.8,0.5706575533593229,1.3576017630190405,-0.5337745838566991,-0.00328578325524842
WT_15__TO__SCA3_05,False,isi,0.8333333333333334,0.6765182513955371,1.3737064355394666,-0.4952554008545258,-0.0025244986093249655
WT_15__TO__SCA3_05,False,isi,0.8666666666666667,0.6343056301868623,1.1216597818629856,-0.5252798465080118,-0.0014511455346490898
WT_15__TO__SCA3_05,False,isi,0.9,,1.048498344753298,-0.27346845214400733,
WT_15__TO__SCA3_05,False,isi,0.9333333333333332,,1.2327523304245378,-0.43210851685613094,
WT_15__TO__SCA3_05,False,isi,0.9666666666666668,,1.4316690252766175,-0.317958658237017,
WT_15__TO__SCA3_05,False,isi,1.0,,1.1198315239951397,-0.4433612912052177,
WT_15__TO__SCA3_06,False,active,0.0,,2.1886943246659056,-2.952431058713115,
WT_15__TO__SCA3_06,False,active,0.0333333333333333,,2.232796407588029,-2.8435939959376864,
WT_15__TO__SCA3_06,False,active,0.0666666666666666,,2.1769140642866227,-2.5842951216270724,
WT_15__TO__SCA3_06,False,active,0.1,,2.1797353070093965,-2.4527875857683243,
WT_15__TO__SCA3_06,False,active,0.1333333333333333,,2.1787059191844227,-2.209415152016971,
WT_15__TO__SCA3_06,False,active,0.1666666666666666,,2.1677547949810383,-2.2486663319778137,
WT_15__TO__SCA3_06,False,active,0.2,,2.318263483268155,-2.140446126624701,
WT_15__TO__SCA3_06,False,active,0.2333333333333333,,2.193337931647334,-1.893483246706319,
WT_15__TO__SCA3_06,False,active,0.2666666666666666,,2.27008609536836,-1.7950390564824452,
WT_15__TO__SCA3_06,False,active,0.3,,2.364207607991614,-1.6911450336844625,
WT_15__TO__SCA3_06,False,active,0.3333333333333333,,2.2416642008572847,-1.7499534326638084,
WT_15__TO__SCA3_06,False,active,0.3666666666666666,,2.477619944899979,-1.637940168327083,
WT_15__TO__SCA3_06,False,active,0.4,,2.3844278620649604,-1.5191142613083557,
WT_15__TO__SCA3_06,False,active,0.4333333333333333,,2.441677053099377,-1.5574118224421014,
WT_15__TO__SCA3_06,False,active,0.4666666666666667,,2.4497350702903953,-1.4290716319172807,
WT_15__TO__SCA3_06,False,active,0.5,1.529839530388652,2.499855754216602,-1.2750467208876797,-0.18147090832918789
WT_15__TO__SCA3_06,False,active,0.5333333333333333,1.3925273911728753,2.529412683549592,-1.292186505449463,-0.0022619426643345486
WT_15__TO__SCA3_06,False,active,0.5666666666666667,1.5937096247868183,2.5496006933113264,-1.309793724547556,0.0024643472900522934
WT_15__TO__SCA3_06,False,active,0.6,1.610645234958326,2.591471468667846,-1.1458661431052268,-0.008920761511673758
WT_15__TO__SCA3_06,False,active,0.6333333333333333,1.6638678533110398,2.518302715992191,-1.162024208019216,0.010154144277214283
WT_15__TO__SCA3_06,False,active,0.6666666666666666,1.719856736541878,2.696244380278958,-1.1786447695607718,-0.006498262584892611
WT_15__TO__SCA3_06,False,active,0.7,1.7689635623452442,2.778099396522369,-1.195747985988873,-0.18059656896016973
WT_15__TO__SCA3_06,False,active,0.7333333333333333,1.8219623157161629,2.9043118795657,-1.0184238143834192,-0.017676919388815326
WT_15__TO__SCA3_06,False,active,0.7666666666666666,1.8798245160461031,3.0421335608233915,-1.269434128354632,-0.019984676999824202
WT_15__TO__SCA3_06,False,active,0.8,2.1755466132865595,3.2014248710551274,-1.0999815174185128,-0.2061991719879973
WT_15__TO__SCA3_06,False,active,0.8333333333333334,2.2929141495359135,3.2155714953489722,-1.175282706516202,-0.0061556250194518825
WT_15__TO__SCA3_06,False,active,0.8666666666666667,2.4271080519857495,3.651790608263187,-1.2616590601833557,-0.007579940967768373
WT_15__TO__SCA3_06,False,active,0.9,,3.976887834391,-1.0999815174185121,
WT_15__TO__SCA3_06,False,active,0.9333333333333332,,4.4132370068087985,-1.5457211091669574,
WT_15__TO__SCA3_06,False,active,0.9666666666666668,,5.44588045512341,-1.7872463527714193,
WT_15__TO__SCA3_06,False,active,1.0,,6.957508447133257,-1.896259776188645,
WT_15__TO__SCA3_06,False,isi,0.0,,2.1310941642315693,-2.1744749945994366,
WT_15__TO__SCA3_06,False,isi,0.0333333333333333,,2.0564080376169227,-2.1884921914881694,
WT_15__TO__SCA3_06,False,isi,0.0666666666666666,,2.0106431839237606,-2.036640256380096,
WT_15__TO__SCA3_06,False,isi,0.1,,2.0272507080164166,-1.9141288421002236,
WT_15__TO__SCA3_06,False,isi,0.1333333333333333,,2.0217984883338542,-1.815865313116649,
WT_15__TO__SCA3_06,False,isi,0.1666666666666666,,2.0073955499194653,-1.7176877369640935,
WT_15__TO__SCA3_06,False,isi,0.2,,2.016766482342887,-1.6193406537855033,
WT_15__TO__SCA3_06,False,isi,0.2333333333333333,,2.028493702996889,-1.5401436840834752,
WT_15__TO__SCA3_06,False,isi,0.2666666666666666,,2.0218558645200817,-1.4700726978439322,
WT_15__TO__SCA3_06,False,isi,0.3,,2.0152647792650873,-1.4102629508904663,
WT_15__TO__SCA3_06,False,isi,0.3333333333333333,,2.0266701870451116,-1.3489933242553607,
WT_15__TO__SCA3_06,False,isi,0.3666666666666666,,2.0373137933392997,-1.3018980302006793,
WT_15__TO__SCA3_06,False,isi,0.4,,2.1053767461445836,-1.2604730639449804,
WT_15__TO__SCA3_06,False,isi,0.4333333333333333,,2.129403755188546,-1.2054596812979719,
WT_15__TO__SCA3_06,False,isi,0.4666666666666667,,2.1258088927809737,-1.1680301018903612,
WT_15__TO__SCA3_06,False,isi,0.5,1.3688391086852059,2.1692537924078525,-1.1411705973654274,-0.0007349008696737602
WT_15__TO__SCA3_06,False,isi,0.5333333333333333,1.409199113259557,2.1746762106919157,-1.08310355646765,-0.003132102911862056
WT_15__TO__SCA3_06,False,isi,0.5666666666666667,1.453583738076836,2.16225744915092,-1.0185873229193765,-0.002893247773669172
WT_15__TO__SCA3_06,False,isi,0.6,1.4831990020657666,2.1763828014666653,-0.9984437136522539,0.0010360997260944194
WT_15__TO__SCA3_06,False,isi,0.6333333333333333,1.5397749038600912,2.278490343416948,-0.936020548395831,-0.0060590698128074605
WT_15__TO__SCA3_06,False,isi,0.6666666666666666,1.598881438521095,2.2639044973838165,-0.8807195326476109,-0.001989038429275336
WT_15__TO__SCA3_06,False,isi,0.7,1.649139529100024,2.3072205696292367,-0.8377750141165738,-0.0034572493225264456
WT_15__TO__SCA3_06,False,isi,0.7333333333333333,1.7073541922780084,2.3640178924723654,-0.860855285768105,-0.0058237753696782635
WT_15__TO__SCA3_06,False,isi,0.7666666666666666,1.778298341754941,2.455410880905725,-0.7826351384374518,-0.01739085495223347
WT_15__TO__SCA3_06,False,isi,0.8,1.8537863424237515,2.5630413106709473,-0.8310379600024258,0.00035036618322170643
WT_15__TO__SCA3_06,False,isi,0.8333333333333334,1.9727275737615533,2.843162122550067,-0.836418788322416,-0.055467528688378454
WT_15__TO__SCA3_06,False,isi,0.8666666666666667,2.136277229214707,2.9828974682401412,-0.8698535917820951,-0.01727496688400809
WT_15__TO__SCA3_06,False,isi,0.9,,3.254942598257206,-0.9893192960272575,
WT_15__TO__SCA3_06,False,isi,0.9333333333333332,,3.67046507864277,-1.0575465301007045,
WT_15__TO__SCA3_06,False,isi,0.9666666666666668,,4.589408565751441,-1.357998199272097,
WT_15__TO__SCA3_06,False,isi,1.0,,5.876303002156159,-2.093863389582045,
WT_15__TO__SCA3_09,False,active,0.0,,0.676082831126055,-1.6332447044712066,
WT_15__TO__SCA3_09,False,active,0.0333333333333333,,0.7062433573986482,-1.6540897939547163,
WT_15__TO__SCA3_09,False,active,0.0666666666666666,,0.747342090448575,-1.6186254320117421,
WT_15__TO__SCA3_09,False,active,0.1,,0.8571734263518782,-1.6014581185660237,
WT_15__TO__SCA3_09,False,active,0.1333333333333333,,0.872524932548367,-1.636165233532735,
WT_15__TO__SCA3_09,False,active,0.1666666666666666,,1.035573386131602,-1.6724119297380142,
WT_15__TO__SCA3_09,False,active,0.2,,1.4700923978618126,-1.7103031077444002,
WT_15__TO__SCA3_09,False,active,0.2333333333333333,,1.6601749102991286,-1.5997614172087071,
WT_15__TO__SCA3_09,False,active,0.2666666666666666,,1.5263206083102403,-1.6577219950135622,
WT_15__TO__SCA3_09,False,active,0.3,,1.5402332443350344,-1.6987564615312918,
WT_15__TO__SCA3_09,False,active,0.3333333333333333,,1.1747736570607925,-1.5772947764186012,
WT_15__TO__SCA3_09,False,active,0.3666666666666666,,1.2130566690558044,-1.6401147759154726,
WT_15__TO__SCA3_09,False,active,0.4,,1.2575356325890996,-1.3987418190628087,
WT_15__TO__SCA3_09,False,active,0.4333333333333333,,1.5124969596136875,-1.5951139932123857,
WT_15__TO__SCA3_09,False,active,0.4666666666666667,,1.1513778301282187,-1.4479097878845197,
WT_15__TO__SCA3_09,False,active,0.5,-0.05726404027624399,1.2163535679056168,-1.06583881010165,0.0
WT_15__TO__SCA3_09,False,active,0.5333333333333333,-0.06083245404682199,1.281073744237997,-0.872828698996648,0.0
WT_15__TO__SCA3_09,False,active,0.5666666666666667,0.0900205957976306,1.1036426829899573,-0.8591817935790751,0.0
WT_15__TO__SCA3_09,False,active,0.6,0.08470309077763565,1.4468659469851954,-0.8728286989966486,-5.9164567891575885e-31
WT_15__TO__SCA3_09,False,active,0.6333333333333333,0.08988370024425078,1.2552921247189635,-0.7048946422943941,0.0
WT_15__TO__SCA3_09,False,active,0.6666666666666666,0.08981563529017764,1.7208955416905654,-0.9481298880943325,-3.3319701164824522e-15
WT_15__TO__SCA3_09,False,active,0.7,0.08974484888385392,1.8139143737855312,-0.9481298880943374,-1.9872992140790302e-14
WT_15__TO__SCA3_09,False,active,0.7333333333333333,0.08967178138644183,2.5460585929889934,-3.3141533177908107,0.0
WT_15__TO__SCA3_09,False,active,0.7666666666666666,0.08436730305270318,2.0098051330677573,-1.352806068349817,0.0
WT_15__TO__SCA3_09,False,active,0.8,0.11544377337505965,1.7496102942836087,-1.352806068349818,-4.338734978715565e-30
WT_15__TO__SCA3_09,False,active,0.8333333333333334,-0.33524903197848693,1.913110099454814,-1.3528060683498178,-3.469446951953614e-18
WT_15__TO__SCA3_09,False,active,0.8666666666666667,0.115284729664788,1.845684081384134,-1.0713812310786337,-4.338734978715565e-30
WT_15__TO__SCA3_09,False,active,0.9,,1.462830700492865,-0.9481298880943427,
WT_15__TO__SCA3_09,False,active,0.9333333333333332,,1.0578985487203032,-0.8869162785246867,
WT_15__TO__SCA3_09,False,active,0.9666666666666668,,1.0263925706540291,-0.8591817935790844,
WT_15__TO__SCA3_09,False,active,1.0,,0.9851189500810322,-0.931779579650265,
WT_15__TO__SCA3_09,False,isi,0.0,,0.5716060302800252,-1.1507878255874764,
WT_15__TO__SCA3_09,False,isi,0.0333333333333333,,0.6148336103690191,-1.2885087084659133,
WT_15__TO__SCA3_09,False,isi,0.0666666666666666,,0.689212651141608,-1.233988141480919,
WT_15__TO__SCA3_09,False,isi,0.1,,0.7826889289601413,-1.2993030946604749,
WT_15__TO__SCA3_09,False,isi,0.1333333333333333,,0.8123546536208925,-1.288823862559744,
WT_15__TO__SCA3_09,False,isi,0.1666666666666666,,0.9253779725361179,-1.2820647002003887,
WT_15__TO__SCA3_09,False,isi,0.2,,0.8975287398838232,-1.177077244346807,
WT_15__TO__SCA3_09,False,isi,0.2333333333333333,,0.7418564766263024,-1.0840928769791556,
WT_15__TO__SCA3_09,False,isi,0.2666666666666666,,0.673867668309882,-0.9571645930437385,
WT_15__TO__SCA3_09,False,isi,0.3,,0.7155952076554521,-0.9296681865211441,
WT_15__TO__SCA3_09,False,isi,0.3333333333333333,,0.9320573586016314,-0.8988669293628402,
WT_15__TO__SCA3_09,False,isi,0.3666666666666666,,0.973978395913434,-0.8703409292078395,
WT_15__TO__SCA3_09,False,isi,0.4,,1.0176013748664445,-1.0815298555851538,
WT_15__TO__SCA3_09,False,isi,0.4333333333333333,,1.0610321267647347,-1.2969768763310248,
WT_15__TO__SCA3_09,False,isi,0.4666666666666667,,1.253720868538634,-0.9674714887669991,
WT_15__TO__SCA3_09,False,isi,0.5,-0.23107115595607453,1.200538373752657,-1.2242292648025863,0.005575413828281138
WT_15__TO__SCA3_09,False,isi,0.5333333333333333,-0.2135380879927951,1.2807211178989475,-1.2005026765675648,0.0018456169501607183
WT_15__TO__SCA3_09,False,isi,0.5666666666666667,-0.3010331035529568,1.3755865737419846,-1.481352056448005,0.004923575601473938
WT_15__TO__SCA3_09,False,isi,0.6,-0.2955208962115044,1.4383606088241456,-1.2024026112621837,0.003490373882811146
WT_15__TO__SCA3_09,False,isi,0.6333333333333333,-0.2921675692527016,1.5076788798377223,-1.5643765335482454,0.00259852395509785
WT_15__TO__SCA3_09,False,isi,0.6666666666666666,-0.2483489948769721,1.6076674501220247,-1.7152497340849182,0.0007661508518544963
WT_15__TO__SCA3_09,False,isi,0.7,-0.47901365608761304,1.8832956565546053,-0.7541323619390623,0.0029023767938224313
WT_15__TO__SCA3_09,False,isi,0.7333333333333333,-0.08377286730781061,1.722431681346343,-0.6942539942301599,-0.005428574515152385
WT_15__TO__SCA3_09,False,isi,0.7666666666666666,0.03380579322259906,1.2151536109674308,-0.8053756622321584,-0.0009644209282296263
WT_15__TO__SCA3_09,False,isi,0.8,0.07540769308613664,1.2632659412352243,-0.9416403370261615,-0.0037427908368265483
WT_15__TO__SCA3_09,False,isi,0.8333333333333334,-0.12607945039298277,1.2939302197472549,-1.0621230370394799,-0.0018001673014060864
WT_15__TO__SCA3_09,False,isi,0.8666666666666667,0.11791887882714949,1.4699060261999832,-0.721244057015094,-0.01049176748468776
WT_15__TO__SCA3_09,False,isi,0.9,,1.3146367192072823,-0.7369804661000349,
WT_15__TO__SCA3_09,False,isi,0.9333333333333332,,0.9955165529849348,-0.6837086044652231,
WT_15__TO__SCA3_09,False,isi,0.9666666666666668,,0.8207851734644425,-0.6604435100980695,
WT_15__TO__SCA3_09,False,isi,1.0,,0.5762043688601114,-0.5785240355279709,
WT_16__TO__SCA3_01,True,active,0.0,,3.1000168080232537,-5.842222590757529,
WT_16__TO__SCA3_01,True,active,0.0333333333333333,,2.669014555897401,-5.371453912964768,
WT_16__TO__SCA3_01,True,active,0.0666666666666666,,2.6393976564707526,-4.2970302095450155,
WT_16__TO__SCA3_01,True,active,0.1,,2.357031343016332,-3.5933671611506757,
WT_16__TO__SCA3_01,True,active,0.1333333333333333,,2.4263058279684677,-3.154911296986472,
WT_16__TO__SCA3_01,True,active,0.1666666666666666,,2.262859068746395,-2.809125209945174,
WT_16__TO__SCA3_01,True,active,0.2,,2.3903643323473074,-2.384462225735417,
WT_16__TO__SCA3_01,True,active,0.2333333333333333,,2.415204589827478,-2.2133776007808814,
WT_16__TO__SCA3_01,True,active,0.2666666666666666,,2.316011799908095,-2.080599441036448,
WT_16__TO__SCA3_01,True,active,0.3,,2.378713817313458,-1.8350461666190074,
WT_16__TO__SCA3_01,True,active,0.3333333333333333,,2.442257041119707,-1.7355830113750903,
WT_16__TO__SCA3_01,True,active,0.3666666666666666,,2.365991932441801,-1.63344207239708,
WT_16__TO__SCA3_01,True,active,0.4,,2.4453786589531923,-1.5428258320834187,
WT_16__TO__SCA3_01,True,active,0.4333333333333333,,2.3573031671818727,-1.4650771013302442,
WT_16__TO__SCA3_01,True,active,0.4666666666666667,,2.4444772085344955,-1.361750053453133,
WT_16__TO__SCA3_01,True,active,0.5,1.1235928642626574,2.3725215551927556,-1.418002414543814,-0.006831815724251955
WT_16__TO__SCA3_01,True,active,0.5333333333333333,1.1758730466676457,2.4656403227074324,-1.3238237743891053,0.0024192294096765377
WT_16__TO__SCA3_01,True,active,0.5666666666666667,1.2011849985570304,2.545163896519103,-1.2361075821817937,-0.1819546899428548
WT_16__TO__SCA3_01,True,active,0.6,1.240626435111581,2.456614794570683,-1.294361457203019,-0.005766890645644285
WT_16__TO__SCA3_01,True,active,0.6333333333333333,1.477320212319212,2.3190222102935842,-1.1957479859888718,0.002988459863065618
WT_16__TO__SCA3_01,True,active,0.6666666666666666,1.5242577765585619,2.4066167900353013,-1.258355987790057,0.002987810127251578
WT_16__TO__SCA3_01,True,active,0.7,1.3429394162370751,2.47454910095631,-1.3278877793355184,-0.21510796392562814
WT_16__TO__SCA3_01,True,active,0.7333333333333333,1.6248061592989782,2.5844552707217296,-1.4055601931179247,0.005128183463455338
WT_16__TO__SCA3_01,True,active,0.7666666666666666,1.4270632444305615,2.4296074682770046,-1.4928932409012419,-0.002653699697703238
WT_16__TO__SCA3_01,True,active,0.8,1.4681873412736244,2.5088113005836084,-1.35280606834982,-0.25512830809665443
WT_16__TO__SCA3_01,True,active,0.8333333333333334,1.7886076639178192,2.3348080999284933,-1.4479097878845255,0.25955219337580915
WT_16__TO__SCA3_01,True,active,0.8666666666666667,1.8462817228275017,2.4151771042268915,-1.5285107968034533,-0.021303624196000293
WT_16__TO__SCA3_01,True,active,0.9,,2.5025422734353056,-1.6510751109051922,
WT_16__TO__SCA3_01,True,active,0.9333333333333332,,2.9347306036233856,-1.4791071511717893,
WT_16__TO__SCA3_01,True,active,0.9666666666666668,,3.419476413681847,-1.92066907679103,
WT_16__TO__SCA3_01,True,active,1.0,,3.8257816828169573,-2.1999630348370207,
WT_16__TO__SCA3_01,True,isi,0.0,,2.6017649956907136,-4.628952699557211,
WT_16__TO__SCA3_01,True,isi,0.0333333333333333,,2.372517469497308,-4.2466970335193315,
WT_16__TO__SCA3_01,True,isi,0.0666666666666666,,2.272486048367046,-3.4215717117753326,
WT_16__TO__SCA3_01,True,isi,0.1,,2.1857592937105883,-2.8631212078330406,
WT_16__TO__SCA3_01,True,isi,0.1333333333333333,,2.1345305838956015,-2.456351699714689,
WT_16__TO__SCA3_01,True,isi,0.1666666666666666,,2.1051369977538306,-2.147843287340876,
WT_16__TO__SCA3_01,True,isi,0.2,,2.078548464012396,-1.9167003988199776,
WT_16__TO__SCA3_01,True,isi,0.2333333333333333,,2.068392981547506,-1.7199892834745896,
WT_16__TO__SCA3_01,True,isi,0.2666666666666666,,2.0782271303889996,-1.5590013960820677,
WT_16__TO__SCA3_01,True,isi,0.3,,2.0804515750428836,-1.4390334960944058,
WT_16__TO__SCA3_01,True,isi,0.3333333333333333,,2.0855550203567272,-1.3303135636330186,
WT_16__TO__SCA3_01,True,isi,0.3666666666666666,,2.0987579533842977,-1.2443265433987336,
WT_16__TO__SCA3_01,True,isi,0.4,,2.093776530150824,-1.1753716013705025,
WT_16__TO__SCA3_01,True,isi,0.4333333333333333,,2.100833748940655,-1.1254237843780068,
WT_16__TO__SCA3_01,True,isi,0.4666666666666667,,2.0941444338279473,-1.0883503070718106,
WT_16__TO__SCA3_01,True,isi,0.5,1.1359396936311408,2.12780664969929,-1.0420447564911046,-0.000683775585674784
WT_16__TO__SCA3_01,True,isi,0.5333333333333333,1.2074449560962657,2.1524048765728807,-1.0314072661355043,-0.018656957929475748
WT_16__TO__SCA3_01,True,isi,0.5666666666666667,1.2469601898088234,2.149249559869058,-1.0256944516805582,0.0008703178668174605
WT_16__TO__SCA3_01,True,isi,0.6,1.2975369038583844,2.1661143645928727,-1.0076912209542856,5.695665971294783e-05
WT_16__TO__SCA3_01,True,isi,0.6333333333333333,1.3276451114207328,2.1701397395070794,-1.0152749089579967,-0.004426362802148254
WT_16__TO__SCA3_01,True,isi,0.6666666666666666,1.3608106579530803,2.1703389217090208,-1.009588329762515,-0.003894562857137629
WT_16__TO__SCA3_01,True,isi,0.7,1.402708297441949,2.1803200066772495,-1.0103319072233143,-0.021930440578629584
WT_16__TO__SCA3_01,True,isi,0.7333333333333333,1.4376853433115995,2.1918970695491935,-1.0180477812426048,-0.022739933578389993
WT_16__TO__SCA3_01,True,isi,0.7666666666666666,1.4708767460541812,2.2023309885021356,-1.0337830088304711,-0.024232618027011377
WT_16__TO__SCA3_01,True,isi,0.8,1.5092669642869292,2.2214614640268313,-1.07805910737937,-0.009374689805587089
WT_16__TO__SCA3_01,True,isi,0.8333333333333334,1.5390599632942157,2.2387553489690246,-1.1151916538442288,-0.03625572643871999
WT_16__TO__SCA3_01,True,isi,0.8666666666666667,1.583318587045211,2.2734819845421845,-1.1724089734242573,-0.022526650271164295
WT_16__TO__SCA3_01,True,isi,0.9,,2.3327212774089077,-1.2485900349223935,
WT_16__TO__SCA3_01,True,isi,0.9333333333333332,,2.444166548946209,-1.3743104932811914,
WT_16__TO__SCA3_01,True,isi,0.9666666666666668,,2.726750753730403,-1.5251110378945596,
WT_16__TO__SCA3_01,True,isi,1.0,,3.142833214415338,-1.9308674899236293,
WT_16__TO__SCA3_02,False,active,0.0,,1.3093101043119217,-5.548264010549237,
WT_16__TO__SCA3_02,False,active,0.0333333333333333,,1.1319034278149829,-5.238513073765612,
WT_16__TO__SCA3_02,False,active,0.0666666666666666,,1.0575174664327667,-4.2936910732240365,
WT_16__TO__SCA3_02,False,active,0.1,,1.0691226886227096,-3.7548873992228495,
WT_16__TO__SCA3_02,False,active,0.1333333333333333,,1.0966618151473138,-3.266683073363391,
WT_16__TO__SCA3_02,False,active,0.1666666666666666,,1.0635047125963868,-2.964451997599947,
WT_16__TO__SCA3_02,False,active,0.2,,1.0258743051652341,-2.740477973761173,
WT_16__TO__SCA3_02,False,active,0.2333333333333333,,1.042774332195395,-2.765184985437593,
WT_16__TO__SCA3_02,False,active,0.2666666666666666,,0.8998991232783383,-2.2950918190170944,
WT_16__TO__SCA3_02,False,active,0.3,,0.922825233361024,-1.9497451075332315,
WT_16__TO__SCA3_02,False,active,0.3333333333333333,,1.0091277057518835,-1.5725609818482977,
WT_16__TO__SCA3_02,False,active,0.3666666666666666,,0.9478683666773653,-1.5402933941114523,
WT_16__TO__SCA3_02,False,active,0.4,,0.8910454781520704,-1.4029859285839168,
WT_16__TO__SCA3_02,False,active,0.4333333333333333,,0.9354544224681011,-1.345093003085884,
WT_16__TO__SCA3_02,False,active,0.4666666666666667,,0.9316894902474678,-1.1921123477319338,
WT_16__TO__SCA3_02,False,active,0.5,-0.09065523936240716,0.8768932653109623,-1.1366314313086463,-0.1741643193747353
WT_16__TO__SCA3_02,False,active,0.5333333333333333,-0.10330586835367539,0.9778495839939524,-1.0543620765404549,-0.005061889047513311
WT_16__TO__SCA3_02,False,active,0.5666666666666667,-0.15581907199130518,0.9219160705690295,-0.9680878085953758,-0.2605002588976309
WT_16__TO__SCA3_02,False,active,0.6,0.32381407235602916,0.8590461408938719,-1.0240557027564203,-0.08205631658151244
WT_16__TO__SCA3_02,False,active,0.6333333333333333,0.11020892294286111,0.9431458376940315,-0.9433278066558639,0.0023137260478297015
WT_16__TO__SCA3_02,False,active,0.6666666666666666,0.6989924406205337,0.7919864901979842,-0.8027487943448701,0.002765633489972775
WT_16__TO__SCA3_02,False,active,0.7,1.0057399042474309,0.9060479031618163,-0.6344163215877908,-0.002082029036048594
WT_16__TO__SCA3_02,False,active,0.7333333333333333,1.0363901652058556,1.6898574366982353,-0.6493695864500372,-0.0037457903810831084
WT_16__TO__SCA3_02,False,active,0.7666666666666666,1.055168745508882,1.7209914520199536,-0.687695093105908,-0.009854861106840584
WT_16__TO__SCA3_02,False,active,0.8,1.1637025838492727,1.6536681799240391,-0.7180288769185619,0.003093231105063099
WT_16__TO__SCA3_02,False,active,0.8333333333333334,0.9821847954592899,1.5810161663167444,-0.7171591969916643,-0.0010743042368764888
WT_16__TO__SCA3_02,False,active,0.8666666666666667,1.0071078956079296,1.6033567117094194,-0.49085334369447026,-0.12012964836315974
WT_16__TO__SCA3_02,False,active,0.9,,1.4111607777075619,-0.45964475761491086,
WT_16__TO__SCA3_02,False,active,0.9333333333333332,,0.7221360427378798,-0.47574885933878885,
WT_16__TO__SCA3_02,False,active,0.9666666666666668,,0.7378708020476361,-0.4965566705555259,
WT_16__TO__SCA3_02,False,active,1.0,,0.7285744214627613,-0.6067254405024001,
WT_16__TO__SCA3_02,False,isi,0.0,,1.0657449402063566,-4.456078477190176,
WT_16__TO__SCA3_02,False,isi,0.0333333333333333,,0.9843081285378982,-4.140496434230567,
WT_16__TO__SCA3_02,False,isi,0.0666666666666666,,0.9656903921020387,-3.3913209529811827,
WT_16__TO__SCA3_02,False,isi,0.1,,0.9291412226238975,-2.8789271654296003,
WT_16__TO__SCA3_02,False,isi,0.1333333333333333,,0.9046568817278974,-2.531465408414432,
WT_16__TO__SCA3_02,False,isi,0.1666666666666666,,0.8721364268197711,-2.2905013955504105,
WT_16__TO__SCA3_02,False,isi,0.2,,0.8638375520432469,-2.1663296114010158,
WT_16__TO__SCA3_02,False,isi,0.2333333333333333,,0.7895328909465824,-1.5902317306232763,
WT_16__TO__SCA3_02,False,isi,0.2666666666666666,,0.8883631735388011,-1.6227538256171208,
WT_16__TO__SCA3_02,False,isi,0.3,,0.8630378159330092,-1.3049732258972984,
WT_16__TO__SCA3_02,False,isi,0.3333333333333333,,0.9053936019889277,-1.318940377923862,
WT_16__TO__SCA3_02,False,isi,0.3666666666666666,,0.814054886179707,-1.1114813792962865,
WT_16__TO__SCA3_02,False,isi,0.4,,0.8293642703750076,-1.0797346102554108,
WT_16__TO__SCA3_02,False,isi,0.4333333333333333,,0.9022772070933683,-0.9835060821450635,
WT_16__TO__SCA3_02,False,isi,0.4666666666666667,,0.8170727345374232,-0.9520283998569272,
WT_16__TO__SCA3_02,False,isi,0.5,0.01167473171122646,0.8175878798492876,-0.8593193242459891,0.00749047813131898
WT_16__TO__SCA3_02,False,isi,0.5333333333333333,0.27416446966604263,0.8753245413455971,-0.761266977344985,-0.04183320638496881
WT_16__TO__SCA3_02,False,isi,0.5666666666666667,0.22619025905636247,0.8294554563737538,-0.7223087760314162,-0.038139017068741385
WT_16__TO__SCA3_02,False,isi,0.6,0.5836487988808051,0.789443488600656,-0.7236633949541281,0.011677253929425594
WT_16__TO__SCA3_02,False,isi,0.6333333333333333,0.39308754664592205,0.8638050320906989,-0.6400421907855113,-0.010636474914441859
WT_16__TO__SCA3_02,False,isi,0.6666666666666666,0.7388599599522834,0.8302642000828782,-0.6034258293994209,-0.002114822896094103
WT_16__TO__SCA3_02,False,isi,0.7,0.9982683789583487,0.8262123331622323,-0.6872815225111891,-0.0010177865078685455
WT_16__TO__SCA3_02,False,isi,0.7333333333333333,1.0253998306046253,1.5411133624776034,-0.5391932838723572,0.00030142149992479217
WT_16__TO__SCA3_02,False,isi,0.7666666666666666,1.033241833184035,1.5267352764384197,-0.5043854434326127,-0.0007954547788502075
WT_16__TO__SCA3_02,False,isi,0.8,1.0411063515894903,1.5124987666635707,-0.4778193690721666,0.00019570657517581358
WT_16__TO__SCA3_02,False,isi,0.8333333333333334,1.051174495631419,1.487019886792136,-0.44018151076845297,-0.002099364675345078
WT_16__TO__SCA3_02,False,isi,0.8666666666666667,1.0645958973341583,1.4870478805206964,-0.422258131335909,0.000723803509319193
WT_16__TO__SCA3_02,False,isi,0.9,,1.4831728105163193,-0.39184775925647164,
WT_16__TO__SCA3_02,False,isi,0.9333333333333332,,0.7295806304198315,-0.37025320200722694,
WT_16__TO__SCA3_02,False,isi,0.9666666666666668,,0.7723013490022218,-0.3469192438693342,
WT_16__TO__SCA3_02,False,isi,1.0,,0.7018285666763553,-0.3810989738956248,
WT_16__TO__SCA3_04,True,active,0.0,,1.7570097942126395,-4.029376733683915,
WT_16__TO__SCA3_04,True,active,0.0333333333333333,,1.6090056283008827,-3.9534514984209506,
WT_16__TO__SCA3_04,True,active,0.0666666666666666,,1.5348332470240158,-3.4536715986307565,
WT_16__TO__SCA3_04,True,active,0.1,,1.37169385238303,-2.9284191565593125,
WT_16__TO__SCA3_04,True,active,0.1333333333333333,,1.5248430978946728,-2.5641449235503835,
WT_16__TO__SCA3_04,True,active,0.1666666666666666,,1.5244536230651733,-2.417165633446237,
WT_16__TO__SCA3_04,True,active,0.2,,1.3836832602233673,-2.1184053318019456,
WT_16__TO__SCA3_04,True,active,0.2333333333333333,,1.410787904834991,-1.835046166619015,
WT_16__TO__SCA3_04,True,active,0.2666666666666666,,1.4391258309666255,-1.880778097761581,
WT_16__TO__SCA3_04,True,active,0.3,,1.484729260011612,-1.787246352771416,
WT_16__TO__SCA3_04,True,active,0.3333333333333333,,1.3565586320385905,-1.4871178961530087,
WT_16__TO__SCA3_04,True,active,0.3666666666666666,,1.442279348326527,-1.5722765427947671,
WT_16__TO__SCA3_04,True,active,0.4,,1.477970525173058,-1.467251708918626,
WT_16__TO__SCA3_04,True,active,0.4333333333333333,,1.5481905837750214,-1.4107177959655277,
WT_16__TO__SCA3_04,True,active,0.4666666666666667,,1.5220983267423391,-1.3753901862118125,
WT_16__TO__SCA3_04,True,active,0.5,0.23929911987543004,1.4978807737401676,-1.3753901862118068,5.176899690512889e-31
WT_16__TO__SCA3_04,True,active,0.5333333333333333,0.24555117316398747,1.6073012266171205,-1.2616590601833633,1.668923051064923e-15
WT_16__TO__SCA3_04,True,active,0.5666666666666667,0.24591521864362664,1.713155370024017,-1.1702754437076002,-0.3088317074641874
WT_16__TO__SCA3_04,True,active,0.6,0.5601674346397367,2.09767171384397,-1.2792888671248428,-0.3038596253073481
WT_16__TO__SCA3_04,True,active,0.6333333333333333,0.6010668004309726,1.6531316497840667,-1.3753901862118143,-0.02387912438555783
WT_16__TO__SCA3_04,True,active,0.6666666666666666,0.6286580503462964,1.8137982144065692,-1.1620242080192176,-0.02842282838666132
WT_16__TO__SCA3_04,True,active,0.7,0.671869020369587,1.545358397360942,-1.2694341283546338,0.422877446022876
WT_16__TO__SCA3_04,True,active,0.7333333333333333,0.7222089526513834,1.6878786422667065,-1.4479097878845257,-0.03640381632403032
WT_16__TO__SCA3_04,True,active,0.7666666666666666,0.24399122956880015,1.8579245814943164,-1.09998151741851,-0.0035350309201143113
WT_16__TO__SCA3_04,True,active,0.8,0.8542157458292886,1.4888722659388973,-1.2501735328736225,-0.008081407246212976
WT_16__TO__SCA3_04,True,active,0.8333333333333334,0.9430535927770416,1.6181634888098737,-1.4479097878845246,-0.04248050562319648
WT_16__TO__SCA3_04,True,active,0.8666666666666667,1.0708121959460764,1.8659555822753406,-0.8331297807984214,-0.04763412958509948
WT_16__TO__SCA3_04,True,active,0.9,,2.079432708680515,-1.195747985988874,
WT_16__TO__SCA3_04,True,active,0.9333333333333332,,2.5326097940229664,-1.1957479859888807,
WT_16__TO__SCA3_04,True,active,0.9666666666666668,,2.9967590955241508,-1.3097937245475615,
WT_16__TO__SCA3_04,True,active,1.0,,3.4832238210288677,0.0,
WT_16__TO__SCA3_04,True,isi,0.0,,1.4989918233642214,-3.309816462762841,
WT_16__TO__SCA3_04,True,isi,0.0333333333333333,,1.3801235246187915,-3.0759731630392237,
WT_16__TO__SCA3_04,True,isi,0.0666666666666666,,1.3353347355736758,-2.614269954068927,
WT_16__TO__SCA3_04,True,isi,0.1,,1.3216591236762214,-2.2886142539998926,
WT_16__TO__SCA3_04,True,isi,0.1333333333333333,,1.2960373841653101,-2.0405423647493732,
WT_16__TO__SCA3_04,True,isi,0.1666666666666666,,1.2848939795614245,-1.837042174276091,
WT_16__TO__SCA3_04,True,isi,0.2,,1.288695569750024,-1.6878725161236918,
WT_16__TO__SCA3_04,True,isi,0.2333333333333333,,1.283958388693764,-1.467698179104986,
WT_16__TO__SCA3_04,True,isi,0.2666666666666666,,1.282531401075684,-1.4498743295177197,
WT_16__TO__SCA3_04,True,isi,0.3,,1.2808684058106075,-1.3580861666804236,
WT_16__TO__SCA3_04,True,isi,0.3333333333333333,,1.3017392246072896,-1.3094400589280284,
WT_16__TO__SCA3_04,True,isi,0.3666666666666666,,1.2785553669079066,-1.225346147137821,
WT_16__TO__SCA3_04,True,isi,0.4,,1.309104787025252,-1.0973542808343553,
WT_16__TO__SCA3_04,True,isi,0.4333333333333333,,1.311442310587368,-1.0413824587963643,
WT_16__TO__SCA3_04,True,isi,0.4666666666666667,,1.3135800184873443,-1.0926353244605131,
WT_16__TO__SCA3_04,True,isi,0.5,0.31890833663341206,1.3575300711489737,-1.07733193592916,-0.0003249956297864951
WT_16__TO__SCA3_04,True,isi,0.5333333333333333,0.3624630893906565,1.3772737694544586,-1.0252354494147797,-0.004885867069462256
WT_16__TO__SCA3_04,True,isi,0.5666666666666667,0.4186709860246997,1.3656884110792098,-1.0316258193201724,-0.0002235278438206254
WT_16__TO__SCA3_04,True,isi,0.6,0.45494042740653023,1.4525159342742933,-1.0671004728365252,0.0007421266932808868
WT_16__TO__SCA3_04,True,isi,0.6333333333333333,0.5285155743184606,1.4719920356785055,-0.9443600419319432,-0.005331387300747224
WT_16__TO__SCA3_04,True,isi,0.6666666666666666,0.5433323035660382,1.4664521294721287,-1.0072760341798337,0.005551562572365002
WT_16__TO__SCA3_04,True,isi,0.7,0.5232933960497779,1.595486549830632,-0.9476958756544244,0.007010718564167907
WT_16__TO__SCA3_04,True,isi,0.7333333333333333,0.6398852850548566,1.6336311113914803,-0.9020435105837356,-0.17391677188249727
WT_16__TO__SCA3_04,True,isi,0.7666666666666666,0.8040676826333495,1.6523945029331133,-0.8905723405971254,-0.00020188943834775706
WT_16__TO__SCA3_04,True,isi,0.8,0.8516141038564122,1.868101894799604,-0.9780359087170005,-0.0017996561027993042
WT_16__TO__SCA3_04,True,isi,0.8333333333333334,0.8112274179051768,1.861329042067434,-0.8918380007328077,-0.0010146538404258681
WT_16__TO__SCA3_04,True,isi,0.8666666666666667,0.71036792122804,1.6116863992855444,-0.9357477626205628,-0.000301710531909682
WT_16__TO__SCA3_04,True,isi,0.9,,1.7787146494996406,-0.6481996705792477,
WT_16__TO__SCA3_04,True,isi,0.9333333333333332,,1.7029483334733324,-1.0063593784029825,
WT_16__TO__SCA3_04,True,isi,0.9666666666666668,,1.637073730474739,-0.9744457571436612,
WT_16__TO__SCA3_04,True,isi,1.0,,1.546833751443432,-1.6051890982443267,
WT_16__TO__SCA3_05,False,active,0.0,,1.7127961923975783,-2.7507803724236135,
WT_16__TO__SCA3_05,False,active,0.0333333333333333,,1.322085247729442,-2.784593870169913,
WT_16__TO__SCA3_05,False,active,0.0666666666666666,,1.2233630925526284,-2.42404619366375,
WT_16__TO__SCA3_05,False,active,0.1,,1.2791788372933914,-2.1833408733484423,
WT_16__TO__SCA3_05,False,active,0.1333333333333333,,1.177609952901397,-1.9903295434017048,
WT_16__TO__SCA3_05,False,active,0.1666666666666666,,1.1980773953066952,-1.8350461666190225,
WT_16__TO__SCA3_05,False,active,0.2,,1.2742778455869623,-1.6296602980811028,
WT_16__TO__SCA3_05,False,active,0.2333333333333333,,1.2134009215791557,-1.5299393384792934,
WT_16__TO__SCA3_05,False,active,0.2666666666666666,,1.272714576513182,-1.492967105488671,
WT_16__TO__SCA3_05,False,active,0.3,,1.1711150289736383,-1.4377433077045276,
WT_16__TO__SCA3_05,False,active,0.3333333333333333,,1.2406619139260329,-1.3002395490378675,
WT_16__TO__SCA3_05,False,active,0.3666666666666666,,1.1313845017466704,-1.2423044156008267,
WT_16__TO__SCA3_05,False,active,0.4,,1.2049947987617957,-1.2836166131685753,
WT_16__TO__SCA3_05,False,active,0.4333333333333333,,1.2059697041162005,-1.1380088337149246,
WT_16__TO__SCA3_05,False,active,0.4666666666666667,,1.2018151822872971,-0.9820702103870507,
WT_16__TO__SCA3_05,False,active,0.5,0.20872484079887857,1.2351378274665603,-1.0186478981121332,-2.2204460492503127e-15
WT_16__TO__SCA3_05,False,active,0.5333333333333333,0.2024410437195961,1.4746256760953402,-0.9578853434620554,-0.10332850826128423
WT_16__TO__SCA3_05,False,active,0.5666666666666667,0.21139221770573027,1.3169501560507917,-1.0826409061256896,0.11009658884182043
WT_16__TO__SCA3_05,False,active,0.6,0.20445561860192482,1.3609582631339912,-0.9167568478681675,-0.009348439769646999
WT_16__TO__SCA3_05,False,active,0.6333333333333333,0.33396940311838974,1.2495705992597899,-0.9570337293878283,0.01297297700947886
WT_16__TO__SCA3_05,False,active,0.6666666666666666,0.471327568218538,1.4108559471442819,-0.7298581961637458,-0.12214297050283408
WT_16__TO__SCA3_05,False,active,0.7,0.20130877285354204,1.2470706005088132,-0.9095901792383567,-0.00024884891763665695
WT_16__TO__SCA3_05,False,active,0.7333333333333333,0.467336921377197,1.302127258580744,-0.8169431624458577,-0.005674075700220103
WT_16__TO__SCA3_05,False,active,0.7666666666666666,0.4831218240853244,1.467760423420305,-0.8592751828701001,0.005303910964303162
WT_16__TO__SCA3_05,False,active,0.8,0.3469164390862335,1.4064484811392082,-1.0510854572628368,-0.0062927840806293305
WT_16__TO__SCA3_05,False,active,0.8333333333333334,0.6801584315220498,1.474511428108566,-0.8906298344463786,-0.0152270737198415
WT_16__TO__SCA3_05,False,active,0.8666666666666667,0.7110769162945954,1.7429802833961774,-0.9257767975909245,-0.2275209104098302
WT_16__TO__SCA3_05,False,active,0.9,,1.3918813467157232,-1.0592026659009648,
WT_16__TO__SCA3_05,False,active,0.9333333333333332,,1.727576105601137,-1.4071867090003056,
WT_16__TO__SCA3_05,False,active,0.9666666666666668,,1.4553715351178922,-1.3102709089161708,
WT_16__TO__SCA3_05,False,active,1.0,,1.6648677370659952,-1.5687435891280923,
WT_16__TO__SCA3_05,False,isi,0.0,,1.228088736643727,-2.337967585098945,
WT_16__TO__SCA3_05,False,isi,0.0333333333333333,,1.1352190541787655,-2.1799171266169357,
WT_16__TO__SCA3_05,False,isi,0.0666666666666666,,1.118486962100353,-1.906365150747815,
WT_16__TO__SCA3_05,False,isi,0.1,,1.092395270058368,-1.7038784272327234,
WT_16__TO__SCA3_05,False,isi,0.1333333333333333,,1.0541196187505222,-1.5388135960135547,
WT_16__TO__SCA3_05,False,isi,0.1666666666666666,,1.0714525644035073,-1.3992681781011438,
WT_16__TO__SCA3_05,False,isi,0.2,,1.0454314078213862,-1.2940891414633997,
WT_16__TO__SCA3_05,False,isi,0.2333333333333333,,1.0524432674218254,-1.197495017132093,
WT_16__TO__SCA3_05,False,isi,0.2666666666666666,,1.056867916643111,-1.1163487513625867,
WT_16__TO__SCA3_05,False,isi,0.3,,1.0500064525166493,-1.0523160909449492,
WT_16__TO__SCA3_05,False,isi,0.3333333333333333,,1.0574862780316752,-0.9934759754694841,
WT_16__TO__SCA3_05,False,isi,0.3666666666666666,,1.0600602260764411,-0.9475090891391381,
WT_16__TO__SCA3_05,False,isi,0.4,,1.0595931009617896,-0.899640705300696,
WT_16__TO__SCA3_05,False,isi,0.4333333333333333,,1.0924281381123848,-0.883939386252154,
WT_16__TO__SCA3_05,False,isi,0.4666666666666667,,1.1023645821364954,-0.8567788054166542,
WT_16__TO__SCA3_05,False,isi,0.5,0.22253351337387015,1.294688363609926,-0.8237465962542191,-0.00913056599786793
WT_16__TO__SCA3_05,False,isi,0.5333333333333333,0.2553344889756661,1.1508361835362735,-0.805283646888883,0.00037726506856261555
WT_16__TO__SCA3_05,False,isi,0.5666666666666667,0.2665949285153671,1.1223241474492571,-0.7372056937841004,-0.02763168269423255
WT_16__TO__SCA3_05,False,isi,0.6,0.31758640183170006,1.133290013820295,-0.7639091988066796,0.0006929741364112842
WT_16__TO__SCA3_05,False,isi,0.6333333333333333,0.3484627285931265,1.143206265073195,-0.7435489193361984,-0.00029275383229804264
WT_16__TO__SCA3_05,False,isi,0.6666666666666666,0.3415858984575864,1.1536235555525334,-0.7476065313376674,-0.005722223545750858
WT_16__TO__SCA3_05,False,isi,0.7,0.4620809511884732,1.1099935806616374,-0.6970493504100924,-0.0002973078970771036
WT_16__TO__SCA3_05,False,isi,0.7333333333333333,0.47362989731447835,1.1323283929011438,-0.719593441948939,-0.00031850588451926004
WT_16__TO__SCA3_05,False,isi,0.7666666666666666,0.4998409775224313,1.3390750406708176,-0.6592532025881825,-0.007362184914837033
WT_16__TO__SCA3_05,False,isi,0.8,0.5591954888615635,1.2200464711361378,-0.7225489312783125,1.1286891339057386e-05
WT_16__TO__SCA3_05,False,isi,0.8333333333333334,0.5089704405746484,1.2700942483230322,-0.5844379987323228,3.8199660836540916e-05
WT_16__TO__SCA3_05,False,isi,0.8666666666666667,0.5679601451043539,1.2735718668719314,-0.7321749989759202,0.038406397819794866
WT_16__TO__SCA3_05,False,isi,0.9,,1.3926582242269427,-0.7642651743742073,
WT_16__TO__SCA3_05,False,isi,0.9333333333333332,,1.367848520410996,-0.7111387995365519,
WT_16__TO__SCA3_05,False,isi,0.9666666666666668,,1.4058151808778314,-0.5510108317102952,
WT_16__TO__SCA3_05,False,isi,1.0,,1.1073685946651965,-0.5615166382644328,
WT_16__TO__SCA3_06,True,active,0.0,,2.6617560836647476,-4.647040148612275,
WT_16__TO__SCA3_06,True,active,0.0333333333333333,,2.72250231802475,-4.538324132166352,
WT_16__TO__SCA3_06,True,active,0.0666666666666666,,2.4179154873434725,-3.7714298621906623,
WT_16__TO__SCA3_06,True,active,0.1,,2.6257260441446646,-3.3020294240832877,
WT_16__TO__SCA3_06,True,active,0.1333333333333333,,2.5732634990669836,-2.903900983015255,
WT_16__TO__SCA3_06,True,active,0.1666666666666666,,2.5053011670958254,-2.6865359135767477,
WT_16__TO__SCA3_06,True,active,0.2,,2.481284619746693,-2.3777042061125524,
WT_16__TO__SCA3_06,True,active,0.2333333333333333,,2.4683255970673192,-2.225852576788379,
WT_16__TO__SCA3_06,True,active,0.2666666666666666,,2.4663686226929795,-2.0756605613332746,
WT_16__TO__SCA3_06,True,active,0.3,,2.485674612910505,-1.8163616870226456,
WT_16__TO__SCA3_06,True,active,0.3333333333333333,,2.505650027908718,-1.8350461666190165,
WT_16__TO__SCA3_06,True,active,0.3666666666666666,,2.5362711681470076,-1.7200460593231128,
WT_16__TO__SCA3_06,True,active,0.4,,2.5803984801025535,-1.7567414953487044,
WT_16__TO__SCA3_06,True,active,0.4333333333333333,,2.626627889351084,-1.4952159710050024,
WT_16__TO__SCA3_06,True,active,0.4666666666666667,,2.695689987826865,-1.5285107968034448,
WT_16__TO__SCA3_06,True,active,0.5,1.3341906493985252,2.7477013389060576,-1.5813325119041373,0.16782182239660481
WT_16__TO__SCA3_06,True,active,0.5333333333333333,1.3721046241459234,2.836006144949035,-1.4650771013302444,0.0011755805271329578
WT_16__TO__SCA3_06,True,active,0.5666666666666667,1.4076544953139893,2.770405636556756,-1.3583822228698879,-0.004368918372878783
WT_16__TO__SCA3_06,True,active,0.6,1.4510035851134957,2.866616219175479,-1.410717795965529,-0.0048948380964544125
WT_16__TO__SCA3_06,True,active,0.6333333333333333,1.684838125074134,2.965393623609422,-1.2921865054494577,0.011631006914169628
WT_16__TO__SCA3_06,True,active,0.6666666666666666,1.5540083038340153,3.1105910452450596,-1.3464891605731566,-0.21009358083788765
WT_16__TO__SCA3_06,True,active,0.7,1.8178046478026448,3.230766605296248,-1.4264204439807966,0.01345848648719361
WT_16__TO__SCA3_06,True,active,0.7333333333333333,1.9072864142450328,3.409067037974792,-1.2892979226482528,-0.21248270108150646
WT_16__TO__SCA3_06,True,active,0.7666666666666666,1.9821453464175303,3.3546949545530853,-1.3753901862118152,0.0028405780762601474
WT_16__TO__SCA3_06,True,active,0.8,2.097109186224616,3.568361274235324,-1.473814475340466,0.002562387329757776
WT_16__TO__SCA3_06,True,active,0.8333333333333334,2.226947898890032,3.8123388948100003,-1.587428068724481,0.0020370728045129294
WT_16__TO__SCA3_06,True,active,0.8666666666666667,2.687245106969329,4.097349004088349,-1.720046059323113,0.3099421622040932
WT_16__TO__SCA3_06,True,active,0.9,,4.8036524544044585,-1.876880088197471,
WT_16__TO__SCA3_06,True,active,0.9333333333333332,,4.955170731440918,-1.7418767749960327,
WT_16__TO__SCA3_06,True,active,0.9666666666666668,,5.9650561323474305,-2.3616405776018796,
WT_16__TO__SCA3_06,True,active,1.0,,6.156960904809078,-2.8958195757690257,
WT_16__TO__SCA3_06,True,isi,0.0,,2.3778424949984918,-3.7150477703284865,
WT_16__TO__SCA3_06,True,isi,0.0333333333333333,,2.269574397303938,-3.498952237982711,
WT_16__TO__SCA3_06,True,isi,0.0666666666666666,,2.2316805708093543,-2.9684062769143744,
WT_16__TO__SCA3_06,True,isi,0.1,,2.1945764287393414,-2.5834135529207134,
WT_16__TO__SCA3_06,True,isi,0.1333333333333333,,2.204849502880334,-2.2947130326859804,
WT_16__TO__SCA3_06,True,isi,0.1666666666666666,,2.1661060573558655,-2.067593709381404,
WT_16__TO__SCA3_06,True,isi,0.2,,2.1612066140050086,-1.8903523223022183,
WT_16__TO__SCA3_06,True,isi,0.2333333333333333,,2.1761890035671376,-1.743391221978599,
WT_16__TO__SCA3_06,True,isi,0.2666666666666666,,2.1811418506006413,-1.6233739134428824,
WT_16__TO__SCA3_06,True,isi,0.3,,2.1894445796942823,-1.5276117183846258,
WT_16__TO__SCA3_06,True,isi,0.3333333333333333,,2.2022643975329643,-1.439234233318025,
WT_16__TO__SCA3_06,True,isi,0.3666666666666666,,2.23315389329975,-1.3692177520455064,
WT_16__TO__SCA3_06,True,isi,0.4,,2.2533078055153717,-1.3047619708677394,
WT_16__TO__SCA3_06,True,isi,0.4333333333333333,,2.278055862179438,-1.2622064327259708,
WT_16__TO__SCA3_06,True,isi,0.4666666666666667,,2.2989501941059833,-1.2164810472535308,
WT_16__TO__SCA3_06,True,isi,0.5,1.149196002475085,2.333933933925065,-1.1767395214308813,-0.007998410019098623
WT_16__TO__SCA3_06,True,isi,0.5333333333333333,1.226788595629245,2.37934939319628,-1.1521190768684526,-0.0004417206985822819
WT_16__TO__SCA3_06,True,isi,0.5666666666666667,1.298070096998015,2.4318445915630997,-1.1335005525110013,-0.0002739420540833759
WT_16__TO__SCA3_06,True,isi,0.6,1.377737786376861,2.492136795659573,-1.1138012096392966,-0.00059779964341522
WT_16__TO__SCA3_06,True,isi,0.6333333333333333,1.4425782531799356,2.555050866159014,-1.10962480195406,-0.0028478110250182986
WT_16__TO__SCA3_06,True,isi,0.6666666666666666,1.5333899348457107,2.624782495622265,-1.1031312907888744,0.011738730012319953
WT_16__TO__SCA3_06,True,isi,0.7,1.6069565565794406,2.7123774196257173,-1.1007074289733634,-0.004713434072913358
WT_16__TO__SCA3_06,True,isi,0.7333333333333333,1.7001021386441713,2.811240536106353,-1.1222042395673402,0.011065842105158596
WT_16__TO__SCA3_06,True,isi,0.7666666666666666,1.8096434360175226,2.953087179006913,-1.1371615283812955,-0.006282214608094749
WT_16__TO__SCA3_06,True,isi,0.8,1.9362842402796452,3.1070390276388973,-1.1623359649871243,-0.008418822372127766
WT_16__TO__SCA3_06,True,isi,0.8333333333333334,2.084045843616352,3.2962785704322157,-1.2005790058157941,-0.011653721000069561
WT_16__TO__SCA3_06,True,isi,0.8666666666666667,2.2311180781987865,3.54114264252155,-1.256510923202098,-0.05351364112066559
WT_16__TO__SCA3_06,True,isi,0.9,,3.8192759789073754,-1.338109170415249,
WT_16__TO__SCA3_06,True,isi,0.9333333333333332,,4.300990779460881,-1.5031142819531222,
WT_16__TO__SCA3_06,True,isi,0.9666666666666668,,4.899255414803923,-1.6295674630159245,
WT_16__TO__SCA3_06,True,isi,1.0,,5.0857508185955105,-2.047037948129054,
WT_16__TO__SCA3_09,True,active,0.0,,0.4101779591622481,-2.421616375268743,
WT_16__TO__SCA3_09,True,active,0.0333333333333333,,0.19256546975270478,-2.6181628298775257,
WT_16__TO__SCA3_09,True,active,0.0666666666666666,,0.1712816944891149,-2.403781048232181,
WT_16__TO__SCA3_09,True,active,0.1,,0.17626186585887982,-2.3097820951218773,
WT_16__TO__SCA3_09,True,active,0.1333333333333333,,0.10026686820929959,-2.213155917498843,
WT_16__TO__SCA3_09,True,active,0.1666666666666666,,0.17256604617886273,-2.187988758012205,
WT_16__TO__SCA3_09,True,active,0.2,,0.17646652101004517,-2.217196621121954,
WT_16__TO__SCA3_09,True,active,0.2333333333333333,,0.1874803794756484,-2.4391526306642084,
WT_16__TO__SCA3_09,True,active,0.2666666666666666,,0.20459335153412303,-2.081121190494433,
WT_16__TO__SCA3_09,True,active,0.3,,0.2130393981496293,-2.1687191728585917,
WT_16__TO__SCA3_09,True,active,0.3333333333333333,,0.22935688428796513,-2.0337486184898186,
WT_16__TO__SCA3_09,True,active,0.3666666666666666,,0.3566658730172184,-2.0142222477901495,
WT_16__TO__SCA3_09,True,active,0.4,,0.1264612173478268,-1.8220042091933846,
WT_16__TO__SCA3_09,True,active,0.4333333333333333,,0.3041032226160752,-2.174757216625584,
WT_16__TO__SCA3_09,True,active,0.4666666666666667,,0.33226905071122265,-1.805907055237748,
WT_16__TO__SCA3_09,True,active,0.5,-2.3135122983179444,0.34590118665263203,-2.4942337229856753,-0.18006321174738513
WT_16__TO__SCA3_09,True,active,0.5333333333333333,-1.897823881285552,0.18429620140009587,-1.9204369450259053,-0.16662569700469484
WT_16__TO__SCA3_09,True,active,0.5666666666666667,-1.070336820713682,0.200949177825634,-1.8305241418996538,-0.11705754150184987
WT_16__TO__SCA3_09,True,active,0.6,-1.1406252749645698,0.022324480192184585,-1.567255558783937,8.326672684688694e-17
WT_16__TO__SCA3_09,True,active,0.6333333333333333,-1.1745798812418828,0.022176749406352673,-1.4018827980360093,-0.0013268498488442913
WT_16__TO__SCA3_09,True,active,0.6666666666666666,-1.1717797341021574,0.022066561089100493,-1.4615673108704037,-0.001483253100503845
WT_16__TO__SCA3_09,True,active,0.7,-0.6329445845397554,0.021952277734021978,-1.204887620983037,-0.0017675154600532703
WT_16__TO__SCA3_09,True,active,0.7333333333333333,-0.6545799052953957,0.021823128879510382,-1.0163912108149555,-0.2349435035110292
WT_16__TO__SCA3_09,True,active,0.7666666666666666,-0.6263749249777568,0.016262850524002285,-1.2742770271693515,0.2028543153872265
WT_16__TO__SCA3_09,True,active,0.8,-0.4366687807072881,0.02158207968951609,-0.9323158044439697,-0.008956616058208243
WT_16__TO__SCA3_09,True,active,0.8333333333333334,-0.8240972236109796,0.021475293231250085,-1.289030656104574,0.19963410668407913
WT_16__TO__SCA3_09,True,active,0.8666666666666667,-0.45535514313917,0.2598298500425987,-0.9961805476378166,-0.24112004913460247
WT_16__TO__SCA3_09,True,active,0.9,,0.023941608776774932,-1.2890306561045697,
WT_16__TO__SCA3_09,True,active,0.9333333333333332,,0.021210742603699765,-1.0561248533912404,
WT_16__TO__SCA3_09,True,active,0.9666666666666668,,0.02114172298223999,-1.5522401474868255,
WT_16__TO__SCA3_09,True,active,1.0,,0.021082338125104075,-1.3823915106187425,
WT_16__TO__SCA3_09,True,isi,0.0,,0.15256235908066368,-2.1332922626353024,
WT_16__TO__SCA3_09,True,isi,0.0333333333333333,,0.12377722240571779,-2.089454205399158,
WT_16__TO__SCA3_09,True,isi,0.0666666666666666,,0.10719385617895585,-1.9319631700013875,
WT_16__TO__SCA3_09,True,isi,0.1,,0.12240845861619533,-1.8117410424655878,
WT_16__TO__SCA3_09,True,isi,0.1333333333333333,,0.13479383823761018,-1.7250762383083638,
WT_16__TO__SCA3_09,True,isi,0.1666666666666666,,0.12738206555203735,-1.6732039520272763,
WT_16__TO__SCA3_09,True,isi,0.2,,0.1369157599031471,-1.7652716505856338,
WT_16__TO__SCA3_09,True,isi,0.2333333333333333,,0.1773236530952405,-1.5100039688700881,
WT_16__TO__SCA3_09,True,isi,0.2666666666666666,,0.18674420840827435,-1.5623721332015177,
WT_16__TO__SCA3_09,True,isi,0.3,,-0.03567469050568958,-1.3917040907162979,
WT_16__TO__SCA3_09,True,isi,0.3333333333333333,,0.08833938869877013,-1.3225959847410864,
WT_16__TO__SCA3_09,True,isi,0.3666666666666666,,0.1563381396159735,-1.496058620384238,
WT_16__TO__SCA3_09,True,isi,0.4,,0.05546423441749132,-1.5463961847364174,
WT_16__TO__SCA3_09,True,isi,0.4333333333333333,,0.19977140707749202,-1.7863313532798688,
WT_16__TO__SCA3_09,True,isi,0.4666666666666667,,0.18464533337708613,-1.9169144796903177,
WT_16__TO__SCA3_09,True,isi,0.5,-1.710592344092534,0.20761748103273253,-1.8270609421246058,-0.09114888300066071
WT_16__TO__SCA3_09,True,isi,0.5333333333333333,-1.7155011797440165,0.08560544013636806,-1.9618872632195505,0.052213259612195535
WT_16__TO__SCA3_09,True,isi,0.5666666666666667,-1.0393496707257524,0.14188711998967463,-1.3270607500703244,-0.14986882797413936
WT_16__TO__SCA3_09,True,isi,0.6,-0.8942474983271386,0.23806954992523116,-1.2421090126417136,-0.04670693105254731
WT_16__TO__SCA3_09,True,isi,0.6333333333333333,-0.6072400405947118,0.15448463875836224,-1.0541730006658956,0.01975641095260156
WT_16__TO__SCA3_09,True,isi,0.6666666666666666,-0.9309046250374724,0.14725157185370769,-1.1716925495261812,-0.0028216555961846353
WT_16__TO__SCA3_09,True,isi,0.7,-0.17910341171731953,0.16878554165414456,-0.8314473102799286,-0.09111670248680587
WT_16__TO__SCA3_09,True,isi,0.7333333333333333,-0.5008580699924673,0.12896336998951435,-0.8613242156901129,-0.1329972034318466
WT_16__TO__SCA3_09,True,isi,0.7666666666666666,-0.6089492676332147,0.08801850643545941,-0.8290816881912918,-0.23068896185264898
WT_16__TO__SCA3_09,True,isi,0.8,-0.4502833680410773,0.06593417148840765,-0.90453564741544,-0.0012513805648847742
WT_16__TO__SCA3_09,True,isi,0.8333333333333334,-0.9211175275609528,0.059241911055993884,-1.1882935625859212,0.05299323177196875
WT_16__TO__SCA3_09,True,isi,0.8666666666666667,-0.3372159938218943,0.07983410136407912,-0.8529670700113777,-0.001401334609931748
WT_16__TO__SCA3_09,True,isi,0.9,,0.13101179951908243,-1.0815642747773724,
WT_16__TO__SCA3_09,True,isi,0.9333333333333332,,0.09506169268264783,-0.7441508035544163,
WT_16__TO__SCA3_09,True,isi,0.9666666666666668,,0.10864652477532269,-1.2006519247770042,
WT_16__TO__SCA3_09,True,isi,1.0,,0.10384155885137084,-0.7748713335534991,
