subset,p_intrinsic,p_component,n_biological_pairs,delta_isi_combined_median,delta_isi_combined_q25,delta_isi_combined_q75,delta_isi_kappa_median,delta_isi_kappa_q25,delta_isi_kappa_q75,delta_isi_J_median,delta_isi_J_q25,delta_isi_J_q75,interaction_isi_median,interaction_isi_q25,interaction_isi_q75,delta_active_combined_median,delta_active_combined_q25,delta_active_combined_q75,delta_active_kappa_median,delta_active_kappa_q25,delta_active_kappa_q75,delta_active_J_median,delta_active_J_q25,delta_active_J_q75,interaction_active_median,interaction_active_q25,interaction_active_q75
all_pairs,0.0,0.0,72,0.0,0.0,0.0,0.0,0.0,0.0,0.0,0.0,0.0,0.0,0.0,0.0,0.0,0.0,0.0,0.0,0.0,0.0,0.0,0.0,0.0,0.0,0.0,0.0
all_pairs,0.0,0.1,72,-0.088599886408694,-0.1336731284193908,-0.03783488985129268,0.11162483463611506,0.05188283572447333,0.186929521329822,-0.18763446225603875,-0.2506161782027492,-0.1315807522864981,-0.015098913184415209,-0.04308527920272463,-0.0031800431532476832,-0.13429509395603406,-0.19290214906873518,-0.06689965502696059,0.12748588687731505,0.051246518314918076,0.22291193155530276,-0.2586734161552616,-0.34909354515963603,-0.1767508995495376,-0.020772223905609066,-0.04638187621469078,-0.006718239796395793
all_pairs,0.0,0.2,72,-0.11208026521873457,-0.1854579096242112,-0.02343755553627295,0.2055331845885217,0.08321989724115132,0.3835114644538634,-0.31572024456197534,-0.4115695639141181,-0.21692593150669062,-0.05392077905442408,-0.13801839030165217,-0.013441355168608882,-0.20502200835165904,-0.3044769842287389,-0.0998077595805942,0.26811442085885107,0.10744552262067888,0.4919804324220851,-0.43474089612842237,-0.5742945283398481,-0.3196088875247849,-0.06920694335663546,-0.19039551546883143,-0.018108929200915502
all_pairs,0.0,0.3,72,-0.12357232197364397,-0.2207836070355707,-0.029580846563684652,0.2552675885313046,0.08150498111196142,0.5123110696232311,-0.41755740038866423,-0.5321206535827867,-0.30321686626681205,-0.051059178492404995,-0.15860085627184572,-0.012345982357235219,-0.23907228252266127,-0.38981151841824846,-0.11049585704402982,0.2817898535227082,0.08662530334114643,0.6786740840903781,-0.5585109118099967,-0.7277680935877686,-0.42170040043745693,-0.07971653239925858,-0.415833783290378,-0.021983050588326704
all_pairs,0.0,0.3333333333333333,72,-0.11861090931832605,-0.22769138520349697,-0.017221706455772413,0.23892855663726467,0.049378705576748935,0.532346141188828,-0.44693235507356804,-0.565312427483083,-0.3208815630719392,-0.052220441769228576,-0.180219897211219,-0.009038067682689999,-0.23683213565782613,-0.39129820329077847,-0.08602605369298598,0.2806861950920483,0.05735805807833143,0.7123109568506423,-0.604852742028813,-0.7767876817670627,-0.4560938933835568,-0.06789492095889504,-0.4511476410877301,-0.017191055419474854
all_pairs,0.0,0.4,72,-0.11303676607873583,-0.23780439405231546,0.009916483420025182,0.193243571334425,-0.0008133427618667588,0.5468535916494172,-0.5009436171872115,-0.6256244920106917,-0.3645722557938704,-0.06934933413547942,-0.19965894807553794,-0.011084291974015144,-0.225148444759581,-0.4317265509513725,-0.05860563851968083,0.2656921319955585,0.030106166061439496,0.8193594644926341,-0.6757602520731427,-0.8546285168072093,-0.5166457839233043,-0.09376779248227239,-0.48411654602119913,-0.02108961634874748
all_pairs,0.0,0.4666666666666667,72,-0.12622881765444427,-0.27324470420468683,0.042321142929307255,0.2093531067466014,-0.02095244329723192,0.47894531884596525,-0.5507068815330715,-0.6789417005520532,-0.4049009022400431,-0.08306614815998939,-0.18713937482815524,-0.012153424707510133,-0.24720235064248144,-0.4879654462266182,-0.057532278436271275,0.26952144074669426,-0.004350162304916694,0.7515483231306385,-0.7502184938195768,-0.922666306757417,-0.5795523502790927,-0.1059635298821826,-0.44949015827602057,-0.01681078679304354
all_pairs,0.0,0.5,72,-0.12118943640040475,-0.2756927557816131,0.0790374529950452,0.19555261498373203,-0.024306368257350094,0.447765763097129,-0.5735252842848655,-0.7037392770157166,-0.42532271415695616,-0.07974706025404615,-0.19000443295667052,-0.007761794615286808,-0.2394971410826246,-0.5026049536836467,-0.025669026989229588,0.2454342002958867,-0.02233092488337287,0.6639442685693749,-0.7641125169676755,-0.9488788384857401,-0.6063779249504936,-0.11772234692712752,-0.43875699904746723,-0.01284307327042226
all_pairs,0.0,0.5333333333333333,72,-0.11527802135607171,-0.26653650355957237,0.12496498263834471,0.19001928604710477,-0.042609938883356555,0.4509921599789213,-0.5946968672845259,-0.7274423173348021,-0.4386751659675871,-0.06731475515211957,-0.15321762634662894,-0.007821760200837913,-0.23107450654341127,-0.5025590043429218,-0.01589146573120487,0.245360728930426,-0.03508112007031674,0.6361128866992533,-0.8000046883699624,-0.9784613821501278,-0.62113915776534,-0.08875522757748244,-0.2892699000404083,-0.007865769344023638
all_pairs,0.0,0.5666666666666667,72,-0.10418901128898557,-0.271009858219351,0.18262212132941086,0.18893346218895085,-0.05389618264349005,0.4117511850822755,-0.6147247731016254,-0.7499425629485174,-0.45945022219128867,-0.06008865103957045,-0.16404995578137305,-0.007843610974319543,-0.2236488130358254,-0.4997575151679259,0.002336993006252029,0.2548227550019287,-0.05484939676209319,0.6576803675989464,-0.8226601231236186,-1.010490438160244,-0.6457354369739705,-0.08568503673356664,-0.264675243610914,0.003706132143923376
all_pairs,0.0,0.6,72,-0.09121197049903934,-0.2799976191581298,0.1279586794623789,0.16905798890148147,-0.07307907132157523,0.4114394782114052,-0.6339306938424834,-0.7713759968546814,-0.4667138199932256,-0.049717934544551146,-0.12994704872010798,-0.003652053571697844,-0.2209167977383812,-0.4718005327117846,0.02340716992242302,0.21822554947546502,-0.08042290625315421,0.5833814912719447,-0.8466722450010145,-1.0348934085313917,-0.668022705567546,-0.07559224285995982,-0.2219952473214295,0.009153118104624325
all_pairs,0.0,0.6333333333333333,72,-0.08005948084323167,-0.2747925186463251,0.15339148689276327,0.15038062950672865,-0.08221833886656656,0.3742978865747305,-0.6524288797630453,-0.7918187063901962,-0.4823800597936343,-0.036201807685784224,-0.13273906459928342,0.0005803351249857869,-0.2130411642607919,-0.47790845544641286,0.07425767441221856,0.2096787611336078,-0.09656270404677969,0.5364586151485895,-0.8772094079303907,-1.05812742568761,-0.6900820128421572,-0.08166036032264015,-0.19912458137956834,0.013131908611535792
all_pairs,0.0,0.6666666666666666,72,-0.08282344148551887,-0.3023821971559094,0.17785962636887478,0.1558265304933918,-0.09053513834173343,0.3467533960035384,-0.6701979768031018,-0.8113480922495309,-0.5082102150173421,-0.031131425767900178,-0.1409428855990518,0.005309339242376809,-0.23812125668319287,-0.47994492905409636,0.09326129700903135,0.19727106632023828,-0.12255354352692949,0.47926928688303205,-0.8895807029714526,-1.0872055223857635,-0.7113170477791274,-0.05759775169047421,-0.2110196704698053,0.020858247100645155
all_pairs,0.0,0.7,72,-0.0706227170310763,-0.3098726900392001,0.20350263505728852,0.16258265852945286,-0.09640339513154345,0.39264695008601047,-0.6872978785806101,-0.8300402337536199,-0.5120948560674863,-0.039944327592265225,-0.13783740232973668,-0.006437158523958375,-0.2349587817177016,-0.5956801910829328,0.11297648630963264,0.20053611001167726,-0.12331116678036882,0.48726976525472815,-0.9185843071563211,-1.109993513395195,-0.7323696607292116,-0.05629495653452708,-0.2213553874216107,0.005235270704711387
all_pairs,0.0,0.7333333333333333,72,-0.06503882517091794,-0.3100143663782632,0.22582963462979908,0.1520358834547363,-0.09947676186476245,0.35980745831502464,-0.7037634970730012,-0.8479528884749672,-0.5263957000932009,-0.04306688310444977,-0.14872384265731492,-0.008316414895186808,-0.2268219519516182,-0.6030291310586483,0.15890777680195345,0.196679647579999,-0.13475765534287867,0.4535344306538327,-0.9398476556758406,-1.1425481978245533,-0.7526477578602164,-0.060266176646830774,-0.23392611645069775,0.005910805720182266
all_pairs,0.0,0.7666666666666666,72,-0.06269514414678967,-0.4044201306479228,0.25511041629716297,0.11112584939842304,-0.1821173628418658,0.3419925553704869,-0.7197557775804742,-0.8651064549268948,-0.5524121203798471,-0.043530752312707865,-0.1430543141804773,-0.009730143481854414,-0.22892559525960215,-0.6112380632977678,0.17107216021548616,0.17536437809867203,-0.2003861220980459,0.41392548276482855,-0.9552163110545826,-1.1528429689028121,-0.7727819693416099,-0.05248094131389419,-0.21934601171044887,0.01821616756148936
all_pairs,0.0,0.8,72,-0.04625288687582743,-0.40739563740824813,0.29159520442646364,0.11327420354730558,-0.18997936549816097,0.30917133830781873,-0.735170077229095,-0.8813013977629254,-0.5536040046512636,-0.029615818741292106,-0.14096424750496686,0.01294942068418678,-0.22216050882538563,-0.6137927528280025,0.18556896134584475,0.16732883929495662,-0.2021500373001512,0.40236290701771493,-0.9801948894588531,-1.1888941302382996,-0.7910114248728003,-0.044362816818311834,-0.17856246318218919,0.01826143086801313
all_pairs,0.0,0.8333333333333334,72,-0.034925943760876196,-0.40736820493046183,0.32521259352258775,0.10777984065059432,-0.1974568561563703,0.3245251014035845,-0.749979345479421,-0.8968923351351792,-0.5665734814170361,-0.04252106490566072,-0.1301707846285587,-0.003233981659444357,-0.21084872592472664,-0.6163730898490934,0.23273580118663606,0.18059066784339833,-0.21072615832830222,0.41948720441257586,-1.0044934774684573,-1.2085275125240218,-0.8096756695720466,-0.05003247325280702,-0.17547505596690435,0.028346606954226444
all_pairs,0.0,0.8666666666666667,72,-0.022549590233706417,-0.40523087214845893,0.34973126075747535,0.1105592317787352,-0.24078015497256408,0.3385774189538516,-0.7643092866898611,-0.9118888662224273,-0.5791959087288717,-0.03457651197635898,-0.11081227207008673,0.015516561014886784,-0.1980510203858208,-0.6468944352002814,0.24984735337726416,0.13408483419611328,-0.2141661287486364,0.4111478139407573,-1.0124950972931879,-1.2314078756411906,-0.8281007171535752,-0.043424914942367804,-0.18104374727471845,0.02303013978184848
all_pairs,0.0,0.9,72,-0.07350538681004463,-0.4567650391187311,0.3862593452621623,0.10738741916571651,-0.2516739606937078,0.3525303846375645,-0.7783940925075441,-0.9263567274457809,-0.5989877588199933,-0.029697583668148925,-0.12137413038584025,0.016815571934079704,-0.19136161353654746,-0.7389642576091758,0.2991884204227662,0.1366337293004078,-0.21594285707932448,0.42052272893468334,-1.0359795668179996,-1.2517461277412751,-0.8387761102328426,-0.05049051128385103,-0.1782828014488183,0.027808914597024142
all_pairs,0.0,1.0,72,-0.00902043537434693,-0.4410536129765702,0.29192815996305915,0.10563818332193675,-0.2788178254603808,0.32218456826246983,-0.8178522878314547,-0.9668058613280631,-0.6262140373760352,-0.033261414544375534,-0.14383893697897487,0.0003656906487693476,-0.08133245803602299,-0.5994760568140272,0.2660264925796772,0.13607857619212135,-0.3026517496957651,0.43455290527397855,-1.0885615618738604,-1.3046232682425656,-0.8887674570721407,-0.04662061803354322,-0.1922307651448633,0.0678166298818138
all_pairs,0.1,0.0,72,0.0753987836145547,0.012871158599401964,0.12442599957664388,-0.13937777187657147,-0.19355974782225657,-0.07749181468771442,0.20808364282212666,0.15226935810623252,0.28394210148334553,-0.02182466700477957,-0.03822820955360154,-0.007677831945737066,0.1375099505167146,0.04442399765063637,0.19910197074454225,-0.16033247610078508,-0.22611151550231867,-0.09177190228941651,0.29569209584977596,0.21044225538214872,0.42713514563191346,-0.0285298656371933,-0.05577781426799454,-0.011787039700140063
all_pairs,0.1,0.1,72,0.0,0.0,0.0,0.0,0.0,0.0,-3.5694474238852304e-05,-0.0002618148761542107,7.85062651894283e-05,-0.0001013074315506721,-0.0003922039732339942,1.7719517164899055e-05,0.0,0.0,0.0,0.0,0.0,0.0,-2.9829829748959064e-05,-0.00019322651861977675,4.8377965000158376e-05,-6.15611329544026e-05,-0.0002894572281378298,1.3077486901068475e-05
all_pairs,0.1,0.2,72,-0.039614914956893565,-0.08630852961409917,0.004104671919973289,0.12409324372086505,0.05570088717900102,0.18649929120763373,-0.15696382637711134,-0.19572973599977211,-0.11865491293709067,-0.013177115954515019,-0.023620546283876637,-0.0046004512342128325,-0.0755165534378066,-0.13982835872370084,-0.019886320580390963,0.13065740162059442,0.06484213810689793,0.21045573481842167,-0.2093701823700651,-0.2711367390054618,-0.16674014623622702,-0.01868508474727465,-0.03399410560108572,-0.009215973539130938
all_pairs,0.1,0.3,72,-0.049205686076800696,-0.1318171268192409,0.04033145594738875,0.2501521287462264,0.10725330115922614,0.3727070710862344,-0.2716223294616539,-0.33385029532345584,-0.21158536090117505,-0.04155080209878819,-0.09232749862656826,-0.01175607464887888,-0.10350793148071755,-0.22821920700578088,0.0023534187462265765,0.2815775716318704,0.13151367522606489,0.4783140622578138,-0.36461641893994096,-0.45604214033397417,-0.29286423563580566,-0.05023509927934641,-0.1262923629331522,-0.016188445058741677
all_pairs,0.1,0.3333333333333333,72,-0.04616430812327545,-0.14948604304406743,0.06500196434221359,0.27620408059171553,0.12251002988392116,0.44186970617725607,-0.30544852901606767,-0.37144265675590865,-0.24084945386004675,-0.0533210965927078,-0.11127718196131858,-0.02364742806421047,-0.10845822945806533,-0.2518693968682985,0.01590735125115523,0.3396535757551563,0.1510106522514583,0.5859591491755133,-0.4029782721995314,-0.5086391456882056,-0.3280303357163743,-0.07177346364629777,-0.17045640724176436,-0.02145949279105068
all_pairs,0.1,0.4,72,-0.03239464863573045,-0.16812434360134337,0.11977968415922975,0.3440537372732366,0.1271248974656156,0.5661066107626027,-0.3658085135778658,-0.4384184321452617,-0.28303572200232313,-0.07628158798031351,-0.17735871099771586,-0.026228582970892797,-0.10744590126338105,-0.29499806384803706,0.06477787719304022,0.41084331174871214,0.17503541199380684,0.8060775556609974,-0.48522409301609304,-0.6020039687472978,-0.39707630199120847,-0.10587856232107598,-0.37195590516707905,-0.028978093253395808
all_pairs,0.1,0.4666666666666667,72,-0.01251302978625941,-0.18963535765360742,0.16153181255864604,0.39135257925367517,0.15254560894558386,0.5900417226893941,-0.4195050989418698,-0.4967220477820842,-0.3284046575293152,-0.09264016213797077,-0.2194119801646447,-0.02595261900769449,-0.09921034993819805,-0.3215058632382588,0.12398247940959489,0.4562215586508195,0.16527096184874226,1.0485127242537202,-0.5533755567837807,-0.6818055576011546,-0.46092549818663975,-0.1380053228073733,-0.7015688912934608,-0.03574772149540513
all_pairs,0.1,0.5,72,-0.0011516460165866447,-0.19091620596166353,0.1819375586058622,0.4188808579278366,0.16433645505880706,0.6419906395260178,-0.44431596867222434,-0.5241037940880505,-0.34798516798263324,-0.10750167087808554,-0.17131346167383193,-0.03204665500087279,-0.08701975646094273,-0.33684002003380953,0.15263824944843285,0.4936109696871567,0.1856574395446218,1.166789588801806,-0.5863761100894846,-0.7185231475590647,-0.48858824592009015,-0.1688364543263947,-0.871799791145854,-0.04519790152864746
all_pairs,0.1,0.5333333333333333,72,-0.0073481086285561575,-0.18400962963637557,0.19784862868869385,0.45000523206982745,0.1660187454016437,0.6665850373514329,-0.4678208012953164,-0.5499724169839935,-0.3681306707848429,-0.1079254495203319,-0.24176464917358406,-0.028227537315950478,-0.0864717579110083,-0.34551313337316525,0.17432850049734844,0.4969078184004191,0.20256351429187647,1.1053893359214544,-0.6157554138256787,-0.7509649056569005,-0.5187367164585852,-0.19534529219126953,-0.7160115527403783,-0.049449240040848594
all_pairs,0.1,0.5666666666666667,72,-0.006873399433784684,-0.1963234748273968,0.21809741130573324,0.44493118059025083,0.1788389191121164,0.728073557607471,-0.4902173889133168,-0.5741342404249563,-0.3867574250090614,-0.11964332630372584,-0.2528557308127272,-0.03861740215428977,-0.08503873815238289,-0.35903063832171644,0.19583396400597342,0.504202798406127,0.21495469565935965,1.2022147957252662,-0.6421810641004424,-0.785627688817288,-0.544153308426692,-0.19964684306904668,-0.7500397853951892,-0.05933816115186534
all_pairs,0.1,0.6,72,0.000542203358815909,-0.19480601072408435,0.23796025248504007,0.4087228714198699,0.17832335800419596,0.7898049229601234,-0.5116847740187296,-0.5969728143163728,-0.40539720208464475,-0.11944413214168192,-0.2863321094394721,-0.0297008294520133,-0.08150272366994532,-0.39051486512286016,0.21503577808395952,0.584146268027395,0.23785278564055445,1.2803049813557317,-0.6715165017925526,-0.8215106957071814,-0.5680992777046668,-0.2067427960467867,-0.7116911125359832,-0.046384219543067616
all_pairs,0.1,0.6333333333333333,72,0.006192270829146429,-0.24003301399242108,0.2601210615724642,0.40916592120417977,0.14942412558165136,0.7090809680063397,-0.5321163191518563,-0.618352371403953,-0.4233224474752226,-0.11801284320110403,-0.2885394464086309,-0.029121325380309895,-0.08794423420309978,-0.40629823759457434,0.239206370787852,0.61178829411444,0.242788198758687,1.133043693766757,-0.6983275900699695,-0.8416426532360485,-0.5904075004838824,-0.2191119575591544,-0.7886939167037947,-0.046886141978010235
all_pairs,0.1,0.6666666666666666,72,0.018869742109027785,-0.24173245561998677,0.2823759336458796,0.4342031551735851,0.14148786177955675,0.712274288082113,-0.551800529838948,-0.6384934861396402,-0.4407921501336334,-0.13740808967214924,-0.27439202429061554,-0.030871617911587823,-0.07385903265544333,-0.40414119256033615,0.2619614797164515,0.6113772519290016,0.2060685018468527,1.1313170201211311,-0.7209174183535196,-0.875419851929031,-0.6121852507900194,-0.22388619437539925,-0.7052397380517583,-0.04726655880106241
all_pairs,0.1,0.7,72,0.017457909220787923,-0.25082184827111187,0.3059904558490339,0.3424784169718854,0.11428725044975208,0.7402182982985768,-0.5702917363458161,-0.6570080179383756,-0.4571675359680848,-0.12316384384691664,-0.2464677512324163,-0.029042564472456813,-0.0688751616777617,-0.4019428227258755,0.2847046274821506,0.6552992375069765,0.14105666305285458,1.1339565595369008,-0.7445115791526399,-0.9012872550834456,-0.633457179550937,-0.25232978972585784,-0.5584988952372539,-0.04838733071249845
all_pairs,0.1,0.7333333333333333,72,0.03033128108389636,-0.2547526967484466,0.33008311994013595,0.3339231951560416,0.08647540809897006,0.777011845114372,-0.5876759798326436,-0.6760300487269202,-0.47325435267183735,-0.12783021105066683,-0.2558307011735455,-0.020666019811808854,-0.05123041698249706,-0.431208465685592,0.3088722172176639,0.5264081705651652,0.121294218998729,1.1753719685545176,-0.7717466770061856,-0.9275852277476972,-0.654246257869596,-0.23627575692907477,-0.6287941626059692,-0.05210897787693229
all_pairs,0.1,0.7666666666666666,72,0.03269007671820609,-0.25674418977673596,0.354704992709136,0.3450610261345395,0.09087724698404594,0.8318703863622423,-0.6045128361168286,-0.6941764236224973,-0.48882568005601945,-0.13494155554013587,-0.26102503396012505,-0.02804339387379244,-0.044784247079808354,-0.44193786076757335,0.33750600184138874,0.5290656441466909,0.10879868336928082,1.1366340495327498,-0.7895596235653397,-0.9493813564324818,-0.6745739263100441,-0.25906151445632974,-0.5580888799746944,-0.03914157967758758
all_pairs,0.1,0.8,72,0.052178987192464554,-0.2636979802163001,0.38057057625659335,0.36046580752566504,0.07814358180410322,0.6988841200780258,-0.6205664455160655,-0.7116890750218229,-0.5038984326244869,-0.14178331693990007,-0.24702531420957574,-0.027058099376819356,-0.04006097294174063,-0.4739880287972099,0.36620979021108147,0.5753816276790642,0.1190991771155697,1.2227777684070174,-0.8157909986641542,-0.9743515464062782,-0.6944602279549701,-0.2645626859194858,-0.6457207871089006,-0.04563824856536125
all_pairs,0.1,0.8333333333333334,72,0.04812959569891188,-0.2616851962248433,0.4066700387333446,0.3261721750546144,0.08520035053956214,0.6961391105140001,-0.6361530866575573,-0.7285622780620574,-0.5184874675535882,-0.11582660236291387,-0.26451838245547454,-0.024843790667472387,-0.030428780562813694,-0.5298524490593428,0.39272708721226834,0.6311306360454937,0.10768066572002954,1.2764317059960182,-0.8307028799667818,-0.9950746912807016,-0.713923927307368,-0.2664599553704934,-0.7133326645106501,-0.04267364142632411
all_pairs,0.1,0.8666666666666667,72,0.06366991055279404,-0.2677704792393524,0.43381187592930825,0.32153187989257803,0.045177664550996026,0.6666275839529376,-0.6512200158880734,-0.7447312111581634,-0.5326299696414106,-0.10511032886948485,-0.25450243473487233,-0.02481789839965051,-0.03896475310349791,-0.527432466944056,0.42487182456950795,0.5805155342009288,0.1048141821875289,1.2107757808540365,-0.851662800984752,-1.0188448158303463,-0.7329826168064253,-0.25467315263739754,-0.6488240379225494,-0.030758110248337075
all_pairs,0.1,0.9,72,0.07877715718104758,-0.2823335411051444,0.4623060608881273,0.3187481278135223,0.03219368602951333,0.6561694211902095,-0.665593093124421,-0.7604422903711728,-0.5463557673683389,-0.10164341996370285,-0.2795655144673611,-0.020416357051949094,-0.03809096006371136,-0.5251839937415819,0.45677758552563,0.490765866701147,-0.020925260722627494,1.2066443786378438,-0.8805188773289492,-1.038595721928041,-0.7516528124746983,-0.24563703141208815,-0.5761730439125188,0.00289197143497231
all_pairs,0.1,1.0,72,0.12005813935679027,-0.3101045838561232,0.5251442723539014,0.33064765284389663,-0.0974571949754224,0.6097745866220077,-0.7072734278394569,-0.8043995187712148,-0.5852523499323445,-0.08769350768517414,-0.2702448543687299,0.009312471760332178,0.01715531051830402,-0.583706385537895,0.4830642777887172,0.4764180586231923,-0.0882082680290068,1.2091365785900852,-0.9316672698941562,-1.0948567182926818,-0.8039910740337588,-0.21297896178608494,-0.5651027469959662,0.027591325487026558
all_pairs,0.2,0.0,72,0.06243903644853113,-0.03581562532039988,0.13525817788289643,-0.26812170576078087,-0.3742678746734508,-0.14738333891924135,0.34592074602500206,0.2282924198384024,0.5008962123936274,-0.042800203707691865,-0.10629220078861154,-0.023348168591756126,0.19944070485614784,0.03696185938694969,0.35291894463603024,-0.30209062073240833,-0.43425083368086537,-0.1678767698457378,0.6207525121018358,0.4351240214742448,0.8842071196105532,-0.09294898865413748,-0.2043658925600742,-0.045688968358824134
all_pairs,0.2,0.1,72,0.0033955114088209575,-0.0370226638033799,0.03853247015218261,-0.1373783685596755,-0.19353745723364743,-0.07413272946361155,0.15869848302802642,0.11402490098801589,0.19572545928434304,-0.013344730113659265,-0.024552146924844205,-0.006493236040083296,0.06104162463636942,-0.003792427486639872,0.0981431201897115,-0.15574726198744038,-0.2244554019807104,-0.08901113213531874,0.233848039677981,0.1821265142363339,0.29461662187615484,-0.019245728709922097,-0.03758298706825944,-0.00917151339613417
all_pairs,0.2,0.2,72,0.0,0.0,0.0,0.0,0.0,0.0,-6.173109004772859e-05,-0.0001928015383814533,5.413553450713154e-05,-5.16211618133422e-05,-0.00020866913319308322,5.669881696292525e-05,0.0,0.0,0.0,0.0,0.0,0.0,-5.1246081898520555e-05,-0.00013084834580709415,3.966826085116324e-05,-3.434865039184111e-05,-0.00015400351096379539,4.164619247067789e-05
all_pairs,0.2,0.3,72,-0.012346742609018767,-0.04407095305147007,0.04590209816769562,0.1297710249582668,0.05800606262285836,0.18798031507518015,-0.13059452703385616,-0.1552042592585456,-0.10520547412879476,-0.01012762796944255,-0.01898542497444329,-0.005946236252062309,-0.03500803976086318,-0.1254835711812839,0.032697948605834457,0.15278840510165034,0.06889753976713378,0.22783967134380445,-0.18269528862895068,-0.21981638622664187,-0.14227283769150018,-0.017339953637437937,-0.028310623473783263,-0.007606747571976592
all_pairs,0.2,0.3333333333333333,72,-0.012892445877783092,-0.06459919275731232,0.05965644214292183,0.17350057733643615,0.07689803819449903,0.23853581395373863,-0.16240664719669382,-0.19797138433806474,-0.13913386126670113,-0.016401674699083345,-0.03236749202925993,-0.009242504754891766,-0.03790489193856339,-0.15162733657410554,0.04869775436964498,0.20635331703160467,0.10331376383809196,0.3148328226094365,-0.23150316013431899,-0.28437611169785004,-0.18524103432771175,-0.025474252076767102,-0.04822742125105148,-0.01312046603265468
all_pairs,0.2,0.4,72,-0.002073053714499862,-0.10124674942042772,0.09547499736035017,0.2532598334541762,0.12087890404764169,0.3526124520981828,-0.23061235314355966,-0.2752075894781835,-0.18836204114462765,-0.029878349566692688,-0.06923953546149153,-0.017377278134951955,-0.03847520947694729,-0.21111760117138934,0.0861015912780465,0.31518508049327426,0.15013516145168754,0.4944842921883552,-0.3209478951917789,-0.3869740464883349,-0.26029190040948036,-0.04941536155733736,-0.1138737984494875,-0.024255956084472313
all_pairs,0.2,0.4666666666666667,72,0.01946036616788574,-0.12150266278673943,0.13742434787410374,0.32702855930526165,0.14750754138681216,0.4705176654972052,-0.29426335854631236,-0.3474251231820964,-0.23795343102610286,-0.047295109888493066,-0.11619174757988511,-0.02336007369573229,-0.02905142172640571,-0.25223466591126614,0.12408418483306174,0.42572529127592684,0.16159582995207664,0.6919646170832646,-0.39443063942616674,-0.47816646747376307,-0.3325544681909378,-0.09065180529504863,-0.23418513466686874,-0.037260635193251075
all_pairs,0.2,0.5,72,0.030197580808308432,-0.11718977640988118,0.15965133058644326,0.3577030843351964,0.16355079515555998,0.5137264755041205,-0.32111788456248036,-0.3788809915359034,-0.26136787008648177,-0.05335099554665418,-0.12099489887340382,-0.01890296078835735,-0.021992960731006612,-0.2722803851501397,0.1455529562555701,0.48537829586335013,0.18337277461377563,0.7968369670372832,-0.4330978605793181,-0.5171608326719875,-0.3611333334974866,-0.12111868024307099,-0.27894980363743077,-0.045851440810273286
all_pairs,0.2,0.5333333333333333,72,0.0378125850105355,-0.11751726290094314,0.18143963892722467,0.3990674778125736,0.16994954908732057,0.5843903517143568,-0.3451249185539236,-0.4073249747148768,-0.2789287893730669,-0.06423363874903532,-0.16417307730593758,-0.021080444043042997,-0.010515851846588535,-0.28654833712263095,0.1717564126711799,0.5397922901950976,0.20150941309073023,0.9184951980845268,-0.46842959712480126,-0.5565138534618553,-0.3909674971145979,-0.13460547875052414,-0.3745525886950381,-0.045163620017595815
all_pairs,0.2,0.5666666666666667,72,0.047017932764885945,-0.14716799330038338,0.20461131289675785,0.4258251253473996,0.17058706918562333,0.6421796775171125,-0.3691355372353953,-0.43395840391178986,-0.29897523247056396,-0.06841571598527088,-0.15473211701536307,-0.03175296179873646,-0.0030938128860876005,-0.30129294106687904,0.1948154528472123,0.5545052719688379,0.2035150403153903,1.055458567702529,-0.5039023362036981,-0.5959347256904399,-0.41912075909226076,-0.14411755615069893,-0.5172546378844495,-0.048840395738739245
all_pairs,0.2,0.6,72,0.060054468539501034,-0.1351196526066038,0.2251548840243728,0.4531386685074484,0.17073269411561448,0.6675942251044671,-0.39170597379994576,-0.4590361742686909,-0.3215308861115391,-0.08031961159883347,-0.1888961627058473,-0.03254808732100296,0.010903796401179163,-0.3009640581290157,0.21727987256539089,0.5791643614244844,0.21887515128629156,1.0991079054207389,-0.5361925145468409,-0.6252482914659572,-0.4458771251060736,-0.19770741822668014,-0.616663550870215,-0.05137700240578259
all_pairs,0.2,0.6333333333333333,72,0.07076112344436017,-0.14281810803949785,0.2505849349808716,0.42486677819304036,0.1690854695755531,0.6678351101208844,-0.41337487559769776,-0.48305704882849415,-0.3366438078695889,-0.0904726867745145,-0.17488838307818946,-0.03194320966103757,0.01858695478419262,-0.32335062047087115,0.23996369932023648,0.6274680664341565,0.21749649449969477,1.270399585164017,-0.5634823969077911,-0.6535257609399072,-0.4736662566571817,-0.25234186220043103,-0.7680122321831708,-0.06015842123567819
all_pairs,0.2,0.6666666666666666,72,0.0795742844864312,-0.15852602895575366,0.28057806780011785,0.46551577458388155,0.17582190033046152,0.6850413982821735,-0.4340211519871053,-0.5071040111634932,-0.35437723898434426,-0.09368139800182819,-0.18999057024480207,-0.031092686234013227,0.03151968441367281,-0.3247865702185481,0.26944540319656085,0.6788164509758288,0.22174096667931903,1.2167187641492985,-0.5875799948110657,-0.6810836696556728,-0.49960476485718797,-0.341751012467113,-0.7229197524593529,-0.05894763411312387
all_pairs,0.2,0.7,72,0.09492589354887039,-0.15082467693626275,0.2892963227529837,0.5038903962953432,0.17946112284562976,0.7431249203965425,-0.453257171905885,-0.5294398885160262,-0.37147299767547803,-0.096306029079805,-0.24301682468824448,-0.036118051648171064,0.03331055862237427,-0.3252139651498791,0.29435742805247234,0.7248194898605762,0.22789423989836863,1.1632695760620375,-0.6163387456825116,-0.711448538718542,-0.5224878956351329,-0.2707290452557958,-0.7814037020033129,-0.058796883228424496
all_pairs,0.2,0.7333333333333333,72,0.10840388589569039,-0.14934204154707215,0.3229674696538635,0.5124879886063004,0.17764555366257054,0.7952973305545141,-0.47156179281461247,-0.5507768998512723,-0.3860941050030158,-0.11049371338074164,-0.27603358866180105,-0.040879857127242195,0.02845202702603332,-0.3950131276085463,0.3262459318065168,0.719666110575672,0.2538579651950602,1.229519690700726,-0.6405285089812532,-0.7399154039066961,-0.5462596466839905,-0.2562355471942912,-0.8744312231199055,-0.07442569839328976
all_pairs,0.2,0.7666666666666666,72,0.0989845730401989,-0.1570619273281892,0.3606992383332114,0.48920036860144717,0.14987538220906904,0.8273801612809235,-0.4892721434592513,-0.570753235227727,-0.4022636889617924,-0.12120067428214863,-0.27564258459237556,-0.04037267441334619,0.035873907731020616,-0.3955158195594204,0.35225213078962225,0.761494567804826,0.2704919876497775,1.2480359076351923,-0.6711626087935967,-0.7648591082720888,-0.5694293193297201,-0.28245957662747395,-0.7654699583830601,-0.07249283106303939
all_pairs,0.2,0.8,72,0.09368817224830088,-0.20644831823531853,0.39258055352581006,0.44252676246954287,0.13443074818638046,0.810268323342775,-0.5059330462353768,-0.5909319852966979,-0.41930496952398455,-0.11899982700704492,-0.22082743218237327,-0.04423357244941689,0.037915894337007525,-0.40150437534966776,0.38794811981866306,0.6971420793197496,0.26786745933164624,1.2941493333113216,-0.6964823266508648,-0.7881927207234839,-0.5899254024926299,-0.27336254737609744,-0.7678620479403048,-0.09487114064049076
all_pairs,0.2,0.8333333333333334,72,0.10709341435861058,-0.2048725069026745,0.42246390912301274,0.46005371093387604,0.13229975539427813,0.8687030583568196,-0.522488524665897,-0.6100253609388069,-0.4331685423060994,-0.1112294624312023,-0.24316556842550163,-0.04753892376426623,-0.030526479694662604,-0.4755654911210032,0.40910512096716983,0.687983308252375,0.2830254264647822,1.2431934123240502,-0.7194838021188297,-0.8142295078285505,-0.612028293893212,-0.22284303863382793,-0.7970610870132853,-0.07441034855362308
all_pairs,0.2,0.8666666666666667,72,0.10490077627340401,-0.21800042276132456,0.44857901183033133,0.4468202760582813,0.14750478503128475,0.8222240393485301,-0.5384888326520552,-0.6280883906946084,-0.4492131048603123,-0.11061612282312314,-0.19750121749747623,-0.0394133138777395,-0.026327742559307803,-0.4807046979102298,0.44523435033539516,0.6701489223673405,0.286598073217036,1.350758358195213,-0.7395393526720192,-0.8360661683564752,-0.6319541281814673,-0.22987418349808786,-0.7395084232986473,-0.0788490912750776
all_pairs,0.2,0.9,72,0.12145050541235079,-0.236751593573987,0.4847919569218544,0.45548016117276624,0.10134807591790698,0.8471194952819356,-0.5544718581145018,-0.645783513871605,-0.4637944923217439,-0.11968414196082149,-0.23581431486743007,-0.03313941948160376,-0.012124902640268652,-0.5062101162762446,0.48227235884595804,0.6991675805371917,0.2497775073101353,1.3840640437396108,-0.7614958633395136,-0.8553698580366228,-0.6498737963308973,-0.22908260346722023,-0.7800370773016139,-0.07057710954007619
all_pairs,0.2,1.0,72,0.13495570003109633,-0.253889281959906,0.5511294726997872,0.4455433498224515,0.0829135340299481,0.7024112431461553,-0.5997579685352439,-0.6945884527803148,-0.5025769947764703,-0.11077737834431178,-0.2122894799038637,-0.0037283266646465072,-0.005834418066019902,-0.6637122926317269,0.589082882523368,0.6745581037187801,0.19053313574499636,1.519557374199294,-0.8200181381766396,-0.9226173127936774,-0.7051286525552416,-0.23095537726649762,-0.48679383025188083,-0.08408459559961237
all_pairs,0.3,0.0,72,-0.02310509880920282,-0.13225185403922934,0.10688145211815667,-0.40648562353848416,-0.5357600193914258,-0.24485543313115277,0.4649601474805974,0.27786972067073334,0.6341977918499562,-0.09640572929554428,-0.18802224621264038,-0.038340964108217926,0.18435789621762996,-0.01079012937189298,0.4177758300091147,-0.4753027464951818,-0.647849708063716,-0.3235984224790454,0.9570549336780054,0.6350813448827427,1.416071878289325,-0.16850203342325898,-0.4766191414942202,-0.05915018972752538
all_pairs,0.3,0.1,72,-0.05758972588155174,-0.13336910980160344,0.035078556873639345,-0.2734462295924968,-0.35788462248410036,-0.1577325169975975,0.27955497362002624,0.18841840532281684,0.3695733533231503,-0.041913917508827656,-0.07575722157888214,-0.020705634287804447,0.07414827195176402,-0.054026081669358114,0.19539745352466226,-0.3140261414208075,-0.4452099372471273,-0.2216226576935521,0.48948059862024584,0.3588323462942561,0.6055323471920989,-0.054465333623524,-0.12610928396607057,-0.022603007715777314
all_pairs,0.3,0.2,72,-0.02767975398894341,-0.07368565012650502,0.00757322613519182,-0.13716819865810287,-0.18487283794137432,-0.084169023785479,0.13380362792566897,0.10032400914978655,0.15981789147639616,-0.012267015143593102,-0.01916663584321105,-0.00446044894101931,0.02021653873953174,-0.053818114762409004,0.060130430326687793,-0.16108638279791057,-0.22740257399131922,-0.08970589400536882,0.19258658898111453,0.1472122744916179,0.22740143321119194,-0.0157007232875752,-0.02533115736247654,-0.007310299150824843
all_pairs,0.3,0.3,72,0.0,0.0,0.0,0.0,0.0,0.0,-5.4041828429496436e-05,-0.00021820941498521026,3.2282231484007046e-05,-5.833040362931967e-05,-0.00015171473985969852,4.314402170162157e-05,0.0,0.0,0.0,0.0,0.0,0.0,-3.35324924942218e-05,-0.00011568361664524402,2.5628642636402188e-05,-3.059028656485216e-05,-0.00010215351973065713,2.0978874974417174e-05
all_pairs,0.3,0.3333333333333333,72,0.003546079874320859,-0.013466598616220899,0.021545231138108096,0.04297639298805574,0.01588092151953309,0.057527808962146536,-0.042099449142066134,-0.0475662944381896,-0.03403057170455792,-0.0013757589859765863,-0.00199399691344292,-0.00036220050904116336,0.0007881966602543626,-0.015772755306760863,0.015076655365839763,0.04641822370015265,0.011540742852269567,0.07407262389872873,-0.054758782111260104,-0.0664299940113412,-0.04300037371705915,-0.002153103178390422,-0.0040751753322928125,-0.0007095155023924982
all_pairs,0.3,0.4,72,0.01412397938169567,-0.04992669257358813,0.06118510050730368,0.12625926642516927,0.05880553451145204,0.18197278441473108,-0.11259229366853254,-0.1267369949237261,-0.0909413626037441,-0.008956780706918422,-0.015615144284732844,-0.0035755286201972305,-0.002148754510144324,-0.09377118435525367,0.05246335115688014,0.16134148040641172,0.07136858611750002,0.23728634843169322,-0.16085777915404614,-0.19242291050711718,-0.12604063684986028,-0.013665479237709464,-0.023227589762007117,-0.006854103150934564
all_pairs,0.3,0.4666666666666667,72,0.031129234238384786,-0.07251729929271225,0.09923644592427373,0.21280680904760946,0.08136439147238625,0.27183472153719207,-0.1793469360512018,-0.2055198800669552,-0.1441412649240082,-0.02011163905088985,-0.041436655951184086,-0.007910754618044299,0.0062044506226050546,-0.15087602090304011,0.10282887126552678,0.2672719868174013,0.12352582239028545,0.4002818291865387,-0.2502610476486972,-0.30077212511449697,-0.2036733940060529,-0.03145246085093598,-0.06642866076186635,-0.014742208168415885
all_pairs,0.3,0.5,72,0.0392349368875499,-0.08172751084339248,0.12228821504361755,0.2509755753562471,0.1036758122968209,0.32258118498959687,-0.2046801852917929,-0.23743228770818728,-0.1683132978054196,-0.028705814908143668,-0.05377499376762727,-0.011953490225884105,0.014618784308774602,-0.1795679121776942,0.12574757573396866,0.32296922217610813,0.13479789904984227,0.49720253809067383,-0.2919023589673885,-0.34994266329848694,-0.23717970367073285,-0.04602429732714368,-0.10542402436015332,-0.023171820140210787
all_pairs,0.3,0.5333333333333333,72,0.05125126793071136,-0.0867628656451371,0.15149048138131424,0.2814051262517201,0.10564542943580008,0.3768312002459401,-0.23674376573480743,-0.2664978803361454,-0.19163559770477842,-0.038350569226164484,-0.06512513110603693,-0.014986064121800969,0.02148013557369194,-0.2078744911594621,0.15072167760235533,0.3827853503270878,0.14990963276914993,0.616940757369856,-0.326914291851075,-0.3918878314752694,-0.27053540456163433,-0.06220465886069169,-0.14018887541861405,-0.025267281113465254
all_pairs,0.3,0.5666666666666667,72,0.06548595292604342,-0.09455602454499268,0.17134323290103454,0.3101243396074007,0.15392028191578094,0.456340134111502,-0.2640062304559779,-0.2984192097934106,-0.2147582842641661,-0.041189242983229665,-0.09514501176792486,-0.016157464586648428,0.02450992940535105,-0.21578740350236128,0.17644363527519313,0.4436247835316014,0.1780733511036724,0.7062104875431365,-0.36195941416455024,-0.4365773042489498,-0.29944978291712804,-0.0795922705085853,-0.17470207534944315,-0.03084966161188748
all_pairs,0.3,0.6,72,0.07595556990266239,-0.07991886747025248,0.1970106373049733,0.34064346848669336,0.1699587561797487,0.5156025457709218,-0.28015301231398493,-0.3267348717070009,-0.23748268214518517,-0.04498364248770799,-0.11452036245769254,-0.022863586150801536,0.030173086415856823,-0.22617447425989806,0.20321380972953235,0.5121627355973033,0.1927929380904981,0.8044939180517783,-0.39653467236066464,-0.46947299469552983,-0.32791786247614796,-0.09459656597398412,-0.23902208034111785,-0.0347335107805661
all_pairs,0.3,0.6333333333333333,72,0.0912534295111574,-0.09720084158358436,0.22198625019524648,0.3658472145675451,0.171147594756578,0.5884921996499177,-0.3064404621405407,-0.35155853350343047,-0.2608602135705729,-0.047083079635381504,-0.12401662024223553,-0.019507425466414884,0.03473351369337445,-0.23349930826434284,0.21803046125654715,0.577443813973768,0.21736009376382243,0.9236924345298531,-0.4276111155031149,-0.5033932959771931,-0.36262297326031934,-0.1050842882882288,-0.27741105789461146,-0.04901868278896364
all_pairs,0.3,0.6666666666666666,72,0.10346745446306158,-0.105098341978666,0.24324427034082144,0.40744638204261463,0.163131035729915,0.6173706290386116,-0.3291705047413489,-0.3832672143234318,-0.2813915435231022,-0.04906779730668437,-0.12067078975704568,-0.0220820931044146,0.042399779754110814,-0.2427855868167696,0.24209323168987373,0.6592228580456854,0.22451235978023504,0.9460614249501291,-0.4583120770627182,-0.5487916984058212,-0.38376349194030396,-0.13569731177033284,-0.355137979374007,-0.04539536567380477
all_pairs,0.3,0.7,72,0.11955659950302755,-0.10630639059359936,0.2716297759431511,0.44986561908471534,0.20648599085204142,0.6796440237147807,-0.35144615047831124,-0.40719836828963224,-0.2990595727886939,-0.05992887051213225,-0.1331811733520373,-0.030505068232426682,0.07916405900394884,-0.27144422496870846,0.27056485371097333,0.6527780252460473,0.2739619903158815,1.038598166555266,-0.48768359187856525,-0.5911325989336529,-0.41572984112719136,-0.16093806476064024,-0.402748211844426,-0.05670799690685312
all_pairs,0.3,0.7333333333333333,72,0.13430176640809155,-0.10184690734595672,0.30065471803268073,0.4426482242442634,0.18384456653394865,0.736027650182482,-0.3710086920610449,-0.42995582125426735,-0.31461275552130524,-0.06099280373029281,-0.1310285832694156,-0.031628732991491944,0.07493732841641915,-0.28560529765035136,0.30119509513756637,0.7230204744107083,0.2620656865359804,1.1589842752049773,-0.5136559784771226,-0.6195223959242271,-0.4409410391306895,-0.19135400598996077,-0.48913544010278415,-0.06055808984802512
all_pairs,0.3,0.7666666666666666,72,0.15495552465168272,-0.10741095100061125,0.33322789187215396,0.41628887375925444,0.18270638141256867,0.6972630551182022,-0.3911178278802115,-0.45171559430546593,-0.3337280994821403,-0.06265450109186366,-0.13458719018291718,-0.025710348670532124,0.08696977664791242,-0.29846227442820955,0.3306785969769058,0.7578890927890467,0.2663899834439679,1.2379100243262315,-0.54105634166967,-0.6540806549713326,-0.46207264722335695,-0.24027890932181362,-0.7082750657185163,-0.06796300000894606
all_pairs,0.3,0.8,72,0.16793445662949014,-0.1121654996025734,0.3727128680014512,0.43089766276345953,0.17371066562557588,0.7162824852846991,-0.40908254290935325,-0.4725035160881592,-0.34628300640328985,-0.07310055650433,-0.14652847770502536,-0.031108104826052252,0.08412492029120505,-0.35138551123146133,0.3636573583202062,0.8093178404807329,0.24860339552894978,1.287641520694853,-0.5654519969992493,-0.6815994741858454,-0.48884325689786073,-0.2558630222470176,-0.7854073972043567,-0.07166612214247413
all_pairs,0.3,0.8333333333333334,72,0.16457886774721403,-0.12419962426111324,0.38535528411392905,0.46120052544286355,0.17328621235288685,0.7672743112932418,-0.4279796251369322,-0.48418647242531865,-0.36581447294927727,-0.0688781191147747,-0.13852311729951242,-0.034293932260931005,0.07266955186706546,-0.34446541399984315,0.38976743135414893,0.7518156048702241,0.2614385844391053,1.2773290362471645,-0.5913653702341166,-0.7150300477255302,-0.5059138199901451,-0.24282839885960808,-0.635787747645073,-0.0840085374687678
all_pairs,0.3,0.8666666666666667,72,0.16222236897577738,-0.12198517040236458,0.41658697100973535,0.4636636834211256,0.1795774434190792,0.8053667353896984,-0.4459761899798784,-0.511147946311954,-0.3783139910752579,-0.06718611580059286,-0.12632169341747512,-0.03374901448725169,0.0321277654869415,-0.3633431010104488,0.4246446823045258,0.7471003927179909,0.27960369032334415,1.305395378963269,-0.6144683225361085,-0.7489510842137874,-0.5314951601135515,-0.17652957903109873,-0.6764098992096469,-0.09343899534567905
all_pairs,0.3,0.9,72,0.16802829895422688,-0.13438525376761845,0.4479651877091185,0.41270177583174444,0.1472392049115876,0.8142894118405901,-0.46369123820839886,-0.5301573407704152,-0.3965856113508589,-0.07298833669504431,-0.13720801451086226,-0.029384831403624904,0.030333103912584487,-0.3868716788350246,0.4520883544054916,0.7475480062759101,0.2889666885659077,1.2152690886028794,-0.6339868808806435,-0.7765841854598048,-0.5488758486925662,-0.17432258570103737,-0.6294131016082105,-0.08191145086291063
all_pairs,0.3,1.0,72,0.20151660083709888,-0.11165956182910111,0.5659918224843569,0.4246211586972376,0.07008698850112832,0.8200227159146151,-0.5126596089815175,-0.5843375375008537,-0.4369759089760564,-0.0880793680988054,-0.17227079955785363,-0.033324961282188814,0.03809564834130868,-0.5492304914568688,0.5789319754280375,0.7697223914151479,0.2652600381276304,1.2809139293175291,-0.700333554211625,-0.842281114717975,-0.6103598178821251,-0.2422693731501463,-0.5841188789517494,-0.06000529281034084
all_pairs,0.3333333333333333,0.0,72,-0.028070706743875923,-0.14834407183365583,0.09225099802356684,-0.4402103136144606,-0.5851158826978754,-0.2801258692259715,0.48681259604893107,0.2784933386378971,0.6500382816707955,-0.10109700056639567,-0.18035237460925274,-0.04035155911450877,0.1939678360849139,-0.02721254582957572,0.4773635190915896,-0.5209283536448328,-0.7245132731895763,-0.36490653287814784,1.0080839943904918,0.711009883098223,1.5501511584644614,-0.22643995648942897,-0.567762800930681,-0.07015147111222725
all_pairs,0.3333333333333333,0.1,72,-0.07563595357674019,-0.15867530888081846,0.02671747197910992,-0.3185945657208,-0.41208268499326395,-0.18900900457400693,0.3192531169107247,0.21970164360686417,0.42194377951310896,-0.05813177252519826,-0.10425955741410098,-0.029937299208255615,0.06681763767161503,-0.07963754287818288,0.2209774113762408,-0.365134609723983,-0.5115056684978169,-0.25456119693925117,0.5656202681387366,0.4046128722709767,0.7276085144738955,-0.07692868558472837,-0.16836875539693796,-0.03274403466048211
all_pairs,0.3333333333333333,0.2,72,-0.035163039987023706,-0.10155430002210722,0.006061709007221632,-0.18157120311118155,-0.24668173507062166,-0.10955377867845183,0.16557682774657662,0.12600029237788632,0.20661844533454607,-0.015697673284138507,-0.02943689007921241,-0.00715437604689224,0.023259090598023453,-0.07113431806012228,0.08079045189289355,-0.21639166097855644,-0.3075256145053883,-0.13828537665284538,0.2651379181045962,0.19818208445045063,0.2988636957886007,-0.025789489347207872,-0.03869449107297563,-0.011389019613166658
all_pairs,0.3333333333333333,0.3,72,-0.010247189244326854,-0.025400909266948126,0.0032592619585055825,-0.048446820223642904,-0.06614281008963481,-0.027966203862595785,0.03991399753354492,0.03149363709495401,0.04532692460884177,-0.001456106802722956,-0.0027897630151123686,-0.0007515176101383482,-0.002557634368417794,-0.021943241759298637,0.005886106850287232,-0.056567997353937985,-0.07860125961382941,-0.0340410507698862,0.05361386614266952,0.042229921217257355,0.06258126085302358,-0.0023745910245233093,-0.00392841652656729,-0.0007771587215960537
all_pairs,0.3333333333333333,0.3333333333333333,72,0.0,0.0,0.0,0.0,0.0,0.0,-5.985928671980566e-05,-0.00016269174506313049,4.9185412486899005e-05,-4.5557020932864706e-05,-0.00019956979507331716,6.263402153692396e-05,0.0,0.0,0.0,0.0,0.0,0.0,-4.417778603659633e-05,-0.00011004853427485152,4.001511707218963e-05,-3.0496509714924518e-05,-0.00015573141243797143,4.25603970453393e-05
all_pairs,0.3333333333333333,0.4,72,0.012823683144528147,-0.0351234975472874,0.05014126444020355,0.08436280950215799,0.03879526510490851,0.12119866450137504,-0.07663064589144265,-0.08413310366197374,-0.06057488433870422,-0.0039359846678649335,-0.006790706315740743,-0.0017446441668289678,0.0037983576389370756,-0.058605119187635106,0.04086854838900729,0.09781767125743088,0.034987839144662705,0.15240568792275713,-0.09988543973091733,-0.11809176666427254,-0.08145311474354497,-0.007864344620762496,-0.012600373446465106,-0.002968616626132296
all_pairs,0.3333333333333333,0.4666666666666667,72,0.02831967519779869,-0.05998782360583176,0.09106077358864728,0.16374855650399428,0.06725957761563972,0.21788918096804955,-0.13697600891955852,-0.15830642511313822,-0.11453519002640641,-0.014443940827141876,-0.022445919174828306,-0.006336352877582871,0.010903372275776008,-0.1213092283991613,0.08932754040213116,0.21072293193740999,0.0903149138155518,0.3195674519596169,-0.19766108354587564,-0.23104437339982536,-0.1598842211385189,-0.022974310085683486,-0.04314862901623625,-0.010651096423387695
all_pairs,0.3333333333333333,0.5,72,0.04036222472292345,-0.06787648520990164,0.11701545964522013,0.20076863914997017,0.07948710405457499,0.2782968900432312,-0.17356446411630022,-0.1919400967822943,-0.13201825772498152,-0.019389632966201813,-0.03489602755712803,-0.007631377437411213,0.015838621550468245,-0.14077833763737801,0.1102751237300911,0.2688616513918015,0.11046969592757465,0.40379177643970154,-0.23710259253354532,-0.28618209369666936,-0.2015607554796586,-0.03494414794174652,-0.07325175090475342,-0.015628847898069412
all_pairs,0.3333333333333333,0.5333333333333333,72,0.05061437616533647,-0.07568608595395347,0.1397023570501869,0.24124544519937974,0.11450302875165733,0.332258285768419,-0.2054427312901384,-0.2243493324342425,-0.16200870169568624,-0.027486282319692926,-0.05167538510517926,-0.01096540826740942,0.02538259060662467,-0.16773200708394068,0.13534799011532092,0.32213814144215663,0.12725133388521745,0.5041541306074091,-0.2778391540594924,-0.3318010357712272,-0.23043582290556391,-0.04410604603432369,-0.09929344375776729,-0.018915729863301693
all_pairs,0.3333333333333333,0.5666666666666667,72,0.06438981906091483,-0.08015358185543327,0.15913628824767598,0.2723083053398059,0.1323062404104453,0.3858387357972516,-0.23093330854599686,-0.26246932445715343,-0.1849749240103637,-0.030899402641098472,-0.06633787051702761,-0.01044251320972537,0.03579536817070885,-0.19094349307229969,0.16567558339001637,0.37549357724364274,0.16419681985771917,0.589830835510474,-0.3105835466233288,-0.37138665970968965,-0.2592329912683436,-0.060747042324733574,-0.13265120311009182,-0.024710975005493744
all_pairs,0.3333333333333333,0.6,72,0.07423406767771135,-0.0860953450862551,0.19660274575371323,0.3093230502313668,0.14244645985831772,0.44943829049393813,-0.2566526446569296,-0.2851164216317199,-0.2065065688448106,-0.039466035981053874,-0.0827186771047741,-0.013709998876495235,0.04329673488341441,-0.20780681434296872,0.19349014260971836,0.4415060923483686,0.1796928527999517,0.6815501144957721,-0.3436013937877882,-0.4115045879667957,-0.28907060694582515,-0.08746749070365578,-0.15860910272576986,-0.03321073557836099
all_pairs,0.3333333333333333,0.6333333333333333,72,0.09755562308957022,-0.08649335061230698,0.2045797856114504,0.35599349765255733,0.1858679051590021,0.533258578083673,-0.28162498481347276,-0.3094289309812381,-0.2209990170627867,-0.045358944351437856,-0.10170099925556714,-0.01956877220141891,0.055565679807304535,-0.22658024496436968,0.22057722077693465,0.49879953366832286,0.20325488546483955,0.8125136698241957,-0.3814059994483927,-0.45459729258627846,-0.32348655906013335,-0.09752571765242551,-0.2110292942811663,-0.03704413585772214
all_pairs,0.3333333333333333,0.6666666666666666,72,0.10266183629678258,-0.10038772281069289,0.2332777576432638,0.3665740008110532,0.1936475514849788,0.5615383005307485,-0.2994936462183399,-0.3396192792846825,-0.24677964689914217,-0.04631455732247561,-0.11675796077487213,-0.022437899825320587,0.06498229815438286,-0.2277107990377096,0.22671227365905355,0.5831758171217152,0.21500438524407128,0.91367645937635,-0.4135919225429866,-0.4981850064898821,-0.35445964036199606,-0.11618148362770428,-0.27063607054925426,-0.03422402712591488
all_pairs,0.3333333333333333,0.7,72,0.11854007403881511,-0.06495705605646981,0.2591982567146092,0.39480864333047316,0.17657755770987366,0.6221994637530184,-0.32595112238927415,-0.3581362214536196,-0.25793510734806235,-0.04347748791735942,-0.11528332661870858,-0.01975430813041279,0.07163963038251903,-0.23599395547726254,0.25273583877222694,0.6291898296845764,0.21667987138208095,1.014074555141438,-0.4477097826972267,-0.5403343693412515,-0.379465779046268,-0.1383814772706647,-0.3551457808109414,-0.05324760932200746
all_pairs,0.3333333333333333,0.7333333333333333,72,0.13710862519152855,-0.09469986020091482,0.2834234315689002,0.44690489258414845,0.2018083096049099,0.6706785484022485,-0.34839576552213236,-0.38098219256068105,-0.28402735698892206,-0.055631771703466545,-0.11125446039340275,-0.023171645930560363,0.06816283863946454,-0.235658925634602,0.2834701927396494,0.6821471412987046,0.2376229897352241,1.1359529080424071,-0.4694509521172544,-0.5751563596995044,-0.40772475445148343,-0.13522032371041914,-0.41316776616817874,-0.05565720491468433
all_pairs,0.3333333333333333,0.7666666666666666,72,0.16514336560084858,-0.09142150207137038,0.31246907375332406,0.4170291538552994,0.1792365767865924,0.7230409334232681,-0.36632271451643594,-0.4077166110752355,-0.3026133237127354,-0.05923132505362658,-0.12519682797096401,-0.02578715976592323,0.09746175602223305,-0.24498401008530496,0.30556500387818597,0.7378826701824731,0.2727412701634319,1.1662481074338724,-0.49757662700175664,-0.59704383095846,-0.4300523561593605,-0.14324912810197,-0.4724660392184755,-0.05834928107985514
all_pairs,0.3333333333333333,0.8,72,0.17443679024282654,-0.10270696766219256,0.34422395598969374,0.40048457215115374,0.17125962843688547,0.6674740957882606,-0.3861891199733335,-0.4340158308995208,-0.3175214798695678,-0.06844143517014542,-0.13813304845301294,-0.02170032784891318,0.11168747836849836,-0.23771345312477904,0.34448049066046793,0.7922357012759121,0.2891364864011436,1.244326048204917,-0.521957883513313,-0.633370914080722,-0.4529916553735898,-0.1680561316518786,-0.582827662959611,-0.06079132064431608
all_pairs,0.3333333333333333,0.8333333333333334,72,0.16601253890004317,-0.09976396978454802,0.3754653899793498,0.41600423745013615,0.16999270924144566,0.7236185473623896,-0.4081458503386707,-0.4585617936823018,-0.3363094521909257,-0.06047009557318935,-0.11731271727752235,-0.028777499727293737,0.07660225754258243,-0.31637512433700576,0.3686299902296158,0.8161559598611583,0.2520544150711915,1.2997477270505062,-0.5498742425171612,-0.662242745706431,-0.47770660339549764,-0.2025411881275097,-0.7800076621632547,-0.05932631234158047
all_pairs,0.3333333333333333,0.8666666666666667,72,0.1794713178884073,-0.1100902331721934,0.40733624224371096,0.44696545755672545,0.18344288285659566,0.7667435823718235,-0.4267006611920856,-0.4778262054739616,-0.35240236877766506,-0.058577920711391576,-0.12634867485192733,-0.018018813534157633,0.07972717263671575,-0.33921248562710976,0.40753541816673,0.7034345017557498,0.2628036246474673,1.1637240317059807,-0.5719631163169009,-0.6880367949162383,-0.5003033087772587,-0.2226507216606219,-0.6089665919645451,-0.06787146720069742
all_pairs,0.3333333333333333,0.9,72,0.17683406370135626,-0.10138195883468148,0.4435234735870752,0.4397161396151698,0.1380391879574561,0.761123501895547,-0.4402663128618638,-0.4894365260494453,-0.3715360291540133,-0.0667046925200735,-0.1216580040515515,-0.026759097182540586,0.04421735577568746,-0.3512217029521653,0.4413447949076846,0.7056788399312078,0.27387401883716417,1.1560073544968104,-0.5953668737830604,-0.7196694862943689,-0.5181517869219868,-0.18839528492033752,-0.5706850336298941,-0.06897674312175554
all_pairs,0.3333333333333333,1.0,72,0.1818568784737196,-0.08380900336365263,0.5484092059528288,0.41391509481038613,0.11935864885707732,0.7868004084792799,-0.4937243280803418,-0.5448458566875625,-0.4139679192806671,-0.06422151669989618,-0.12300150364179814,-0.026375493171464426,0.05982331900746363,-0.45627496684406155,0.5932207671252727,0.8426933237348689,0.28678696258666125,1.3345203044815854,-0.6534075502637895,-0.7842488010324999,-0.5791100776062127,-0.18261315891432642,-0.5032826534001826,-0.06459028185575177
all_pairs,0.4,0.0,72,-0.0593624791442709,-0.2076391644323574,0.06152196857094541,-0.5333484533554356,-0.698000837762776,-0.3388818291240214,0.5159166149082215,0.3044882614179309,0.7383972489899289,-0.11574667792123694,-0.2059818894818196,-0.04560367024082522,0.14334200536194683,-0.07582492102933866,0.5213515017603614,-0.6355133413126567,-0.88376397005756,-0.42992850808151345,1.270059170133807,0.8605478441418626,1.9034959046651523,-0.30595298692137507,-0.8316803187025041,-0.11001852227122562
all_pairs,0.4,0.1,72,-0.13104118186184616,-0.24272168977936265,0.017529112830503464,-0.40416083622907284,-0.5355626760560105,-0.2407639002635244,0.3733197901638192,0.2428532676731496,0.5393474310367696,-0.08195423453009643,-0.18182010824834954,-0.025453170120022996,0.04651402927509783,-0.14420290661161508,0.24753679955430025,-0.48445883269392354,-0.6747302296341255,-0.32306213040023535,0.7446890546622297,0.5558010883436616,1.007012773370565,-0.1393039072511413,-0.28504692409231963,-0.044479599648458094
all_pairs,0.4,0.2,72,-0.09060681524642417,-0.16710139310672778,0.0021649001528889905,-0.27304646546988576,-0.36359124831129697,-0.17809130838770104,0.24092875932402222,0.17036215160652676,0.29477704000257515,-0.03243385252028759,-0.05900276648485695,-0.01311905458449255,0.017323028621472725,-0.12712109384242837,0.08869422153431916,-0.3209361156918283,-0.46150955281780126,-0.205025791149566,0.4060979643856514,0.31823752305005065,0.470443428547091,-0.049740891646408616,-0.087509577963516,-0.02437727022358263
all_pairs,0.4,0.3,72,-0.04193059049848333,-0.08294119905320861,0.0013737122831384285,-0.14331825751994193,-0.19442475474302973,-0.08992543604659235,0.11059163191866885,0.08541426922931249,0.13366879013570507,-0.008645926635074914,-0.015705396903943507,-0.003806452232226358,-0.012395280940426759,-0.07745379287015786,0.02499165987264433,-0.16497975026358266,-0.23804664098523462,-0.10053951768663383,0.15830835235161334,0.12740121188199952,0.18443987699156217,-0.01266649073637599,-0.024693731282112524,-0.008755157117964995
all_pairs,0.4,0.3333333333333333,72,-0.025069507046302765,-0.06049873912094824,0.0003577182994666285,-0.09527264866054701,-0.12592048714856666,-0.05865058671879807,0.07171741742716542,0.058503141385370654,0.08557173285689217,-0.0037321410984550336,-0.007870483035037993,-0.0016908686154137522,-0.011129887790412574,-0.05312291768201392,0.010879104510739802,-0.114418737146919,-0.1621360062607336,-0.062328807549263045,0.09664980324453754,0.07702966317326021,0.11475796797552114,-0.00649855951371891,-0.011514077150025939,-0.0026636094189633535
all_pairs,0.4,0.4,72,0.0,0.0,0.0,0.0,0.0,0.0,-6.0347046588665756e-05,-0.00016022970759774902,1.760072979454727e-05,-8.070213248723146e-06,-0.00017431368974685403,5.008978618158299e-05,0.0,0.0,0.0,0.0,0.0,0.0,-4.066883219790673e-05,-0.00011825389387091868,1.605897395729675e-05,-3.5088211897125714e-07,-0.00013035789978267724,3.364675155351824e-05
all_pairs,0.4,0.4666666666666667,72,0.020735833531169673,-0.011901638075566342,0.05400712469430397,0.08052248659546637,0.040877418676568064,0.1184651339931333,-0.07014098392610899,-0.08073870933324935,-0.05560840531503969,-0.004351251144256205,-0.008004659147711157,-0.0018501703804618594,0.01249260479130676,-0.037580442682019106,0.057414523370292125,0.1048512642340056,0.03891455501960529,0.1596122038725507,-0.09622885426366781,-0.11762153826901312,-0.07680743827878499,-0.005941221960534307,-0.01082183698826546,-0.0028607153857858
all_pairs,0.4,0.5,72,0.030791547285912296,-0.02690974487059413,0.08053499656929827,0.11646790524775694,0.060169820296876245,0.1720242112940187,-0.09794776560760304,-0.11656911920740178,-0.08213771487337554,-0.007666401204254909,-0.014468183375244506,-0.0023820771331997874,0.018732043807047294,-0.06003204079795854,0.07380924750970663,0.1631864989542223,0.060829945666271534,0.24651285494321812,-0.1391000008880862,-0.1667481364503712,-0.11183922951356892,-0.012458247015149096,-0.019633432763502125,-0.0035102651087495157
all_pairs,0.4,0.5333333333333333,72,0.04768318792373448,-0.027425005437080777,0.1059636263038046,0.14531268609218728,0.08087801892312985,0.2278688121705352,-0.1321645074080698,-0.1500009209668431,-0.10625434214866275,-0.012213648951778962,-0.025190966863954507,-0.004398531048662538,0.027374522343405816,-0.09186029761633252,0.1111011247532737,0.21744330004949594,0.09242200742198237,0.328150784738349,-0.1819346253300495,-0.22208857572352603,-0.14834644659637683,-0.019493055008883167,-0.03866638209314012,-0.008806326485064367
all_pairs,0.4,0.5666666666666667,72,0.05620498392149657,-0.03170363506728485,0.1274870738063267,0.19341264239818662,0.10012853654692887,0.2888314445171517,-0.1621303625454605,-0.18374227011905925,-0.12987463882222025,-0.019131167563279976,-0.03627715192457179,-0.006884686676441515,0.028267409429061842,-0.11444897277322275,0.1303270440650038,0.2694641072944135,0.10662374549260176,0.4089245622704114,-0.22288304872506956,-0.2647743257820579,-0.1856497595575256,-0.03243006247218562,-0.05309297878212557,-0.01055246176616588
all_pairs,0.4,0.6,72,0.07226757617734278,-0.03334341556190324,0.1424396063205514,0.22894014814022573,0.11051450333645302,0.3482832923588187,-0.18519454792465195,-0.21437242428394,-0.15221882084112665,-0.025071942533160148,-0.0542664270752917,-0.008387548362250955,0.03968114444090928,-0.14214162123470014,0.16355012129905908,0.3233771215692288,0.14217480884872963,0.49519312128367393,-0.2598984766073864,-0.31540462916696826,-0.21442748507886958,-0.0476792070708015,-0.07785196115412393,-0.01828169182010087
all_pairs,0.4,0.6333333333333333,72,0.08160733250621423,-0.041241402262057636,0.17039470834243636,0.26461819518558044,0.1391472883522997,0.4162623877826933,-0.21010383825327844,-0.23873444805762345,-0.17476598794873802,-0.03372206046822411,-0.06538326919612444,-0.010414394550390057,0.04621210384655075,-0.15054661576769363,0.1911688231992768,0.38366059724850365,0.15691742090806785,0.5894421723001907,-0.2953853766213933,-0.35060248012470335,-0.24305457950938517,-0.06589834473210823,-0.11764099603606636,-0.021199404214688355
all_pairs,0.4,0.6666666666666666,72,0.09320301201564143,-0.056846240345621066,0.1997899225418926,0.30034930688150785,0.15042072602434295,0.4540977500633475,-0.2354546312268561,-0.26639193743449396,-0.19619111335633962,-0.03941009233271088,-0.08806793161084735,-0.013233709152177238,0.05633687735317627,-0.16432235195113576,0.21334185409747225,0.4595022671739655,0.172052545560325,0.6944538473383904,-0.329774593129561,-0.38969023118481705,-0.2749966926472501,-0.07153069744040716,-0.14125684045513462,-0.03306828883368428
all_pairs,0.4,0.7,72,0.10887311974518658,-0.05115518104600758,0.22639413377410517,0.33207926945569677,0.15660983363305397,0.5142583596899203,-0.2572350916717796,-0.2907731872353674,-0.21524906693768536,-0.04695190430573368,-0.09449753846587687,-0.02019091440526627,0.06353500431208181,-0.16664229486012713,0.22829854650924392,0.5127501999879237,0.1866578347924825,0.7882551326884586,-0.3535639573913162,-0.43670245519621376,-0.30599979827389,-0.07881953999536576,-0.18527806917303408,-0.03516280935418837
all_pairs,0.4,0.7333333333333333,72,0.12221692184641278,-0.04384225048575682,0.25504356822545005,0.36663028914141527,0.15493859722280373,0.5322312553095843,-0.27936344181077793,-0.3194415945527076,-0.2327727839855207,-0.04970068122768828,-0.09304420163107298,-0.018126248064515404,0.07375580136640611,-0.17363749571472953,0.2548999816564713,0.5859094443361897,0.21777670998675414,0.9548141977364206,-0.38462140611539486,-0.4724471463880883,-0.32553516983408065,-0.11468773964522297,-0.26689647541519634,-0.039031870176536906
all_pairs,0.4,0.7666666666666666,72,0.13903557778341805,-0.04696709422611424,0.28359199473131014,0.3706280932750926,0.16573254584112618,0.5836476304115656,-0.3005284749590159,-0.33831370575495,-0.2505068448446919,-0.036627020932871054,-0.12015485514990232,-0.017235214926630306,0.09780694715512743,-0.21368816934420226,0.2838659599961866,0.6512983074183412,0.2283997129657076,1.0544047454692533,-0.41086719364124635,-0.4951217759285321,-0.3628861101372375,-0.1139393402450082,-0.3434266210613707,-0.04281934488846059
all_pairs,0.4,0.8,72,0.14337512736566954,-0.046815733284493385,0.318238731065249,0.3459874178057084,0.14828502109399613,0.63077052610546,-0.3196964356472708,-0.36051785848452456,-0.2677208156004044,-0.04441554548017212,-0.13591915404361854,-0.019172489994251626,0.13887053218114517,-0.2156105061375235,0.32043135458171973,0.7016136548240882,0.20949554335648435,1.1383428248326366,-0.4367990608176293,-0.5290130537586363,-0.3819103236052782,-0.13548165386745326,-0.40232397259419445,-0.044388408624757125
all_pairs,0.4,0.8333333333333334,72,0.15823057035142685,-0.05813300089535294,0.35102172783311625,0.3537146934516441,0.16449068038725057,0.7238845654157494,-0.337093758921905,-0.38042932006190516,-0.2840749253830476,-0.055544194201082135,-0.13833895817395053,-0.023481505307980016,0.13250902581751084,-0.2170721341502731,0.36205697170466156,0.7219857312468254,0.20408430856941812,1.2375239195338927,-0.4666049734543568,-0.5563006626451922,-0.4140967752020839,-0.13208890337936213,-0.5112557902324862,-0.051495469297160326
all_pairs,0.4,0.8666666666666667,72,0.16212705693590163,-0.07313268289854027,0.3818753880510961,0.3378951969543371,0.11033206593656453,0.7043737369330246,-0.35538552828383685,-0.39903422595088756,-0.30005248272454993,-0.055855673767676806,-0.12662638441856144,-0.01946936348944343,0.08685871692081323,-0.27647597042431904,0.4064612447974532,0.7817085091856767,0.2224581632446449,1.2176459421961963,-0.49375444628733134,-0.5865493013158953,-0.42474302517729123,-0.17452589537772425,-0.6428583477847218,-0.05917165985437604
all_pairs,0.4,0.9,72,0.17101211104148548,-0.07170032136911636,0.4012559538970702,0.35090142989800693,0.11615883714123022,0.7408608879339752,-0.3766690844025099,-0.41865309337148027,-0.316922494253143,-0.05393338685045419,-0.11386819736042109,-0.02636051991000142,0.09837333349697054,-0.26426561624899403,0.4503515650895268,0.7287857094687564,0.23933709617142024,1.2916392918030115,-0.5206206424842305,-0.6208682634394121,-0.4564066156126999,-0.20706793870152007,-0.774219592112151,-0.05818557530139948
all_pairs,0.4,1.0,72,0.18778438212026596,-0.07983000068699556,0.49425087917043725,0.37935209895776834,0.1289988024114919,0.7807224653379166,-0.428003144253123,-0.4708186357843648,-0.35967043696884843,-0.06333513227157875,-0.14152263434223497,-0.023720482288385438,0.0751691871593052,-0.34521304956913645,0.5869099896934724,0.8048880528420362,0.2374581796793726,1.223818116629935,-0.5934069094154809,-0.7125063075331842,-0.5140675037893875,-0.19678806394290374,-0.4986186347046012,-0.07408948710634232
all_pairs,0.4666666666666667,0.0,72,-0.17831577074360608,-0.285485336078236,0.07383804689331167,-0.6283137124006006,-0.8365762663947903,-0.40573790591380526,0.5474493117057718,0.2883034362558473,0.7926949600489857,-0.12285422248272271,-0.22844643356836503,-0.05564879742688926,0.12531433008529752,-0.13271765317589024,0.5087958451206687,-0.7700498465950365,-1.0411577486681536,-0.49893336665095245,1.3940109563647254,0.8597977113168163,1.9239512542781387,-0.39454565689595444,-0.9008192331718698,-0.1339812558098559
all_pairs,0.4666666666666667,0.1,72,-0.17410150686767784,-0.29683942065445074,-0.016886741491755817,-0.4935463197213768,-0.6731523823602705,-0.31786879654994077,0.4199691031916218,0.25472639459796365,0.5889889267857978,-0.09470044931587224,-0.1903511920203606,-0.026537086293578933,0.020187680932776658,-0.22579555466904352,0.24418342191580558,-0.6033961636034564,-0.8398039793907022,-0.3610314521851567,0.9171263956922059,0.635137495510357,1.270023907216448,-0.19880224792512502,-0.41496381662290394,-0.059108030567543324
all_pairs,0.4666666666666667,0.2,72,-0.11341499420630835,-0.2209019844088297,-0.021012468058791513,-0.3640963101152779,-0.49760399852721515,-0.24219038737820414,0.30535985487278783,0.1825937176172517,0.3856884124438913,-0.05036401116455419,-0.11043828402203928,-0.015956431963148672,-0.019997586749899706,-0.19605691996573626,0.08811147614305993,-0.4413355808801904,-0.6277858543971546,-0.27564975271149117,0.525679094917465,0.4045639983494194,0.6814419815992868,-0.09501501500213111,-0.18784115648000882,-0.03629350392874883
all_pairs,0.4666666666666667,0.3,72,-0.08546448855374034,-0.15389054310552439,-0.02094783378965857,-0.2305925769484994,-0.3225848430369702,-0.14163166473885463,0.1754954201830653,0.133665898505455,0.21306048605871597,-0.021657699138799814,-0.035395055681714346,-0.008328303099073167,-0.022414931962808825,-0.1430537643471924,0.03492927068418984,-0.27851095602117404,-0.4027865387488735,-0.17077843383921384,0.2816182696039486,0.21986674626066358,0.32822274909719923,-0.034457321185825195,-0.059047813195556687,-0.017195170949428434
all_pairs,0.4666666666666667,0.3333333333333333,72,-0.05908772320139968,-0.12315406648069722,-0.011214130416500264,-0.184395139513426,-0.25897101673533696,-0.12358206179350358,0.13636079219375055,0.10208501485904499,0.165836363629773,-0.015553097945031352,-0.022160732441114755,-0.004646110647979051,-0.022904436896111893,-0.11782399640998818,0.021998897587726256,-0.2209226614688553,-0.32182530913608165,-0.14416569132019302,0.2060500425593828,0.16267010472123938,0.2515044791525204,-0.021251590462709895,-0.04197399213565702,-0.010391590925347806
all_pairs,0.4666666666666667,0.4,72,-0.034978935877630346,-0.0654629220666975,-0.009215330537615071,-0.0936811346055655,-0.12896085719258465,-0.06790286452155403,0.06473354532793799,0.05155933077314866,0.07606500915164116,-0.004357598782155539,-0.0066553479339930745,-0.0014149397072137366,-0.016385412011405476,-0.06302999848917369,0.009610156693348576,-0.11303066428421066,-0.16623359805650229,-0.07308159037345834,0.09430276409390531,0.07370196220161691,0.10953831896917626,-0.007027850960196257,-0.01158072537318517,-0.0029536020828819253
all_pairs,0.4666666666666667,0.4666666666666667,72,0.0,0.0,0.0,0.0,0.0,0.0,-3.624927894221873e-05,-0.00012161097309369012,4.2398612190276685e-05,-5.632850919645236e-05,-0.00013655700531176734,3.3055876570116014e-05,0.0,0.0,0.0,0.0,0.0,0.0,-2.9598798949925844e-05,-8.485919524486851e-05,3.20627277513345e-05,-4.061805745774612e-05,-8.838956108580576e-05,2.1931253275141508e-05
all_pairs,0.4666666666666667,0.5,72,0.010835983184247697,-0.011092282425751223,0.023569808122553097,0.04118214040942434,0.020270803479537858,0.06026335471071574,-0.03397908148022247,-0.04070290395516885,-0.026294600498550386,-0.0012578980447224,-0.0023032324594079237,-0.0006181301008973682,0.0069457793594547255,-0.0021612241881164914,0.02555747582976406,0.04958009923375685,0.016187632378960457,0.07862906666066047,-0.04318812336163646,-0.05049942694833867,-0.03610882431498306,-0.002121897800816192,-0.0034786672463539055,-0.0007918742745510088
all_pairs,0.4666666666666667,0.5333333333333333,72,0.0249341299794249,-0.029383419295666985,0.05370903756213112,0.07296099923914082,0.036444191489199834,0.12031446614684246,-0.06459918498040007,-0.07628087249104845,-0.05212910000057911,-0.003470289026896268,-0.006415676000975928,-0.0012014157274632068,0.01467543172915493,-0.030208513592895427,0.06330367337282744,0.11398043343237296,0.04819869011430471,0.15944863831443343,-0.08547357756022236,-0.10402863757241532,-0.072214586339936,-0.0060034661041272605,-0.010392401669719002,-0.0023572076221362874
all_pairs,0.4666666666666667,0.5666666666666667,72,0.03917247191834064,-0.039864061458525994,0.07669418150031262,0.11421928372970504,0.056841877121884626,0.17451317896700846,-0.09140346496329432,-0.10925266151476412,-0.07427575396326229,-0.00884372364295943,-0.015019351046697186,-0.0028239891434785544,0.022003565292809404,-0.05308463519164309,0.08682999413262822,0.1655385598058599,0.0697177388217558,0.24515188374152896,-0.12909325492550186,-0.1528879569896809,-0.10137394241392092,-0.013297401441944563,-0.021969018978097894,-0.004338398876963686
all_pairs,0.4666666666666667,0.6,72,0.05048181276904276,-0.04842818712362216,0.11090766520219918,0.1464437310658111,0.07681014436622781,0.23212823433969473,-0.1185211379353186,-0.1411988082255129,-0.09726060882080265,-0.012619472650820786,-0.025148686470359907,-0.004950167618889162,0.03037352166117436,-0.08041415028466112,0.11468720896559229,0.2185007940254759,0.09006888057200084,0.3285116506515259,-0.16670863772842645,-0.19921316538908912,-0.13996818733679764,-0.01979779783189388,-0.03922529116654576,-0.009456100975948994
all_pairs,0.4666666666666667,0.6333333333333333,72,0.06716737294797884,-0.023941195649333006,0.13362453778644476,0.18566734388858658,0.09918866964247429,0.29099321557862207,-0.14511560308007931,-0.17349350324104656,-0.1173535689518343,-0.015354211471223768,-0.035960147212512936,-0.006026937581761342,0.03833484473929298,-0.08468430297949431,0.1438119087857915,0.2811425240812867,0.1124021205013914,0.4223216889857485,-0.20829809781540537,-0.2501738519732273,-0.17208783700076435,-0.03199463713972465,-0.06139124041487051,-0.011149354347652811
all_pairs,0.4666666666666667,0.6666666666666666,72,0.07766200444274154,-0.03614226589149088,0.1664567964541386,0.22205076143870064,0.11373651873761437,0.3450040740645489,-0.16909469660768417,-0.2024816994913114,-0.13898266945009566,-0.02298533485385361,-0.04906057485091046,-0.00598679612194461,0.06318455844874238,-0.14477907168862966,0.17349874280558,0.34837055264255723,0.1379144696145548,0.5193486679351899,-0.24218799313250838,-0.3006875726210235,-0.20328016835842327,-0.04022303841086169,-0.07103591197896264,-0.019948147503193774
all_pairs,0.4666666666666667,0.7,72,0.09759467728385976,-0.05182009258988067,0.18814621182895813,0.260065932356368,0.13848665527214424,0.3961578804435376,-0.1877517003455293,-0.2300735191503359,-0.16520800350213746,-0.0296755917245234,-0.07005387907849069,-0.011706614605163104,0.07788177092064269,-0.1545344797680526,0.20081371314551888,0.3982266966650418,0.16278821834429408,0.6361128785383788,-0.2700907438463772,-0.3427979239606491,-0.2239099005298011,-0.054104262335650494,-0.10753615918175116,-0.02260814029413568
all_pairs,0.4666666666666667,0.7333333333333333,72,0.10845067689918263,-0.06660001209937189,0.21867889618483896,0.28136578037833826,0.14163904031039584,0.4562231524895758,-0.209489426924632,-0.2518343547115868,-0.1845901953746047,-0.032087642257429855,-0.09622992282648635,-0.013228241351327998,0.09579182387527099,-0.1635989816787774,0.2329264314721446,0.45741839437058307,0.1868121587350836,0.6938087014063363,-0.3037931069211066,-0.38026989107540315,-0.2590791157548631,-0.06822733351382582,-0.14339595296221677,-0.026277838573404134
all_pairs,0.4666666666666667,0.7666666666666666,72,0.13182227733882412,-0.05259164261331231,0.2452556125113925,0.3049053677049564,0.16518790891460527,0.4948532732686591,-0.23604084027572225,-0.28183985234790965,-0.20008312218138863,-0.04189122696939394,-0.08728563547800448,-0.015032588263452346,0.11503173820363008,-0.18133440667318307,0.2670068618469468,0.5225833263909393,0.21646487390465075,0.7817665589151473,-0.33153868825955746,-0.41162433717704416,-0.2840833749614226,-0.07215485823502225,-0.20438052960089062,-0.032392373475398493
all_pairs,0.4666666666666667,0.8,72,0.13076859644933275,-0.05661144692149257,0.2696593290431668,0.30298337878799997,0.13356328162126793,0.5107619459619568,-0.25732296666298593,-0.3056238485484121,-0.22194746468850918,-0.04460456542112677,-0.10263906929326398,-0.01546692892748581,0.12810488702016898,-0.20587941608279076,0.3071244089321897,0.6023366474807641,0.22851640712029347,0.9078452497965096,-0.358729288681873,-0.4480794180825944,-0.3049658295037114,-0.08674713538978603,-0.24055240495676963,-0.03402675655958169
all_pairs,0.4666666666666667,0.8333333333333334,72,0.14663993495570393,-0.05690730530465882,0.3020257558173606,0.3040287365054537,0.1147916785085269,0.5833295320256016,-0.27346529515736634,-0.3252298850895465,-0.2446314467894321,-0.040195128940269165,-0.11218168713078126,-0.015576498799671762,0.12394341633258561,-0.21137740156119977,0.33277666866561206,0.6650888467628856,0.24384981325198202,0.9828384753437991,-0.38919079071028,-0.4790631670998256,-0.3339521801137849,-0.10536728673524202,-0.31650753833980305,-0.046127878576414
all_pairs,0.4666666666666667,0.8666666666666667,72,0.16471385268540364,-0.07681898153577549,0.32705707828505165,0.29291012694265994,0.14499745495170824,0.6450720276219342,-0.2973269193608335,-0.3493221618245427,-0.26149235366377865,-0.04931329879570345,-0.11504380278284224,-0.01838518896150576,0.15268742440284166,-0.23843893870214428,0.3878256948645161,0.6907952705556331,0.26355029154419307,1.0623074342015961,-0.41227909241736677,-0.5166007130252788,-0.3571539299644824,-0.12108987296586904,-0.3504110970099514,-0.049404844399894524
all_pairs,0.4666666666666667,0.9,72,0.17475824484793412,-0.05987678453646815,0.35931826645849846,0.30727186079729096,0.13853804589350324,0.6951786360272804,-0.31898372462529584,-0.3698211788552284,-0.2730470684660454,-0.0432147260847517,-0.1250794619486327,-0.015575387898056771,0.12958859274454254,-0.2398337944175549,0.4216761171246304,0.7811355192558294,0.26091161943646346,1.1485097769946675,-0.4457990961317017,-0.543184534111423,-0.37878912379852847,-0.15315572664536659,-0.3807546162079701,-0.06330055950081698
all_pairs,0.4666666666666667,1.0,72,0.1942173767681989,-0.0459560729339009,0.4387895938505905,0.38500624534835826,0.08802852897169514,0.6937953504687245,-0.36424496889949953,-0.4257913959592563,-0.3203356439756063,-0.04644528323607271,-0.11753991593704438,-0.019130664143024792,0.16633568085642098,-0.2977658269821784,0.5620276133244213,0.7355251160556178,0.29283623890018107,1.1541043154855108,-0.5187453237348694,-0.6252231670205158,-0.4415808403981375,-0.20085032926470248,-0.5843085033892785,-0.07513271913263286
all_pairs,0.5,0.0,72,-0.1848018523482764,-0.3210518622272521,0.07354493305497395,-0.6747505689546988,-0.901512411915439,-0.4463733640163967,0.6067151083568966,0.36469660209933136,0.8351820903230635,-0.11022315639945005,-0.24405451322885818,-0.03990185838687214,0.1051146988970203,-0.16121066259754638,0.5404018860307509,-0.8111715322041929,-1.119709602790071,-0.5275456051653822,1.3621290428031536,0.9524972740108779,1.9918466289432661,-0.48891348201412865,-0.9800026772002242,-0.1254333882071439
all_pairs,0.5,0.1,72,-0.18425676514021905,-0.33079808449903725,0.012170685017283387,-0.534889198076762,-0.7099221390993566,-0.35497990137479196,0.47432635618804725,0.28521250049458796,0.6223316348473801,-0.10403652306373343,-0.21057229740358313,-0.042858430650232426,-0.005462902442244552,-0.273540295527785,0.2364048373748237,-0.6581886026213496,-0.913672487182396,-0.4041556323468305,1.017944003939679,0.710430530199985,1.3714064658730605,-0.25827305555142477,-0.481346274013272,-0.09008434979343043
all_pairs,0.5,0.2,72,-0.1472073053884827,-0.285334249358715,-0.015059338098596237,-0.4103187881412924,-0.5509849926583461,-0.2797696300367803,0.33048006665948204,0.19348076146136942,0.42496172916366104,-0.0648649783780491,-0.13867419431212522,-0.018481003924010128,-0.021895537117694368,-0.22601003448369983,0.10064749315293793,-0.4862754534564081,-0.7035151775150125,-0.29409853093018123,0.6214059132235411,0.4552728398288304,0.8026060425744794,-0.1085815228976808,-0.2399421013296889,-0.055107863761260076
all_pairs,0.5,0.3,72,-0.1068730031621449,-0.18750201850264103,-0.021234392638844322,-0.27282071196514124,-0.3775219821142779,-0.18627874125578744,0.2056681672184883,0.1421481907592623,0.2635735519537522,-0.029183030431680204,-0.059082747423077356,-0.010953845925152049,-0.032585342816565374,-0.1775679731931619,0.04616197416717663,-0.3417139266773789,-0.48447419256508034,-0.19808624159526989,0.33927621928846613,0.253050110349187,0.444297096931491,-0.04029913986998747,-0.08685089616561836,-0.02239839963797797
all_pairs,0.5,0.3333333333333333,72,-0.07697382810869793,-0.1576979145473782,-0.02788026578856101,-0.22490529463192221,-0.3176663835194955,-0.14614568907126874,0.1666976650010757,0.12937585228215298,0.21200035826205532,-0.01781422053509292,-0.0390725565865187,-0.009149042426568419,-0.0409651807761663,-0.15652113118261674,0.02309148873073268,-0.28401381450583,-0.402238203818017,-0.17805277603877237,0.255822983762671,0.2057805721402184,0.3226679022244345,-0.033683417915590194,-0.05013274889470246,-0.011137024174269997
all_pairs,0.5,0.4,72,-0.05744213395030552,-0.10032213815461229,-0.014432546442752728,-0.1331742199134064,-0.1976304862982582,-0.09478274429850818,0.09482157679995572,0.07457531960252266,0.11131606176649393,-0.008711506987115102,-0.015139557735103497,-0.0026367345855260946,-0.0276540144320305,-0.1003532322362456,0.014320244000441091,-0.17176603143532215,-0.2429541432308688,-0.09933216316745638,0.13856746828234193,0.11362870135713257,0.17379399406186324,-0.011199601111870324,-0.02808632656108502,-0.005152062443241577
all_pairs,0.5,0.4666666666666667,72,-0.018314396825398812,-0.033506022278872095,-0.003678384043829079,-0.04602010609507404,-0.06923277644801515,-0.0332244663011406,0.03056326002844428,0.02388145893955417,0.03645934794012752,-0.0010875424500808965,-0.0023504567600078838,-0.0004247831055679916,-0.009237645721770443,-0.03681068129894029,-0.002437352089469479,-0.05500319876257334,-0.0816664606076497,-0.03058166124603806,0.039391344009995596,0.0270541820163681,0.050149248057007455,-0.0021445490922407245,-0.004783719625039623,-0.001174658515444571
all_pairs,0.5,0.5,72,0.0,0.0,0.0,0.0,0.0,0.0,-4.229305335372304e-05,-0.00022898728738378685,4.291034326285353e-05,-1.5722126086260556e-05,-9.639725819551525e-05,5.695513714537584e-05,0.0,0.0,0.0,0.0,0.0,0.0,-2.3430486033461386e-05,-0.0001689988628580004,3.372310486099341e-05,-1.160217958092821e-05,-6.780072824347232e-05,3.746497497815124e-05
all_pairs,0.5,0.5333333333333333,72,0.010236425406729675,-0.012643850358838714,0.025680689918833273,0.03931461148432737,0.02170851435692736,0.06143390181437559,-0.03181993995536893,-0.0380387047030809,-0.025770201596072975,-0.0009913662522007117,-0.0017706930642328068,-0.0003450456017936172,0.007180193440302102,-0.004388823163951254,0.03024083664531411,0.05587996520493944,0.013903525164473332,0.07752896964054172,-0.042090938581600686,-0.053362133102959175,-0.03173646367374125,-0.0020890401560878964,-0.003571464417330345,-0.0014103360664503256
all_pairs,0.5,0.5666666666666667,72,0.02440019300609686,-0.018751761899508234,0.05249679872937825,0.07710266452510622,0.03084039606186502,0.12059887523440592,-0.060767874803972596,-0.07221843974665731,-0.05077391989029435,-0.0031951524806841836,-0.00679442460947764,-0.0015101766927386707,0.015792639477497643,-0.01596107491546436,0.059086844019039034,0.10922095131868889,0.04003192930303698,0.16142063259671247,-0.08425270045546326,-0.10073936506844776,-0.06568836136458005,-0.007799761491151875,-0.014360378640588901,-0.0024169139139745208
all_pairs,0.5,0.6,72,0.04060736342379151,-0.027811873998956592,0.08089786991064488,0.11665184205172235,0.050928562856161166,0.17384732378480283,-0.08986092868714368,-0.10401937721026383,-0.0725454073074778,-0.009885275500226087,-0.01680535196320127,-0.0034134668311202807,0.02351932945568285,-0.04769536227349351,0.090754727856271,0.1654513543902574,0.05026675909617892,0.24977571475903182,-0.12728851041846617,-0.15023752098908866,-0.10029084530357976,-0.01375512964412711,-0.02244778585087763,-0.0055598805852218845
all_pairs,0.5,0.6333333333333333,72,0.05231145146615977,-0.042117221055607584,0.11422974587570048,0.14854489023498124,0.07358995872279503,0.2336372610513373,-0.11408036629120555,-0.13383459010358367,-0.09490794721194325,-0.01380926949405226,-0.02606510476525247,-0.005008124800241721,0.03963946836126883,-0.06133331299721473,0.132588954925938,0.2219228267858511,0.08743727156450612,0.3355556373002111,-0.16432969735827663,-0.19618515175536205,-0.13211958277588756,-0.020423667172074476,-0.03749543743690415,-0.010999179883856661
all_pairs,0.5,0.6666666666666666,72,0.06782823425961584,-0.03685253436204362,0.13893786882733167,0.1842080389676465,0.09353440726102202,0.2986109451453722,-0.13838571444439596,-0.16442127061034986,-0.11638990789006334,-0.020030464522435433,-0.03943640258624974,-0.007387352685610684,0.056083105951048956,-0.10523501024570095,0.14406850874375093,0.2669466202445993,0.10168148024335151,0.42512611876618306,-0.20349395870255896,-0.24633482488390823,-0.16582764821973378,-0.030618978051279236,-0.04915170217809324,-0.012408262197133103
all_pairs,0.5,0.7,72,0.08544026760617492,-0.057392389146152835,0.17274570735728,0.20782196998706604,0.07454243771662325,0.3450724436380399,-0.1596991497253687,-0.19428852554215514,-0.13563365804031952,-0.026485348103365176,-0.057701706352834954,-0.009214330198164958,0.07242131195832581,-0.14876016072235623,0.1860757508516648,0.3350866017569456,0.13240631333298603,0.5153959053577006,-0.2343209365756206,-0.2928712609835483,-0.1925331517935978,-0.03114279786743526,-0.06987826293250031,-0.01874268235531085
all_pairs,0.5,0.7333333333333333,72,0.10114508662373851,-0.039088359581009494,0.19837656590261837,0.242640123149318,0.11412301062523955,0.4072239289466345,-0.18109660941562988,-0.22066205452340057,-0.15600732180964952,-0.031938039366714334,-0.07925276189746719,-0.012700170796838193,0.08889900241519579,-0.16641176327008278,0.2140491721653437,0.40057807303930343,0.15545539700248487,0.6172014538601246,-0.2743656856545718,-0.328428157423598,-0.21554139357163987,-0.052247316384891766,-0.09876118010692532,-0.02459061912380077
all_pairs,0.5,0.7666666666666666,72,0.1189918170773513,-0.03574047286881177,0.2375899353647829,0.2654966156281921,0.14551659118404225,0.4476841518816827,-0.20190397924469822,-0.24455787554700684,-0.17476104727534023,-0.035747742372367886,-0.08837773853731062,-0.01348146209435569,0.1057260614009572,-0.17832332225457087,0.26057397809748295,0.4638513372899239,0.1901904539563173,0.7012489016574416,-0.30144452092555496,-0.3676961419763292,-0.2482589032782836,-0.08101038926547051,-0.14403192527939176,-0.03282329031579514
all_pairs,0.5,0.8,72,0.13036335178656944,-0.037221943513695004,0.2651342378179724,0.2926336624316762,0.1337555253622117,0.4673560421150029,-0.22163317025901613,-0.26867720265389033,-0.1931868412349394,-0.04002480263451616,-0.08400129668437621,-0.014173431987135741,0.12233436556402805,-0.20375456482907656,0.282648298896752,0.5422916875996675,0.2047951724697587,0.8079721695558333,-0.33155838364945145,-0.41031938366775894,-0.26759141082466364,-0.08736015088222043,-0.20476082004410323,-0.045337743923149876
all_pairs,0.5,0.8333333333333334,72,0.15575596580464235,-0.04156816421387878,0.28602536584043403,0.27651087170389965,0.14316470630011616,0.5293833627101262,-0.24319075857825834,-0.2924228901050666,-0.2152846094187963,-0.04041713266232343,-0.10496451712904839,-0.01625554582928943,0.11188946782923458,-0.2165426939033692,0.32812153541990907,0.6485907343691392,0.22786847869284063,0.9370783852904957,-0.35731394555796303,-0.45220735134051926,-0.30247518132213086,-0.1128949081247926,-0.24318801886554228,-0.04384311453935455
all_pairs,0.5,0.8666666666666667,72,0.1469290044688976,-0.04358345921976069,0.30509427545049217,0.3020440890087927,0.08157543587188523,0.5887414423749386,-0.2727155070040935,-0.3147344674444604,-0.23018284506872566,-0.04430779173103794,-0.10356748332910565,-0.02044196387900682,0.1324523774700754,-0.2286262554586793,0.367150078687597,0.6591277996345609,0.24014587241627033,1.028176097255587,-0.3809958912546893,-0.49872182298342277,-0.3265531818043984,-0.11147724289139957,-0.3113176778746175,-0.05585383061957187
all_pairs,0.5,0.9,72,0.17555400159234386,-0.06185510539070847,0.35036526955559727,0.3096812164324063,0.11231084280318214,0.6397434560772625,-0.28535301648476546,-0.3359894217025181,-0.24535858912759065,-0.04574304898141793,-0.12497343218528931,-0.0228628147649285,0.1550715423866696,-0.23520984532120354,0.41569928342581364,0.7355680319052869,0.24280818768041004,1.1107500942537207,-0.41093383747591306,-0.5084933336659854,-0.3458862134847766,-0.14288798213432752,-0.3849703052364085,-0.05425092545998246
all_pairs,0.5,1.0,72,0.1570399829367499,-0.03944955461843517,0.4293245794316395,0.3146319860243274,0.0987379078319791,0.6309920805408691,-0.34066662207018117,-0.3995722177684053,-0.29404828935470473,-0.04495947401350936,-0.08569022086601003,-0.008714238818058846,0.2476336620440348,-0.17172174334328752,0.6050448436775714,0.706157418774105,0.2734503728678217,1.2864282466508283,-0.48931884746791554,-0.5950806775239367,-0.4096746988893064,-0.2196494087140318,-0.4489665745965912,-0.06698542369165819
all_pairs,0.5333333333333333,0.0,72,-0.23332868011371755,-0.3589954123052138,0.06446653143173395,-0.7369500121755389,-0.9677892367814599,-0.4772686718074969,0.6252521320591445,0.3892866876011919,0.848524022018097,-0.14659395800982608,-0.2685553782486577,-0.03987036727694457,0.1032502292700259,-0.23090995199454234,0.4863996664548038,-0.8697551829017118,-1.1990126907922105,-0.5560454412763145,1.3677610280673131,0.964794753763375,2.138261211289202,-0.5289166528192442,-1.0913006222924715,-0.1646157673882246
all_pairs,0.5333333333333333,0.1,72,-0.19100414138344685,-0.37813969354925986,0.011133059161893059,-0.6088709145130438,-0.803883862356298,-0.38808714581282144,0.5106951117132872,0.3063430256845555,0.6650646746210548,-0.09543276857644814,-0.19722503304444505,-0.0379727464548658,-0.01702602841949545,-0.31005912548803605,0.21177919624345506,-0.7156393320836313,-1.0066914793671582,-0.44471271022861647,1.05855929040407,0.7234008974764614,1.5723406288057622,-0.29570213333498035,-0.5209393401319442,-0.10666635637358399
all_pairs,0.5333333333333333,0.2,72,-0.16762279253110873,-0.30056737600448585,-0.01127852134661687,-0.4601607796401167,-0.6298392099883372,-0.3221869730641942,0.359236505175369,0.21751789583808576,0.44874648024857827,-0.07437644275871666,-0.14644663638286748,-0.020927872609231624,-0.03913603646138421,-0.26790233637189576,0.10990757663158618,-0.5597559906130019,-0.7809588949033679,-0.33458600800300575,0.6716285688370858,0.4995488587734729,0.9267113463058616,-0.14575816945026682,-0.2717584272115996,-0.0524930292907134
all_pairs,0.5333333333333333,0.3,72,-0.13623447385811324,-0.2548541844517435,-0.04550761727670409,-0.31281736768304885,-0.44362815688158963,-0.2116057944235802,0.2275474145150431,0.1652941759862246,0.30295914483524045,-0.03500587304288874,-0.07671546005141869,-0.01290179176940277,-0.0574228355362575,-0.2186741414299105,0.04922043399017038,-0.4053646832530244,-0.5578908170092519,-0.2342049601754848,0.38662675007979536,0.2910202093578631,0.5076861349811982,-0.07070647344912193,-0.12066154280989493,-0.03075979772298318
all_pairs,0.5333333333333333,0.3333333333333333,72,-0.11547024921572016,-0.20730693419250884,-0.03963629215032591,-0.2608643033930641,-0.38552567281207134,-0.19030473911465942,0.19650544485710314,0.13848073332584124,0.25325646723841566,-0.02598059365114111,-0.054081059686499434,-0.00979521484542177,-0.053441905476827825,-0.18907362837973662,0.031092386459929892,-0.35000614182852996,-0.4840674705261357,-0.2093038550358413,0.2983751557098465,0.24326778596548893,0.4176828285005902,-0.05209650488628459,-0.08796650871082676,-0.023986826596051884
all_pairs,0.5333333333333333,0.4,72,-0.0718293674170705,-0.1373260965040319,-0.02731723899551825,-0.18309029125598852,-0.26117621170464045,-0.1217351029191053,0.12330996761113266,0.09401653171098362,0.15495907933312406,-0.013807999271761143,-0.026472299531518667,-0.0037398820799918013,-0.04043073190243349,-0.13480175185546905,0.005425410444161462,-0.23855540289142585,-0.3290510774952041,-0.14923562205433819,0.18357852870879493,0.14864069731089477,0.2406550938660902,-0.02044535922949207,-0.038783360304424176,-0.012475432868901846
all_pairs,0.5333333333333333,0.4666666666666667,72,-0.03280985603647721,-0.06707908321167823,-0.011632871268783923,-0.09208742189832536,-0.13950832241918787,-0.06560008257841266,0.05852771226283909,0.0440457821116832,0.07046725358185262,-0.003289527465632466,-0.007583482436860741,-0.0009815810692879725,-0.019445648991358904,-0.07228044448030627,0.000534627806290633,-0.11533062732504085,-0.17127568589783887,-0.06815158927740309,0.08256467842816936,0.06325766472082184,0.10266638507710721,-0.0059568999237769454,-0.012675463362454127,-0.0023061450192348723
all_pairs,0.5333333333333333,0.5,72,-0.016955199851929344,-0.03203968011601126,-0.007288885193019377,-0.048654382070849905,-0.07057808376900519,-0.03178407792985478,0.028548096162812953,0.021519382655114223,0.03421041570355509,-0.0012238538477418735,-0.0021869450317182357,-0.0004818272842120811,-0.009184657436873543,-0.04061579565688846,-0.0023724887354953914,-0.05734058672416868,-0.08648019601705247,-0.030461487965294378,0.03642507938117579,0.027971214441239203,0.047609759362064304,-0.0018477894059605758,-0.0031338011427274374,-0.0007430259015815516
all_pairs,0.5333333333333333,0.5333333333333333,72,0.0,0.0,0.0,0.0,0.0,0.0,-3.95681969678624e-05,-0.00010910664365365065,3.7969618385993896e-05,-2.424564392955474e-05,-0.0001324547164669683,3.821183718083487e-05,0.0,0.0,0.0,0.0,0.0,0.0,-2.9021440158150114e-05,-7.495450551187055e-05,3.024895247912343e-05,-1.789394642894023e-05,-9.750898851692159e-05,2.82013779238921e-05
all_pairs,0.5333333333333333,0.5666666666666667,72,0.012781614977896486,-0.009272870151704632,0.02688515961556735,0.03903212894175832,0.01747749739060128,0.06134388166690573,-0.031070793897850873,-0.03877118047122971,-0.02546434158544376,-0.0009409847850366746,-0.0019662734319327514,-0.00019880338419044508,0.007665956239439657,0.0006345773720692939,0.0286394027039086,0.048226306078298975,0.020049490296166782,0.07123997851016979,-0.038840357050172,-0.04840613385345699,-0.0298795452917709,-0.001805099588585698,-0.002889961941874516,-0.000931434255615273
all_pairs,0.5333333333333333,0.6,72,0.02486410365778962,-0.031455996597362854,0.055122669814804515,0.07364731376807448,0.03574740370342701,0.1179061901227482,-0.06050354562226873,-0.07675365379023241,-0.04886124339905873,-0.0032950918618626928,-0.006445366199938213,-0.0014435844869040446,0.024536864165519368,-0.014375322397392934,0.06104732309407766,0.10341727425732239,0.0440345927241443,0.15790373461990792,-0.08168503720592354,-0.09571254434564916,-0.0669902185478028,-0.00568141039454703,-0.013608453929803593,-0.002235427414479115
all_pairs,0.5333333333333333,0.6333333333333333,72,0.035591111032583465,-0.03433129127245631,0.08214856380716713,0.1096390663480016,0.054777330276091635,0.1798074468518289,-0.0894242079322466,-0.10613755527233387,-0.07171300285154594,-0.006864756511398619,-0.013950129733930679,-0.0032826213142390526,0.036955351156643945,-0.03655003310057399,0.09894404360145012,0.154231588949502,0.06499734331670032,0.24189321883068662,-0.12207388177449215,-0.1448029275274616,-0.10041800193298642,-0.011814973788452407,-0.023626664667952404,-0.005215606349151912
all_pairs,0.5333333333333333,0.6666666666666666,72,0.052311282662042186,-0.06181347228963992,0.1129193291314658,0.14612004603122217,0.07096707796544374,0.24021528804053688,-0.11499561025789269,-0.1377270126519854,-0.09288911036487224,-0.011143433882264086,-0.024357524769138782,-0.004943709962607068,0.04958426238399759,-0.049713165153649964,0.1349350320717581,0.2204027954289538,0.08793068957637556,0.3382791647179539,-0.16285346843643606,-0.20366978212565015,-0.13548387595328013,-0.015335971812956612,-0.04164084025233698,-0.007741028315811362
all_pairs,0.5333333333333333,0.7,72,0.06881914008417406,-0.06480417131873241,0.1445709681185388,0.1840369784436434,0.07617193203183617,0.3110335253721299,-0.13945384754049933,-0.16265666300873827,-0.11402261678331763,-0.01541973718887461,-0.0395419685947806,-0.008051813059993654,0.06576099472686597,-0.05910331964364671,0.15602197566477055,0.2728832540805956,0.11791650298319492,0.43358227969838337,-0.2027968374886026,-0.25252718944929453,-0.16389839389995484,-0.030451850503451408,-0.05647531044165643,-0.013761714338349634
all_pairs,0.5333333333333333,0.7333333333333333,72,0.08922464953592416,-0.07587488381346678,0.17967945008136912,0.22747712057459,0.08304593674921565,0.3826974252159037,-0.15779740299619338,-0.188627962082631,-0.13432015472932546,-0.026129403512125775,-0.058687773364191634,-0.010792531479292544,0.08343534710314775,-0.09791975871467085,0.19681127734928933,0.3405355154649419,0.12751087027371164,0.5385125110895459,-0.235828231549409,-0.2852312197876262,-0.19410844625828624,-0.037606276304575297,-0.07903439131317336,-0.01384333578783832
all_pairs,0.5333333333333333,0.7666666666666666,72,0.09100591350343587,-0.04887948866347426,0.20872589125594584,0.2550241368443642,0.08492109184396165,0.4012644093802442,-0.18230856491734665,-0.21537442388697808,-0.15094624341167326,-0.028436614259254343,-0.0792216580726962,-0.009032066245355056,0.09736719883153457,-0.11881146175094168,0.22630016375603176,0.40175014614858473,0.17063139404340527,0.642851431988559,-0.2672690798898401,-0.33439244357405035,-0.21714475359946334,-0.051472243780955385,-0.11136059280197658,-0.02209802599488133
all_pairs,0.5333333333333333,0.8,72,0.10883634238925854,-0.0630873885303974,0.23228330135199993,0.27785389963635293,0.11224333394479341,0.4639664317163745,-0.20377317634583997,-0.23685084515509508,-0.17353817441729452,-0.0331647624618735,-0.07186442980280706,-0.010780982843751778,0.113288526442206,-0.14319670955600408,0.25978579845694305,0.45551109956254887,0.18278023928903941,0.7178208633945786,-0.2974425798584608,-0.3715729847501896,-0.24710600168387675,-0.07172610263681733,-0.14654761895122037,-0.029515639538280757
all_pairs,0.5333333333333333,0.8333333333333334,72,0.1267532384031929,-0.02510694811817097,0.2772461049863448,0.27783044599525364,0.10589939671383373,0.4673323609884123,-0.22437440599972813,-0.26449603852823905,-0.1887477631790473,-0.0384652033099962,-0.08126221220799178,-0.01397556807290714,0.14377904436696332,-0.18174550534005343,0.30673065600945204,0.5200542012788572,0.2097581669456423,0.8335042471462438,-0.3304790042036647,-0.3976224646542679,-0.26996482781871667,-0.07972111038218986,-0.18719120410741083,-0.03994990434054288
all_pairs,0.5333333333333333,0.8666666666666667,72,0.16283690668491746,-0.026291722465737227,0.28224859373890376,0.2874273012946169,0.08991627529103542,0.5202568780226293,-0.24413574707040414,-0.28481455955134577,-0.20704559104660053,-0.03812085801343795,-0.08897231804129267,-0.015534974026845607,0.12896522842821218,-0.19820013176405987,0.35283138305154704,0.5753026761124242,0.20209687758693268,0.9666902189568318,-0.35342255977153664,-0.4276023194060554,-0.2954821059983932,-0.09446054942384163,-0.23339702531764592,-0.04674312486037768
all_pairs,0.5333333333333333,0.9,72,0.14595568931334796,-0.037899863961636235,0.30115433331431907,0.302275494580244,0.09815489382195264,0.5631088769105603,-0.26011302928457025,-0.3028881035199257,-0.22202967232681942,-0.04205278853808023,-0.10355972211425697,-0.014480052893195827,0.1479996524493949,-0.20147232163468926,0.3884203641048133,0.6157881428239744,0.21536752705872403,1.0369882439021743,-0.37879416001766153,-0.4755182556403048,-0.3183144148575877,-0.12198143265820147,-0.2549634325189411,-0.05066560180841227
all_pairs,0.5333333333333333,1.0,72,0.2135950811423291,-0.059333009310516896,0.41343280591761566,0.2761216971726682,0.11346415585655244,0.5982765447376842,-0.31414799503463264,-0.368029250078099,-0.27598525003428387,-0.041760455828568965,-0.08806759028044175,-0.013544084120225779,0.2166687644472008,-0.11549840631698759,0.5776197672995743,0.7016318294037976,0.2290295164314904,1.1570547870812102,-0.45111598071864545,-0.5687519970063446,-0.3851769422741162,-0.17366140793296392,-0.3520693069239827,-0.07120030702745933
all_pairs,0.5666666666666667,0.0,72,-0.2342702699183213,-0.3860136775160044,0.10728377655015414,-0.7975372244890208,-1.0032254686130093,-0.5188211963513891,0.6431252346222522,0.4053402089855435,0.8872876322497698,-0.13928494274594816,-0.27388483804790437,-0.04088351495843745,0.06437974339891411,-0.2795536452503341,0.5065390602183317,-0.9377254745774073,-1.2783003059874243,-0.5864772019401722,1.3921843030595646,0.9992224180548002,2.4242879302668667,-0.5735833545002378,-1.1888277960216036,-0.10740105901004504
all_pairs,0.5666666666666667,0.1,72,-0.2443590893443314,-0.40334586476269035,0.008797904253736975,-0.6638708225656282,-0.859566165978792,-0.4201242687317137,0.5557477782632201,0.3351729854363601,0.6954194827482726,-0.1051977492528961,-0.21429277649319706,-0.042890410223822215,-0.03852598976951169,-0.3548731248098338,0.20618331247436605,-0.7844238142993603,-1.074020688089381,-0.5023581083284991,1.0730888979153406,0.7765806967115767,1.6288452717080273,-0.349079262123809,-0.607498091528146,-0.1038763967379688
all_pairs,0.5666666666666667,0.2,72,-0.17531933786583645,-0.34306963214308467,-0.011333194624985443,-0.502541440622878,-0.6795844846721101,-0.3551310701925807,0.3752013459660931,0.2535909192219731,0.4931894586195934,-0.08144715198520464,-0.16674617757234816,-0.023864977355223884,-0.04144546809774787,-0.30680510825672225,0.10379844844106494,-0.6224464254690583,-0.8575915413159413,-0.3987306617818158,0.7478559156294384,0.5336470318479258,1.0775702889600838,-0.19249027445144384,-0.3685533608679893,-0.07315332147797957
all_pairs,0.5666666666666667,0.3,72,-0.15803975272342408,-0.2863206485083948,-0.0513046812728665,-0.3660286661047893,-0.5095838302460212,-0.26083020386746136,0.25704607842504423,0.17051610189036576,0.32953564611270514,-0.0459409474870669,-0.10852741527028781,-0.011963980154165617,-0.07173101590882149,-0.24931867873620356,0.043333361365827605,-0.4613182709427535,-0.6337715833151154,-0.2836355502975695,0.44903655806651144,0.3420927477553374,0.6412183347392801,-0.08239155477526709,-0.15296733678940028,-0.0402420260126467
all_pairs,0.5666666666666667,0.3333333333333333,72,-0.13103389848797362,-0.25357643343646574,-0.0444812645867655,-0.3176278575017648,-0.4492926281457467,-0.22108944390307872,0.22878607735128112,0.17011299935551244,0.2931356628249341,-0.03895712979921484,-0.07986480177786803,-0.01187681676850006,-0.07494047506317497,-0.22950274314985078,0.014786259461644094,-0.39938091663858755,-0.5598565982731751,-0.24860994655612909,0.36814554539562877,0.27518430367693103,0.4798266800938933,-0.060930138668038945,-0.10826151849355184,-0.0270762704743508
all_pairs,0.5666666666666667,0.4,72,-0.09761330363502466,-0.17365205640508014,-0.0363348567533371,-0.21925322969374456,-0.32571121920288504,-0.1542305507210042,0.15018324003152772,0.10717130710567524,0.1893919638324013,-0.018387570562090012,-0.03904955970075114,-0.007862691238002388,-0.06597279049727736,-0.17293977163593433,0.008626833897322128,-0.29139288416159764,-0.4102037229189303,-0.18354765386190214,0.22796446664978443,0.18011534711084903,0.3041621858369512,-0.026778290765444045,-0.04809827357244372,-0.011467489802009057
all_pairs,0.5666666666666667,0.4666666666666667,72,-0.04992018506801335,-0.10555264996315995,-0.025217617357818856,-0.1316926515149103,-0.19826661342352145,-0.09341941629546538,0.0876316336607729,0.06791883501432411,0.10535802393570146,-0.006920443841855407,-0.015680625920214537,-0.003222830783402372,-0.04241986527845981,-0.12135952248670451,0.006869444766134396,-0.17968810115795653,-0.2510103269245641,-0.10814314237107783,0.12118596361297135,0.10198539472416016,0.16110749349602302,-0.010840696586203978,-0.02224363584661325,-0.005073589632951545
all_pairs,0.5666666666666667,0.5,72,-0.035301480116577494,-0.06972628775126011,-0.01175267857793564,-0.09015152993439415,-0.14027195587526764,-0.0614964139665846,0.05677500747439995,0.04298226640245357,0.06860960410152231,-0.004548243460602945,-0.009339253860171585,-0.0017474446022852591,-0.027108985932699066,-0.07678484552011494,-0.004008966061665689,-0.11938358500199181,-0.173666486115326,-0.0761020398931232,0.07645501456895687,0.05926756853234555,0.09445218827061452,-0.005055319873509781,-0.010754754928698491,-0.0027695911971852274
all_pairs,0.5666666666666667,0.5333333333333333,72,-0.01972904090745598,-0.03564353260382263,-0.005728260236827781,-0.04533317881809662,-0.07192253124261139,-0.03471780497378212,0.028240368210518233,0.02260751370021686,0.035306940749724444,-0.0011267715486328626,-0.0025767444608224,-0.00033708557276976986,-0.009058152951332152,-0.039304971435867725,-0.002276904305683769,-0.062285605343379805,-0.08534273240655976,-0.035740570107027886,0.03583040270620663,0.026798402390245488,0.04197667931500545,-0.001867908981830153,-0.0030241410809290874,-0.0007012069566613218
all_pairs,0.5666666666666667,0.5666666666666667,72,0.0,0.0,0.0,0.0,0.0,0.0,-2.7018716219069354e-05,-0.00010147205283474181,5.4074301247023296e-05,-4.170685234793082e-05,-0.0001438708000272294,2.249995335217029e-05,0.0,0.0,0.0,0.0,0.0,0.0,-2.003211265888532e-05,-7.26367361419053e-05,4.397595371290893e-05,-2.8672954851705055e-05,-0.00010087511295049299,2.154417469322351e-05
all_pairs,0.5666666666666667,0.6,72,0.016005073638316852,-0.008977825784345406,0.02650025256908161,0.042123600456949295,0.020208618510226248,0.06175217803911595,-0.028770456708334752,-0.03500816963904231,-0.024292309077234613,-0.001023470404381572,-0.00259078072293527,-0.0004094375327962569,0.007559736013778993,0.0010507070740142243,0.03264000900944611,0.05105773002481456,0.010639539557585863,0.08127964970221323,-0.038927582670504696,-0.04887757503270922,-0.029781736978530173,-0.0019229891675498073,-0.0033590819085031476,-0.0007632872310029126
all_pairs,0.5666666666666667,0.6333333333333333,72,0.028404375672678662,-0.018072198156708498,0.053644623819155426,0.07582905564049773,0.03750898252540532,0.12445143973401955,-0.0572949160234599,-0.06583962631374213,-0.047339073244519775,-0.004020225498626288,-0.007120580354712469,-0.0019736554081396913,0.01922059518691368,-0.017197412395929052,0.06717791063777469,0.10032394570676237,0.04036626777136217,0.1655292571786358,-0.07786605965316826,-0.09793863098215072,-0.0672866048090662,-0.006657990342644409,-0.012314759423909485,-0.002779969998690865
all_pairs,0.5666666666666667,0.6666666666666666,72,0.051252750315879704,-0.022937871350751236,0.08453456156759587,0.11032139393248708,0.05136375028358677,0.18280052862377294,-0.08359441619668617,-0.09879061903670215,-0.06679954151399886,-0.0077099657448893985,-0.01574576524693541,-0.003786543626170435,0.03032459583655996,-0.041925913571823153,0.09749174578349516,0.1513659871341035,0.061614155838102855,0.24657396005922838,-0.11843502137799308,-0.1431329084766063,-0.10179578899923694,-0.01190803973094514,-0.024078980351567737,-0.004652960386596086
all_pairs,0.5666666666666667,0.7,72,0.0632939315906455,-0.02466799337936803,0.11052999079231407,0.1433093002161336,0.05851241359887663,0.24864453133917824,-0.1063628044925494,-0.1284440337709373,-0.08941720388138923,-0.014993737604157734,-0.027055717521924653,-0.005533487242662663,0.04721429155845373,-0.07118753784971296,0.13035896024031482,0.22871970774936928,0.09186775659213092,0.3487405808236633,-0.1522909899442711,-0.18868477091986033,-0.13103677911885853,-0.019198731371605045,-0.04238529509713446,-0.010584188651814918
all_pairs,0.5666666666666667,0.7333333333333333,72,0.07946494643665371,-0.05866444245197394,0.1522977211460249,0.18020015538405118,0.06640045168525469,0.30379120678789245,-0.12950958849047067,-0.15140589861783282,-0.1058163823906485,-0.01827412966436955,-0.03836868469628835,-0.009292229403727929,0.06552579581932019,-0.07332527855640344,0.17009798990673242,0.28436054937917116,0.1111609138741298,0.4230238991807703,-0.19564625086592377,-0.2377143352869176,-0.16306855386586847,-0.02950630946488053,-0.060778950082486564,-0.010365735583900203
all_pairs,0.5666666666666667,0.7666666666666666,72,0.10168327164284446,-0.0726457807204644,0.1844604632096903,0.21548819381325524,0.08491608340429099,0.373060734727692,-0.15099894822823212,-0.18014026197237948,-0.1279648683184532,-0.026673136113615083,-0.05964861844709592,-0.010550019784148185,0.0849337319872541,-0.0963515670604078,0.19902107985695058,0.3420406515768351,0.12345798442226821,0.5176206116246389,-0.22829651415189112,-0.2723188725393674,-0.1931031059808855,-0.03489914545179086,-0.08974486631260141,-0.012647476460215397
all_pairs,0.5666666666666667,0.8,72,0.1172254896886704,-0.04287402845709121,0.21508194534095854,0.25205088790185226,0.0984074823421999,0.4001136623619566,-0.17271846130303337,-0.20219382604615083,-0.14811407202395507,-0.029302653320542313,-0.06684924871371326,-0.013507526780071565,0.10165133924125855,-0.12692273412907196,0.23899610197315851,0.3909915902184075,0.1637346234239151,0.6331406214393231,-0.2627617773783073,-0.31143272496189045,-0.21701987687224017,-0.04774035573984295,-0.10172361204837081,-0.0249559834553556
all_pairs,0.5666666666666667,0.8333333333333334,72,0.12789067451319636,-0.04754251020422223,0.2610535483438115,0.26895364424040125,0.1096529456450337,0.41406751280409365,-0.19453211667148967,-0.22761226145501842,-0.16448665049167238,-0.03456948226130708,-0.07088404895811141,-0.013602820649436097,0.11139961705266423,-0.12969986617301218,0.27661257511457366,0.4207397662906945,0.18437497142725823,0.7300567478062852,-0.2958774322413546,-0.3527046912801174,-0.24495872783672254,-0.06494336730478999,-0.15738120927784882,-0.0276122926406562
all_pairs,0.5666666666666667,0.8666666666666667,72,0.14581990413831106,-0.019725119217481667,0.284879328210051,0.28627304540088505,0.10329536341119953,0.4607194586460791,-0.21402298750484575,-0.2525604973761149,-0.18646182655337568,-0.04055998258145503,-0.10560529757254025,-0.01606206652321617,0.1232957573467223,-0.14368552675562682,0.332926266443007,0.47952653744859924,0.2073111762499379,0.8257759020230472,-0.32986000700551843,-0.37770472492294055,-0.26374339227690335,-0.08271788553246684,-0.17459071343512042,-0.030404808529000245
all_pairs,0.5666666666666667,0.9,72,0.17112546406494966,-0.019260166487896115,0.3028254825677136,0.28022883385604963,0.10373610818193432,0.5090545040468964,-0.233557612736827,-0.2811005605976196,-0.20302841608107502,-0.04766239516089463,-0.09708742487065979,-0.01852390744405044,0.11084736489482017,-0.14711576968029938,0.36892167929592556,0.5477034976037409,0.21213194134529423,0.9324637305426886,-0.357357193195036,-0.4097120351149187,-0.2947641207660095,-0.0884433785779623,-0.20346458159412784,-0.04247176080621836
all_pairs,0.5666666666666667,1.0,72,0.189101449920119,-0.06332177831985013,0.39826186561669635,0.30402716397119306,0.09619793393987622,0.5951581582376408,-0.2892650996481826,-0.3449407463617236,-0.2510524197352206,-0.03710799830041522,-0.07268833934182688,-0.009888450262818324,0.2071703753427871,-0.22434448732537815,0.5272449348795235,0.6849756945839524,0.22608589772059687,1.0943655741336082,-0.4391100736139519,-0.5121161791311513,-0.3589450749089892,-0.11534125324385174,-0.307284912549337,-0.05463600024541507
all_pairs,0.6,0.0,72,-0.26450581627681824,-0.46600487457628803,0.07197752985362366,-0.8163154238859189,-1.0691369951115752,-0.5554263608700585,0.6273098225945777,0.4775684363752288,0.895077803175456,-0.1246130275034627,-0.2557144882548096,-0.055212397718759826,0.01581550530383597,-0.32542349491440037,0.485158336442068,-1.03713363008732,-1.356160977967983,-0.6434365539186431,1.3560566230184232,0.9322226345511081,2.291154463373294,-0.5648524841633741,-1.259552510423413,-0.14529642179238172
all_pairs,0.6,0.1,72,-0.2771163991936372,-0.4379395862938991,-0.0030124339445826223,-0.7080342620828911,-0.9240016946373251,-0.4557496831254509,0.5471622610330785,0.35657396269198505,0.7041219505235974,-0.10740270692596146,-0.2317962238629656,-0.03607763613364309,-0.06013894733297646,-0.3916879115364216,0.21208030312766304,-0.8639750337334764,-1.1550371828766302,-0.5393279044819894,1.1679857773859954,0.8665998594325985,1.790160052103162,-0.3334284113860392,-0.6996636664211614,-0.14173198943927098
all_pairs,0.6,0.2,72,-0.21285717733237874,-0.36387853244162993,-0.02446547878493531,-0.5686851842854485,-0.7530248291483927,-0.37258271819738936,0.3887788550538027,0.26329685510712053,0.517465422655225,-0.07728562678699974,-0.1879650116906158,-0.028651870586517518,-0.0744106755734539,-0.3444367307609237,0.10344850044349885,-0.6992787367818474,-0.9382163060058024,-0.4287221211786337,0.8217089774409426,0.6011701063437513,1.1650766402354398,-0.23038257524996994,-0.44782895025270686,-0.07257138202430655
all_pairs,0.6,0.3,72,-0.1876127049368822,-0.31739428196131536,-0.059713617900219264,-0.42164722684730715,-0.5753691284467518,-0.2860104297996082,0.28505116340664977,0.18389776370619587,0.3610425176123964,-0.06291866078949676,-0.124880045728398,-0.02508799342535762,-0.08707820924480367,-0.29361613022363553,0.03809627189997769,-0.5232851746066464,-0.7173646069606141,-0.3398497140808145,0.5035660927750041,0.3804942573686138,0.6689200487926471,-0.11105610461246601,-0.2143096445036399,-0.03983307591616719
all_pairs,0.6,0.3333333333333333,72,-0.17320267610673157,-0.29375568868342333,-0.059876762420287916,-0.3692801768000057,-0.5122905899053309,-0.24960070389739797,0.26158620417325734,0.17835935844713124,0.314189041518474,-0.047916219918165595,-0.11153011319898971,-0.020474856426165408,-0.08885790928756418,-0.26836692513192695,0.03291876957164584,-0.47075911321112085,-0.6453480494168066,-0.2985917202293167,0.41834034835820716,0.31790263193033197,0.5971357785027349,-0.08032037731041577,-0.15164872751881003,-0.032793466550960285
all_pairs,0.6,0.4,72,-0.11723831832592796,-0.21353266979575708,-0.04638153319887453,-0.27651121146128876,-0.39225501190075535,-0.17978776046997394,0.18237691546950205,0.12275019761363662,0.2175073864017992,-0.02899285766717717,-0.06172326511604903,-0.014268989426417897,-0.07755071597610042,-0.2156156789529991,0.01141489086882063,-0.3601890571446733,-0.4945349137178564,-0.22303662213963307,0.27161457688933544,0.21534121088538674,0.3715980916823847,-0.036709951840834226,-0.08278248234227352,-0.015543440138331071
all_pairs,0.6,0.4666666666666667,72,-0.07271647891553557,-0.14675426831165664,-0.034986662681129294,-0.179483579894965,-0.2654903127352542,-0.13358293299158724,0.11408155476627706,0.08943202626668378,0.13302005739027545,-0.01284838009689443,-0.023110950800902058,-0.00550419691404756,-0.06273989030190824,-0.15351945379332627,-0.005578868657308295,-0.2422932955020409,-0.3366591729792152,-0.14951151504802307,0.16413375094749988,0.13302839386720278,0.21964652374186946,-0.017552001959918066,-0.03527678309378222,-0.008381344622372288
all_pairs,0.6,0.5,72,-0.055035627568448514,-0.1128175975680149,-0.023707833230382613,-0.13932992871252334,-0.20158657936360816,-0.09667068404742464,0.08279260850718262,0.069065329719218,0.10031712524990784,-0.007979750831474744,-0.01903188650184303,-0.0036434004395819613,-0.04738954296056104,-0.1128998078874052,-0.005588859016764563,-0.18154685395972103,-0.25206736232555105,-0.1105016077813987,0.11951447617311506,0.09328178378675488,0.15316140463676464,-0.012471666067513942,-0.02280756371516727,-0.005665880148259349
all_pairs,0.6,0.5333333333333333,72,-0.0387012694775285,-0.07248551578758707,-0.01334490840117026,-0.10272933441620703,-0.14415068970858927,-0.06189803326940893,0.05502571546908563,0.04532758870270757,0.06661922527596403,-0.003742682650352256,-0.00838264427210636,-0.0012440033696898764,-0.03244115936354147,-0.08334903087069048,-0.0069520004853698076,-0.12637242661248682,-0.16909090135210214,-0.07699147619696997,0.07566961095264488,0.05972074992530739,0.09921403414453284,-0.0063951920187576205,-0.013119623226941388,-0.0022921131366777214
all_pairs,0.6,0.5666666666666667,72,-0.0234108659694513,-0.039212013495925416,-0.004814952318059567,-0.051958907252748474,-0.07277310461936805,-0.034110384320020934,0.027592747304998,0.021702013208240403,0.031247145658221467,-0.0008451839584661042,-0.0018936380030076052,-0.00037176992818173556,-0.011413714591915702,-0.04006917196719116,-0.004776870326308191,-0.06368719631905731,-0.08381044040341294,-0.039569422451802026,0.03524830953450889,0.02619255850450155,0.043711337787064944,-0.0019852368635195176,-0.003683483978600896,-0.0007087599591968729
all_pairs,0.6,0.6,72,0.0,0.0,0.0,0.0,0.0,0.0,-1.0298204581121773e-05,-0.00011661057793768695,5.142883759004513e-05,-5.8014184294484517e-05,-0.00016001489967894592,1.138220676810689e-05,0.0,0.0,0.0,0.0,0.0,0.0,-1.054297104302609e-05,-7.6057520452491e-05,3.7303579424455205e-05,-3.965817325365939e-05,-0.00011831405391374283,8.827461669191927e-06
all_pairs,0.6,0.6333333333333333,72,0.016722516799120277,-0.009244697829059637,0.027523949878517626,0.039333950125608565,0.01921939118877515,0.06398986643666671,-0.027899483623275517,-0.03512060105878698,-0.023357736472552425,-0.0007824687466067605,-0.0018263864085787673,-0.00027691878124101765,0.009490854492558098,0.0016525730512457798,0.03355080381193968,0.045742049899980854,0.013665546339161953,0.08024519817185193,-0.037218320215719775,-0.050959239075946725,-0.027699607179835727,-0.001603108916592405,-0.0037185047850905213,-0.00030399743850607875
all_pairs,0.6,0.6666666666666666,72,0.029046440895134834,-0.015506411742949356,0.05773991514447539,0.07615242539561345,0.03584057790094598,0.1227500881328071,-0.0547904411816757,-0.06900553742605345,-0.04722608743193881,-0.0038923295185436663,-0.006800800290016784,-0.001516423277655562,0.03243665151328834,-0.013019061696606023,0.06735616454067858,0.1081493898763577,0.04512360877204643,0.16533466755902437,-0.07471353117317756,-0.09520028940925385,-0.06034768478039497,-0.0069320386129850635,-0.013594623371098229,-0.0027352166287717148
all_pairs,0.6,0.7,72,0.0492401117474085,-0.023050330383695673,0.0864073308022021,0.11568339322571611,0.05563413392021932,0.18810324750151505,-0.07993854064658132,-0.1002926679080931,-0.06462119288729601,-0.00787479852897563,-0.016083308565235065,-0.004205539712354376,0.042278711190469664,-0.03605069012909588,0.10731137114571948,0.16657263515140316,0.05586996810166034,0.25556049345337284,-0.11367385801901231,-0.14242964729370788,-0.0968983636150651,-0.013025328393232914,-0.02384177218891279,-0.005227238375448889
all_pairs,0.6,0.7333333333333333,72,0.06301721715535669,-0.028175078759306985,0.11866379898225489,0.15508977876224858,0.0656850881096953,0.2360020253941622,-0.1043108879983386,-0.12889975692995165,-0.08655259665117691,-0.016537094544206488,-0.030403766582730186,-0.005404886989989546,0.07118691263737459,-0.0698253820257031,0.14972369335727206,0.2351605800480266,0.08776986401498288,0.3539680225600145,-0.15095654034923855,-0.19590795280991724,-0.12782419515100032,-0.017889663764974435,-0.0383053755030434,-0.008255641930584347
all_pairs,0.6,0.7666666666666666,72,0.08906434113787975,-0.023161497459084596,0.16378130624746257,0.17460155273483013,0.09765373360291987,0.29227266618747055,-0.1265696213866907,-0.15679618353344946,-0.10343859268655113,-0.02049797976092023,-0.04099053309519115,-0.011019021269954264,0.08181706121216188,-0.0817075830108856,0.17882099633327359,0.28608384796092406,0.10500913448119784,0.44042933928070616,-0.18721134741647433,-0.2394045494096333,-0.1580538401391427,-0.03183724506474603,-0.05835156854940281,-0.014674295276113873
all_pairs,0.6,0.8,72,0.10018737925163204,-0.02271793049883053,0.18705561213487049,0.22712646074097365,0.10435079614153812,0.32790999937468257,-0.14707810842587832,-0.18042815733576684,-0.12034651226292324,-0.0238491978661017,-0.05816290775920431,-0.008068251106886516,0.10988138082731161,-0.10094213934441992,0.223327274048663,0.3472643830872245,0.12856695785052907,0.541153579620534,-0.2189138502470745,-0.28485300013759346,-0.1859811645627613,-0.0430274648888554,-0.09166222142914014,-0.02312265479644192
all_pairs,0.6,0.8333333333333334,72,0.11026359192872076,-0.019331382074279587,0.22375674130082052,0.2613960293581462,0.10069648854823014,0.3874011420370361,-0.16551599347514484,-0.20247474347209712,-0.1415671918527853,-0.031119779200457595,-0.06146964968344288,-0.011339112699069235,0.1283776869004116,-0.1274902025173005,0.2574717850699394,0.3986142677949611,0.13632346184605723,0.6509359215892858,-0.25368761400422835,-0.3257695612415709,-0.2138360082049586,-0.052662705479545546,-0.11101324501169016,-0.020104154679650925
all_pairs,0.6,0.8666666666666667,72,0.13114947373936348,-0.01992015044711599,0.26196241500650685,0.26577215979070806,0.11634086843630137,0.409203854634828,-0.1875917501029952,-0.22860141051888477,-0.15839265937890123,-0.03258308200716568,-0.0722119676537882,-0.011499911900229814,0.1427242324611029,-0.14261277103318099,0.3058341924845024,0.43174061279063636,0.16406867703520098,0.747747768926128,-0.2832016669429621,-0.3590551236487222,-0.23775596779810393,-0.06603067306271734,-0.11764070206828328,-0.02760585415626316
all_pairs,0.6,0.9,72,0.15696294673213534,-0.020935279860733222,0.29155586420850155,0.27617226146386886,0.10928743988635543,0.4713172352685788,-0.20681356236517484,-0.252501380459667,-0.1764592324873871,-0.03892781444681793,-0.09256739069992662,-0.016655933918238594,0.17363285451984273,-0.15286166191234166,0.3584982999023235,0.48852848333567184,0.194743911540115,0.898517706561198,-0.31839490775714374,-0.40287422831184194,-0.2618164347209726,-0.08796803426981901,-0.1456981220868283,-0.03507082240939465
all_pairs,0.6,1.0,72,0.19538719688025155,-0.01862979027570121,0.36408616959959067,0.32756067603879463,0.1454495706463274,0.6037736719690071,-0.2663328765709211,-0.3205417377846825,-0.2333704912098889,-0.04401341063015496,-0.0886348447638609,-0.01718616652956628,0.20712405050907357,-0.19443894293945338,0.5213118231118529,0.6614506113335982,0.2297144378821107,1.0847047944071362,-0.40892789456600964,-0.4993767731687587,-0.3294662442149977,-0.10834138980531766,-0.2614892539608354,-0.036906840441705405
all_pairs,0.6333333333333333,0.0,72,-0.3095615510490135,-0.5038461545729339,0.009264613775237929,-0.8659468863720996,-1.115795890544152,-0.6010950346229508,0.6476981416541948,0.4867674849493185,0.9057072397322224,-0.13688101784342876,-0.2689241137278879,-0.06078421936416628,-0.007563971834384703,-0.3646374373979866,0.3379632395766281,-1.1036989656290348,-1.4348383041093995,-0.6872409870905017,1.474764902580187,0.9275740428462336,2.1679420500725266,-0.6598176075342752,-1.5524353490918563,-0.16418033742619842
all_pairs,0.6333333333333333,0.1,72,-0.2877401966750006,-0.49614682655996556,-0.04663537619449628,-0.7319855479343966,-0.943693165607852,-0.5177923339334276,0.5542964500744351,0.3910818308966161,0.7414174656792955,-0.1256656697440826,-0.2219040217276926,-0.041632396696428264,-0.07489217142184534,-0.4562399472712418,0.20155816354700096,-0.9489204242163269,-1.2410361797456015,-0.5761353144513621,1.2701865089486097,0.8535749890423859,1.832932236658856,-0.37646619740166315,-0.7793893254747333,-0.1562371438901608
all_pairs,0.6333333333333333,0.2,72,-0.24056330044197316,-0.436051684989163,-0.062086094461289834,-0.6159402835953752,-0.8091462476393125,-0.4194414292876043,0.42729842876952984,0.31937785650740824,0.5775090260534148,-0.09283392942762311,-0.17954432979203994,-0.04696728749635183,-0.0998245581751197,-0.39829351076244407,0.10816193009135129,-0.7696040400373683,-1.0295190665506424,-0.47041582374779833,0.8733388285548268,0.6175801613488118,1.3333171382624687,-0.253925741163233,-0.5209303702467757,-0.09512039240404573
all_pairs,0.6333333333333333,0.3,72,-0.21458412144544625,-0.353975518254923,-0.0809948662375407,-0.46616509747554735,-0.636375400009215,-0.33184543058953486,0.2974868179546245,0.2188530441729927,0.3887960029108976,-0.05733510411756389,-0.1261211783410207,-0.02571782788353992,-0.13300109974188112,-0.34001189404804266,0.06424684951190682,-0.5951232943439007,-0.8080311198305512,-0.37795960150708097,0.5626928243770066,0.416445352132485,0.8164963933624412,-0.12035768919358686,-0.25686297226299754,-0.05102418499799751
all_pairs,0.6333333333333333,0.3333333333333333,72,-0.19623594274292036,-0.321401364568361,-0.07522275689109897,-0.4238154238700562,-0.5754383240778286,-0.294782666198554,0.28015045945588307,0.1912699525307752,0.36101399267827394,-0.05953308042991293,-0.10316161556347184,-0.02092442549740587,-0.12932351854181715,-0.31915938620478845,0.049337416492855675,-0.5393147737442658,-0.7334305920483738,-0.3443272554387492,0.43649273645689757,0.3480957020255455,0.6597504457628668,-0.09270165812184729,-0.2153122748932782,-0.040536864931501465
all_pairs,0.6333333333333333,0.4,72,-0.1319475520454424,-0.25215137931913584,-0.05968617768200933,-0.32467199735462837,-0.45242600178298253,-0.21398965133107145,0.19807442163734634,0.1558816033945627,0.2447974376690616,-0.037877808189639706,-0.0793214623147244,-0.015645497767191333,-0.10310868710394702,-0.2539877832724632,0.012666952426439905,-0.42728421220837914,-0.5817882969072841,-0.26650839888075084,0.32181835750846116,0.24285832537525298,0.4600055427616246,-0.05909262862668403,-0.12575893055447265,-0.022889910900751185
all_pairs,0.6333333333333333,0.4666666666666667,72,-0.10501887361610557,-0.18891240931332143,-0.042523084340642045,-0.23171577588114628,-0.3363631214634162,-0.1482094525071828,0.13695555782444477,0.1002601704149145,0.16528754860908398,-0.020714425096620442,-0.03661110986162965,-0.008826112941946747,-0.0876784153463003,-0.19874662883341543,-0.005750659200444786,-0.3105276528278521,-0.42149129742310687,-0.18828464081107132,0.20684503641436533,0.1641091842249759,0.283835807409684,-0.029448711599754172,-0.05633614156096316,-0.010917375874778699
all_pairs,0.6333333333333333,0.5,72,-0.08214420754398422,-0.15633972990792921,-0.03460369688331731,-0.18682207094908487,-0.2664425282810315,-0.12251532709951973,0.10892526968877776,0.074579108954661,0.1257019243237783,-0.012142959546738063,-0.028512141837489926,-0.006031911934152941,-0.07791039583618511,-0.15970750429427122,-0.00188895458601015,-0.24789490948856704,-0.3348768874887572,-0.1550885537270401,0.15887078147316858,0.12299534604758222,0.21592972550815018,-0.01665287663603078,-0.03555769047041292,-0.0073868092450947945
all_pairs,0.6333333333333333,0.5333333333333333,72,-0.06444281261169393,-0.11816746104931913,-0.02470660618617487,-0.1380165023563748,-0.202081298834455,-0.08942250259526614,0.08054312650785245,0.059508674843085155,0.09462121683058795,-0.007098537502767899,-0.015314304257729632,-0.003176399927586621,-0.06498446724846643,-0.12611589505769372,-0.007788886598467701,-0.18787850919517404,-0.25932799746407437,-0.11301218807769901,0.11346974780265798,0.09355444972898586,0.15306685006885676,-0.014068163326206695,-0.02507326979260744,-0.007210284119385326
all_pairs,0.6333333333333333,0.5666666666666667,72,-0.04299316597601449,-0.0749031327069448,-0.015323030096206548,-0.09617367662183,-0.14297034542951953,-0.06572066892407402,0.05294143840427745,0.040234014021008534,0.062226059648592104,-0.0028996508449818346,-0.007239533441089475,-0.0013622361353371856,-0.039478948737314695,-0.08695638396485975,-0.0052183690371716196,-0.12654620618984289,-0.17295802274524252,-0.07803062356339446,0.07164127330143122,0.055832307153413745,0.08849773603467337,-0.00631360491167534,-0.010985604029929388,-0.003939248002185901
all_pairs,0.6333333333333333,0.6,72,-0.023065842465264913,-0.04111848496267962,-0.0063065230746257115,-0.05252079641322255,-0.07022177570360402,-0.0308749997182484,0.02619609986448745,0.018584346846352386,0.0308034600858751,-0.0009318174969769758,-0.0023774816525450014,-0.00038239599151447176,-0.02288028185081925,-0.045043768292199915,-0.004947884722402271,-0.06084604135836012,-0.08731976570787164,-0.03553284163497977,0.0321314449866011,0.023665399489357093,0.04301389125969856,-0.0019845846952368518,-0.004370893001881419,-0.0007412077621226183
all_pairs,0.6333333333333333,0.6333333333333333,72,0.0,0.0,0.0,0.0,0.0,0.0,-8.461408044002662e-06,-0.00013727447387316266,4.379754894345833e-05,-5.631572475683916e-05,-0.00011389479860124394,2.724514236635009e-05,0.0,0.0,0.0,0.0,0.0,0.0,-4.843629013040474e-06,-9.600258801542583e-05,2.928115543461553e-05,-3.8592848378815644e-05,-7.682556130503293e-05,1.568173371407909e-05
all_pairs,0.6333333333333333,0.6666666666666666,72,0.012166634276723551,-0.008240523688780936,0.030723672721709644,0.039433711551036074,0.021039574253455096,0.06867571852973697,-0.02885305382736513,-0.03536953978851322,-0.023521896757370996,-0.0009513273483057752,-0.002101758526139002,-0.0003227480593826909,0.00834374007312938,0.000996631757237183,0.03429289845467956,0.04736786477346312,0.017429996261632795,0.08217006033625775,-0.037343267456684114,-0.048345898531260145,-0.02930180694417861,-0.0014011235464424718,-0.003366023972563189,-0.0005431481303712592
all_pairs,0.6333333333333333,0.7,72,0.03272522997729027,-0.013335352102383473,0.06195354956114832,0.07634692762448533,0.04144918954030927,0.1267947011726281,-0.05328111506665789,-0.06684925934440039,-0.04535066830765775,-0.0035970915621259415,-0.007723547235441719,-0.0016822705682430711,0.03539132984075787,-0.008571332598556664,0.07288640298229883,0.10928821997630501,0.04487939380247337,0.1705850566978644,-0.07476185633411796,-0.09570675413055416,-0.06123019481437196,-0.006258821837957354,-0.013648788447813465,-0.0029552751940825966
all_pairs,0.6333333333333333,0.7333333333333333,72,0.045616031700454494,-0.018321914699123282,0.0878851262386463,0.1064980440941787,0.06225091292931944,0.18958354010134065,-0.07806199154028867,-0.09795807956514899,-0.06773703763555135,-0.007967725831576497,-0.019161042030773026,-0.002342535767919671,0.045530151315274964,-0.01579175606074048,0.11326730642945748,0.16778799334455607,0.07364154494679238,0.2644282787025269,-0.11244318368904296,-0.14112068741138373,-0.09620711283779598,-0.011428581188868166,-0.02462694688786487,-0.005721630177698969
all_pairs,0.6333333333333333,0.7666666666666666,72,0.0676239256663917,-0.04396699231310178,0.11957577203361378,0.1520780689821789,0.0815288569763444,0.26919470080357577,-0.10234587400902445,-0.12545759374880547,-0.08712754063907509,-0.015337587603909464,-0.033038431456989654,-0.006782755992363284,0.07445659738854467,-0.06488481580450899,0.1432626447167361,0.22654257659206592,0.10168371693617312,0.356751068348944,-0.1521596971647559,-0.18423135506919508,-0.12465216883414852,-0.018218481513042905,-0.04203765205564022,-0.011460424003473905
all_pairs,0.6333333333333333,0.8,72,0.08658828042885688,-0.05467966072419715,0.17278907977565067,0.19086386177601425,0.10848725314673714,0.3335123455948052,-0.1238157574684649,-0.1544114824919488,-0.10549804782687186,-0.025145392165646957,-0.04672840550726196,-0.009878862193347646,0.09107584113995426,-0.06716956499379569,0.19030383732202016,0.2887145927179423,0.11906810823829925,0.4426104820535446,-0.18604444579742307,-0.22389514817546843,-0.1562326678570493,-0.031267124292373154,-0.06203187889417251,-0.016262155889983067
all_pairs,0.6333333333333333,0.8333333333333334,72,0.09834169259559564,-0.03813535054544444,0.19778992939653323,0.23153369562489545,0.12683617214823167,0.3428521540152733,-0.1462028493104956,-0.1793664488965105,-0.12160130989793405,-0.028465178919069068,-0.053408531484481506,-0.008712547466683662,0.11155485056732159,-0.069247170348229,0.2417121390708382,0.3396508010764126,0.15097167822653934,0.5546683219297668,-0.21405164831774787,-0.26821148035708586,-0.1809599133070868,-0.034143043025540665,-0.09399677110498113,-0.017258394704814654
all_pairs,0.6333333333333333,0.8666666666666667,72,0.13123276316097043,-0.041911258199646,0.2374657741270364,0.25053934056754407,0.15158576764198917,0.38122435507305663,-0.1677173455311351,-0.20813875134358858,-0.14212352670994388,-0.028850173668721814,-0.06467445803491276,-0.012878943033141224,0.13590671536045432,-0.05981679520921826,0.28113535848265997,0.39421775913358426,0.17931411248328818,0.6586118026616711,-0.25035827794666454,-0.3086762966674251,-0.2046191997475756,-0.05541048107197201,-0.10843051639865367,-0.023750714331647275
all_pairs,0.6333333333333333,0.9,72,0.137458385036686,-0.027622819816035947,0.27733623418745146,0.2890874455280187,0.16283808133683178,0.41123599646599035,-0.18619852852773952,-0.22363642692293512,-0.15922897219749194,-0.03473006037763848,-0.07155698040667183,-0.012180490822708952,0.16658517409036538,-0.09057813771596623,0.32157916277364973,0.4367129666603574,0.209541203913466,0.7537746757998582,-0.2839598046527279,-0.33805290335171423,-0.23200958717575443,-0.06944411589583976,-0.12092587464068007,-0.0348785542860053
all_pairs,0.6333333333333333,1.0,72,0.19040237957310818,-0.025501635097599312,0.3775900871351438,0.3079288704841411,0.11830665512496871,0.5543333197357398,-0.24078430292237285,-0.2977175957571769,-0.2107882714982574,-0.03408351598345166,-0.09120254553796048,-0.012960203614273018,0.22139297966906968,-0.15478071341657046,0.49544219148297686,0.5705658625146534,0.25421224979592083,1.0259175971382741,-0.36842266779166655,-0.43109943434815834,-0.2986813328422413,-0.09429346393540189,-0.2711120220905763,-0.045903597621635706
all_pairs,0.6666666666666666,0.0,72,-0.35020536796231666,-0.5626361393513972,0.005929964769743827,-0.9324350160002336,-1.1499497847484021,-0.6451601040962079,0.6261993585782653,0.47011379177566415,0.9724547461559807,-0.15021524630905586,-0.28843495870996905,-0.08696874452801878,-0.03007772047363355,-0.44036233318391316,0.28986437525275377,-1.1579740471351094,-1.5171483319649606,-0.7307069141366466,1.343208599875397,0.9522631175397167,2.196421853831691,-0.7953795664132146,-1.569234863806281,-0.18116747439943626
all_pairs,0.6666666666666666,0.1,72,-0.29274525160944875,-0.5518842076329347,-0.0719168935413884,-0.8078644603017658,-0.9930145742809644,-0.5584427296111897,0.5318994358205984,0.42022660994144384,0.7353487025944843,-0.15557232010797706,-0.2733440728337807,-0.05397780547471398,-0.1212372089896399,-0.5062058931031361,0.18981888471726294,-1.0089189956315028,-1.3306013225340092,-0.6126946023107758,1.3095735426779909,0.9263513966512036,1.9050170786669094,-0.40969839856605217,-0.8528971002840988,-0.16807617457218385
all_pairs,0.6666666666666666,0.2,72,-0.26720349391591025,-0.4806550085040818,-0.08220868777497303,-0.6825035174461667,-0.830401345683863,-0.46503278847642626,0.45740850075683454,0.338245987276494,0.5822659683803855,-0.11118607418764764,-0.19763793462628515,-0.06042453975043162,-0.1407141885436008,-0.45995835912048677,0.07910608005239089,-0.8387904363173382,-1.1202892163569953,-0.4991259983287558,0.8983744584156166,0.6724101888856212,1.525328696156889,-0.3408535706010233,-0.550992152917509,-0.1291432048493627
all_pairs,0.6666666666666666,0.3,72,-0.22903620322939178,-0.39401971188209983,-0.08130395187359611,-0.5478981115446075,-0.6877786432870331,-0.3701991516477017,0.32341194706815246,0.23845104684680946,0.4247089257198307,-0.0661467299667804,-0.15569726119223576,-0.03699477777158659,-0.14638822762290415,-0.3821746389658379,0.057728547626019616,-0.6719889979061229,-0.8946183683961269,-0.40315763836862883,0.6350179586240827,0.47359580851848165,0.9218125521585812,-0.1659311137967838,-0.37643343895423614,-0.07281956888196889
all_pairs,0.6666666666666666,0.3333333333333333,72,-0.21820166834501234,-0.3727007553820624,-0.08742660279905183,-0.4948043770328352,-0.6315366155852697,-0.3382098736789834,0.31109196403005057,0.2216618140993531,0.3829095748214363,-0.07002116670585173,-0.13230398884686706,-0.031120410985736743,-0.15143693915295292,-0.3578112784871068,0.012130981125065157,-0.6110160000502051,-0.8201720849267495,-0.36380907921995365,0.5060152303062109,0.40752441674519235,0.7989993210275848,-0.11730838279508146,-0.28462122702646375,-0.05885432698196931
all_pairs,0.6666666666666666,0.4,72,-0.18318073334338025,-0.31290158952288183,-0.07943980408836013,-0.39017580334634816,-0.5118512822130473,-0.2516312722231396,0.2336526504148653,0.18460776222963463,0.2876372471714701,-0.052224574165430374,-0.09581284177526744,-0.018808644899935726,-0.13791561739768113,-0.29917898455558767,0.017927058548352474,-0.4946595469598796,-0.6636893516021991,-0.29751265281250755,0.3711772116857752,0.2899318543861351,0.5759987633913605,-0.08015380498973085,-0.18317861149439563,-0.029302619338874156
all_pairs,0.6666666666666666,0.4666666666666667,72,-0.1435289272703667,-0.2309886559309126,-0.06675369428003597,-0.28919431963591846,-0.3940832506865472,-0.18987736888261697,0.1656783587560713,0.12022352876007099,0.19635506661897995,-0.02799304266876534,-0.04677849548244281,-0.011350515971780184,-0.11557953318685826,-0.2419679723768003,0.01870840579713719,-0.37592236485356467,-0.5110765903440853,-0.21606472539856766,0.2537918352848163,0.20251044004083213,0.361848860112308,-0.03937540324577185,-0.07123264170834648,-0.01720813189274594
all_pairs,0.6666666666666666,0.5,72,-0.11121143422777849,-0.19329143113387537,-0.04998578685933085,-0.24162800685661212,-0.33025939862282794,-0.15981790391641298,0.1373262785286557,0.09444506077479242,0.16602506050613858,-0.01962600666958315,-0.03574441126056657,-0.008603315151777004,-0.09779458253648798,-0.19726679112829348,-0.002065128215629866,-0.3172597023670619,-0.4258955856994782,-0.16056881908937076,0.20527437514827074,0.15862363027647744,0.2904766090308183,-0.026692865023130834,-0.05357799522355119,-0.013447551892722995
all_pairs,0.6666666666666666,0.5333333333333333,72,-0.09138214277402157,-0.15658491394496457,-0.03721306496956639,-0.1978789941336212,-0.26991817537524143,-0.12627598171962504,0.10611574945306662,0.0741446719534494,0.12851110889153122,-0.013982456581870965,-0.028998932183913848,-0.0054053666688200636,-0.08652056084504094,-0.165301423396839,-0.007027768112817967,-0.2505102191099403,-0.3497339753598965,-0.15131582972655627,0.1566585391159931,0.12484273931789264,0.23303255886941263,-0.019760391158770756,-0.03769601849529587,-0.009575072108195429
all_pairs,0.6666666666666666,0.5666666666666667,72,-0.06574465237435434,-0.11624625998301125,-0.018771439686865562,-0.15139286084202208,-0.20712624709206456,-0.09263536013869764,0.07953221103299457,0.057936158565740484,0.09467479484066234,-0.006790036440203859,-0.017292820883987453,-0.002322719703309097,-0.06615064409302918,-0.1284511429635539,-0.010356460223098324,-0.19277363559517496,-0.2539359022314451,-0.11394140202018463,0.11218076449680202,0.08774136633318069,0.1455859068125602,-0.013773158552091198,-0.027274788820386718,-0.005478632197076788
all_pairs,0.6666666666666666,0.6,72,-0.043770235374926955,-0.07897474215249688,-0.011937963169100622,-0.09685716856644863,-0.14019468710593275,-0.062356058479602836,0.05131124833840048,0.037078545616583525,0.06091758325854993,-0.004391154951722821,-0.008603331733532324,-0.0018287003381491024,-0.044069500420328686,-0.09575451895508841,-0.007539021381261351,-0.12313996683665138,-0.17960204248796258,-0.07598945729181722,0.07083321437243392,0.056130714505735514,0.08954044285851549,-0.00695166919983933,-0.01238638691401935,-0.0034545016098162366
all_pairs,0.6666666666666666,0.6333333333333333,72,-0.023912376183082056,-0.04138331113730255,-0.004079634288813021,-0.05104874112758637,-0.07159392521315089,-0.03484117849797656,0.02501410156518266,0.018248015955804303,0.029049048763266565,-0.0011281082193504018,-0.0021039520578057386,-0.000542729768182355,-0.026967790679417417,-0.04451613537029408,-0.004314385329474037,-0.06491883599751325,-0.08874083177042993,-0.03373234274540493,0.030986296402849632,0.024020205403980026,0.04008940618651208,-0.0020040154383973176,-0.0037632718398724375,-0.0007938974148370872
all_pairs,0.6666666666666666,0.6666666666666666,72,0.0,0.0,0.0,0.0,0.0,0.0,-2.1190108765237202e-05,-8.396759228460407e-05,5.50137343479363e-05,-3.778498274442654e-05,-0.0001761626258937159,9.148296609529094e-06,0.0,0.0,0.0,0.0,0.0,0.0,-8.195265964072799e-06,-6.165968278486547e-05,3.620870170924221e-05,-2.788634770900522e-05,-0.0001298655145989743,6.0959368586334485e-06
all_pairs,0.6666666666666666,0.7,72,0.01972389430242351,-0.003839812223168015,0.03393238345898456,0.04114802655632703,0.01976358660161954,0.07267767858413789,-0.027898243780835566,-0.03468607843777979,-0.02270152535511602,-0.0009787942140222685,-0.002145493877131602,-0.00046478115225162585,0.01834653394180779,0.003412142370620072,0.03789695959544708,0.05053285290560806,0.015160383037547423,0.0842899711653717,-0.033003234956362884,-0.04711731135940453,-0.026802128925742588,-0.0018127937462956733,-0.0036251565707969,-0.000505020536156961
all_pairs,0.6666666666666666,0.7333333333333333,72,0.03609234820251074,-0.013494823515548844,0.06785985656472099,0.08314048412047367,0.046286184573988795,0.14262248389821974,-0.05185849967791764,-0.065431927280464,-0.04339345988412849,-0.0037402458299787005,-0.007531413334663977,-0.0019341096602025793,0.034602973760218425,0.0018556978934132547,0.07728092603769929,0.11027699226014522,0.04763039529906917,0.17172877725358743,-0.07257232208241624,-0.090383853830651,-0.05902117403830538,-0.005927409017646424,-0.011502043833601344,-0.0028940086715942815
all_pairs,0.6666666666666666,0.7666666666666666,72,0.05432947060261968,-0.01038483120821107,0.10268655568235571,0.11603423121256079,0.05792617654267822,0.19985890052721283,-0.07642103470477585,-0.09820061214149695,-0.06260697319662502,-0.009043233109093555,-0.020293134699411318,-0.0038587595195263575,0.058140494375944346,0.0023497798164575723,0.11203162525073593,0.1748753529234089,0.06523040412258779,0.2667620744279777,-0.10904454044710296,-0.1426572846110895,-0.08907910370048944,-0.01385629060952627,-0.02529997253778633,-0.006145612059554717
all_pairs,0.6666666666666666,0.8,72,0.07295645383992488,-0.01550119661256036,0.13166030863926947,0.15191292333133238,0.07735181773897762,0.27039107650172667,-0.09825023986763497,-0.11827507568271199,-0.07946712255553247,-0.01593773321217898,-0.037360312074077445,-0.006849882870006929,0.0822089819054618,-0.02147131945058778,0.16192440394432525,0.23672111335571216,0.09770828570944556,0.3667187032746029,-0.14684039995135245,-0.17817703146380806,-0.11853660109965303,-0.02116050407024325,-0.04468902875590232,-0.01329950945224936
all_pairs,0.6666666666666666,0.8333333333333334,72,0.08681221194939354,-0.031112406831481157,0.17237241927187502,0.18896896152453715,0.09933655090961932,0.325445409038835,-0.11981103345183294,-0.15226764555311162,-0.10295249324552874,-0.018739509248316844,-0.038884483187508645,-0.00791559461573131,0.09842721446875036,-0.03605645005103071,0.19982356571578516,0.30073531557195327,0.131361275817869,0.476918651957972,-0.17480714466267477,-0.2213690799035607,-0.14879181695649413,-0.031128190599831643,-0.06583797944312332,-0.015570554594698456
all_pairs,0.6666666666666666,0.8666666666666667,72,0.10834099452645521,-0.018593615257076427,0.21131438410979994,0.2284551539848302,0.12364543686091739,0.3472200351011281,-0.14240513379633463,-0.17882235451799894,-0.1216286754288532,-0.033567675432713065,-0.05852677671992453,-0.010618884285071413,0.12866899193080783,-0.052203094260462886,0.23952013869823796,0.35445142251764994,0.1637959295982998,0.5679679633448774,-0.21690483191330967,-0.26349181177623054,-0.17456269418220852,-0.04647229123480568,-0.07449798061028017,-0.020287967644469315
all_pairs,0.6666666666666666,0.9,72,0.13329068222222457,-0.019027308039320907,0.2532750147222408,0.2694141028160958,0.1287749341477941,0.3833196951692971,-0.16304591814573566,-0.1980424212307208,-0.14173581168461225,-0.03811607520509598,-0.06395144944556234,-0.016147840586834453,0.13810726507829763,-0.04006899049626397,0.30059407238514535,0.4247326867305591,0.19798845085953481,0.6759351160346501,-0.24577883763059005,-0.29973475725146653,-0.19834078844999223,-0.06085065431198927,-0.09404692535395286,-0.03012944595171109
all_pairs,0.6666666666666666,1.0,72,0.15286958806117862,-0.06343441344784788,0.3446375893195225,0.30708445888814206,0.10990668788610604,0.5391472044924561,-0.2177857634860353,-0.2751218777640852,-0.18886047330002304,-0.032656396113867316,-0.09974668262863044,-0.01584317103825926,0.2136760745310298,-0.045238316505860264,0.4782970124902316,0.5674837556565261,0.234642983568302,0.9831681304359732,-0.3387826617719605,-0.397094433767937,-0.26756659463657945,-0.08950724309672059,-0.26918656394268853,-0.045474128395223065
all_pairs,0.7,0.0,72,-0.3980942749179002,-0.6025791410095189,-0.020700182192973,-0.9643778281293215,-1.237662588817141,-0.687026237282338,0.6545014427249,0.4909588334653018,0.9157112596677074,-0.2182805190351491,-0.32895796633929786,-0.10108550871278867,-0.07243181691051219,-0.49988491226293796,0.2815491355362597,-1.2372367491608445,-1.5666528452298232,-0.7792664053880374,1.3078063567112677,0.9286573973169963,2.056495120891066,-0.5978302388366183,-1.5605950839084204,-0.26805845975037335
all_pairs,0.7,0.1,72,-0.3509981808463413,-0.5955387891629835,-0.06421894477640912,-0.8352327231152548,-1.0730439616958112,-0.5915006978244849,0.5178843100885535,0.4303598605680366,0.7730015405809022,-0.17060436438758822,-0.3094913755104532,-0.07464701330458248,-0.14704874996391276,-0.5493250235982776,0.20776519266601826,-1.0684949751680461,-1.4000747209307263,-0.6731127773193137,1.354533698226778,0.8661172384108528,1.947118228331198,-0.4576265490926127,-1.0380173003247106,-0.17038564289123329
all_pairs,0.7,0.2,72,-0.3024052716850444,-0.5305568963449161,-0.08644432292387057,-0.6992496720972552,-0.899602656134414,-0.49841971048350825,0.4843122858863955,0.3581580811379699,0.5962920844534972,-0.12864019604672938,-0.23389380254143421,-0.07416848104441302,-0.18550547342965626,-0.49875597428907975,0.06451840371281167,-0.9099102402346868,-1.1957411633415582,-0.5405944280660803,0.9704736106411505,0.6897525849900628,1.591034600235995,-0.4133150045290312,-0.7891260673264542,-0.13954603660464604
all_pairs,0.7,0.3,72,-0.2632649784494372,-0.46468169306438734,-0.08903013103311964,-0.5704075025350053,-0.7458553100127681,-0.4056825601402867,0.368248271235006,0.26709297384133707,0.47457999398242284,-0.07541749779963947,-0.17185235250986808,-0.04441080877448668,-0.18649598143716478,-0.4453640036556352,0.04893671275529118,-0.7439042794640635,-0.9796656803415416,-0.44338427978902445,0.6936196463573256,0.5178659262717252,1.053818201540912,-0.19242935497108332,-0.45863820777941877,-0.07484596953056469
all_pairs,0.7,0.3333333333333333,72,-0.2516593476370172,-0.43499544198570483,-0.08989174888039958,-0.5148229919611436,-0.6935380850602908,-0.3739864232067813,0.3180261167143523,0.2405919242268844,0.4150260878211258,-0.06956717566737342,-0.16475667652176124,-0.04318328219021195,-0.18258279292525584,-0.42096906070551565,0.03015576126730509,-0.6884754165115816,-0.8981705430893516,-0.4051747478794653,0.6041174041850974,0.4518517963755331,0.8746700095102442,-0.1652428752841195,-0.41382751599070877,-0.05300961660259107
all_pairs,0.7,0.4,72,-0.21389223287413267,-0.3616630879747896,-0.09472654654027662,-0.4291109418315252,-0.5701876008955137,-0.2999588725377492,0.25188231612900436,0.1779802210022871,0.3251835569958607,-0.05161938509588451,-0.1193564210621337,-0.024261757638622854,-0.17102701327672049,-0.35986381297067094,0.00576433466093571,-0.5581737427183732,-0.7549057092883438,-0.33227775370201734,0.42425493304007156,0.3336320527765855,0.6395443515686071,-0.10731211783596581,-0.24671509083377163,-0.03574004473511973
all_pairs,0.7,0.4666666666666667,72,-0.16532779463627995,-0.26874916747277333,-0.07354979908649863,-0.34306727976783113,-0.4546323992005808,-0.2261755354247576,0.19249123755407854,0.14051771111761463,0.22544244725809226,-0.040462977659918964,-0.07066967040342588,-0.012024439766543295,-0.14623508011983904,-0.2835454353176967,0.007376229507860777,-0.43907538929667034,-0.5925358946909474,-0.26675614416379756,0.2996038500709627,0.23612349648420355,0.45478620592030444,-0.0641090535634721,-0.12934901708194696,-0.029171963885229774
all_pairs,0.7,0.5,72,-0.14000403439664194,-0.237557625191892,-0.06503742046995037,-0.2909093377616361,-0.39220079528830354,-0.19056013480127537,0.1534355349525551,0.10922179409981221,0.18756552643536412,-0.03279802881382862,-0.054939833423556086,-0.008786022282126453,-0.13636579236340446,-0.24658605395062766,-0.0038351465292550714,-0.38236238288312163,-0.5129135804241794,-0.22773453642316394,0.239719280243804,0.183743613505436,0.3713998674086799,-0.04256949291504393,-0.08449625901880747,-0.017279557886339173
all_pairs,0.7,0.5333333333333333,72,-0.12259401224166105,-0.20312917435506722,-0.0554003428597217,-0.23782356599176954,-0.33105420804066876,-0.16252114468978396,0.12457589219606006,0.0893497608603141,0.1543316445658282,-0.022431391980037182,-0.04364776902513146,-0.00800679186190237,-0.12257921319275983,-0.2098625163922504,-0.006123797963919875,-0.31740870350743566,-0.43012052830895375,-0.19039729300094582,0.1903364217761448,0.15771541939888656,0.27665329789884807,-0.033681523901411756,-0.06999845567745412,-0.015165976257206027
all_pairs,0.7,0.5666666666666667,72,-0.10061608367997689,-0.1630519135826317,-0.04248877276308939,-0.1901586192242582,-0.268595595980408,-0.1273289239028051,0.09699166213401214,0.07310697969170712,0.11939717296747207,-0.013975087851620917,-0.03490171902127505,-0.004397189768174182,-0.10018486751167203,-0.1697774509634818,-0.012378518866557012,-0.25896090563413043,-0.34695505198199195,-0.1536002346841858,0.14883481921736233,0.10797700306585388,0.20450992040632848,-0.016625539175289014,-0.041321479872346,-0.007541597391878301
all_pairs,0.7,0.6,72,-0.07492093233164272,-0.12002284899836925,-0.028899534503227114,-0.14494500866784144,-0.2027771526772676,-0.10125211047992573,0.07194538564217207,0.05811839245253224,0.089025202069586,-0.009080339827842926,-0.021693666501205848,-0.003486500278239922,-0.0825238004137428,-0.13194525803303472,-0.00984431304956683,-0.18861907121234223,-0.26606514309265217,-0.1159871399713262,0.10480397020218214,0.08196529786735637,0.14395297634734114,-0.014264332777624913,-0.02353841329886438,-0.004730244872464974
all_pairs,0.7,0.6333333333333333,72,-0.05077010178534885,-0.08191309873300281,-0.014037017232777078,-0.0942258268571371,-0.13795122404289345,-0.06654815735249883,0.04635581711836794,0.03724304538455987,0.058477943129945024,-0.0037310734783277955,-0.0073849514020112444,-0.0017564867264913968,-0.050942005863800446,-0.09197684971005149,-0.008826406449314213,-0.1246312798156777,-0.18100621261450467,-0.07863056628215431,0.06669905419167749,0.0517946553269785,0.08976154911514753,-0.0050785682924810475,-0.011810505524400574,-0.0020372821781459217
all_pairs,0.7,0.6666666666666666,72,-0.025684434590815892,-0.042178838687779496,-0.007311250673005962,-0.05238248949166855,-0.073377427996889,-0.03527591787942284,0.023167756991428978,0.019027643885500933,0.0280767724572267,-0.0007740436233798567,-0.0022306738197154785,-0.0002851438415865106,-0.02812231699496734,-0.04792010091560657,-0.0050947770368066966,-0.06418254021511316,-0.08932826312608164,-0.03462853484459914,0.030071329210045017,0.021415457123760865,0.03860726219008287,-0.0019551536197425293,-0.004282885417170382,-0.0007137739526983933
all_pairs,0.7,0.7,72,0.0,0.0,0.0,0.0,0.0,0.0,-3.180601587551859e-05,-0.00013382160593033987,1.6604618465212988e-05,-1.8387351555071402e-05,-7.723172845864984e-05,2.399088549924462e-05,0.0,0.0,0.0,0.0,0.0,0.0,-2.136203640648593e-05,-9.419293687471655e-05,1.0022726405520956e-05,-1.016148825809523e-05,-6.175334732435191e-05,1.6181316073379803e-05
all_pairs,0.7,0.7333333333333333,72,0.019617138165570078,-0.005253674724984603,0.03416507612022522,0.04067638085380409,0.023605499834780108,0.0706976474437864,-0.026292287885211693,-0.03332554042493416,-0.021279041656098646,-0.000729817717963533,-0.0018987081104177438,-0.0003192709087435213,0.009334333683125081,0.0026328807527017384,0.04097268356572172,0.056402429632227975,0.008218246542232703,0.0812354613327137,-0.033506959110405465,-0.048154210059005456,-0.027800965194986156,-0.0017958127664295552,-0.0034094409142552936,-0.0006119846555208704
all_pairs,0.7,0.7666666666666666,72,0.039445379964372265,-0.005982509422477356,0.07244031782488031,0.07463508785843434,0.03901793716764153,0.12836448088139818,-0.05112301805190253,-0.06759022120679896,-0.04017456059937249,-0.0028138281695240163,-0.008206667910255469,-0.0012769193409493678,0.04512376240274364,-0.002485941735802703,0.07640311644254627,0.11372925691030081,0.04597158922974943,0.17682310492081124,-0.07257668813519005,-0.09396433251481917,-0.05680440098435828,-0.00535381993654798,-0.013535163064884892,-0.0018174679902806664
all_pairs,0.7,0.8,72,0.057760489079162536,-0.00948910164651992,0.10675719538998663,0.11281989243541458,0.06317575275711164,0.2087687046276886,-0.07405257770764506,-0.09942027473331227,-0.05988786459643859,-0.008437686879084876,-0.020355857818482318,-0.0033537542370553172,0.06845391458429947,-0.008379596456449145,0.1234441481127116,0.16884649596525836,0.07731062915309239,0.2686273177355393,-0.10806649265785576,-0.13309160858631966,-0.08135205973207697,-0.011893568764345344,-0.025129563363392622,-0.007054763666364278
all_pairs,0.7,0.8333333333333334,72,0.07648517495456333,-0.01811076384740857,0.1429235140157213,0.1480477713557807,0.08436267909723169,0.2729093057182439,-0.09438124083080368,-0.1205067480631987,-0.07817314030009162,-0.01580888767852391,-0.03212592578334854,-0.007079344884896155,0.09129276576405526,-0.01828455227803051,0.1734524415372353,0.2290064447673537,0.10550799935614098,0.3702032461678189,-0.14339726019206925,-0.17890613532783906,-0.11253874164208674,-0.021887295147394556,-0.04697261498157545,-0.010448640807162003
all_pairs,0.7,0.8666666666666667,72,0.08910004584918096,-0.012231509750474066,0.18036569580191072,0.19474880467818956,0.10356727100008215,0.3149962237296692,-0.11711321736350123,-0.15382587378933768,-0.09659867204104094,-0.021918671110015157,-0.05128469031900061,-0.008481892955503362,0.11249989617408925,-0.021623972212684174,0.22033518868616703,0.2862626470440448,0.13836098227324647,0.4770417101944602,-0.17417095903389296,-0.21209217729753868,-0.14155503545265455,-0.03411761882047242,-0.07158939954502572,-0.01770306326211908
all_pairs,0.7,0.9,72,0.12118369660000934,-0.014873498833282822,0.2198936766940222,0.23420421322658713,0.1204903539938151,0.33834689965539755,-0.13618718792783885,-0.1691921128505211,-0.11511740623567927,-0.023355053743431126,-0.04474259101289253,-0.011563902502705338,0.13613214978807697,-0.03929451568394468,0.265025476910738,0.3393346428883892,0.16477472961260778,0.5941572378820212,-0.2117272765191207,-0.26484992006164865,-0.16736423671389647,-0.0421278259541,-0.11407478114515059,-0.022232548987956943
all_pairs,0.7,1.0,72,0.19077962735088178,-0.007888006104371563,0.3341946616252844,0.3311476893533163,0.09758580876456184,0.4721480310209871,-0.195971504957287,-0.24657987334855969,-0.16444535418946432,-0.041948469918628314,-0.09579959719471445,-0.017872722778300206,0.22374258365048197,-0.04479728238275995,0.43273841638767274,0.5207036440115668,0.2633890086264864,0.926437853021057,-0.3084529551482086,-0.3716097248672744,-0.24447790735835678,-0.09516995975143028,-0.1959823889633147,-0.04339146585894362
all_pairs,0.7333333333333333,0.0,72,-0.44176657114017026,-0.6750597931068523,-0.05397078040183399,-1.0062609033825742,-1.2619844321521425,-0.722897823006506,0.6411462274779587,0.48964969882269793,0.9588861200536722,-0.16739322926445704,-0.3401334580369112,-0.09430874624909463,-0.07169105729469286,-0.5558052700939505,0.2761676289374385,-1.311117706367559,-1.650674378003538,-0.7933252764630272,1.380144083382811,1.0710485496298665,2.4007957757691116,-0.6173510266255061,-1.8521503013565894,-0.30076971137971076
all_pairs,0.7333333333333333,0.1,72,-0.3832135447828541,-0.6555053163319224,-0.08996474413863875,-0.8790526769547998,-1.1092155428088468,-0.6271297282714998,0.6349832513866195,0.4260396751354095,0.8166157372355739,-0.1861482739460425,-0.3303856522135706,-0.11193004951665092,-0.1675324979418033,-0.5968116577093758,0.19295842967969903,-1.1417218334846713,-1.4320922516771484,-0.6926165129035438,1.4930187379483164,0.9432301368542387,2.0518034374857925,-0.6012375821083614,-1.3048609054895095,-0.24800004038791112
all_pairs,0.7333333333333333,0.2,72,-0.3358283936567391,-0.5808574280769143,-0.11670558228911355,-0.7596011727776384,-0.9563320607145152,-0.5391670074554487,0.4870894549518587,0.3573133254190476,0.6411044074149219,-0.14161736727627222,-0.28177857043354654,-0.08313866594358532,-0.20407329307214261,-0.5398802170637207,0.009749164262433871,-0.9793473415888824,-1.2495441852226525,-0.5930808801627655,1.01187817717289,0.7391234701914091,1.6555994171112343,-0.34669882589706136,-0.7866096208037647,-0.16952934553388016
all_pairs,0.7333333333333333,0.3,72,-0.2930179747071133,-0.5125116975430306,-0.11774167377601927,-0.6370494834094113,-0.7992257048772134,-0.444792487138723,0.3885798761705347,0.31129334913294515,0.5044399626614413,-0.08602915641272409,-0.19001701228337742,-0.049508115897331624,-0.2042080514470864,-0.4641484543654528,-0.0196037279095501,-0.8029421869904212,-1.0384759022471979,-0.4948583111444359,0.7200833929348696,0.5524571069216209,1.1682789409884788,-0.25252148402330366,-0.5217398947330798,-0.08429246912305179
all_pairs,0.7333333333333333,0.3333333333333333,72,-0.2632852394381906,-0.4813309984593348,-0.10449048724764158,-0.5945974847575037,-0.7422222606409884,-0.4102654777762638,0.3420661151070006,0.25729399944085224,0.45146694196728404,-0.07425051887647588,-0.1809021496633158,-0.03766671146977339,-0.21647484818077178,-0.44676714808406925,0.004876519279152548,-0.7493211363649386,-0.9630938185673161,-0.4539958004900542,0.6768564204453307,0.4905937990856806,1.1335976282025528,-0.15294155886555805,-0.5201100822583682,-0.06500184304139778
all_pairs,0.7333333333333333,0.4,72,-0.2278640163073884,-0.41591435887438155,-0.10766808497808505,-0.48586491628661754,-0.63163535780348,-0.34314199891762737,0.26923817810825745,0.20723040032417195,0.3256596825239324,-0.052844339898913156,-0.15695498045185868,-0.031894588056076985,-0.19950276585872728,-0.40104725698145527,-0.014806857300393316,-0.6402896271782721,-0.819550233412341,-0.37698355483542956,0.5048128307589383,0.37152839800559145,0.8035192537558096,-0.1440029951282853,-0.32099237591409063,-0.04949586302317015
all_pairs,0.7333333333333333,0.4666666666666667,72,-0.19126034972489941,-0.31619995545337665,-0.09155011776485947,-0.3955693035474095,-0.5179795093833204,-0.2658107707795308,0.2176368246173942,0.15155514016930705,0.25598816327160234,-0.040369988823559494,-0.10175420975308339,-0.018227102804187587,-0.18177062887096376,-0.3355669208651819,-0.015540022098874975,-0.5165592749660887,-0.6814350288995403,-0.2951646888830538,0.34392906920216443,0.27065467151043726,0.5785533124012675,-0.08844627943522052,-0.18918469708962193,-0.04421286240266188
all_pairs,0.7333333333333333,0.5,72,-0.1792780913788799,-0.2826820287645455,-0.07709342596911052,-0.35485226418661814,-0.4580871020716795,-0.2346476599492257,0.17767255264749637,0.1361150235220126,0.22258841758732179,-0.03131021148386217,-0.07215710444925909,-0.014456354772562921,-0.17198624678231722,-0.29759485249584594,-0.010161424292083021,-0.4577451333344065,-0.6039066923675441,-0.2648529155194601,0.27412659764533465,0.2239206966538715,0.4390893736919085,-0.06105675733888864,-0.1355549892852998,-0.029975768811031932
all_pairs,0.7333333333333333,0.5333333333333333,72,-0.15426600494222556,-0.24087309182508188,-0.06851851847062528,-0.30205241751697526,-0.39743587366865285,-0.20223627830248422,0.15507558627177914,0.11058533431028048,0.1856924313613757,-0.027355697855276348,-0.050852234568804194,-0.01095348300079758,-0.14816729074876572,-0.26324384458651295,-0.012789080183267024,-0.39326422048683884,-0.5210602792820004,-0.23347566856861623,0.23484800432768993,0.17989875863821403,0.3591014634905586,-0.04366329460031648,-0.08557478820451941,-0.018341393167990862
all_pairs,0.7333333333333333,0.5666666666666667,72,-0.12240866479571866,-0.19878501293131745,-0.05376567969582061,-0.24149351301823258,-0.3305809448400177,-0.16874256814948901,0.12836147996865824,0.08974753717451853,0.15076595539236914,-0.018041317293052504,-0.0367851435429649,-0.0066543041688534865,-0.12991997166925062,-0.22084658682558467,-0.017209973998173526,-0.33177171994019694,-0.441554679176648,-0.19576292737302992,0.18371515317284387,0.15078060731087412,0.2691844435249917,-0.02808371433228217,-0.06403172435779303,-0.013232072078609304
all_pairs,0.7333333333333333,0.6,72,-0.0955326175251888,-0.165068951664021,-0.04413231945235124,-0.20172084489105108,-0.2726639446303917,-0.133155601997627,0.09513478395461382,0.0719571671030495,0.12534505981302074,-0.012922670861732169,-0.028990217195841425,-0.004631067350749725,-0.1072995691154784,-0.18214292409502786,-0.01386015952457197,-0.26116962153494927,-0.35208279407105425,-0.14767100703777544,0.14088581498696723,0.10779393799880051,0.20433619535509606,-0.0202612240770063,-0.042582793907096544,-0.007395255689056647
all_pairs,0.7333333333333333,0.6333333333333333,72,-0.07666166599993267,-0.1252062496605308,-0.03112645185877759,-0.1482108810918355,-0.21234448861694716,-0.10300588846807811,0.07293429844054682,0.056364633989394994,0.08584814809102417,-0.007096391538877384,-0.017052362755247262,-0.0028918235374982343,-0.08090009105185342,-0.13913794561261725,-0.012437937047505628,-0.19624142316520998,-0.2743580948536948,-0.11982830616732447,0.09990751875148829,0.0779360613850744,0.1368778719267876,-0.011524571810945659,-0.03007533163645605,-0.0037549168483352715
all_pairs,0.7333333333333333,0.6666666666666666,72,-0.049878251852615046,-0.08503512125962351,-0.021892860200792466,-0.09941245903369461,-0.14604994540702154,-0.0667460699975785,0.04429465539687359,0.0352804191222016,0.0565072812562635,-0.0033743189485376662,-0.007684377481827874,-0.0013439457644017464,-0.05379715146906097,-0.09319269033940272,-0.009006024739489554,-0.13007358620479723,-0.18393326114548725,-0.076480785610532,0.06572742745968341,0.04725698448524241,0.08444371533356956,-0.007068862290062277,-0.014815698595140724,-0.003065541344704499
all_pairs,0.7333333333333333,0.7,72,-0.027563535266875494,-0.04374510710013081,-0.007985140952908344,-0.05599628174717604,-0.08061030004855473,-0.03329425523079823,0.0231728366857773,0.01745493414066672,0.027646402772316635,-0.0008006601559595592,-0.002185988642142312,-0.00042563452665687847,-0.028413690860934468,-0.0478894209492715,-0.005022181615800562,-0.06586794689034092,-0.0923772636201037,-0.031096480459612767,0.031232103478864133,0.021424942487933432,0.040028034492174826,-0.0018106897457154728,-0.0033795746499340057,-0.0002362209849215845
all_pairs,0.7333333333333333,0.7333333333333333,72,0.0,0.0,0.0,0.0,0.0,0.0,-3.587249193019726e-05,-0.00010092631726042057,3.319744677376946e-05,-2.2497650647268497e-05,-9.366736408883414e-05,3.844721953120966e-05,0.0,0.0,0.0,0.0,0.0,0.0,-1.8693324975282977e-05,-7.402183510714366e-05,2.4500621054787675e-05,-1.511357918038135e-05,-6.295088885786837e-05,2.6540372547633625e-05
all_pairs,0.7333333333333333,0.7666666666666666,72,0.02011043923361222,-0.0015931876447728842,0.03667803078644503,0.04083127549001217,0.01988699930401347,0.06884614628194018,-0.0257712556949449,-0.03272780806276442,-0.020277780346950117,-0.0010192690556393713,-0.002343246593530371,-0.00021159255867894754,0.008649548674187837,0.002964553594713905,0.04404553325389285,0.052593504336590366,0.01968879267137793,0.08554513260644911,-0.03553481761982151,-0.04344202014169214,-0.025054380199697024,-0.0022926263589173428,-0.004451768445235572,-0.0006273661294652066
all_pairs,0.7333333333333333,0.8,72,0.03966323176333583,-0.003841737273322928,0.0751227907155391,0.07785746595734933,0.04347445977478601,0.13557318544818764,-0.04809003471560944,-0.06270104954142557,-0.03866070521112601,-0.003445498097956112,-0.010538492021918977,-0.001279645557104427,0.04109325193083191,0.004431417834702411,0.08952322190924716,0.11125709923136892,0.04733877408471077,0.18248062343764943,-0.07250891341732031,-0.09309656394497706,-0.05245207829695331,-0.007085626018679736,-0.018403429506734948,-0.0020070038230794703
all_pairs,0.7333333333333333,0.8333333333333334,72,0.058826168946712415,-0.0049879952600292154,0.11402679506565847,0.12629694696387525,0.06338645593235387,0.20954472140607638,-0.07234131259390986,-0.0900874922712532,-0.058241147705022187,-0.008287357860304087,-0.02349489221641011,-0.0032862171766273388,0.06606567233671665,-0.006217979696570428,0.1342150653451654,0.1735194545577427,0.07405094809764284,0.27541857291665023,-0.10789293553578888,-0.13628841461735516,-0.07985602564012476,-0.011533913598477524,-0.02606239238537923,-0.005305662115879864
all_pairs,0.7333333333333333,0.8666666666666667,72,0.0747104913251185,-0.009744053071548948,0.15417292672524532,0.15698029756638765,0.08394039147543911,0.2878751585297398,-0.09179953254424889,-0.11684958345827814,-0.074205366662892,-0.015812647007736824,-0.029508785909638027,-0.005138645106610879,0.09324036237646663,-0.00975584659014803,0.18161844835113186,0.22618500705851452,0.10311941931077201,0.39393449887949894,-0.14894392352000968,-0.17929334313340275,-0.10672314761098142,-0.019775225463327585,-0.05425758463555066,-0.008965792104657078
all_pairs,0.7333333333333333,0.9,72,0.10450707877746962,-0.008206673847234964,0.19388147097510358,0.19607181825253722,0.10530728129411948,0.33807767957026014,-0.11251601712118361,-0.1435371732024191,-0.09218360360704711,-0.0240831740276998,-0.043378243649250595,-0.010891748482637381,0.11277868313533673,-0.007583079240880412,0.23986469838891022,0.2910915127502181,0.13589333154393463,0.4880239858709196,-0.17395166509332227,-0.21604009274733918,-0.13380734929386162,-0.03626831870742542,-0.0896126861186514,-0.013046185903904502
all_pairs,0.7333333333333333,1.0,72,0.16586349589651928,-0.023313391735190835,0.29285574756808497,0.2947118442753848,0.11232898314200411,0.46549255441851056,-0.17325613552001878,-0.21527348520802247,-0.140631000120587,-0.039016630314830686,-0.0816535611157392,-0.019609677207678547,0.19441195668769334,-0.018810114703911585,0.4127647344410546,0.4741806494755503,0.2391188286240666,0.9330526024507205,-0.2728875559637814,-0.3267722909134589,-0.21121859620762154,-0.08077154150686697,-0.1719586336418875,-0.034925731999805934
all_pairs,0.7666666666666666,0.0,72,-0.4866225833438587,-0.6930023855721235,-0.04569333951860835,-1.0410180272650937,-1.3347894024023759,-0.7490535709159648,0.6922344850762796,0.4805692411175486,0.9785069217030541,-0.25532347206364925,-0.38314300918644495,-0.10876413454127869,-0.09186320684362767,-0.6112500702048491,0.25167593247502584,-1.3728610441977331,-1.655395712148358,-0.8386794031670007,1.5684386771785492,1.0838391706203288,2.713869516050079,-0.6921219944453001,-1.9571608954153783,-0.3969457989987448
all_pairs,0.7666666666666666,0.1,72,-0.41252137038938497,-0.6930712181791208,-0.07407582294491608,-0.9218963009441046,-1.1790496203973289,-0.6636430548304157,0.5976196633395239,0.4288560046858094,0.8190034866647766,-0.20577660015199117,-0.3727121822414128,-0.12220051094259082,-0.19525685423822256,-0.6554126989643887,0.17304786728240737,-1.2079146751664713,-1.48258187520673,-0.7305195304068679,1.4593504333676424,0.9156583038353122,2.1208685471050046,-0.7025743283672444,-1.647279359494573,-0.23871525296500684
all_pairs,0.7666666666666666,0.2,72,-0.3833820587411364,-0.6374224770867571,-0.1415084460882643,-0.7890041644735779,-1.025550744305643,-0.5751645348332075,0.4605203336552935,0.3609795445089221,0.6400697968539077,-0.1572447307568388,-0.24617373487520722,-0.08999844361863422,-0.24444915905891978,-0.5899170935807087,-0.015305686553576878,-1.0389671131824465,-1.304817640679535,-0.6400505468676579,1.1213898366214132,0.776309122860276,1.6833848549263413,-0.43901818842091256,-0.9959978487109542,-0.16701438753133271
all_pairs,0.7666666666666666,0.3,72,-0.31499280473615987,-0.5631631463758393,-0.12102254528078703,-0.6622857792347421,-0.8728339599514399,-0.48035977116211154,0.4346661909601467,0.3198160000201612,0.5572857337644046,-0.10763692445635598,-0.22668763886091406,-0.05795574189006539,-0.24876726980105873,-0.5303646204502241,-0.021011395686406427,-0.8691118966584377,-1.1172933251891037,-0.5305856158937579,0.8203958051023417,0.6122087177905091,1.3778765940509816,-0.3162158031483758,-0.6982251775447162,-0.12066516366066608
all_pairs,0.7666666666666666,0.3333333333333333,72,-0.2976277265916947,-0.5327528707545408,-0.12279880204785018,-0.6216171309385519,-0.8148044763274611,-0.45153511397784474,0.3810294130076141,0.30103944682152706,0.5033762269457014,-0.09196526616731657,-0.21398435888196254,-0.048453780367132326,-0.2504751214850022,-0.4945707166595902,-0.01387787118787949,-0.8076765068320246,-1.0419687136730986,-0.4926760644318106,0.7237542502589167,0.5465976387738674,1.2291998100366917,-0.24777990888141588,-0.5274408575021553,-0.09644759819843178
all_pairs,0.7666666666666666,0.4,72,-0.2549857680545199,-0.46799365155770595,-0.12014619129014169,-0.5312110742070995,-0.6966576214168286,-0.3871302491594443,0.3045515701414534,0.22559597470660211,0.3859586094770858,-0.06288604929115718,-0.17821535458411986,-0.035673936009758364,-0.23740677172332897,-0.4588344745638604,-0.014040743299783776,-0.6934578024703748,-0.905809714944895,-0.42450101026606313,0.6018078481745298,0.3923010513711567,1.006446636601131,-0.19728171236486258,-0.38556815147221335,-0.06324617906701922
all_pairs,0.7666666666666666,0.4666666666666667,72,-0.2267584438637219,-0.3603858168940951,-0.10961106857841003,-0.4425395746081019,-0.5864044524976821,-0.31260753511833284,0.2371819585272383,0.17642804900274103,0.30267497376390073,-0.0504927870502939,-0.16794001989431823,-0.019119574812512828,-0.21659606485924143,-0.3939107802809294,-0.023437121109024985,-0.5733661634095637,-0.7702539057912623,-0.34692462674364216,0.43029843726367667,0.298348680725259,0.668774368067624,-0.12977059353257664,-0.2947197039887204,-0.042283987110102526
all_pairs,0.7666666666666666,0.5,72,-0.20640177509161545,-0.31684099509340585,-0.1042499499184731,-0.396210654728635,-0.5313744762330317,-0.2738783865193752,0.20763672090035867,0.15747217099218686,0.25731300739042157,-0.052328561198011964,-0.11581203801583138,-0.020196960536681168,-0.19276730229139233,-0.37326413020427224,-0.01874685718002219,-0.5173174695312027,-0.6964318214790586,-0.3122576464203181,0.3341901953000813,0.248771801275297,0.5787184170149723,-0.10176126333404373,-0.20251902357995388,-0.03670663386815464
all_pairs,0.7666666666666666,0.5333333333333333,72,-0.18575438485924828,-0.27735692075657775,-0.08303533902636728,-0.3467998738850266,-0.46607486583455937,-0.2410833850181682,0.1717401642796476,0.13423982722803163,0.23108313953385784,-0.03811013264399339,-0.08898504643263992,-0.01561653307343024,-0.18244977959727898,-0.31714465088754307,-0.019330848275063376,-0.4589643940476239,-0.6075373768445488,-0.28248619145694603,0.2795654186141652,0.20637180606943759,0.4407536049647762,-0.06377830778862553,-0.12802136546402312,-0.027449892624208837
all_pairs,0.7666666666666666,0.5666666666666667,72,-0.15647234731616566,-0.24018127108887768,-0.07252211144711193,-0.29577341760625486,-0.4046981874800021,-0.2083382442690287,0.14309501067787464,0.10994258650384246,0.18512723865426128,-0.025202453260126205,-0.06092499106669058,-0.010567588579427226,-0.15840501436832716,-0.2806199927348846,-0.01983966236189692,-0.40733256431373654,-0.5232185747259468,-0.23817760536003307,0.22783682849941359,0.1737546545235203,0.3567955742043257,-0.04842139105331353,-0.09640241897941457,-0.01935062882533272
all_pairs,0.7666666666666666,0.6,72,-0.13480436148310576,-0.2035192523385338,-0.05947140177250033,-0.24633003775741455,-0.34234083317529174,-0.16964794997466623,0.12429907994000394,0.09240724675539139,0.16209852313588,-0.021315513069745676,-0.045148057137440634,-0.008173156588062405,-0.14166819358509952,-0.2538277870900174,-0.021169690663158533,-0.3347617566365466,-0.44704735572571846,-0.2004425417078738,0.17897829071867333,0.14091016483342234,0.2578498886550904,-0.03335121307725089,-0.0697238287479268,-0.018831067528003946
all_pairs,0.7666666666666666,0.6333333333333333,72,-0.09629638669489593,-0.16345602609661414,-0.04699345727868921,-0.1974948673597872,-0.2816150771404763,-0.1330290848681482,0.09609008658464108,0.07198250490441074,0.11672970432336646,-0.012063920333593579,-0.024243084537634657,-0.005071200213075125,-0.1163812492590732,-0.2010836613973485,-0.01945425846146007,-0.2637528052122164,-0.37121567173541287,-0.15931635760944246,0.14114092122323652,0.10405721254676117,0.21277581069339221,-0.02367414928556443,-0.05381821816826465,-0.01072488348170164
all_pairs,0.7666666666666666,0.6666666666666666,72,-0.07516569453013672,-0.1269249449040467,-0.033797846714686997,-0.1420321632828151,-0.21182947671735403,-0.10205308885719744,0.06705421780171722,0.053783144805478224,0.0860061789209003,-0.008833837534237998,-0.019114180981753326,-0.003028934702386364,-0.089110421903476,-0.15239273656271424,-0.015429984054092502,-0.20060273499163345,-0.2802393619878123,-0.12152907481060118,0.09866664115498554,0.07294520174848096,0.13119416751772497,-0.012910635916521102,-0.031011973100535203,-0.0038688849639156777
all_pairs,0.7666666666666666,0.7,72,-0.04704462000761889,-0.08581788784182516,-0.022814543095920937,-0.09827566161287979,-0.14573836426118883,-0.06933935985588141,0.043636911103496864,0.03494403856288443,0.05622437750672758,-0.0035042149824662814,-0.007799039710503107,-0.0012832638494676384,-0.058122335944471804,-0.10154501727639095,-0.010084885263006806,-0.13150948531297135,-0.18669856106592492,-0.08308889027321975,0.06877508545827636,0.04856797410809129,0.08661779380539834,-0.008580778035156694,-0.01576098181283795,-0.0031122259595749487
all_pairs,0.7666666666666666,0.7333333333333333,72,-0.02777185778106487,-0.04331377504167008,-0.01071885304660328,-0.053933763052206124,-0.07997637071232934,-0.03512811118959216,0.022478071764565653,0.01655648064984082,0.026584555746336738,-0.0007880663056166749,-0.0021876054295870695,-0.00024762994981968045,-0.029271559302743055,-0.049955625479563545,-0.005060443807487474,-0.06702495551825667,-0.09581222343339989,-0.04105861765769268,0.029336131947949998,0.0194522672616939,0.03982135698559756,-0.001795444595482754,-0.003904555263713139,-0.0004885102252860964
all_pairs,0.7666666666666666,0.7666666666666666,72,0.0,0.0,0.0,0.0,0.0,0.0,-2.1726982381009556e-05,-8.497399306514607e-05,4.5299489499689386e-05,-4.706313217589518e-05,-8.98650783878463e-05,3.356156472618388e-05,0.0,0.0,0.0,0.0,0.0,0.0,-1.687313353410097e-05,-5.4011064265113733e-05,3.4526879292715016e-05,-3.065236285874911e-05,-6.615780340687993e-05,1.6723844354374344e-05
all_pairs,0.7666666666666666,0.8,72,0.02002420609143005,-0.0004264416706666448,0.03790419792132235,0.04249042230989468,0.02326190681200466,0.07100845550919441,-0.025502957584663283,-0.03394620109406099,-0.01924946627215242,-0.0009339501143780793,-0.0028337257799607024,-0.00028523956720957755,0.02293341753355118,0.0028127385066533117,0.04921885759798177,0.05227387604428143,0.016011229542572662,0.09090538995655985,-0.037379435864789,-0.043906718464928746,-0.0249717789240131,-0.001942456806620412,-0.00367354808165818,-0.00038464776712842676
all_pairs,0.7666666666666666,0.8333333333333334,72,0.04345227076151263,-0.0006978922897185833,0.0790605691215038,0.0857788758738105,0.043872900789211786,0.1422778750991713,-0.04924910872641944,-0.06534568330464431,-0.03783343291796333,-0.002828525958684547,-0.009161102993291457,-0.0013583935142640166,0.048200627624821774,0.00018140316815119274,0.09434575655461935,0.11100260809063489,0.05011816976522103,0.18366122965472018,-0.07350639419359639,-0.0921659098637739,-0.0502769025587645,-0.006682898720121844,-0.013995068840209844,-0.002464035444098343
all_pairs,0.7666666666666666,0.8666666666666667,72,0.06479234636287905,0.001527099266363343,0.11642903231728682,0.12496429558534336,0.06180465747590741,0.21757745939213738,-0.07191619333432195,-0.08978567158367053,-0.05519269910761216,-0.010090809593463793,-0.025424772716684915,-0.0032164026700111092,0.07138481833925114,-0.0014698741810371292,0.14122179930649176,0.16866867486543954,0.08771773208964573,0.2915173272603946,-0.11050984464291863,-0.13623038223827272,-0.08090710832861163,-0.01633261561843094,-0.03422634703068175,-0.005741037285234226
all_pairs,0.7666666666666666,0.9,72,0.0815469293771991,0.0003844303679265077,0.1657035775758324,0.16789700895097864,0.08824637921043407,0.29879916012571955,-0.09261859963801616,-0.11828598720499754,-0.07203234267285245,-0.012737380783949386,-0.038066498847617855,-0.005749756063550736,0.09978227138855403,-0.005070707308440958,0.1903201726279866,0.22849018226642223,0.10835179744767437,0.39747690191425433,-0.14624859071815866,-0.17840310572810963,-0.10576006403814418,-0.028543458482458872,-0.06430402379979472,-0.011710296430479276
all_pairs,0.7666666666666666,1.0,72,0.1438647007766466,0.005284189772366124,0.3101074898069699,0.2702545779952351,0.11338238715462982,0.41194244011365416,-0.15710896113945721,-0.19690254528412382,-0.1180437949943509,-0.03052384301715358,-0.061185696461184574,-0.010973417144481967,0.19151720381149723,-0.011577250360266734,0.36707714371530265,0.41899976616622914,0.20988800652935186,0.835649782757147,-0.2452172272678904,-0.28833733221414204,-0.17600971883845576,-0.06708368213909205,-0.17765584676630525,-0.03624258290658511
all_pairs,0.8,0.0,72,-0.5211232475796406,-0.7358085510053479,-0.05450080126345438,-1.0784132086315226,-1.3829335557094333,-0.7869181597074317,0.7527320736611505,0.531364776899564,0.9358899180144878,-0.26247255551886783,-0.4825713528473765,-0.13325080645186418,-0.11505357437192727,-0.6562564424171264,0.252692710384932,-1.439808114651735,-1.726547295052741,-0.8754414197332301,1.641687814051108,0.960777727727374,2.782808313891171,-0.7814925071822456,-1.8598106744098022,-0.3911344043813907
all_pairs,0.8,0.1,72,-0.43447190358301857,-0.7280585744084085,-0.1116792641392848,-0.9598129151243049,-1.2456926133046071,-0.7010104956376322,0.6059614749876225,0.46396320493484855,0.8108397279585222,-0.2502859565155924,-0.37436557552592065,-0.12065673240211233,-0.22481252684056824,-0.6947405486281975,0.1240153432692117,-1.2840485136409543,-1.5453113510431824,-0.7755725411377411,1.363304437777816,0.9308990346308166,1.8399636289822912,-0.7356669120131353,-1.7529418264105217,-0.31370686334875814
all_pairs,0.8,0.2,72,-0.4479532852711626,-0.6982220505177562,-0.16241024712502672,-0.8351994398403079,-1.0976998530782938,-0.6115540630583362,0.4888418408307524,0.3379011089822638,0.6348729164273093,-0.17350883933221056,-0.2695728888597893,-0.09612545651044266,-0.28316899815527635,-0.6241376993052982,-0.02103334255646056,-1.1055677491476752,-1.3629600227031253,-0.6718735485762917,1.330405068464342,0.7223487297434623,1.7779629033082758,-0.6120485741612418,-1.286989711423735,-0.18547670471769967
all_pairs,0.8,0.3,72,-0.36114241774454153,-0.6090512173393104,-0.1404711738519906,-0.7094206298498114,-0.9436536445784738,-0.5192909792633874,0.3931908677181109,0.30205603440965734,0.5400615521962033,-0.11302838614565275,-0.2002275540918095,-0.07637490349569548,-0.2699682351156134,-0.5867388997125236,-0.05562350787882612,-0.9338892130458238,-1.1644562670195575,-0.5697471911256744,0.9548703767529818,0.6130181108300723,1.753430529872867,-0.3600103635832524,-0.8239658673394723,-0.1283433742560269
all_pairs,0.8,0.3333333333333333,72,-0.3443431227717003,-0.585097288461372,-0.14249168053506625,-0.6665716671926333,-0.8833076398756211,-0.4812259026122596,0.41828495147742073,0.28634372837232736,0.5407633379626045,-0.08798589190037201,-0.1928151181930583,-0.06289889186864209,-0.2819244614506309,-0.562682852468308,-0.0316947904258373,-0.8773358526550372,-1.1038484116553196,-0.5186682917062766,0.8312492335409994,0.5850436942208397,1.3662336623688174,-0.2519878043603869,-0.7749099731103559,-0.09483279767670955
all_pairs,0.8,0.4,72,-0.2898838490573662,-0.5232902735180425,-0.14245193227955588,-0.5795976353053041,-0.7776634015197366,-0.40867951803733626,0.30441903313256224,0.2310132302202907,0.4236898601118411,-0.06994555166782462,-0.19001098912864145,-0.04232633921767562,-0.26829615446515487,-0.4926376705833596,-0.017981755541316858,-0.7588948910573424,-0.9711249417397467,-0.4454641757731756,0.6500838824760475,0.43021266150389903,1.1379898857586932,-0.24316462480413517,-0.5028178291175136,-0.0678518966375244
all_pairs,0.8,0.4666666666666667,72,-0.27092902948367736,-0.4194630470996202,-0.12331459913731443,-0.4883084160679713,-0.668608529051056,-0.3449226718926128,0.24631056363360365,0.18259304815504562,0.3337152206251235,-0.05800915491728339,-0.16528950830602718,-0.031147343050594654,-0.2463293591924817,-0.45578443300268734,-0.012990206491338975,-0.6389208510632828,-0.8413789714071324,-0.3841435476180927,0.5071921465735316,0.32153939590117764,0.77617057661944,-0.14000827294686494,-0.3695007004849638,-0.043183107214539496
all_pairs,0.8,0.5,72,-0.241322593345203,-0.36136877582283367,-0.11034859410814246,-0.4429188839316573,-0.6115124209215121,-0.3132029852885289,0.20870597125765897,0.15474684555024348,0.290205735934404,-0.047099057578774736,-0.1655866715694429,-0.022629798935064584,-0.21962782069299744,-0.42553940333110896,-0.019837958849445277,-0.5758065722061991,-0.7644456425342888,-0.33040378000391657,0.4235119487190224,0.2907614348847137,0.6533120728510362,-0.10889585658555473,-0.2915477529080461,-0.04208620031261258
all_pairs,0.8,0.5333333333333333,72,-0.21854290610424149,-0.3233357491532875,-0.09812850652376362,-0.4026361345335171,-0.5514150682299614,-0.26986561040609036,0.2022098734169352,0.136970997991871,0.25760415427317185,-0.0385399355194934,-0.12369479095687723,-0.017721031756240777,-0.20502236515588368,-0.3873234397495073,-0.01691675881294785,-0.516568990315728,-0.6929246140034595,-0.30970881383658855,0.3317585528883148,0.24588133445491606,0.5407238322006406,-0.08243423102813804,-0.2227370653033675,-0.027341267411260806
all_pairs,0.8,0.5666666666666667,72,-0.19784225559949425,-0.2879371619407739,-0.0815907751456527,-0.35454965317089915,-0.4851104642413323,-0.23559030550781856,0.1751375411868515,0.12423982957979363,0.2257938524876176,-0.03248575513691779,-0.09519943872287352,-0.01436065772964093,-0.18315593349387715,-0.3486450897950708,-0.014642860625555637,-0.45497078756361664,-0.6099327356681505,-0.267648697558798,0.2823400447249067,0.2052662977665701,0.43115075945483994,-0.07142713486221258,-0.15351236347871486,-0.02829586892285152
all_pairs,0.8,0.6,72,-0.15208983139566326,-0.25015871651754584,-0.0673735440389496,-0.3033051840235378,-0.41737234023906666,-0.20714787540584048,0.14430890952293962,0.10721649543500632,0.1944091813833066,-0.023470401333407408,-0.07145787693314898,-0.012849099493863427,-0.16945811033681613,-0.3020528994305954,-0.02540070968449941,-0.39529813721275325,-0.5266411001026616,-0.23373523302981297,0.22594822180504864,0.15847560780583003,0.3405336514991796,-0.054982151672517215,-0.10933060458306801,-0.024157300438507424
all_pairs,0.8,0.6333333333333333,72,-0.13287920640401563,-0.21216854554096048,-0.05708233288112401,-0.24757881530146097,-0.35792805777687314,-0.15792023483287038,0.12013446713748965,0.08629936788769968,0.15739011917771348,-0.017711957469329208,-0.043179253943843074,-0.008327921824669543,-0.16060721726270605,-0.2555810485361928,-0.018158131354572546,-0.3334598716627454,-0.45629912374021897,-0.1939915003432217,0.17762886371710004,0.13320041918518616,0.26345711931568533,-0.04203859109878406,-0.08742833638691076,-0.013747994355702255
all_pairs,0.8,0.6666666666666666,72,-0.09546847647629661,-0.16215929421980518,-0.0434300312478223,-0.1950531436188907,-0.29513057453913516,-0.1259731848526726,0.09304662354511906,0.07070917345514201,0.12132980954279417,-0.010797665181690081,-0.030538659883339824,-0.005135247379406764,-0.1263441693105692,-0.20694014288811582,-0.016965114927291643,-0.25839715656159024,-0.3830325660452325,-0.15597842071984136,0.14244025257504364,0.10053230569276285,0.20433990020398785,-0.022775693844138033,-0.05415997413105533,-0.009864390449747561
all_pairs,0.8,0.7,72,-0.06790481613774803,-0.12155100265297797,-0.025943887821443648,-0.13865131133155545,-0.23148818895659995,-0.09745021940756513,0.06950819996000371,0.05098958596367327,0.09245994974104438,-0.008389133817058912,-0.021392217100655267,-0.003196654576328173,-0.10666040814586064,-0.15546991199254728,-0.01405659464820281,-0.19345957095807503,-0.28564587902544497,-0.11837742270989195,0.10188067621896765,0.07205032659050514,0.13848511952095724,-0.013520705726385113,-0.032645737192173466,-0.005590199443020772
all_pairs,0.8,0.7333333333333333,72,-0.04692061490261182,-0.08255169085659263,-0.01846561670499884,-0.09306894179095089,-0.1453867124205152,-0.06194224809633839,0.04719131076679162,0.032468791234545887,0.05631865297391343,-0.003648749294435038,-0.009125904380911057,-0.0014338082008042811,-0.06793581494949888,-0.1033851600562634,-0.010062966350180873,-0.13227801257893923,-0.19812545199939172,-0.07592549323891777,0.06477326539138452,0.04932415995154457,0.08359591792434043,-0.006326724127179072,-0.014020540453934499,-0.002711522219506976
all_pairs,0.8,0.7666666666666666,72,-0.02774198983043319,-0.043378080020149014,-0.004367635384493779,-0.05173614673378511,-0.08111892630811442,-0.03163536611567879,0.022652025494734523,0.015809752161857538,0.027741646049555542,-0.0009851521802707731,-0.0029233005649464683,-0.0002591505976338274,-0.027671364211167414,-0.054475031164001736,-0.005174087491647356,-0.06367587882090318,-0.09786418640931835,-0.03481354430171924,0.027695414386869024,0.01896511620777616,0.04062628526859183,-0.0022523985902953465,-0.005048414008147234,-0.0006443557484718705
all_pairs,0.8,0.8,72,0.0,0.0,0.0,0.0,0.0,0.0,-4.118821910870095e-05,-0.00010479276111130531,2.6551904199992048e-05,-1.5685179142632674e-05,-8.004413437392997e-05,4.329787572029952e-05,0.0,0.0,0.0,0.0,0.0,0.0,-2.8843029841962853e-05,-6.793404193836117e-05,2.285956721233273e-05,-1.1576089961648493e-05,-5.884416128221909e-05,2.79318035799128e-05
all_pairs,0.8,0.8333333333333334,72,0.021149930185684774,-0.0005269570578360574,0.04108661635572346,0.044570595989812514,0.02179762317112227,0.07316084589907151,-0.024738886409151783,-0.03149650141345557,-0.01803116062152483,-0.0008349973357984417,-0.0031478284430178495,-0.00020513366199692573,0.024263470639646352,0.003043727408090516,0.049600334777252675,0.049197042803898056,0.017457763845932145,0.09346558301194047,-0.035553218228135175,-0.04698233160920823,-0.02542158318092322,-0.0020099334161676717,-0.004876523840935513,-0.0006727499608193063
all_pairs,0.8,0.8666666666666667,72,0.038808762872474416,-0.0033757047574724686,0.08397629261337648,0.08255736483206588,0.04451610703248984,0.14460783386759818,-0.04835731018788797,-0.06325640551576119,-0.034895580033226084,-0.0030667533983270434,-0.010904634712877547,-0.0015854869768473642,0.053017653192701256,0.004587814884348229,0.1007311579524544,0.10809104880453077,0.03584082626880036,0.19639146828852766,-0.07579797856134146,-0.0956601812240301,-0.050242059766486026,-0.006779148430699593,-0.017737003755404452,-0.001929553039912206
all_pairs,0.8,0.9,72,0.06966350496303897,-0.0018121215169618734,0.125294809027473,0.12689431228613673,0.06369592511217549,0.2244679630660795,-0.07050824499337768,-0.0901693869237005,-0.053079444800753564,-0.007567890401367766,-0.025923657777172232,-0.003291988512933923,0.07205373616458771,-0.006328642762855857,0.15991361187564923,0.16350895355139944,0.07708956471521114,0.29249453785147533,-0.10783673909326552,-0.14114816569955468,-0.08024273181301564,-0.017426160092224696,-0.042560621802920084,-0.006208558229887996
all_pairs,0.8,1.0,72,0.1293589197582402,0.0070347836181849106,0.2723720109204735,0.21681884176857164,0.1133233256047858,0.366147216530862,-0.13516662402058016,-0.17188699014671027,-0.09807348718204839,-0.022554905046228528,-0.06269686608757277,-0.00895047215415187,0.1591535398506419,-0.01061192285026977,0.34662696785872227,0.349535984623328,0.1797505824884726,0.7096259310922977,-0.21064513444898564,-0.2568613296907333,-0.15922263810150067,-0.05684762537960761,-0.14484478286574956,-0.02374009856859912
all_pairs,0.8333333333333334,0.0,72,-0.5881830613519625,-0.8245123805350295,-0.11847665352260173,-1.13488140589221,-1.4419782682933437,-0.8246465941128891,0.6902209538060752,0.5903478815279597,0.9427704926786262,-0.29265235070162793,-0.5344672617410957,-0.07539062200421182,-0.3083311735237293,-0.7456463527525106,0.23048528857132378,-1.475186531169743,-1.7731541223855705,-0.9182477453308271,1.6992783035515497,0.9460560667434265,2.5364082941003723,-0.9583086655783042,-1.9035199773102052,-0.5913452533183926
all_pairs,0.8333333333333334,0.1,72,-0.5059315718871791,-0.783797302797065,-0.12864650300804956,-1.0041818766007027,-1.3039258124793696,-0.7225144868753322,0.6487300654517234,0.48487316385189094,0.8177377325424082,-0.2165622144310271,-0.409139232181387,-0.1335588466700453,-0.2793141150921879,-0.7701139982913324,0.09324043494374615,-1.3128592148643583,-1.5919241172384737,-0.8148192924497168,1.5255694781869578,0.9307326903505166,2.483886365831326,-0.787154204502897,-2.063872240685095,-0.3356898767988781
all_pairs,0.8333333333333334,0.2,72,-0.47650921625969844,-0.7393571107387666,-0.2182276151618674,-0.883611454998233,-1.1510761899127342,-0.6444042652539349,0.5734932488953551,0.4167111921972323,0.6815718184077508,-0.20421306783028065,-0.42203472159526423,-0.12192672800037314,-0.3129756878152485,-0.6812410092433613,-0.028280590429890437,-1.1538690340742548,-1.425289103294408,-0.6975336109935699,1.3308341856263117,0.7791848450877118,1.9367515093876813,-0.6095579871353076,-1.486320563398054,-0.23302027001622372
all_pairs,0.8333333333333334,0.3,72,-0.46531959652325056,-0.6698810428167784,-0.193737988000042,-0.7370743574296312,-1.0061675408257345,-0.5426680153383846,0.39180659249519134,0.31121188063158156,0.6164604574060817,-0.12932948596076368,-0.328978418503759,-0.07839173954304889,-0.3177006053812568,-0.6390840019459435,-0.08313589656385784,-0.9846139638006864,-1.2177792989339993,-0.5836603816777213,1.223425101089482,0.6777499075032308,1.9866321954345494,-0.5384452010755324,-1.0371408646962998,-0.12406022653322013
all_pairs,0.8333333333333334,0.3333333333333333,72,-0.38089331473432547,-0.63655228137671,-0.16480152704795265,-0.6936711396721202,-0.9566004447119705,-0.5119790977537649,0.38985128711688505,0.28279200581606134,0.550804104523638,-0.1165296789509292,-0.24503964525621613,-0.05411841507722536,-0.3211281914240416,-0.6074788336728186,-0.07525686472127666,-0.8915893772356476,-1.154409839387213,-0.5449901769757756,1.039431959620428,0.5471851910643878,1.7827260159342373,-0.40326529457282545,-0.9159953100685112,-0.10726340173969581
all_pairs,0.8333333333333334,0.4,72,-0.3650500983130009,-0.5768140356451632,-0.16700792859082342,-0.6070571918484733,-0.8549234934158876,-0.43415883526856996,0.348957372945051,0.2560911007603381,0.5112304943608317,-0.08201216799090197,-0.21256079450222193,-0.04620789962865994,-0.3227318547927528,-0.559733391106976,-0.025267495561737213,-0.7787941451439668,-1.0406218448958002,-0.47376355484701116,0.8402743511004936,0.517959323747311,1.2699555629133863,-0.2677940377718191,-0.7264605918563919,-0.07950011196778214
all_pairs,0.8333333333333334,0.4666666666666667,72,-0.3221881330017938,-0.4891963746066379,-0.15724335313607485,-0.5207143228553265,-0.7485034009733801,-0.34599767402652054,0.2874731353097455,0.20860599639109711,0.38515679139144954,-0.06477734140060326,-0.16458150407062438,-0.030432519715557597,-0.29625250866054287,-0.5122020829490608,-0.02330717057138299,-0.6725430956072997,-0.9070014079702696,-0.4005339326011469,0.6073673480426667,0.38154314257007743,1.1019029349153775,-0.18465419068579159,-0.5010613773936348,-0.052717000058342664
all_pairs,0.8333333333333334,0.5,72,-0.3070402899532602,-0.45043320573807094,-0.12656942530030502,-0.47862011440649027,-0.6931036262537645,-0.32441362833101695,0.24582082739772096,0.1796147280680817,0.34302855873832666,-0.05172142684897182,-0.15816033301779442,-0.022248104863332473,-0.26535837907882154,-0.4844747060382324,-0.02106893489340375,-0.6061593252181686,-0.8408776615875713,-0.36101530928414427,0.5305509616528512,0.3182006823467444,0.8230272191235182,-0.17025515183842121,-0.5556810648378814,-0.046710310550803394
all_pairs,0.8333333333333334,0.5333333333333333,72,-0.26319243837207085,-0.4131834596205754,-0.1091790971126772,-0.4345882119241664,-0.6365620275909687,-0.3017482584918448,0.2118270261711532,0.15708882362016133,0.29776453076750814,-0.04265269495766959,-0.1292180364017979,-0.021522496312020523,-0.22826878440417442,-0.42275678223226393,-0.023914712383301395,-0.5571253453769334,-0.7742556683314294,-0.32598286847748237,0.4559587492963572,0.2647103841802882,0.7427178277216028,-0.12957030569928785,-0.4496324407093352,-0.03637050725411254
all_pairs,0.8333333333333334,0.5666666666666667,72,-0.2182670331038119,-0.37661893010517,-0.0924778790142626,-0.38769647895201464,-0.5756475195408449,-0.269762161774564,0.19299476562873838,0.1303204649061155,0.26174942548105656,-0.039917150703473986,-0.15754121852381828,-0.01793329237088675,-0.20896339764991034,-0.407778534243965,-0.020272648335288128,-0.4990027902553148,-0.700305248990295,-0.2920262779793065,0.39373513255036874,0.21778508473556185,0.5455645494982164,-0.11026688779295668,-0.30934777270404157,-0.03296525802053363
all_pairs,0.8333333333333334,0.6,72,-0.18153616801643624,-0.3136695203562915,-0.0867017451181995,-0.3437230857329953,-0.5079745701716575,-0.23999086516561724,0.15942370372345677,0.11897176460175668,0.2408435430499318,-0.032347682192938126,-0.11406521215106462,-0.012785799568067628,-0.19865755041612562,-0.36929614807711686,-0.02581452929197739,-0.44041164034883273,-0.620181910442628,-0.2508271539366745,0.2981603830807751,0.1869799492451853,0.4368209059831347,-0.07821603407171263,-0.19732622991715557,-0.03453548538025179
all_pairs,0.8333333333333334,0.6333333333333333,72,-0.16115343521468978,-0.27271116130581186,-0.06972163132139031,-0.2929053392317209,-0.44551867528867084,-0.20395960293037915,0.14132321249431773,0.09899346583399499,0.1894546755505794,-0.02214233893373818,-0.08242038853356665,-0.011837764899269576,-0.17352272986024825,-0.3081532491968601,-0.022050813780069137,-0.379941865305932,-0.5501957083544461,-0.22620219163217317,0.22525958734282336,0.15991006187577123,0.326657496663742,-0.05568960432042969,-0.1324792212831861,-0.022483824319266356
all_pairs,0.8333333333333334,0.6666666666666666,72,-0.13709609073495124,-0.22593905383715454,-0.05192993026419414,-0.24491050135645165,-0.38260632177978116,-0.17007465223997334,0.11647774204341693,0.08345746541458542,0.15466751030477094,-0.016839107169604045,-0.05616299035756957,-0.006402053259046215,-0.15392987353555088,-0.2780803536717647,-0.021308552594011217,-0.3211058264768909,-0.46657650297276976,-0.1975951632940934,0.18086726980831613,0.13790804358067954,0.2560231556655269,-0.04648874544860785,-0.09061794069259783,-0.0160443800303154
all_pairs,0.8333333333333334,0.7,72,-0.11168938125144533,-0.18470691865184857,-0.044528829204323384,-0.1919285895229289,-0.316990405118858,-0.12603099424362335,0.09472546594963652,0.06608985129800368,0.1224153940148201,-0.01085113611056202,-0.03777457029730097,-0.005394144399180513,-0.1339815404121925,-0.22621320610926,-0.019829874413267647,-0.25641597305133046,-0.3927024094226826,-0.14547004528036211,0.14418124363407395,0.10500785385237278,0.18106533110337336,-0.031380792873788366,-0.05716923004971832,-0.010641163346432118
all_pairs,0.8333333333333334,0.7333333333333333,72,-0.08467888043835772,-0.1301168986890347,-0.0241865208004651,-0.14719132002692872,-0.24623368995018885,-0.095189800803236,0.06937904180571602,0.04981431572969835,0.09312127498421338,-0.008290373063892922,-0.02245534574355513,-0.0026475026377934603,-0.09436373691945839,-0.16031543236605367,-0.015127651111933845,-0.19552322013848442,-0.2960050620389133,-0.11725559933441047,0.09660502288885076,0.07913569078697177,0.13603384575218158,-0.019628107059219357,-0.03317756482756162,-0.004508770087890728
all_pairs,0.8333333333333334,0.7666666666666666,72,-0.05604932023814611,-0.08874845739941888,-0.019993139653749117,-0.09929594886714273,-0.1603227938480538,-0.06418088893436623,0.04490501243630918,0.03387144095160843,0.05905367726272434,-0.002861344264386667,-0.010203291467397665,-0.0013500224744761521,-0.06358543335618354,-0.10789800948650832,-0.010209136270831164,-0.13017415090587653,-0.2088130931359145,-0.07484333258455492,0.06399514553779712,0.04861781889836275,0.08140243443064027,-0.006394729265954684,-0.016021543889965503,-0.0021056538204842082
all_pairs,0.8333333333333334,0.8,72,-0.027053785653635764,-0.04668910425366257,-0.0071409547052754116,-0.05016899632354466,-0.08046331804150675,-0.032358855195200854,0.02164931660790248,0.015453127520908383,0.02746344285250353,-0.0008496397303318609,-0.0030281920207907986,-0.0003063756813282345,-0.031443473671019004,-0.059157735876902,-0.0050416535964451226,-0.06333368759429248,-0.1049855112152589,-0.034224867661363505,0.02764864379629383,0.021357287407125065,0.0438607700683912,-0.0024058306595882983,-0.006250512649811087,-0.0006112236879628762
all_pairs,0.8333333333333334,0.8333333333333334,72,0.0,0.0,0.0,0.0,0.0,0.0,-3.7844834931910514e-05,-0.0001008460950981116,5.13750816440161e-06,-1.3289335231647645e-05,-5.1083497342119255e-05,2.698616584165519e-05,0.0,0.0,0.0,0.0,0.0,0.0,-2.883053110755429e-05,-6.909220977391331e-05,4.207783483728411e-06,-9.807891817759082e-06,-3.908669588624513e-05,2.150834023123549e-05
all_pairs,0.8333333333333334,0.8666666666666667,72,0.021440807222536384,-0.0012791607301040483,0.04224188523093855,0.04237123044540709,0.022389762282799167,0.07610707373790698,-0.025995967114448182,-0.03361366303890914,-0.016496034401835915,-0.0007526689517421138,-0.003047369343756018,-0.00028039563354083363,0.02061520305091294,0.0025478040940612803,0.05172992077936697,0.05487243540877913,0.024052724298259952,0.0914975241094122,-0.036656676472918204,-0.049980583451723154,-0.0235170863956356,-0.001786739546070365,-0.004679083784678996,-0.0007708593856965445
all_pairs,0.8333333333333334,0.9,72,0.039530279868390125,-0.0014516320514799115,0.08389813503406672,0.08578573320309274,0.04149064844458676,0.15057464188252456,-0.05045190428192034,-0.06410866464441653,-0.033351461637521715,-0.00309823902126544,-0.013815291296755405,-0.00151368983718574,0.05618495444250948,0.0042860522150215165,0.10344557353573108,0.10987098914799805,0.04838348897995634,0.19805251684841813,-0.07169369275409238,-0.09660283904400123,-0.05223724130169013,-0.006591628803993971,-0.018365050899549068,-0.002927972814921343
all_pairs,0.8333333333333334,1.0,72,0.10720344221523626,-0.01976105108777223,0.23491936370016897,0.1969579176148084,0.08355834962183983,0.3337919559167172,-0.11914942778754714,-0.1467873179956637,-0.07816068006939597,-0.014520265092328701,-0.04961820007940172,-0.006260996593800811,0.12704015512651695,-0.0032888903663782013,0.2925728280680573,0.2825113523098627,0.13701072405837567,0.6328099822241307,-0.17540709954704392,-0.2191100121345236,-0.13486476853605192,-0.04478278481271658,-0.12097956345340341,-0.01785138360197052
all_pairs,0.8666666666666667,0.0,72,-0.6288805993224553,-0.8762147182960877,-0.24954458177185737,-1.198281657583809,-1.5132012523479546,-0.8559990286962366,0.6542230801251443,0.5538911343342401,0.8032371040322939,-0.23279616381295076,-0.46156030692088457,-0.06814117277392884,-0.36815063105131407,-0.8238256053724593,0.0775089292779767,-1.4692333677725533,-1.773050230265714,-0.9591748817405052,1.4491155320053952,0.9143073178556043,2.328916521545602,-0.89648148929661,-1.5694688977720312,-0.44412553632696594
all_pairs,0.8666666666666667,0.1,72,-0.5548699081896642,-0.8421329073343684,-0.17542356735435594,-1.0638894537460415,-1.3742413653330467,-0.7706501832587644,0.6120663080051842,0.45809993073931937,0.7762499688836559,-0.21822627484817114,-0.4195747139851529,-0.14619657527809635,-0.3461402811370611,-0.8120399872258259,0.06614556873398826,-1.3122860045914084,-1.6204449378664194,-0.8477189520201313,1.643777378246992,0.8395256470923773,2.417756297454205,-0.781133099049077,-1.454356787684078,-0.4319177575288164
all_pairs,0.8666666666666667,0.2,72,-0.5348903119109171,-0.8015891276788869,-0.20029138511966227,-0.9268287777573504,-1.2266682374260462,-0.6717461056492764,0.5429901944420121,0.3935982082454611,0.6811708788310521,-0.18367906346704324,-0.4068445108741344,-0.09282902223065168,-0.3579026089017551,-0.7544274330381256,-0.05338803899687806,-1.155301768547952,-1.4566948853045247,-0.7149774624999007,1.5331879823731678,0.8299585425701489,2.200160719976878,-0.6354953262532752,-1.6906879622716575,-0.26376384140173764
all_pairs,0.8666666666666667,0.3,72,-0.5038653468428864,-0.7253544251138454,-0.21089968561860917,-0.7877621571780724,-1.0810563127759933,-0.5685184173578904,0.45061952423886564,0.3462156026796078,0.6116280179766529,-0.180728666829436,-0.42910229316705784,-0.07631149848404523,-0.3551647564397169,-0.6725714589512432,-0.08830196942839996,-0.9953885497710104,-1.2677874669475173,-0.5849797723695329,1.1816877879161725,0.6894949347345949,2.006595828367301,-0.5040380911729408,-1.1690070340523384,-0.12335845702223228
all_pairs,0.8666666666666667,0.3333333333333333,72,-0.47825905202906005,-0.7007916252076088,-0.2132448589715002,-0.7439650589632583,-1.032478882369815,-0.5284349947985286,0.4098870693142852,0.275057063059458,0.5928662444288231,-0.13852066852796402,-0.37601700750271905,-0.06365368593289161,-0.3560153451038299,-0.6500412708263588,-0.08458945051714073,-0.9470464888156251,-1.2195913174306232,-0.5536076176525127,1.1485765614827017,0.6174710481077589,2.013000326755473,-0.4570912353736565,-1.0658712795654934,-0.11322299698568332
all_pairs,0.8666666666666667,0.4,72,-0.40290900657983864,-0.6283445573162165,-0.19084380581933486,-0.6382956017478527,-0.9326603186889549,-0.4643485599038682,0.3641415649867395,0.24060620009059872,0.501276285407843,-0.08944249019076181,-0.1953484423435337,-0.039089530308579326,-0.3658882130497845,-0.6011177872917628,-0.06288862041896864,-0.8360567084127211,-1.0958405700926945,-0.4917713458154603,0.9593834316362793,0.4847717653043724,1.7120625436989925,-0.439257772409271,-0.8211927614782911,-0.08673111235644024
all_pairs,0.8666666666666667,0.4666666666666667,72,-0.3673241501382437,-0.5455781402003957,-0.17138309599284735,-0.5525797027615504,-0.8242108452239216,-0.3852178805153762,0.30180422838894005,0.2249993796923215,0.4457625692735268,-0.07486728342824495,-0.221311514588731,-0.0245093151771725,-0.3397223482377951,-0.5441991171570861,-0.013830076821523127,-0.7233032894026431,-0.9709972599134135,-0.4251686476972265,0.802340986467505,0.4483968473371328,1.2949790885558332,-0.2035228108846011,-0.7140902594138397,-0.07050858376423194
all_pairs,0.8666666666666667,0.5,72,-0.30585117789432925,-0.5001392964527049,-0.135345110181171,-0.5097123408155559,-0.7687996479098866,-0.3642691078896195,0.2655736787543634,0.19948335931665104,0.37965700626892623,-0.05226290233208268,-0.1955728482514097,-0.02123841952070233,-0.32820650322673417,-0.5088551693599295,0.024256568860476724,-0.6706647263038273,-0.9094771103302088,-0.3990235257944029,0.7078171815930915,0.37502662449441176,1.1476159358222333,-0.21309365121634885,-0.8302296987621349,-0.05629048254979739
all_pairs,0.8666666666666667,0.5333333333333333,72,-0.30163546337013303,-0.44320563889043885,-0.1271056403548403,-0.4647293495601058,-0.7074468188349903,-0.3283594900465021,0.24586624409106786,0.17278656170990658,0.34488267333822953,-0.0494028441515425,-0.15613241904888137,-0.019934042642018313,-0.30981044923004986,-0.47623432589993764,0.023038577317806,-0.614283943356818,-0.8386805082121945,-0.3621538574936121,0.5330860084136375,0.3116986792976043,0.9098454524898343,-0.16259469419777636,-0.7175870859642621,-0.047388559522292664
all_pairs,0.8666666666666667,0.5666666666666667,72,-0.25729270357075135,-0.4171757538648423,-0.1127275058141849,-0.41812562805152703,-0.6487513019357736,-0.2863704239982248,0.19852106838489555,0.14738385298892692,0.28809300666549276,-0.04203376645426172,-0.13966326592039552,-0.017414958892181413,-0.28965232993112555,-0.4410656915753503,-0.009160528308402069,-0.5487534236557792,-0.7737928826423661,-0.3231531990878289,0.48812625522851316,0.24461930364066758,0.7815548025511918,-0.14382610071972252,-0.7138583459795689,-0.03620260522934035
all_pairs,0.8666666666666667,0.6,72,-0.22822159193993385,-0.3606585129658482,-0.10765832887891176,-0.3713119562627425,-0.5908053136507483,-0.26826339134770427,0.17922386913782873,0.12936048647582477,0.27359344708769495,-0.036190367550897336,-0.1254293632304717,-0.012533076146851,-0.25198654106119756,-0.40986661343323805,-0.006947902871692665,-0.49163693647775286,-0.7036825875565847,-0.2901131140165634,0.3628104824277106,0.1983051768990416,0.614530994951538,-0.14693522956037963,-0.42068887638651054,-0.026696466772032794
all_pairs,0.8666666666666667,0.6333333333333333,72,-0.20410322509968254,-0.31826417743157887,-0.09664638091249228,-0.3267362500015052,-0.5308206656288428,-0.24023255911898123,0.14154254958640033,0.11543172577836036,0.23849262009806352,-0.03128175315185368,-0.1300536242895913,-0.012851340803313583,-0.23468650836302254,-0.3749382196757489,-0.00564942877115736,-0.42907048725479735,-0.6256321258612075,-0.2580167237293293,0.29647509315207504,0.18035033961595426,0.4679999400664552,-0.10258738388129197,-0.2737774901111322,-0.02260503514372876
all_pairs,0.8666666666666667,0.6666666666666666,72,-0.1796438717699881,-0.27954675917380234,-0.08159829257564541,-0.2847522890877531,-0.4591742490932933,-0.19812714957367034,0.13158625791719863,0.0980435584851801,0.19479449599603543,-0.023073001790848535,-0.10331085773523283,-0.00961689516698427,-0.212561379417897,-0.31880671653900683,-0.012501644829868678,-0.3607823212057367,-0.5463211699169461,-0.22554860621200376,0.23801138808277755,0.14637186254952664,0.37133445307870405,-0.08084959145227227,-0.20541716700312476,-0.02292113943047297
all_pairs,0.8666666666666667,0.7,72,-0.15089029735786794,-0.2343262797928361,-0.06196570393940215,-0.24005909196379993,-0.39522491882594235,-0.153308122943845,0.10669852310800107,0.08043703529344748,0.15765704670740208,-0.01952436943176125,-0.0748561543163482,-0.007999561621230427,-0.16260977998301718,-0.27108136106954306,-0.015703586499525017,-0.2963781211411915,-0.46823810050566567,-0.1873013964007102,0.18499828671528895,0.12554904367232073,0.26515078061688463,-0.04547495123346517,-0.11947883476867491,-0.014889463106506148
all_pairs,0.8666666666666667,0.7333333333333333,72,-0.1127067530598131,-0.1894231211994638,-0.049068025756227776,-0.1948015285537632,-0.32626681777217237,-0.12331133237014354,0.09367015048285598,0.0657814522410122,0.12169691830819965,-0.01210835039165065,-0.05114019380339206,-0.005262118390987287,-0.14343123339602837,-0.2257337411635935,-0.016356188945352026,-0.2511374039512316,-0.3856818139183974,-0.14796194032277013,0.1411901737756353,0.10191151127248996,0.2051068621219855,-0.031178500709709844,-0.07046661377289949,-0.012826947310059834
all_pairs,0.8666666666666667,0.7666666666666666,72,-0.08444340449219256,-0.14144998897227645,-0.03367435067385648,-0.14541653976176644,-0.25284021089523956,-0.08768715780945799,0.06849726416001015,0.046587371284563056,0.08984696159076239,-0.0075164398830844525,-0.027083797712497262,-0.0031726924587436294,-0.10241928731362557,-0.1738855491059946,-0.013868779894829777,-0.18796068289399617,-0.29783637376705224,-0.11100729754575592,0.10375624687987553,0.07381144953547424,0.14132141100522644,-0.01563072287519676,-0.046844390422193266,-0.005170087984970178
all_pairs,0.8666666666666667,0.8,72,-0.05876123467779009,-0.10106780982466768,-0.02233157381907879,-0.09934214587060572,-0.17664144684795913,-0.062215686947306115,0.04423133940544749,0.03235950705846013,0.05854230949328812,-0.003539521545776858,-0.01210656042557652,-0.0012815094727594047,-0.06904350764962006,-0.12023352159478726,-0.009214605297438276,-0.12738098985814345,-0.20780170890483113,-0.07548144821780144,0.06516172467507386,0.046132674817059766,0.08950529297610853,-0.006643341529880694,-0.02226444653381597,-0.002353224251992526
all_pairs,0.8666666666666667,0.8333333333333334,72,-0.02826517173877969,-0.050287997866107534,-0.010791478194803007,-0.049634278366572714,-0.09218273878640366,-0.02965144060563071,0.018666286298653426,0.014059004363069472,0.02594814561410569,-0.0008835967633398362,-0.003246615984456295,-0.00020641388080821387,-0.02746971562020277,-0.05739996683186693,-0.005204118053609798,-0.06729413394323083,-0.1073188705126977,-0.03549584223261136,0.026519304247496992,0.018592941275359813,0.0414041551213591,-0.0017149330554372393,-0.007090893916220198,-0.0005112859212867255
all_pairs,0.8666666666666667,0.8666666666666667,72,0.0,0.0,0.0,0.0,0.0,0.0,-3.513337630445256e-05,-8.208155897873602e-05,-5.444905093382453e-06,-1.677160125126974e-05,-6.279177346150966e-05,1.1425304060477005e-05,0.0,0.0,0.0,0.0,0.0,0.0,-2.5929389843692967e-05,-6.035346197681701e-05,-2.9543549229237154e-07,-1.0524624060148624e-05,-4.634204122472285e-05,1.3883110836346243e-05
all_pairs,0.8666666666666667,0.9,72,0.02091394272784431,-0.00010771847395832344,0.041324309596414255,0.04140105795792569,0.020620662132568014,0.07486339128286724,-0.02564945786582057,-0.03275455594754123,-0.01616176931402814,-0.0007344386363843521,-0.0038933234566454755,-0.00031973275473955176,0.03123697374147152,0.003175124472255563,0.06072022076161605,0.0553607390808704,0.0161988245730991,0.10023883222311826,-0.03323044522074514,-0.048296376243325084,-0.02114455539566738,-0.001412234966276904,-0.007428013534976971,-0.0004209507295362783
all_pairs,0.8666666666666667,1.0,72,0.08311466218629435,-0.010082322310823651,0.18702116726743728,0.15725438610842185,0.06896881794529072,0.27021971763131947,-0.10199881620875761,-0.12206645662366633,-0.06052860093693174,-0.011933766017113085,-0.0512268066611018,-0.003951475232641111,0.11573468733267699,-0.014430239173168956,0.2406808046332037,0.23082259645055292,0.10570011889523409,0.5244326140944976,-0.14016830344225606,-0.180719343635794,-0.10614990930632867,-0.03480057425541948,-0.12267538674410622,-0.012358080174207677
all_pairs,0.9,0.0,72,-0.6678381632785264,-0.9583644803605947,-0.26129686585151307,-1.2268712954455625,-1.5811601451569026,-0.8938314286327881,0.6013672015225817,0.3702094301162375,0.7577288024381995,-0.27666553588333126,-0.5483720408480319,-0.07628796288766787,-0.5475102590043932,-0.9012614407253606,0.06472143862177435,-1.4353027649855492,-1.8407248903975373,-0.9814696520622163,1.6248736634476941,0.8179752728507325,2.4313891661313827,-1.2326867435495563,-1.7587258474274745,-0.780837629188075
all_pairs,0.9,0.1,72,-0.5854293740094294,-0.9265695743274415,-0.1979695983797073,-1.1115351804739815,-1.4456517635584794,-0.805157642158497,0.5286396220026525,0.3088607488445462,0.752307820746759,-0.20912299290866876,-0.4241988142708018,-0.0711220480209098,-0.4126167277141787,-0.8606506653739951,0.02789275124478388,-1.2747695285073257,-1.684677099042558,-0.8812684605874583,1.385234720066737,0.6779892648274568,2.3624903736569625,-0.6489633563179871,-1.320891150565505,-0.2791953355337031
all_pairs,0.9,0.2,72,-0.5713395681527085,-0.874201595969147,-0.23297560037938767,-0.9583196922785153,-1.2977488542053457,-0.7151340307679308,0.4682884131667043,0.28929459129622437,0.6280032442714432,-0.14078833962656964,-0.30179669235664763,-0.03744670546288956,-0.36367798282139396,-0.8015374585156054,-0.04021711658110977,-1.1120501852807596,-1.5231252327363065,-0.6965889233963526,1.7779418117690602,0.7379163665378705,2.949170595913002,-0.7799034261682248,-1.8315818977665235,-0.21978495937597523
all_pairs,0.9,0.3,72,-0.5240279784130997,-0.7969473152282041,-0.24039328449740088,-0.7972122351678856,-1.1578210022003657,-0.5765661526170036,0.4270639422878995,0.2874363166155316,0.6231517411409202,-0.14460262841765936,-0.4184650971874183,-0.054456718547278314,-0.4030114300921307,-0.7314992179265183,-0.08178142351727649,-0.9581518736224575,-1.3552815628470354,-0.5807861981239011,1.6818215737154882,0.7326537266497513,2.2843858493373115,-0.5584150104526958,-1.6022891705944073,-0.12802594879359178
all_pairs,0.9,0.3333333333333333,72,-0.49858066877496404,-0.7677654426805695,-0.2375899780212602,-0.7539768759189105,-1.1097945286908097,-0.542419645650401,0.46095619645218,0.2835015647515719,0.6201983306960485,-0.14700857455731764,-0.3557111466034397,-0.05505048216981948,-0.4130726426309195,-0.7140930606948457,-0.10348508671851273,-0.9160264140087689,-1.2929119195203422,-0.5577147145079724,1.5824414564049154,0.7080582775022589,2.1646133592150205,-0.6066394244169167,-1.3150409462333454,-0.11821496261026795
all_pairs,0.9,0.4,72,-0.4531291762815321,-0.6847215821210344,-0.23141570565178804,-0.6630403499667422,-1.0091625912339226,-0.47573997194241185,0.40280168953266005,0.28286496434203107,0.5519084331265466,-0.12509323469127953,-0.3420114028175014,-0.04608687898650406,-0.4228516783829297,-0.6678144365188527,-0.09259307921903703,-0.816167684464923,-1.177690989945705,-0.5146868071190747,1.1170311582130839,0.6251483765073227,1.6414854524091949,-0.31866208265772894,-1.0659216229831838,-0.08606584376052517
all_pairs,0.9,0.4666666666666667,72,-0.41007476627852985,-0.6033873437668855,-0.21459440615282935,-0.5817632561882231,-0.8989632080476319,-0.42224881226561345,0.31311206784077095,0.19477171718352349,0.4299595386688675,-0.056979599500961146,-0.15427009382017676,-0.024513418446042417,-0.3687807199043342,-0.6176770518546821,-0.025845008128353934,-0.7242024785708135,-1.0601059340541643,-0.4573921703384551,1.006444998218922,0.49116405173662714,1.6007274645159322,-0.3355917547981834,-0.7228822934373211,-0.08366866984610374
all_pairs,0.9,0.5,72,-0.35401161849280566,-0.5475145999807209,-0.20369908429344688,-0.5388687526083826,-0.8401646050441386,-0.392077993565609,0.28431077305257535,0.19990106625348666,0.4627161710324125,-0.07770659391468607,-0.14042130501010208,-0.02548291423723766,-0.34492654684356644,-0.5813247251177238,0.02530084622254717,-0.6711323807434092,-0.9993608722092989,-0.4297527922521029,0.9160536311487757,0.5135586236022862,1.4828549789412278,-0.2573270000051126,-0.6692378621531165,-0.0634835402061382
all_pairs,0.9,0.5333333333333333,72,-0.3317219081845293,-0.5007920723019196,-0.16712106279052458,-0.4973563063462306,-0.7793968569349474,-0.36289867192632086,0.2509161024856601,0.18431265667545374,0.39586702339757196,-0.05902347637687569,-0.149527837991185,-0.016053127378222426,-0.31810842823409147,-0.5451658264290633,0.010951042399467679,-0.6187120016923516,-0.9401382128641639,-0.4047650949844894,0.798589919062681,0.4184005828930352,1.8445835635532517,-0.2360282239020267,-1.3453582056421673,-0.07147565656437954
all_pairs,0.9,0.5666666666666667,72,-0.2738340003311762,-0.44487307435327567,-0.15921893097797254,-0.45674118831205057,-0.7176770885868574,-0.3288427630021566,0.22169352935769368,0.16670431564219376,0.36737070525273013,-0.0405249536170848,-0.17511855348379488,-0.017898168731372108,-0.2953195472237118,-0.5066999991911965,0.01606397794191306,-0.5702532290257555,-0.8702147892770695,-0.3548440309743625,0.654174522029747,0.3538921102407306,1.1386843957375858,-0.15565710835749788,-0.9760077645640264,-0.05829942084574802
all_pairs,0.9,0.6,72,-0.25267985793450687,-0.4065001326959966,-0.14989762138818374,-0.4153134559025783,-0.6576350855950884,-0.30235472819868975,0.20399519665545682,0.1477244068466514,0.3045359204561714,-0.039309174961405985,-0.19007228388778796,-0.014340328297564675,-0.2666442663693995,-0.47408193459780235,-0.009489675965136779,-0.5261923106842783,-0.7938495935450848,-0.334568085321763,0.5737424529145638,0.2977643483415059,0.9925860878864884,-0.117663181722612,-0.8872473811997991,-0.035376373644600154
all_pairs,0.9,0.6333333333333333,72,-0.21378549706543812,-0.366713278728963,-0.11091992253744891,-0.374367890148705,-0.5948499146034871,-0.2535120862170331,0.16549687129571683,0.12355779431613917,0.271757520604149,-0.028032618679296295,-0.14436899596661673,-0.01023262179967385,-0.23708571569337328,-0.434892973927024,-0.02535539438121224,-0.4729109502187844,-0.716932264765973,-0.28100779616300026,0.4450371782232041,0.22216301365506277,0.7797320158301049,-0.11662185329682528,-0.6687347687485892,-0.027433783520387764
all_pairs,0.9,0.6666666666666666,72,-0.18668779622374598,-0.3249991370448012,-0.08899353117969924,-0.33045463100068273,-0.5358005872260526,-0.23077332543943369,0.15065251807915192,0.10127317327426488,0.22997892574704065,-0.024402174730276213,-0.13381543505898535,-0.011422161374224096,-0.21064290443409747,-0.36744987966692644,-0.021368997331946065,-0.4147625051831012,-0.6448988820265852,-0.2506826973331032,0.3547120831425248,0.17922374991325873,0.5159810436578453,-0.10237600311129767,-0.3793187402231901,-0.022058800837347875
all_pairs,0.9,0.7,72,-0.1610603770316516,-0.27917248643345166,-0.0782492799284053,-0.279543277652763,-0.45392790485272727,-0.18993332248099698,0.12757637226991744,0.0911022272233164,0.19917875592326872,-0.022933145774940916,-0.13612184055515944,-0.008407009202819796,-0.1853982455793556,-0.3263625142485016,-0.01738496411327912,-0.3538642748447789,-0.5647612011692218,-0.21817921742423968,0.2675654846351122,0.1608904286270343,0.3715338804928544,-0.0676927108729998,-0.2371503145461898,-0.023568545874690677
all_pairs,0.9,0.7333333333333333,72,-0.13569647691379422,-0.23861508730122616,-0.06622947861840882,-0.23073620153215912,-0.40377941036994935,-0.15494391424294374,0.10486828940457468,0.0742813981011998,0.17289020501688307,-0.01598062849131438,-0.1000366476283957,-0.005783813554596676,-0.1491416915055736,-0.2722140668639549,-0.022613205157164716,-0.2942422263991319,-0.4827696249302677,-0.17846159420685778,0.20447982807631016,0.1139491413450133,0.29175999543991427,-0.06624898510660468,-0.14753002902661216,-0.02176550737113004
all_pairs,0.9,0.7666666666666666,72,-0.11491360896645048,-0.19608663374636964,-0.037785570751558306,-0.18473376229804905,-0.3193690242617324,-0.1235711282554686,0.09058942255712166,0.059830946106131724,0.13577117246963444,-0.013785115786061397,-0.06232566679249384,-0.005069215345028664,-0.1257603277055313,-0.2329552803328866,-0.018679326625686776,-0.22915328409491564,-0.398207503078035,-0.14160409113636027,0.14708430285291274,0.08687373482769996,0.22141372838698004,-0.03371500596856844,-0.08097055491609567,-0.012949971907914942
all_pairs,0.9,0.8,72,-0.08725708864787877,-0.15254804579174483,-0.03237984220024745,-0.13548043115207598,-0.25068193372383973,-0.09153972126914167,0.06964776551766957,0.04395159821794778,0.09829840262232967,-0.00903907242186204,-0.03690292778252462,-0.0025931943323100892,-0.0990650693622395,-0.16681972793485328,-0.014465245416012878,-0.1787759488784707,-0.3152716602933975,-0.10944430820688472,0.10869572087499979,0.0635329375634195,0.14851473132087406,-0.019544491308044462,-0.04786520894876188,-0.008782537060719485
all_pairs,0.9,0.8333333333333334,72,-0.056411333416927584,-0.10366407898257976,-0.01510027946052829,-0.09449891174555647,-0.17767547563206687,-0.06385014159048871,0.045333008544916065,0.029432243234642212,0.06019764680555641,-0.0029061250650994075,-0.016996965163085687,-0.0012707831250360867,-0.05987029585403896,-0.11645661475065106,-0.010160064074740592,-0.11375586623177311,-0.2131946537765686,-0.07509204443260124,0.06550291701783728,0.04578298335181883,0.09707009216692078,-0.006359871871692237,-0.022556529656875268,-0.0024585523060122257
all_pairs,0.9,0.8666666666666667,72,-0.02726391847407287,-0.05322296801970952,-0.006733450299041166,-0.047347597325230265,-0.09367478266214324,-0.030364950030823717,0.021563762526930014,0.014464693414355042,0.027659295727102184,-0.0009094159867421707,-0.005692008822357514,-0.00022527227645865316,-0.02927717643628553,-0.07179375723840006,-0.004499788117621459,-0.06223825734029144,-0.11821045340888778,-0.03213833446386818,0.027173798972504923,0.01807773626431542,0.04191296426219904,-0.0017157994939567263,-0.009281521433876533,-0.00039024483820297034
all_pairs,0.9,0.9,72,0.0,0.0,0.0,0.0,0.0,0.0,-3.933680031447536e-05,-7.92330272560704e-05,2.900017509327436e-06,-1.3105206363994778e-05,-6.0600127954363314e-05,3.260047398825905e-05,0.0,0.0,0.0,0.0,0.0,0.0,-2.710392017910708e-05,-5.8476134898399756e-05,3.198867367687468e-06,-6.955632341154583e-06,-4.472454707138418e-05,2.406003885888075e-05
all_pairs,0.9,1.0,72,0.06191609921783528,0.00332127726326412,0.13950868793908427,0.1267697267250232,0.05745523866991882,0.21827147732623062,-0.08094179027164827,-0.09860293142664982,-0.04223707019883402,-0.008280705233659716,-0.04788374043073751,-0.0022163928447189894,0.08316721079451876,0.0015010467464173804,0.1945855029838044,0.16859930707227935,0.0815461617825489,0.40468658507533406,-0.11158834253239262,-0.1420045642784062,-0.0668538275796508,-0.021416645123569226,-0.08465672441513428,-0.007660307801409486
all_pairs,1.0,0.0,72,-0.7836257693884185,-1.159625657742383,-0.368285820778347,-1.3532521244408589,-1.7827162970911554,-1.033791543462666,0.346885778993974,0.3161167035209628,0.4572288429638329,-0.19969827990956146,-0.259995298091361,-0.06344562547223118,-0.7002770948354421,-1.1336989928384145,-0.1448575165288748,-1.5180494973447167,-2.009618738436333,-1.0844578814873669,2.9490098884224603,0.6052721970137245,3.1160262574898034,-1.0140279336542641,-1.9471548099288862,-0.5423971733393946
all_pairs,1.0,0.1,72,-0.7504224164218025,-1.1424038463867896,-0.3237774647813489,-1.2232928661807316,-1.6540592402309797,-0.9339916580181109,0.3813295882526294,0.3223543418088829,0.4358868081225345,-0.1713633257147174,-0.2954086153479446,-0.11706769265749477,-0.6686248925931584,-1.0539699389811072,-0.13832352477153348,-1.38827641336001,-1.9251896697145268,-0.9103331676191717,0.5202426634607185,0.4430787742347417,2.10950041421618,-0.4226657526334573,-1.0714936099450578,-0.2847285062943509
all_pairs,1.0,0.2,72,-0.6753595353521452,-1.0785664382806417,-0.33052490624632025,-1.088715516437857,-1.5210146413565677,-0.8223233654629484,0.32733649906129386,0.2832742375929085,0.4486316415013985,-0.10410376091220032,-0.22840548968174612,-0.06790276672802242,-0.6075287820713366,-0.9889283568061343,-0.22538947656962105,-1.239455392300146,-1.776150897198082,-0.7925703458193097,0.46764676351380974,0.3819536114940904,2.9067674253674856,-0.19692733449017136,-0.5558302886066439,-0.11219234973140989
all_pairs,1.0,0.3,72,-0.6152956001797122,-0.9965408718282941,-0.31018216705835105,-0.9503416139099806,-1.3830683335407261,-0.7328797202011463,0.2912009994672161,0.24845461791268536,0.49068058646536794,-0.0741587214546817,-0.2117193375472982,-0.0438104379396158,-0.5821820623569178,-0.9405864497935545,-0.209419816799834,-1.1008267920731427,-1.6144664268848317,-0.7006519409488572,1.7828041908223802,0.3281994715683768,3.115844340670908,-0.21263750425418393,-1.1100958836538215,-0.07154365726262736
all_pairs,1.0,0.3333333333333333,72,-0.6117713510127025,-0.942442787205089,-0.3105151038154612,-0.9070799511517036,-1.3355572727217213,-0.6966189667396155,0.29617126038787034,0.23742540921094787,0.4559679958632474,-0.06604401749031125,-0.18094015883130526,-0.041259221297551316,-0.5430092008210288,-0.9222619702124109,-0.165401848089209,-1.0502454680835849,-1.5601231034639425,-0.6671415812074102,1.782749629370225,0.32669602929075486,3.115844990758762,-0.30082413433577937,-1.044950067592588,-0.05959322672632298
all_pairs,1.0,0.4,72,-0.5702435910831509,-0.8773333083622143,-0.296244583125864,-0.8204573631850491,-1.239034744016797,-0.6174146840894784,0.3165552727337301,0.2122833758450603,0.5892036994017379,-0.07192637521248368,-0.19981311164681004,-0.03208197369240944,-0.5351810733418085,-0.8847735712876049,-0.14155654127919182,-0.9521748661007394,-1.4512697859498722,-0.598910493704229,1.8744221812629354,0.3301028938851704,3.1158216813373296,-0.5455600817068509,-1.437332939302532,-0.07248070815766913
all_pairs,1.0,0.4666666666666667,72,-0.5142496442457658,-0.8006036944366675,-0.2821550715536501,-0.7339209925330171,-1.1392205063163188,-0.5351957713914348,0.360314221543356,0.18323472026573284,0.6753546509955998,-0.08302659927092176,-0.3586278942170099,-0.02028590063665542,-0.4600907400099732,-0.8286707240129352,-0.11241177482275605,-0.8455987252767769,-1.3352591378895928,-0.5338472709035677,1.7827991845243187,0.4118091860095805,2.3138367132282736,-0.4330261595453787,-1.3278461958315388,-0.04730794987342091
all_pairs,1.0,0.5,72,-0.49239913742145225,-0.7721259641935535,-0.25007250752705223,-0.6896825201565209,-1.0880275051073265,-0.49852084956550224,0.3813037478205172,0.17582854261024328,0.5834212179447539,-0.09818699022200886,-0.2872322363673395,-0.022383384013237386,-0.43562578009978464,-0.7990427217209859,-0.11272798872399864,-0.7986943382782096,-1.2713771461473882,-0.5010892506013571,1.372375001860632,0.3183883080020712,2.142554334990479,-0.35278903969585707,-1.2144743467350696,-0.05117754674990281
all_pairs,1.0,0.5333333333333333,72,-0.4715942419173822,-0.7422732648655139,-0.2354398073715219,-0.6474602018712469,-1.035436332411225,-0.4615520216530005,0.3410081936879747,0.16434566476739704,0.5190410731129187,-0.07413659554818264,-0.20846330432678725,-0.014419856309223253,-0.3975877445035374,-0.7619318843274786,-0.1078268981315233,-0.7481980001050959,-1.196324911918001,-0.4675060950322666,1.0843133009923702,0.2561301836497578,1.9424548075264874,-0.2657696251779167,-1.0606466798252332,-0.04401796162756941
all_pairs,1.0,0.5666666666666667,72,-0.4434294774209846,-0.6809801175636682,-0.21676077459515125,-0.6052509306980272,-0.9818201062978436,-0.41804038768701723,0.29644044763912947,0.15133170242548208,0.4362684035775041,-0.05949517977016783,-0.1368042324518425,-0.014180090677964167,-0.3867255086986212,-0.726802934284687,-0.03893044095631518,-0.7016140209003434,-1.12583172014385,-0.4337356401785335,0.839371554575907,0.22080335600554546,1.678807219168577,-0.233099881124022,-0.7211001968136451,-0.027862480717550618
all_pairs,1.0,0.6,72,-0.4060221056313441,-0.6396858159085049,-0.19493367200033235,-0.5628521162296244,-0.9227426107313986,-0.3864652589662938,0.2708748215325665,0.13779172995005276,0.3974846263054166,-0.07524946065789503,-0.15257683575840797,-0.01433480536621623,-0.3571438173671444,-0.6940678688805968,-0.05436717569827408,-0.6437360909158196,-1.0623043847911746,-0.402475786238368,0.6665057304156572,0.1903364798433017,1.4742123678214964,-0.17447451834097294,-0.38307446152975366,-0.029114700168486468
all_pairs,1.0,0.6333333333333333,72,-0.3594427249580576,-0.5970334921399523,-0.18130832126314272,-0.5176109731528282,-0.8579042819752517,-0.35433603745232095,0.24507797752149502,0.12861013395991128,0.33582361603568955,-0.04468648463080282,-0.11864505266543962,-0.01728240238241866,-0.3255872558455606,-0.651226614406408,-0.05022912194650652,-0.5992980810863349,-0.9979304884418648,-0.3676731519254261,0.5127409706566549,0.17970386966976373,0.8394310539040025,-0.1295094443587977,-0.3763601127529643,-0.032013727313301
all_pairs,1.0,0.6666666666666666,72,-0.3296105690371157,-0.5531031295135663,-0.14713849348488783,-0.4739446997593946,-0.7923939856602285,-0.32706824443138194,0.2163242514438354,0.11767754536760396,0.2852853433860353,-0.03225430058317567,-0.11044611295482956,-0.007585645959460166,-0.30029337559479696,-0.6103261720640506,-0.04557142401430162,-0.5432481120836816,-0.9293835762269851,-0.33236511492697174,0.5126156081497104,0.1808973082419928,0.8394259176936372,-0.13101959032239097,-0.3327419126669997,-0.044968177266939
all_pairs,1.0,0.7,72,-0.28695484723203446,-0.5080967613394254,-0.1252369900426223,-0.4195162248786869,-0.7275147278800871,-0.2768118586907304,0.18957313129473807,0.10946098224129375,0.29869871511951507,-0.034730788501184606,-0.10236545447031305,-0.009580679079457699,-0.2805390988119008,-0.5648659561467804,-0.04091739154297123,-0.48899933956933905,-0.8618178165368224,-0.2999620964070102,0.4679799796034143,0.15575943328038516,1.2108531446667554,-0.09644332934950883,-0.24268389251357567,-0.03082220565687238
all_pairs,1.0,0.7333333333333333,72,-0.25716535687983416,-0.4608431343376111,-0.1124944552128786,-0.3748574167299503,-0.6671710260905518,-0.24815767834818042,0.17447155867389216,0.10032600564761085,0.2798146974303749,-0.03488472185553837,-0.11135739257749705,-0.007886253965258883,-0.25896331592190663,-0.5178639540114807,-0.042854883590114454,-0.4329129938310289,-0.7879444932192466,-0.2703330499542862,0.43054708975820893,0.20440541997121153,1.381594239973574,-0.0879908642577734,-0.22110287793403327,-0.04092472901705822
all_pairs,1.0,0.7666666666666666,72,-0.21534461702647031,-0.39886799604074813,-0.09913648573276729,-0.32674996782738025,-0.6042745876448282,-0.21346977023400085,0.16422437672534135,0.0906668900677298,0.2587851253242187,-0.029569741752048656,-0.1030036386747484,-0.010664013326382643,-0.22818214360287914,-0.4729355789001321,-0.03911241883178204,-0.37840837860834325,-0.7106273711447162,-0.23786608199123788,0.30830528933023604,0.1678561167028912,0.9463710204603883,-0.09123674501594714,-0.37777055065439313,-0.021103333842795734
all_pairs,1.0,0.8,72,-0.1791728542801681,-0.35253562460796045,-0.08553158729348094,-0.27893835691147456,-0.5364700446058147,-0.17169085208616475,0.127097187260254,0.0791937386575092,0.2072480826041424,-0.020121874371321014,-0.06435105845546883,-0.004359446449357923,-0.19926755823636977,-0.42272195130821244,-0.044140103778238286,-0.33040266002149243,-0.6352052868569389,-0.2105378615377326,0.26359477597506464,0.1520973303726814,0.715177497151056,-0.08015064472277145,-0.6296498664438633,-0.02445456770782864
all_pairs,1.0,0.8333333333333334,72,-0.1406458726220084,-0.30429548268277107,-0.0713555330971286,-0.2326520323215195,-0.465435928453959,-0.13040318812739626,0.0965299828581967,0.05281495968513103,0.1552708189965924,-0.013738113445100036,-0.041063685381836634,-0.002972941768873724,-0.16903851288746424,-0.3616872452717391,-0.03907108124186971,-0.27107305585725544,-0.5560934166108085,-0.17450724335973372,0.2043480109034047,0.12231945640004332,0.6349485984544567,-0.05654384357211997,-0.435289179824068,-0.009531085136625796
all_pairs,1.0,0.8666666666666667,72,-0.10424004047341386,-0.25186879902653936,-0.052098509732088155,-0.18670286505811312,-0.3920418031425901,-0.10405419806063301,0.07437531097267802,0.04402838553465338,0.12846859790120724,-0.008415013175492508,-0.02986292098054602,-0.0017682375531445885,-0.1447186744896926,-0.3033735214706772,-0.022730612832396038,-0.2235004108438327,-0.4645738919543587,-0.1356123124585264,0.14139485120834158,0.09281091277257719,0.43079972856259957,-0.035121669387390975,-0.25940018059985726,-0.010481868585090558
all_pairs,1.0,0.9,72,-0.0728294222062445,-0.19668437486810264,-0.02880944504296634,-0.1368789461272971,-0.3106732364085553,-0.07591409193772507,0.0588273150259114,0.03578062448646949,0.11433042069395112,-0.008850986801400423,-0.031180139041817222,-0.0012750012872862178,-0.10767622523631207,-0.2367224711474188,-0.016293417203344165,-0.17405202069873627,-0.36754764693321096,-0.09950491098908376,0.12231986082699442,0.0630021071071361,0.27461707932640145,-0.025840647024392868,-0.13776920077543525,-0.004224970798819452
all_pairs,1.0,1.0,72,0.0,0.0,0.0,0.0,0.0,0.0,-5.2479950125250405e-05,-0.00011261372872732607,1.4543730371408006e-05,4.259382888283092e-06,-4.6725556546861606e-05,6.234860497528869e-05,0.0,0.0,0.0,0.0,0.0,0.0,-3.9273558764679737e-05,-8.31120029175792e-05,1.3026836720164704e-05,3.1435407300273166e-06,-3.4484734995815496e-05,4.601497079578784e-05
core_secure_pairs,0.0,0.0,32,0.0,0.0,0.0,0.0,0.0,0.0,0.0,0.0,0.0,0.0,0.0,0.0,0.0,0.0,0.0,0.0,0.0,0.0,0.0,0.0,0.0,0.0,0.0,0.0
core_secure_pairs,0.0,0.1,32,-0.11361937198632249,-0.14207077207966862,-0.08577520578322204,0.1066354960353749,0.04553645954232868,0.22082785681411637,-0.2204309024414233,-0.2803806456466076,-0.16356934218705863,-0.020705383856194887,-0.05502323369386998,-0.001091884841068161,-0.1416914726763166,-0.18436940533955162,-0.12257446059758989,0.12518814733530742,0.050425462992270575,0.25879949982803857,-0.2857567025378164,-0.35931003307218323,-0.21492629168286953,-0.029841314279714256,-0.07137128123152238,-0.00844822604272421
core_secure_pairs,0.0,0.2,32,-0.15937153552370167,-0.20904241843773957,-0.0957265069785215,0.239397743732143,0.08996110001645047,0.502384520369648,-0.3683083187786198,-0.4526441314627533,-0.283555876444805,-0.0759638030729982,-0.17608163158971896,-0.008511183475300112,-0.2340010545461395,-0.29804131566005854,-0.17014247167509286,0.27158894757500424,0.11011214810238307,0.5974785409778383,-0.464390425589112,-0.580995153790487,-0.35226207563846884,-0.10892167942344158,-0.3800740100644645,-0.029541390653642103
core_secure_pairs,0.0,0.3,32,-0.15966974589431215,-0.25667487207662615,-0.06425875130287542,0.2783973578794035,0.11286589336644136,0.5522715915057752,-0.47934955571590465,-0.5840792661198954,-0.3805809630119844,-0.06442254904359528,-0.2337953177788334,-0.007970519626105663,-0.2635371860638793,-0.3427548246764209,-0.15459843975253307,0.2967423921493346,0.12765204284868936,0.7255485756798634,-0.6137252892359055,-0.7442791078830189,-0.4763387515385591,-0.1383698150079998,-0.6175400733586248,-0.019361370894981647
core_secure_pairs,0.0,0.3333333333333333,32,-0.14855632942997732,-0.2572630200564319,-0.06893904381636905,0.3059501356405408,0.11233807826187964,0.603094016670155,-0.5109779102793865,-0.6214910517179612,-0.409348551964449,-0.0546004282023632,-0.22672137963562372,-0.01823435572606355,-0.26176487154612005,-0.3705853643741055,-0.13628579184761036,0.3346842040578292,0.13089134275201283,0.8050284412139741,-0.6469341076511902,-0.7912054928031302,-0.5148517833900554,-0.08064978606816253,-0.6324745705614958,-0.03213882291351225
core_secure_pairs,0.0,0.4,32,-0.11931589687126821,-0.2614030680959982,-0.022245520077680353,0.3643609953146506,0.1307023667483143,0.5780301910637269,-0.568060668748491,-0.6887494787810472,-0.46239407132506155,-0.0830164825409635,-0.23329021959950152,-0.031405510880440135,-0.24489133950501413,-0.3854230981781253,-0.10931124751036074,0.4154230753989802,0.1429656041562643,0.7948334657764492,-0.7151569320510998,-0.8772561485138233,-0.580809761878346,-0.10790836213411628,-0.420092058221965,-0.03832915755410665
core_secure_pairs,0.0,0.4666666666666667,32,-0.09181107427781769,-0.2715698540245367,0.02238303741409771,0.2506665603515231,0.10673848945483014,0.511915065886698,-0.6184063889303526,-0.7477701164372121,-0.5102976604089045,-0.08448035713950264,-0.28871008233624634,-0.026218241763003455,-0.21767843295532951,-0.3923029570476596,-0.0726012612341822,0.2915771202217162,0.12398368670052984,0.6049303658211622,-0.7811120690713818,-0.9527213406854134,-0.637809773649984,-0.11214934457050751,-0.34788162144282864,-0.0464907134645024
core_secure_pairs,0.0,0.5,32,-0.0764086191537959,-0.27531174945893544,0.045660789539962665,0.2411269106531791,0.06444780745714321,0.4786638884610547,-0.6414944329994677,-0.7747376709073005,-0.5325789678087093,-0.09330528209684097,-0.3208303302984625,-0.014703784408182818,-0.2049012623276922,-0.39295319833984693,-0.03374482789126784,0.28891182535999405,0.0803459485047388,0.5822466980501714,-0.8089299218831156,-0.9861921744405787,-0.665578996202418,-0.13043622878804084,-0.4297147937666962,-0.02048868083347888
core_secure_pairs,0.0,0.5333333333333333,32,-0.06028643739840105,-0.2776228667001261,0.07154001246621,0.21598153472181952,0.0029525162535485594,0.37873905761993226,-0.663361550786053,-0.8002244431955767,-0.5538860731830975,-0.07395650670432186,-0.12609845274949105,-0.010132460932031406,-0.18338951325814787,-0.3906350120111372,-0.01589146573120487,0.2561445566370282,0.01370614346604207,0.5310345583284253,-0.845307526457389,-1.0184831706339517,-0.7016050888768317,-0.10848257849580012,-0.20980567243763387,-0.02974492941218032
core_secure_pairs,0.0,0.5666666666666667,32,-0.05051789492867226,-0.28067315413374605,0.09903276540801442,0.19710040927297506,-0.031105605107263942,0.2825317812744231,-0.684202418488785,-0.824379538585989,-0.574335072107251,-0.07882407596756202,-0.13397726161749712,-0.009046245343798415,-0.17270563339517514,-0.3886530162240975,0.002336993006252029,0.2523955199974043,-0.018375836392310642,0.47590712486673653,-0.8581199338425578,-1.046793665402293,-0.7050038837604122,-0.1149847467588837,-0.2552889070282027,-0.02421464762476838
core_secure_pairs,0.0,0.6,32,-0.03935429373380965,-0.27987710270998756,0.1279586794623789,0.20098228639095697,-0.033887110313206334,0.2884990377138756,-0.703952287275047,-0.8472927553221147,-0.5939036834016035,-0.041795334316360955,-0.1340061433338688,0.012836373906258074,-0.1561928284146014,-0.42366380176991975,0.020870861129116326,0.21822554947546502,-0.03415055965705386,0.3703984966520236,-0.8891876015249157,-1.0770516096017966,-0.7428014364574936,-0.09247956778761743,-0.19318669297783808,0.025601420451169796
core_secure_pairs,0.0,0.6333333333333333,32,-0.024682112518622523,-0.29104748981016504,0.15672773834080123,0.21228739526738305,-0.03720781267632142,0.28892563935752064,-0.7228138737701255,-0.8691025997725672,-0.6114185005287838,-0.024035451014922493,-0.12798676114007804,0.014347494884834711,-0.13898536335252135,-0.4253071844416213,0.07425767441221856,0.22810891415038137,-0.03438090755290237,0.3912337577697096,-0.9139878893350424,-1.1027315869903505,-0.7697508368604282,-0.08705617460243836,-0.191959757865153,0.010757079864136607
core_secure_pairs,0.0,0.6666666666666666,32,-0.00790158466554407,-0.2851709712598588,0.18798542467447488,0.22424243431411367,-0.03891769149960096,0.30977217700248494,-0.740858122231081,-0.8895669446320239,-0.6281901171036732,-0.02618519433828581,-0.1345443554868827,0.015792261174234646,-0.12338718720628875,-0.44786871894148245,0.09326129700903135,0.23845508157264877,-0.03478887017236552,0.42918690912768126,-0.9391948859358261,-1.1312249160455021,-0.779100728683092,-0.06785024106916673,-0.21098350407369468,0.03647411594052859
core_secure_pairs,0.0,0.7,32,0.010112698947752194,-0.2813064817155273,0.2205322781368029,0.21146592869877912,-0.041058009832404624,0.26787136527076144,-0.7580829942286706,-0.9091177857889333,-0.6445196459800815,-0.028349042597120566,-0.13782215233652875,0.01730732150787175,-0.10110035790567504,-0.4458066211533641,0.11555743068599694,0.2541883885550525,-0.03502149654385674,0.4684577641253901,-0.9563438804196472,-1.1554497545697364,-0.8050329244127533,-0.06933584903633674,-0.22330009035519413,0.014629726623109808
core_secure_pairs,0.0,0.7333333333333333,32,0.02938422358647,-0.2817483180696786,0.2527680743285722,0.21919429766410922,-0.08592867738460176,0.2813646923759976,-0.7745835079697299,-0.9277996721867977,-0.6601006697051586,-0.0307263195632253,-0.14572636938936676,-0.009350668723927924,-0.09485549022757499,-0.44164545863671045,0.171954546985059,0.25741360937542274,-0.09873334423399388,0.3930098668078977,-0.9778676308331207,-1.179878870380513,-0.8140160578803981,-0.07094664182946775,-0.23586893547520554,0.0037718025447680548
core_secure_pairs,0.0,0.7666666666666666,32,0.04970814557349756,-0.31097426965921804,0.2878479680576684,0.21297951740995757,-0.08911508809219429,0.29497258663303433,-0.7904387183918145,-0.9456786188753801,-0.6751461959924665,-0.034353970012689916,-0.13607015373093145,-0.009762325950514988,-0.07886930300658626,-0.4353828986938808,0.1922649432591952,0.22031330338488553,-0.10311749965420415,0.36905641386940835,-1.0059427108689982,-1.2028664448013595,-0.8476491181131283,-0.08059991078742235,-0.21934601171044887,0.0068966038330090795
core_secure_pairs,0.0,0.8,32,0.0715940038408091,-0.30953386987712384,0.3154091345573036,0.1412227407191998,-0.09338784737177724,0.3003497693833529,-0.8056452781311303,-0.9628114965657268,-0.6898525897843722,-0.036879946662610186,-0.11520191691497715,-0.009803237578448032,-0.0541358259669849,-0.43304045385838036,0.2163068276485729,0.22392043935259975,-0.10497002042949419,0.36516896207558536,-1.0218956705022388,-1.2252913189979866,-0.8717611230265879,-0.047941930796017385,-0.20888648874412855,-0.01746425526418474
core_secure_pairs,0.0,0.8333333333333334,32,0.09423135220308096,-0.30704702803884676,0.33798491820509746,0.10002504687131855,-0.09871792886300748,0.3157440178012645,-0.8202554549706202,-0.9792773567021824,-0.7039499833384341,-0.0396877734146972,-0.12366868114864471,-0.009911826618017955,-0.03268801831491741,-0.4524041937486022,0.2764588461149774,0.22716880840894466,-0.10708418079504542,0.3805753524302346,-1.0375752726429655,-1.2448550973933423,-0.8800907880230912,-0.051454400702662384,-0.226613606787453,0.007961979203518377
core_secure_pairs,0.0,0.8666666666666667,32,0.11752120302908707,-0.30471029902230007,0.37048561844391287,0.1022121039884123,-0.20034742233570607,0.3316787313675687,-0.8343411925829181,-0.9950621905101413,-0.7177139550343962,-0.04281489541646116,-0.12421896197593338,-0.00989190026849271,-0.012443762890932625,-0.4488794482281005,0.29274350260948684,0.16287944395433585,-0.10734198493865148,0.3696270403934283,-1.0603201919084588,-1.2655349844011177,-0.903385277514348,-0.060494178074318006,-0.23847820238403533,-0.015575609713340405
core_secure_pairs,0.0,0.9,32,0.1377764618773909,-0.3018945528709335,0.420665758888312,0.10738741916571651,-0.20770410740911577,0.34719542026076256,-0.8479135140885163,-1.0100618831331682,-0.7309220174917541,-0.04584306775319752,-0.12471893443132351,-0.009853321061094433,0.0120391151881303,-0.44653131156312986,0.330418121061773,0.17151684340564005,-0.10920013145861386,0.388581567051799,-1.0753648530194506,-1.2842667234461054,-0.9114226124855014,-0.0659659667787259,-0.1951974806239429,-0.014391137144415672
core_secure_pairs,0.0,1.0,32,0.1739022343584992,-0.41655405236531995,0.29192815996305915,0.11914186818935166,-0.2316649239791481,0.3183419982638294,-0.8858087387410056,-1.050380117036286,-0.76855140398338,-0.04976690335871616,-0.14491299906248806,-0.009883869311849286,0.07185231646434456,-0.4526640503283386,0.2660264925796772,0.19161588294361576,-0.25377473936645567,0.43455290527397855,-1.1331847202134004,-1.3389311381941342,-0.9635332562421541,-0.08610931065208272,-0.22398475147996685,-0.010998257987265947
core_secure_pairs,0.1,0.0,32,0.10078181545439639,0.05951010535621859,0.13296464690126333,-0.15034920527316428,-0.20514841923593385,-0.09086205743910296,0.2306882693583871,0.1920520812839367,0.3400212189791025,-0.0257756871089114,-0.04930026951167121,-0.004329852015511025,0.16014047314683988,0.0963188798435949,0.1938587825571392,-0.17558555216174085,-0.24007174473606627,-0.1091767685804787,0.33487802583499726,0.2598404426336498,0.4432642442225149,-0.04310939031912369,-0.07499388477986037,-0.020442386046894714
core_secure_pairs,0.1,0.1,32,0.0,0.0,0.0,0.0,0.0,0.0,-7.82481131216782e-05,-0.0003185349927922838,6.773409294387132e-05,-9.281620667461042e-05,-0.000563154870406684,4.271200989405034e-05,0.0,0.0,0.0,0.0,0.0,0.0,-5.830880404902872e-05,-0.00023508751152689472,4.998960778569715e-05,-4.6938990126950715e-05,-0.00041562365229535353,2.9280163390301666e-05
core_secure_pairs,0.1,0.2,32,-0.047452148777421745,-0.10115386794670674,-0.006042578389807549,0.12903802848868928,0.06244728871237019,0.218585391990057,-0.17272827550892716,-0.20536823344674557,-0.14432208139076147,-0.017886628650320455,-0.02418235959007415,-0.003885910090355036,-0.08914611065597244,-0.13982835872370084,-0.03718989685951736,0.139116786473183,0.07830630910557126,0.25525300610580653,-0.22744707251898122,-0.2674251857842816,-0.19598390026593546,-0.029120144994918537,-0.03908255895371508,-0.011756780025452022
core_secure_pairs,0.1,0.3,32,-0.04761937068729334,-0.1646711715795046,0.04033145594738875,0.26470837097987177,0.11997500860244546,0.43347857146461277,-0.29759068718284587,-0.34985197287507425,-0.25233170419263506,-0.04772994654181899,-0.10820321568228666,-0.008709860446021813,-0.1045950768057729,-0.22416271605685734,-0.010468856771295911,0.29335300378319207,0.16628288845433709,0.5124587369220254,-0.3920350646007145,-0.4509593097852954,-0.3457484539425254,-0.061952645406870205,-0.14134110384476703,-0.014753711163002914
core_secure_pairs,0.1,0.3333333333333333,32,-0.043380608364429106,-0.18068859791190447,0.06500196434221359,0.31151780877623736,0.13877664390462743,0.527765423116592,-0.3323324434105218,-0.388905371898237,-0.28281529646751336,-0.06194054172303434,-0.12982411000981278,-0.012507316873548667,-0.10033562483313946,-0.2518693968682985,0.010112765231463934,0.3449471143796913,0.2010888450434568,0.6194352238946158,-0.4330496665837215,-0.5022859522765868,-0.3843247248741867,-0.1023252446902442,-0.193421361087936,-0.019107106481596716
core_secure_pairs,0.1,0.4,32,-0.025179554503465693,-0.21497834914411337,0.1218123432268058,0.40312886312221724,0.17955197599117143,0.6788280754835313,-0.39491190138664123,-0.4581372562811075,-0.33831294288082536,-0.07931031342670167,-0.22273014996648016,-0.02032098966997759,-0.09727812984761022,-0.2966446662535404,0.06477787719304022,0.45169486059470465,0.2710596581766908,0.8340636985862702,-0.5176666741189997,-0.5914801703241546,-0.45378219381620477,-0.16209116547451657,-0.48997071185458957,-0.009046042952440483
core_secure_pairs,0.1,0.4666666666666667,32,-0.0068367245807960594,-0.23013486264396113,0.18933841199353665,0.43256934953765697,0.18813234329579553,0.7740908149112924,-0.4499420534194262,-0.5182745684671124,-0.3872099203048966,-0.11401826944690548,-0.31606617497616685,-0.02266288793856245,-0.07520426481096251,-0.3232250330698052,0.12700658332934237,0.5201262175045148,0.31734432225486825,1.1107087819499535,-0.5866287901795338,-0.6695960730809074,-0.5036823773923558,-0.27969802337105387,-0.7509417594790206,-0.009597906067121305
core_secure_pairs,0.1,0.5,32,0.003103072393213644,-0.2358887784298857,0.22620344874383283,0.4652793373402698,0.19711384739053128,0.722447313092424,-0.47523321384899814,-0.545567389446092,-0.4093387119189171,-0.10638982346822468,-0.23809619674285237,-0.02054859260541,-0.0618553174337913,-0.33798240720896444,0.16254898055763245,0.5488165284485709,0.2796429803416709,1.1911622556101773,-0.6190701185330751,-0.7047089100726541,-0.5449988810468236,-0.1956369355302044,-0.9427123302313262,-0.02159958545682369
core_secure_pairs,0.1,0.5333333333333333,32,0.020331989740059758,-0.23952816868270305,0.2655439284631892,0.5082114957021666,0.2085419285244821,0.8085647187586984,-0.4992007210967093,-0.5713457173453079,-0.43128080469808044,-0.12249407071810321,-0.3029147866504271,-0.023503041684844177,-0.05396681343020204,-0.34761317277275416,0.2051171277595462,0.5697562187000185,0.27197371934838394,1.306488682481695,-0.6503975758757723,-0.7385241100800731,-0.569503469185011,-0.22547136281780114,-0.9097184014406916,-0.003145236672541459
core_secure_pairs,0.1,0.5666666666666667,32,0.03858977132115876,-0.24353031525968566,0.3068443418494707,0.5581498916675784,0.21546064996878267,0.7966832228195648,-0.5219160962982861,-0.5957817541229421,-0.45150701170473506,-0.12127129075963983,-0.33633517628779136,-0.03495495811596677,-0.046673916479542554,-0.36175090057250653,0.24568292267767045,0.6250910408499446,0.25258703455398923,1.3283249027403174,-0.6807672261189286,-0.76712098185503,-0.5920646622907129,-0.22673159086203842,-0.806953028760139,-0.026714878346792648
core_secure_pairs,0.1,0.6,32,0.03908547943454875,-0.2439895352570711,0.35063732926063385,0.5814191432962131,0.22459603244012405,0.9149198936967197,-0.5436149604736213,-0.6188703909651404,-0.47056879049891165,-0.1433006413346497,-0.4793289248862911,-0.028779771626393003,-0.036068769136002765,-0.3681590807487664,0.2900533740636458,0.6773606235351173,0.270325471908863,1.2799211901268204,-0.7100883459564715,-0.7977203447281604,-0.6297161199211238,-0.22808561350783163,-0.9541907793191193,-0.012570226667060758
core_secure_pairs,0.1,0.6333333333333333,32,0.054961852877693194,-0.24220391465767382,0.3964316777157483,0.550188649967138,0.23560382511541145,0.7356466050255457,-0.5644692120629407,-0.6408496254383877,-0.489858779588167,-0.14554438450907803,-0.3571162782475854,-0.00034781395816863014,-0.02347737613345325,-0.37183050626631725,0.3447392394462233,0.7310860712350183,0.27175781329066306,1.2047503112289122,-0.7329664477509128,-0.8255474375327099,-0.63520898198362,-0.24367839799566007,-0.7992486825375372,-0.03418554607969226
core_secure_pairs,0.1,0.6666666666666666,32,0.0708249910152788,-0.2449307594754678,0.44350006282066257,0.594596048379767,0.22162029901281796,0.7815043503495904,-0.5842765786615964,-0.6617588000718444,-0.5072196630788876,-0.1764920939229528,-0.3390929004651496,-0.018721017801565112,0.0024433150098390546,-0.37733472396591605,0.39185340551677017,0.7397267926901221,0.27422656465608874,1.2326418690856547,-0.7584470618179305,-0.8515872297240081,-0.6704331120891516,-0.23685051623374692,-0.9217832572382376,-0.03418554607969171
core_secure_pairs,0.1,0.7,32,0.08846168482466105,-0.257276672028242,0.49196722942983145,0.5318468892257987,0.18114825681502925,0.7558727578431886,-0.6033161267138618,-0.6817095317126836,-0.5250796779506801,-0.17304281536265886,-0.2861933106530602,-0.005513249427483935,0.017396452908344205,-0.3768887735694979,0.4463728186353503,0.7065700211731969,0.28217567814168565,1.1000008361807672,-0.7842339285206734,-0.8769067360067407,-0.683020662453039,-0.2587968166284633,-0.5813785727435725,-0.01269679782314228
core_secure_pairs,0.1,0.7333333333333333,32,0.108788716432464,-0.26031241824747503,0.5400438953267557,0.45320627702575234,0.15638057381475862,0.8042336854973222,-0.6214471009633189,-0.7007699534638487,-0.5410098825378071,-0.16019843273081524,-0.2891688156279203,0.000229438154672288,0.025842964925345595,-0.4058325734889375,0.5012546336503886,0.7179284756859003,0.3150018627186901,1.1340908588896226,-0.8044579859850258,-0.9021436247208428,-0.7139677098957347,-0.31002978933965786,-0.5416405446497758,-0.06303139039756034
core_secure_pairs,0.1,0.7666666666666666,32,0.1338821819579345,-0.26284454435740734,0.588319924486705,0.4801304202123964,0.16868355576916166,0.8995936101140467,-0.6386164554912301,-0.7188162002679183,-0.5574855188084343,-0.18028222195068877,-0.29212770020641754,-0.01782216777168026,0.040872212371931,-0.40493843302006194,0.5545654430954879,0.8082777232669565,0.31938880088488086,1.0438499477183927,-0.8301212097446964,-0.9246510264936796,-0.729009498828739,-0.26540381730718055,-0.5487441866983573,-0.01963668180058309
core_secure_pairs,0.1,0.8,32,0.16022135530447684,-0.2639263667786613,0.6372980340299407,0.4954866380791274,0.14953933827850624,0.8052919779013124,-0.6551981795256127,-0.735908086886637,-0.5722370699938986,-0.11454399831675746,-0.2590616454811532,0.0026912030728608602,0.07378648791898981,-0.4037225196435881,0.6232826495087695,0.8188780599860518,0.3559092296770401,1.3037326788323162,-0.8481859450954516,-0.9485842893225233,-0.7534041395093916,-0.29216811074387916,-0.6667043765463507,-0.027552042785432218
core_secure_pairs,0.1,0.8333333333333334,32,0.18790295008183833,-0.2760096282187505,0.6805685927886405,0.4676376555574149,0.15025604391962918,0.8494526100894715,-0.671103967097247,-0.7527937303020767,-0.5875396586730508,-0.09593903341915616,-0.2535458844436685,0.002571301715840483,0.09153044566791241,-0.4214239908954238,0.680234990198278,0.8301307030209599,0.38244548530984523,1.3116526428202808,-0.8713817606663373,-0.9697945411504422,-0.7708916361998279,-0.3156761270654545,-0.7170072933008789,-0.028653669827051198
core_secure_pairs,0.1,0.8666666666666667,32,0.21647260957115821,-0.2776020367325311,0.6451625394844009,0.4480880873787301,0.1275055166345263,0.9540737769408436,-0.6864451821177125,-0.7693299662189751,-0.6013523750426588,-0.12414482069254643,-0.27329241463705733,-0.006404663648207021,0.12030723289587418,-0.4248236984314451,0.6632040438182423,0.5805155342009288,0.3087398193310811,1.131804468432673,-0.8900009325827443,-0.9913886916888719,-0.7931756955710737,-0.285745331058581,-0.670713515351002,-0.013356058008913402
core_secure_pairs,0.1,0.9,32,0.24603219676326632,-0.2903891968561964,0.6691002367193006,0.3730715303891558,0.09867927532609594,0.7462675830818704,-0.7011395369439785,-0.7851930745348478,-0.6154913149172576,-0.06620947836233099,-0.28044991199319896,0.0021168949102469145,0.1475013453477595,-0.4573907885110433,0.7276836731366215,0.5609030248734755,0.31874275465903373,1.055309537943589,-0.9108625642122496,-1.0116423765341187,-0.806782509143003,-0.32975347446839953,-0.661895561153224,0.013735440805627063
core_secure_pairs,0.1,1.0,32,0.3169435345330006,-0.2923438032426651,0.5599944562626532,0.335624393724146,0.10824240945122725,0.7963305851296247,-0.742433632652278,-0.8295077693308337,-0.6538367156394251,-0.08769350768517414,-0.34165410443390043,0.007187913497981065,0.21780242742078923,-0.4970797963802029,0.5711510308500375,0.4686854278926191,0.18427075847466717,1.2091365785900852,-0.9658405732635678,-1.0679116879666772,-0.8630310219433925,-0.2789059233130369,-0.5752433906560876,0.03265362019606319
core_secure_pairs,0.2,0.0,32,0.10189797495032796,0.0008234954557999677,0.16624867098015075,-0.28416732639631126,-0.3984116466661288,-0.15324637540720668,0.4565784474835403,0.3147165331007499,0.6040542817805781,-0.06591654655321791,-0.14834939581597037,-0.02797902668776313,0.2339336023888294,0.10671495320996296,0.3454236318526015,-0.32453798795270894,-0.44617226949145,-0.21228922751940993,0.6881765182926762,0.5437740284002919,0.9549680989463627,-0.1168993150545565,-0.3204678913299216,-0.060052512763237594
core_secure_pairs,0.2,0.1,32,0.0033955114088209575,-0.026742947116658693,0.04800616686759243,-0.14383703816097237,-0.20315517648838283,-0.07550010682350985,0.17383688960558932,0.1394736165723013,0.22704462211574,-0.01697537440107369,-0.025339079071668043,-0.007529376616924193,0.06696128624594741,0.0007275871977083948,0.099057909567836,-0.16830290579690216,-0.23097447136269464,-0.10150155802049612,0.2645904532652834,0.20360600845854032,0.30124073429615317,-0.028741201177032466,-0.039253015803134506,-0.012750546468667122
core_secure_pairs,0.2,0.2,32,0.0,0.0,0.0,0.0,0.0,0.0,-0.00012168734835637943,-0.00034207595206566655,6.6922071176797875e-06,-6.252410965239236e-06,-0.00029772716430941787,7.840778911984142e-05,0.0,0.0,0.0,0.0,0.0,0.0,-7.972846447085866e-05,-0.00023291553017262823,1.6319938849539057e-05,-4.614449803408055e-06,-0.00021973076665110673,6.726721217020951e-05
core_secure_pairs,0.2,0.3,32,-0.006393505510125408,-0.043115616813605824,0.04826013113703233,0.13419870925683747,0.06253441100869118,0.20997177065985617,-0.14286380580639274,-0.161156816123071,-0.11807084580979652,-0.012454634391650787,-0.019407121334962713,-0.005922149465269207,-0.034089171284303596,-0.12381289601979295,0.032697948605834457,0.15110240768401648,0.08273526886242871,0.23852424233986644,-0.19853000602441465,-0.21737445187128418,-0.16444719138203084,-0.022187133184554994,-0.028658062017165923,-0.012006309929304624
core_secure_pairs,0.2,0.3333333333333333,32,-0.004716060461166002,-0.0593423538809355,0.0721207463992321,0.18100906429939614,0.07754829187528023,0.27672838419168017,-0.18235049952625684,-0.20497737653527076,-0.15131803074141098,-0.020922650923168168,-0.03652152943250338,-0.008690892659400155,-0.03434664369435128,-0.1504615003217759,0.05111417629760811,0.20518360513399025,0.1097776841626698,0.33234596309388414,-0.2475071849097002,-0.28008710994457947,-0.21566279565101046,-0.03507062298286148,-0.05172388261730892,-0.015349302438912476
core_secure_pairs,0.2,0.4,32,0.012719549480590824,-0.10124674942042772,0.12964350791302356,0.2738954278916239,0.12087890404764169,0.42646523433245526,-0.253563873873952,-0.2834710801385823,-0.21662505129593582,-0.04957813030545302,-0.08887247950459576,-0.01936057488460949,-0.023696308160067285,-0.21962294326591048,0.10077826114592879,0.3026424739826518,0.17210952290445192,0.5234452745051231,-0.34441111647851297,-0.37989017819535403,-0.3045625282136293,-0.0763681634450894,-0.11667800007859136,-0.024996552809826492
core_secure_pairs,0.2,0.4666666666666667,32,0.03268929156280469,-0.13661611205832375,0.19682661676174984,0.35935620068052443,0.16126814467996867,0.6166829247979931,-0.3162491369170926,-0.35008290604170467,-0.27217677440063,-0.05672281171718181,-0.13613028079203454,-0.030704924249715767,-0.012057853071027677,-0.28370480566696843,0.17155677359090346,0.4102586326053279,0.23501397683208614,0.7289985363382039,-0.42194744600050715,-0.4716002851997707,-0.380764777381139,-0.12710441280819007,-0.24003698640770038,-0.0421463233532218
core_secure_pairs,0.2,0.5,32,0.046533293493060936,-0.16577132534312725,0.23322622676690688,0.40467942098541115,0.17172942616431144,0.6707171599235237,-0.35036178369458176,-0.380160903904182,-0.2973341752671292,-0.06282049445092464,-0.1547120462882596,-0.022281783830344074,-0.0022862234240416113,-0.3121707766741915,0.20777439904372572,0.46437359586531857,0.26355286200638645,0.8182971020778921,-0.45866549368231385,-0.5099234110020527,-0.398237834775459,-0.17395216979567538,-0.2927213191442778,-0.04996540554482985
core_secure_pairs,0.2,0.5333333333333333,32,0.06134139589009405,-0.17389433633186413,0.27238099736377097,0.4502779479940346,0.16994954908732057,0.7594944001701155,-0.37820554609999024,-0.4088170548204537,-0.3218156797937427,-0.07903108387709545,-0.18775678583309802,-0.03271242569390302,0.009984636156542454,-0.3384208600568881,0.2486222426644596,0.5179874139200769,0.30088936380500175,0.9278877006851225,-0.49555012984015934,-0.5494788672736438,-0.4409597394559996,-0.1868859615067564,-0.40224165378644267,-0.05198195749302677
core_secure_pairs,0.2,0.5666666666666667,32,0.0733919381892835,-0.18270674753239247,0.3064533363284594,0.4935722578332826,0.23038890390371064,0.8662252711152237,-0.40383209084297156,-0.4358668314751355,-0.34515632118395634,-0.09405651886299246,-0.21254152066465126,-0.03180286617460944,0.01725249271018669,-0.3602306777521576,0.29327697561977384,0.5732517181273276,0.3197477800454962,1.0973462897408788,-0.5274052281310811,-0.5810150478545109,-0.47311709872875496,-0.22178929536018185,-0.5387376172118791,-0.031863474725876334
core_secure_pairs,0.2,0.6,32,0.09240400323546631,-0.1905041348578586,0.3451182688831925,0.5232054156932027,0.22476852530253882,0.8398136622100439,-0.42858935548540733,-0.46153331031542366,-0.3665182638255442,-0.11167389597467847,-0.29967081374740173,-0.04455376541522028,0.034150960885155804,-0.36942216561431157,0.3345256140423103,0.6046577316520372,0.3505336497967179,1.081762182840598,-0.5603624544657242,-0.614194963404722,-0.49368720059268323,-0.332305229316622,-0.6662108295575795,-0.03443083661245433
core_secure_pairs,0.2,0.6333333333333333,32,0.11344708718786889,-0.19491822946470178,0.38620036600161767,0.5525069151802103,0.22929585735892438,0.8254707614529679,-0.4517877222545758,-0.4858571234849359,-0.3876738891808236,-0.09782977456295591,-0.2585880481787517,-0.027850870923106237,0.05011758102815626,-0.3838587226785902,0.380632841295012,0.6796962565805009,0.3847349486786419,1.1668841235950111,-0.5925305931838487,-0.6436152975231014,-0.5296259816297703,-0.4160222329461374,-0.851278906735855,-0.040489982774047445
core_secure_pairs,0.2,0.6666666666666666,32,0.13284506043870428,-0.18703783187191542,0.42913384607087923,0.5831284465971326,0.24508754146470627,0.8707601251260497,-0.47422576980616304,-0.5095151633936708,-0.4078525919712818,-0.10278636436849292,-0.3089770045397816,-0.021959809182652848,0.07251285245798436,-0.3925611083566687,0.429309695624459,0.7543189875253952,0.414118740720551,1.200313354345554,-0.6180577590297905,-0.6746358943890371,-0.5435314893097587,-0.4127752522376504,-0.7372866991052827,-0.05212015660215581
core_secure_pairs,0.2,0.7,32,0.1522727071115229,-0.16829546903128692,0.4746860710770407,0.6488997305310344,0.24584703287210527,0.8516562477610781,-0.4952520621232227,-0.5343460716622614,-0.4271426180741229,-0.09575881943369621,-0.3129015957464273,-0.022117953902774837,0.1023222664792647,-0.3946421895868185,0.47886172391427584,0.7968583843499926,0.3410963615423961,1.053795149465094,-0.6483428055897653,-0.7022066886407505,-0.5790797913361954,-0.3274487196503546,-0.7242031558186618,-0.05460662086948707
core_secure_pairs,0.2,0.7333333333333333,32,0.17386056135380185,-0.2055268806360782,0.5224150486911688,0.6576606704792475,0.21713967777533988,0.9363820024296096,-0.5156545376015402,-0.557350050382523,-0.44504522941559427,-0.1593189723598319,-0.3721087452841224,-0.03736114559787944,0.11215730330310578,-0.40053032122934773,0.5292036205609199,0.8789026455695155,0.35839143354290226,1.2007812051421458,-0.6742002225750174,-0.7289708238921571,-0.5869674560926109,-0.41781830138077425,-0.830267937918955,-0.09299824770448883
core_secure_pairs,0.2,0.7666666666666666,32,0.1960366174260525,-0.20588630026956267,0.5725799890279442,0.6406043188973174,0.19747314178922803,0.8814225394000917,-0.5352650089780966,-0.5802089077885075,-0.46281372705237844,-0.1408444503829802,-0.3999788589186417,-0.02158902395149459,0.12886122297848923,-0.40212921698010323,0.5851193074597536,0.9294053160313247,0.37570240201210775,1.2326548562897415,-0.7008924858687137,-0.7531539531695217,-0.6255346846470479,-0.4806990344719766,-1.0699482043680613,-0.08605218597019376
core_secure_pairs,0.2,0.8,32,0.21803375827043298,-0.20644831823531853,0.6227662930097287,0.5638220033929442,0.15000968699272194,0.8854272585724545,-0.5539383867898565,-0.6006720610332417,-0.47992930127046757,-0.15104203586567364,-0.36771039892275875,-0.021419628369183194,0.1595870151179345,-0.40920983759517865,0.6392548852401083,0.8445720871016826,0.40505664506289885,1.2784702062317885,-0.7246165382442648,-0.7784940587738395,-0.6320505410730974,-0.29808821179489753,-0.7619410345162381,-0.12802796603936456
core_secure_pairs,0.2,0.8333333333333334,32,0.24142717387633095,-0.2048725069026745,0.6805680671199124,0.577317796465972,0.17399268160792075,0.9459463682596414,-0.5718476495146704,-0.6195559417204279,-0.49636646058950984,-0.1516044514449414,-0.41402074044022585,-0.012435231337387276,0.1763140043378511,-0.4079450968759449,0.6952753160474809,0.8183252038833131,0.41784440449992355,1.1825746826468553,-0.7477839121630888,-0.8031510035689342,-0.6653017846881691,-0.2838772926028623,-0.7781541990000058,-0.10620412764109188
core_secure_pairs,0.2,0.8666666666666667,32,0.2654902055331465,-0.21800042276132456,0.7388124165325393,0.5280073962864523,0.18459064823659294,0.9783002476392642,-0.5891461281208288,-0.6394858633997063,-0.5121916259684964,-0.1125353468576778,-0.22714515308777436,-0.018889665053973517,0.19314213297733007,-0.42277795179205874,0.7527026546384421,0.8402156809686185,0.4380068625286536,1.2547862904952642,-0.7720628401284316,-0.8255972901690675,-0.6715726645217126,-0.2335854793419985,-0.7451244987381798,-0.08671612576901172
core_secure_pairs,0.2,0.9,32,0.28965318350338887,-0.23408695687150602,0.7121942994527755,0.495868425253295,0.191146991503111,0.9907324421611328,-0.6058097508689391,-0.6565240159199544,-0.5274691868002177,-0.12007235398309293,-0.2781489986226948,0.009178316638874112,0.22478543491645273,-0.4214656297835036,0.7673705055006423,0.896716485235994,0.4534785594352594,1.352951712904543,-0.7940370072784952,-0.846839192935978,-0.7068156493873438,-0.24244358307256125,-0.7840035189269909,-0.08750545487934258
core_secure_pairs,0.2,1.0,32,0.36598847496480225,-0.253889281959906,0.7797397396846193,0.4808238908023125,0.1660871968080504,0.8678078926157187,-0.6521902367296394,-0.7039652547800649,-0.5699959742625128,-0.16024263609377631,-0.26035803238988436,0.017620121157842256,0.29919494296596605,-0.45096734262982296,0.8684001093971866,0.8577732336959407,0.32806278678875944,1.5159663329199093,-0.8541904815740562,-0.909009699731259,-0.7489646463532525,-0.2840767683472637,-0.5626942155321841,-0.1534523100357465
core_secure_pairs,0.3,0.0,32,0.013609789071821931,-0.13264216571325915,0.14146933799832,-0.42002787240217765,-0.5922479074215801,-0.262326780959658,0.6061515150011147,0.41378366901531066,0.7746303436501312,-0.13797871734017486,-0.2948502979753911,-0.06006246790788633,0.17374564070207316,0.039337595781614,0.4127858049884109,-0.4753027464951818,-0.6757908033742328,-0.3432983597815163,0.9570549336780054,0.7225788200938748,1.4840161753976335,-0.315663750258816,-0.5086437147806591,-0.10868325235513819
core_secure_pairs,0.3,0.1,32,-0.049590666120719586,-0.13336910980160344,0.03671523430552019,-0.2851657663054266,-0.4007327423535718,-0.1641642010991256,0.33541392740193243,0.24782893648566479,0.4373336360059477,-0.06142343154926095,-0.09940432781120943,-0.028584494292976804,0.0742230770501327,-0.05221359238120992,0.18042677755300923,-0.327945975159722,-0.4677413303788622,-0.22759501028346654,0.5126314031190546,0.4002677806389062,0.5952870709197922,-0.08786240070425089,-0.12621037648976463,-0.033594057391313964
core_secure_pairs,0.3,0.2,32,-0.026672181169925688,-0.07753622214621912,0.005633404798513898,-0.14648952086357647,-0.20658861731311207,-0.09860395555858062,0.14484937928162828,0.11008692640424013,0.17205369014444946,-0.014294777084001176,-0.019659067024449736,-0.005610251410831047,0.007868898241800317,-0.0589376134445695,0.058208218107598186,-0.16952328154635,-0.24167259928807008,-0.11546685769473436,0.20566961675166784,0.17379787177484463,0.2297457675671588,-0.02026060448223268,-0.02838417882978607,-0.011036889861378126
core_secure_pairs,0.3,0.3,32,0.0,0.0,0.0,0.0,0.0,0.0,-6.625479436663667e-05,-0.0003059269301653593,2.0323449598074104e-05,-7.611145567745091e-05,-0.0001687186063943114,2.8866509162605108e-05,0.0,0.0,0.0,0.0,0.0,0.0,-3.594557888141068e-05,-0.00022250962946811223,2.5628642636402188e-05,-4.6763735493310365e-05,-0.00012451893268564291,2.0220543745303597e-05
core_secure_pairs,0.3,0.3333333333333333,32,0.003974474354248561,-0.018675946186499627,0.0231949038367904,0.04825106035381184,0.024143085543373938,0.06531012270557315,-0.04401232672593568,-0.05017672568503476,-0.038093086357398054,-0.0014293631358033437,-0.002029497732249242,-0.0003752889190488488,0.0019355046942141217,-0.025446081957559895,0.020829712216241206,0.05262633719270499,0.013729305556598778,0.07565387637825416,-0.0633513235060043,-0.06942888567196508,-0.046080227739208,-0.0021001252005409064,-0.004983914595903429,-0.0008622451259547011
core_secure_pairs,0.3,0.4,32,0.01627797309507371,-0.04767810476333091,0.08104403328162617,0.14252151178054195,0.0724557518725328,0.2031247918087689,-0.12305394176562903,-0.1353592651886716,-0.10254845294981021,-0.01251144538855984,-0.019274037252982438,-0.005722520698717856,0.0049999843591002225,-0.1087065090607554,0.07048204927110652,0.16618728132369082,0.09555698053151129,0.23653666420398423,-0.16886943668533744,-0.19349570142160555,-0.14221797612453607,-0.01670158215080095,-0.028682765332433656,-0.008767261014837054
core_secure_pairs,0.3,0.4666666666666667,32,0.04008355130550845,-0.0761585392711617,0.14811386143991867,0.23884141285688573,0.1079027685728465,0.34719181712131436,-0.1898536450015642,-0.21020488319765068,-0.16688545710648833,-0.029034015010008178,-0.05008067437275018,-0.013837030969994196,0.015279188445263424,-0.17364500666940652,0.13704194456493715,0.27032230130107215,0.1469432927008929,0.40248410988701167,-0.25646558632817296,-0.30387417565456004,-0.21506199614508575,-0.03547707163299738,-0.06756683620887512,-0.019580011468516314
core_secure_pairs,0.3,0.5,32,0.0542302508436803,-0.09162790445918753,0.18370241598839493,0.28697039686875986,0.12956748132273366,0.4266989357551525,-0.22122876156776672,-0.24217736674478535,-0.1943468372149111,-0.04454169263287304,-0.07893003083875494,-0.02132289411511513,0.025932979253873053,-0.1863708945108346,0.17843279577639998,0.3303473680969264,0.17531168103989847,0.5257333314635401,-0.29469569802488044,-0.34651310030395954,-0.24590597321183266,-0.04602429732714368,-0.11203487733183151,-0.030855618015144484
core_secure_pairs,0.3,0.5333333333333333,32,0.07090637860226276,-0.0867628656451371,0.2206410310219284,0.3290487609640591,0.1504101580840564,0.5028114571410164,-0.25077429126024664,-0.2742900012429839,-0.21961755542480985,-0.055801830462583496,-0.09462088282212791,-0.026269861500369876,0.024088732101325463,-0.2116444068910475,0.21573451751218753,0.3932020840773939,0.20956865024646604,0.6382147700642629,-0.3397943227953651,-0.3918878314752694,-0.27763466020097277,-0.06370270376924025,-0.1417238750071687,-0.03271699262074907
core_secure_pairs,0.3,0.5666666666666667,32,0.08824065511416165,-0.09455602454499268,0.247463842283407,0.3772330147303054,0.17493165115772544,0.5898821771947066,-0.27922491976916264,-0.30567199268795,-0.24341846060692018,-0.07506703676096484,-0.1142946860614809,-0.03823678792895068,0.05164077306243465,-0.22543239753504776,0.2532552839204834,0.44821015698176264,0.23491059009814494,0.7737018110025908,-0.36815414409329467,-0.4365773042489498,-0.31305595274218134,-0.07535822298612803,-0.1901810627178966,-0.03574180616507845
core_secure_pairs,0.3,0.6,32,0.10761739385065426,-0.10094061985869905,0.28199095276860386,0.425735235602096,0.2002383981771936,0.6697356477146437,-0.30491741046298343,-0.33878193660532974,-0.2659854791748762,-0.06889345037343479,-0.12941915131526707,-0.037910898513989995,0.06135242684422354,-0.2493454086320725,0.30141658415464617,0.5090828075400682,0.2642816354731025,0.9223687243476213,-0.4045358393472442,-0.46947299469552983,-0.34290421508830327,-0.1085224175681377,-0.2730706936961906,-0.04986356404325753
core_secure_pairs,0.3,0.6333333333333333,32,0.12887680014897107,-0.09720084158358436,0.3423072296696368,0.46572777335866455,0.2194926831024522,0.7173924165876724,-0.32902152409930874,-0.3676423768207192,-0.287435400011248,-0.06105906655700823,-0.14150619385910335,-0.036420963172208484,0.07804238147257425,-0.2511664345118295,0.3494160314779213,0.6284443849978845,0.2987622384567681,0.9563474073126953,-0.43755132801560853,-0.5045789468383626,-0.37507318653625116,-0.13170544941438528,-0.3206698969062675,-0.06029514168003449
core_secure_pairs,0.3,0.6666666666666666,32,0.15150794522457434,-0.1067335520430316,0.36343194028838116,0.5246866778402726,0.24260787744531703,0.7876279075196518,-0.35226683549015103,-0.3951371434473263,-0.3079275201829197,-0.06102743575520178,-0.1751060276516621,-0.03717498266252248,0.09915265414029725,-0.26139426761640466,0.3916327112867275,0.6599516886135914,0.3280544952454499,0.9600685006431473,-0.46666395812305034,-0.5449131537770082,-0.39638239381093093,-0.12750965094760097,-0.33393199136347035,-0.05885336384971867
core_secure_pairs,0.3,0.7,32,0.17588093134781985,-0.10516236563535881,0.4187045923265965,0.5597320880227439,0.26027906273861534,0.8732080966273584,-0.3746691301484049,-0.4212009824012952,-0.3278692077577575,-0.07359778819422345,-0.19033784752903704,-0.04586110237329293,0.11609024508332325,-0.27079262997172004,0.44257391500116633,0.6742648101489945,0.3534410558994184,1.0799930893099927,-0.495145120212422,-0.5768388066815664,-0.4229089011831838,-0.16349158990922463,-0.3840905141905697,-0.06351980488231526
core_secure_pairs,0.3,0.7333333333333333,32,0.20386682473529205,-0.10725375478017804,0.42404881612854584,0.6056948402286049,0.2513227719790328,0.9254517069009218,-0.39606727013279774,-0.4447900771121337,-0.34658409738811996,-0.07953206087436585,-0.16962838043201217,-0.03965422746181095,0.13295911114123754,-0.2875059646917074,0.49483484119413157,0.7278736438059163,0.3834178931663872,1.1494288134284525,-0.522513560872077,-0.6098923387983951,-0.4542834610032575,-0.2305508411729303,-0.44681017508012927,-0.07018155511965704
core_secure_pairs,0.3,0.7666666666666666,32,0.2336572526566281,-0.08322457716164333,0.46508948602549344,0.6377436724394137,0.27708796832107147,0.8119165857267698,-0.4165404209890231,-0.4685510178054122,-0.3644754313496351,-0.07228980420852496,-0.19064671782574957,-0.039016970162629616,0.16182994869259804,-0.3080259021293782,0.550827057607322,0.7993375704608303,0.4171433338169634,1.221232797124292,-0.5490868414041232,-0.6396481584584193,-0.47516088233772064,-0.26047450039002973,-0.5459943541433393,-0.10607233093906189
core_secure_pairs,0.3,0.8,32,0.2644251896964325,-0.10717045988949633,0.5739687138660555,0.6651374380827142,0.22443494116798035,0.8747082244718865,-0.43624648875365646,-0.49036791806587454,-0.38207400123508617,-0.08170531351296578,-0.1799885203074911,-0.03345116063796563,0.17874142984131225,-0.3120977457647797,0.6076518714931907,0.8614348023458409,0.4385544239491841,1.2865015170977903,-0.5727023074560885,-0.6657357216151925,-0.4944008566338175,-0.2759448197051645,-0.7310834080625576,-0.09523900869573797
core_secure_pairs,0.3,0.8333333333333334,32,0.2906467672315385,-0.10673689159489118,0.5727568420884713,0.7416130546172596,0.2233988313733653,0.955197229000173,-0.4548343521105954,-0.5118505670769723,-0.3985929343821563,-0.09143247687454298,-0.2188529340737212,-0.05270274125864482,0.2083160358706658,-0.3151731816934132,0.6545301622352955,0.9040627660779067,0.4729261695550672,1.3826073136929207,-0.6002581498508786,-0.6869049589415712,-0.517837909909317,-0.3167103071202265,-0.8542628906263815,-0.12232324492234914
core_secure_pairs,0.3,0.8666666666666667,32,0.32173515989671675,-0.10365372103893783,0.595614572934768,0.6423897751386999,0.2336698649393777,0.9576392419748648,-0.4727010313197812,-0.5319504149043471,-0.41487394660094457,-0.1046413494149273,-0.253569767344445,-0.047756116136733806,0.23834268998946553,-0.33672116467444196,0.7181872994941283,0.9684054029848252,0.5153742593916256,1.3509364275457458,-0.6226032256819761,-0.7177056011208119,-0.5366037268720479,-0.26152449228955177,-0.6684411643272657,-0.09905217381852338
core_secure_pairs,0.3,0.9,32,0.3534009474123133,-0.10187650211449285,0.65885329504013,0.6818915206362396,0.22894233737801703,1.0523852622082503,-0.4898892361967307,-0.5515816524123908,-0.4302557376791816,-0.10442384863649015,-0.2712721330995976,-0.02986168456607865,0.26373949352986026,-0.3432060295273799,0.7807480748648783,0.9545872751111424,0.4785474263140306,1.365973376129232,-0.6454150767797977,-0.7391910360275332,-0.5586008193150894,-0.2673560177220802,-0.6290698491103387,-0.10490407859670411
core_secure_pairs,0.3,1.0,32,0.3954455317506469,-0.10931567314711428,0.7440001906799794,0.47757240615655494,0.15733008152300043,1.0749761633209953,-0.5382374857066894,-0.6060385593772779,-0.47388440105696933,-0.10119793164405161,-0.31024982047410643,-0.0324497057324622,0.3435996579982482,-0.38308084462073144,0.8496654083600345,0.9075084301369136,0.4986353415385677,1.514370181614909,-0.7074144185263094,-0.8076678221496232,-0.6121178160374791,-0.34493871290013023,-0.7805521126153835,-0.062477309461973496
core_secure_pairs,0.3333333333333333,0.0,32,0.004557076500035416,-0.10995189379631216,0.1431970071766425,-0.4683413023838477,-0.66064495963484,-0.2954239294178777,0.6121089280627172,0.4355771035510531,0.8192551346474333,-0.13971873339590918,-0.26663124129219523,-0.05412908538329564,0.19079168499120763,-0.013499339734544799,0.47824473624355657,-0.5209283536448328,-0.7511967154555339,-0.3747182922886627,1.0941794400896832,0.9536677766016736,1.6610562618329343,-0.42213142001916326,-0.7624576000146273,-0.17658798367509532
core_secure_pairs,0.3333333333333333,0.1,32,-0.06172452796432263,-0.17364075582609345,0.03747634657463564,-0.3328171090236938,-0.47124700231596484,-0.21049389894850798,0.37248313568923663,0.2676562134222664,0.5058570506726723,-0.0660230935918992,-0.14031271778061177,-0.03540705326672775,0.051011031101174026,-0.07963754287818288,0.20112235154050975,-0.3736256359346477,-0.541318295536429,-0.25456119693925117,0.6148159901439733,0.4730395413504282,0.7335648939153689,-0.11461321683112385,-0.19429229907932546,-0.0676302287540207
core_secure_pairs,0.3333333333333333,0.2,32,-0.03535377343208891,-0.112949032003964,0.0033551891766080335,-0.19290105466897522,-0.2789163037936668,-0.12335341521278079,0.19943374243266393,0.14950535589174307,0.23311521769815308,-0.025068623631506918,-0.03725879505786982,-0.011830652806988473,0.013625230843574062,-0.08125846394898893,0.07980171167141585,-0.22524834106003705,-0.32324907752906756,-0.1439025514399202,0.28093914494337546,0.22302471887754738,0.3073853015488432,-0.030179692396463773,-0.04006283166445587,-0.014191053958078424
core_secure_pairs,0.3333333333333333,0.3,32,-0.010247189244326854,-0.029320875034656663,0.0019787408313591865,-0.050206862672638644,-0.06853745529417753,-0.032376241871377776,0.04471185842097769,0.03750138103431003,0.050275099298324424,-0.001649704965954776,-0.002630723823806356,-0.0010277565601233508,-0.005127852163502216,-0.029036368475171905,0.005392771242708767,-0.0606026724206992,-0.08191718945545418,-0.04210047786127238,0.05852162589122921,0.045676381780811216,0.06678108307996729,-0.003223536637997168,-0.005910588635029031,-0.001721926391192341
core_secure_pairs,0.3333333333333333,0.3333333333333333,32,0.0,0.0,0.0,0.0,0.0,0.0,-6.539640128024778e-05,-0.0002988854621610096,6.091876748413884e-05,-4.594992333314604e-05,-0.0002257970987415668,9.505099935403631e-05,0.0,0.0,0.0,0.0,0.0,0.0,-4.726084141695901e-05,-0.00022058562205387944,4.025052711968333e-05,-3.0496509714924518e-05,-0.000166644416639522,5.3558554118851475e-05
core_secure_pairs,0.3333333333333333,0.4,32,0.013586826283053946,-0.03802760041515726,0.05741753729067864,0.0943254426092697,0.05556782057893842,0.1350663739917179,-0.08044938917575711,-0.09250639149608686,-0.07101014978960322,-0.004604370873993539,-0.008472451178830569,-0.003171987471515902,0.010143890655921799,-0.06085202039494429,0.050933166736606666,0.11066232390932484,0.05332282673503355,0.15770243561406738,-0.10523393325605239,-0.12688312257167728,-0.08145311474354497,-0.010437929876439003,-0.018397413303283972,-0.00663270848735703
core_secure_pairs,0.3333333333333333,0.4666666666666667,32,0.03606069871947584,-0.07253527068233537,0.1227793373288012,0.19377050998238274,0.09073434968693364,0.2811785477026618,-0.15236216569558128,-0.17387411255767793,-0.13292412409820697,-0.01881873219339994,-0.025715764499838777,-0.011905838335516346,0.02097160883984012,-0.09845227593240313,0.12073785391616718,0.2205681208827558,0.1163068686634661,0.3320089868999525,-0.19928932400710245,-0.23069033881401035,-0.17349839267382863,-0.02517709295361617,-0.04547245347783186,-0.013572790921787446
core_secure_pairs,0.3333333333333333,0.5,32,0.050682824667957344,-0.0748101621635247,0.15128000645367146,0.2446926007499462,0.1105674982045522,0.3553755043983163,-0.18539205301418477,-0.2098663045232167,-0.16130331112663857,-0.026284757470747516,-0.04019190671065307,-0.014498790921986561,0.029516682722796686,-0.12399743360715518,0.15476929511999454,0.284811106946537,0.1524003291182256,0.42091699727266063,-0.2410422787910215,-0.28604626707381176,-0.20923578826431868,-0.039309732743628104,-0.07580571671765877,-0.023791224559917005
core_secure_pairs,0.3333333333333333,0.5333333333333333,32,0.0676106694220786,-0.08069148186275532,0.17692994977662188,0.29396054337207256,0.14697291654005448,0.428155664158397,-0.21473181560164611,-0.23888994145713394,-0.18718384418336115,-0.04200883018260222,-0.06480055702687268,-0.022051433922852904,0.036554721902923915,-0.1653829852460425,0.19517880865079681,0.34540814998131414,0.17179605167064263,0.5251169285139137,-0.28243213948706786,-0.3302477230140318,-0.24171404049693213,-0.05185728924180308,-0.11346183072584014,-0.029840266657851756
core_secure_pairs,0.3333333333333333,0.5666666666666667,32,0.08552973122578666,-0.07178770726106558,0.20975935224336256,0.3396698465110365,0.1773258272230488,0.5171171821163173,-0.24174233865119635,-0.27535224287023363,-0.2114471265980748,-0.04791865427392153,-0.07782546274669826,-0.026338054292866432,0.05227252681560471,-0.19150452352491587,0.2400468258278991,0.4090906025477949,0.2050248071621042,0.6463649831326331,-0.32095948591686074,-0.3656832415057938,-0.2701554073946897,-0.0730620348451527,-0.14326046600834877,-0.037086388973007374
core_secure_pairs,0.3333333333333333,0.6,32,0.10538505351898281,-0.06666584577150815,0.25350970519579524,0.3850570710000799,0.1801756531919953,0.5803992603098792,-0.2674707664605056,-0.30529995826441225,-0.234824389132714,-0.06668884105817312,-0.09213847175345188,-0.02852212919772588,0.060625515083627964,-0.20160849267166903,0.28031304942310226,0.47589859554566405,0.2398612287954572,0.7974802478422589,-0.3551758917071536,-0.4115045879667957,-0.29935619874352126,-0.09713185885873671,-0.17781215283985344,-0.05318798036413734
core_secure_pairs,0.3333333333333333,0.6333333333333333,32,0.127099347668296,-0.09443088752754468,0.2778376888195571,0.4335696566312447,0.20249139485874743,0.6446831933870596,-0.2937719662775733,-0.3336497778720567,-0.2571145179278325,-0.0738955365624385,-0.11278466891463326,-0.04470915878589665,0.0869744865809793,-0.22920945383708913,0.3290758101895528,0.5925247563996661,0.26071736497576353,0.9400037894310123,-0.38509671670489926,-0.4478555074412032,-0.33068607350591755,-0.10723028474102766,-0.23227916090744383,-0.055304663396729466
core_secure_pairs,0.3333333333333333,0.6666666666666666,32,0.15058501929031687,-0.08627579399513072,0.31754445378214813,0.48082296609695574,0.22422342756702007,0.6661490023060175,-0.31692503883079637,-0.36052433840735426,-0.2784066839501822,-0.05595025289744081,-0.14407049039078207,-0.029945144241565805,0.1035263606047706,-0.22691671033266017,0.37138682077975127,0.6537639246144495,0.29673451138994345,0.91367645937635,-0.42157382890893047,-0.4841217822254972,-0.35855124410422173,-0.12790079930467146,-0.3047735739334879,-0.06480860361904339
core_secure_pairs,0.3333333333333333,0.7,32,0.17758140786030877,-0.0703337008241039,0.3562746991100653,0.5419630838193668,0.25578990119510125,0.7594277266328563,-0.34056765863336524,-0.3860911045754868,-0.29827208192823107,-0.056544575115002924,-0.1403497866722208,-0.028985104105467403,0.1245005091262736,-0.2374032452040463,0.42340869502250633,0.6806034215406296,0.34143486262456024,1.0364185959920704,-0.45246933848600757,-0.529162278588969,-0.3845687950264898,-0.13871002469447946,-0.3679294827230081,-0.08038807111990665
core_secure_pairs,0.3333333333333333,0.7333333333333333,32,0.20585216351921334,-0.10303690475940597,0.3944117667801134,0.575619632892371,0.2603942173345389,0.8251271610926901,-0.3615662007093614,-0.41044338324382235,-0.3180535394551447,-0.07528694127599433,-0.12678239449168033,-0.03592675664051834,0.14148011586853182,-0.23840550659778167,0.4771159709083532,0.6877397430733907,0.3642401330627565,1.0697374344843729,-0.47647031166481096,-0.5500515496600644,-0.40904065739117057,-0.14508503402075662,-0.37756153678727145,-0.07816286260274116
core_secure_pairs,0.3333333333333333,0.7666666666666666,32,0.23546542339666143,-0.10393906704116698,0.43105735478630736,0.6249698344413425,0.2647608757596212,0.9033449519180481,-0.3827715206633454,-0.4336826686153167,-0.33697877955141403,-0.07336599694568476,-0.1692622396202368,-0.028522253518546252,0.17016443243492235,-0.24272177166435305,0.5222587750160004,0.7457528538743852,0.40754547828937515,1.1655175665430024,-0.5048401059905225,-0.5814989918923441,-0.44046009579130957,-0.133662923529197,-0.4212362562508897,-0.0923039981455795
core_secure_pairs,0.3333333333333333,0.8,32,0.26700754059985715,-0.09927669587011874,0.4737964593486942,0.6264335954278435,0.2890708908905128,0.7790106212922944,-0.40390168297723034,-0.45590498208832386,-0.35524530518060926,-0.08350755560641514,-0.18592578042155455,-0.020661209993691015,0.18752953974750078,-0.24574314876339182,0.5820810960803424,0.8207553853173286,0.4195749186666899,1.2368784145332155,-0.5282587564788299,-0.6094202340995408,-0.4587829617308883,-0.22375185059803823,-0.5189833219673918,-0.08151507391603438
core_secure_pairs,0.3333333333333333,0.8333333333333334,32,0.29870087498804077,-0.09398825673873784,0.5190322706515836,0.6600301270784814,0.23985779277394517,0.8535845639435963,-0.4229394453213958,-0.47719208755255793,-0.3728372047269346,-0.11516935137879308,-0.20293177545848107,-0.03675116803514237,0.22457375349661815,-0.2603748368877908,0.642440034921884,0.8488697554847069,0.44281108924105816,1.4111055598064617,-0.5543709339951031,-0.6559972791721129,-0.4780315143422408,-0.2088434952706959,-0.7302005946012162,-0.07248350814595209
core_secure_pairs,0.3333333333333333,0.8666666666666667,32,0.31584842076648423,-0.09067433449993988,0.5440801358799606,0.6071896411490073,0.233238425593635,0.9199763447617423,-0.44122203865835885,-0.49760418904306203,-0.39017872728781045,-0.09399737161923588,-0.21254284168057308,-0.03629582870872715,0.2543622586845983,-0.2625008004370389,0.7047879882684569,0.9080335903480402,0.4758740136828483,1.246774998518367,-0.577272678419902,-0.6793275963696725,-0.5027031862659846,-0.24614585186837745,-0.820119781282821,-0.10317126723407007
core_secure_pairs,0.3333333333333333,0.9,32,0.31322877000335103,-0.09054023882758433,0.5937576252815615,0.6735404719585243,0.23215460154285394,0.9508841476344876,-0.4589377918592462,-0.5172152694920714,-0.40653676203110045,-0.09857726648882176,-0.19741655458576954,-0.03228634100057736,0.2722321391751771,-0.26298534133414386,0.7531674186646359,0.9549378170911378,0.4938962172842135,1.2761174384711729,-0.6013547357802679,-0.7104157111058987,-0.5227460380720321,-0.221161260892013,-0.5733980031104908,-0.08693383557155801
core_secure_pairs,0.3333333333333333,1.0,32,0.4012428081703678,-0.08201769360682917,0.6783610659738704,0.4974456289020191,0.12284696277607277,1.0233755430787452,-0.5083037332383378,-0.5736748138333478,-0.45278733765987,-0.07765872326214696,-0.2549884805582834,-0.02677830634569911,0.3606186236935277,-0.28427543724067017,0.7777477235729637,1.0900458684359158,0.529632138180319,1.572135924412797,-0.6623265466371479,-0.7831583396935504,-0.5798134217260769,-0.2662126078994902,-0.7549228432919717,-0.06741510014379426
core_secure_pairs,0.4,0.0,32,-0.0593624791442709,-0.17882394244909158,0.139243389947853,-0.5733147162473551,-0.7933311957478287,-0.3545300889928047,0.6800451651032817,0.3776647413677295,0.8599770725509839,-0.1202319143373691,-0.22930800702095572,-0.07653745027131093,0.09545239489194234,-0.043283102989191684,0.406516152764422,-0.648484874536162,-0.9112329259041738,-0.44986941258374763,1.266342071765771,1.03370990255325,2.0673412228561716,-0.4614285445474284,-1.013386954109904,-0.25376828551438585
core_secure_pairs,0.4,0.1,32,-0.1356605696700015,-0.2527048122046187,0.0021134470653709214,-0.43834980981965377,-0.6033999250419418,-0.2700249158664537,0.4404902866382272,0.30785310661524246,0.6220331644176853,-0.1061696286651512,-0.18776043432151823,-0.06522429127090332,0.0414242590820241,-0.14816898450984328,0.2500760121184846,-0.49162229630447174,-0.703088834516592,-0.34839386770144093,0.8410398882199189,0.6027384571618173,1.0405462803229284,-0.21556167998288067,-0.355050027303123,-0.08543730534877127
core_secure_pairs,0.4,0.2,32,-0.10896763993329713,-0.18553405636623135,-0.015638634947747143,-0.2952382951861667,-0.4065513677326555,-0.19807973716086313,0.296839403921262,0.22926815907997303,0.33888941927717187,-0.04979691035546141,-0.07775574770498214,-0.030391679366105075,-0.010327166715568784,-0.1497181194285584,0.07689035862426703,-0.3334562730232586,-0.48165606533551836,-0.22862604695969022,0.41428263117751385,0.3262874721275447,0.4903426002595711,-0.06438700205259287,-0.09847192400322491,-0.03716582775285237
core_secure_pairs,0.4,0.3,32,-0.04193059049848333,-0.09954712950629352,-0.010534868921846626,-0.1508015119615722,-0.2039876871423225,-0.09346416181596093,0.13379299197938194,0.10696752500045609,0.1476526641378904,-0.013761629259727154,-0.01979695997820135,-0.00801807526549228,-0.014680587085839837,-0.09341803769351538,0.01703419529912767,-0.17092117113921823,-0.24839084554795093,-0.12245259234948347,0.1674713648133674,0.1353467452773652,0.19663520588867983,-0.01687128652669949,-0.03400009690417996,-0.009885924298748048
core_secure_pairs,0.4,0.3333333333333333,32,-0.032260992089055425,-0.06699574286111784,-0.00919145343408813,-0.10463527856351468,-0.13647249441148607,-0.06344385111011039,0.08460157162120707,0.06781587783320714,0.09474751957629202,-0.00467246822566602,-0.009338723594866191,-0.0020692847736572314,-0.014345611471764469,-0.06402835279899839,0.01027240921562033,-0.11682553150689204,-0.17106808545701957,-0.083140235031951,0.1056776762877748,0.0854910355827811,0.12312470611095928,-0.007957903957053994,-0.015142364683659093,-0.004050896059217214
core_secure_pairs,0.4,0.4,32,0.0,0.0,0.0,0.0,0.0,0.0,-8.23554482475112e-05,-0.00022933694547576378,2.054196511892814e-05,-3.3521126068247753e-06,-0.00028767716123085334,0.00012829413477396387,0.0,0.0,0.0,0.0,0.0,0.0,-6.149161010503278e-05,-0.00015645860439280146,1.5160530462679164e-05,-2.4739505200578604e-06,-0.00021231359030303776,8.574273260516724e-05
core_secure_pairs,0.4,0.4666666666666667,32,0.0226266540368448,-0.019458195708913058,0.06387334550548567,0.0996095573413312,0.06221168159670494,0.14387126859824212,-0.07647848875182517,-0.08718229833453581,-0.0652017706889727,-0.00481661179713965,-0.008166257912859185,-0.0031025316814101483,0.016908489937610245,-0.028270625841291912,0.06726384442192856,0.1162482810662555,0.05317715564804165,0.16438931006589733,-0.10163550893109347,-0.12575042755522403,-0.08599560118566144,-0.007538515865517573,-0.011189322490173669,-0.002649683217710347
core_secure_pairs,0.4,0.5,32,0.037870535895336746,-0.04295860108809141,0.09827347902541617,0.14994905099277725,0.07594413914381934,0.20582355324068285,-0.11184939205409153,-0.12404620795299147,-0.09429693703253647,-0.010798269609082587,-0.015803689873532537,-0.006593989424109255,0.025684522164882498,-0.05155239272604762,0.1005409191037972,0.17234591737314844,0.08044473315748008,0.25323300177208524,-0.14964709447944094,-0.17166256818849704,-0.12804823944245922,-0.015350139924608312,-0.02641474975463856,-0.004378614957074405
core_secure_pairs,0.4,0.5333333333333333,32,0.05409372228956069,-0.030557807302963695,0.13812771159662712,0.20059974941283756,0.09551900872605831,0.2842969219035616,-0.14011608762079186,-0.15759655046580676,-0.12174116152778336,-0.0197813274035228,-0.02743196777907724,-0.012370801966880663,0.03863566707565485,-0.08823854038221793,0.14449622713767993,0.2261592242128473,0.10586330424575155,0.3389638738214203,-0.18833404264030912,-0.22149046245776138,-0.1529081201957433,-0.028622322301015225,-0.04448784248697513,-0.015696344037125942
core_secure_pairs,0.4,0.5666666666666667,32,0.07483994808606229,-0.05956720864829498,0.17832342690655958,0.25260678214000376,0.12657158454987325,0.36184177041630555,-0.17606029065303716,-0.19194082116943154,-0.14737344906518582,-0.02678229305141427,-0.04392997962124501,-0.01929780204171987,0.048338288754465046,-0.12945604977348352,0.18996971000446816,0.29204628630985496,0.1240931304025886,0.43339298509650065,-0.23631145208960763,-0.2647743257820579,-0.20368207369310248,-0.039366667649538854,-0.065540576957393,-0.023435549529942305
core_secure_pairs,0.4,0.6,32,0.09477159067874333,-0.04078486865413416,0.21162147043653282,0.3034234924301683,0.1399755517629066,0.44387722922453043,-0.2023536429586048,-0.2218066612047852,-0.17224981565875155,-0.043499907401054985,-0.06594516098367607,-0.024606369001930875,0.06535541995240385,-0.1500563961781548,0.2320618674498881,0.363457280937717,0.180108129582698,0.5448163007127423,-0.2713195527986154,-0.3075058244600069,-0.2202865660381139,-0.05975078037472767,-0.10377537306529169,-0.03175361188469556
core_secure_pairs,0.4,0.6333333333333333,32,0.12096970533103103,-0.06837649451455961,0.2532959757549338,0.3526538639016562,0.1676347048664116,0.5119680890199172,-0.22516288107015595,-0.25148697983949475,-0.1953799307130593,-0.05141027950566505,-0.09202845165519251,-0.032869704986290806,0.0855600347226802,-0.15941406743026926,0.28159438144027904,0.40339546093193096,0.2087577582351092,0.6768756549959504,-0.30123007662444345,-0.34271263088682413,-0.26274410993958863,-0.08143963606058764,-0.1368896965791037,-0.031216577954749823
core_secure_pairs,0.4,0.6666666666666666,32,0.1449665059803369,-0.07288955534371147,0.29755292938091393,0.40941101312501355,0.17628045420043326,0.5179805705469338,-0.2586447636665633,-0.2812194356516266,-0.2184195956802778,-0.06314230266983947,-0.09404292077888206,-0.033163145398086166,0.10266886801068603,-0.17668803025035865,0.32400385246704044,0.4749332883614338,0.2381134707258371,0.8027027822986553,-0.3375494793300554,-0.3793678693289382,-0.29430039958950016,-0.0885552138499568,-0.17011732501555735,-0.04624880426424602
core_secure_pairs,0.4,0.7,32,0.152467370884452,-0.07656084114496073,0.3444048243192872,0.45890470028790165,0.17583673003658318,0.623489002410163,-0.27253208899752146,-0.30805689164360084,-0.24035102667961034,-0.062174937923573176,-0.11706138221269022,-0.03727866129513309,0.13066707269475364,-0.18443410347495912,0.37154588260038246,0.5275879532998579,0.25424354172928326,0.957302206488462,-0.3736618376663202,-0.42419551037932113,-0.3188703041334088,-0.0964088927798409,-0.21824842854002036,-0.0564095114741176
core_secure_pairs,0.4,0.7333333333333333,32,0.17740717950815382,-0.07636205072103697,0.39424396346096374,0.5077640710771147,0.2116744503117572,0.6837958008324908,-0.3098846109969087,-0.3336229856578825,-0.2611501541923452,-0.07727602909397066,-0.1335254908741037,-0.030859272963308162,0.1481685603695047,-0.1921925504293017,0.41884625654347285,0.6009441074657716,0.28823652997379723,0.9653615395344269,-0.4039985881864291,-0.4590516957937189,-0.35414414266157856,-0.13911749514864888,-0.280033681692844,-0.06715923454583969
core_secure_pairs,0.4,0.7666666666666666,32,0.2121228743083666,-0.07867958390827565,0.4473415006355666,0.5557915584254196,0.21814785392138825,0.7424635379577085,-0.3232242735615539,-0.3580160353965697,-0.2808788665209209,-0.08260740028126703,-0.14130214055364948,-0.03227155972189459,0.17666199496692958,-0.2117664295163485,0.47955042252092606,0.6759602902727928,0.33968689998918405,1.0375929831944626,-0.4301924483464254,-0.49262910833172935,-0.37557761142950274,-0.1535819975036245,-0.3341300631904638,-0.09468929255234915
core_secure_pairs,0.4,0.8,32,0.24016755793399883,-0.07811477522947294,0.39575465769336826,0.5702217515956178,0.14883339385161481,0.7545516434164121,-0.35392223777384524,-0.38130665982695505,-0.30010113851283704,-0.09281404271699203,-0.15029109962622644,-0.0376125819323227,0.20555353170331397,-0.2232009753920644,0.5385846360066401,0.7362504447740502,0.3620054516535879,1.1789562764007635,-0.45862105460207736,-0.525018335944383,-0.40866806850648185,-0.17793938610681054,-0.3672017972123314,-0.09826516807721816
core_secure_pairs,0.4,0.8333333333333334,32,0.26726902288223175,-0.07399483736708636,0.4463438479910745,0.6234664944449484,0.25297023516525263,0.7723914604238911,-0.375088589444482,-0.4036158413756145,-0.3183899710452825,-0.08781501360736638,-0.1475792154813898,-0.04923651870444903,0.23168506279055345,-0.22267396254646887,0.5906672185823278,0.8084529907072057,0.3773899546464491,1.3065070167644028,-0.48619141319292913,-0.5563006626451922,-0.43546492377010065,-0.1817725429629078,-0.4317784735857415,-0.10342945856985092
core_secure_pairs,0.4,0.8666666666666667,32,0.27510824227476516,-0.07345214936259101,0.4143848607215521,0.5739384327690755,0.2293008797771146,0.8086402508244792,-0.3864102447801182,-0.4250106020046462,-0.3369616204693914,-0.07867953046880194,-0.14358117937330442,-0.05100167277114989,0.26128175824869504,-0.22485177362155265,0.6563066945564486,0.9029891364521196,0.4120442245642796,1.3181581107127456,-0.5101692755664773,-0.5865493013158953,-0.45757064606919967,-0.2227689918633368,-0.5167473132125713,-0.10307065730462177
core_secure_pairs,0.4,0.9,32,0.28223101088312175,-0.07180007334438056,0.4521280444281754,0.6183038226283422,0.2647072507692385,0.84484172946406,-0.40391311940012165,-0.445552679160563,-0.3539703798354081,-0.08845011387453622,-0.22015355785607493,-0.05631462833771561,0.29132780738479713,-0.2428097049969799,0.7102597800421206,0.9891533815743603,0.4164315551192824,1.4854180775937507,-0.5362522935984461,-0.6099010068397729,-0.47356661856369775,-0.31416058493763155,-0.6322056883285188,-0.13041021985630694
core_secure_pairs,0.4,1.0,32,0.35712130491282423,-0.06055434140908087,0.5693116513952744,0.5344820350770424,0.21432709707173137,0.9504592282378793,-0.4663161240455972,-0.5026240086078606,-0.40272785221080204,-0.08665016164194067,-0.17203591741248142,-0.053249384170580366,0.3904398284043564,-0.24160827924228068,0.7546468464413271,1.047110568764181,0.5421640088327567,1.4934362712712372,-0.5990098804738448,-0.7149772914381274,-0.5418652436997493,-0.29166790014006827,-0.6719338267407349,-0.11468104527076275
core_secure_pairs,0.4666666666666667,0.0,32,-0.1696157126772655,-0.2950647226955229,0.12776998155384708,-0.684147194039511,-0.9456874746841011,-0.42483143588124994,0.6141586180152491,0.24210446863616955,0.8470804362960028,-0.14221129500603066,-0.2253971929184725,-0.068746693771701,0.08778860206135092,-0.10795739628909838,0.4404536838887658,-0.7717707222411021,-1.0623217397923326,-0.540278063589477,1.480006090886468,1.1127618597852336,2.1019422080303514,-0.5674399256527356,-1.0043052730518973,-0.22601234163439848
core_secure_pairs,0.4666666666666667,0.1,32,-0.20886735347447166,-0.3254759884571195,-0.052266069308487914,-0.5454320213928671,-0.7573597201999988,-0.34501741554063176,0.5014409643528946,0.33373491427023017,0.6662784504033095,-0.15813410000419048,-0.2939185545590911,-0.07587731524373494,0.018478610224186003,-0.22586542514690866,0.2955652332619474,-0.619841422560756,-0.857922031688567,-0.45110151412895105,1.0066037322461772,0.8271884694415003,1.2696760298123255,-0.3531388022307065,-0.4699403807353381,-0.15086027887077208
core_secure_pairs,0.4666666666666667,0.2,32,-0.16446238221797338,-0.27203031644378917,-0.04704372468355303,-0.40430086339459737,-0.5676657595668329,-0.2611556820790554,0.3757564105121536,0.2557077710219128,0.44007787545610394,-0.08692039423204456,-0.1605471361396132,-0.040851275154947415,-0.028675074426525633,-0.22469226362945352,0.0841059021855812,-0.4574483099051032,-0.6418985588213919,-0.3032677408939996,0.5745837340445634,0.45265728993229526,0.6868631779826299,-0.14317129861863698,-0.20418762259624001,-0.06316027149502446
core_secure_pairs,0.4666666666666667,0.3,32,-0.08654803878859149,-0.19079871690802486,-0.032239596422716926,-0.25613055399978896,-0.3485933938084039,-0.16418952839332004,0.21956149836098982,0.17762202647025546,0.24458579867315006,-0.03350827914387653,-0.0568729810149902,-0.018680932242746504,-0.04037363535529708,-0.16916793601145974,0.03773541176884677,-0.2931468810570916,-0.412899987533582,-0.1963365047955385,0.2907987994845366,0.23635870018280486,0.337626548396713,-0.04158361593954259,-0.07158708712311405,-0.02661753640158905
core_secure_pairs,0.4666666666666667,0.3333333333333333,32,-0.0714093249309764,-0.1425799785841977,-0.026747686770794348,-0.21021477044814754,-0.28865993860546746,-0.1326587466096269,0.16618697599274396,0.13584642005204195,0.18498113831265417,-0.021505041907930032,-0.031696752023089185,-0.012980096100639618,-0.0401357133814587,-0.13523584216873666,0.01924966599209694,-0.2297759897518341,-0.31417483789692846,-0.1637408956784016,0.22284872499346575,0.18180827619240972,0.2565288283659046,-0.026694395370594454,-0.048672121599739306,-0.01793088638712668
core_secure_pairs,0.4666666666666667,0.4,32,-0.04164425567954705,-0.0742626906143081,-0.014934691019292363,-0.1052082955233185,-0.14101179821454177,-0.07318161856782161,0.07554902051161624,0.062066398625950425,0.08711434328083156,-0.00553982226047456,-0.007864173843087446,-0.002248806184961694,-0.01988744164696465,-0.07272767053190614,0.009008642770222612,-0.11932293994106287,-0.1686223649519106,-0.08340713234767781,0.09902770613266158,0.07984136260536506,0.11943507843232504,-0.010090937844688834,-0.01703646744238442,-0.004866680023826429
core_secure_pairs,0.4666666666666667,0.4666666666666667,32,0.0,0.0,0.0,0.0,0.0,0.0,-2.3354881777910827e-05,-0.0001732123067294884,6.009315303336094e-05,-5.632850919645236e-05,-0.0002237485790393505,3.0650681630162185e-05,0.0,0.0,0.0,0.0,0.0,0.0,-5.585888546790617e-06,-0.00010346037972197575,4.134757825653355e-05,-4.157197593565065e-05,-0.00016513255323369054,2.26210389254883e-05
core_secure_pairs,0.4666666666666667,0.5,32,0.014117024240053996,-0.017441648601992838,0.034421270623418335,0.05265955609458684,0.025316264162233662,0.0707285230200887,-0.03625242225495716,-0.04322787427837465,-0.03065878638148875,-0.001542959849864297,-0.002959900012156672,-0.001059605314140794,0.009707641462312,-0.006336559413728104,0.03173276895944595,0.05590176235816384,0.016463981001402422,0.0811940395666619,-0.04616453036413354,-0.05555180275166902,-0.04058754216997813,-0.002871807114236926,-0.005292496655192151,-0.0012677246012120435
core_secure_pairs,0.4666666666666667,0.5333333333333333,32,0.030536460397101305,-0.03166086244750954,0.07270974521749482,0.10512809435725559,0.05110151581632953,0.14286454604050325,-0.06986736312306702,-0.08305196185799499,-0.061129979511673226,-0.005324505358437551,-0.009246486384683457,-0.0021418831822929696,0.019400064555622806,-0.02675605638219173,0.06954918578259482,0.11722505673995101,0.058808643392626446,0.16536230751642633,-0.0918782626629136,-0.10912988491392331,-0.07947034266124094,-0.007606025788373846,-0.011065387690498817,-0.005502277878358986
core_secure_pairs,0.4666666666666667,0.5666666666666667,32,0.05032026309650646,-0.04345468906650935,0.1116632953774793,0.15404892218962404,0.07301381281453462,0.21511950207428576,-0.10295532977285994,-0.12014970906336463,-0.08655601150942127,-0.01122345329709114,-0.015803731661905147,-0.005884904366508091,0.0364810065111304,-0.05308463519164309,0.11421325469493523,0.1748615737167586,0.08962625029009755,0.25795786485768235,-0.13194809282728895,-0.15462376361275976,-0.1044128393493548,-0.015566185915993022,-0.031121599302536957,-0.005505523672599679
core_secure_pairs,0.4666666666666667,0.6,32,0.07166315729690417,-0.042858699563617195,0.15181594428016087,0.20663995405303148,0.09575629325528281,0.29120115516898026,-0.1341732522042345,-0.1519100797595376,-0.11341134814080336,-0.019984355543972335,-0.029125164519258565,-0.010988855973725066,0.056381132474372306,-0.08065453169312288,0.16379313139048995,0.2385979882210893,0.10590920618833187,0.35052428810187114,-0.1745857704132836,-0.20429990649044324,-0.15307403384648177,-0.027261287457067924,-0.04535285272342032,-0.01626833014314738
core_secure_pairs,0.4666666666666667,0.6333333333333333,32,0.09384360128693936,-0.04945536383850194,0.19524211550770043,0.25812386752892713,0.11205118656684729,0.36985441167950917,-0.16270530307607178,-0.18446472794248459,-0.13788834639281333,-0.029024606375319964,-0.04103204345811935,-0.015500408509344633,0.07373179090783571,-0.10394784029843226,0.20499208359732607,0.3165746581077503,0.15091917477605937,0.4586710673425913,-0.21460361423605223,-0.2460142890556118,-0.1885703982829382,-0.04409057684497883,-0.07402021378418479,-0.02593359111700325
core_secure_pairs,0.4666666666666667,0.6666666666666666,32,0.1176466190778411,-0.051992710378747524,0.2407935213265635,0.32253014750116027,0.14382592844382242,0.44315292059319006,-0.18817434530421406,-0.21326511042199126,-0.161282218116986,-0.04031624605939417,-0.06220205170590465,-0.017532971241144314,0.10149629092066029,-0.12096555153125411,0.24958332100592914,0.38541682417042633,0.19030956466739068,0.5754526115187822,-0.24447161957902158,-0.28068122917814164,-0.2207047621103162,-0.059217163540218484,-0.09928115719033312,-0.03237129367767806
core_secure_pairs,0.4666666666666667,0.7,32,0.13621562224321035,-0.05721174134208426,0.2770574547444905,0.3685725896026757,0.16597395302823748,0.48732488471925867,-0.21597058215912898,-0.2406838892334846,-0.1841226271059358,-0.05251136863159666,-0.07800905198491234,-0.0258574961586495,0.1190910895468146,-0.1350997855639556,0.3053807350341245,0.44478399961531767,0.196006689724809,0.6986844039939091,-0.28376664613870484,-0.3195324517070349,-0.22897385178157864,-0.08342837425314795,-0.11629168832119699,-0.03446742592452492
core_secure_pairs,0.4666666666666667,0.7333333333333333,32,0.1617305311554633,-0.0667341926150618,0.32598721224141847,0.41176787780649615,0.14771303363512917,0.5686126739468824,-0.23889926224457672,-0.26896604383827927,-0.20530839011321875,-0.06175044456848692,-0.1177047314374485,-0.027694798389713733,0.1475136819371672,-0.1404999572804561,0.35229179112673836,0.5118652725642003,0.25530314702061313,0.8222004825379691,-0.3106765370017308,-0.35477636867750756,-0.2834421360367654,-0.10614001628396005,-0.1721134108597172,-0.05654062010456622
core_secure_pairs,0.4666666666666667,0.7666666666666666,32,0.195142757438803,-0.06215772647951719,0.35421945237200636,0.44267016337160153,0.18948066066759708,0.6550676568158269,-0.26302241384632397,-0.2933988337938019,-0.22538997832267355,-0.07435312041962643,-0.13375372776815656,-0.0305749277253772,0.1761531377343741,-0.1489908456395145,0.4118941763821584,0.6358509134537371,0.26500903255064345,0.8790337298551125,-0.3454817042557874,-0.40448196924428953,-0.3008380191359665,-0.14601069210200013,-0.22036504484651753,-0.05570698808330864
core_secure_pairs,0.4666666666666667,0.8,32,0.21644665982544384,-0.06928240203032492,0.42209844809110986,0.44036354423115276,0.2057008194673728,0.6959929041968136,-0.2853144453532167,-0.3147188540568129,-0.24462421219726826,-0.07874519272985929,-0.1147556375447058,-0.03566028482963748,0.20519407608376145,-0.16231121975935683,0.4648148811585542,0.7358744130081816,0.30695626634998374,0.917325119456252,-0.37108680850717846,-0.43650286823410944,-0.33916061811020287,-0.16974301903317882,-0.24551489208282962,-0.06914363829490336
core_secure_pairs,0.4666666666666667,0.8333333333333334,32,0.24509378615791796,-0.0722156052281947,0.3621501744081418,0.5322545821247515,0.14019906784707803,0.7748492398999526,-0.30631078217015434,-0.3392397798506752,-0.2630559721048998,-0.06977827722659469,-0.1581780443810744,-0.03902380448241328,0.23473863077757795,-0.17353408417719696,0.5196696553437317,0.7703888142686635,0.3547925344341806,1.037380863618059,-0.4094083700717172,-0.4673691853389562,-0.36545825137033566,-0.20097560057440958,-0.36440852328365325,-0.09284677680916334
core_secure_pairs,0.4666666666666667,0.8666666666666667,32,0.2409243127336531,-0.07681898153577549,0.38950651288754756,0.5120354958239717,0.20302387254648574,0.8085308387768988,-0.3247426329768707,-0.35926061339893217,-0.2809288979704059,-0.08538187992458848,-0.19485502028132515,-0.04768346012418603,0.2619382322352054,-0.17322574319641665,0.5903657182139209,0.845533697271657,0.36283506562751777,1.170316884930751,-0.43598799385538556,-0.4970343530876268,-0.3901891356766452,-0.2233039766598945,-0.4001053878398241,-0.11671321210971031
core_secure_pairs,0.4666666666666667,0.9,32,0.26723945259646364,-0.07979926599440593,0.42406125428750396,0.5612280780520953,0.25755122646077977,0.8056283094795321,-0.3494931241203698,-0.3787403036339283,-0.2979892545801898,-0.11100475237400104,-0.17503355710490834,-0.032943794774181995,0.29226072424427857,-0.173879171152529,0.6505938274777413,0.892607832708507,0.39078791231242405,1.2866232651739273,-0.45777259594017333,-0.524405497814916,-0.41213235564215,-0.2779500938027266,-0.376830435634865,-0.13089156515688025
core_secure_pairs,0.4666666666666667,1.0,32,0.3053321791454171,-0.07527595468884174,0.5601988279217526,0.4722801079185531,0.15644531257255356,0.8503012428801715,-0.4002520424128192,-0.4346641560792405,-0.34606611947486304,-0.06867697074044854,-0.1680507473136109,-0.03963977972930381,0.40627170952681735,-0.18234243201855052,0.8543813744364261,1.0562826502477258,0.4918430493715335,1.3440585080394953,-0.5371518226887615,-0.6150798792572696,-0.48011130920603395,-0.2724825846872498,-0.6021635971145085,-0.12691817135664832
core_secure_pairs,0.5,0.0,32,-0.2023501612546872,-0.3523291768875539,0.1215906029193807,-0.7482614311592213,-0.9936371323761491,-0.4608869256384051,0.6471089734777375,0.36227805291850884,0.9620853812385973,-0.11529724317576684,-0.24149375092642905,-0.0710286075275029,0.08831253464592208,-0.15167352617701377,0.48391259951668675,-0.839450088653016,-1.1378884357886907,-0.577698505507816,1.6266661825174091,1.0809989651523195,2.2128943864225574,-0.6653195483190091,-1.0232835940098992,-0.3946822970606899
core_secure_pairs,0.5,0.1,32,-0.21075871851512812,-0.37083973623741456,-0.0689617805546283,-0.6108708381892899,-0.8122593337111532,-0.38059515251317233,0.606551665871756,0.4028123780973444,0.7354575297867683,-0.1650306340108085,-0.29155413773086286,-0.09308456191451989,-0.01418348049645092,-0.2843835344835878,0.2080341860983232,-0.6864092768590493,-0.9323427648167573,-0.4705309213395958,1.0549675512436334,0.8895232378543521,1.3714064658730605,-0.39072569333187834,-0.5629578097397046,-0.19164956346607775
core_secure_pairs,0.5,0.2,32,-0.1990860208729231,-0.3132054635254703,-0.047913175617036535,-0.4644845245610755,-0.6183793085973686,-0.29882882786747994,0.3946335390592046,0.2714312586776161,0.4903501320879234,-0.12259769691251822,-0.20204773733730824,-0.0616212782510192,-0.04272358495756344,-0.2704854964750113,0.11458892266133758,-0.5268332109383522,-0.7186637926322632,-0.36517595237627726,0.6349936066098769,0.5141110697178707,0.8122360210186105,-0.17412446043752755,-0.2829518277338622,-0.10097110891251027
core_secure_pairs,0.5,0.3,32,-0.1317619629929989,-0.21809250787720535,-0.04392137560595098,-0.3084481624621377,-0.41934548914607805,-0.2008245476959404,0.2636168343031259,0.21596341205611413,0.29523606616057496,-0.04887122508364146,-0.08012803095096543,-0.02967437832442359,-0.060045721634000813,-0.21495341938244522,0.060505142660467415,-0.3471950461496309,-0.49467614400831966,-0.239644077374844,0.34288534823716244,0.2972035314118521,0.444297096931491,-0.062219884373125645,-0.0979640327472601,-0.03173687475356914
core_secure_pairs,0.5,0.3333333333333333,32,-0.09813203819819943,-0.18343145241194525,-0.04333441691432803,-0.2591536458476996,-0.3514803025204659,-0.16910087782927052,0.20729042356138572,0.1740544560338268,0.22722045631024132,-0.03301132804906563,-0.04861269009398441,-0.017932553515087934,-0.05056670172393763,-0.1802988651025054,0.03247181612562561,-0.29996990216449004,-0.4198463616328618,-0.20485873739988014,0.271721181729854,0.2305828723711525,0.3226679022244345,-0.04011335957431504,-0.061723464595369856,-0.019738242792008608
core_secure_pairs,0.5,0.4,32,-0.0685236075023101,-0.11702378685687549,-0.03015405265871477,-0.16179133823349684,-0.21018966613144432,-0.10280195391061028,0.1096939029172702,0.09550818772809114,0.12376407872018448,-0.012349217434769438,-0.019651531363034793,-0.008498429975885688,-0.03223066992958039,-0.11911051663028953,0.014897426270127842,-0.18027629932846426,-0.24449516915747382,-0.12833445984057168,0.1470198285756349,0.11870849374021503,0.17379399406186324,-0.018895417368191933,-0.036981764071418406,-0.006487602151682096
core_secure_pairs,0.5,0.4666666666666667,32,-0.022507182891903607,-0.038865485975485316,-0.004404115156285681,-0.05637044347863622,-0.0709856108558179,-0.03774917556259998,0.0341866659067412,0.029243260829311005,0.04024128880880585,-0.0012598132627898715,-0.002657727188381736,-0.0007695988289565623,-0.009861222467910758,-0.042690515646697874,-0.002753319226886922,-0.0613075266873289,-0.08402460073664648,-0.04214138464929177,0.0464400720625495,0.03162030236968312,0.05810997120042097,-0.003632750839667325,-0.010135216061013004,-0.0016908960704851877
core_secure_pairs,0.5,0.5,32,0.0,0.0,0.0,0.0,0.0,0.0,-0.0001366588573958466,-0.000450863705424423,-4.466913834544352e-06,-1.1992627691914724e-05,-5.489049886508313e-05,0.00011430410547545042,0.0,0.0,0.0,0.0,0.0,0.0,-0.0001008579636155027,-0.0003327497102184329,-3.251774265299105e-07,-1.924445378949396e-06,-4.256560652641985e-05,7.093657043477294e-05
core_secure_pairs,0.5,0.5333333333333333,32,0.0151068152389547,-0.01716498043970114,0.032456003345506544,0.05153342692328125,0.025998629513952036,0.06875745407692882,-0.03653761673740414,-0.041991946697725935,-0.029554901935768124,-0.0012729088219243928,-0.0022263342919866223,-0.00042480129424047475,0.0147213266436188,-0.008708469814268434,0.03478373831006062,0.06787370967544396,0.012087273646076983,0.08152512701969002,-0.04327170002908289,-0.05611302530940952,-0.03689930237652417,-0.0025470382587450394,-0.006308502454809465,-0.0016455858185002584
core_secure_pairs,0.5,0.5666666666666667,32,0.03566250881321088,-0.019105930728737404,0.06735338578304068,0.1071796855709696,0.05419016883602896,0.1423162266553459,-0.0679023008365841,-0.08064542727332559,-0.05930678737215936,-0.005073115692233579,-0.007363686388559932,-0.002585132279641261,0.037716212468270734,-0.01714918799048791,0.06983786716445547,0.13504478640676,0.050784760021788306,0.16899229880507563,-0.09032860372647732,-0.10299533265422461,-0.0744880237538173,-0.010031535924046181,-0.016434122609941124,-0.0027487332220138597
core_secure_pairs,0.5,0.6,32,0.056947803947055946,-0.03696868725847254,0.10353143530121696,0.15773012983599233,0.07614859468046496,0.21382980661592826,-0.10060370903048194,-0.11579715501025632,-0.08531384265048025,-0.011556602886870604,-0.019389611198553664,-0.009006613341227331,0.04640238396648279,-0.055611524099595605,0.10684671779217117,0.19534684070379843,0.08231630050030342,0.2645127247924858,-0.13282114615207308,-0.15440221647751795,-0.11432154622433047,-0.018421048122400766,-0.02712546930053073,-0.011286039350706831
core_secure_pairs,0.5,0.6333333333333333,32,0.07534246047979275,-0.03625983796356317,0.14156788134396092,0.21077565649610086,0.1007584187940922,0.2926055792791366,-0.1247482888940569,-0.15002555528838102,-0.11022706254694781,-0.019693141693557563,-0.03119412510792052,-0.00982882704533337,0.0739175195423715,-0.06591574652864544,0.14306233783064115,0.26147755667270633,0.11529166399431683,0.3456298946836916,-0.17042257260349863,-0.1995854634753267,-0.14976926301328405,-0.027915561935790312,-0.044567140809662176,-0.017834438411140862
core_secure_pairs,0.5,0.6666666666666666,32,0.0991142334216001,-0.03685253436204362,0.1817241132274281,0.26612057436198966,0.12398372680544001,0.36704105994662667,-0.15944756159436543,-0.1793388335398997,-0.13436410366131232,-0.028113398138556317,-0.051304495521228004,-0.015432953833045219,0.09151309196216129,-0.09600165947680575,0.19118784966329147,0.33330588320847476,0.1496683395966278,0.42945006004874164,-0.2103425355966071,-0.24064115481400236,-0.18595259297975447,-0.043124609571370674,-0.07253376691749787,-0.02175134161747578
core_secure_pairs,0.5,0.7,32,0.12382236837226024,-0.057392389146152835,0.22385090879273453,0.32704087667146997,0.15384200551913246,0.4249306651895397,-0.185815798582997,-0.20847406728469128,-0.15881297681374387,-0.040813360495656745,-0.07654135806436,-0.019222616123007737,0.11969978224457004,-0.11375715084157663,0.22849928505857459,0.4011630549865477,0.17802913051850583,0.5354554262845147,-0.2432391762161342,-0.28395103425150076,-0.21461954508190595,-0.05464049457789507,-0.0906169442798326,-0.02787364438605011
core_secure_pairs,0.5,0.7333333333333333,32,0.14993370177886595,-0.04306449341635281,0.2651269323909087,0.34456471237493125,0.160019184393914,0.523666987202188,-0.21349824239997162,-0.23599664801200362,-0.1793357523229538,-0.055467143932949894,-0.09341026522295864,-0.025636123436431117,0.1480921169552504,-0.11805785322879829,0.2789676522341641,0.483510205436481,0.19956181831438713,0.6505108632645971,-0.2837532633442972,-0.3137962685126782,-0.2405523294610109,-0.08951583659501353,-0.12354272912446596,-0.047170819243319534
core_secure_pairs,0.5,0.7666666666666666,32,0.17699365875278444,-0.04337837442942911,0.3110053220567553,0.42460496789145796,0.19001532860086826,0.5515147602140459,-0.23508140477404565,-0.26276409346956975,-0.20138676194442046,-0.0642495188551194,-0.1135946569890754,-0.03375742953897784,0.17687395292046823,-0.1189762956086054,0.3272930733139983,0.541171177540994,0.2576787089972531,0.7727580260816618,-0.31256437527225656,-0.36014293303541056,-0.27110140473915045,-0.1205108092772616,-0.16652476408123762,-0.052975267640512365
core_secure_pairs,0.5,0.8,32,0.20617870024834783,-0.04570736140694981,0.3594984684112812,0.4350352876349278,0.22208128886221312,0.6416980682274865,-0.26181364019507936,-0.28642835037517034,-0.221178891819784,-0.06622294321529681,-0.13090300522259155,-0.0284330831723358,0.20408342214185943,-0.1276343334256397,0.3714959808713467,0.6498030831731327,0.27734335856037295,0.8390718584337078,-0.3447952851192345,-0.3760345923495979,-0.305920496419553,-0.14514295805239114,-0.22419441722024264,-0.06409806091842604
core_secure_pairs,0.5,0.8333333333333334,32,0.23561529989469537,-0.0455851294895126,0.37878379674830936,0.44382746717261023,0.22129944094863027,0.7105973606675893,-0.2832592650138065,-0.3109287127548211,-0.2502152468920823,-0.07708281402956735,-0.13700705002720157,-0.033976644188316106,0.23359639425305428,-0.13587345307427745,0.4224631312567772,0.740009004411085,0.33192447342783016,0.9165363899479919,-0.37592368627693046,-0.4256384395291879,-0.3283956857302599,-0.16855471140087352,-0.29439351844104533,-0.08738132440389049
core_secure_pairs,0.5,0.8666666666666667,32,0.24829516006402522,-0.04358345921976069,0.359689734751532,0.5021236208077998,0.24832442403209043,0.7670176616246844,-0.3010080950108269,-0.3322510241691556,-0.26971765350898785,-0.08161019097160307,-0.1361483274870386,-0.04617533339932277,0.2636328468285667,-0.185065541444314,0.4796784180052244,0.8349578682978998,0.3466807638631795,1.0273339420148084,-0.3982515597889581,-0.4503164819593846,-0.36129919161195057,-0.22078942206435648,-0.33420885371779685,-0.09669334500413262
core_secure_pairs,0.5,0.9,32,0.2580852111093857,-0.042566082401607475,0.4153656821236471,0.5301569940385227,0.27406624072587316,0.8179557877169701,-0.3240016093399569,-0.3535217569766821,-0.2884990871561508,-0.10102389080231752,-0.13974301678520668,-0.04591469068803543,0.3035763251301868,-0.18625504002170212,0.5455843452383258,0.8636166304966837,0.3700579371806613,1.1804130428067532,-0.43129362292187945,-0.48247934414334537,-0.3803545388364852,-0.23925949562311916,-0.39445734297806606,-0.11067098295350249
core_secure_pairs,0.5,1.0,32,0.2967965200716075,-0.028485811360333065,0.5086796468123864,0.43956964255839165,0.16791651827227969,0.8065892069630354,-0.3803675712003981,-0.4117987033779468,-0.34160751145959944,-0.06334667214700185,-0.1480569169398776,-0.03285717963606301,0.43243125691678497,-0.18871879335252578,0.7297392038896622,0.9701486444727309,0.4507069883708313,1.4154233409907095,-0.5136100577806878,-0.5618547885513921,-0.4536238141059907,-0.26479415721310107,-0.47249272650854585,-0.1753811706289943
core_secure_pairs,0.5333333333333333,0.0,32,-0.2647455350967346,-0.406675450206815,0.11517942250933876,-0.8132487960476489,-1.0620204593596771,-0.4956474996202146,0.6291491762048858,0.38203853340858707,0.955390394522655,-0.18007927833107645,-0.2537408387732135,-0.08352894040355356,0.08474160764237773,-0.20898111813608028,0.4665258275435694,-0.9053125902081196,-1.2164188271195497,-0.6068494095750263,1.7616716989084698,1.1274848314730845,2.2700842837920217,-0.6930414226193418,-1.1580480448204455,-0.23684769805995004
core_secure_pairs,0.5333333333333333,0.1,32,-0.20757062441641483,-0.3959764615791198,-0.03295351674246837,-0.6722967285173859,-0.8817983295596024,-0.41486054082338714,0.6235213712998303,0.43789211472312484,0.7274804018290216,-0.15156255577166663,-0.2386539260949292,-0.0709278262814247,-0.029643960347150944,-0.333080005395558,0.1467417484016801,-0.7479881243919125,-1.0091629570190097,-0.4967623133348982,1.1814804653936144,0.839507612833545,1.6061511134586608,-0.4518604817752933,-0.6504465036609136,-0.15824080428683585
core_secure_pairs,0.5333333333333333,0.2,32,-0.2159317603752611,-0.3540902130353009,-0.059480873598590264,-0.526927086659019,-0.6890538011562324,-0.3388535396419515,0.43286516577007783,0.3378681816184072,0.5330105839432413,-0.14276252080581986,-0.2659276350662656,-0.06787865547736133,-0.06653991177784582,-0.3137257906691681,0.10990757663158618,-0.5894699462082937,-0.7966363626829747,-0.39220270137829316,0.7005653287210817,0.5683006947627912,0.8867772324715845,-0.23669449206960474,-0.40539912967525427,-0.09073979083823489
core_secure_pairs,0.5333333333333333,0.3,32,-0.180553919490947,-0.2704057574165555,-0.0755638749557439,-0.3729395959780153,-0.4912811101067989,-0.24012893216012837,0.2901017209801332,0.24316392417513832,0.33233525113891915,-0.061532573727564224,-0.12521800213095438,-0.03433096212903589,-0.0769196341246292,-0.2600410431820966,0.06248632503621851,-0.4248093082974953,-0.5763416249535709,-0.28375284027869196,0.4019016905686533,0.35123448954041014,0.5119339852504543,-0.08483056856342738,-0.13895140551492519,-0.05166424353779111
core_secure_pairs,0.5333333333333333,0.3333333333333333,32,-0.14905033491369316,-0.22867998467423825,-0.06436037384613816,-0.3246128117036891,-0.4235584729257284,-0.21079472922763604,0.23797812660082934,0.21014979366191702,0.2748191113591848,-0.046242633022199595,-0.079123096113218,-0.02514077739284654,-0.07663391197332886,-0.22799914503402874,0.017769876310690845,-0.3678950249647746,-0.4970260523917217,-0.2286712920342323,0.33136674585601383,0.27475816701897726,0.3994413124421176,-0.06608358173447403,-0.10777297615192798,-0.04112318267386976
core_secure_pairs,0.5333333333333333,0.4,32,-0.08812797420770474,-0.15757034051096636,-0.02919461760775536,-0.2151006263247928,-0.27910647674630923,-0.13997366021820445,0.15059566613025127,0.12635303385907604,0.16925889189746307,-0.02029310072050758,-0.03193646003412411,-0.011512774242512805,-0.058584839672050235,-0.1643773195011874,-0.003901585894140072,-0.2526588232604133,-0.33756622312338486,-0.16578603029953143,0.19921613425287865,0.16546482225044767,0.24404540568757402,-0.025614959302279097,-0.05037952354251129,-0.015804080240345957
core_secure_pairs,0.5333333333333333,0.4666666666666667,32,-0.043073455408292716,-0.07958181394654919,-0.01704156225328313,-0.11205823812789625,-0.1427093454711958,-0.07204071079756591,0.06808167799829473,0.05549532111633741,0.07855010054839803,-0.00567077911192989,-0.00891860535538858,-0.0018228199515755734,-0.020225994792807813,-0.08552884946843,-0.007498058370838471,-0.13177287924493536,-0.17327380750652088,-0.08514236417329299,0.09178996570030994,0.07741625278415286,0.10661349884765448,-0.009917247823399943,-0.015408832107896852,-0.005825149062974884
core_secure_pairs,0.5333333333333333,0.5,32,-0.022951692128950412,-0.04035635175084562,-0.007212694632044386,-0.057145735365744396,-0.07145927008098425,-0.03971511839195552,0.03314136768128132,0.02741334500805553,0.039078501187242494,-0.0015443717663425754,-0.002653002275973218,-0.000986439202082516,-0.009665838719271805,-0.045488330227964516,-0.0038618652682426043,-0.06805866544700435,-0.08923189350966959,-0.0416477601250443,0.03960824490950217,0.0305817536108451,0.04988838313076928,-0.0029375316829172715,-0.004537405638481261,-0.001484742281555762
core_secure_pairs,0.5333333333333333,0.5333333333333333,32,0.0,0.0,0.0,0.0,0.0,0.0,-4.740602447601827e-05,-0.00012654955112680755,5.098132166947433e-05,-1.7500799137842866e-05,-0.00018372720138097034,3.764301452993668e-05,0.0,0.0,0.0,0.0,0.0,0.0,-3.0071381907276207e-05,-8.307295549031537e-05,3.7625605716257865e-05,-1.288058361612054e-05,-0.0001355956850888837,5.03125466875774e-05
core_secure_pairs,0.5333333333333333,0.5666666666666667,32,0.017306632912347394,-0.011380751071870008,0.03475344092883967,0.05427412213550278,0.025562653821230248,0.06900914371116174,-0.03436345918473169,-0.041410708676647576,-0.029652607897718175,-0.0014242214637391198,-0.002340710593566761,-0.00045843008561275225,0.009482514697982267,-4.663782842587454e-05,0.03499968522120518,0.05728165359886371,0.025162799762171565,0.07964725033607692,-0.04637610072834619,-0.05234120725278284,-0.03724316503571662,-0.0027275795238007536,-0.003836842658397672,-0.001112392886189635
core_secure_pairs,0.5333333333333333,0.6,32,0.038650908686003044,-0.02969959989802804,0.07121578384162047,0.10238401388164825,0.05379751225097501,0.14275609944956175,-0.06808467910853813,-0.07911242407165016,-0.05992972798744077,-0.004487112360944568,-0.007819752677633351,-0.0023887702163802047,0.036830755480808594,-0.02383616714569524,0.07025159694601144,0.12348256349523938,0.03115786867234295,0.16505643670660702,-0.08904680095547723,-0.09811383217957578,-0.07341710910109783,-0.00922465764321026,-0.015465017272591367,-0.003941202429723782
core_secure_pairs,0.5333333333333333,0.6333333333333333,32,0.06137707896641524,-0.029703033792749838,0.10923081914381953,0.15412865415186416,0.07026291281454372,0.21984033254464488,-0.10054485908829178,-0.11373113092683527,-0.08925300423616897,-0.0092616716343424,-0.021070718643231272,-0.0043854581400368685,0.050509268951533653,-0.040943609996306266,0.11426077950284817,0.18902084407160302,0.09636826730028548,0.2449389141850103,-0.12896722198046895,-0.1558193155721585,-0.1100708263337205,-0.020456374009960036,-0.033728555640539164,-0.010509087102147265
core_secure_pairs,0.5333333333333333,0.6666666666666666,32,0.0845095420965102,-0.029494415762400288,0.14918561367018934,0.20223593798155862,0.09371063871381213,0.2926463037244634,-0.12668647007654238,-0.1451959334593818,-0.10969081441431276,-0.021388648748075424,-0.03243540507422732,-0.006588948952721671,0.08253254746902496,-0.060029340075573895,0.15437414039486477,0.25833813325290916,0.11368745462584154,0.347610237588203,-0.17230349760380467,-0.2021918548356199,-0.14579384559526004,-0.026825237704396446,-0.049287267538104855,-0.016873392888674968
core_secure_pairs,0.5333333333333333,0.7,32,0.109627118814812,-0.03872483433585578,0.19170865795807648,0.2670638786126759,0.12081621150442207,0.3710488260777235,-0.15657103376613876,-0.176909093999028,-0.13434431004600492,-0.027330607457895575,-0.05154887526486147,-0.013235665101284506,0.11068853412846104,-0.057709564113592,0.20042944272787108,0.33222348705344223,0.1488326903287152,0.4362380609054748,-0.21125609497909614,-0.23997592085847336,-0.17919009374937378,-0.048167921995801916,-0.06282693598204785,-0.02074179131372818
core_secure_pairs,0.5333333333333333,0.7333333333333333,32,0.13489201946234844,-0.049762987053708393,0.23595185860051826,0.31334589577407423,0.15755713118175613,0.44699793004729355,-0.18179365036868547,-0.20556327341426012,-0.1575095447176243,-0.039763401448475594,-0.08273306346848597,-0.021010766362150834,0.13585709267676743,-0.07892045043383236,0.2424690638835777,0.41451476961498496,0.17371792834644006,0.5567499373115232,-0.2485880527804411,-0.2776528932316581,-0.21257554848978022,-0.05817085765491484,-0.12037324429412913,-0.028950013812812453
core_secure_pairs,0.5333333333333333,0.7666666666666666,32,0.16123959079423855,-0.049435679827593976,0.27933453590740487,0.35882928293513217,0.14378979408959727,0.5290592359791896,-0.20515947622977798,-0.23253554210643115,-0.1797341783827659,-0.04342010351902064,-0.12329530784134672,-0.025533304473789677,0.15626508406201695,-0.1160274858288703,0.2910685250556092,0.4774306676152069,0.20539981647360828,0.673802752904674,-0.27964888093061885,-0.3203731708567392,-0.2352106605516037,-0.08215195838249521,-0.14990884949663738,-0.035286910872269914
core_secure_pairs,0.5333333333333333,0.8,32,0.18929224314500015,-0.056101929317096205,0.32778717264900237,0.3996007144349468,0.14771437098412,0.569428670772608,-0.23026403729250633,-0.25902753365809505,-0.2010107107630298,-0.04727053814979145,-0.11598171055609557,-0.030379593007449437,0.1858611956941429,-0.14454610962462128,0.3450399179999004,0.5455449383990367,0.21855536908206238,0.7950714005276203,-0.3098140580016069,-0.3495345262197536,-0.26658190314323266,-0.11948958418186273,-0.2263423865452599,-0.05726073661319532
core_secure_pairs,0.5333333333333333,0.8333333333333334,32,0.22569065638041033,-0.0551986180571784,0.3790911677872608,0.4152619458243949,0.1967892877357921,0.6527592787618,-0.2518876405825821,-0.28400336723249286,-0.22141743352631754,-0.06252434764475605,-0.13818013874807233,-0.037570555829550656,0.21738757258977193,-0.17439491751169794,0.3967415410253943,0.6901996213553285,0.27858246296931644,0.9203481426394816,-0.3422605625437768,-0.384415456421742,-0.28784624684667637,-0.14556305511545928,-0.22071042313325298,-0.07280148635613067
core_secure_pairs,0.5333333333333333,0.8666666666666667,32,0.25680477866401097,-0.026291722465737227,0.4313337723262532,0.45119917588995306,0.2027150375433917,0.7473473605180232,-0.2766454031571137,-0.3070863954118804,-0.24104134144318373,-0.06939556159322983,-0.13897270600246447,-0.03740969947225395,0.2478138339542631,-0.1756743150691377,0.44996382647529853,0.6892553429975239,0.28676097861180383,0.9459858737430502,-0.37139917996052296,-0.41490637054949,-0.32541516889682487,-0.1749305900764301,-0.28923487390800634,-0.09386855636922317
core_secure_pairs,0.5333333333333333,0.9,32,0.26202601744521503,-0.02532352937433676,0.3948552196147397,0.4610904209315067,0.2496690935637824,0.807898301085122,-0.29544612703078027,-0.32909007109898364,-0.259937875719085,-0.08704649030945996,-0.1455822640068749,-0.043891434923561,0.2801946599724098,-0.17305719384210047,0.5100437333111635,0.815583373740158,0.3647611590304274,1.064529116139619,-0.40304116645699684,-0.44913347665336323,-0.33762142484110225,-0.20632139887414247,-0.39041365975142633,-0.11100236098650275
core_secure_pairs,0.5333333333333333,1.0,32,0.3644924090172072,-0.017617239673353782,0.48277429171998965,0.4043122227638226,0.13923759782564504,0.7458517134988117,-0.3525820613197618,-0.3903256211780806,-0.3149714273875682,-0.06580494685900795,-0.14552156661384635,-0.0371177528636466,0.4011551908632214,-0.19127639247514694,0.708254846422997,0.8816904550243586,0.43742678944285396,1.385916417430705,-0.4738719350050112,-0.5425796558490914,-0.4109918267967978,-0.26285600677851895,-0.40158061969358194,-0.1504078681560011
core_secure_pairs,0.5666666666666667,0.0,32,-0.2918262743044906,-0.4624111774458349,0.10728377655015414,-0.85972834069619,-1.1314608078744612,-0.5374474601940437,0.6748840213423976,0.3980378298406758,0.9345645711887614,-0.20772657496572622,-0.331430691059609,-0.02464371801584611,0.04006568406272437,-0.25368763033460245,0.5065390602183317,-0.9805409594434856,-1.3016431013108194,-0.6429474728521712,1.7424468522956076,1.2116643571996315,2.4212602061496833,-0.8706913127209293,-1.201010414493449,-0.23730778950984652
core_secure_pairs,0.5666666666666667,0.1,32,-0.2934133261877041,-0.4392826706715438,-0.04112322411748205,-0.7146951704647522,-0.9534286595430339,-0.4482039500098044,0.663511715293597,0.4712801745979387,0.7931876485276781,-0.20210705904825033,-0.3163477634722281,-0.09758183982366103,-0.04617087193376133,-0.3816820599383571,0.14766514207375442,-0.8268105368004062,-1.0921422726897767,-0.5619188211049334,1.2025365768609473,0.8649921032329995,1.6541474262444846,-0.47037729426148556,-0.7308959954946662,-0.13150624479687054
core_secure_pairs,0.5666666666666667,0.2,32,-0.2098559977064483,-0.39124348745890974,-0.0715878328916537,-0.5714481688698152,-0.7620254501657187,-0.3730669800449612,0.4701079138183058,0.3445329929320948,0.5206636447971495,-0.12696309572646164,-0.26152257695948744,-0.07330880437706418,-0.08465999280093234,-0.36448527770127714,0.0636003676204372,-0.6650865818515669,-0.8798377418465216,-0.43286383695589165,0.7941581350936481,0.6126822185978533,1.084212916763491,-0.31696473062598307,-0.5221678489849002,-0.13934770353121867
core_secure_pairs,0.5666666666666667,0.3,32,-0.24397568669226122,-0.31271564594228,-0.09524712344746261,-0.42325195483232936,-0.5636516912292513,-0.2771003239183889,0.32584499254088006,0.2747194672940393,0.37679541553821533,-0.09246254542186766,-0.17230630149798865,-0.05733537557981944,-0.1094044107712489,-0.3079216008022188,0.0635360872288516,-0.5029541762925411,-0.664097115538608,-0.3278447916425542,0.4594411854453351,0.3900626103554287,0.6014420524716655,-0.1251117631704169,-0.22636014790493392,-0.0759674448175019
core_secure_pairs,0.5666666666666667,0.3333333333333333,32,-0.15778638433370903,-0.2738582251699969,-0.08324730692139252,-0.3733458446156087,-0.49145390025733354,-0.24185010468859305,0.2864722138632566,0.2461002558082638,0.3428611294115772,-0.07145074437853811,-0.12606344218875298,-0.038950660007911704,-0.10920970206973846,-0.2725523561088413,0.02063710419914373,-0.44225190195704367,-0.5836021581437338,-0.28470883187049034,0.38764115666702015,0.32305463819455627,0.47770930549182894,-0.09381842378721864,-0.14612832608240386,-0.05036924879357147
core_secure_pairs,0.5666666666666667,0.4,32,-0.11826101691581795,-0.2020982777244722,-0.06635561507306134,-0.270918223787606,-0.349475903129859,-0.178614585459775,0.1818586428182117,0.15377459354864464,0.21108809901117734,-0.03676258198032839,-0.06010482081264684,-0.022188730116232458,-0.08394743764922366,-0.21322774058159355,0.018445405130476225,-0.32914143472599455,-0.4268004155370253,-0.20633482393289554,0.23593794812588692,0.2059195512742293,0.30322026602094837,-0.03998018648369657,-0.06892000640455329,-0.02046107996764701
core_secure_pairs,0.5666666666666667,0.4666666666666667,32,-0.0743648012956786,-0.1262413309993317,-0.03726006505977314,-0.16390472006690965,-0.21481005479312865,-0.11793823271118227,0.10539263163686047,0.08901335343254613,0.1191161926456907,-0.01327990327019335,-0.020166896282494857,-0.006065081742721494,-0.057258247236533,-0.13367565789428582,0.008716734442774855,-0.20315961241957953,-0.2603389046462962,-0.1336822465643783,0.13984239595878206,0.11741158186951153,0.16550215870904236,-0.019376657306033652,-0.03463032749694884,-0.00948083535582775
core_secure_pairs,0.5666666666666667,0.5,32,-0.04509226491976144,-0.08285432925264691,-0.017919479115966266,-0.11034034066902515,-0.1444850235349599,-0.08222173412859679,0.0682197138960817,0.05700594134633034,0.08178352616889045,-0.006338823460396511,-0.010758395357358513,-0.004196781674229374,-0.04091869493374746,-0.0946445421051351,-0.0066590488915276936,-0.139173426649116,-0.1782473217009236,-0.09381218121819311,0.08408746712001429,0.07251773708870599,0.10240038563132407,-0.008360503194274047,-0.0169069169086603,-0.004126045083619382
core_secure_pairs,0.5666666666666667,0.5333333333333333,32,-0.024773516932414148,-0.042045377342252895,-0.0075115988321819765,-0.056516435717206034,-0.07315920566988714,-0.04028912941400302,0.03279072913130003,0.027853200754340657,0.04031015660614683,-0.0016611039456497917,-0.0024354528866795296,-0.0009288586424065987,-0.02594576643543537,-0.04852044711229883,-0.004107070694523646,-0.07166998459843918,-0.09166606142040007,-0.046904492684409535,0.03904290642131541,0.031948999689783215,0.04948966455463538,-0.0024091946670903074,-0.0037271702589293117,-0.0016597397792651213
core_secure_pairs,0.5666666666666667,0.5666666666666667,32,0.0,0.0,0.0,0.0,0.0,0.0,-4.632808422123244e-05,-0.00014872591422388642,6.323417402086078e-05,-5.103034723911297e-05,-0.0001471739376128975,2.073195708240937e-05,0.0,0.0,0.0,0.0,0.0,0.0,-2.183225494303827e-05,-0.00010976378063829935,3.039589869609226e-05,-3.463353817972908e-05,-0.00010861837957499426,2.126942713578937e-05
core_secure_pairs,0.5666666666666667,0.6,32,0.019879345561630405,-0.008403050690325113,0.03663026558067267,0.05306656391256111,0.028864822644458457,0.07092480480180774,-0.03300430659593222,-0.03838662002061171,-0.027891485156686976,-0.0017020540271249357,-0.003515755227450697,-0.0004674459344038115,0.009736133721854737,0.0011784988489169585,0.0393926889216541,0.06513840839593249,0.0045524971025704235,0.08226658317911932,-0.04312895976969343,-0.051044823128021444,-0.037841517403149165,-0.0027464865875688423,-0.0036183148103204436,-0.0006961475882663758
core_secure_pairs,0.5666666666666667,0.6333333333333333,32,0.04402478384128519,-0.019032030918184374,0.07510974031647143,0.1037308456186128,0.0523570478629664,0.1429260281927928,-0.06511361423080161,-0.07379406317829518,-0.05565703937830895,-0.0055640484680203476,-0.009041444060373587,-0.003671225344071736,0.0374726378506124,-0.025820985392793323,0.07161259260566748,0.12686189452709196,0.05184326287931021,0.1694674848564412,-0.08688997257290687,-0.10002043797511559,-0.07475472136760775,-0.01054722936573951,-0.01641144113360552,-0.005949688539834723
core_secure_pairs,0.5666666666666667,0.6666666666666666,32,0.06662041697656072,-0.013280874079625507,0.114623022217973,0.15964822336269913,0.07747340413010242,0.21869819816337088,-0.09498642858052725,-0.10756600157872725,-0.07982873180391438,-0.009908276991503737,-0.02373633465731098,-0.00538062081216914,0.05525162252198092,-0.04626227504723658,0.12031836714758887,0.1896285058117561,0.08111979913143835,0.25222684782643423,-0.13269614293989032,-0.14287443925204876,-0.10941836183857336,-0.019281720242273984,-0.029381099611385093,-0.009076689115894447
core_secure_pairs,0.5666666666666667,0.7,32,0.09323473170017389,-0.019276206892764366,0.1574203020192617,0.20260575087474167,0.10291241898340253,0.29760507761760996,-0.12578936406260272,-0.1409915207652893,-0.10420087501504219,-0.021467132366514194,-0.03645501995060871,-0.012470736326987364,0.08854557232426263,-0.07118753784971296,0.15817087267334073,0.2675038003048646,0.1111593855181327,0.34932332318752124,-0.16617021613935673,-0.18868477091986033,-0.14422092754257748,-0.03484021686736791,-0.050756966325327245,-0.017215176323550792
core_secure_pairs,0.5666666666666667,0.7333333333333333,32,0.1190354374257038,-0.030366518361236834,0.20126694312903365,0.2550697786004289,0.13506530220145072,0.38077633470678185,-0.14969425461803243,-0.17026019201361664,-0.129198312596374,-0.03205525477481612,-0.05956338235825067,-0.015799829381583766,0.10701567633312134,-0.0670539575681119,0.2056238250547683,0.3381648999290042,0.17708579027544458,0.43724176683275034,-0.2052504439466781,-0.23007692359028714,-0.1757088421769152,-0.048181980746489286,-0.07557242403624,-0.0257193974076323
core_secure_pairs,0.5666666666666667,0.7666666666666666,32,0.14521901727827213,-0.03893147741352804,0.24791013325525565,0.30679606658256414,0.1539028282306545,0.4622256974063495,-0.1777759734756721,-0.19779132246637351,-0.15130585998426097,-0.041263998934148755,-0.0742049766393102,-0.02087931146241896,0.13565066490140448,-0.08781768227447884,0.25856123961351885,0.3929929544635691,0.1775825856336033,0.550326621420145,-0.23817307235398655,-0.2675927988293547,-0.2066495597433575,-0.059046616408597555,-0.10615158183584003,-0.030285665153150912
core_secure_pairs,0.5666666666666667,0.8,32,0.1700518918570233,-0.03147238153814755,0.2943192297682237,0.35201598564741493,0.1858034544969583,0.5186758622479664,-0.20014280100857496,-0.2237321295680578,-0.1735816642024523,-0.04504006231456224,-0.10454265551700434,-0.028938421132915115,0.16954335821751038,-0.10790515859768031,0.3091050937457924,0.4493349923277212,0.2198533534456027,0.6780594849955182,-0.27645574280750074,-0.30886100415183254,-0.23395925007038498,-0.07503746689405852,-0.14604592784659073,-0.03466361097780015
core_secure_pairs,0.5666666666666667,0.8333333333333334,32,0.19828419998387734,-0.02846166214100062,0.34576699703622665,0.3786808669995958,0.17488331743757957,0.6004192482529297,-0.22508604162770524,-0.24825867172058555,-0.19398740862643793,-0.05323480086887385,-0.12996430797878988,-0.03436624099376322,0.20239021818675762,-0.11874726191780113,0.36543056975473864,0.5944586901595956,0.21521288388827522,0.7725465993881768,-0.30104304530016524,-0.343238429874564,-0.2644218767510495,-0.10284018607055664,-0.19413807724442061,-0.04747361819574923
core_secure_pairs,0.5666666666666667,0.8666666666666667,32,0.23810423778443213,-0.019725119217481667,0.39815136505869386,0.4270067463377516,0.20995924676580513,0.7079191021142257,-0.2492883888803905,-0.27147226887468123,-0.21453741629505232,-0.08234923606156135,-0.2002605231927591,-0.04494154923373121,0.22963526682707724,-0.1275860177105442,0.4194626049592207,0.6507931437804335,0.28303135883345354,0.9242803195159095,-0.3356947971536332,-0.37195470113937823,-0.2868269696736574,-0.1372998452090895,-0.23405852193491425,-0.0766081726909973
core_secure_pairs,0.5666666666666667,0.9,32,0.26267715203271064,-0.019260166487896115,0.36663987705797685,0.4223921996162062,0.22570697580499438,0.7619114742210513,-0.27087876654614107,-0.2939402500678897,-0.23313139667401664,-0.09514982323496347,-0.19707724872418417,-0.05027116007714667,0.2621310254867014,-0.12400169819760833,0.4755271507224957,0.703756469511267,0.2867975814969875,1.0179538582263115,-0.3660215000608864,-0.395515737072075,-0.3077324335832549,-0.17639427431646415,-0.32400135231563326,-0.07486385017248037
core_secure_pairs,0.5666666666666667,1.0,32,0.34880942862483844,-0.008876925915827626,0.49764961205636316,0.455767368493347,0.26165210958581353,0.6958282869834436,-0.3307465612905762,-0.3653119524545394,-0.28605183338954027,-0.06957624257420475,-0.17983313047023464,-0.01264520393922145,0.3528444105141061,-0.17700720911819928,0.6758641505137057,0.7580842953410465,0.40447814923119374,1.3195385144835732,-0.45086048170385395,-0.503552945879089,-0.3821255334429125,-0.26203842169535274,-0.44188510635769407,-0.08835264697458156
core_secure_pairs,0.6,0.0,32,-0.3477612113995152,-0.5035815719931007,0.10131262581302991,-0.9193873751493348,-1.2011252931848624,-0.5802644963710902,0.6392317710384025,0.5363630862830937,0.9244832269805172,-0.14456099797136113,-0.2774228698072195,-0.0897762947819376,-0.006596114340979481,-0.29877114342664046,0.5111671479637862,-1.0832770481141794,-1.383766953385803,-0.7199396365701272,1.5361351863748791,1.1726805572690746,2.4059300239709267,-0.8874165342894753,-1.4807611755263936,-0.23437593324900913
core_secure_pairs,0.6,0.1,32,-0.35528837446266875,-0.48368211461551036,-0.0509326007659298,-0.7956549104431463,-1.0248503775256674,-0.4829705187455484,0.6339191295846549,0.43674598194541864,0.7667719101629209,-0.12577779455467475,-0.2737268781436623,-0.06342797861876338,-0.06455809625339615,-0.43864945524449755,0.11917023959580156,-0.9443797701056462,-1.1688033387882473,-0.6087800248374604,1.2887825896064518,0.8772005207793282,1.7862837013022985,-0.505604354419499,-0.7745811748235838,-0.2280900501085215
core_secure_pairs,0.6,0.2,32,-0.21394398844290713,-0.4239277698156312,-0.05971166269999368,-0.6472836123976434,-0.8386745469631919,-0.39840328372398004,0.48122389931129433,0.3469123755368455,0.5734880918482005,-0.1296391827552218,-0.24759167724026862,-0.06595343339813324,-0.12813624487030464,-0.41208713159806076,0.07501568627994017,-0.7744196795268425,-0.9610518653823219,-0.5106796255406418,0.8305977405683076,0.6498143180796863,1.194340463688979,-0.312167601950003,-0.557064772680925,-0.0961792572659526
core_secure_pairs,0.6,0.3,32,-0.2421695247734066,-0.35550586452779254,-0.09076229861619965,-0.4829833979121867,-0.6395868956729898,-0.309282449539703,0.35645444543879723,0.30308156626154725,0.4141816200258326,-0.10134096279972908,-0.21258921265097158,-0.06874657028896008,-0.144707079632237,-0.34961626638072996,0.016724488505894097,-0.6156883831989671,-0.7388537783683895,-0.39432491889966786,0.5388550524061276,0.43762546534348923,0.6857856762296493,-0.16876081596059458,-0.3172018859177404,-0.08043860593598957
core_secure_pairs,0.6,0.3333333333333333,32,-0.21417189226818445,-0.3244191050087124,-0.09330730135290821,-0.4335987884600756,-0.5718267638014854,-0.2754156600326772,0.3084472990427678,0.2738252216478283,0.37080947471693454,-0.09996512341142685,-0.1828504355670536,-0.06318275527431508,-0.13575815198902907,-0.31695389777135674,0.01681828625416603,-0.5546826781832337,-0.6646251952550357,-0.344049099890825,0.4367106847459889,0.364976955723161,0.5735886500277899,-0.13474585640269554,-0.23059920338086065,-0.07240962704672561
core_secure_pairs,0.6,0.4,32,-0.14598909814702432,-0.2511088042525061,-0.0530418922152774,-0.33195674345659554,-0.4345666247092557,-0.21097549202077487,0.2205864593294007,0.19194635654446374,0.2465344898582327,-0.05349176450126551,-0.08756650182241338,-0.028704042895391815,-0.10700873130934306,-0.24766917294210927,-0.0018620147533332174,-0.4271798023627226,-0.5066842589031186,-0.2556382717292267,0.29832302204254174,0.24504769543448626,0.3644274859504507,-0.07244114203647395,-0.11623828041785124,-0.03592390853607566
core_secure_pairs,0.6,0.4666666666666667,32,-0.10329056168667429,-0.16798421574730102,-0.04783621571033158,-0.2196097334000483,-0.2923662447880868,-0.14845047959030067,0.13135376928539325,0.11457460182774275,0.15593565234507079,-0.019209664573118086,-0.03553848698800917,-0.010631509025654212,-0.08779823471465345,-0.17417963007578227,-0.007639193468309102,-0.2761178891459679,-0.33759712652014945,-0.17713344804848102,0.17339629689180996,0.153864939278162,0.2223195605712293,-0.030623520285046432,-0.05443422347949674,-0.014614516089026702
core_secure_pairs,0.6,0.5,32,-0.08133538403215619,-0.12894299629483075,-0.028065722486024482,-0.16525494823317244,-0.2185842262450143,-0.11873703209487649,0.09843400930289248,0.08387943839277556,0.11615009168048805,-0.014370165399984203,-0.02499292321072652,-0.006790998452881172,-0.05857548662274786,-0.13318672100111667,-0.0053126810082125215,-0.20429716149206517,-0.2617166195957754,-0.13138707814404005,0.12881198144705558,0.11083947447471476,0.15316140463676464,-0.01627553043793646,-0.03531003058979254,-0.01012286331894702
core_secure_pairs,0.6,0.5333333333333333,32,-0.051236520967675975,-0.08788395390562305,-0.016153379883567718,-0.11928677680899188,-0.1588604076337614,-0.0764604104828664,0.06585685264097846,0.056520183442967054,0.07774486266051188,-0.006093645445824934,-0.012041632450761543,-0.0023501113914141795,-0.044825428223379746,-0.09397056043554944,-0.010091140272085797,-0.1448806143704407,-0.17066556709122754,-0.0961374321126957,0.08467313811655935,0.07025750475058,0.10532933505537688,-0.01022572358842061,-0.016102333821867834,-0.006489903745289579
core_secure_pairs,0.6,0.5666666666666667,32,-0.028601945733215,-0.04498182739703517,-0.007422058886133697,-0.06305293216918811,-0.07768088042853702,-0.03989511827381429,0.031020013411624706,0.02694617405113206,0.037937567370628006,-0.0015716438803670893,-0.0029710763131563095,-0.0006942366659788733,-0.02616512720100391,-0.048094892908066844,-0.005337008521099153,-0.07472764545207636,-0.08991388902323783,-0.05411841225491539,0.03856134886901169,0.02891254278716016,0.04838152570542738,-0.0028540701253225442,-0.004190577087237546,-0.0008245773765376638
core_secure_pairs,0.6,0.6,32,0.0,0.0,0.0,0.0,0.0,0.0,-3.862218780059655e-05,-0.0001659002345184013,5.142883759004513e-05,-7.236129624056675e-05,-0.00028678795682920456,2.1180688292571366e-05,0.0,0.0,0.0,0.0,0.0,0.0,-2.940196134263578e-05,-0.00011323061707657453,3.342214846298321e-05,-4.915141454898962e-05,-0.00020865127466523914,1.610453880581623e-05
core_secure_pairs,0.6,0.6333333333333333,32,0.019917013540282857,-0.007127826214341668,0.039100252414344686,0.05293440942101285,0.029971968783073476,0.07265488892542085,-0.03400772243664875,-0.038968189732827785,-0.027593014416905946,-0.0012195228036190782,-0.002600214731840564,-0.0003608450031014272,0.010177626600049852,0.0002663232445945017,0.038912633007042015,0.05816695351475753,0.004157551768814864,0.08586163918201882,-0.04365128055455163,-0.0550656985218985,-0.033162578115801374,-0.0021127435881748984,-0.0045605022544606775,-0.00018441469848450706
core_secure_pairs,0.6,0.6666666666666666,32,0.046126348257241725,-0.014544424062320097,0.07900768665981542,0.09974828723829306,0.047052824524678336,0.1494475723801475,-0.06539620284246482,-0.07507869187507142,-0.05491437423494927,-0.005441999805205284,-0.010172556133770966,-0.002605049704352552,0.03871840754715515,-0.03180473742044575,0.08159715099662689,0.12992388070019842,0.039371755766437,0.16876580821643633,-0.08921577475593864,-0.10520584310668638,-0.0699278571126429,-0.010583487582515566,-0.016341260946474732,-0.0066320777175598086
core_secure_pairs,0.6,0.7,32,0.06274379482456988,-0.011830859440290616,0.12112511869248214,0.15344914155120298,0.07410048741395216,0.2262145537258216,-0.09687189367453045,-0.10895362790623876,-0.08128691437344446,-0.010637615874634243,-0.021173364944898656,-0.007083647887716909,0.06540329594776349,-0.04027503798107786,0.13189378501401128,0.20564026514227632,0.055062161222443874,0.2651891674486516,-0.12901198482579374,-0.14882696250706065,-0.10736813748164117,-0.020827689485108228,-0.033387918302390095,-0.00796203818366465
core_secure_pairs,0.6,0.7333333333333333,32,0.09956344961332803,-0.015501636177293835,0.1657425710915386,0.19876469314320153,0.08879860939656394,0.31000339866197124,-0.12705996684977577,-0.1402685713771878,-0.10586859887490595,-0.023379098192612822,-0.03670939530590187,-0.013325434664616853,0.09839882462276917,-0.0698253820257031,0.17075117606544776,0.2778460585266508,0.08604178963827759,0.35458390460655925,-0.16688316023901784,-0.19590795280991724,-0.1374205491201461,-0.02843255649851438,-0.05592510509031868,-0.007324732998757626
core_secure_pairs,0.6,0.7666666666666666,32,0.1254312618960578,-0.018901084393123643,0.21259892147780451,0.2537160373720474,0.13819161686613674,0.4017684829635307,-0.1500336752187791,-0.1688543748621828,-0.1295857080057663,-0.030676335142692832,-0.05550110120500416,-0.01926867759205223,0.1232600554995914,-0.0698512015382506,0.21965233782479304,0.35308284264993095,0.11607027722353508,0.46885560582555186,-0.20635504387104497,-0.23639346754040785,-0.17180293901171695,-0.045343893744606775,-0.09623851762846072,-0.02635294089956872
core_secure_pairs,0.6,0.8,32,0.15714334951411002,-0.02102747040617997,0.2606314855272133,0.30720707769415695,0.15533351332500894,0.45796738597272146,-0.1759418352353323,-0.19762401776994298,-0.14921600265745488,-0.029683151534359152,-0.08996302205826101,-0.017796631641448034,0.15595807614357454,-0.07537485525816884,0.27438029299160216,0.4364443405487548,0.16762060323338362,0.5849309287416968,-0.2414564861409575,-0.278328472751146,-0.19517278210619637,-0.06349501821516833,-0.13009028011912507,-0.02954909232986896
core_secure_pairs,0.6,0.8333333333333334,32,0.18454006029398703,-0.018843559077088554,0.3108604013109914,0.3492501637940814,0.17850662267268624,0.5372852603467391,-0.2020658179000482,-0.22417497028258754,-0.17004956353604442,-0.04257366593923256,-0.11448341892481531,-0.022526583977518142,0.18768863532497448,-0.14423355994761078,0.3266517338641456,0.5202193400911514,0.1715481867302,0.7123082606545963,-0.2726572945909064,-0.30963839573498175,-0.22915846850695223,-0.08607348997649127,-0.1689886697992929,-0.0476930753619848
core_secure_pairs,0.6,0.8666666666666667,32,0.21292647821934915,-0.01993756254965358,0.3632640524090761,0.38906732909416264,0.20420519986064628,0.6436140685093888,-0.2262666054884952,-0.24984923663421038,-0.19064340120343254,-0.047918713675352456,-0.15149533892841538,-0.020248899780186357,0.22059815678894126,-0.15104616340975355,0.38533435191928883,0.6194955148546204,0.2433886833653116,0.8432396730457863,-0.29745975202044245,-0.3448841513062,-0.25140103011791975,-0.10974737605530291,-0.22000169743288936,-0.050196447261823006
core_secure_pairs,0.6,0.9,32,0.2469670754024206,-0.019600508373744926,0.4179714420068919,0.4227454163869436,0.1982538504885311,0.7131255734570842,-0.24870921391599837,-0.2735077571877762,-0.21280677008761714,-0.07012690101663738,-0.14886497014382302,-0.022305001651348466,0.2414714550226717,-0.15907869726033638,0.4529235477325235,0.7018085949287514,0.25302161332703527,1.0506507849297186,-0.3306795219774585,-0.38062505468653063,-0.2775842187731965,-0.13554625023919986,-0.2978329055360742,-0.07777852492188764
core_secure_pairs,0.6,1.0,32,0.3044957771530074,-0.011928534568072763,0.4614338288607356,0.5564475538273779,0.21958343294317906,0.6877761893489016,-0.3117149480288569,-0.3384730899966032,-0.27106302569291235,-0.07919727064718973,-0.17257991139823725,-0.02125897588718506,0.3446571536908027,-0.16945959329016927,0.6566145687834085,0.7646923840221679,0.32075710872603896,1.3222266301216767,-0.41975769576639566,-0.467201248526897,-0.3468725830735725,-0.22563428900573404,-0.35836048439344353,-0.08590681462390941
core_secure_pairs,0.6333333333333333,0.0,32,-0.41893156072231535,-0.5509812844892803,-0.011615432828984598,-0.9825084036937732,-1.265912471882821,-0.6213965980214211,0.6639506599742349,0.47144720739211465,0.9962323829801603,-0.20996966072801165,-0.28094271289818595,-0.01838227375449743,-0.028674389570185976,-0.35674084132637907,0.4262614274047287,-1.1343473382514326,-1.4566618858109688,-0.7518144133095005,1.6627142574203893,1.1870176255878564,2.4888133543783515,-0.9354106847032596,-1.6264422808374113,-0.2689526251576023
core_secure_pairs,0.6333333333333333,0.1,32,-0.4056139105600234,-0.5342160568494756,-0.061300331869845764,-0.8420463534155398,-1.0957157191119486,-0.53197659392514,0.6921291738374634,0.502507380029878,0.8486896098958165,-0.14148413408766286,-0.2936408456916957,-0.05616369562543813,-0.08957874789066005,-0.49955566473202073,0.1211003045282032,-0.9986165351679224,-1.2515739419318197,-0.6521123727392147,1.452598019537875,0.9629305225512736,1.8815223581234195,-0.712150585050807,-0.947852651213967,-0.23853659825906112
core_secure_pairs,0.6333333333333333,0.2,32,-0.24056330044197316,-0.4678541166284677,-0.0689233078668475,-0.7019311583019061,-0.9142944248701201,-0.43262487163970936,0.5462136095747782,0.43226582113183354,0.6700984919738815,-0.15462601952242416,-0.3177841664375049,-0.0723672812656198,-0.15121735999706873,-0.4706419269271105,0.036508303269732756,-0.8524921634420107,-1.0424361460337148,-0.5374664471169001,0.9003392728490209,0.7459934819741967,1.3357051360770187,-0.381600919196972,-0.6779226050624068,-0.14960357462307733
core_secure_pairs,0.6333333333333333,0.3,32,-0.27742507730463234,-0.404704805744425,-0.11428089201661566,-0.543933559544074,-0.7165891318370667,-0.3435307600613588,0.3874302046025373,0.30859364180513377,0.4419848939187492,-0.1123026136774847,-0.2466312856978069,-0.0682006230728919,-0.1744784979102576,-0.4074827312923233,0.065489040386641,-0.6710535865013774,-0.8262781074758228,-0.405879440306625,0.6332209432577003,0.4858093043062067,0.8565497919353462,-0.2127909645745516,-0.38919813530202,-0.08307999562493944
core_secure_pairs,0.6333333333333333,0.3333333333333333,32,-0.2585058529895361,-0.37256597736110525,-0.11946436209001444,-0.49461040347420604,-0.6487678427304518,-0.30437902456012833,0.3531504234053261,0.29972578337164,0.39167502876887866,-0.09479978016741161,-0.2194944318519843,-0.06713371026252456,-0.17384977890636683,-0.3749047509145711,0.052890220657143834,-0.6216788470373275,-0.7510471267337329,-0.3708621249174327,0.4979546800254528,0.4083276485871224,0.6921988030619953,-0.15110909760957422,-0.3085848570846812,-0.08508514455191737
core_secure_pairs,0.6333333333333333,0.4,32,-0.17941103662500338,-0.28647980874077505,-0.06267672400995936,-0.393334934155211,-0.5112806454641158,-0.23947290276120473,0.24386208282283964,0.2074666960922304,0.2844809382898206,-0.0552427243644759,-0.12995420729509913,-0.040195820277315844,-0.13535755916704714,-0.30416430479242196,-0.005150741243139849,-0.4969275901924646,-0.5964555669002399,-0.2884911450162513,0.3565660654748483,0.29282979336297577,0.4706042524975226,-0.0925550709154183,-0.15703075303665065,-0.05701478212172404
core_secure_pairs,0.6333333333333333,0.4666666666666667,32,-0.12904990616676354,-0.21585416923141806,-0.05304060024396569,-0.2879738040050751,-0.3692575455254804,-0.1745420310493484,0.16657882519837677,0.13847926830511004,0.1986331784282022,-0.033490173653716565,-0.06318773539460894,-0.021112515245589877,-0.1096491778258881,-0.22530782297746035,-0.005750659200444786,-0.36604275138427966,-0.4265832842175105,-0.21108934230602971,0.2350929816223891,0.19944894859235557,0.2937557432174899,-0.04458930681394707,-0.07765633677801265,-0.02840119847212635
core_secure_pairs,0.6333333333333333,0.5,32,-0.10956140849031354,-0.177398008995192,-0.05171155974332305,-0.22387879694690083,-0.29439533961184866,-0.1395307573039348,0.1259458433752673,0.10998232718878065,0.15650461068714971,-0.02263078105693439,-0.0368945531491598,-0.013044872773825534,-0.10726384617222116,-0.1907432794318787,-0.00188895458601015,-0.28571614605215157,-0.3362756668431549,-0.1681088957377494,0.17564075739359106,0.13542850663774164,0.21592972550815018,-0.026205287070733996,-0.04436375898780579,-0.0148562174034289
core_secure_pairs,0.6333333333333333,0.5333333333333333,32,-0.07158122546850709,-0.13554702542743938,-0.02683336800216636,-0.17282318661229903,-0.22445133087830502,-0.1061586998850601,0.09649631328393608,0.08578333112461498,0.11211344530471826,-0.01461850594367281,-0.022675724683739844,-0.00714579271930562,-0.08631632249902013,-0.14369706267201077,-0.012227905496574765,-0.2160156041906547,-0.2634490053756627,-0.12774434403072127,0.12704310782415995,0.10403590278430222,0.16033183574378884,-0.022966605612885584,-0.038789285964605395,-0.014462474730641302
core_secure_pairs,0.6333333333333333,0.5666666666666667,32,-0.04802204500333204,-0.09278613108429877,-0.01737923381706179,-0.11686151553724333,-0.1531149289144038,-0.07358499831005749,0.06058021201534887,0.05232684463227915,0.06919987642505045,-0.005712508014975651,-0.010172937379376273,-0.0029940742781780316,-0.05235080153829989,-0.09729087404502634,-0.009555003425245671,-0.1473808047149821,-0.17815885185953576,-0.08817775686688442,0.08042781942063396,0.07219119882978871,0.0895095444528915,-0.00930458697963308,-0.015401357597152025,-0.004750647755085649
core_secure_pairs,0.6333333333333333,0.6,32,-0.023065842465264913,-0.048133142358210756,-0.007189579411002017,-0.06411169474207161,-0.07950272108373091,-0.03705286637104646,0.03020623475958409,0.026035478516621136,0.03572919617163667,-0.00153627965322509,-0.002729969730036766,-0.0006050594620145948,-0.03203919842648793,-0.05125274107734791,-0.005308015438763775,-0.07190844880482823,-0.08958876271706104,-0.042186529368125746,0.03943938115504847,0.027186787476809245,0.04735957305307539,-0.0037771690680227545,-0.014835932787152626,-0.0018736709837128664
core_secure_pairs,0.6333333333333333,0.6333333333333333,32,0.0,0.0,0.0,0.0,0.0,0.0,-3.938429635061415e-05,-0.00015040401950911636,2.459179991447584e-05,-6.0804462195460096e-05,-0.0001340072095984135,4.5225732691847625e-05,0.0,0.0,0.0,0.0,0.0,0.0,-1.985231263193497e-05,-0.00010618843711948656,1.3279004276240423e-05,-4.487535131369319e-05,-8.373251334590699e-05,2.177859467231151e-05
core_secure_pairs,0.6333333333333333,0.6666666666666666,32,0.024870224674549798,-0.007902710657858254,0.03988254607783883,0.0553961132950705,0.032634007171861684,0.07244502641011301,-0.03249053861498927,-0.03728713463855349,-0.02934331368064652,-0.0014638222245097615,-0.002695484791466826,-0.000889605289732268,0.010782285811333149,0.00010895112330473852,0.043066151345563373,0.0654872764138944,0.011793334199347447,0.08818934037799127,-0.04255515795704155,-0.049523345290291454,-0.03590275617957419,-0.002588374006350689,-0.004997429074765524,-0.0006646223875758275
core_secure_pairs,0.6333333333333333,0.7,32,0.05024308063876182,-0.012026966845071227,0.0830285220250728,0.10329668790453117,0.049980324246282695,0.15011621505084716,-0.063331498048676,-0.07353313442671379,-0.0539172883023355,-0.006768048425260444,-0.009592140686412134,-0.0031871828447723686,0.03935686887624215,-0.0003548530848213375,0.08378563052591144,0.12989434025523855,0.05787059008159674,0.175632765759764,-0.08726382816699102,-0.09652248430081858,-0.06803493480446957,-0.01088741418817696,-0.016259574036620303,-0.005629495232632349
core_secure_pairs,0.6333333333333333,0.7333333333333333,32,0.0775306031061172,-0.0348958181480111,0.12757682289511083,0.15590905563213123,0.07828909320776911,0.23311218007502868,-0.09203318472471972,-0.10661395628789669,-0.07884431097081882,-0.015346386936723022,-0.024048161135948265,-0.007595199277564767,0.072500407216221,-0.020032565396876208,0.13576152881400824,0.20487923312559633,0.09357762811977019,0.28231529598928595,-0.12436489245330103,-0.14150668499862612,-0.10857707621040136,-0.023403015878750384,-0.03338665351393383,-0.01096014756377018
core_secure_pairs,0.6333333333333333,0.7666666666666666,32,0.10503548444863245,-0.046248264907986794,0.17416375207472745,0.21154403978118186,0.10852753990669414,0.32202884897028006,-0.11857168235346058,-0.13663671209837155,-0.1029229906967021,-0.026165553266799767,-0.04135208771168941,-0.012936979100916486,0.0924616380116283,-0.06332596626789092,0.18517052820989421,0.2844539459195127,0.10657861573236237,0.36978922799399716,-0.16113692422113324,-0.18541357366985506,-0.14057609379679586,-0.027750006466067012,-0.05995049039490616,-0.018405884732694788
core_secure_pairs,0.6333333333333333,0.8,32,0.13373868881745274,-0.058201185051497906,0.2225851468351082,0.2507406052875564,0.1369650515485628,0.41652357637337917,-0.1448405495570818,-0.1665322984060295,-0.1290122015235196,-0.02852199633628684,-0.06830940841192151,-0.017667452825815968,0.12423185125186935,-0.05923391670019981,0.23624841217360878,0.375999420564882,0.11964501384068957,0.47557802130117344,-0.19269179441001405,-0.2225462419062224,-0.1712201950214322,-0.052050517016716966,-0.07246860321567812,-0.03143402665612544
core_secure_pairs,0.6333333333333333,0.8333333333333334,32,0.140551571966139,-0.02378767419846865,0.2730415470453735,0.31089281829841414,0.15795258768283776,0.479631397405831,-0.17081041676477096,-0.19459947102921918,-0.15278393223142983,-0.039631429293280895,-0.09701731315218617,-0.02105063638371301,0.15610774866760235,-0.05395089026766362,0.293411135784742,0.43981885175338653,0.16531674693247525,0.5867473133240866,-0.22822698081070175,-0.2572865514820905,-0.1936605260146963,-0.05975545353811207,-0.13824391659470453,-0.03090658270355255
core_secure_pairs,0.6333333333333333,0.8666666666666667,32,0.17166706968609402,-0.0251100001365451,0.325853659081699,0.3471451644856129,0.18879511938657825,0.5683945632674612,-0.19642152946340705,-0.22139818898573443,-0.17067603699426234,-0.0408805064921113,-0.13063606095490174,-0.023971768023861646,0.18880164604543936,-0.05334716317366879,0.34801374931960055,0.5592696405973954,0.21380683309474116,0.7191206976639715,-0.257597107361276,-0.2904799047083802,-0.22829306099870728,-0.08492620800715645,-0.20841996026536835,-0.055357889235611364
core_secure_pairs,0.6333333333333333,0.9,32,0.2220175246739686,-0.0221783016227318,0.38159865497704987,0.39008595505968524,0.22334799099057767,0.6339945035921614,-0.2175673777241057,-0.24951894743191858,-0.18952208585191715,-0.06018075862669903,-0.11275411641581257,-0.03222171651275701,0.20978194408317025,-0.07345945699247702,0.4047993327748467,0.6754522593606569,0.2373495211320586,0.8978462666822715,-0.29162654210059513,-0.32216824670819943,-0.24578739238154151,-0.09723808227550752,-0.27806859856215693,-0.06626526352053877
core_secure_pairs,0.6333333333333333,1.0,32,0.25355936734677936,-0.014767560164495713,0.47297830666853996,0.460842194179803,0.18897976739186165,0.6477895435858112,-0.28890690253582824,-0.314790983553504,-0.24291288912815284,-0.07882737130496797,-0.13176441314930487,-0.026271207907241953,0.3116173520071325,-0.10144548233310986,0.6086452043620942,0.7567315978242192,0.35816208223817003,1.2560963718130913,-0.37625668641378807,-0.4195295703188178,-0.32295966437842466,-0.20255492279073536,-0.39758265419246797,-0.08697919792809568
core_secure_pairs,0.6666666666666666,0.0,32,-0.48206968607581735,-0.594635096895191,-0.10049623296909613,-1.0489539012333884,-1.310207483365677,-0.6497187882627542,0.5741457215686845,0.3423464102159467,1.10963825962357,-0.17549390855517374,-0.3781481147573772,-0.10431500568731839,-0.03007772047363355,-0.4161675090753136,0.41006358937257525,-1.2166996813802105,-1.5248112809478558,-0.7855031018823522,1.8675705258930764,1.1380461220619655,2.6574502380047655,-0.8736626336066036,-1.7356235512336178,-0.40018397892431057
core_secure_pairs,0.6666666666666666,0.1,32,-0.35901676905287083,-0.5850507345872527,-0.07182831784062015,-0.9080386932801157,-1.1462467761308308,-0.5611195134737458,0.6349413710587378,0.447403389570818,0.8022628052468167,-0.1644390627212756,-0.35654913001458566,-0.08674130040252714,-0.1212372089896399,-0.5527686624490228,0.1334196412253151,-1.0625817061210088,-1.3334157059203555,-0.6657272440851024,1.5945490076456008,1.1425831855214341,2.21547778631304,-0.7049146556943374,-1.2248597974398527,-0.2565642618317425
core_secure_pairs,0.6666666666666666,0.2,32,-0.27213782122065316,-0.5161113558741495,-0.08220868777497303,-0.7654721053160762,-0.9760182326069085,-0.4702777454924204,0.5647342759537528,0.44399657138960175,0.7007484064649033,-0.17920716015092308,-0.37314328981435196,-0.06566754126030672,-0.17791247383627404,-0.5193302728162734,0.017919054825082173,-0.9087230170955879,-1.1322970954245277,-0.5446131859011236,0.9723449790524756,0.7447099159492069,1.4577382623890642,-0.45668289397700274,-0.7211590859248516,-0.23541636353500586
core_secure_pairs,0.6666666666666666,0.3,32,-0.258243746276111,-0.4380938916421323,-0.1269743823691815,-0.6053172431951876,-0.7940989037233727,-0.3782631299782979,0.4188448795037728,0.3125211100661062,0.4832482729714519,-0.1301192702571808,-0.32393399698502445,-0.07451549904376624,-0.21063658716643238,-0.4591835407994158,0.018346162108224352,-0.7473193772438034,-0.906501235548767,-0.44212995374854114,0.6617781749963965,0.541926055390596,1.0131319467015807,-0.2740682156918529,-0.5092929619225005,-0.1303738104679119
core_secure_pairs,0.6666666666666666,0.3333333333333333,32,-0.2960484644435338,-0.42455183351936193,-0.14629753537815593,-0.5532106516444757,-0.7271223336730283,-0.3418602952618968,0.38061222466016964,0.32216997431427186,0.4500953943906943,-0.11472223238268422,-0.30690656670227107,-0.07416072995486023,-0.2087078508278401,-0.42676742971646237,0.00928285336533104,-0.6838261758724936,-0.8296023982316214,-0.4083467551599973,0.5536260763288843,0.46625937069047996,0.810716841644348,-0.24225264863582605,-0.39089217047895813,-0.08423453260060688
core_secure_pairs,0.6666666666666666,0.4,32,-0.25237327745911997,-0.3528899128931588,-0.1400771845378187,-0.44721480522716733,-0.5895506382171962,-0.27407692734479056,0.28716811710823487,0.23540200498616695,0.35263804957237,-0.07993268136697537,-0.17420479713417528,-0.059407780503746684,-0.17523490482833223,-0.35691710087222095,0.014730726472546779,-0.571130344321573,-0.673834698630333,-0.3339095826529241,0.40420669463934444,0.3399862164769987,0.5861154123104801,-0.1418738079397499,-0.2514315091738573,-0.07786497864606234
core_secure_pairs,0.6666666666666666,0.4666666666666667,32,-0.17053813568184378,-0.26618709423118825,-0.09551800789008891,-0.33573017054958826,-0.44848454122473336,-0.21050480023481158,0.1978363834563232,0.172911604347316,0.24176745106053427,-0.04073945139623586,-0.0887349440638413,-0.028939293535650362,-0.14710409918027967,-0.2818054841434035,0.021996211772256784,-0.438497419919014,-0.5133502636242829,-0.2578939427787474,0.2726749049301489,0.2360825560235338,0.3619148884797082,-0.061056194417021675,-0.1314776806201306,-0.039438803353438454
core_secure_pairs,0.6666666666666666,0.5,32,-0.13523400856567422,-0.22693886470051627,-0.06415116693183068,-0.2831367497281517,-0.3702702501981809,-0.17933480432467874,0.16316215603396708,0.136797085655065,0.19827483357250644,-0.031176268015698262,-0.06008602252475135,-0.02009055107467824,-0.12476191327617808,-0.24326031111976498,0.001520890720716662,-0.37044389458452553,-0.430479538019168,-0.22357818308644617,0.2267829543319148,0.1966972386062558,0.2941629764911712,-0.04506598971219258,-0.07820429956287195,-0.023128415850952624
core_secure_pairs,0.6666666666666666,0.5333333333333333,32,-0.10319668348302458,-0.18612370942453915,-0.040571117440273405,-0.2285865547526587,-0.30182385450973825,-0.14334211470200406,0.12876384403941044,0.10622402264094023,0.15076159263843447,-0.02043391664282155,-0.04141141405246944,-0.011570030352338917,-0.1073215618318097,-0.19687824778793997,-0.022925846252023135,-0.2863989815515846,-0.3497339753598965,-0.17542345996186243,0.17389836018849386,0.1522013499894393,0.23303255886941263,-0.03270503599363257,-0.05701238533798887,-0.020241810420083686
core_secure_pairs,0.6666666666666666,0.5666666666666667,32,-0.07845664134409328,-0.1421388019240571,-0.024881514016454574,-0.17346209324618425,-0.23170054001963702,-0.1100141204641978,0.09542902117956903,0.08444777310887741,0.11136299112377954,-0.012719621210466991,-0.023778317019087662,-0.005422010305651127,-0.0842515099117834,-0.15451116571025056,-0.014688028699395035,-0.2169338246546185,-0.26730150207617426,-0.12993842519899576,0.12441221041882158,0.11094024341272393,0.15425573948173366,-0.024864097053563003,-0.03251494063650049,-0.014542888767975664
core_secure_pairs,0.6666666666666666,0.6,32,-0.05212724783356454,-0.09680725078378867,-0.019149743359997348,-0.1174197825986031,-0.15841311011090875,-0.07388180075696238,0.059948296642703014,0.05209468746467752,0.07067745858056118,-0.006970190938753354,-0.010983422409404392,-0.003546242016514614,-0.06238829457995865,-0.11027133010125734,-0.009745149680104391,-0.15097550798121256,-0.1797815459546835,-0.09087370669694082,0.07974617627670566,0.07032717853601021,0.09745753227742833,-0.011336296092337661,-0.015543832406047474,-0.006475547424847235
core_secure_pairs,0.6666666666666666,0.6333333333333333,32,-0.026871981349160537,-0.049430667152096534,-0.005165850117110845,-0.06195259203148688,-0.0811286748008235,-0.03847341659432403,0.02894426483652815,0.024473938214623982,0.03344062476855482,-0.0018657907853911748,-0.003387588706513719,-0.0010556092236173598,-0.03609471585715779,-0.052292099040520734,-0.005242194763513,-0.0737327099337728,-0.09971016733012539,-0.041407405327072856,0.038210686505891295,0.028160741685409576,0.043675467589425074,-0.003418058413441948,-0.004478104438071069,-0.0013455448747026787
core_secure_pairs,0.6666666666666666,0.6666666666666666,32,0.0,0.0,0.0,0.0,0.0,0.0,6.184157399391488e-06,-0.00011813811457998986,0.00010126704019728858,-9.977196439683866e-05,-0.00023028363725696718,5.984564534405882e-06,0.0,0.0,0.0,0.0,0.0,0.0,2.8349629881408116e-06,-8.718915033366359e-05,5.002410979764588e-05,-5.388006201961783e-05,-0.00014956550606567975,4.416771833000435e-06
core_secure_pairs,0.6666666666666666,0.7,32,0.024853024016521105,-0.006837510286472916,0.042824623718010886,0.055411118667126724,0.024317158992218854,0.0746279819161506,-0.0320664374617692,-0.03762571668754433,-0.028305019741776426,-0.0017762742893193827,-0.003110642725247116,-0.0009193114601990878,0.026214082202055657,0.001961957142560602,0.045521273678562825,0.0667718153665588,0.012451079669855415,0.09030317506019633,-0.04435370294089941,-0.05551950943018509,-0.03139646479835179,-0.0028235755725837253,-0.005707176957965562,-0.0008493052352491479
core_secure_pairs,0.6666666666666666,0.7333333333333333,32,0.05227928412793181,-0.008069256665136635,0.08751974160014242,0.10165954861572093,0.05070529446151967,0.15585758569195513,-0.06313671862731234,-0.06987446621666224,-0.05369790753291723,-0.005531125905710909,-0.011178710153879806,-0.0027993188411339237,0.054511638618125496,0.0034242195650476446,0.0985677209127224,0.13721335096169357,0.05684257236840713,0.18540168327599177,-0.0802949302842772,-0.09918038976646756,-0.0683485128388661,-0.0067621050952810305,-0.013992915329849188,-0.003536409961423105
core_secure_pairs,0.6666666666666666,0.7666666666666666,32,0.07958708000731865,-0.01478251626483991,0.13424094184367547,0.15603413733751212,0.05792617654267822,0.24079515227815035,-0.09017773457659362,-0.10346084597834344,-0.07844331290565319,-0.014392510657986697,-0.02971227278037515,-0.006357019698372452,0.0795905107902547,-2.3465558827880095e-06,0.1395615347529133,0.217661801001902,0.09892413067098875,0.2746973766349358,-0.11959378731392153,-0.1415071130987064,-0.10364601620295404,-0.02141963799242898,-0.03965144814846441,-0.013063063521522379
core_secure_pairs,0.6666666666666666,0.8,32,0.10853832307408845,-0.012029636548241721,0.18286659425723284,0.21704072884569298,0.104393340845305,0.3302217594062747,-0.11770138350180984,-0.13478228657612198,-0.10201555184507972,-0.020944823221288128,-0.04974759996811941,-0.015585514357970797,0.11226669635775101,-0.0037349067434457005,0.19490531133231986,0.29385070105403915,0.1106385876255501,0.38379241532069835,-0.16092026748414134,-0.17817703146380806,-0.14311927159920568,-0.02979198413074292,-0.06715928043826928,-0.020709487397709427
core_secure_pairs,0.6666666666666666,0.8333333333333334,32,0.13700636588851473,-0.014760304578049055,0.2337858527980766,0.25777028182564654,0.12496789432662311,0.42032686184107326,-0.1464328459568556,-0.16081988656302376,-0.12926223079994265,-0.02992632652500893,-0.07974779101652278,-0.018328968961324108,0.14438814840420044,-0.036249256057928184,0.2477726196256343,0.37513039625260736,0.1514299359050844,0.4927695676665238,-0.18745835598663074,-0.2213690799035607,-0.16426770344161537,-0.045609196093977955,-0.09312852029247637,-0.029980136460122243
core_secure_pairs,0.6666666666666666,0.8666666666666667,32,0.1656860975357633,-0.0062346334175360655,0.28701087516481766,0.30747532658826693,0.1584971365878283,0.4695781206602411,-0.1730130071269097,-0.1858999473934021,-0.15081621629160244,-0.04258403535533996,-0.12298969052393474,-0.029965863285887424,0.17663849264354903,-0.052203094260462886,0.3136571696978434,0.4378533755700917,0.19571294203626435,0.639180321480351,-0.23087863795572394,-0.261045987805165,-0.1995007890416113,-0.0648564551765278,-0.14014113297950825,-0.038178049231636334
core_secure_pairs,0.6666666666666666,0.9,32,0.19094183957413624,-0.01565635217583313,0.3431580235354065,0.34639617796410865,0.20349027174104645,0.5849367814119606,-0.18950120687458705,-0.21034609303199564,-0.16644898014243842,-0.05104927174035636,-0.07020282010033457,-0.02813694820008521,0.20938341463395788,-0.04751627984448659,0.37588915913645027,0.5807002773425866,0.232285860146765,0.816524362116003,-0.2600797020324267,-0.2974291909844065,-0.21917009561340645,-0.08611674943798012,-0.16633039145521258,-0.04824201435923749
core_secure_pairs,0.6666666666666666,1.0,32,0.23706754641323524,-0.019373502089577225,0.43902851565291906,0.4096245858595341,0.1675485280800381,0.6367702874195429,-0.2534884156216908,-0.2871454044000926,-0.22957072069564444,-0.08896173804378532,-0.14760978706222638,-0.03034243149146182,0.29812835604782584,-0.04399965964964182,0.564968205888853,0.6823881260484732,0.3529545856680847,1.2060558874291962,-0.3476542282530596,-0.38398777156088165,-0.2976774953243569,-0.18110377020554994,-0.38500975082819267,-0.08234676583028354
core_secure_pairs,0.7,0.0,32,-0.5405700121508841,-0.6515724551311299,-0.10830181811854014,-1.1074795980052068,-1.3531031572556589,-0.7058826940562701,0.5883606625057045,0.3243119918008994,0.9567888435844636,-0.2525304694268225,-0.42722031676341904,-0.09661027204517922,-0.04783466793367744,-0.4708711932601316,0.3328761191399279,-1.2889718722088421,-1.6071710870235691,-0.8633577158134134,1.3253567128014438,1.1161782397216857,2.4504323551531195,-0.7256955738550581,-1.8981251465561821,-0.37151504681080083
core_secure_pairs,0.7,0.1,32,-0.4999528419792305,-0.6323057685136686,-0.12474123133218687,-0.9634692703755434,-1.1914977921599261,-0.6183489054579496,0.6755426345279804,0.46580710871908143,0.8458102117083791,-0.18594007647048716,-0.4642153650610042,-0.13837496234952684,-0.14704874996391276,-0.6189393714225546,0.13137007740965972,-1.1453549228647149,-1.4142173136633758,-0.7512679016119166,1.5416225391994254,1.0836613540037177,2.1748852675161516,-0.7350710061734009,-1.202365199002715,-0.2895018183613083
core_secure_pairs,0.7,0.2,32,-0.30857506657575207,-0.5639162576992961,-0.09397845257690583,-0.8133141183402043,-1.0252002217145904,-0.5045319492626554,0.6031683879025946,0.4920671241402433,0.7697219204458122,-0.15542591287286509,-0.3631792922440506,-0.10383999791681045,-0.2078980557201771,-0.5825741105642758,-0.0021767913123245664,-0.9785897016847318,-1.2101001925454367,-0.6181128307494111,1.020816536968008,0.7954846649044007,1.4011375927434222,-0.5739761474101932,-0.7864011631889153,-0.21310328643462995
core_secure_pairs,0.7,0.3,32,-0.30127887191698804,-0.4862517202534934,-0.1509151150205882,-0.6640665519155653,-0.849193430835356,-0.41112704190879024,0.46646737498838103,0.3575942764419633,0.5607414047715878,-0.15966849362293745,-0.3481001734311988,-0.050698450078108456,-0.24243150189183277,-0.5202778784199408,0.0020541527961137965,-0.8101863053838869,-0.9904175934672412,-0.5085536426249463,0.7223516276423141,0.5764291841679077,1.1952125790660797,-0.30458251496511524,-0.5699209680216855,-0.09954865309342714
core_secure_pairs,0.7,0.3333333333333333,32,-0.2898351950036307,-0.45525247729102164,-0.15930423285227388,-0.6138025647143961,-0.7878874085807759,-0.38022455748479606,0.3821302838343806,0.30958020724401136,0.49985578698958893,-0.14094627969888307,-0.38025497169707956,-0.09594680323108115,-0.24126408356947882,-0.4827539190841924,0.0012143078676555997,-0.7493841134131246,-0.9109253785608389,-0.45922843804084834,0.6417541356034613,0.5043423978322626,0.9671514661976557,-0.3104961388446726,-0.5707678305700381,-0.11431607226647353
core_secure_pairs,0.7,0.4,32,-0.29119959382565463,-0.40998970957652503,-0.1684957101998376,-0.5119119887564649,-0.6614076015569477,-0.30909934554312374,0.31759985223638143,0.26290792615793046,0.377287988609151,-0.09603505601398407,-0.24202616299794905,-0.052325503726122026,-0.21876845127822545,-0.4181270740466983,0.00576433466093571,-0.6317380914167745,-0.7573593853113756,-0.38426458768285404,0.4912184752954485,0.3946598047798951,0.6906894416457647,-0.20372667174937226,-0.3595823505731663,-0.09707076170198047
core_secure_pairs,0.7,0.4666666666666667,32,-0.20704254456949872,-0.32007847327654454,-0.11019859174628091,-0.4063959883372225,-0.5262504433429491,-0.24269112368254214,0.22322772699448587,0.18934662283992204,0.2715067634972641,-0.06449083770839971,-0.12256422079985027,-0.04324604767422438,-0.1799638563495074,-0.3394763611937679,0.0015880077831003127,-0.5108942512894905,-0.5965544731470908,-0.3106810276153897,0.3375513025473577,0.2840891609143863,0.4424229733684813,-0.10555662315704478,-0.1990443895467527,-0.06711896682274077
core_secure_pairs,0.7,0.5,32,-0.18075897908639796,-0.28091133788923844,-0.09686034033940978,-0.3523967977513996,-0.45529096751217607,-0.21012229899015522,0.18488154172874835,0.1446508278443341,0.22007068637189725,-0.04661793576513644,-0.08467111416361463,-0.03600183802430519,-0.1627926499825623,-0.29801532915483053,-0.023618537579393927,-0.4512668614421046,-0.515252378983122,-0.27032668284693945,0.28782625460726885,0.22747595189864206,0.37157534030336403,-0.07485709847358747,-0.14393683208127842,-0.052205755280728
core_secure_pairs,0.7,0.5333333333333333,32,-0.15436434913931957,-0.23926685098604583,-0.08338264108677185,-0.29061506645495355,-0.38190065294137926,-0.17458154625481623,0.1488450431576662,0.1204578521799688,0.18033728531365717,-0.0314171069562042,-0.0618688775296989,-0.022764371046088125,-0.14127202467975605,-0.25557568497749406,-0.02167373543879641,-0.38082090373307503,-0.4341416212308734,-0.2308728848195472,0.22306026182475766,0.18333194193211713,0.2920798398178247,-0.05873125628281367,-0.09160928730832243,-0.0339784045598967
core_secure_pairs,0.7,0.5666666666666667,32,-0.1253167063782301,-0.1960767191581277,-0.045872616086152646,-0.2351325524744917,-0.31138139792406583,-0.13870397808075244,0.11737726832011405,0.09353726542398628,0.1431455750890727,-0.02794744630800579,-0.043509497862191424,-0.013822379546596066,-0.12429094306517635,-0.20767229549991037,-0.023444173622506156,-0.2872554247196059,-0.35678162622424425,-0.18413672787534466,0.1687794378402149,0.144897585052653,0.21297481633144072,-0.03293601314086732,-0.0558727109933667,-0.015858206060314822
core_secure_pairs,0.7,0.6,32,-0.08911031423462312,-0.15038607637548082,-0.03439241840692667,-0.1785380419675493,-0.23869177163108862,-0.10211756600826356,0.08816033523615761,0.0738723309676635,0.10646759660903393,-0.01790815903100826,-0.025991347761502838,-0.009587315934617799,-0.09048388431862939,-0.1573850871826642,-0.018810293199554493,-0.2155550135992449,-0.2764154158615783,-0.13848350119488445,0.1252409053010818,0.0946860875291477,0.15241605090141752,-0.022486496420775933,-0.04001623527535123,-0.013636497245394385
core_secure_pairs,0.7,0.6333333333333333,32,-0.06191012399578642,-0.10180875186129071,-0.02270036768057488,-0.12273704289968507,-0.16311582722049314,-0.07673815538857195,0.05756596555006464,0.04744809528937075,0.06888221399524298,-0.005542339640024527,-0.012477631359580188,-0.003724971404155248,-0.06312799625992463,-0.10670035382132342,-0.012377801198174207,-0.14592415153277066,-0.18818763682863643,-0.09353728032556476,0.07458326447557849,0.060722097824412166,0.09653399775978419,-0.006971798106165748,-0.01775873768812288,-0.0016759477993555827
core_secure_pairs,0.7,0.6666666666666666,32,-0.03400005698393031,-0.05166082019150149,-0.010947987537782608,-0.06430925895365805,-0.08362332710418763,-0.04152691451471241,0.027285353283103275,0.02148333515963164,0.03209302797379021,-0.0012792849554664268,-0.002571205663188511,-0.0003230152929543459,-0.03650516581326514,-0.0533250765709495,-0.00643095606431861,-0.07505036075024608,-0.09057712415928193,-0.05065816502391465,0.034500587710440664,0.029652848476186853,0.043977085894224235,-0.003300134829686302,-0.005595187057680938,-0.0015768340967006534
core_secure_pairs,0.7,0.7,32,0.0,0.0,0.0,0.0,0.0,0.0,-5.594720716967094e-05,-0.0001917790718285739,-1.2996723523991935e-05,-1.7758187607463922e-05,-7.25319978779338e-05,4.0371165109652496e-05,0.0,0.0,0.0,0.0,0.0,0.0,-4.942242466707272e-05,-0.00014153818506373872,-7.994438500261094e-06,-9.542609997525952e-06,-5.3530592471859365e-05,1.1509509572800447e-05
core_secure_pairs,0.7,0.7333333333333333,32,0.0262517041186148,-0.005988501660736965,0.04130303477542187,0.04946381304828837,0.025984436573263076,0.07734423034925271,-0.03285485289751655,-0.03894988595476158,-0.027396232016648897,-0.0014391202484556054,-0.0024821288222116183,-0.0004946241162700274,0.028413296224560403,0.0008208880780285468,0.045282075115196815,0.06927522839027961,0.004515928200691608,0.09301870737299138,-0.04145052230080766,-0.05227091670358944,-0.03276984128281109,-0.0018815154469063455,-0.006026639608837876,-0.000755986358374836
core_secure_pairs,0.7,0.7666666666666666,32,0.04999061377063288,-0.007369561795249355,0.09160528001991997,0.09991232222093607,0.047109121543058415,0.15769437052230278,-0.06371625051341762,-0.0727419563364939,-0.055743523470845685,-0.005354450933457641,-0.010147708182439458,-0.001737905927759333,0.056801304659565593,0.0016468205028033508,0.10250879657218803,0.14149188863075937,0.04585088214224297,0.18302612889736491,-0.08313412757354303,-0.09931998088304504,-0.07015356768227815,-0.007291860236151398,-0.019918365275333874,-0.0008195427753192044
core_secure_pairs,0.7,0.8,32,0.08012133069253562,-0.009800243210735242,0.12970114189799387,0.16847930101640488,0.07112490461922419,0.24340781053651503,-0.09157853128408,-0.10591316768543663,-0.07893576260567482,-0.012942133291364188,-0.028615346283689086,-0.004998276219040691,0.0853284593822172,-0.0009273286005895814,0.1541452051244247,0.2201349248546543,0.09222351233447987,0.28728517843614526,-0.11739932610503015,-0.13949895810476365,-0.10170423470495774,-0.02037692862169027,-0.034978450064418826,-0.00911263855515949
core_secure_pairs,0.7,0.8333333333333334,32,0.10536597417865676,-0.013289042503076283,0.1918479016370659,0.2077489317213822,0.07690465459500359,0.3337728771843518,-0.11650203842694322,-0.13451172479203724,-0.10232840419335575,-0.0255450887348384,-0.052970514013419547,-0.012491365824555678,0.11280838706360066,-0.023009837102752922,0.20637912969298164,0.2822064567563596,0.10764978419281586,0.39596559780472707,-0.16007342743105207,-0.17949188132747018,-0.13801322662447704,-0.035581414590013544,-0.07094323477960071,-0.01570499100468043
core_secure_pairs,0.7,0.8666666666666667,32,0.12007976001841889,-0.01289746529563491,0.22800464248162172,0.2525492457695155,0.13116750600106195,0.42566097607737075,-0.1438812528790224,-0.1635460408664557,-0.13153088415451697,-0.03130121819716601,-0.0913525866854287,-0.017519522083217276,0.14501639823577772,-0.02251157921932389,0.25870595568959986,0.403901897539157,0.14704936212053457,0.5333947179213132,-0.19054679863840962,-0.21580296073361072,-0.16968479927358138,-0.05103621689607488,-0.11762766736850062,-0.03193633491560787
core_secure_pairs,0.7,0.9,32,0.16493391636120544,-0.011356777517839896,0.2917898064112796,0.30074256504516717,0.15449909191378194,0.4771721224302295,-0.16844574097986845,-0.18846280575682106,-0.15355617338395805,-0.03584619755812321,-0.09991357869986969,-0.01708056654269969,0.17737382074729913,-0.04876298848368675,0.33147473668011906,0.4846498426439751,0.16489434145431509,0.6959634221355439,-0.22229785048521705,-0.2620545640383291,-0.20213246223971873,-0.06797736828513049,-0.14670791778127684,-0.03924896461130121
core_secure_pairs,0.7,1.0,32,0.2322701732508099,0.0034721440774059683,0.3928159337545726,0.4317529460218084,0.1541388681022763,0.6255060443749243,-0.2347013128885615,-0.2630130711336185,-0.21294759512490674,-0.07379643359136644,-0.17884210791759156,-0.021602616202478525,0.27828756776940794,-0.049633779194259105,0.5307392601353753,0.7339280745394505,0.3012113181345533,1.0989111755054846,-0.3198311579164324,-0.3714317139153782,-0.27457150915967277,-0.13984438337628433,-0.2779131346274299,-0.09057341003566477
core_secure_pairs,0.7333333333333333,0.0,32,-0.5979509372312,-0.7373892009566496,-0.1480578531084779,-1.17769334287333,-1.3919557085997938,-0.722897823006506,0.566892281171093,0.3729100796776577,0.9974854990171899,-0.20323942711951776,-0.38030540732542933,-0.10148210583663961,-0.05112111726633109,-0.544556217897825,0.294181832224077,-1.3513659987024131,-1.700773127820072,-0.8342457391632068,1.2991219072195994,1.175824894798796,2.4621074729791115,-0.6472142762425317,-1.7251144376689922,-0.3506107196537265
core_secure_pairs,0.7333333333333333,0.1,32,-0.5495557435330223,-0.688985735890139,-0.1312003074092425,-1.0311577543263504,-1.2358672309976315,-0.6393206212299551,0.6806979923714851,0.4426825387143899,0.9656859278526312,-0.2592618432065319,-0.5652149909342408,-0.1929442979492223,-0.17205847496276283,-0.6721783730169798,0.13438318609240565,-1.195818777354382,-1.508945166240108,-0.7004571222390643,1.7987677155165218,1.210725583196732,2.3939051331330243,-1.0465936777250415,-1.4093431421282396,-0.42983121354851783
core_secure_pairs,0.7333333333333333,0.2,32,-0.425101633020767,-0.6462594228108288,-0.13204415247825452,-0.8807476454053176,-1.0732409711037123,-0.5501878703703911,0.5896703088977164,0.4159192435271751,0.7886766025994895,-0.2075839566049527,-0.3807002576840842,-0.12888218764979184,-0.25605852350350194,-0.6468921545357773,-0.02152766192228027,-1.0481518100218539,-1.3001712912851544,-0.609840105848763,1.360845381747548,0.9815912737538001,1.932110937543194,-0.654484493105654,-0.9617626654769362,-0.3107426224390235
core_secure_pairs,0.7333333333333333,0.3,32,-0.3341822848650566,-0.5362551403326624,-0.12858071992483827,-0.7273668193546647,-0.9028302292814344,-0.4559115156084474,0.5131158953124566,0.38285147699333605,0.5856760431540351,-0.15270296374592696,-0.4323139353781184,-0.08159634032045858,-0.28995630687111373,-0.5761877801045099,-0.0196037279095501,-0.8887381774604837,-1.0513538082014637,-0.5208688399889877,0.8123393140619932,0.6505945814905565,1.310530311189752,-0.385034322300256,-0.5738351125013728,-0.15885078814883918
core_secure_pairs,0.7333333333333333,0.3333333333333333,32,-0.32271375052833956,-0.538955589539235,-0.12841114818507474,-0.6755585762398273,-0.8426357718609807,-0.4201273829765905,0.45579065323848955,0.356369934370267,0.537415669354388,-0.10702022812664963,-0.4368660361776523,-0.06580210603471887,-0.2858731394904073,-0.5448279798511896,0.004876519279152548,-0.829590938386376,-0.9691046632579692,-0.4671740466879877,0.7353892094674772,0.6192971279820976,1.2914825579398896,-0.2967609800070554,-0.755621161892162,-0.10093183684683862
core_secure_pairs,0.7333333333333333,0.4,32,-0.28962237270514557,-0.4683547875417398,-0.13060259107588532,-0.5726300270046067,-0.719768712339016,-0.34535195225665816,0.3196188525153313,0.26582516327779143,0.4164420227462172,-0.13144857663186943,-0.3220532721315299,-0.05869226306570931,-0.2603621806297344,-0.4800912209310935,-0.04974238969213061,-0.6979464855313674,-0.8244987617268527,-0.3956663299773321,0.5578736968352098,0.3915156451870385,0.877655057429885,-0.23526314476891225,-0.5171931230463047,-0.11063861294965475
core_secure_pairs,0.7333333333333333,0.4666666666666667,32,-0.23047094960881356,-0.37708363260305355,-0.11630774619317719,-0.4639493613286433,-0.5916909477228601,-0.28953750474316853,0.2559326850394801,0.2210693852708949,0.32095796488247486,-0.09737658349257906,-0.1883851874481706,-0.03839001815849586,-0.21553953352558702,-0.4017325565862565,-0.036574929544466936,-0.5596904109336471,-0.684695970866897,-0.34037516801283085,0.3925195335165632,0.3102791713740355,0.5849004662498754,-0.13130230764120399,-0.2791475665738823,-0.08053139124901137
core_secure_pairs,0.7333333333333333,0.5,32,-0.20778705989375587,-0.3377322972090247,-0.10162481302187659,-0.4149813103557063,-0.5257455006253537,-0.2488316758447292,0.22071508144178456,0.17309608739808757,0.2710818486403521,-0.06411678773495276,-0.13178390443490687,-0.036716599319790474,-0.19959988184796262,-0.36131115910962186,-0.010161424292083021,-0.4913793497432595,-0.6115291771452462,-0.3003592361123999,0.3198679558868012,0.26060278460805897,0.4695753843398167,-0.11491599849294029,-0.18057746135210095,-0.05677389563863393
core_secure_pairs,0.7333333333333333,0.5333333333333333,32,-0.17882511440381754,-0.2962913076645289,-0.09202444060865232,-0.3552646720765536,-0.46042828229748833,-0.21564031616653367,0.18188489978310668,0.14553411614949305,0.21953503407799738,-0.04606927891217845,-0.10175221786258717,-0.0304702766313229,-0.17871370722176957,-0.31687945850221905,-0.012247724434774235,-0.4280393804919033,-0.5265881285606677,-0.2603611808767352,0.26823834459053425,0.2252686160262949,0.36612144202386077,-0.06950753844390192,-0.11972574858898336,-0.047517147993823255
core_secure_pairs,0.7333333333333333,0.5666666666666667,32,-0.14461355702786038,-0.2520763056914318,-0.05552304875133789,-0.2999025906164023,-0.38978521745763617,-0.1774652931798289,0.1487132319440927,0.12923474778149008,0.1768996740171537,-0.0345572078964866,-0.0669114238302787,-0.016892266222075555,-0.15846870889008569,-0.2681468998710994,-0.02312190728330714,-0.3669867172188833,-0.44805994601804733,-0.2202464592676634,0.21507341818581582,0.16704096745122185,0.284732803924984,-0.06217528161697476,-0.0994430512835834,-0.038469959440234285
core_secure_pairs,0.7333333333333333,0.6,32,-0.12615675269265236,-0.20623387450100236,-0.045276514523012894,-0.2440049854293975,-0.3182612767993425,-0.14279465290839433,0.11589763801106573,0.09667611154089337,0.13818430471595708,-0.023440385026017127,-0.04261521159145264,-0.01049611155685534,-0.13132272370268602,-0.22209641623917767,-0.022473213577833093,-0.29000707364811196,-0.36580705497102106,-0.1735520181442119,0.15933026351825091,0.13772400029728118,0.20680145674877892,-0.03944590651559515,-0.06302854175534456,-0.0186589920331722
core_secure_pairs,0.7333333333333333,0.6333333333333333,32,-0.08653662457687095,-0.15760254817757863,-0.03409231232626728,-0.18480056688823515,-0.24362421243289764,-0.10733596151221918,0.08848401000485878,0.07384028092903358,0.10443815480432832,-0.01517727994352068,-0.025926710498360303,-0.005793870957466611,-0.09821866655976765,-0.17088673787905567,-0.0214796350344696,-0.2272914083117388,-0.2750566406011683,-0.1337307180631173,0.11705367290436942,0.09547956130562288,0.1390206609618537,-0.027304894507645654,-0.03871127110810244,-0.009357426833299168
core_secure_pairs,0.7333333333333333,0.6666666666666666,32,-0.0610099825291785,-0.10632817879246112,-0.023533289757742264,-0.1247385397784616,-0.16578209044407283,-0.07527369062584167,0.054611102190447625,0.04242525949572783,0.0661261724990738,-0.00588569674798009,-0.01317935936053792,-0.0032203993728047425,-0.06724456791262781,-0.11951857766840593,-0.012459490237436312,-0.15055933785843015,-0.191241105229665,-0.08495232624834986,0.07121132285406923,0.06303775305446782,0.09197690656711849,-0.008799350353221245,-0.01729698990385825,-0.006240545577472629
core_secure_pairs,0.7333333333333333,0.7,32,-0.03277382538678725,-0.054100177523416414,-0.011526362854755062,-0.06377708875550407,-0.08492166979842419,-0.037820340247647875,0.02690546613614926,0.02172801182712322,0.03308706827575365,-0.0015131307405726602,-0.0027306830677294993,-0.0007408231745211977,-0.04092155325246404,-0.05470936763332506,-0.005254672498509843,-0.08097473879218917,-0.0986748988108308,-0.050757682123715384,0.03601338224154324,0.024926458706045977,0.04194927179132432,-0.002374856210648631,-0.005337947020745332,-0.0010871400689951832
core_secure_pairs,0.7333333333333333,0.7333333333333333,32,0.0,0.0,0.0,0.0,0.0,0.0,-2.2266638305651346e-05,-0.00012726540698224095,2.8647591323829883e-05,-4.022413592703887e-05,-0.00010550098226928814,2.4512850985289992e-05,0.0,0.0,0.0,0.0,0.0,0.0,1.1935883578798842e-06,-7.889136153853282e-05,2.1142703652610176e-05,-2.7657297212393954e-05,-7.234914344514398e-05,1.8091152523144732e-05
core_secure_pairs,0.7333333333333333,0.7666666666666666,32,0.027545204503922616,0.0024178500984146653,0.04298723336361329,0.05470603639314933,0.027919096697523807,0.08048829854592252,-0.031618037156419115,-0.03966984945819692,-0.027787533735903654,-0.0017751407307708418,-0.004478263407170044,-0.0005792591239931963,0.01883529594868913,0.003224225950765767,0.05122205206742156,0.0763206410582874,0.005224912361093597,0.0970019767830073,-0.04238341907240267,-0.050904208846997964,-0.03643653369980591,-0.004319487742758393,-0.006965019383885162,-0.0016482900412219251
core_secure_pairs,0.7333333333333333,0.8,32,0.05215605976621937,-0.003841737273322928,0.0964783148856259,0.1057986444864184,0.055417425524135186,0.1665549837904865,-0.060710834125994595,-0.07287274860228873,-0.0516335856101258,-0.00794220594996703,-0.013728579998303056,-0.003460237141878619,0.06100628401942465,0.004409338466064387,0.09719958519416678,0.15230797181288064,0.06595716583242442,0.19141017301141705,-0.08553627516220785,-0.09556817426898839,-0.06853928439731707,-0.012396276222611274,-0.02341118665199479,-0.002713622284341078
core_secure_pairs,0.7333333333333333,0.8333333333333334,32,0.08578526674705081,-0.006640487935202429,0.13522210151821915,0.16608984164451104,0.09078329826698711,0.25471583917918283,-0.08977787149538663,-0.10396601138526841,-0.08202890795207185,-0.017254212157101878,-0.03156993584707073,-0.006311921528662747,0.08219464015481237,-0.014250891056333393,0.1520822564488533,0.22180425932082093,0.08496260379869564,0.292845312150793,-0.12389998031991264,-0.1367430609204248,-0.10672637239804428,-0.02197780794575955,-0.03938370215801813,-0.008585454957244505
core_secure_pairs,0.7333333333333333,0.8666666666666667,32,0.1158912246971362,-0.013920653526345628,0.20242232951188774,0.2030657321389153,0.10137633009578173,0.34924520512717766,-0.1166350458642028,-0.13360721275497556,-0.10354027642992264,-0.020691157154210934,-0.051613224911900485,-0.00925359616160661,0.11389904490266275,-0.00975584659014803,0.22097192218928263,0.3014379032536142,0.12106578182814885,0.42838076030176486,-0.16175496924594224,-0.17617229895218214,-0.13627890484666672,-0.0390850471615851,-0.07259687819233619,-0.019291544543433
core_secure_pairs,0.7333333333333333,0.9,32,0.133152484959483,-0.013723216260963785,0.25764662381491676,0.2636367453812847,0.1438714910289849,0.4111184922287128,-0.1413000818065102,-0.1619072626121863,-0.12507854891806108,-0.031942765328088284,-0.11327678034238345,-0.021794173513382514,0.14607786025784525,-0.005177096901097727,0.27897204342368653,0.4049576002359775,0.17619976873256804,0.5800054202364118,-0.1894866494322853,-0.21604009274733918,-0.1701361607032964,-0.06519463234021519,-0.1455745956305694,-0.0324730052334128
core_secure_pairs,0.7333333333333333,1.0,32,0.22631302333131387,-0.012943484405024307,0.38115009767291896,0.3991162446727027,0.20123504347659887,0.6506459079456414,-0.21277185247771252,-0.23719458455365702,-0.1838926339166319,-0.061643553602598725,-0.1460558093466186,-0.043121737230514684,0.24621071381785953,-0.0011689272768115816,0.486238544092617,0.6492605962020714,0.27571604564269464,1.0984458432632342,-0.29291329791670706,-0.3180638382229661,-0.25488939039013314,-0.12628396966021838,-0.2793941121472372,-0.0808681983080008
core_secure_pairs,0.7666666666666666,0.0,32,-0.6331935732372326,-0.7579459125204951,-0.19185304717633467,-1.2485360274340684,-1.4649071524516706,-0.7490535709159648,0.615222019844851,0.4354372957112656,1.1525285015377507,-0.2989791753303388,-0.5994139918637456,-0.09516915021740402,-0.05339237731061269,-0.6148911020030152,0.25055155294694964,-1.4247209817071458,-1.7936560320820978,-0.86020218138969,1.4581455255636888,1.1332074805011527,3.026285787154441,-0.6659928497398602,-1.6392725867821136,-0.5284363944626007
core_secure_pairs,0.7666666666666666,0.1,32,-0.5992778877690914,-0.7388658458442329,-0.14453517658989143,-1.1019552649790412,-1.3098304360030468,-0.6668914595088954,0.5976196633395239,0.39446124366521756,0.9915307815257305,-0.27688770823632924,-0.505911917331265,-0.16078910070367491,-0.21843168230993337,-0.726686139124218,0.1263739186555094,-1.269098938464621,-1.6029764288338175,-0.7599774592168292,1.712532283598591,1.1120509641075227,2.358488777916822,-1.0936588966372138,-1.7428792469397267,-0.34163132952986136
core_secure_pairs,0.7666666666666666,0.2,32,-0.5604170070475587,-0.7098690085859878,-0.17415632559743788,-0.9513183382479207,-1.1482197671606098,-0.5790647457489335,0.601648024354932,0.3684701563805821,0.7253386516995578,-0.19050658410611154,-0.4477432162078461,-0.131760713084827,-0.2920669802358291,-0.7181774178384059,-0.0380086998421455,-1.1152313253080655,-1.3795571000923288,-0.6598343507483063,1.3309142144895523,1.0904929787754911,2.095269311906755,-0.7305413776456211,-1.168973420710034,-0.3375023974526098
core_secure_pairs,0.7666666666666666,0.3,32,-0.37679852585603163,-0.6074456805133924,-0.14285545005516906,-0.797436670734655,-0.978745627875293,-0.48459144767255163,0.5820090593742699,0.4575081219506724,0.6533934560363949,-0.1671290758890691,-0.4646387717342839,-0.11070093917291902,-0.3246942941982753,-0.6406545405109355,-0.02967458572637427,-0.9515048413265033,-1.1330532450529216,-0.5648409947717168,1.0441299675339881,0.7511383579170596,1.7826710715016207,-0.5235834170264471,-1.000007690053462,-0.14041728922707583
core_secure_pairs,0.7666666666666666,0.3333333333333333,32,-0.365582595751886,-0.5753848559774174,-0.14997471702691825,-0.7452656420547016,-0.9187128390495332,-0.454750970384778,0.5257420193131234,0.3969994500991765,0.5647124420565218,-0.1392248798337068,-0.48474067889829975,-0.09650264596346625,-0.31489831397968054,-0.6115791106398853,-0.027606045357944357,-0.880878708049543,-1.0603396611616431,-0.5279171953968249,0.943530500922515,0.6391941933903075,1.7168819965320241,-0.45393686046752135,-0.8549592383349476,-0.1433131169724295
core_secure_pairs,0.7666666666666666,0.4,32,-0.33274600648471386,-0.5300470255884847,-0.15288210398734037,-0.6395019762142037,-0.7963489113511444,-0.3923633389502634,0.3821053081582777,0.3188069560499206,0.47259905279130277,-0.14105934680311538,-0.4126330763442142,-0.06184785187891251,-0.2967274403451112,-0.54477241907954,-0.014040743299783776,-0.7550382258131227,-0.9202331684953869,-0.44111594821766115,0.6652783407954665,0.4770030121355395,1.1570236406987986,-0.3027140314597939,-0.6676256153776445,-0.15383386136871308
core_secure_pairs,0.7666666666666666,0.4666666666666667,32,-0.27426182825218537,-0.4378827711565958,-0.14339888699857353,-0.5335778976865547,-0.6696406794366815,-0.32778361729669536,0.2912048647249723,0.24276413119417267,0.3715033680855264,-0.15244716261575375,-0.2497531071027968,-0.06418212905579108,-0.2583406492830672,-0.46927338953111053,-0.038305870416633366,-0.6246782142988783,-0.7724824887684322,-0.37369751403760865,0.4595716839504217,0.3693404722013718,0.7344971580050624,-0.22545170299857614,-0.4179500982799499,-0.13561968868254548
core_secure_pairs,0.7666666666666666,0.5,32,-0.247289660679578,-0.39811212877722246,-0.13487102672335433,-0.4760543487059189,-0.6043072185016349,-0.2954722320549681,0.25421751391628516,0.218818978891421,0.3214193866297722,-0.11429857894247265,-0.20528991359190518,-0.06702211028227002,-0.23813249624318578,-0.4289358741222421,-0.022952074030240528,-0.5596559552150157,-0.7034745905460771,-0.3250233620788723,0.3950460446918061,0.31681920727292345,0.5966308118484288,-0.1787349806074624,-0.27317522082397877,-0.11147674967814052
core_secure_pairs,0.7666666666666666,0.5333333333333333,32,-0.22095795260232154,-0.35611710118646744,-0.11624948327494766,-0.4209583831624797,-0.5395645345210839,-0.2554311351271541,0.22321108063803516,0.178556003230911,0.2717399074593246,-0.07866489125575565,-0.14737865483466062,-0.045184587923856406,-0.21555326318096535,-0.38378382028756924,-0.021120619081967607,-0.4982674032338192,-0.6272446735448058,-0.31148194101739257,0.3254156216775479,0.26186196883259716,0.4668960856904433,-0.10608766873423142,-0.1997525654038956,-0.06821762598833483
core_secure_pairs,0.7666666666666666,0.5666666666666667,32,-0.18400648294953587,-0.30045123653739647,-0.08116193526179288,-0.3681143751996734,-0.4716676552597344,-0.22475498379624004,0.18006544464114532,0.1461595237945031,0.22773248390642187,-0.055638676157146516,-0.11904807987163647,-0.029650128728434703,-0.19769991433799344,-0.3339490990599927,-0.034303012026185215,-0.42470886132077146,-0.5462531601260059,-0.2566470480840253,0.2780950794704585,0.21465561072955927,0.3715131751865477,-0.08642073449090501,-0.13764681284412494,-0.043652409552351445
core_secure_pairs,0.7666666666666666,0.6,32,-0.16271202723444203,-0.2500210253667716,-0.06218016608173352,-0.31098328636170963,-0.3996513161653559,-0.18463920524480543,0.16318439118007316,0.12615762199332814,0.1884942381849606,-0.0441457996150311,-0.07617006579886468,-0.02585669074860452,-0.17231271167322026,-0.287262611894691,-0.031245161315515784,-0.36188685343693866,-0.4645567336291527,-0.23210821544372204,0.2197223900283503,0.1743291661300628,0.28681228246342183,-0.059303066904519974,-0.09964566030510981,-0.03300483177178807
core_secure_pairs,0.7666666666666666,0.6333333333333333,32,-0.12611982851878994,-0.20478839207534838,-0.05340565295107174,-0.2525930790605344,-0.3243173571836812,-0.14163912463746015,0.11065518486021103,0.09268046909509904,0.13788997275003367,-0.01924333349111422,-0.045508853268329374,-0.011501217912612341,-0.14357336538960616,-0.23175106731493347,-0.02502870690331323,-0.29005234408233505,-0.38376533512389954,-0.17975374840431743,0.15756353123828762,0.1309531265384817,0.22397170488442608,-0.040596970212900485,-0.07383600346906688,-0.0230220223770379
core_secure_pairs,0.7666666666666666,0.6666666666666666,32,-0.09810208507166973,-0.15727308022418124,-0.03983794660602532,-0.19187216801309503,-0.24531655199504965,-0.10965539026709459,0.08237846529697779,0.06752986308174364,0.10536366233612397,-0.017348649654367373,-0.02686129424995838,-0.01050724976685701,-0.1122501786414024,-0.18511701675875486,-0.03085737784236752,-0.23057227408819783,-0.284173267831813,-0.1404727042260686,0.11738992610181312,0.09353550750960264,0.14117272643660464,-0.03141334667445969,-0.04550566821939297,-0.009725325280810947
core_secure_pairs,0.7666666666666666,0.7,32,-0.06729956193900805,-0.10760626605248563,-0.024801628309973622,-0.12808375420683607,-0.16580840443279832,-0.07202770074374346,0.05195232147125728,0.04291845099148842,0.06755246363005635,-0.005952008347919646,-0.013157492522481412,-0.0032540171786535066,-0.07909037235519513,-0.1261735049081285,-0.018426476900691987,-0.14995013261162363,-0.2027202183559234,-0.09948105801724304,0.07915159126737908,0.06708749322103942,0.09138380182008712,-0.01203230498735032,-0.02041846721584685,-0.007704063265626948
core_secure_pairs,0.7666666666666666,0.7333333333333333,32,-0.03295088350339159,-0.05537881777189484,-0.01632698129536104,-0.06632477684409477,-0.08543417543453916,-0.040102847715945,0.025471863076046666,0.020050660355890718,0.03308200067197697,-0.001955614245033377,-0.00330985937640281,-0.0009154499115151119,-0.040792478231978416,-0.0667944139590521,-0.0061112408726147266,-0.08411112314336834,-0.10805161646834095,-0.05626946743115762,0.03545227772342993,0.019739815707677015,0.04390338086825625,-0.0030684011825288233,-0.0054233882192396,-0.001125723158417191
core_secure_pairs,0.7666666666666666,0.7666666666666666,32,0.0,0.0,0.0,0.0,0.0,0.0,-2.3957458470058597e-05,-7.989231889604653e-05,6.75012405228076e-05,-5.710996742034835e-05,-0.00013736453748831867,2.6589523368272798e-05,0.0,0.0,0.0,0.0,0.0,0.0,-1.8313971340055907e-05,-5.674430252081142e-05,4.981775634883835e-05,-3.268474696979666e-05,-0.00010137877476863733,9.217641178782541e-06
core_secure_pairs,0.7666666666666666,0.8,32,0.02885977351839783,0.0067397872823926775,0.04954775907907199,0.05708943253888374,0.030846018131045386,0.08433662793024704,-0.03179798607919354,-0.03964345973155666,-0.02569853552012467,-0.0020906648974594877,-0.004496341801583814,-0.0011120527108533299,0.03012841609879713,0.0032157157475975343,0.05115829440392921,0.07552210741661533,0.004046788063489403,0.1010971727790626,-0.04212143232923783,-0.058240411791760205,-0.03591164627517949,-0.003085918051569339,-0.005392939243873379,-0.0010416594093875173
core_secure_pairs,0.7666666666666666,0.8333333333333334,32,0.05851614451814163,0.003565684593979582,0.10098276329621061,0.11952479107813632,0.0578871340946228,0.17748815373187365,-0.06289939154422035,-0.07403136621363127,-0.05601153217931536,-0.0069407105037887495,-0.01775343464580982,-0.002112991042995157,0.06296646332796965,-0.0024476564920485853,0.10420474908128027,0.15151163556859162,0.047378910213746045,0.20287759826635296,-0.08585427797871585,-0.09342051546917814,-0.07006673197517538,-0.010760229285293202,-0.022640721585640983,-0.006459579391041476
core_secure_pairs,0.7666666666666666,0.8666666666666667,32,0.08872489521350779,-0.004386081548773806,0.15405336940454792,0.1756289700854599,0.08010899638693957,0.28080828624498344,-0.09001626476692173,-0.10638246896607474,-0.0817749205828969,-0.022754280607784158,-0.04400809249926061,-0.011855999343767262,0.09188398306190321,-0.02033535051359502,0.16627498802416654,0.24331248854097953,0.10397943499228363,0.3330573984780685,-0.12242473212007152,-0.13590954376302972,-0.10683671387078938,-0.02900691491625551,-0.05652099319745982,-0.01456069987197683
core_secure_pairs,0.7666666666666666,0.9,32,0.11983943118980922,-0.014889885497784361,0.20953516622970494,0.20938413600296743,0.10380067008342458,0.3879144632085775,-0.11790333335351785,-0.1359665022620703,-0.10401859098229611,-0.026471503479975844,-0.07382076631954339,-0.013483286427983087,0.12356325303730326,-0.015634350098270498,0.2260522975995008,0.3348088002099338,0.11239743702170923,0.4644175192235156,-0.15771281507911394,-0.17694302448552648,-0.13510023311717623,-0.04556707921170404,-0.10571528936746448,-0.03269030697344518
core_secure_pairs,0.7666666666666666,1.0,32,0.21688188277084808,0.0004129599004161072,0.38118516322480334,0.34172422479635045,0.1913274635397506,0.5967761607101989,-0.1962662752874101,-0.21528882626312223,-0.17568255032701285,-0.056861010391385386,-0.16654907811160508,-0.03145344028478597,0.22208054669521687,-0.019019126798106887,0.4258111568676622,0.6265923792514387,0.24833820842773457,0.9963183450730927,-0.2641716842096521,-0.28620369624903524,-0.23953962401438,-0.11419963484928133,-0.28046039151206825,-0.05792453570209437
core_secure_pairs,0.8,0.0,32,-0.6624915407600753,-0.7723188452559917,-0.22068252947404512,-1.3389120536811412,-1.5425818813238523,-0.7872413844913911,0.5740040231924215,0.3646247503190456,0.7696170895721113,-0.37691609748152266,-0.5280686016917422,-0.1540142639852828,-0.08443716729890152,-0.6911232734191329,0.24032538731697328,-1.546081190249512,-1.87747363111712,-0.9174272750843486,1.4091473625611883,0.9318533566996159,2.358124174449524,-0.608375526094972,-0.8292346815654027,-0.1988486518263288
core_secure_pairs,0.8,0.1,32,-0.6322361979400439,-0.8001627436225738,-0.1611099873624925,-1.1947914446111572,-1.3888619864557112,-0.7015469653411552,0.6350662808745591,0.4347753876359664,1.044393077457577,-0.38544975496625045,-0.6169823880149699,-0.29825957025732197,-0.25113670127581106,-0.7998394862077821,0.10033724319417338,-1.3977047807363485,-1.662633262786515,-0.8088841201923769,1.4622169819905624,1.050594718681402,2.3790349628889658,-0.7885594043786033,-1.5924954827019029,-0.510614016370323
core_secure_pairs,0.8,0.2,32,-0.6006789255407622,-0.7482329408218265,-0.23545711486457918,-1.0285373662701671,-1.227617075402375,-0.6148117423740966,0.5533208240836596,0.2657256676122267,0.6971793116063992,-0.24560913186890987,-0.6091811331241164,-0.09304839408517458,-0.33716273055237544,-0.7815330026403027,-0.04197186510723034,-1.1914516702206368,-1.4141551719541259,-0.7114562211811737,1.5656477886096498,1.3177929689001409,2.643381858314135,-1.1771177303559646,-1.7962357166680274,-0.5815012607033916
core_secure_pairs,0.8,0.3,32,-0.4369960981587533,-0.6625865456554292,-0.1673250872748092,-0.8713861380228273,-1.0564661532994957,-0.5239282433537007,0.5511288621782684,0.35118996379045786,0.7220536206827397,-0.19406805959546736,-0.35550080209344825,-0.12318230287370066,-0.36489285112535685,-0.7006679559918665,-0.0888232397905078,-1.0087907371879434,-1.2172560177672076,-0.6108099045433864,1.3239216382493124,0.8266987976343061,1.9784072324688724,-0.6900423554658124,-0.9914741025702192,-0.21756187213279615
core_secure_pairs,0.8,0.3333333333333333,32,-0.4258743747594512,-0.6365480177691616,-0.17481017617017303,-0.8190095818573978,-0.9968418081569761,-0.49194895775945596,0.528107093002838,0.4605961048232481,0.6799258454676612,-0.17788991230317114,-0.4327239877502394,-0.09781653332334087,-0.3596409220896441,-0.6767250896116229,-0.07208505208333064,-0.9468500273857405,-1.1432038371560043,-0.5696518993546315,1.1228404392306839,0.7743359142748736,1.6656080063696301,-0.5980988503173907,-1.2540694722627859,-0.17043469849119058
core_secure_pairs,0.8,0.4,32,-0.3888768877682976,-0.5748564418995114,-0.17775467495957487,-0.71281218212459,-0.874975991448005,-0.42789127449744335,0.4236898601118411,0.35185149011186373,0.5163287354603023,-0.12352300371289976,-0.45499698944585554,-0.0754230987208449,-0.34308419939702695,-0.6124086080015617,-0.017981755541316858,-0.8250706148716079,-1.0010394993507084,-0.5018174141520758,0.829032272722301,0.5791350275124756,1.3560343750457493,-0.38393657467292575,-0.7291315863185064,-0.14749317413640722
core_secure_pairs,0.8,0.4666666666666667,32,-0.32238352063418296,-0.5028867565118902,-0.1681783463277502,-0.6054028306072488,-0.7492328566658656,-0.3626530575946823,0.3242862622176523,0.25334775254688746,0.41259100610002797,-0.1323481770648571,-0.299794973666505,-0.06100474456897199,-0.29442586938571824,-0.5396200636962507,-0.012990206491338975,-0.6996229262719318,-0.856773720604723,-0.4234809063109258,0.5858725463710589,0.4069469158692121,0.9669960853634794,-0.2811327485999177,-0.6738662133817794,-0.12730670523480597
core_secure_pairs,0.8,0.5,32,-0.292451426884497,-0.46303162792173586,-0.15907928517272454,-0.5515682742632606,-0.6848662663525238,-0.3211526202475565,0.2844998980680833,0.2095892065558958,0.3609992876365472,-0.13012490143380873,-0.254632553160955,-0.05104922783159974,-0.2833377902174483,-0.49898736439243097,-0.019837958849445277,-0.6319188214820157,-0.7839229026248182,-0.3949036713995855,0.4813895502812181,0.3686397132527911,0.7826661144880879,-0.2644991287178176,-0.4498592022682998,-0.10822858907877916
core_secure_pairs,0.8,0.5333333333333333,32,-0.2664657003396051,-0.4206923062512067,-0.13196285174255312,-0.4944977830184498,-0.6187276255935469,-0.28457543204206537,0.24915890831775356,0.21268430977063538,0.3035845728403079,-0.12321997357090297,-0.22888335092587822,-0.03835039963487247,-0.2603707511736587,-0.45116432689920266,-0.01691675881294785,-0.5691223598838351,-0.7110666607067395,-0.3435825848347779,0.4049333531211211,0.30154461724534287,0.6108641828027987,-0.1840091986818992,-0.3325453912865027,-0.07681203005838523
core_secure_pairs,0.8,0.5666666666666667,32,-0.22776815962650543,-0.3764578850175455,-0.10804517864891762,-0.4341228506180267,-0.5524488144025003,-0.24845265967724442,0.21787404618638812,0.1806263589576911,0.25876398845317217,-0.09111418037045546,-0.17563611713309601,-0.03562163245071456,-0.23459607873813274,-0.39662526964717865,-0.014642860625555637,-0.5073630266408279,-0.6411296663473307,-0.3081463475445112,0.3405617702642546,0.26223116369722493,0.4867838832269235,-0.12855280735960642,-0.22147907123188124,-0.0658403056455954
core_secure_pairs,0.8,0.6,32,-0.20844349998647138,-0.329662538548623,-0.07942296285460404,-0.3768404162760649,-0.48511898856033075,-0.21516841337617043,0.1829449108365495,0.14569471907256432,0.22780869397287454,-0.06985714837718907,-0.12483341085206713,-0.035417326598496474,-0.2128434740714788,-0.35351968800973366,-0.031199233353989532,-0.4328344113091136,-0.5674173848317405,-0.26500182331852756,0.2804422055822854,0.2108618473777289,0.3639397880645622,-0.08947416331578827,-0.17306709730417674,-0.05653767661784435
core_secure_pairs,0.8,0.6333333333333333,32,-0.17936504323952984,-0.26852452507293884,-0.08168951185269874,-0.3227308502252916,-0.4137574901163236,-0.17983774775673972,0.15720398675249372,0.12269310834841712,0.18064943696409588,-0.03872812288101746,-0.08343656931551433,-0.030111823556185573,-0.17950921177965326,-0.29899093391681,-0.023437410033288558,-0.36628176719615185,-0.4799761701016271,-0.22588721251395572,0.1996869678079935,0.1661487139648496,0.281163000882854,-0.07990710279287197,-0.1232237814818996,-0.051931125114109106
core_secure_pairs,0.8,0.6666666666666666,32,-0.14068832246703827,-0.21650436444988908,-0.044393999691460496,-0.2621550307824583,-0.3357203514774665,-0.13568519614596503,0.12146527717431452,0.09841820220848535,0.13774480974536868,-0.02864049778314841,-0.05532306927986248,-0.016300437852158962,-0.14561360393807699,-0.23991376803211173,-0.019054143546842255,-0.2945382022486018,-0.3882804764804416,-0.18637289684535258,0.17119580927458686,0.12977543475833264,0.20563950998566566,-0.049268016715514146,-0.07084078258843962,-0.02342982937461254
core_secure_pairs,0.8,0.7,32,-0.10940716537028722,-0.16684190943676389,-0.03343669590837505,-0.19835647913546903,-0.25131764190045003,-0.10306122059663404,0.08887042703351133,0.06920017457300681,0.1072531531335755,-0.021494583021812425,-0.03344891468263431,-0.011731057332250078,-0.11723829467961885,-0.1857437121727999,-0.015634562804229764,-0.22513145769484827,-0.29540903384910444,-0.145913250262626,0.1149703842034928,0.09460217736210269,0.1488439235605553,-0.02209742801855258,-0.04042472276068475,-0.010914072167160144
core_secure_pairs,0.8,0.7333333333333333,32,-0.07495224465075861,-0.11382051775290708,-0.02032449750863292,-0.13349806199762596,-0.17252353042275756,-0.07549674244136308,0.05538482168811415,0.046780987785258105,0.06906165161034708,-0.00853841746486747,-0.015094103338781598,-0.0037700565677940834,-0.08086474608930018,-0.12964711772017862,-0.01721761442604749,-0.152616491599062,-0.20252930408134134,-0.09266569069292627,0.0742376325090619,0.05882131484673042,0.09639499107730595,-0.011252818487217708,-0.022254295188256404,-0.006365712033750881
core_secure_pairs,0.8,0.7666666666666666,32,-0.039808510310426426,-0.05970954624808808,-0.00499455840460222,-0.0676613454744413,-0.09079746197130349,-0.03872318581714045,0.027244198850812806,0.021798360264119798,0.03335733961084075,-0.0022248608886364374,-0.00393105229003779,-0.0009449658902034308,-0.03543407197816131,-0.06811688829071613,-0.005356813669212035,-0.08421136235684151,-0.10477714848431494,-0.050594948149549415,0.03550675988302382,0.017017094882079975,0.04361942819055051,-0.004478465124089099,-0.006140016325222319,-0.0022123588819212975
core_secure_pairs,0.8,0.8,32,0.0,0.0,0.0,0.0,0.0,0.0,-3.8133093013592565e-05,-0.00012631827699576686,1.5411470797983832e-05,-4.3074303690895905e-05,-8.730860066902268e-05,5.6688753070813225e-05,0.0,0.0,0.0,0.0,0.0,0.0,-2.8143262580937457e-05,-8.30299325986078e-05,1.957519651757389e-05,-2.713056075531738e-05,-6.326334065253486e-05,3.5097716765714056e-05
core_secure_pairs,0.8,0.8333333333333334,32,0.030467167586544885,-0.0037434128494318454,0.05130169848871474,0.06384697391570068,0.024790477775162006,0.08938829517784418,-0.03135036012482481,-0.038128219457552265,-0.02729139576660615,-0.0023611565932907808,-0.004400945557827329,-0.0009521967694961356,0.030599693624728086,0.002575904037118673,0.05311226128183261,0.0698788946497957,0.00483332890156792,0.10130011559247147,-0.04457869336726647,-0.04952141813625849,-0.03574237285641735,-0.004601102063386042,-0.007172464804504786,-0.00197699757147067
core_secure_pairs,0.8,0.8666666666666667,32,0.05633107240827778,-0.005958714205624062,0.10447129714058151,0.10550116994093348,0.05940112737868451,0.1880146650845389,-0.062282456040616385,-0.07512201839594837,-0.05421400733615121,-0.00972246713543859,-0.019481010757036954,-0.002706465848719571,0.06352927329378888,0.0019257155064392184,0.11537817129404228,0.16629374111831702,0.03460504233087429,0.2116933645107373,-0.08654392619287343,-0.09696339126195708,-0.06924558175363066,-0.01570540135755155,-0.026706159256679116,-0.005994252026950641
core_secure_pairs,0.8,0.9,32,0.09108082405805584,0.00035606181456909183,0.15996329876384946,0.16596407971454144,0.08913907152824564,0.29266099002737894,-0.08940523492222659,-0.10620772267195931,-0.07952021354212366,-0.022554182607521345,-0.05082485634855912,-0.007192362522028351,0.09607801909399472,-0.01189643576048145,0.17288589454332653,0.23938227759690184,0.11235243041767891,0.33886978682021307,-0.12319999084734708,-0.13803896978542746,-0.10329814587932792,-0.03761018366008048,-0.06732215954832363,-0.020949897510338395
core_secure_pairs,0.8,1.0,32,0.18960543520635809,0.0070347836181849106,0.3169692964763621,0.3052121422894018,0.18308344453737563,0.5551921034264184,-0.16684157534953759,-0.1919594034908828,-0.1473498055666393,-0.057600407988025765,-0.13977463001874119,-0.02591687298505773,0.21201191591292834,-0.024783260471619564,0.3827192813513168,0.5380235207042854,0.21829331248117698,0.9005002496731187,-0.22846375585354395,-0.26364647950878584,-0.19726063029024885,-0.10551398532498742,-0.32521222372416925,-0.05510411535983942
core_secure_pairs,0.8333333333333334,0.0,32,-0.7523327080527372,-0.8450982612748348,-0.2461914842007621,-1.4022525027794472,-1.6224683440075371,-0.8682949752293151,0.753102190236125,0.637842894259677,0.971349103869227,-0.3188961032447324,-0.8183393744843223,-0.0474179980632077,-0.568206353387432,-0.7977960118426871,-0.039312587859794385,-1.6399111419648846,-1.8861994689167332,-0.9508249660025003,1.4576392708418753,0.8483183268271771,2.5763820658997982,-0.6539367138921722,-0.8993697705536349,-0.20847240295642944
core_secure_pairs,0.8333333333333334,0.1,32,-0.6774489702605716,-0.8751099476317048,-0.18815588276287643,-1.2552734745402774,-1.4696071750944377,-0.7430931053780804,0.6798069401696465,0.6047841919293742,1.016213858534968,-0.44071005252919115,-0.6103573919981988,-0.02914426838944295,-0.29989044405515114,-0.8704955826387784,0.09532556307489441,-1.4770262819920337,-1.720345228402004,-0.8623703754355573,1.2702553458974775,1.0304404117011208,2.06610337258365,-0.8652256074584983,-1.6739006807514496,-0.5556860490918394
core_secure_pairs,0.8333333333333334,0.2,32,-0.585121351690776,-0.816199720140059,-0.2747788232494173,-1.1042605051517111,-1.3089547043943521,-0.6569446819883561,0.6185663405363322,0.39501768048988584,1.0117248474925782,-0.4741882242610809,-0.8528723072505997,-0.25579908097843784,-0.4003689058759715,-0.8462074275924738,-0.07369518005358582,-1.291609728960933,-1.5037954198436916,-0.7617658612191391,1.658513003640403,1.285139497032005,2.106621166590492,-0.9779204637305479,-1.9384929430002407,-0.538391225893303
core_secure_pairs,0.8333333333333334,0.3,32,-0.5782986998699493,-0.7607509282124344,-0.32407467305634086,-0.949645268377314,-1.1359072689719223,-0.5643881987521481,0.5614038628968883,0.2444254006656345,0.7976523147833084,-0.21453700614115445,-0.5619886648838768,-0.14997100487450388,-0.426903360641987,-0.7780369461256045,-0.1194049138838359,-1.093956319417345,-1.3102480270300156,-0.6634051980447003,1.7195273706138763,1.1113859773677632,2.193255907063343,-0.9749393629900951,-1.5054322664962898,-0.41130660576688927
core_secure_pairs,0.8333333333333334,0.3333333333333333,32,-0.4746036429377444,-0.7024829817642184,-0.19957258728577204,-0.8970778578049107,-1.0765619974931713,-0.5337695284388406,0.533120647527881,0.3116194232537891,0.6848706071817194,-0.1989133257553554,-0.4785268994737992,-0.12398949098342042,-0.4314270666580181,-0.7543442354634847,-0.11463499096739621,-1.0310801646462822,-1.2436153357278674,-0.6167155755635586,1.4787090350442957,0.9840567489452948,2.097142963455295,-0.7744031867072169,-1.1434511539385768,-0.29613402973584
core_secure_pairs,0.8333333333333334,0.4,32,-0.430920487576229,-0.6408657848006957,-0.20243363953721522,-0.7905555902107844,-0.9556318806975802,-0.4693774906276561,0.47291981891788365,0.3882684339169665,0.6505110303044405,-0.19216619316211547,-0.5686580006093239,-0.08814436043923529,-0.399553166641109,-0.6931209051624397,-0.052143089802093,-0.9045958177482796,-1.1059102553415483,-0.5402354800586038,1.0177511601598803,0.72953026433551,1.7494546933537658,-0.5070243774343097,-1.3400039074254542,-0.23241499457465287
core_secure_pairs,0.8333333333333334,0.4666666666666667,32,-0.3864912645054724,-0.5696350577802008,-0.19294020744742482,-0.6815718015191211,-0.8306219598365563,-0.40347428880979236,0.36585004349592964,0.3011320533270061,0.43495497301016756,-0.13477604949709235,-0.37138330002812436,-0.06751869813452076,-0.36458472654238033,-0.6118938778207169,-0.05848585474158999,-0.7784339215033376,-0.953634940296111,-0.4607522479483129,0.7428081078444624,0.46863016568807625,1.3508681981491661,-0.38682827486418714,-0.8811193930087062,-0.11685171429690934
core_secure_pairs,0.8333333333333334,0.5,32,-0.34762288018722975,-0.5297279533649524,-0.1844164648555054,-0.6247425242580487,-0.76663226435342,-0.3718434822709451,0.33614237510095024,0.2580213220782962,0.4286800020662789,-0.12308709929794899,-0.39755121603824495,-0.0559383045199241,-0.3476653581926002,-0.5712671420046888,-0.02106893489340375,-0.711091959326873,-0.8843901470208001,-0.42826218119236037,0.6378139364649251,0.4259683908150389,1.0884123273199195,-0.37367464315880666,-0.9663558293823353,-0.2230115845077711
core_secure_pairs,0.8333333333333334,0.5333333333333333,32,-0.2961405953002534,-0.48725936178953416,-0.11262504596338073,-0.5671867295206992,-0.6986228937606936,-0.33501062629294986,0.2822726884578659,0.23758165217295388,0.37106740835700763,-0.11152111684749869,-0.27759741348380096,-0.05095127713641716,-0.3161331700338867,-0.5212019340336618,-0.027860619821883034,-0.6501208807713641,-0.814060440189237,-0.3972128577016034,0.5034050745619618,0.3621056441683404,0.8291117760078884,-0.31529350512676835,-0.7893764318787816,-0.11952014581910347
core_secure_pairs,0.8333333333333334,0.5666666666666667,32,-0.26570342534661173,-0.4415493209246328,-0.11343135199915254,-0.5090464150209846,-0.6314671339216353,-0.30262194294285594,0.2538800577232056,0.20473669359115448,0.3215533790945115,-0.14935239438842432,-0.2619588076937526,-0.040853957892563006,-0.29900283489992036,-0.47916177232495827,-0.0249017857221361,-0.5851640135041788,-0.7390354146411859,-0.34520196966780325,0.42865811545015553,0.315102778341312,0.5715210231255602,-0.21427525398665404,-0.4342201373433505,-0.11460006720146637
core_secure_pairs,0.8333333333333334,0.6,32,-0.25070693340836714,-0.3934724825051533,-0.1005307972852071,-0.4502492534399685,-0.5671843865318873,-0.26282142822783916,0.22471770765742366,0.17926468374805118,0.2724262564484135,-0.10726326912044634,-0.19909165788154093,-0.05108096867619885,-0.2730729294491691,-0.42380084046098115,-0.03290781738943568,-0.5175597791437849,-0.6670036629545752,-0.31773031385446343,0.3308461046350374,0.26806842740282844,0.4926805602078001,-0.15124187445873022,-0.2602017905425612,-0.07152724795682222
core_secure_pairs,0.8333333333333334,0.6333333333333333,32,-0.21275554188185214,-0.34382872623149185,-0.0774825875687641,-0.3889026882496863,-0.5001283245217539,-0.23166917135352996,0.17333407729197384,0.15373313879795453,0.234475385126652,-0.07530002832398011,-0.14255627246452177,-0.022786323934804148,-0.24049276471433853,-0.3741853201992448,-0.0282381610527904,-0.450379538812977,-0.5824641737516707,-0.25537763412876624,0.2874683696485656,0.20300390297681023,0.36351917044158766,-0.10674405642752136,-0.1861767578804408,-0.05994126414030762
core_secure_pairs,0.8333333333333334,0.6666666666666666,32,-0.18506838246448945,-0.2918255388699841,-0.06597868382623837,-0.3242917022665127,-0.42908377679168236,-0.18901407252867947,0.15164037034859054,0.12511109677359733,0.1849910632256697,-0.04688259684178477,-0.09860383813413745,-0.021062311770357833,-0.2073020232053426,-0.32120885591923826,-0.03055038116463787,-0.38632265048279446,-0.4933465904116645,-0.24590677804139688,0.2074292408147987,0.17394903357702404,0.2654491111230855,-0.07838879082916507,-0.11813698582954629,-0.0546625460843651
core_secure_pairs,0.8333333333333334,0.7,32,-0.14280897470278858,-0.22770677054275,-0.05447724572973826,-0.2600185795029988,-0.3504490208225559,-0.1557722875717284,0.12053397851280681,0.09697815210940552,0.1399480771085377,-0.03136973684814112,-0.06457146221541389,-0.013723773323482388,-0.17372762498463834,-0.2614626462552181,-0.02755013344094558,-0.3157140552205612,-0.4093333214754882,-0.19958405179445818,0.16800896656867015,0.12479885037944585,0.1986482326025832,-0.05111924944001291,-0.08070457718696278,-0.02796686085840847
core_secure_pairs,0.8333333333333334,0.7333333333333333,32,-0.11763730736973532,-0.17457749588906,-0.03049231091964914,-0.20063004922058975,-0.2679484055311808,-0.1177605160607617,0.09436846280347083,0.06961797935268163,0.10468081855530675,-0.02134013930793938,-0.03649871034253496,-0.010888689565898307,-0.13203629840471842,-0.20580336021046197,-0.015613627954745773,-0.23915394516376848,-0.31840035707846914,-0.14289629581565086,0.1147747005608678,0.09421815033088746,0.15002398363951072,-0.02872268445698585,-0.04143014695754518,-0.02093909615485544
core_secure_pairs,0.8333333333333334,0.7666666666666666,32,-0.07850435629716498,-0.1196470977396758,-0.02457668450972915,-0.13950735754261764,-0.17938187369084313,-0.08010570120603797,0.059787251351895665,0.04754689734735246,0.06712252555908267,-0.009314714536732882,-0.014541094858688874,-0.0030566403493680473,-0.08913292579368809,-0.13948834449084582,-0.017690716989068395,-0.16584093616631884,-0.22341487703677484,-0.09062105415788044,0.07638557371086972,0.059134271727111214,0.09288405217484191,-0.012943165883524527,-0.02360877407841859,-0.0057996402937515665
core_secure_pairs,0.8333333333333334,0.8,32,-0.04123144600350093,-0.06151244339040075,-0.008374424262271066,-0.07098233920129399,-0.09272834739746527,-0.039747209646784895,0.025816889903945567,0.021386590948843154,0.03033497419876847,-0.0029326895163605537,-0.00480910581125045,-0.0006016420970848049,-0.0495416655296696,-0.06884599608824452,-0.007483916051355343,-0.08798747164425155,-0.1193556868220037,-0.0525215772162942,0.03743584718336079,0.025153255019413998,0.051343110160141855,-0.004289110755118286,-0.0077340388773814986,-0.003035228179876905
core_secure_pairs,0.8333333333333334,0.8333333333333334,32,0.0,0.0,0.0,0.0,0.0,0.0,-3.809328068302145e-05,-7.642120057910205e-05,8.023798184486619e-06,-1.978251648587781e-05,-6.176126916188074e-05,1.9754587876342523e-05,0.0,0.0,0.0,0.0,0.0,0.0,-2.811387999537842e-05,-5.5447420405002605e-05,6.195111371093435e-06,-1.08872233785806e-05,-4.6592128561909196e-05,1.4141295132774624e-05
core_secure_pairs,0.8333333333333334,0.8666666666666667,32,0.03080227846489969,-0.002228456576236215,0.05299667160626825,0.05531161999511941,0.02079707707145836,0.0917384613443474,-0.03211402985446618,-0.03813279236269908,-0.027187994037016543,-0.0023874589577375645,-0.00515689111736331,-0.0008528205064716048,0.021155705138109288,0.003000326893444643,0.05772640090623388,0.06662851469048595,0.009949855069732165,0.10014035984713116,-0.047745656966976587,-0.05342103073674967,-0.035309473401226504,-0.0034753871109087092,-0.006047553340593162,-0.0017250082325979959
core_secure_pairs,0.8333333333333334,0.9,32,0.06085745356112965,-0.005836102279582203,0.10824531797989881,0.10803876186793074,0.051581019173031845,0.19570349804278686,-0.06238724761727511,-0.07397949593953808,-0.054060591213885054,-0.010216912213427104,-0.023423019697457914,-0.002477000642865073,0.06534403921752083,0.004208031858837881,0.12337408213493561,0.16519821366898335,0.05707616072637898,0.22967054355370595,-0.08972586756569373,-0.10052627048889927,-0.06943970851013986,-0.016395793632115362,-0.03110294793607324,-0.006367760283291411
core_secure_pairs,0.8333333333333334,1.0,32,0.15538665221898545,-0.01581079798216442,0.2897343571860137,0.266118879842595,0.12430223932237267,0.45956301469260485,-0.14460890522802705,-0.1637986458599449,-0.12693329613928478,-0.04082853752597719,-0.09846852866204923,-0.01357353013783931,0.16695841122427507,0.006682277048557528,0.3259046962646988,0.44117869326222603,0.17787244671578167,0.8060843041533758,-0.18392286500778182,-0.22355058599803687,-0.1713522646959213,-0.08108058358810413,-0.29553703660076536,-0.03617386736666032
core_secure_pairs,0.8666666666666667,0.0,32,-0.8391891032941111,-0.9211186530803055,-0.4213706449661437,-1.4780745905642991,-1.709785489393008,-0.9361364910823408,0.6396223202964375,0.5873755271059692,0.9770135921822652,-0.16350733344589052,-0.703820856822954,0.01118802434031374,-0.6348632920140338,-0.8806978294047183,-0.012787612713226058,-1.6893898208064824,-1.9470986018799799,-1.0552758824818502,1.8196465843293512,1.064549671550052,2.3735348506708416,-0.47747096693695434,-1.0513991578871453,-0.10729939774850525
core_secure_pairs,0.8666666666666667,0.1,32,-0.7578432734963618,-0.9447870776312443,-0.20940293414842254,-1.339978128845992,-1.557305636247452,-0.8101136433617506,0.6120663080051842,0.49047939210816927,0.8773264980404748,-0.25058140809943275,-0.6192695480684394,-0.06314264656452573,-0.35223067202246505,-0.9413318414196086,0.09078094514071461,-1.516603246000131,-1.770680260291008,-0.9488887228253203,1.3332173505970588,0.8328631339510406,2.2193231773049313,-0.6057386404127472,-1.0084310438685482,-0.14860844207655052
core_secure_pairs,0.8666666666666667,0.2,32,-0.6828124932091452,-0.8748065865912337,-0.31180089542890943,-1.1893113866284977,-1.3928340128473025,-0.6860263368881561,0.5294429119815623,0.3372640067340533,0.9260794977258211,-0.3845868001302147,-0.7048646632083265,-0.1183008777422889,-0.4981433629483818,-0.9189346130423148,-0.09424616626280599,-1.3414491651787457,-1.5849117928752443,-0.8455560397406064,1.5428046727950817,1.0850701976790302,2.02025281067983,-0.8390683681208504,-1.4257938632731193,-0.48050332980956334
core_secure_pairs,0.8666666666666667,0.3,32,-0.5847828141508479,-0.8004847846701243,-0.37357640784246093,-1.0285434473590482,-1.2203368478146748,-0.5959581054846275,0.5683684347125673,0.3271162826508535,0.9857343109051331,-0.44080293211733246,-0.7658315639563419,-0.16350313911702014,-0.4819477321626742,-0.8628952185979907,-0.1448614109783061,-1.162032914962542,-1.3882259429679027,-0.6906403035570362,1.8336365602680156,1.1133566405498252,2.1352681413030545,-1.0687360699667252,-1.667667246346733,-0.5044613919788696
core_secure_pairs,0.8666666666666667,0.3333333333333333,32,-0.564077077848895,-0.7738150565533519,-0.3795187973526468,-0.973899267504221,-1.1613663396255878,-0.5650019564484909,0.5477306404382549,0.26844762212129386,0.8930719614866535,-0.36241139512279547,-0.6620573454155756,-0.1502280441952477,-0.4695918575749247,-0.8393071501716881,-0.13991507055100944,-1.1042525874967386,-1.3225665795845223,-0.6656379016953178,1.8782857886177722,1.0374466246998737,2.264370663080947,-1.0462587478199559,-1.383719738253137,-0.3999119257157637
core_secure_pairs,0.8666666666666667,0.4,32,-0.494339223299866,-0.7114641014385288,-0.24003803758191353,-0.8632680017408214,-1.040654034870959,-0.502026866284091,0.4961381167874156,0.3224697789455381,0.6988850194075946,-0.17053688040633616,-0.44575168509823476,-0.10668625198937191,-0.43662738106318166,-0.75569333152068,-0.12665780906960133,-0.9880728909194287,-1.1871642050229168,-0.5767214639402015,1.3211423474597832,0.9246156825938975,2.175246001452104,-0.6868177346392741,-1.2506647295781863,-0.413488296340074
core_secure_pairs,0.8666666666666667,0.4666666666666667,32,-0.44676844108435904,-0.6353644625389488,-0.22004053570530446,-0.7512546209835729,-0.9169562856850461,-0.43824003952646273,0.4112275394843349,0.35443408630205553,0.5755283599053139,-0.1580867613252434,-0.4670357560195013,-0.09160999235700816,-0.40981383609060373,-0.6809191416902662,-0.09042659208489134,-0.8650840819849335,-1.0322818903764652,-0.49491138185303385,1.0185356222735567,0.6349270751449816,1.8546950428845623,-0.43496941064307637,-1.396569077624341,-0.17763404883361203
core_secure_pairs,0.8666666666666667,0.5,32,-0.3842167950518839,-0.593310778842115,-0.2051423256145888,-0.6963972750371146,-0.848545075845518,-0.4027365284269703,0.364581006125868,0.2983685504634682,0.49867909291019835,-0.15366814811245366,-0.375811993410586,-0.05946530242898174,-0.3993915906572507,-0.6321748234835466,-0.005430443128837826,-0.8011059338920686,-0.9623403590353582,-0.4653694174276855,0.8109040725500817,0.5182997212549296,1.6789229500306497,-0.37471854044737024,-1.2342408175220703,-0.19364541637060037
core_secure_pairs,0.8666666666666667,0.5333333333333333,32,-0.36265177314944175,-0.5490886679996668,-0.17486871382493718,-0.6411681515295701,-0.7792294694951649,-0.371090109065614,0.3317909027566123,0.25971326179210785,0.43581416652333904,-0.1257183716546702,-0.35612653842544895,-0.05172772716172046,-0.3741889215177573,-0.5909180602840329,-0.004021954708133147,-0.7382063642564491,-0.8981433484111236,-0.4285664637723563,0.652525019300631,0.41599784102046544,1.2887371549115523,-0.3246674712201677,-0.9037890603771646,-0.13207618164964074
core_secure_pairs,0.8666666666666667,0.5666666666666667,32,-0.33078251630657585,-0.5031997905044105,-0.18005277841761946,-0.5810763549555151,-0.7112172249362521,-0.3338234415422682,0.2691307016523418,0.19069173321165345,0.3580768467295074,-0.10258295954983825,-0.3400329400473551,-0.06016198320033374,-0.3499782201220025,-0.5392234994527138,-0.04482553667418592,-0.6767190230324287,-0.8263959513451334,-0.39765113301416727,0.5925580460698615,0.3405744960046604,0.9593651939799278,-0.4538809758078598,-1.0707675778762635,-0.13843279088780674
core_secure_pairs,0.8666666666666667,0.6,32,-0.30557577315597917,-0.455942925776727,-0.16499050717962643,-0.5199149920863513,-0.648139468364126,-0.29995667055572783,0.2214828841717792,0.1807950419528664,0.3429224250674199,-0.10403310889272457,-0.2929590853402341,-0.053406090449557395,-0.3224187368764234,-0.49722847563160466,-0.039686688669458646,-0.6078414706163587,-0.7576459829131245,-0.34326103285936765,0.4636433347347406,0.2862584192953014,0.6383227605729658,-0.34921743798611804,-0.5723416142741167,-0.14718340280172393
core_secure_pairs,0.8666666666666667,0.6333333333333333,32,-0.2646501693975276,-0.4066603899266053,-0.1483508584225004,-0.46046653771375856,-0.5830291853981704,-0.26561894011649995,0.215746609994379,0.15622757369093923,0.29864352949824235,-0.11867708454610053,-0.243497593854282,-0.04721129572082142,-0.2933197973892179,-0.44214853802544635,-0.03603646808026087,-0.5399818422637478,-0.6804190058889266,-0.3027543310618812,0.3715455208964132,0.24853449439307707,0.47363279241067757,-0.20330866649709384,-0.352274592206581,-0.10570195821947173
core_secure_pairs,0.8666666666666667,0.6666666666666666,32,-0.23598424004195823,-0.3555835593472673,-0.1302096925316049,-0.4017275195654093,-0.5154103638703796,-0.22929532531449753,0.1717232348800174,0.14063424804695532,0.24058881893055428,-0.07899918526021396,-0.16183846444125122,-0.02634646316233986,-0.2598689117175482,-0.38462426475510836,-0.03098717038749477,-0.47369025449747715,-0.5994923202154728,-0.2668118566125943,0.29328325301346203,0.20315525240956844,0.3851596793699973,-0.13982331271364598,-0.25508210785322855,-0.08595970433334776
core_secure_pairs,0.8666666666666667,0.7,32,-0.1963747287623405,-0.3028283672698232,-0.07164309503270373,-0.34225990812591034,-0.44447064246105505,-0.18576807049091232,0.1386440566324322,0.11309219977661399,0.1992819687158831,-0.060461768224074036,-0.11468609794563084,-0.022434196486431676,-0.21351986471303713,-0.33730396175178234,-0.06830467800357912,-0.40393543486187244,-0.5169266958833826,-0.2179521273198366,0.23279485897189212,0.16174681191620352,0.2846289711249262,-0.11115929072169023,-0.15808904639621407,-0.04902500992603029
core_secure_pairs,0.8666666666666667,0.7333333333333333,32,-0.1567118712506312,-0.2468642879677265,-0.056448261835011206,-0.28068514760044116,-0.36930715493519983,-0.15604174846203,0.10689179872517512,0.09557402624621071,0.1502243177222131,-0.050462817584630504,-0.07284256088209094,-0.017406884167521633,-0.17533484434712843,-0.2784273052532053,-0.05122203389334639,-0.33013223727851704,-0.42178241763102653,-0.18221044174558598,0.1736367412182916,0.1277791396563527,0.21981743359514777,-0.06407046596825186,-0.0943229004116674,-0.030129671053426912
core_secure_pairs,0.8666666666666667,0.7666666666666666,32,-0.12046193492496343,-0.18942833238173745,-0.04664604617682544,-0.21227284338767272,-0.2836687137733312,-0.11502050676470205,0.08042766674835122,0.06996830089385327,0.10451207577477237,-0.023833882476108265,-0.04212730836031996,-0.008461932338397609,-0.13847276289768026,-0.21342187890529823,-0.02001820747064841,-0.25226042144257155,-0.32928818164192636,-0.1338315788702546,0.11600660398722219,0.09637119448421747,0.15095008434448662,-0.035868486298718645,-0.06444700033737921,-0.015324281337568243
core_secure_pairs,0.8666666666666667,0.8,32,-0.0826957697134856,-0.13035189571843708,-0.03141121983614746,-0.1488829843383057,-0.19405721640738768,-0.0724187952489902,0.05358007428932127,0.045325795292028986,0.06886104644319306,-0.010327556527572473,-0.0189422396317461,-0.0035084912958242074,-0.09018269770052861,-0.1427922201170942,-0.01188967786898667,-0.17581608618546143,-0.22855579280498087,-0.09804163782825517,0.07809796249830603,0.059081994951875494,0.09693978271250597,-0.020116443291839467,-0.026203940388007357,-0.0074330325799543805
core_secure_pairs,0.8666666666666667,0.8333333333333334,32,-0.04699128129683344,-0.06802249262792467,-0.021603656369128053,-0.07632901635673389,-0.10077509634636653,-0.04167198613219463,0.023772604356899152,0.018641239978878177,0.0329777877633386,-0.0030797690259445347,-0.005225646410082774,-0.0005988051581852085,-0.031202310180534626,-0.07267650235881443,-0.006017696784506096,-0.08577605034993355,-0.11749012263889164,-0.058145171589856395,0.0340825790940886,0.018919036444125736,0.05280463428768345,-0.0042718554721668245,-0.007962101808645428,-0.0008614639011063073
core_secure_pairs,0.8666666666666667,0.8666666666666667,32,0.0,0.0,0.0,0.0,0.0,0.0,-3.807898325985937e-05,-9.778272322494282e-05,-3.0757222747035246e-06,-2.905897433919113e-05,-9.011732739430678e-05,6.039341618066525e-06,0.0,0.0,0.0,0.0,0.0,0.0,-2.810332810709859e-05,-7.216631639690715e-05,-1.0364502492365939e-06,-2.144631553685494e-05,-6.650904522884082e-05,5.2093846208273235e-06
core_secure_pairs,0.8666666666666667,0.9,32,0.02797898119925768,-0.0017762253591513807,0.053662924164574466,0.05558492203345,0.0293781070894185,0.09847500967035155,-0.03234865775721729,-0.039850198272871035,-0.028639910232199806,-0.003460296117228036,-0.005269710290366796,-0.000605287192344906,0.04312723463628709,0.0037360258550449264,0.07264063087928779,0.07680774966500492,0.004682011477279452,0.11520591534257918,-0.04456156031801556,-0.052542642278189694,-0.03206115951622447,-0.003734020279332922,-0.013860445292297156,-0.00022018095432846372
core_secure_pairs,0.8666666666666667,1.0,32,0.13341416504097897,-0.015168209837980605,0.24497036829765217,0.22205160137919855,0.12814348936121933,0.4002019396568297,-0.12145409954658873,-0.13780961219571994,-0.11179455177032063,-0.029771235372554716,-0.09604705239165953,-0.013189137878885945,0.15987497017411817,-0.002261624100748561,0.28229441398051935,0.3271648272355012,0.14926533113913593,0.6910803223829062,-0.15990659052965012,-0.18375343628662644,-0.13845952954325097,-0.06349221236846955,-0.21895810180939443,-0.02424194677618776
core_secure_pairs,0.9,0.0,32,-0.906981122329539,-1.000475903514164,-0.5070867209150811,-1.5551016612582873,-1.7708499675238665,-0.9781152931899479,0.5302684559952761,0.3713184761389704,0.5565070819022317,-0.3439177517205336,-0.6835697819115978,-0.30836284174041423,-0.8190102891282587,-0.9970172222959359,-0.25614882150894314,-1.7688341977307576,-1.9200157898237231,-1.0661304752663443,1.9711435647845166,0.5866986625410302,2.491086465343664,-1.2084184496042067,-1.6761420265284874,-0.972944478447107
core_secure_pairs,0.9,0.1,32,-0.8054095415372318,-1.0057341891676672,-0.23897938460310644,-1.4173857935258467,-1.6440701166556475,-0.8585865841026398,0.5091313302527105,0.2564811517337464,1.2140930719583032,-0.1668870243843314,-0.8534723841572214,0.10414638087595195,-0.5049488382132288,-1.0020955714513937,-0.015293344071441145,-1.6062481956898802,-1.883715798946152,-0.9531723773898451,1.782718841690577,0.3298356183451899,2.3592248038366637,-0.4424442304779957,-1.0797354410790103,-0.023474751824128184
core_secure_pairs,0.9,0.2,32,-0.7538564720327198,-0.9516132074948919,-0.35660231745299775,-1.2616302027060802,-1.4776939234286481,-0.7600699838774463,0.6225748873414864,0.2052456683792547,0.8958663814205587,-0.36696789575755007,-0.6090220484496522,0.049213300832342495,-0.5667359974615996,-0.9862670408642256,-0.13218469159017462,-1.441246495376341,-1.698951668477595,-0.8506475242209774,1.7732770053345794,1.2700136988182114,2.2767924263265367,-0.9644322959537039,-1.3432399018824661,-0.5486257222434504
core_secure_pairs,0.9,0.3,32,-0.6840131595279324,-0.8718877455670777,-0.4302644232765952,-1.1016072491770657,-1.3060480417153872,-0.6378221605233838,0.5106519103016209,0.1724582567102093,1.0661275759857254,-0.39801483351917966,-0.7483787524653843,-0.053136965996464926,-0.5068750882529369,-0.9477210875769443,-0.14331676480775274,-1.2689509423912892,-1.4997368925743273,-0.7484040792931732,2.061259966261541,1.2983298471267812,2.3478370755294633,-0.7315538807613482,-1.4661844522096565,-0.5145291199953027
core_secure_pairs,0.9,0.3333333333333333,32,-0.6579147004833719,-0.8416998180430022,-0.44075162274266516,-1.0494798877688605,-1.2471854968778922,-0.604851598296241,0.5712586292078714,0.20681043374796723,1.0065741523642684,-0.40235743287007064,-0.6810547978070005,-0.1433214355331015,-0.5186954288304779,-0.9212257765267021,-0.17005724598714267,-1.2103785787580241,-1.4277204108707289,-0.7124418251963088,2.1093975983484365,1.3949002004100806,2.2700295485647626,-1.0431259998633913,-1.621484862550536,-0.46512460802625943
core_secure_pairs,0.9,0.4,32,-0.5736520272203542,-0.7758916294201347,-0.4206388625936921,-0.9382050447302155,-1.1276328546899568,-0.5373591573517636,0.5234320566328541,0.38906675644732064,0.9726082873765536,-0.3420114028175014,-0.8063442782399646,-0.1957648154401851,-0.49339877433889845,-0.8479770258887352,-0.15985209194145106,-1.0915271204133294,-1.279337910039413,-0.6255182985742659,1.4429659400332964,0.9009553561418608,1.8672800155305689,-0.9931669108039201,-1.3123304672622687,-0.3085968807302628
core_secure_pairs,0.9,0.4666666666666667,32,-0.5162189083833686,-0.6981899834616029,-0.3774071874404862,-0.8321307589666093,-0.9977387427707742,-0.47419123196787993,0.42564437030817126,0.25054248995443057,0.6426912483281779,-0.12141200064764429,-0.5239726448844301,-0.04887409530414038,-0.46324548437758933,-0.7533115838312248,-0.042107218452432524,-0.9692165825258227,-1.1284609927651879,-0.562906696913485,1.26750499818016,0.9080013761698194,2.0910902446975257,-0.7041851710580977,-1.8804283267038806,-0.342231322527798
core_secure_pairs,0.9,0.5,32,-0.4642503818305107,-0.6535931142541916,-0.2986207184027092,-0.7757800888810475,-0.929247066155692,-0.44291287194354095,0.40427936782536494,0.302672352843441,0.6661929792487432,-0.128977957551483,-0.40750677267592067,-0.07363510788462982,-0.4539296017623086,-0.7150103983192236,-0.04464360199532104,-0.9070962583251064,-1.0577974815690616,-0.5154918456443373,1.0289133328960471,0.7845001367759363,1.9944995961251215,-0.43483069357564025,-1.6874470384407287,-0.23840229594461884
core_secure_pairs,0.9,0.5333333333333333,32,-0.39803134360421477,-0.610047661210659,-0.22362787299176085,-0.7136166231041604,-0.8605465006242463,-0.40901406317792244,0.343454572283008,0.30592156767404555,0.6405927447733004,-0.12671116587292885,-0.36982792976597134,-0.06696792725392933,-0.4126657606594593,-0.6758915636764857,-0.0038572188027917904,-0.842481179284115,-0.9896205758212795,-0.475770291054266,1.0432694307403017,0.7375807507458317,2.175774879543124,-0.5314508670255254,-1.8289308524398569,-0.27621464864300377
core_secure_pairs,0.9,0.5666666666666667,32,-0.3704042062090421,-0.564588817100474,-0.20885538039968624,-0.6534548477646129,-0.790886995330271,-0.3764372343243371,0.3366129972292108,0.2462363465971813,0.5402383870338335,-0.10299802661673907,-0.4272044794221391,-0.06599059249678692,-0.4029222656784147,-0.6256092072908683,0.060746782704671494,-0.7788806466385358,-0.9243758075805785,-0.42696610375398175,0.7400459854694169,0.447012108269111,1.6893199947473303,-0.3599386095396061,-1.2800147952432872,-0.13783178133343457
core_secure_pairs,0.9,0.6,32,-0.3451226046100109,-0.5174734525291877,-0.19905502444220835,-0.5951976004270203,-0.727464539461289,-0.33855344299390144,0.29045904663368305,0.2430973052331798,0.46545059517167564,-0.10005507679512698,-0.4348060558824059,-0.04673055097147545,-0.37520386219035373,-0.5843666594132931,0.003068092528550198,-0.7162851759105308,-0.858105558401484,-0.39723647358961056,0.661999336422985,0.386570716309824,1.2512378513589584,-0.4959544357634913,-1.37854187523626,-0.10372840627478348
core_secure_pairs,0.9,0.6333333333333333,32,-0.3185140997769837,-0.46904731065788163,-0.17818950602009317,-0.5339918484733359,-0.6642853301291904,-0.3049847563131215,0.24046051710013483,0.17525909729334965,0.3314499913910953,-0.10266402444942846,-0.33061173287032924,-0.05173611402934065,-0.3470431304626606,-0.5309335911310037,-0.0360920651062077,-0.6463146902118082,-0.778179858285019,-0.35115774112708853,0.4980301794481677,0.2992394536687064,0.8754974844963044,-0.36615851721025605,-0.8514512601176845,-0.10770554076272393
core_secure_pairs,0.9,0.6666666666666666,32,-0.28878965606216594,-0.4187233164428362,-0.16044953516749447,-0.4720525424048014,-0.5985596083025709,-0.2701471323657473,0.21005412996691025,0.15008869690911983,0.26941511120398975,-0.09994145326539805,-0.2908670195501699,-0.042870145204910504,-0.31893542056084695,-0.48403360276761004,-0.030101257301606756,-0.5771871559775461,-0.7037110905054448,-0.30693266524234303,0.41951948631223,0.25514701564787845,0.568930840211673,-0.25256098964402374,-0.48149149530826496,-0.07281125734051917
core_secure_pairs,0.9,0.7,32,-0.24444852014431034,-0.36816247159628285,-0.13432194291937274,-0.4242721463623482,-0.5299733936250198,-0.23270039089179467,0.16491294915530963,0.1325008165051043,0.2595899086395989,-0.10458943073196289,-0.20344073089897355,-0.032119058105983256,-0.2781879918454477,-0.42667027133866137,-0.02611998213808301,-0.5044873613063681,-0.6244566830132379,-0.25772599603232266,0.31750690289982936,0.20431113101172566,0.4216936211946647,-0.18502393892553273,-0.30389287118030733,-0.08127849047291259
core_secure_pairs,0.9,0.7333333333333333,32,-0.20849020218165748,-0.316224915082402,-0.11488052202192477,-0.3524530115627612,-0.4580849003359194,-0.19991081671625144,0.1484095114485341,0.11904123342443587,0.20962419128644932,-0.08475865100546583,-0.14158134341234987,-0.015830547537423502,-0.23666043865161213,-0.366990906301244,-0.02934579350514213,-0.4331301010145092,-0.5386150999511818,-0.230507521810943,0.2340237768925044,0.16117476965583116,0.31647921373949384,-0.14085351678586264,-0.1766316400463383,-0.053767075812726405
core_secure_pairs,0.9,0.7666666666666666,32,-0.17470129316248661,-0.26138256489920286,-0.0666405654653671,-0.2903041770274678,-0.38183538666395334,-0.15896889889293242,0.11397455963315994,0.09339612305634303,0.1581976363301476,-0.05805195044579928,-0.08468034050212518,-0.013812219824602845,-0.19927216397110065,-0.3007045079889623,-0.023622737263972723,-0.3516221480096745,-0.4481180926882655,-0.17447597975440252,0.17816641960036253,0.12451923505268297,0.24199448495732012,-0.07518123346423457,-0.11045377988989466,-0.0316670561468536
core_secure_pairs,0.9,0.8,32,-0.12703081656869292,-0.20275647057840582,-0.051553822621529466,-0.22143033755273894,-0.3000068266097231,-0.12058791073603757,0.08977737183888057,0.06953749347075226,0.1094393780099989,-0.03134455921934604,-0.04984044042860288,-0.011260042331405054,-0.1588851699556848,-0.23222108341550476,-0.017647829394739925,-0.2772908410425098,-0.3504331137181603,-0.14229017723228343,0.12666263497532748,0.0883762285268587,0.16424761800260151,-0.04113503849789202,-0.06467472554107254,-0.020319977817250062
core_secure_pairs,0.9,0.8333333333333334,32,-0.09045151650922412,-0.1400285081573163,-0.03312145641281003,-0.153759817121647,-0.209041486014736,-0.08197519056082073,0.05420446305016148,0.04549970688755561,0.07344078650871713,-0.015576515048677634,-0.0228719857816419,-0.0027578796805752042,-0.10356493509469919,-0.15963963282143392,-0.014876820012967746,-0.1917382722351394,-0.2477446721018733,-0.09661621439928111,0.0854208518990894,0.06160780524636149,0.10336467989269642,-0.01823139577035196,-0.03436697609648359,-0.004757370838663231
core_secure_pairs,0.9,0.8666666666666667,32,-0.048244268522231785,-0.07263737351213514,-0.010886526374535174,-0.07692895480736356,-0.10866603605359007,-0.042855166604258255,0.024356396352211544,0.021195161104159324,0.036910145441958954,-0.004358195962120004,-0.0077555975012032746,-0.00039990445943063885,-0.058559648678984944,-0.08117663615631102,-0.008740774112010866,-0.09588987953108533,-0.12839925529498886,-0.04022932589526406,0.029016224280823455,0.011266475156673854,0.05019668233578828,-0.005538288056234019,-0.011683844526383907,-0.0002709957685673169
core_secure_pairs,0.9,0.9,32,0.0,0.0,0.0,0.0,0.0,0.0,-5.25788391786963e-05,-7.92330272560704e-05,-3.7537272793153738e-06,-9.620418947420268e-06,-3.8116122480960635e-05,3.129214373742695e-05,0.0,0.0,0.0,0.0,0.0,0.0,-3.677861097772794e-05,-5.8476134898399756e-05,-2.770353101116982e-06,-6.099323125952062e-06,-2.822523363696372e-05,2.3094455454036877e-05
core_secure_pairs,0.9,1.0,32,0.10405036800523776,-0.004212421227770308,0.19597879306950924,0.17706695022832808,0.0782110313677285,0.3137506987246215,-0.09763412525766285,-0.11100940480774027,-0.08350225769409571,-0.03274182692865937,-0.07655488921583581,-0.008337932874051745,0.1271419709435277,0.005046625504178049,0.21979570654554886,0.2579114363618168,0.11771814446201617,0.518685787895315,-0.1281410140223866,-0.15072101287199502,-0.10746768125268097,-0.05880235989284681,-0.11718245565432303,-0.014157768745526362
core_secure_pairs,1.0,0.0,32,-1.0994440105131738,-1.2576368172118984,-0.7404749539637443,-1.727368797479485,-1.9914555170911186,-1.1865252550868473,0.6314749830138785,0.6314749830138785,0.6314749830138785,-0.3798420067501592,-0.3798420067501592,-0.3798420067501592,-1.099750076611932,-1.3179477666733814,-0.6586681180280655,-1.930180942040315,-2.2487808735998662,-1.2230222811747986,3.1159990420303307,3.1159990420303307,3.1159990420303307,-0.5350785208390426,-0.5350785208390426,-0.5350785208390426
core_secure_pairs,1.0,0.1,32,-0.916734785795966,-1.2188964419928783,-0.7158639846575052,-1.5813803464921061,-1.944024917201327,-1.088000696134041,0.5238521559627093,0.5238521559627093,0.5238521559627093,-0.2954086153479446,-0.2954086153479446,-0.2954086153479446,-0.9293447123336334,-1.2847885240177468,-0.3448839426394951,-1.791243702825104,-2.2280021910866172,-1.08482207247043,2.5105414045492997,2.2078125858087843,2.8132702232898152,-0.7313249086021296,-0.8856544865864658,-0.5769953306177935
core_secure_pairs,1.0,0.2,32,-0.8820151530101529,-1.1867472268311055,-0.5413093744129862,-1.4313497473033436,-1.780283187230883,-0.9702942447974965,0.8008276971404504,0.6174402816330309,0.9842151126478699,-0.4745589624728907,-0.5976005926325421,-0.35151733231323934,-0.9012830665584167,-1.2403947505250321,-0.43875279631460473,-1.6290844752415548,-2.033515613429489,-1.0180353652055207,3.1158886809774082,2.4493486548470953,3.1159438615038697,-0.7846776158964806,-1.0116410914058367,-0.5577141403871245
core_secure_pairs,1.0,0.3,32,-0.8809588212055338,-1.1054346232526682,-0.6062832742128471,-1.2783308937872495,-1.6056683538311072,-0.8673392536425721,0.4892773930900509,0.4231503888395934,0.9252845986481045,-0.17402626985474146,-0.5736407545025565,-0.13327574654827043,-0.7322452411142832,-1.1725451872276709,-0.317865664826794,-1.447284074087639,-1.8196517469882156,-0.8964758915660543,3.115866185780231,2.1160658168879936,3.1159277102058294,-0.7939629087295316,-1.0711399001854724,-0.003603017813513576
core_secure_pairs,1.0,0.3333333333333333,32,-0.8631988211969495,-1.0724719984943807,-0.6104470062860957,-1.2298471430956275,-1.5403765218740513,-0.8341877888813704,0.7724510897545266,0.3901580537102224,1.275805444292692,-0.46220303427571513,-0.9003869850342143,-0.1272020130774762,-0.681964644435493,-1.1375963682049421,-0.28494258314776505,-1.3894075849650296,-1.747786252408261,-0.8313135504050372,3.1158886809774082,2.510437450148637,3.115969880989484,-0.6942486375670966,-0.9020834815832728,0.04183926431933396
core_secure_pairs,1.0,0.4,32,-0.8185939620801007,-0.9955336027781996,-0.5966737734952758,-1.1317440672885017,-1.408220605153369,-0.7603724418700178,1.258182262924151,0.615737940822946,1.498979344193614,-0.9042490268588591,-1.1020264131812527,-0.3233880558397175,-0.6795907881091975,-1.0761890413122834,-0.216218095196263,-1.2867095988166202,-1.6032095824194739,-0.7976895105777357,2.444820517082345,1.7981064549109642,3.115924733212631,-1.0577249544548901,-1.2547509365240768,-0.5527782793591365
core_secure_pairs,1.0,0.4666666666666667,32,-0.735061311817234,-0.9207203061257623,-0.5451424415070099,-1.015891547423827,-1.2741031945057426,-0.6887430119892062,0.9430136589719884,0.6667395571796016,1.1159216575852664,-0.5845994543802019,-0.7554594091491831,-0.29565241226281536,-0.6608530678067948,-0.9952045125841849,-0.20434626408896273,-1.1527132111835956,-1.450861262521176,-0.7049957617463052,1.8438849637264232,1.782802054007364,2.3937155387533324,-0.9131114653106396,-1.1353055907673795,-0.43032443577029156
core_secure_pairs,1.0,0.5,32,-0.7003921489504996,-0.8762732645161249,-0.5180704900820801,-0.957938409364858,-1.2123103124438783,-0.6493209156229431,0.779272550753956,0.5964603597468121,0.9091107851104974,-0.41969023576901804,-0.5433158252232726,-0.2862360069126402,-0.6515406498738618,-0.9632106343785292,-0.19835296805652197,-1.0856420054594416,-1.3814502646750864,-0.6336229060153147,1.7828138446943753,1.782757497290362,2.239583970675387,-0.6836303711215634,-1.2144743467350696,-0.3403610876295991
core_secure_pairs,1.0,0.5333333333333333,32,-0.6638905893020491,-0.8333771670338308,-0.48937229038448127,-0.9038888471907807,-1.1422572471611137,-0.6154329655424484,0.6769328552424374,0.49572883994349604,0.7311742787428617,-0.2706902834107047,-0.41032639529261117,-0.148136607156167,-0.6216100406523414,-0.9197329037034385,-0.18497216629041144,-1.0212623915842007,-1.315092474639763,-0.599020165432099,1.7827354376987887,1.2700773405834493,2.124461584054361,-0.6920741684549215,-1.125664589082025,-0.2668129709073542
core_secure_pairs,1.0,0.5666666666666667,32,-0.605601463805511,-0.7885772157184553,-0.45979389596530174,-0.8483709920838509,-1.0738121152351139,-0.5689667450782597,0.48522104096061824,0.3984580511310613,0.6146343850503975,-0.15694247891016805,-0.3350446201432198,-0.06852170484594745,-0.6015985993630548,-0.8783280327878461,0.02520496652035167,-0.9785383718756848,-1.242713773179049,-0.578709911466569,1.2700600473700967,0.8986055452212705,2.0325381336399584,-0.5195596409571633,-0.7211001968136451,-0.2725515277323717
core_secure_pairs,1.0,0.6,32,-0.5688240394210056,-0.7425467836022912,-0.4259364641279486,-0.7961860600199544,-1.0097582933786282,-0.5344386761505464,0.4078015496619075,0.36880147378097133,0.5634356935111557,-0.18199602033857776,-0.2902006249691468,-0.1385396935825756,-0.5644132898873279,-0.8325507141206556,-0.04716098365487752,-0.9074342357507602,-1.168081142243099,-0.5138627127287001,0.8986132712287049,0.7761680416973018,1.9926745659178,-0.3603719577852116,-0.4774729989951561,-0.21630715115708107
core_secure_pairs,1.0,0.6333333333333333,32,-0.5149164924011969,-0.6944591748892531,-0.3763699006949617,-0.743283814312341,-0.9446367266759131,-0.500552954308726,0.38008272620222583,0.27598791744258255,0.4874431853081762,-0.05955414231074324,-0.2354260623605814,-0.04813732624297645,-0.5465031472919598,-0.7833604781630996,-0.04264699805348002,-0.8660591231130818,-1.0990977370308068,-0.48333002403025627,0.7762311801808708,0.5126885193705591,1.9220822609478532,-0.2902219956194056,-0.4680840286424574,-0.14123296024693704
core_secure_pairs,1.0,0.6666666666666666,32,-0.48087551170929954,-0.6450564231811746,-0.33589183557443514,-0.685490851000198,-0.878225869152192,-0.4495078319712266,0.31475488789767125,0.2357116204568035,0.4195494009815066,-0.11157239583817619,-0.18876197893090252,-0.003500721429511193,-0.5063149393445522,-0.7265422046982066,-0.03804804037217502,-0.7973638524533095,-1.0289133239787116,-0.45863542917087474,0.512745872837489,0.5126156081497104,1.8608928493037682,-0.26349141474998433,-0.38586441530482085,-0.13896278234423898
core_secure_pairs,1.0,0.7,32,-0.44688227046387674,-0.5957438314083436,-0.23766766882270052,-0.6241776300168875,-0.8103655547390677,-0.3781494261809808,0.30828545625969017,0.2322067095481603,0.3705481769759428,-0.09860417884348753,-0.14669952731484315,-0.05149487676466589,-0.45551756906218427,-0.6711268132154011,-0.040771630521297786,-0.7327761903227017,-0.9550683212498563,-0.3985768116371522,0.8617995087521222,0.5126073583893566,1.8069545728042984,-0.18923269736688375,-0.2846238296692275,-0.13093848926218765
core_secure_pairs,1.0,0.7333333333333333,32,-0.4127167530720579,-0.5424644497648037,-0.21381093677547536,-0.5633382997120484,-0.7406125495005607,-0.31964094852508695,0.2798146974303749,0.19765683417762306,0.34325302055110374,-0.11135739257749705,-0.1321357526670489,-0.027740545071974664,-0.4161838944998373,-0.610484761325127,-0.04464993975314206,-0.6696326386143651,-0.8793710521823977,-0.3577676180615952,1.2878358149448954,0.4305135563002024,2.322198892584659,-0.16045766167817785,-1.5377216465527295,-0.11037373441638737
core_secure_pairs,1.0,0.7666666666666666,32,-0.36939247189305596,-0.4896350133045111,-0.18595205648527385,-0.5077897185270456,-0.6716737992183681,-0.28320698179628884,0.2499325615771767,0.18324055564954095,0.8953305223330195,-0.08612123686553869,-0.6813492440572633,-0.036031095909917904,-0.39032879469122517,-0.5516449038533635,-0.047656073535342,-0.5929572849293268,-0.8000389866409416,-0.32621660778053296,0.6349456679781578,0.30823206562638933,1.736346363266763,-0.19031624615480525,-1.370503533224795,-0.11740290392627123
core_secure_pairs,1.0,0.8,32,-0.295667514038079,-0.43128941521833974,-0.15813387008015078,-0.44529662024556377,-0.5997292257120546,-0.2452762694154643,0.19867783744276957,0.1657480588970042,0.6415400247684773,-0.062188574716199166,-0.4515076175849664,-0.03301785982218419,-0.3308293992061617,-0.49004881795361255,-0.10328971738621912,-0.533716453200135,-0.7119291081394152,-0.3039206400393867,0.3403074593631574,0.26354988220364983,1.1030131411410613,-0.2313444381705288,-0.8905385313234284,-0.07719699208846438
core_secure_pairs,1.0,0.8333333333333334,32,-0.2580067467412434,-0.37077715305644043,-0.10108834791336968,-0.3837189673407685,-0.5234547969780247,-0.20672330498878844,0.15488243226315201,0.1315113211333181,0.4638128277823337,-0.04101164731963647,-0.29278170986249985,-0.023132380855547044,-0.29189739742938625,-0.4298306737603096,-0.08063176126077123,-0.4729405592217191,-0.6232739459475357,-0.23970675547959308,0.31748942600406715,0.17863748645612165,1.0451143581089695,-0.1643340735141736,-1.0546348049672576,-0.05923583770274346
core_secure_pairs,1.0,0.8666666666666667,32,-0.20877322800510958,-0.3099711417576243,-0.07830287537813868,-0.3157476276289525,-0.4419815779377858,-0.167967652089629,0.0957000262418978,0.0644388923102657,0.16747420944291994,-0.024807100570108175,-0.10041645588170875,-0.003350752834192646,-0.24214603580149485,-0.3544534253769967,-0.05944793195661557,-0.38793878291950734,-0.5313211808874698,-0.19317987729876793,0.21274465866323186,0.12231572428278456,0.7837093985565462,-0.11132316271941786,-0.8605486035097465,-0.03443246910071107
core_secure_pairs,1.0,0.9,32,-0.16583554970875086,-0.24413865060162043,-0.03873603435313415,-0.24523684399515916,-0.35304602201599977,-0.12612236491801587,0.07732901230712674,0.05244307893983369,0.1384472962174463,-0.01838241555343112,-0.08307835927226895,-0.00932255975149153,-0.184164726303977,-0.28354842348520704,-0.016862329297211598,-0.2929734587443743,-0.43164959819679527,-0.13794185134181922,0.16334423497453726,0.11573271613904465,0.32677833910184845,-0.06646278183326382,-0.6955582520237169,-0.02576385746505823
core_secure_pairs,1.0,1.0,32,0.0,0.0,0.0,0.0,0.0,0.0,7.691472030668613e-06,-6.80629515417141e-05,2.5232807870367857e-05,-3.0980783472578364e-05,-7.707094840475602e-05,5.196397020373892e-06,0.0,0.0,0.0,0.0,0.0,0.0,5.6765161148830306e-06,-5.023231439926774e-05,1.8622500338461023e-05,-2.2864663087429616e-05,-5.688046174343041e-05,3.83508271306621e-06
