subset,mode,p_intrinsic,projection,stage,A_threshold,n_biological_pairs_total,n_pairs_with_marker,pair_marker_fraction,n_pairs_support_ge_0_5,pair_majority_support_fraction,median_pair_crossing_support_weight,median,q25,q75,median_majority_support
all_pairs,J_only,0.0,active,SCA3_entry,0.6832817402871161,72,6,0.08333333333333333,6,0.08333333333333333,0.0,0.0,0.0,0.0,0.0
all_pairs,J_only,0.0,active,WT_exit,0.1483293470542087,72,12,0.16666666666666666,12,0.16666666666666666,0.0,0.0,0.0,0.0,0.0
all_pairs,J_only,0.0,active,balance,0.5,72,6,0.08333333333333333,6,0.08333333333333333,0.0,0.0,0.0,0.0,0.0
all_pairs,J_only,0.0,isi,SCA3_entry,0.7978563373093712,72,6,0.08333333333333333,0,0.0,0.0,0.0,0.0,0.0,
all_pairs,J_only,0.0,isi,WT_exit,0.1358293233470019,72,12,0.16666666666666666,12,0.16666666666666666,0.0,0.0,0.0,0.0,0.0
all_pairs,J_only,0.0,isi,balance,0.5,72,6,0.08333333333333333,6,0.08333333333333333,0.0,0.0,0.0,0.0,0.0
all_pairs,J_only,0.0333333333333333,active,SCA3_entry,0.6832817402871161,72,13,0.18055555555555555,6,0.08333333333333333,0.0,0.0,0.0,0.0,0.0
all_pairs,J_only,0.0333333333333333,active,WT_exit,0.1483293470542087,72,38,0.5277777777777778,15,0.20833333333333334,0.04861111111111111,0.0,0.0,0.0,0.0
all_pairs,J_only,0.0333333333333333,active,balance,0.5,72,19,0.2638888888888889,6,0.08333333333333333,0.0,0.0,0.0,0.0,0.0
all_pairs,J_only,0.0333333333333333,isi,SCA3_entry,0.7978563373093712,72,11,0.1527777777777778,0,0.0,0.0,0.0,0.0,0.0,
all_pairs,J_only,0.0333333333333333,isi,WT_exit,0.1358293233470019,72,41,0.5694444444444444,20,0.2777777777777778,0.06904761904761902,0.0,0.0,0.0,0.0
all_pairs,J_only,0.0333333333333333,isi,balance,0.5,72,18,0.25,6,0.08333333333333333,0.0,0.0,0.0,0.0,0.0
all_pairs,J_only,0.0666666666666666,active,SCA3_entry,0.6832817402871161,72,29,0.4027777777777778,6,0.08333333333333333,0.0,0.0,0.0,0.0,0.0
all_pairs,J_only,0.0666666666666666,active,WT_exit,0.1483293470542087,72,51,0.7083333333333334,24,0.3333333333333333,0.30952380952380953,0.0,0.0,0.0,0.0
all_pairs,J_only,0.0666666666666666,active,balance,0.5,72,39,0.5416666666666666,7,0.09722222222222222,0.05555555555555556,0.0,0.0,0.0,0.0
all_pairs,J_only,0.0666666666666666,isi,SCA3_entry,0.7978563373093712,72,24,0.3333333333333333,3,0.041666666666666664,0.0,0.0,0.0,0.0,0.0
all_pairs,J_only,0.0666666666666666,isi,WT_exit,0.1358293233470019,72,50,0.6944444444444444,31,0.4305555555555556,0.3333333333333333,0.0,0.0,0.0,0.0
all_pairs,J_only,0.0666666666666666,isi,balance,0.5,72,38,0.5277777777777778,8,0.1111111111111111,0.03869047619047619,0.0,0.0,0.0,0.0
all_pairs,J_only,0.1,active,SCA3_entry,0.6832817402871161,72,41,0.5694444444444444,8,0.1111111111111111,0.06904761904761904,0.0,0.0,0.0,0.0
all_pairs,J_only,0.1,active,WT_exit,0.1483293470542087,72,57,0.7916666666666666,42,0.5833333333333334,0.5595238095238095,0.0,0.0,0.0,0.0
all_pairs,J_only,0.1,active,balance,0.5,72,45,0.625,11,0.1527777777777778,0.14285714285714285,0.0,0.0,0.0,0.0
all_pairs,J_only,0.1,isi,SCA3_entry,0.7978563373093712,72,31,0.4305555555555556,3,0.041666666666666664,0.0,0.0,0.0,0.041666666666666616,0.2333333333333333
all_pairs,J_only,0.1,isi,WT_exit,0.1358293233470019,72,53,0.7361111111111112,42,0.5833333333333334,0.611111111111111,0.0,0.0,0.0,0.0
all_pairs,J_only,0.1,isi,balance,0.5,72,40,0.5555555555555556,9,0.125,0.0611111111111111,0.0,0.0,0.004166666666666662,0.0
all_pairs,J_only,0.1333333333333333,active,SCA3_entry,0.6832817402871161,72,44,0.6111111111111112,12,0.16666666666666666,0.15476190476190474,0.0,0.0,0.0,0.0
all_pairs,J_only,0.1333333333333333,active,WT_exit,0.1483293470542087,72,63,0.875,49,0.6805555555555556,0.6904761904761905,0.0,0.0,0.0,0.0
all_pairs,J_only,0.1333333333333333,active,balance,0.5,72,50,0.6944444444444444,18,0.25,0.2674603174603175,0.0,0.0,0.0,0.0
all_pairs,J_only,0.1333333333333333,isi,SCA3_entry,0.7978563373093712,72,37,0.5138888888888888,6,0.08333333333333333,0.02817460317460318,0.0,0.0,0.0666666666666666,1.5543122344752183e-16
all_pairs,J_only,0.1333333333333333,isi,WT_exit,0.1358293233470019,72,57,0.7916666666666666,45,0.625,0.7142857142857144,0.0,0.0,0.0,0.0
all_pairs,J_only,0.1333333333333333,isi,balance,0.5,72,41,0.5694444444444444,10,0.1388888888888889,0.09047619047619049,0.0,0.0,0.0333333333333333,0.0
all_pairs,J_only,0.1666666666666666,active,SCA3_entry,0.6832817402871161,72,51,0.7083333333333334,17,0.2361111111111111,0.28869047619047616,0.0,0.0,0.0,0.0
all_pairs,J_only,0.1666666666666666,active,WT_exit,0.1483293470542087,72,68,0.9444444444444444,58,0.8055555555555556,0.7847222222222223,0.0,0.0,0.0,0.0
all_pairs,J_only,0.1666666666666666,active,balance,0.5,72,58,0.8055555555555556,24,0.3333333333333333,0.37500000000000006,0.0,0.0,0.0,0.0
all_pairs,J_only,0.1666666666666666,isi,SCA3_entry,0.7978563373093712,72,38,0.5277777777777778,7,0.09722222222222222,0.047619047619047616,0.0,0.0,0.07916666666666668,0.0333333333333333
all_pairs,J_only,0.1666666666666666,isi,WT_exit,0.1358293233470019,72,62,0.8611111111111112,53,0.7361111111111112,0.7886904761904763,0.0,0.0,0.0,0.0
all_pairs,J_only,0.1666666666666666,isi,balance,0.5,72,46,0.6388888888888888,15,0.20833333333333334,0.14999999999999997,0.0,0.0,0.0,0.0
all_pairs,J_only,0.2,active,SCA3_entry,0.6832817402871161,72,57,0.7916666666666666,22,0.3055555555555556,0.33333333333333337,0.0,0.0,0.0,0.0
all_pairs,J_only,0.2,active,WT_exit,0.1483293470542087,72,69,0.9583333333333334,64,0.8888888888888888,0.9107142857142858,0.0,0.0,0.0,0.0
all_pairs,J_only,0.2,active,balance,0.5,72,60,0.8333333333333334,36,0.5,0.5,0.0,0.0,0.0,0.0
all_pairs,J_only,0.2,isi,SCA3_entry,0.7978563373093712,72,41,0.5694444444444444,8,0.1111111111111111,0.07857142857142857,0.0,0.0,0.09309164875835906,0.0
all_pairs,J_only,0.2,isi,WT_exit,0.1358293233470019,72,69,0.9583333333333334,58,0.8055555555555556,0.8333333333333334,0.0,0.0,0.0,0.0
all_pairs,J_only,0.2,isi,balance,0.5,72,51,0.7083333333333334,17,0.2361111111111111,0.2678571428571429,0.0,0.0,0.0,0.0
all_pairs,J_only,0.2333333333333333,active,SCA3_entry,0.6832817402871161,72,59,0.8194444444444444,34,0.4722222222222222,0.42857142857142855,0.0,0.0,0.0,0.0
all_pairs,J_only,0.2333333333333333,active,WT_exit,0.1483293470542087,72,70,0.9722222222222222,67,0.9305555555555556,0.9553571428571429,0.0,0.0,0.0,0.0
all_pairs,J_only,0.2333333333333333,active,balance,0.5,72,64,0.8888888888888888,42,0.5833333333333334,0.5773809523809524,0.0,0.0,0.0,0.0
all_pairs,J_only,0.2333333333333333,isi,SCA3_entry,0.7978563373093712,72,41,0.5694444444444444,12,0.16666666666666666,0.09047619047619049,0.017264596670692012,0.0,0.10900400689796859,0.01666666666666665
all_pairs,J_only,0.2333333333333333,isi,WT_exit,0.1358293233470019,72,70,0.9722222222222222,65,0.9027777777777778,0.884920634920635,0.0,0.0,0.0,0.0
all_pairs,J_only,0.2333333333333333,isi,balance,0.5,72,55,0.7638888888888888,26,0.3611111111111111,0.34523809523809523,0.0,0.0,0.0,0.0
all_pairs,J_only,0.2666666666666666,active,SCA3_entry,0.6832817402871161,72,65,0.9027777777777778,37,0.5138888888888888,0.5,0.0,0.0,0.0,0.0
all_pairs,J_only,0.2666666666666666,active,WT_exit,0.1483293470542087,72,70,0.9722222222222222,68,0.9444444444444444,0.9861111111111112,0.0,0.0,0.0,0.0
all_pairs,J_only,0.2666666666666666,active,balance,0.5,72,67,0.9305555555555556,45,0.625,0.6666666666666666,0.0,0.0,0.0,0.0
all_pairs,J_only,0.2666666666666666,isi,SCA3_entry,0.7978563373093712,72,48,0.6666666666666666,13,0.18055555555555555,0.14285714285714285,0.0,0.0,0.09352624748842904,0.02656047114669001
all_pairs,J_only,0.2666666666666666,isi,WT_exit,0.1358293233470019,72,70,0.9722222222222222,66,0.9166666666666666,0.8964285714285715,0.0,0.0,0.0,0.0
all_pairs,J_only,0.2666666666666666,isi,balance,0.5,72,58,0.8055555555555556,31,0.4305555555555556,0.42261904761904767,0.0,0.0,0.01666666666666666,0.0
all_pairs,J_only,0.3,active,SCA3_entry,0.6832817402871161,72,66,0.9166666666666666,44,0.6111111111111112,0.5892857142857144,0.0,0.0,0.0,0.0
all_pairs,J_only,0.3,active,WT_exit,0.1483293470542087,72,70,0.9722222222222222,69,0.9583333333333334,0.9861111111111112,0.0,0.0,0.0,0.0
all_pairs,J_only,0.3,active,balance,0.5,72,69,0.9583333333333334,59,0.8194444444444444,0.75,0.0,0.0,0.0,0.0
all_pairs,J_only,0.3,isi,SCA3_entry,0.7978563373093712,72,52,0.7222222222222222,15,0.20833333333333334,0.16666666666666666,5.551115123125776e-18,0.0,0.096135246728553,0.016666666666666653
all_pairs,J_only,0.3,isi,WT_exit,0.1358293233470019,72,70,0.9722222222222222,68,0.9444444444444444,0.9226190476190477,0.0,0.0,0.0,0.0
all_pairs,J_only,0.3,isi,balance,0.5,72,62,0.8611111111111112,38,0.5277777777777778,0.5208333333333335,0.0,0.0,0.029166666666666632,0.0
all_pairs,J_only,0.3333333333333333,active,SCA3_entry,0.6832817402871161,72,68,0.9444444444444444,53,0.7361111111111112,0.6845238095238095,0.0,0.0,0.0,0.0
all_pairs,J_only,0.3333333333333333,active,WT_exit,0.1483293470542087,72,70,0.9722222222222222,70,0.9722222222222222,0.9861111111111112,0.0,0.0,0.0,0.0
all_pairs,J_only,0.3333333333333333,active,balance,0.5,72,70,0.9722222222222222,61,0.8472222222222222,0.8333333333333333,0.0,0.0,0.0,0.0
all_pairs,J_only,0.3333333333333333,isi,SCA3_entry,0.7978563373093712,72,56,0.7777777777777778,21,0.2916666666666667,0.17261904761904762,0.0,0.0,0.10000000000000002,0.009494606128343772
all_pairs,J_only,0.3333333333333333,isi,WT_exit,0.1358293233470019,72,71,0.9861111111111112,70,0.9722222222222222,0.9388888888888889,0.0,0.0,0.008333333333333248,0.0
all_pairs,J_only,0.3333333333333333,isi,balance,0.5,72,69,0.9583333333333334,48,0.6666666666666666,0.6666666666666666,0.0,0.0,0.0333333333333333,0.0
all_pairs,J_only,0.3666666666666666,active,SCA3_entry,0.6832817402871161,72,70,0.9722222222222222,57,0.7916666666666666,0.75,0.0,0.0,0.0,0.0
all_pairs,J_only,0.3666666666666666,active,WT_exit,0.1483293470542087,72,70,0.9722222222222222,70,0.9722222222222222,0.9861111111111112,0.0,0.0,0.0,0.0
all_pairs,J_only,0.3666666666666666,active,balance,0.5,72,70,0.9722222222222222,64,0.8888888888888888,0.873015873015873,0.0,0.0,0.0,0.0
all_pairs,J_only,0.3666666666666666,isi,SCA3_entry,0.7978563373093712,72,58,0.8055555555555556,22,0.3055555555555556,0.25,0.0,0.0,0.09814315101076099,1.322969894795434e-17
all_pairs,J_only,0.3666666666666666,isi,WT_exit,0.1358293233470019,72,72,1.0,72,1.0,0.9484126984126984,0.0,0.0,0.0333333333333333,0.0
all_pairs,J_only,0.3666666666666666,isi,balance,0.5,72,69,0.9583333333333334,56,0.7777777777777778,0.7071428571428572,0.0,0.0,0.0333333333333333,0.0
all_pairs,J_only,0.4,active,SCA3_entry,0.6832817402871161,72,70,0.9722222222222222,62,0.8611111111111112,0.8333333333333334,0.0,0.0,0.0,0.0
all_pairs,J_only,0.4,active,WT_exit,0.1483293470542087,72,71,0.9861111111111112,71,0.9861111111111112,1.0,0.0,0.0,0.0,0.0
all_pairs,J_only,0.4,active,balance,0.5,72,70,0.9722222222222222,68,0.9444444444444444,0.9226190476190477,0.0,0.0,0.0,0.0
all_pairs,J_only,0.4,isi,SCA3_entry,0.7978563373093712,72,60,0.8333333333333334,24,0.3333333333333333,0.30952380952380953,0.02203795684571206,0.0,0.11675887543975375,0.039707902610766704
all_pairs,J_only,0.4,isi,WT_exit,0.1358293233470019,72,72,1.0,72,1.0,0.9484126984126984,0.0,0.0,0.0333333333333333,0.0
all_pairs,J_only,0.4,isi,balance,0.5,72,69,0.9583333333333334,60,0.8333333333333334,0.7559523809523809,0.0,0.0,0.03333333333333332,0.005564682933977076
all_pairs,J_only,0.4333333333333333,active,SCA3_entry,0.6832817402871161,72,70,0.9722222222222222,63,0.875,0.8571428571428572,0.0,0.0,0.0,0.0
all_pairs,J_only,0.4333333333333333,active,WT_exit,0.1483293470542087,72,72,1.0,72,1.0,1.0,0.0,0.0,0.0,0.0
all_pairs,J_only,0.4333333333333333,active,balance,0.5,72,70,0.9722222222222222,68,0.9444444444444444,0.9484126984126984,0.0,0.0,0.0,0.0
all_pairs,J_only,0.4333333333333333,isi,SCA3_entry,0.7978563373093712,72,66,0.9166666666666666,28,0.3888888888888889,0.4083333333333334,0.02094937197954882,0.0,0.09583333333333333,0.0333333333333333
all_pairs,J_only,0.4333333333333333,isi,WT_exit,0.1358293233470019,72,72,1.0,72,1.0,0.9654761904761905,0.0,0.0,0.03333333333333334,0.0
all_pairs,J_only,0.4333333333333333,isi,balance,0.5,72,69,0.9583333333333334,63,0.875,0.8333333333333334,3.3306690738754695e-17,0.0,0.04999999999999995,0.007017539304453497
all_pairs,J_only,0.4666666666666667,active,SCA3_entry,0.6832817402871161,72,70,0.9722222222222222,66,0.9166666666666666,0.9047619047619049,0.0,0.0,0.0,0.0
all_pairs,J_only,0.4666666666666667,active,WT_exit,0.1483293470542087,72,72,1.0,72,1.0,1.0,0.0,0.0,0.0,0.0
all_pairs,J_only,0.4666666666666667,active,balance,0.5,72,70,0.9722222222222222,69,0.9583333333333334,0.961309523809524,0.0,0.0,0.0,0.0
all_pairs,J_only,0.4666666666666667,isi,SCA3_entry,0.7978563373093712,72,69,0.9583333333333334,37,0.5138888888888888,0.5,0.0333333333333333,0.0,0.11666666666666647,0.03740867729415856
all_pairs,J_only,0.4666666666666667,isi,WT_exit,0.1358293233470019,72,72,1.0,72,1.0,0.9654761904761905,0.0,0.0,0.0666666666666666,0.0
all_pairs,J_only,0.4666666666666667,isi,balance,0.5,72,69,0.9583333333333334,65,0.9027777777777778,0.875,0.016666666666666656,0.0,0.07277700303625635,0.024983738940392488
all_pairs,J_only,0.5,active,SCA3_entry,0.6832817402871161,72,70,0.9722222222222222,69,0.9583333333333334,0.9166666666666667,0.0,0.0,0.0,0.0
all_pairs,J_only,0.5,active,WT_exit,0.1483293470542087,72,72,1.0,72,1.0,1.0,0.0,0.0,0.0,0.0
all_pairs,J_only,0.5,active,balance,0.5,72,70,0.9722222222222222,69,0.9583333333333334,0.9694444444444444,0.0,0.0,0.0,0.0
all_pairs,J_only,0.5,isi,SCA3_entry,0.7978563373093712,72,69,0.9583333333333334,45,0.625,0.5773809523809524,0.033333333333333305,0.0,0.1,0.0494579664998564
all_pairs,J_only,0.5,isi,WT_exit,0.1358293233470019,72,72,1.0,72,1.0,0.9694444444444444,0.02499999999999987,0.0,0.1,0.02499999999999987
all_pairs,J_only,0.5,isi,balance,0.5,72,70,0.9722222222222222,68,0.9444444444444444,0.888888888888889,0.0333333333333333,0.0,0.1,0.0333333333333333
all_pairs,J_only,0.5333333333333333,active,SCA3_entry,0.6832817402871161,72,71,0.9861111111111112,70,0.9722222222222222,0.9553571428571429,0.0,0.0,0.016666666666666656,0.0
all_pairs,J_only,0.5333333333333333,active,WT_exit,0.1483293470542087,72,72,1.0,72,1.0,1.0,0.0,0.0,0.016666666666666656,0.0
all_pairs,J_only,0.5333333333333333,active,balance,0.5,72,71,0.9861111111111112,70,0.9722222222222222,0.9861111111111112,0.0,0.0,0.016666666666666656,0.0
all_pairs,J_only,0.5333333333333333,isi,SCA3_entry,0.7978563373093712,72,69,0.9583333333333334,50,0.6944444444444444,0.6619047619047618,0.05137931966904396,0.0,0.1333333333333333,0.05902299316785528
all_pairs,J_only,0.5333333333333333,isi,WT_exit,0.1358293233470019,72,72,1.0,72,1.0,1.0,0.02951808697946704,0.0,0.1056557739611356,0.02951808697946704
all_pairs,J_only,0.5333333333333333,isi,balance,0.5,72,71,0.9861111111111112,69,0.9583333333333334,0.9285714285714286,0.03333333333333331,0.0,0.11666666666666659,0.03847251374678748
all_pairs,J_only,0.5666666666666667,active,SCA3_entry,0.6832817402871161,72,72,1.0,71,0.9861111111111112,0.961309523809524,0.0,0.0,0.0333333333333333,0.0
all_pairs,J_only,0.5666666666666667,active,WT_exit,0.1483293470542087,72,72,1.0,72,1.0,1.0,0.0,0.0,0.0333333333333333,0.0
all_pairs,J_only,0.5666666666666667,active,balance,0.5,72,72,1.0,71,0.9861111111111112,1.0,0.0,0.0,0.0333333333333333,0.0
all_pairs,J_only,0.5666666666666667,isi,SCA3_entry,0.7978563373093712,72,69,0.9583333333333334,54,0.75,0.6952380952380952,0.06666666666666664,0.0,0.14342854931596477,0.07731302533328044
all_pairs,J_only,0.5666666666666667,isi,WT_exit,0.1358293233470019,72,72,1.0,72,1.0,1.0,0.033333333333333305,0.0,0.1333333333333333,0.033333333333333305
all_pairs,J_only,0.5666666666666667,isi,balance,0.5,72,72,1.0,71,0.9861111111111112,0.9388888888888889,0.05347351792247858,0.0,0.1333333333333333,0.05694703584495714
all_pairs,J_only,0.6,active,SCA3_entry,0.6832817402871161,72,72,1.0,71,0.9861111111111112,0.9821428571428572,0.0,0.0,0.04999999999999995,0.0
all_pairs,J_only,0.6,active,WT_exit,0.1483293470542087,72,72,1.0,72,1.0,1.0,0.0,0.0,0.04999999999999995,0.0
all_pairs,J_only,0.6,active,balance,0.5,72,72,1.0,71,0.9861111111111112,1.0,0.0,0.0,0.04999999999999995,0.0
all_pairs,J_only,0.6,isi,SCA3_entry,0.7978563373093712,72,70,0.9722222222222222,59,0.8194444444444444,0.7722222222222221,0.09999999999999998,0.0,0.1666666666666666,0.1
all_pairs,J_only,0.6,isi,WT_exit,0.1358293233470019,72,72,1.0,72,1.0,1.0,0.058825925393647185,0.0,0.15457081128192643,0.058825925393647185
all_pairs,J_only,0.6,isi,balance,0.5,72,72,1.0,71,0.9861111111111112,0.961309523809524,0.0666666666666666,0.0,0.1666666666666666,0.0666666666666666
all_pairs,J_only,0.6333333333333333,active,SCA3_entry,0.6832817402871161,72,72,1.0,71,0.9861111111111112,0.961309523809524,1.1102230246251552e-17,0.0,0.0666666666666666,2.2204460492503104e-17
all_pairs,J_only,0.6333333333333333,active,WT_exit,0.1483293470542087,72,72,1.0,72,1.0,1.0,1.1102230246251552e-17,0.0,0.0666666666666666,1.1102230246251552e-17
all_pairs,J_only,0.6333333333333333,active,balance,0.5,72,72,1.0,71,0.9861111111111112,1.0,1.1102230246251552e-17,0.0,0.0666666666666666,2.2204460492503104e-17
all_pairs,J_only,0.6333333333333333,isi,SCA3_entry,0.7978563373093712,72,72,1.0,64,0.8888888888888888,0.8027777777777778,0.11839260476170992,1.665334536937733e-17,0.18566538731463314,0.1333333333333333
all_pairs,J_only,0.6333333333333333,isi,WT_exit,0.1358293233470019,72,72,1.0,72,1.0,1.0,0.08487311563662585,0.0,0.16666666666666663,0.08487311563662585
all_pairs,J_only,0.6333333333333333,isi,balance,0.5,72,72,1.0,71,0.9861111111111112,0.961309523809524,0.09999999999999998,0.0,0.1833333333333333,0.1
all_pairs,J_only,0.6666666666666666,active,SCA3_entry,0.6832817402871161,72,72,1.0,71,0.9861111111111112,0.9880952380952381,0.033333333333333284,0.0,0.1,0.0333333333333333
all_pairs,J_only,0.6666666666666666,active,WT_exit,0.1483293470542087,72,72,1.0,72,1.0,1.0,0.02499999999999996,0.0,0.1,0.02499999999999996
all_pairs,J_only,0.6666666666666666,active,balance,0.5,72,72,1.0,72,1.0,1.0,0.033333333333333284,0.0,0.1,0.033333333333333284
all_pairs,J_only,0.6666666666666666,isi,SCA3_entry,0.7978563373093712,72,72,1.0,66,0.9166666666666666,0.8571428571428571,0.1333333333333333,3.5221047441701606e-17,0.20652438431405348,0.1388473731366577
all_pairs,J_only,0.6666666666666666,isi,WT_exit,0.1358293233470019,72,72,1.0,72,1.0,1.0,0.12499999999999993,0.0,0.2,0.12499999999999993
all_pairs,J_only,0.6666666666666666,isi,balance,0.5,72,72,1.0,71,0.9861111111111112,0.961309523809524,0.1333333333333333,0.0,0.2,0.1333333333333333
all_pairs,J_only,0.7,active,SCA3_entry,0.6832817402871161,72,72,1.0,71,0.9861111111111112,0.9880952380952381,0.041666666666666685,0.0,0.1333333333333333,0.05
all_pairs,J_only,0.7,active,WT_exit,0.1483293470542087,72,72,1.0,72,1.0,1.0,0.041666666666666685,0.0,0.1333333333333333,0.041666666666666685
all_pairs,J_only,0.7,active,balance,0.5,72,72,1.0,72,1.0,1.0,0.041666666666666685,0.0,0.1333333333333333,0.041666666666666685
all_pairs,J_only,0.7,isi,SCA3_entry,0.7978563373093712,72,72,1.0,69,0.9583333333333334,0.8690476190476191,0.1666666666666666,0.03333333333333331,0.2333333333333333,0.1666666666666666
all_pairs,J_only,0.7,isi,WT_exit,0.1358293233470019,72,72,1.0,72,1.0,1.0,0.13771204433929626,7.815178858752105e-17,0.2333333333333333,0.13771204433929626
all_pairs,J_only,0.7,isi,balance,0.5,72,72,1.0,71,0.9861111111111112,0.9857142857142858,0.15516693207413718,7.880905455064357e-17,0.2333333333333333,0.16033386414827439
all_pairs,J_only,0.7333333333333333,active,SCA3_entry,0.6832817402871161,72,72,1.0,71,0.9861111111111112,1.0,0.06666666666666667,0.0,0.15416666666666662,0.06666666666666667
all_pairs,J_only,0.7333333333333333,active,WT_exit,0.1483293470542087,72,72,1.0,72,1.0,1.0,0.06666666666666667,0.0,0.15,0.06666666666666667
all_pairs,J_only,0.7333333333333333,active,balance,0.5,72,72,1.0,72,1.0,1.0,0.06666666666666667,0.0,0.15,0.06666666666666667
all_pairs,J_only,0.7333333333333333,isi,SCA3_entry,0.7978563373093712,72,72,1.0,70,0.9722222222222222,0.9226190476190478,0.2,0.033333333333333375,0.2666666666666666,0.2
all_pairs,J_only,0.7333333333333333,isi,WT_exit,0.1358293233470019,72,72,1.0,72,1.0,1.0,0.15998595366919688,0.03333333333333331,0.2666666666666666,0.15998595366919688
all_pairs,J_only,0.7333333333333333,isi,balance,0.5,72,72,1.0,71,0.9861111111111112,1.0,0.1666666666666666,0.033333333333333375,0.2666666666666666,0.1666666666666666
all_pairs,J_only,0.7666666666666666,active,SCA3_entry,0.6832817402871161,72,72,1.0,71,0.9861111111111112,1.0,0.10000000000000003,0.0,0.18333333333333335,0.10000000000000007
all_pairs,J_only,0.7666666666666666,active,WT_exit,0.1483293470542087,72,72,1.0,72,1.0,1.0,0.10000000000000003,0.0,0.18333333333333335,0.10000000000000003
all_pairs,J_only,0.7666666666666666,active,balance,0.5,72,72,1.0,72,1.0,1.0,0.10000000000000003,0.0,0.18333333333333335,0.10000000000000003
all_pairs,J_only,0.7666666666666666,isi,SCA3_entry,0.7978563373093712,72,72,1.0,70,0.9722222222222222,0.9436507936507936,0.23333333333333334,0.0666666666666666,0.3,0.24999999999999997
all_pairs,J_only,0.7666666666666666,isi,WT_exit,0.1358293233470019,72,72,1.0,72,1.0,0.9857142857142858,0.1666666666666666,0.0666666666666666,0.3,0.1666666666666666
all_pairs,J_only,0.7666666666666666,isi,balance,0.5,72,72,1.0,72,1.0,0.9857142857142858,0.1833333333333333,0.0666666666666666,0.3,0.1833333333333333
all_pairs,J_only,0.8,active,SCA3_entry,0.6832817402871161,72,72,1.0,71,0.9861111111111112,1.0,0.1333333333333333,0.0,0.20416666666666666,0.1333333333333333
all_pairs,J_only,0.8,active,WT_exit,0.1483293470542087,72,72,1.0,72,1.0,1.0,0.1333333333333333,0.0,0.20416666666666666,0.1333333333333333
all_pairs,J_only,0.8,active,balance,0.5,72,72,1.0,72,1.0,1.0,0.1333333333333333,0.0,0.20416666666666666,0.1333333333333333
all_pairs,J_only,0.8,isi,SCA3_entry,0.7978563373093712,72,72,1.0,71,0.9861111111111112,0.9654761904761905,0.2666666666666666,0.1,0.3350255629874221,0.2666666666666666
all_pairs,J_only,0.8,isi,WT_exit,0.1358293233470019,72,72,1.0,72,1.0,1.0,0.2333333333333333,0.09999999999999999,0.3333333333333333,0.2333333333333333
all_pairs,J_only,0.8,isi,balance,0.5,72,72,1.0,72,1.0,1.0,0.2333333333333333,0.09999999999999999,0.3333333333333333,0.2333333333333333
all_pairs,J_only,0.8333333333333334,active,SCA3_entry,0.6832817402871161,72,72,1.0,72,1.0,1.0,0.17500000000000002,0.02499999999999998,0.2666666666666666,0.17500000000000002
all_pairs,J_only,0.8333333333333334,active,WT_exit,0.1483293470542087,72,72,1.0,72,1.0,1.0,0.17500000000000002,0.02499999999999998,0.2666666666666666,0.17500000000000002
all_pairs,J_only,0.8333333333333334,active,balance,0.5,72,72,1.0,72,1.0,1.0,0.17500000000000002,0.02499999999999998,0.2666666666666666,0.17500000000000002
all_pairs,J_only,0.8333333333333334,isi,SCA3_entry,0.7978563373093712,72,72,1.0,71,0.9861111111111112,0.969047619047619,0.32499999999999996,0.1,0.4,0.3333333333333333
all_pairs,J_only,0.8333333333333334,isi,WT_exit,0.1358293233470019,72,72,1.0,72,1.0,1.0,0.3,0.1,0.3666666666666666,0.3
all_pairs,J_only,0.8333333333333334,isi,balance,0.5,72,72,1.0,72,1.0,1.0,0.3,0.1,0.3666666666666666,0.3
all_pairs,J_only,0.8666666666666667,active,SCA3_entry,0.6832817402871161,72,72,1.0,72,1.0,1.0,0.22499999999999998,0.045833333333333295,0.3333333333333333,0.22499999999999998
all_pairs,J_only,0.8666666666666667,active,WT_exit,0.1483293470542087,72,72,1.0,72,1.0,1.0,0.22499999999999998,0.045833333333333295,0.3333333333333333,0.22499999999999998
all_pairs,J_only,0.8666666666666667,active,balance,0.5,72,72,1.0,72,1.0,1.0,0.22499999999999998,0.045833333333333295,0.3333333333333333,0.22499999999999998
all_pairs,J_only,0.8666666666666667,isi,SCA3_entry,0.7978563373093712,72,72,1.0,71,0.9861111111111112,0.9833333333333334,0.3666666666666666,0.11249999999999995,0.4397048329434379,0.3666666666666666
all_pairs,J_only,0.8666666666666667,isi,WT_exit,0.1358293233470019,72,72,1.0,72,1.0,1.0,0.3583333333333333,0.11249999999999995,0.4166666666666667,0.3583333333333333
all_pairs,J_only,0.8666666666666667,isi,balance,0.5,72,72,1.0,72,1.0,1.0,0.3583333333333333,0.11249999999999995,0.4208333333333333,0.3583333333333333
all_pairs,J_only,0.9,active,SCA3_entry,0.6832817402871161,72,72,1.0,72,1.0,1.0,0.2666666666666666,0.0666666666666666,0.4333333333333333,0.2666666666666666
all_pairs,J_only,0.9,active,WT_exit,0.1483293470542087,72,72,1.0,72,1.0,1.0,0.2666666666666666,0.0666666666666666,0.4333333333333333,0.2666666666666666
all_pairs,J_only,0.9,active,balance,0.5,72,72,1.0,72,1.0,1.0,0.2666666666666666,0.0666666666666666,0.4333333333333333,0.2666666666666666
all_pairs,J_only,0.9,isi,SCA3_entry,0.7978563373093712,72,72,1.0,71,0.9861111111111112,1.0,0.4,0.1625,0.502478711092692,0.4
all_pairs,J_only,0.9,isi,WT_exit,0.1358293233470019,72,72,1.0,72,1.0,1.0,0.38333333333333336,0.1625,0.475,0.38333333333333336
all_pairs,J_only,0.9,isi,balance,0.5,72,72,1.0,72,1.0,1.0,0.38333333333333336,0.1625,0.5,0.38333333333333336
all_pairs,J_only,0.9333333333333332,active,SCA3_entry,0.6832817402871161,72,72,1.0,72,1.0,1.0,0.3,0.0666666666666666,0.5375,0.3
all_pairs,J_only,0.9333333333333332,active,WT_exit,0.1483293470542087,72,72,1.0,72,1.0,1.0,0.3,0.0666666666666666,0.5375,0.3
all_pairs,J_only,0.9333333333333332,active,balance,0.5,72,72,1.0,72,1.0,1.0,0.3,0.0666666666666666,0.5375,0.3
all_pairs,J_only,0.9333333333333332,isi,SCA3_entry,0.7978563373093712,72,72,1.0,68,0.9444444444444444,1.0,0.4333333333333333,0.24999999999999994,0.6,0.44166666666666665
all_pairs,J_only,0.9333333333333332,isi,WT_exit,0.1358293233470019,72,72,1.0,72,1.0,1.0,0.4333333333333333,0.22499999999999998,0.5666666666666667,0.4333333333333333
all_pairs,J_only,0.9333333333333332,isi,balance,0.5,72,72,1.0,72,1.0,1.0,0.4333333333333333,0.22499999999999998,0.5666666666666669,0.4333333333333333
all_pairs,J_only,0.9666666666666668,active,SCA3_entry,0.6832817402871161,72,72,1.0,72,1.0,1.0,0.3416666666666667,0.09166666666666665,0.6083333333333333,0.3416666666666667
all_pairs,J_only,0.9666666666666668,active,WT_exit,0.1483293470542087,72,72,1.0,72,1.0,1.0,0.3416666666666667,0.09166666666666665,0.6083333333333333,0.3416666666666667
all_pairs,J_only,0.9666666666666668,active,balance,0.5,72,72,1.0,72,1.0,1.0,0.3416666666666667,0.09166666666666665,0.6083333333333333,0.3416666666666667
all_pairs,J_only,0.9666666666666668,isi,SCA3_entry,0.7978563373093712,72,72,1.0,70,0.9722222222222222,1.0,0.4833333333333334,0.30833333333333335,0.6666666666666666,0.5
all_pairs,J_only,0.9666666666666668,isi,WT_exit,0.1358293233470019,72,72,1.0,72,1.0,1.0,0.4833333333333334,0.2583333333333333,0.6666666666666666,0.4833333333333334
all_pairs,J_only,0.9666666666666668,isi,balance,0.5,72,72,1.0,72,1.0,1.0,0.4833333333333334,0.2583333333333333,0.6666666666666666,0.4833333333333334
all_pairs,J_only,1.0,active,SCA3_entry,0.6832817402871161,72,72,1.0,72,1.0,1.0,0.39166666666666666,0.12499999999999997,0.7333333333333333,0.39166666666666666
all_pairs,J_only,1.0,active,WT_exit,0.1483293470542087,72,72,1.0,72,1.0,1.0,0.39166666666666666,0.12499999999999997,0.7333333333333333,0.39166666666666666
all_pairs,J_only,1.0,active,balance,0.5,72,72,1.0,72,1.0,1.0,0.39166666666666666,0.12499999999999997,0.7333333333333333,0.39166666666666666
all_pairs,J_only,1.0,isi,SCA3_entry,0.7978563373093712,72,72,1.0,71,0.9861111111111112,1.0,0.5666666666666667,0.3583333333333333,0.7416666666666666,0.5666666666666667
all_pairs,J_only,1.0,isi,WT_exit,0.1358293233470019,72,72,1.0,72,1.0,1.0,0.5666666666666667,0.3583333333333333,0.7416666666666666,0.5666666666666667
all_pairs,J_only,1.0,isi,balance,0.5,72,72,1.0,72,1.0,1.0,0.5666666666666667,0.3583333333333333,0.7416666666666666,0.5666666666666667
all_pairs,combined,0.0,active,SCA3_entry,0.6832817402871161,72,62,0.8611111111111112,26,0.3611111111111111,0.3333333333333333,0.5924474514425817,0.35348394961928953,0.7353582597030405,0.6326772780053243
all_pairs,combined,0.0,active,WT_exit,0.1483293470542087,72,65,0.9027777777777778,43,0.5972222222222222,0.5833333333333333,0.4107441037943019,0.15575966284658246,0.5430435470339574,0.4193338447938191
all_pairs,combined,0.0,active,balance,0.5,72,62,0.8611111111111112,28,0.3888888888888889,0.36309523809523814,0.5473554732843735,0.3143726731934018,0.6447270289957742,0.5752967335004231
all_pairs,combined,0.0,isi,SCA3_entry,0.7978563373093712,72,61,0.8472222222222222,21,0.2916666666666667,0.24404761904761907,0.690943852247198,0.48474822651978994,0.7530050103020266,0.6973849263550495
all_pairs,combined,0.0,isi,WT_exit,0.1358293233470019,72,68,0.9444444444444444,49,0.6805555555555556,0.6458333333333335,0.35323877782024915,0.0695904377665605,0.4835613059659172,0.349807050033129
all_pairs,combined,0.0,isi,balance,0.5,72,61,0.8472222222222222,30,0.4166666666666667,0.430952380952381,0.5251339466533075,0.3148798723320981,0.6557769399515613,0.5318298842315076
all_pairs,combined,0.03333333333333333,active,SCA3_entry,0.6832817402871161,72,61,0.8472222222222222,27,0.375,0.39285714285714285,0.5980412882040818,0.3563142026294942,0.7053612787465372,0.6400769623496516
all_pairs,combined,0.03333333333333333,active,WT_exit,0.1483293470542087,72,66,0.9166666666666666,54,0.75,0.7113095238095238,0.2617034314201804,1.1011693433222467e-17,0.46344515081039866,0.2508909009860286
all_pairs,combined,0.03333333333333333,active,balance,0.5,72,61,0.8472222222222222,30,0.4166666666666667,0.44047619047619047,0.5418288501626999,0.22988622212492243,0.652547408782641,0.5641086908179676
all_pairs,combined,0.03333333333333333,isi,SCA3_entry,0.7978563373093712,72,60,0.8333333333333334,21,0.2916666666666667,0.31547619047619047,0.6669485268588752,0.5263374160828749,0.7495630283319894,0.6935233328347596
all_pairs,combined,0.03333333333333333,isi,WT_exit,0.1358293233470019,72,68,0.9444444444444444,56,0.7777777777777778,0.7777777777777777,0.2993471610140317,0.0,0.42041480892270966,0.2153313402468584
all_pairs,combined,0.03333333333333333,isi,balance,0.5,72,64,0.8888888888888888,31,0.4305555555555556,0.4488095238095239,0.5240252577244678,0.30552354815893545,0.6666256659759018,0.5319964159065272
all_pairs,combined,0.06666666666666667,active,SCA3_entry,0.6832817402871161,72,61,0.8472222222222222,32,0.4444444444444444,0.4761904761904763,0.5213924610006989,0.24170149495990934,0.6509423033094386,0.6157477500770558
all_pairs,combined,0.06666666666666667,active,WT_exit,0.1483293470542087,72,67,0.9305555555555556,57,0.7916666666666666,0.7817460317460319,0.23333333333333284,0.0,0.43360033143992527,0.13183331357823652
all_pairs,combined,0.06666666666666667,active,balance,0.5,72,64,0.8888888888888888,38,0.5277777777777778,0.5,0.4327323855698382,0.12258641094941038,0.6051406732312157,0.5497618482563127
all_pairs,combined,0.06666666666666667,isi,SCA3_entry,0.7978563373093712,72,61,0.8472222222222222,22,0.3055555555555556,0.3333333333333333,0.6372303117941327,0.42480942933851773,0.7703371968762093,0.6858135782480959
all_pairs,combined,0.06666666666666667,isi,WT_exit,0.1358293233470019,72,69,0.9583333333333334,59,0.8194444444444444,0.8452380952380953,0.23541400532407658,0.0,0.40576145204999187,0.13629994121777708
all_pairs,combined,0.06666666666666667,isi,balance,0.5,72,64,0.8888888888888888,39,0.5416666666666666,0.5416666666666667,0.5169844670135918,0.2104508201882861,0.654041660701537,0.5210839501937986
all_pairs,combined,0.1,active,SCA3_entry,0.6832817402871161,72,63,0.875,36,0.5,0.5,0.47786591866642514,0.09133199316874965,0.6493611337225885,0.5729806732436571
all_pairs,combined,0.1,active,WT_exit,0.1483293470542087,72,66,0.9166666666666666,58,0.8055555555555556,0.8333333333333333,0.06295101588892169,0.0,0.36142153607712113,0.06295101588892169
all_pairs,combined,0.1,active,balance,0.5,72,64,0.8888888888888888,47,0.6527777777777778,0.6111111111111112,0.35374852667019996,0.03326205477217482,0.5829293325603251,0.32082433226025675
all_pairs,combined,0.1,isi,SCA3_entry,0.7978563373093712,72,60,0.8333333333333334,25,0.3472222222222222,0.38492063492063494,0.6050658348337016,0.2947178309728916,0.7427468116442066,0.6800407987284052
all_pairs,combined,0.1,isi,WT_exit,0.1358293233470019,72,67,0.9305555555555556,59,0.8194444444444444,0.8888888888888888,0.1524897149302518,0.0,0.3560918770322627,0.07292856419273552
all_pairs,combined,0.1,isi,balance,0.5,72,63,0.875,43,0.5972222222222222,0.5714285714285714,0.5006022285125734,0.222165424490204,0.6434335371681783,0.5308653111701561
all_pairs,combined,0.13333333333333333,active,SCA3_entry,0.6832817402871161,72,65,0.9027777777777778,43,0.5972222222222222,0.5555555555555556,0.3369391541555709,0.033333333333333326,0.640761737473651,0.4493916002408447
all_pairs,combined,0.13333333333333333,active,WT_exit,0.1483293470542087,72,68,0.9444444444444444,61,0.8472222222222222,0.8428571428571427,0.016666666666666864,0.0,0.29968732374326384,0.03333333333333333
all_pairs,combined,0.13333333333333333,active,balance,0.5,72,66,0.9166666666666666,52,0.7222222222222222,0.6666666666666666,0.3006419790570283,0.003482595273134148,0.5764676068045793,0.3319590460576459
all_pairs,combined,0.13333333333333333,isi,SCA3_entry,0.7978563373093712,72,60,0.8333333333333334,28,0.3888888888888889,0.4166666666666667,0.6075428163673452,0.27954674663389656,0.7284387757912689,0.6495160588739375
all_pairs,combined,0.13333333333333333,isi,WT_exit,0.1358293233470019,72,67,0.9305555555555556,62,0.8611111111111112,0.8908730158730159,0.08687857205865539,1.6653345369377347e-17,0.32479242870643066,0.07764335491552087
all_pairs,combined,0.13333333333333333,isi,balance,0.5,72,61,0.8472222222222222,48,0.6666666666666666,0.5714285714285714,0.4552955072895965,0.23930399116790807,0.5939000842319453,0.4696494256478905
all_pairs,combined,0.16666666666666666,active,SCA3_entry,0.6832817402871161,72,66,0.9166666666666666,49,0.6805555555555556,0.6031746031746031,0.2577902598215581,0.0,0.6435826073050807,0.3430522814594548
all_pairs,combined,0.16666666666666666,active,WT_exit,0.1483293470542087,72,68,0.9444444444444444,62,0.8611111111111112,0.8591269841269841,7.51447219480357e-17,0.0,0.2783035506345946,0.016666666666666923
all_pairs,combined,0.16666666666666666,active,balance,0.5,72,68,0.9444444444444444,52,0.7222222222222222,0.6924603174603174,0.2613521182801175,0.0,0.5505552604102449,0.3031606791557121
all_pairs,combined,0.16666666666666666,isi,SCA3_entry,0.7978563373093712,72,60,0.8333333333333334,29,0.4027777777777778,0.41666666666666674,0.6010406599944531,0.31124306414283825,0.7164898152609906,0.6549865366470029
all_pairs,combined,0.16666666666666666,isi,WT_exit,0.1358293233470019,72,67,0.9305555555555556,63,0.875,0.8908730158730159,0.1,0.0,0.32086016990938737,0.1
all_pairs,combined,0.16666666666666666,isi,balance,0.5,72,60,0.8333333333333334,48,0.6666666666666666,0.5714285714285714,0.46425103480416935,0.2519450314495907,0.5767449831802114,0.46741398635462444
all_pairs,combined,0.2,active,SCA3_entry,0.6832817402871161,72,67,0.9305555555555556,52,0.7222222222222222,0.6666666666666666,0.2668626388311744,0.0,0.6405742428250147,0.32681482337340717
all_pairs,combined,0.2,active,WT_exit,0.1483293470542087,72,68,0.9444444444444444,61,0.8472222222222222,0.9023809523809525,5.551115123125782e-18,0.0,0.2470869404992385,1.4248972439175992e-16
all_pairs,combined,0.2,active,balance,0.5,72,68,0.9444444444444444,54,0.75,0.7440476190476191,0.1983490556946929,0.0,0.5267571194978072,0.29832685219769683
all_pairs,combined,0.2,isi,SCA3_entry,0.7978563373093712,72,60,0.8333333333333334,28,0.3888888888888889,0.4,0.5933937724173828,0.3238518813354434,0.7206009755801741,0.6625964126903194
all_pairs,combined,0.2,isi,WT_exit,0.1358293233470019,72,68,0.9444444444444444,63,0.875,0.886904761904762,0.12912785111361444,0.0,0.3228878209274703,0.10413918656814235
all_pairs,combined,0.2,isi,balance,0.5,72,62,0.8611111111111112,47,0.6527777777777778,0.5714285714285714,0.46410268905104735,0.2622825364161175,0.5828215619504085,0.4845798503651518
all_pairs,combined,0.23333333333333334,active,SCA3_entry,0.6832817402871161,72,68,0.9444444444444444,53,0.7361111111111112,0.6666666666666666,0.17310936390901666,0.0,0.6098402873418518,0.2875647591456909
all_pairs,combined,0.23333333333333334,active,WT_exit,0.1483293470542087,72,69,0.9583333333333334,63,0.875,0.9226190476190477,1.4609144586322454e-16,0.0,0.286307110280259,1.4609144586322454e-16
all_pairs,combined,0.23333333333333334,active,balance,0.5,72,68,0.9444444444444444,56,0.7777777777777778,0.75,0.2073602801626696,0.0,0.5269969111145941,0.2551664435079306
all_pairs,combined,0.23333333333333334,isi,SCA3_entry,0.7978563373093712,72,60,0.8333333333333334,29,0.4027777777777778,0.4,0.5994629407581165,0.30324537872186524,0.735858532438914,0.6708158650183921
all_pairs,combined,0.23333333333333334,isi,WT_exit,0.1358293233470019,72,72,1.0,65,0.9027777777777778,0.9166666666666667,0.11283445169222006,0.0,0.28357079014952746,0.10705494175541772
all_pairs,combined,0.23333333333333334,isi,balance,0.5,72,63,0.875,51,0.7083333333333334,0.6428571428571429,0.4800547593289789,0.23280310166990653,0.586620541012645,0.4861769254303147
all_pairs,combined,0.26666666666666666,active,SCA3_entry,0.6832817402871161,72,68,0.9444444444444444,52,0.7222222222222222,0.6666666666666666,0.16666666666666666,0.0,0.5866914959267847,0.26338012655910753
all_pairs,combined,0.26666666666666666,active,WT_exit,0.1483293470542087,72,70,0.9722222222222222,65,0.9027777777777778,0.9388888888888889,1.1102230246251564e-17,0.0,0.24594320458314037,2.220446049250313e-17
all_pairs,combined,0.26666666666666666,active,balance,0.5,72,68,0.9444444444444444,56,0.7777777777777778,0.75,0.1463195629751417,0.0,0.49662867249043885,0.24038668823579135
all_pairs,combined,0.26666666666666666,isi,SCA3_entry,0.7978563373093712,72,61,0.8472222222222222,28,0.3888888888888889,0.4,0.6006882394319802,0.31666666666666665,0.749255953272388,0.6859434246559593
all_pairs,combined,0.26666666666666666,isi,WT_exit,0.1358293233470019,72,72,1.0,66,0.9166666666666666,0.9166666666666667,0.11479823697288274,0.0,0.30101706416819696,0.11068869734990164
all_pairs,combined,0.26666666666666666,isi,balance,0.5,72,64,0.8888888888888888,52,0.7222222222222222,0.6476190476190475,0.47413067822577804,0.21376730180482365,0.5946327310706003,0.49095337940726214
all_pairs,combined,0.3,active,SCA3_entry,0.6832817402871161,72,68,0.9444444444444444,54,0.75,0.6666666666666666,0.13333333333333333,0.0,0.5440016156433592,0.20842335885045937
all_pairs,combined,0.3,active,WT_exit,0.1483293470542087,72,70,0.9722222222222222,65,0.9027777777777778,0.9583333333333335,7.771561172376093e-17,0.0,0.23113097459343998,1.3322676295501873e-16
all_pairs,combined,0.3,active,balance,0.5,72,68,0.9444444444444444,56,0.7777777777777778,0.7559523809523809,0.1787992293155217,0.0,0.47518330442556433,0.2757529557738321
all_pairs,combined,0.3,isi,SCA3_entry,0.7978563373093712,72,62,0.8611111111111112,29,0.4027777777777778,0.4,0.5691591062145469,0.3545024593210805,0.7041731548549518,0.674879458141756
all_pairs,combined,0.3,isi,WT_exit,0.1358293233470019,72,72,1.0,66,0.9166666666666666,0.9166666666666667,0.11714911806247175,0.0,0.30000000000000004,0.12069090163409306
all_pairs,combined,0.3,isi,balance,0.5,72,65,0.9027777777777778,55,0.7638888888888888,0.6619047619047618,0.4666666666666667,0.17507799664751036,0.5934941929882305,0.48959248062517957
all_pairs,combined,0.3333333333333333,active,SCA3_entry,0.6832817402871161,72,68,0.9444444444444444,54,0.75,0.6666666666666666,0.13333333333333333,0.0,0.5416298627591193,0.18134065411136197
all_pairs,combined,0.3333333333333333,active,WT_exit,0.1483293470542087,72,70,0.9722222222222222,67,0.9305555555555556,0.9357142857142858,0.0,0.0,0.23617085109721658,0.0
all_pairs,combined,0.3333333333333333,active,balance,0.5,72,68,0.9444444444444444,59,0.8194444444444444,0.7857142857142857,0.16666666666666666,0.0,0.44007897424969294,0.18763688727671032
all_pairs,combined,0.3333333333333333,isi,SCA3_entry,0.7978563373093712,72,63,0.875,32,0.4444444444444444,0.41071428571428575,0.5500579538760358,0.33552416739377133,0.7255598917245758,0.6361761941554005
all_pairs,combined,0.3333333333333333,isi,WT_exit,0.1358293233470019,72,72,1.0,68,0.9444444444444444,0.9166666666666667,0.11808752549238528,1.1783353481959213e-16,0.30719112537874793,0.12967377614033224
all_pairs,combined,0.3333333333333333,isi,balance,0.5,72,67,0.9305555555555556,51,0.7083333333333334,0.6666666666666666,0.4467352950204681,0.12947701820849136,0.5853789781704131,0.48560577959474377
all_pairs,combined,0.36666666666666664,active,SCA3_entry,0.6832817402871161,72,68,0.9444444444444444,55,0.7638888888888888,0.6880952380952382,0.13333333333333341,0.0,0.5216441834221737,0.17649926393757528
all_pairs,combined,0.36666666666666664,active,WT_exit,0.1483293470542087,72,72,1.0,70,0.9722222222222222,0.9583333333333335,0.0,0.0,0.2243941333421018,0.0
all_pairs,combined,0.36666666666666664,active,balance,0.5,72,68,0.9444444444444444,59,0.8194444444444444,0.8075396825396826,0.15000000000000008,0.0,0.4337941056173396,0.17445222459517
all_pairs,combined,0.36666666666666664,isi,SCA3_entry,0.7978563373093712,72,63,0.875,31,0.4305555555555556,0.42261904761904767,0.5803153466791579,0.33376382396645954,0.7262588957367554,0.6680292713119779
all_pairs,combined,0.36666666666666664,isi,WT_exit,0.1358293233470019,72,72,1.0,68,0.9444444444444444,0.9166666666666669,0.11600969292888419,0.0,0.3239439415073926,0.12208742186931838
all_pairs,combined,0.36666666666666664,isi,balance,0.5,72,67,0.9305555555555556,53,0.7361111111111112,0.6761904761904762,0.44540725669067793,0.12495991204098778,0.5994600425178863,0.500119677149843
all_pairs,combined,0.4,active,SCA3_entry,0.6832817402871161,72,68,0.9444444444444444,55,0.7638888888888888,0.6904761904761906,0.13333333333333353,0.0,0.501330813353042,0.16666666666666666
all_pairs,combined,0.4,active,WT_exit,0.1483293470542087,72,72,1.0,71,0.9861111111111112,0.9642857142857143,0.0,0.0,0.20745954931467625,0.0
all_pairs,combined,0.4,active,balance,0.5,72,69,0.9583333333333334,60,0.8333333333333334,0.8333333333333333,0.13333333333333358,0.0,0.4596589398987141,0.14207785867169329
all_pairs,combined,0.4,isi,SCA3_entry,0.7978563373093712,72,65,0.9027777777777778,31,0.4305555555555556,0.4365079365079365,0.6,0.2271060009243155,0.7402288932351895,0.6185267948667623
all_pairs,combined,0.4,isi,WT_exit,0.1358293233470019,72,72,1.0,71,0.9861111111111112,0.9226190476190477,0.116838246288724,9.244422915765438e-18,0.33363303987323134,0.11700982591078125
all_pairs,combined,0.4,isi,balance,0.5,72,69,0.9583333333333334,53,0.7361111111111112,0.7261904761904763,0.4498969435860832,0.13333333333333333,0.6206295486726672,0.45865041247328214
all_pairs,combined,0.43333333333333335,active,SCA3_entry,0.6832817402871161,72,68,0.9444444444444444,57,0.7916666666666666,0.7182539682539684,0.14733998215240618,0.0,0.49283869701236177,0.16666666666666666
all_pairs,combined,0.43333333333333335,active,WT_exit,0.1483293470542087,72,72,1.0,71,0.9861111111111112,0.9694444444444444,0.0,0.0,0.20833333333333337,0.0
all_pairs,combined,0.43333333333333335,active,balance,0.5,72,69,0.9583333333333334,61,0.8472222222222222,0.8660714285714286,0.05000000000000001,0.0,0.42797799785669594,0.13333333333333344
all_pairs,combined,0.43333333333333335,isi,SCA3_entry,0.7978563373093712,72,65,0.9027777777777778,32,0.4444444444444444,0.4365079365079365,0.5179333470651039,0.18687805166965102,0.7184183716117389,0.6186549963262777
all_pairs,combined,0.43333333333333335,isi,WT_exit,0.1358293233470019,72,72,1.0,72,1.0,0.9357142857142858,0.09041731103066235,1.8589271316139182e-17,0.33968193036098915,0.09041731103066235
all_pairs,combined,0.43333333333333335,isi,balance,0.5,72,69,0.9583333333333334,56,0.7777777777777778,0.75,0.4207392546673225,0.12347407383872318,0.5988785442431623,0.44120446207057684
all_pairs,combined,0.4666666666666667,active,SCA3_entry,0.6832817402871161,72,69,0.9583333333333334,59,0.8194444444444444,0.7559523809523809,0.06666666666666667,0.0,0.4391581444372923,0.15071772232761707
all_pairs,combined,0.4666666666666667,active,WT_exit,0.1483293470542087,72,72,1.0,72,1.0,0.9694444444444444,0.0,0.0,0.20833333333333334,0.0
all_pairs,combined,0.4666666666666667,active,balance,0.5,72,70,0.9722222222222222,63,0.875,0.884920634920635,0.03333333333333333,0.0,0.39254545517482675,0.05000000000000001
all_pairs,combined,0.4666666666666667,isi,SCA3_entry,0.7978563373093712,72,66,0.9166666666666666,34,0.4722222222222222,0.4285714285714286,0.5083333333333333,0.19827171816268938,0.7332173152866401,0.5653005728795922
all_pairs,combined,0.4666666666666667,isi,WT_exit,0.1358293233470019,72,72,1.0,72,1.0,0.930952380952381,0.10121929705285526,0.0,0.33651673794472264,0.10121929705285526
all_pairs,combined,0.4666666666666667,isi,balance,0.5,72,69,0.9583333333333334,56,0.7777777777777778,0.8005952380952381,0.429654888628703,0.12291760451271518,0.595521040036234,0.4381065853960461
all_pairs,combined,0.5,active,SCA3_entry,0.6832817402871161,72,69,0.9583333333333334,60,0.8333333333333334,0.8107142857142857,0.1,0.0,0.43304041464780285,0.11666666666666668
all_pairs,combined,0.5,active,WT_exit,0.1483293470542087,72,72,1.0,72,1.0,1.0,0.0,0.0,0.16666666666666666,0.0
all_pairs,combined,0.5,active,balance,0.5,72,70,0.9722222222222222,64,0.8888888888888888,0.8908730158730159,0.04166666666666667,0.0,0.3889644817055365,0.05000000000000001
all_pairs,combined,0.5,isi,SCA3_entry,0.7978563373093712,72,67,0.9305555555555556,37,0.5138888888888888,0.5,0.5499999999999999,0.19522126003133483,0.72130014389545,0.567384870251651
all_pairs,combined,0.5,isi,WT_exit,0.1358293233470019,72,72,1.0,72,1.0,0.9476190476190476,0.11529279408689547,0.0,0.3691642600751361,0.11529279408689547
all_pairs,combined,0.5,isi,balance,0.5,72,71,0.9861111111111112,61,0.8472222222222222,0.8333333333333331,0.4275510841807082,0.09306934890922654,0.5504217429307998,0.4635108188980685
all_pairs,combined,0.5333333333333333,active,SCA3_entry,0.6832817402871161,72,70,0.9722222222222222,63,0.875,0.8333333333333333,0.09166666666666667,0.0,0.44399300911870265,0.1
all_pairs,combined,0.5333333333333333,active,WT_exit,0.1483293470542087,72,72,1.0,72,1.0,1.0,0.0,0.0,0.17499999999999993,0.0
all_pairs,combined,0.5333333333333333,active,balance,0.5,72,70,0.9722222222222222,64,0.8888888888888888,0.8964285714285715,0.041666666666666796,0.0,0.3831549354323362,0.041666666666666796
all_pairs,combined,0.5333333333333333,isi,SCA3_entry,0.7978563373093712,72,68,0.9444444444444444,40,0.5555555555555556,0.5119047619047619,0.49342553776395237,0.19751992257714152,0.740696702236619,0.5742064724284068
all_pairs,combined,0.5333333333333333,isi,WT_exit,0.1358293233470019,72,72,1.0,72,1.0,0.9484126984126984,0.12364231875112529,0.005964220048915302,0.38768216593777066,0.12364231875112529
all_pairs,combined,0.5333333333333333,isi,balance,0.5,72,71,0.9861111111111112,61,0.8472222222222222,0.8333333333333333,0.4103387343237643,0.11135012161725316,0.5717366524387772,0.4485079141704067
all_pairs,combined,0.5666666666666667,active,SCA3_entry,0.6832817402871161,72,70,0.9722222222222222,63,0.875,0.8333333333333333,0.07085730964008438,0.0,0.43168676870303574,0.07504795261350185
all_pairs,combined,0.5666666666666667,active,WT_exit,0.1483293470542087,72,72,1.0,72,1.0,1.0,0.0,0.0,0.14733133827521594,0.0
all_pairs,combined,0.5666666666666667,active,balance,0.5,72,70,0.9722222222222222,64,0.8888888888888888,0.9166666666666667,0.06666666666666668,0.0,0.37645804565250585,0.06666666666666679
all_pairs,combined,0.5666666666666667,isi,SCA3_entry,0.7978563373093712,72,68,0.9444444444444444,41,0.5694444444444444,0.5208333333333335,0.4658700759927014,0.1967033698633836,0.7607872974876052,0.6063803813017774
all_pairs,combined,0.5666666666666667,isi,WT_exit,0.1358293233470019,72,72,1.0,72,1.0,0.9642857142857143,0.1336541628645636,0.0054430503397917265,0.4,0.1336541628645636
all_pairs,combined,0.5666666666666667,isi,balance,0.5,72,72,1.0,63,0.875,0.8333333333333334,0.4357453240749751,0.1,0.5796696606443869,0.46036185386434453
all_pairs,combined,0.6,active,SCA3_entry,0.6832817402871161,72,70,0.9722222222222222,63,0.875,0.8333333333333333,0.10000000000000014,0.0,0.4662182616770638,0.1
all_pairs,combined,0.6,active,WT_exit,0.1483293470542087,72,72,1.0,72,1.0,1.0,0.0,0.0,0.133953413280866,0.0
all_pairs,combined,0.6,active,balance,0.5,72,70,0.9722222222222222,64,0.8888888888888888,0.9166666666666667,0.09166666666666667,0.0,0.38840638224893276,0.10000000000000012
all_pairs,combined,0.6,isi,SCA3_entry,0.7978563373093712,72,69,0.9583333333333334,41,0.5694444444444444,0.5595238095238095,0.4348840499770288,0.1563920010900198,0.7569423922600912,0.45574276447891504
all_pairs,combined,0.6,isi,WT_exit,0.1358293233470019,72,72,1.0,72,1.0,0.9857142857142858,0.1430653042304332,9.567744512084745e-17,0.40208084645231,0.1430653042304332
all_pairs,combined,0.6,isi,balance,0.5,72,72,1.0,65,0.9027777777777778,0.8333333333333334,0.4470540539459342,0.11727312544284635,0.5815356416931144,0.4700438602455182
all_pairs,combined,0.6333333333333333,active,SCA3_entry,0.6832817402871161,72,70,0.9722222222222222,64,0.8888888888888888,0.8333333333333333,0.10833333333333334,0.0,0.4449013711669176,0.10833333333333334
all_pairs,combined,0.6333333333333333,active,WT_exit,0.1483293470542087,72,72,1.0,72,1.0,1.0,0.0005568859843181214,0.0,0.1622746694249529,0.0005568859843181214
all_pairs,combined,0.6333333333333333,active,balance,0.5,72,70,0.9722222222222222,64,0.8888888888888888,0.9388888888888889,0.10000000000000017,0.0,0.40043687215167345,0.10833333333333343
all_pairs,combined,0.6333333333333333,isi,SCA3_entry,0.7978563373093712,72,69,0.9583333333333334,43,0.5972222222222222,0.5857142857142856,0.454042169877793,0.15430512161806076,0.7666666666666666,0.6259213818682587
all_pairs,combined,0.6333333333333333,isi,WT_exit,0.1358293233470019,72,72,1.0,72,1.0,0.9880952380952381,0.15833333333333346,0.013444612238283783,0.35334891758027903,0.15833333333333346
all_pairs,combined,0.6333333333333333,isi,balance,0.5,72,72,1.0,65,0.9027777777777778,0.8333333333333334,0.4577045209631103,0.12924236451349147,0.592831111268914,0.4896546696769975
all_pairs,combined,0.6666666666666666,active,SCA3_entry,0.6832817402871161,72,70,0.9722222222222222,63,0.875,0.8333333333333333,0.1333333333333333,0.0041666666666667325,0.4832737140413532,0.1333333333333333
all_pairs,combined,0.6666666666666666,active,WT_exit,0.1483293470542087,72,72,1.0,72,1.0,1.0,4.8257276506560515e-17,0.0,0.20000000000000007,4.8257276506560515e-17
all_pairs,combined,0.6666666666666666,active,balance,0.5,72,71,0.9861111111111112,65,0.9027777777777778,0.9791666666666667,0.13333333333333333,0.0,0.41766461168304103,0.13333333333333333
all_pairs,combined,0.6666666666666666,isi,SCA3_entry,0.7978563373093712,72,69,0.9583333333333334,42,0.5833333333333334,0.6091269841269841,0.49433779711989434,0.1686024967608183,0.7795769233766627,0.49716889855994717
all_pairs,combined,0.6666666666666666,isi,WT_exit,0.1358293233470019,72,72,1.0,72,1.0,0.9880952380952381,0.15833333333333321,0.00518999408269739,0.3156051248979653,0.15833333333333321
all_pairs,combined,0.6666666666666666,isi,balance,0.5,72,72,1.0,65,0.9027777777777778,0.8779761904761906,0.48558265671018586,0.1656931756653617,0.6211823296482186,0.5
all_pairs,combined,0.7,active,SCA3_entry,0.6832817402871161,72,70,0.9722222222222222,63,0.875,0.8333333333333333,0.13333333333333333,0.016666666666666684,0.5211626217689509,0.13333333333333333
all_pairs,combined,0.7,active,WT_exit,0.1483293470542087,72,72,1.0,71,0.9861111111111112,1.0,0.03333333333333333,0.0,0.23333333333333336,0.03333333333333333
all_pairs,combined,0.7,active,balance,0.5,72,72,1.0,66,0.9166666666666666,1.0,0.12966158276910508,0.012500000000000028,0.4548191341301602,0.13333333333333333
all_pairs,combined,0.7,isi,SCA3_entry,0.7978563373093712,72,69,0.9583333333333334,44,0.6111111111111112,0.6035714285714286,0.5105711721602033,0.19864165236955664,0.7706575965395738,0.55
all_pairs,combined,0.7,isi,WT_exit,0.1358293233470019,72,72,1.0,71,0.9861111111111112,0.9880952380952381,0.17849167769290347,0.03134236908775299,0.3595829020085043,0.16666666666666718
all_pairs,combined,0.7,isi,balance,0.5,72,72,1.0,65,0.9027777777777778,0.886904761904762,0.4962842268483536,0.16265205241894973,0.6444526648347063,0.5155445652547229
all_pairs,combined,0.7333333333333333,active,SCA3_entry,0.6832817402871161,72,70,0.9722222222222222,62,0.8611111111111112,0.8571428571428571,0.15833333333333333,0.03333333333333333,0.5057884164475509,0.15833333333333333
all_pairs,combined,0.7333333333333333,active,WT_exit,0.1483293470542087,72,72,1.0,71,0.9861111111111112,1.0,0.03333333333333333,0.0,0.2666988631330396,0.03333333333333333
all_pairs,combined,0.7333333333333333,active,balance,0.5,72,72,1.0,67,0.9305555555555556,0.9791666666666667,0.11666666666666668,1.3723931954418159e-16,0.48151492338491525,0.1166666666666667
all_pairs,combined,0.7333333333333333,isi,SCA3_entry,0.7978563373093712,72,69,0.9583333333333334,48,0.6666666666666666,0.6319444444444444,0.5219792349438688,0.18333333333333335,0.7735281887294546,0.5416666666666666
all_pairs,combined,0.7333333333333333,isi,WT_exit,0.1358293233470019,72,72,1.0,71,0.9861111111111112,0.9880952380952381,0.20054978519229516,0.030247669432557703,0.39860479259525283,0.20000000000000048
all_pairs,combined,0.7333333333333333,isi,balance,0.5,72,72,1.0,65,0.9027777777777778,0.8750000000000001,0.48568617935850605,0.16666666666666666,0.6306225938514586,0.5100006605451459
all_pairs,combined,0.7666666666666666,active,SCA3_entry,0.6832817402871161,72,70,0.9722222222222222,63,0.875,0.888888888888889,0.15000000000000002,0.004166666666666741,0.5354371117985836,0.15000000000000002
all_pairs,combined,0.7666666666666666,active,WT_exit,0.1483293470542087,72,72,1.0,71,0.9861111111111112,1.0,0.05833333333333363,0.0,0.30712364343997234,0.05
all_pairs,combined,0.7666666666666666,active,balance,0.5,72,72,1.0,67,0.9305555555555556,1.0,0.1416666666666667,1.400502427060264e-16,0.4499515270271202,0.15000000000000002
all_pairs,combined,0.7666666666666666,isi,SCA3_entry,0.7978563373093712,72,69,0.9583333333333334,51,0.7083333333333334,0.6180555555555556,0.5174648287104968,0.16666666666666666,0.7639643432218225,0.5452509162801368
all_pairs,combined,0.7666666666666666,isi,WT_exit,0.1358293233470019,72,72,1.0,71,0.9861111111111112,0.9880952380952381,0.2021428776189486,1.0225410873761092e-16,0.40628528538479636,0.19999999999999976
all_pairs,combined,0.7666666666666666,isi,balance,0.5,72,72,1.0,67,0.9305555555555556,0.8750000000000001,0.5051737254958693,0.16671410528952024,0.6543786075312914,0.5178910974466975
all_pairs,combined,0.8,active,SCA3_entry,0.6832817402871161,72,72,1.0,64,0.8888888888888888,0.8908730158730159,0.16666666666666669,1.3600232051658166e-16,0.6410008626136168,0.16666666666666669
all_pairs,combined,0.8,active,WT_exit,0.1483293470542087,72,72,1.0,71,0.9861111111111112,1.0,0.08333333333333334,0.0,0.3553712385020569,0.06666666666666668
all_pairs,combined,0.8,active,balance,0.5,72,72,1.0,68,0.9444444444444444,1.0,0.14166666666666694,1.5234589242644267e-16,0.49589143654554146,0.15000000000000002
all_pairs,combined,0.8,isi,SCA3_entry,0.7978563373093712,72,69,0.9583333333333334,53,0.7361111111111112,0.6319444444444444,0.48747259537705084,0.2,0.8222120468003277,0.5574829904893231
all_pairs,combined,0.8,isi,WT_exit,0.1358293233470019,72,72,1.0,71,0.9861111111111112,0.9880952380952381,0.21881396754329646,1.0112215384088828e-16,0.40248343833425676,0.2166666666666665
all_pairs,combined,0.8,isi,balance,0.5,72,72,1.0,67,0.9305555555555556,0.9166666666666667,0.5210494029775237,0.2188083978023856,0.6491225290034519,0.5313835116160768
all_pairs,combined,0.8333333333333334,active,SCA3_entry,0.6832817402871161,72,72,1.0,63,0.875,0.9047619047619049,0.17500000000000004,1.4432899320127033e-16,0.6415873269884482,0.18333333333333338
all_pairs,combined,0.8333333333333334,active,WT_exit,0.1483293470542087,72,72,1.0,72,1.0,1.0,0.10833333333333342,0.0,0.3749999999999999,0.10833333333333342
all_pairs,combined,0.8333333333333334,active,balance,0.5,72,72,1.0,66,0.9166666666666666,1.0,0.14166666666666666,1.5820678100908479e-16,0.4633744175157566,0.14166666666666666
all_pairs,combined,0.8333333333333334,isi,SCA3_entry,0.7978563373093712,72,71,0.9861111111111112,52,0.7222222222222222,0.7238095238095237,0.5927174102571577,0.2,0.78924379808868,0.648227565566019
all_pairs,combined,0.8333333333333334,isi,WT_exit,0.1358293233470019,72,72,1.0,72,1.0,0.9821428571428572,0.23333333333333334,7.020056140790011e-17,0.43375698871880697,0.23333333333333334
all_pairs,combined,0.8333333333333334,isi,balance,0.5,72,72,1.0,67,0.9305555555555556,0.9458333333333334,0.3998926725817451,0.2,0.6576398592397714,0.491487688049671
all_pairs,combined,0.8666666666666667,active,SCA3_entry,0.6832817402871161,72,72,1.0,64,0.8888888888888888,0.9791666666666667,0.16666666666666666,1.5820678100908479e-16,0.6276518582056728,0.18333333333333335
all_pairs,combined,0.8666666666666667,active,WT_exit,0.1483293470542087,72,72,1.0,72,1.0,1.0,0.15833333333333333,0.0,0.39999999999999997,0.15833333333333333
all_pairs,combined,0.8666666666666667,active,balance,0.5,72,72,1.0,68,0.9444444444444444,1.0,0.16666666666666666,1.193489751472043e-16,0.5783689464924693,0.16666666666666666
all_pairs,combined,0.8666666666666667,isi,SCA3_entry,0.7978563373093712,72,72,1.0,53,0.7361111111111112,0.7500000000000001,0.535274532016128,0.1916666666666667,0.812165551318488,0.65
all_pairs,combined,0.8666666666666667,isi,WT_exit,0.1358293233470019,72,72,1.0,72,1.0,1.0,0.26666666666666666,0.03333333333333333,0.44634606676345684,0.26666666666666666
all_pairs,combined,0.8666666666666667,isi,balance,0.5,72,72,1.0,67,0.9305555555555556,0.9861111111111112,0.4172342382975512,0.14999999999999997,0.6781836646857634,0.4666666666666668
all_pairs,combined,0.9,active,SCA3_entry,0.6832817402871161,72,72,1.0,64,0.8888888888888888,1.0,0.2,0.06666666666666667,0.7184003314730043,0.21666666666666667
all_pairs,combined,0.9,active,WT_exit,0.1483293470542087,72,72,1.0,72,1.0,1.0,0.15392765736413294,0.0,0.43333333333333335,0.15392765736413294
all_pairs,combined,0.9,active,balance,0.5,72,72,1.0,68,0.9444444444444444,1.0,0.15,0.0625,0.5946138515954636,0.18333333333333335
all_pairs,combined,0.9,isi,SCA3_entry,0.7978563373093712,72,72,1.0,52,0.7222222222222222,0.8333333333333333,0.6083333333333334,0.20000000000000007,0.8067903127717915,0.6976391669671814
all_pairs,combined,0.9,isi,WT_exit,0.1358293233470019,72,72,1.0,72,1.0,1.0,0.31760422415905454,0.03333333333333333,0.4581682155416675,0.31760422415905454
all_pairs,combined,0.9,isi,balance,0.5,72,72,1.0,66,0.9166666666666666,1.0,0.4833333333333334,0.11250000000000006,0.6917326175703868,0.5305487046973756
all_pairs,combined,0.9333333333333333,active,SCA3_entry,0.6832817402871161,72,72,1.0,66,0.9166666666666666,1.0,0.2,0.06666666666666667,0.671315355784886,0.20000000000000007
all_pairs,combined,0.9333333333333333,active,WT_exit,0.1483293470542087,72,72,1.0,72,1.0,1.0,0.2,7.25160517830602e-17,0.42883585833646504,0.2
all_pairs,combined,0.9333333333333333,active,balance,0.5,72,72,1.0,71,0.9861111111111112,1.0,0.2,0.0625,0.6400051673112621,0.2
all_pairs,combined,0.9333333333333333,isi,SCA3_entry,0.7978563373093712,72,70,0.9722222222222222,52,0.7222222222222222,0.8958333333333334,0.6083333333333334,0.23333333333333334,0.8546625248040735,0.7304837800939004
all_pairs,combined,0.9333333333333333,isi,WT_exit,0.1358293233470019,72,72,1.0,72,1.0,1.0,0.3618622662438803,0.03333333333333333,0.4825912022638346,0.3618622662438803
all_pairs,combined,0.9333333333333333,isi,balance,0.5,72,72,1.0,67,0.9305555555555556,1.0,0.5106493245441351,0.16249999999999998,0.7055014095816078,0.6
all_pairs,combined,0.9666666666666667,active,SCA3_entry,0.6832817402871161,72,72,1.0,66,0.9166666666666666,1.0,0.2,0.06666666666666667,0.7577443353954715,0.2052504214836891
all_pairs,combined,0.9666666666666667,active,WT_exit,0.1483293470542087,72,72,1.0,72,1.0,1.0,0.2,0.024999999999999994,0.46868706366471957,0.2
all_pairs,combined,0.9666666666666667,active,balance,0.5,72,72,1.0,71,0.9861111111111112,1.0,0.2,0.04583333333333334,0.6732978745578015,0.2
all_pairs,combined,0.9666666666666667,isi,SCA3_entry,0.7978563373093712,72,70,0.9722222222222222,52,0.7222222222222222,0.8958333333333334,0.5666666666666667,0.23333333333333334,0.7962427856004733,0.7
all_pairs,combined,0.9666666666666667,isi,WT_exit,0.1358293233470019,72,72,1.0,72,1.0,1.0,0.3459736107478333,0.05282835210578774,0.5016255390448865,0.3459736107478333
all_pairs,combined,0.9666666666666667,isi,balance,0.5,72,72,1.0,69,0.9583333333333334,1.0,0.4741823753782375,0.11666666666666671,0.7035217510615801,0.5219272488820861
all_pairs,combined,1.0,active,SCA3_entry,0.6832817402871161,72,72,1.0,61,0.8472222222222222,1.0,0.2,0.06666666666666667,0.5750000000000001,0.21666666666666667
all_pairs,combined,1.0,active,WT_exit,0.1483293470542087,72,72,1.0,72,1.0,1.0,0.23333333333333334,0.03333333333333332,0.48097644496690417,0.23333333333333334
all_pairs,combined,1.0,active,balance,0.5,72,72,1.0,72,1.0,1.0,0.2666666666666667,0.09583333333333335,0.6664683741192886,0.2666666666666667
all_pairs,combined,1.0,isi,SCA3_entry,0.7978563373093712,72,70,0.9722222222222222,50,0.6944444444444444,1.0,0.583333333333333,0.25416666666666665,0.8333333333333334,0.7333333333333333
all_pairs,combined,1.0,isi,WT_exit,0.1358293233470019,72,72,1.0,72,1.0,1.0,0.3597469277588148,0.06666666666666667,0.5220716207042582,0.3597469277588148
all_pairs,combined,1.0,isi,balance,0.5,72,72,1.0,70,0.9722222222222222,1.0,0.5117264844409201,0.20416666666666666,0.7340373626985096,0.5450598177742532
all_pairs,kappa_only,0.0,active,SCA3_entry,0.6832817402871161,72,60,0.8333333333333334,52,0.7222222222222222,0.7142857142857144,0.18770035606476032,0.11549939522209561,0.2751434339210301,0.18549193713230458
all_pairs,kappa_only,0.0,active,WT_exit,0.1483293470542087,72,60,0.8333333333333334,57,0.7916666666666666,0.9107142857142858,0.06372678353730801,0.009566653630633025,0.11301241759199432,0.05055945513566285
all_pairs,kappa_only,0.0,active,balance,0.5,72,60,0.8333333333333334,56,0.7777777777777778,0.8333333333333333,0.17215503161752685,0.09779966947712113,0.25159006638802994,0.17152424126036692
all_pairs,kappa_only,0.0,isi,SCA3_entry,0.7978563373093712,72,60,0.8333333333333334,25,0.3472222222222222,0.25,0.2976057056856917,0.17621706605326115,0.40787149468926376,0.22972250807349576
all_pairs,kappa_only,0.0,isi,WT_exit,0.1358293233470019,72,60,0.8333333333333334,57,0.7916666666666666,0.961309523809524,0.03253479441071045,0.0,0.0899444161847866,0.030696269822362596
all_pairs,kappa_only,0.0,isi,balance,0.5,72,60,0.8333333333333334,53,0.7361111111111112,0.7380952380952381,0.200815133368701,0.11678279555058324,0.26703994288971034,0.1904304656058577
all_pairs,kappa_only,0.0333333333333333,active,SCA3_entry,0.6832817402871161,72,60,0.8333333333333334,56,0.7777777777777778,0.8333333333333333,0.26229934689224665,0.17645151116609936,0.32491396119429333,0.2594179758614032
all_pairs,kappa_only,0.0333333333333333,active,WT_exit,0.1483293470542087,72,64,0.8888888888888888,59,0.8194444444444444,0.9880952380952381,0.08433016557344732,0.02795769842101361,0.14754111768906691,0.07650808677637654
all_pairs,kappa_only,0.0333333333333333,active,balance,0.5,72,60,0.8333333333333334,56,0.7777777777777778,0.8571428571428572,0.21446983185601792,0.13925063240514007,0.27283132202421106,0.21446983185601792
all_pairs,kappa_only,0.0333333333333333,isi,SCA3_entry,0.7978563373093712,72,60,0.8333333333333334,32,0.4444444444444444,0.37500000000000006,0.3486772549675873,0.23698108941849277,0.4514290415548445,0.3010014880635222
all_pairs,kappa_only,0.0333333333333333,isi,WT_exit,0.1358293233470019,72,68,0.9444444444444444,63,0.875,1.0,0.08106910990910055,0.018528744961967346,0.16959729368410026,0.07789699948194338
all_pairs,kappa_only,0.0333333333333333,isi,balance,0.5,72,60,0.8333333333333334,54,0.75,0.7785714285714286,0.228554101859957,0.14666231027558763,0.3152792953781648,0.2265262532533281
all_pairs,kappa_only,0.0666666666666666,active,SCA3_entry,0.6832817402871161,72,62,0.8611111111111112,56,0.7777777777777778,0.8333333333333333,0.2921007925882388,0.2070804520345113,0.36121018287403955,0.2889478524942346
all_pairs,kappa_only,0.0666666666666666,active,WT_exit,0.1483293470542087,72,70,0.9722222222222222,65,0.9027777777777778,1.0,0.12501501318297198,0.057493301012931194,0.21165020383957167,0.1199186883187884
all_pairs,kappa_only,0.0666666666666666,active,balance,0.5,72,63,0.875,57,0.7916666666666666,0.9166666666666667,0.25473392123286015,0.17759067941209533,0.3147063271971281,0.2467519044574355
all_pairs,kappa_only,0.0666666666666666,isi,SCA3_entry,0.7978563373093712,72,61,0.8472222222222222,37,0.5138888888888888,0.5,0.3813844171288818,0.25423004462695425,0.49477296398556403,0.3691151613015194
all_pairs,kappa_only,0.0666666666666666,isi,WT_exit,0.1358293233470019,72,72,1.0,68,0.9444444444444444,0.969047619047619,0.12803067065474408,0.04302478965425623,0.22919149138747313,0.11919699443127622
all_pairs,kappa_only,0.0666666666666666,isi,balance,0.5,72,63,0.875,56,0.7777777777777778,0.8214285714285714,0.2807526013557225,0.19224780637269273,0.349953195642672,0.27500967878533455
all_pairs,kappa_only,0.1,active,SCA3_entry,0.6832817402871161,72,65,0.9027777777777778,58,0.8055555555555556,0.8660714285714286,0.32497406150003166,0.23988346071641234,0.4087670700917113,0.30584173538153936
all_pairs,kappa_only,0.1,active,WT_exit,0.1483293470542087,72,72,1.0,68,0.9444444444444444,1.0,0.1675621673015652,0.08560566879662938,0.2677084621570295,0.158201768472923
all_pairs,kappa_only,0.1,active,balance,0.5,72,68,0.9444444444444444,63,0.875,0.9166666666666667,0.27711900721857197,0.21113581427785372,0.35068549384877035,0.2743128105694981
all_pairs,kappa_only,0.1,isi,SCA3_entry,0.7978563373093712,72,62,0.8611111111111112,41,0.5694444444444444,0.5297619047619049,0.4385766846189171,0.2897769645386859,0.5170551133098893,0.4315317246298688
all_pairs,kappa_only,0.1,isi,WT_exit,0.1358293233470019,72,72,1.0,66,0.9166666666666666,0.9742063492063492,0.1617588424557996,0.06409504497940503,0.2575113581126586,0.14923637606990975
all_pairs,kappa_only,0.1,isi,balance,0.5,72,66,0.9166666666666666,58,0.8055555555555556,0.8452380952380952,0.33142934426542836,0.22878338851429497,0.3886400048711851,0.31385541785136906
all_pairs,kappa_only,0.1333333333333333,active,SCA3_entry,0.6832817402871161,72,67,0.9305555555555556,60,0.8333333333333334,0.8660714285714286,0.3374068170585909,0.258113613793409,0.44474309567896597,0.33649534245664586
all_pairs,kappa_only,0.1333333333333333,active,WT_exit,0.1483293470542087,72,71,0.9861111111111112,68,0.9444444444444444,1.0,0.2002529546600787,0.08841232069346242,0.2729637053326194,0.19424861684491784
all_pairs,kappa_only,0.1333333333333333,active,balance,0.5,72,67,0.9305555555555556,62,0.8611111111111112,0.9023809523809524,0.31194755754357967,0.2208090102465971,0.38258248440029685,0.2981385300285584
all_pairs,kappa_only,0.1333333333333333,isi,SCA3_entry,0.7978563373093712,72,63,0.875,44,0.6111111111111112,0.5714285714285714,0.48111420860357695,0.3256583720631919,0.5371525522615916,0.4745616228790399
all_pairs,kappa_only,0.1333333333333333,isi,WT_exit,0.1358293233470019,72,71,0.9861111111111112,67,0.9305555555555556,1.0,0.18855149139790978,0.0824885343435202,0.2592240714289995,0.18150251620596838
all_pairs,kappa_only,0.1333333333333333,isi,balance,0.5,72,66,0.9166666666666666,59,0.8194444444444444,0.8333333333333333,0.3392657924266044,0.2365882452264019,0.40137899866055216,0.33575556873193896
all_pairs,kappa_only,0.1666666666666666,active,SCA3_entry,0.6832817402871161,72,66,0.9166666666666666,59,0.8194444444444444,0.8571428571428572,0.3676642616503103,0.2807613116852422,0.4751911508429097,0.36713951652390475
all_pairs,kappa_only,0.1666666666666666,active,WT_exit,0.1483293470542087,72,72,1.0,69,0.9583333333333334,1.0,0.2230424581705482,0.09536173648793836,0.274700377804889,0.21537643552034968
all_pairs,kappa_only,0.1666666666666666,active,balance,0.5,72,67,0.9305555555555556,61,0.8472222222222222,0.9023809523809524,0.3270105428332689,0.22778557930322602,0.4224479685055582,0.3237816537710607
all_pairs,kappa_only,0.1666666666666666,isi,SCA3_entry,0.7978563373093712,72,62,0.8611111111111112,44,0.6111111111111112,0.5773809523809523,0.5038129257728765,0.35315437946029515,0.5611303925312422,0.5038129257728765
all_pairs,kappa_only,0.1666666666666666,isi,WT_exit,0.1358293233470019,72,72,1.0,67,0.9305555555555556,0.9761904761904763,0.2204748869673706,0.09851093681119125,0.2851141524914805,0.21330789000502612
all_pairs,kappa_only,0.1666666666666666,isi,balance,0.5,72,64,0.8888888888888888,59,0.8194444444444444,0.8333333333333333,0.35739795258352064,0.2641136797298296,0.4351177204624649,0.356044015046405
all_pairs,kappa_only,0.2,active,SCA3_entry,0.6832817402871161,72,67,0.9305555555555556,60,0.8333333333333334,0.8591269841269841,0.3924969051782353,0.29852171431212227,0.48744816523152923,0.3919351581253333
all_pairs,kappa_only,0.2,active,WT_exit,0.1483293470542087,72,72,1.0,70,0.9722222222222222,1.0,0.2348537834256093,0.09370357352992653,0.289960266355161,0.23137669842846947
all_pairs,kappa_only,0.2,active,balance,0.5,72,69,0.9583333333333334,65,0.9027777777777778,0.9166666666666667,0.3584419600488176,0.24234946877875307,0.44693950298930113,0.3584419600488176
all_pairs,kappa_only,0.2,isi,SCA3_entry,0.7978563373093712,72,61,0.8472222222222222,44,0.6111111111111112,0.569047619047619,0.5193661822898437,0.3879171171104128,0.5917166210490806,0.5044333331032091
all_pairs,kappa_only,0.2,isi,WT_exit,0.1358293233470019,72,72,1.0,68,0.9444444444444444,0.9285714285714286,0.23579142797751335,0.11533897452199113,0.2861385985217413,0.23461160400294379
all_pairs,kappa_only,0.2,isi,balance,0.5,72,69,0.9583333333333334,62,0.8611111111111112,0.8571428571428571,0.39015714240544447,0.2984786153400736,0.4709589586624786,0.3849704926165513
all_pairs,kappa_only,0.2333333333333333,active,SCA3_entry,0.6832817402871161,72,66,0.9166666666666666,60,0.8333333333333334,0.8591269841269841,0.40159445399762445,0.2811982577058198,0.4879037089287319,0.4076901568597621
all_pairs,kappa_only,0.2333333333333333,active,WT_exit,0.1483293470542087,72,72,1.0,71,0.9861111111111112,1.0,0.24606906996414168,0.10297330396342436,0.3154602508090509,0.24323243660658916
all_pairs,kappa_only,0.2333333333333333,active,balance,0.5,72,70,0.9722222222222222,64,0.8888888888888888,0.925,0.38528168963895104,0.26173123196182724,0.4694371124998624,0.38528168963895104
all_pairs,kappa_only,0.2333333333333333,isi,SCA3_entry,0.7978563373093712,72,60,0.8333333333333334,44,0.6111111111111112,0.5952380952380951,0.5195165969247029,0.4130131667590202,0.592571156366481,0.5195165969247029
all_pairs,kappa_only,0.2333333333333333,isi,WT_exit,0.1358293233470019,72,72,1.0,69,0.9583333333333334,0.9428571428571428,0.24775798979560287,0.12767959059751016,0.31116926788078186,0.23304809565758292
all_pairs,kappa_only,0.2333333333333333,isi,balance,0.5,72,69,0.9583333333333334,63,0.875,0.8452380952380953,0.41016665909162014,0.3381232728530637,0.48831532815998435,0.405708035183862
all_pairs,kappa_only,0.2666666666666666,active,SCA3_entry,0.6832817402871161,72,68,0.9444444444444444,61,0.8472222222222222,0.8638888888888887,0.42294711880845,0.29638648573401416,0.5287738908622868,0.4366338345161385
all_pairs,kappa_only,0.2666666666666666,active,WT_exit,0.1483293470542087,72,72,1.0,71,0.9861111111111112,1.0,0.25736262848445907,0.11875866740173331,0.3407136228043221,0.2556808323527731
all_pairs,kappa_only,0.2666666666666666,active,balance,0.5,72,70,0.9722222222222222,65,0.9027777777777778,0.9388888888888889,0.394998882487941,0.2865469348384564,0.4730665110425226,0.37980553578312126
all_pairs,kappa_only,0.2666666666666666,isi,SCA3_entry,0.7978563373093712,72,61,0.8472222222222222,44,0.6111111111111112,0.5916666666666668,0.5614141985848646,0.4430668247850843,0.6214763062222062,0.5515410275412791
all_pairs,kappa_only,0.2666666666666666,isi,WT_exit,0.1358293233470019,72,72,1.0,71,0.9861111111111112,0.930952380952381,0.25930761320393625,0.13152192692636608,0.339623329940795,0.25598955653991784
all_pairs,kappa_only,0.2666666666666666,isi,balance,0.5,72,67,0.9305555555555556,63,0.875,0.8333333333333334,0.4200486373812536,0.3206905658295073,0.498681275903313,0.4200486373812536
all_pairs,kappa_only,0.3,active,SCA3_entry,0.6832817402871161,72,69,0.9583333333333334,61,0.8472222222222222,0.8777777777777778,0.4411864852520679,0.2901451936230903,0.5318834645880895,0.4411864852520679
all_pairs,kappa_only,0.3,active,WT_exit,0.1483293470542087,72,72,1.0,71,0.9861111111111112,1.0,0.2649810286461345,0.11644715392440892,0.35963038714840784,0.2679565352579111
all_pairs,kappa_only,0.3,active,balance,0.5,72,70,0.9722222222222222,64,0.8888888888888888,0.925,0.39523743331662037,0.27427274330683954,0.48672107248679686,0.39523743331662037
all_pairs,kappa_only,0.3,isi,SCA3_entry,0.7978563373093712,72,61,0.8472222222222222,43,0.5972222222222222,0.5634920634920635,0.559272185937523,0.48803714059090836,0.6333333333333333,0.559272185937523
all_pairs,kappa_only,0.3,isi,WT_exit,0.1358293233470019,72,72,1.0,71,0.9861111111111112,0.9166666666666669,0.2678409170202954,0.1412601123269516,0.3582272276412254,0.2625100582582957
all_pairs,kappa_only,0.3,isi,balance,0.5,72,69,0.9583333333333334,62,0.8611111111111112,0.8333333333333334,0.44948156188891397,0.3462317765629126,0.5372522173013796,0.4492206208436479
all_pairs,kappa_only,0.3333333333333333,active,SCA3_entry,0.6832817402871161,72,69,0.9583333333333334,61,0.8472222222222222,0.9047619047619049,0.4697528893661106,0.2899622102524889,0.5507967524700426,0.4697528893661106
all_pairs,kappa_only,0.3333333333333333,active,WT_exit,0.1483293470542087,72,72,1.0,71,0.9861111111111112,0.9821428571428572,0.2755476705042119,0.12705013002963472,0.38034927296376325,0.276279267618663
all_pairs,kappa_only,0.3333333333333333,active,balance,0.5,72,70,0.9722222222222222,63,0.875,0.9226190476190477,0.43542063395470515,0.28813361019547795,0.5159745333791164,0.4319428545759088
all_pairs,kappa_only,0.3333333333333333,isi,SCA3_entry,0.7978563373093712,72,65,0.9027777777777778,45,0.625,0.6309523809523809,0.5871330550485818,0.48551597271884656,0.6589705275337446,0.5847372407592664
all_pairs,kappa_only,0.3333333333333333,isi,WT_exit,0.1358293233470019,72,72,1.0,71,0.9861111111111112,0.9388888888888889,0.27876868562867707,0.1530017284749041,0.3736248951891325,0.2784200133499135
all_pairs,kappa_only,0.3333333333333333,isi,balance,0.5,72,70,0.9722222222222222,63,0.875,0.8333333333333333,0.476590300250097,0.36453100499504854,0.5647088034130532,0.47645083269013083
all_pairs,kappa_only,0.3666666666666666,active,SCA3_entry,0.6832817402871161,72,69,0.9583333333333334,61,0.8472222222222222,0.9047619047619049,0.48327805400501894,0.3048559084738759,0.5775945551499736,0.48327805400501894
all_pairs,kappa_only,0.3666666666666666,active,WT_exit,0.1483293470542087,72,72,1.0,72,1.0,1.0,0.297703142584293,0.09807507758434882,0.3981173695265554,0.297703142584293
all_pairs,kappa_only,0.3666666666666666,active,balance,0.5,72,70,0.9722222222222222,65,0.9027777777777778,0.930952380952381,0.42685356995248713,0.23147036716205488,0.5310172455240489,0.42751944823435617
all_pairs,kappa_only,0.3666666666666666,isi,SCA3_entry,0.7978563373093712,72,66,0.9166666666666666,45,0.625,0.5714285714285714,0.6131725277337197,0.47637447791475784,0.6702149219925573,0.6053973931401018
all_pairs,kappa_only,0.3666666666666666,isi,WT_exit,0.1358293233470019,72,72,1.0,72,1.0,0.951388888888889,0.29678037804176377,0.148773996880743,0.3966607430481565,0.29678037804176377
all_pairs,kappa_only,0.3666666666666666,isi,balance,0.5,72,72,1.0,64,0.8888888888888888,0.8333333333333333,0.49425687360751797,0.38750079652745895,0.6097111696854127,0.4869588203750397
all_pairs,kappa_only,0.4,active,SCA3_entry,0.6832817402871161,72,70,0.9722222222222222,61,0.8472222222222222,0.9107142857142858,0.4913241935920112,0.33238139040410963,0.601203418143974,0.4856205719797271
all_pairs,kappa_only,0.4,active,WT_exit,0.1483293470542087,72,72,1.0,72,1.0,1.0,0.3160121618548629,0.13957024123308498,0.42150779620427314,0.3160121618548629
all_pairs,kappa_only,0.4,active,balance,0.5,72,70,0.9722222222222222,64,0.8888888888888888,0.930952380952381,0.4484212582135176,0.29081384635672863,0.5547467865042197,0.4484212582135176
all_pairs,kappa_only,0.4,isi,SCA3_entry,0.7978563373093712,72,66,0.9166666666666666,46,0.6388888888888888,0.6666666666666666,0.6302602174690695,0.4883817482344164,0.687641633806523,0.6232708499701817
all_pairs,kappa_only,0.4,isi,WT_exit,0.1358293233470019,72,72,1.0,72,1.0,0.961309523809524,0.3108458651923366,0.15995066023983204,0.418305928457784,0.3108458651923366
all_pairs,kappa_only,0.4,isi,balance,0.5,72,72,1.0,64,0.8888888888888888,0.8333333333333333,0.5095489745131851,0.3936527553579644,0.6060200405736094,0.5095489745131851
all_pairs,kappa_only,0.4333333333333333,active,SCA3_entry,0.6832817402871161,72,70,0.9722222222222222,61,0.8472222222222222,0.9047619047619049,0.5197583263567073,0.35087223978857607,0.6369007351946289,0.5178506927636078
all_pairs,kappa_only,0.4333333333333333,active,WT_exit,0.1483293470542087,72,72,1.0,72,1.0,1.0,0.326575296249617,0.13108260420982842,0.445426567184579,0.326575296249617
all_pairs,kappa_only,0.4333333333333333,active,balance,0.5,72,71,0.9861111111111112,65,0.9027777777777778,0.9285714285714286,0.4667369944920656,0.30373064243070313,0.5825380149894899,0.4667369944920656
all_pairs,kappa_only,0.4333333333333333,isi,SCA3_entry,0.7978563373093712,72,65,0.9027777777777778,47,0.6527777777777778,0.6619047619047619,0.6393220002710495,0.48189599802083577,0.7084737695926366,0.6333333333333333
all_pairs,kappa_only,0.4333333333333333,isi,WT_exit,0.1358293233470019,72,72,1.0,72,1.0,1.0,0.3206720306824491,0.1864869501804109,0.43855261718860805,0.3206720306824491
all_pairs,kappa_only,0.4333333333333333,isi,balance,0.5,72,72,1.0,65,0.9027777777777778,0.8333333333333334,0.539389142486746,0.42142234977773174,0.6124391921050262,0.5355103177794105
all_pairs,kappa_only,0.4666666666666667,active,SCA3_entry,0.6832817402871161,72,70,0.9722222222222222,62,0.8611111111111112,0.9107142857142858,0.533400724910033,0.33860178157197035,0.6585377769884866,0.533400724910033
all_pairs,kappa_only,0.4666666666666667,active,WT_exit,0.1483293470542087,72,72,1.0,72,1.0,1.0,0.3445463457789243,0.08268066188270423,0.46477073752811543,0.3445463457789243
all_pairs,kappa_only,0.4666666666666667,active,balance,0.5,72,71,0.9861111111111112,66,0.9166666666666666,0.951388888888889,0.4605977405502304,0.2168642086491051,0.59167281879258,0.4631680405336599
all_pairs,kappa_only,0.4666666666666667,isi,SCA3_entry,0.7978563373093712,72,66,0.9166666666666666,46,0.6388888888888888,0.6738095238095239,0.6777804408242742,0.48405116022339645,0.7302034540118234,0.6642272840780807
all_pairs,kappa_only,0.4666666666666667,isi,WT_exit,0.1358293233470019,72,72,1.0,72,1.0,0.9821428571428572,0.33312194574486254,0.18218073589597233,0.45679399910805873,0.33312194574486254
all_pairs,kappa_only,0.4666666666666667,isi,balance,0.5,72,72,1.0,64,0.8888888888888888,0.8452380952380953,0.5525222776556966,0.4456503613698194,0.627269761283589,0.546670672984666
all_pairs,kappa_only,0.5,active,SCA3_entry,0.6832817402871161,72,70,0.9722222222222222,61,0.8472222222222222,0.9166666666666667,0.5381496904141717,0.3237819238671754,0.6729158655656033,0.539206232384885
all_pairs,kappa_only,0.5,active,WT_exit,0.1483293470542087,72,72,1.0,72,1.0,1.0,0.357407575125571,0.06814532342837068,0.487488902351211,0.357407575125571
all_pairs,kappa_only,0.5,active,balance,0.5,72,72,1.0,67,0.9305555555555556,0.9642857142857143,0.4913002115086237,0.2799892365943159,0.6209445151184546,0.4888241948694592
all_pairs,kappa_only,0.5,isi,SCA3_entry,0.7978563373093712,72,66,0.9166666666666666,47,0.6527777777777778,0.6666666666666667,0.6841432778989125,0.47794629259196786,0.7466845500494619,0.6837055760716299
all_pairs,kappa_only,0.5,isi,WT_exit,0.1358293233470019,72,72,1.0,72,1.0,0.9821428571428572,0.3493845268004517,0.16892688885041784,0.4770274363516193,0.3493845268004517
all_pairs,kappa_only,0.5,isi,balance,0.5,72,72,1.0,65,0.9027777777777778,0.8849206349206349,0.5751570976968121,0.42281250379568625,0.6366078978623976,0.5675075471032484
all_pairs,kappa_only,0.5333333333333333,active,SCA3_entry,0.6832817402871161,72,70,0.9722222222222222,62,0.8611111111111112,0.9226190476190477,0.5537610768862438,0.30911585369482497,0.691547587837953,0.5463938352575449
all_pairs,kappa_only,0.5333333333333333,active,WT_exit,0.1483293470542087,72,72,1.0,72,1.0,1.0,0.3773231568154639,0.06668350216677536,0.49660957415143503,0.3773231568154639
all_pairs,kappa_only,0.5333333333333333,active,balance,0.5,72,72,1.0,68,0.9444444444444444,1.0,0.5122392261118522,0.2938049790871158,0.6419943895999372,0.5109882791419904
all_pairs,kappa_only,0.5333333333333333,isi,SCA3_entry,0.7978563373093712,72,66,0.9166666666666666,48,0.6666666666666666,0.7142857142857144,0.7031196113368832,0.498774058092902,0.7630216771384569,0.7081106402902573
all_pairs,kappa_only,0.5333333333333333,isi,WT_exit,0.1358293233470019,72,72,1.0,72,1.0,1.0,0.3551312547315131,0.17109460804879428,0.48927447708806604,0.3551312547315131
all_pairs,kappa_only,0.5333333333333333,isi,balance,0.5,72,72,1.0,66,0.9166666666666666,0.8908730158730159,0.5895120427408033,0.44399840591732564,0.6607188126967718,0.5852560196783284
all_pairs,kappa_only,0.5666666666666667,active,SCA3_entry,0.6832817402871161,72,70,0.9722222222222222,62,0.8611111111111112,0.9166666666666667,0.576874600409764,0.29766204109981187,0.709820623088066,0.5703203725298615
all_pairs,kappa_only,0.5666666666666667,active,WT_exit,0.1483293470542087,72,72,1.0,72,1.0,1.0,0.38851756476241694,0.05977019033908107,0.5117518284853675,0.38851756476241694
all_pairs,kappa_only,0.5666666666666667,active,balance,0.5,72,72,1.0,69,0.9583333333333334,1.0,0.5204744927286509,0.27940564838256166,0.6484403777840413,0.5189871906382579
all_pairs,kappa_only,0.5666666666666667,isi,SCA3_entry,0.7978563373093712,72,67,0.9305555555555556,49,0.6805555555555556,0.7277777777777777,0.7195598547127725,0.5448963231847078,0.7780725232801119,0.7407951692794231
all_pairs,kappa_only,0.5666666666666667,isi,WT_exit,0.1358293233470019,72,72,1.0,72,1.0,1.0,0.36534364121785157,0.1578516054852461,0.4888443246100279,0.36534364121785157
all_pairs,kappa_only,0.5666666666666667,isi,balance,0.5,72,72,1.0,67,0.9305555555555556,0.9226190476190477,0.5875064184474863,0.4267411969698907,0.6612162305666525,0.5776442637821096
all_pairs,kappa_only,0.6,active,SCA3_entry,0.6832817402871161,72,71,0.9861111111111112,62,0.8611111111111112,0.9388888888888889,0.6064484025169672,0.32987140429912554,0.7216890657617697,0.5995520037215014
all_pairs,kappa_only,0.6,active,WT_exit,0.1483293470542087,72,72,1.0,72,1.0,1.0,0.3938828575234645,0.056078118177454526,0.5274321436741324,0.3938828575234645
all_pairs,kappa_only,0.6,active,balance,0.5,72,72,1.0,68,0.9444444444444444,1.0,0.5555738400526609,0.3233617971907963,0.6737497217632141,0.5407785915359447
all_pairs,kappa_only,0.6,isi,SCA3_entry,0.7978563373093712,72,67,0.9305555555555556,49,0.6805555555555556,0.7321428571428572,0.7195102644626041,0.5787322566127093,0.7919575996876591,0.7357181809672557
all_pairs,kappa_only,0.6,isi,WT_exit,0.1358293233470019,72,72,1.0,72,1.0,1.0,0.3791200865638641,0.1665978332905983,0.4892480838365136,0.3791200865638641
all_pairs,kappa_only,0.6,isi,balance,0.5,72,72,1.0,66,0.9166666666666666,0.9458333333333333,0.5891707320131709,0.44576939034724095,0.6631487540653772,0.5845879600617441
all_pairs,kappa_only,0.6333333333333333,active,SCA3_entry,0.6832817402871161,72,71,0.9861111111111112,64,0.8888888888888888,0.9388888888888889,0.6255427599681983,0.42626000631580396,0.7364169949550446,0.6039425442158035
all_pairs,kappa_only,0.6333333333333333,active,WT_exit,0.1483293470542087,72,72,1.0,72,1.0,1.0,0.40281612033949277,0.0626396784543815,0.544399389842725,0.40281612033949277
all_pairs,kappa_only,0.6333333333333333,active,balance,0.5,72,72,1.0,67,0.9305555555555556,1.0,0.5547142537022571,0.22130441668471074,0.6842771796973298,0.5519774909184632
all_pairs,kappa_only,0.6333333333333333,isi,SCA3_entry,0.7978563373093712,72,68,0.9444444444444444,50,0.6944444444444444,0.7361111111111112,0.7428531350604086,0.583321134400767,0.8096498802925105,0.757218264446719
all_pairs,kappa_only,0.6333333333333333,isi,WT_exit,0.1358293233470019,72,72,1.0,72,1.0,1.0,0.39284655118769796,0.18277677273389437,0.49566193789835844,0.39284655118769796
all_pairs,kappa_only,0.6333333333333333,isi,balance,0.5,72,72,1.0,67,0.9305555555555556,0.9642857142857143,0.5829195605873377,0.442258162031044,0.6770493089498538,0.5752280455879092
all_pairs,kappa_only,0.6666666666666666,active,SCA3_entry,0.6832817402871161,72,71,0.9861111111111112,65,0.9027777777777778,0.951388888888889,0.6253883617003471,0.39651720556480663,0.7613868960526926,0.6253883617003471
all_pairs,kappa_only,0.6666666666666666,active,WT_exit,0.1483293470542087,72,72,1.0,72,1.0,1.0,0.42000670631108644,0.07566702617093367,0.5526127446901716,0.42000670631108644
all_pairs,kappa_only,0.6666666666666666,active,balance,0.5,72,72,1.0,67,0.9305555555555556,1.0,0.5663914435254179,0.27027061236156646,0.7010110936935072,0.5610138842168725
all_pairs,kappa_only,0.6666666666666666,isi,SCA3_entry,0.7978563373093712,72,67,0.9305555555555556,51,0.7083333333333334,0.7301587301587302,0.7629339626396828,0.5550562238902519,0.8218017975660344,0.7666666666666666
all_pairs,kappa_only,0.6666666666666666,isi,WT_exit,0.1358293233470019,72,72,1.0,72,1.0,1.0,0.3993348106928599,0.19770497485761876,0.5036014083137501,0.3993348106928599
all_pairs,kappa_only,0.6666666666666666,isi,balance,0.5,72,72,1.0,68,0.9444444444444444,0.9821428571428572,0.5987906681710069,0.4171882883874195,0.694204102376232,0.590903412753421
all_pairs,kappa_only,0.7,active,SCA3_entry,0.6832817402871161,72,70,0.9722222222222222,65,0.9027777777777778,0.9791666666666667,0.6445654312808288,0.3001952773733484,0.7708669607652641,0.651440297014611
all_pairs,kappa_only,0.7,active,WT_exit,0.1483293470542087,72,72,1.0,72,1.0,1.0,0.4449176161534839,0.0926349867685726,0.5585154001505871,0.4449176161534839
all_pairs,kappa_only,0.7,active,balance,0.5,72,72,1.0,68,0.9444444444444444,1.0,0.5874381607771777,0.3204090119632806,0.7090901013355496,0.5874381607771777
all_pairs,kappa_only,0.7,isi,SCA3_entry,0.7978563373093712,72,68,0.9444444444444444,51,0.7083333333333334,0.7559523809523809,0.7792479901636922,0.5625536117946718,0.8297297882966134,0.786161858482338
all_pairs,kappa_only,0.7,isi,WT_exit,0.1358293233470019,72,72,1.0,72,1.0,1.0,0.4029819118513423,0.1730457737807928,0.5106956906585765,0.4029819118513423
all_pairs,kappa_only,0.7,isi,balance,0.5,72,72,1.0,68,0.9444444444444444,1.0,0.6194239482627552,0.43405448813723546,0.6999292522763235,0.6097472605654528
all_pairs,kappa_only,0.7333333333333333,active,SCA3_entry,0.6832817402871161,72,70,0.9722222222222222,64,0.8888888888888888,1.0,0.6374652970787721,0.2991373859550318,0.7877373734624314,0.6374652970787721
all_pairs,kappa_only,0.7333333333333333,active,WT_exit,0.1483293470542087,72,72,1.0,71,0.9861111111111112,1.0,0.45554942838668433,0.10317758295115623,0.577751225730071,0.4483852798318989
all_pairs,kappa_only,0.7333333333333333,active,balance,0.5,72,72,1.0,68,0.9444444444444444,1.0,0.6132604425396423,0.251427240616636,0.7209409146981288,0.6153149822922794
all_pairs,kappa_only,0.7333333333333333,isi,SCA3_entry,0.7978563373093712,72,68,0.9444444444444444,50,0.6944444444444444,0.7817460317460316,0.7754347161705382,0.5130761476649891,0.8434744340165221,0.7962066231241365
all_pairs,kappa_only,0.7333333333333333,isi,WT_exit,0.1358293233470019,72,72,1.0,71,0.9861111111111112,1.0,0.42817702442053596,0.17546512232416328,0.5270478208116285,0.4234424943415238
all_pairs,kappa_only,0.7333333333333333,isi,balance,0.5,72,72,1.0,67,0.9305555555555556,1.0,0.6145465990676695,0.463106809769819,0.7056300803135205,0.6247629238658733
all_pairs,kappa_only,0.7666666666666666,active,SCA3_entry,0.6832817402871161,72,70,0.9722222222222222,64,0.8888888888888888,1.0,0.687424722204228,0.2655623387849827,0.7901176122947807,0.687424722204228
all_pairs,kappa_only,0.7666666666666666,active,WT_exit,0.1483293470542087,72,72,1.0,72,1.0,1.0,0.4745542290982962,0.11145483071387031,0.5887588763273015,0.4745542290982962
all_pairs,kappa_only,0.7666666666666666,active,balance,0.5,72,72,1.0,67,0.9305555555555556,1.0,0.6490024776989756,0.22735524285489858,0.7493031144984041,0.6520782352363805
all_pairs,kappa_only,0.7666666666666666,isi,SCA3_entry,0.7978563373093712,72,69,0.9583333333333334,49,0.6805555555555556,0.8333333333333333,0.7704025281806005,0.5712437486079244,0.8573510290712275,0.8065229813756106
all_pairs,kappa_only,0.7666666666666666,isi,WT_exit,0.1358293233470019,72,72,1.0,71,0.9861111111111112,1.0,0.44870549103596824,0.17855934771868,0.5381892281148741,0.4460748699909525
all_pairs,kappa_only,0.7666666666666666,isi,balance,0.5,72,72,1.0,67,0.9305555555555556,1.0,0.6479020801170277,0.4240823175343738,0.7231788081566254,0.6456876039090729
all_pairs,kappa_only,0.8,active,SCA3_entry,0.6832817402871161,72,70,0.9722222222222222,61,0.8472222222222222,1.0,0.7051755746611093,0.1995360336132296,0.8057374023657771,0.7102558154869583
all_pairs,kappa_only,0.8,active,WT_exit,0.1483293470542087,72,72,1.0,72,1.0,1.0,0.5014040354525966,0.12658808589388185,0.5914137862162707,0.5014040354525966
all_pairs,kappa_only,0.8,active,balance,0.5,72,72,1.0,67,0.9305555555555556,1.0,0.6607195322269318,0.2991627681065203,0.7599283102684172,0.6594642041491464
all_pairs,kappa_only,0.8,isi,SCA3_entry,0.7978563373093712,72,69,0.9583333333333334,50,0.6944444444444444,0.8333333333333333,0.7874751474510348,0.4521589557555779,0.8577969436137509,0.821663429893494
all_pairs,kappa_only,0.8,isi,WT_exit,0.1358293233470019,72,72,1.0,72,1.0,1.0,0.45584780580304235,0.16265779592554533,0.5479687692454156,0.45584780580304235
all_pairs,kappa_only,0.8,isi,balance,0.5,72,72,1.0,67,0.9305555555555556,1.0,0.6749100603631015,0.4855536854008281,0.7246771185595386,0.6703692138283399
all_pairs,kappa_only,0.8333333333333334,active,SCA3_entry,0.6832817402871161,72,70,0.9722222222222222,60,0.8333333333333334,1.0,0.7260306032744752,0.2979049341035029,0.821949801274257,0.7388964755539148
all_pairs,kappa_only,0.8333333333333334,active,WT_exit,0.1483293470542087,72,72,1.0,72,1.0,1.0,0.5165803882187701,0.131439218189435,0.620079926764882,0.5165803882187701
all_pairs,kappa_only,0.8333333333333334,active,balance,0.5,72,70,0.9722222222222222,67,0.9305555555555556,1.0,0.6786584202103878,0.27985790142897277,0.7565577430255033,0.6810879401288709
all_pairs,kappa_only,0.8333333333333334,isi,SCA3_entry,0.7978563373093712,72,69,0.9583333333333334,51,0.7083333333333334,0.8333333333333333,0.797011905327245,0.41476789271990644,0.8674207321707196,0.8358371633619274
all_pairs,kappa_only,0.8333333333333334,isi,WT_exit,0.1358293233470019,72,72,1.0,72,1.0,1.0,0.479546028181303,0.15361267773801512,0.5611178458183684,0.479546028181303
all_pairs,kappa_only,0.8333333333333334,isi,balance,0.5,72,71,0.9861111111111112,67,0.9305555555555556,1.0,0.6894052802698994,0.5346154022306852,0.731367002133176,0.6894052802698994
all_pairs,kappa_only,0.8666666666666667,active,SCA3_entry,0.6832817402871161,72,70,0.9722222222222222,60,0.8333333333333334,1.0,0.7441775927996606,0.17392716905878028,0.8297023283353737,0.7687919160896669
all_pairs,kappa_only,0.8666666666666667,active,WT_exit,0.1483293470542087,72,72,1.0,72,1.0,1.0,0.549691660485734,0.1585928281542313,0.6339896034542051,0.549691660485734
all_pairs,kappa_only,0.8666666666666667,active,balance,0.5,72,70,0.9722222222222222,66,0.9166666666666666,1.0,0.6961085287550981,0.33413725755939405,0.7541561118492215,0.6994747944271309
all_pairs,kappa_only,0.8666666666666667,isi,SCA3_entry,0.7978563373093712,72,68,0.9444444444444444,49,0.6805555555555556,0.8916666666666666,0.7984407203337232,0.4257410562151997,0.880020384088735,0.8400872264159048
all_pairs,kappa_only,0.8666666666666667,isi,WT_exit,0.1358293233470019,72,72,1.0,72,1.0,1.0,0.48405361708538774,0.17161595112977843,0.5647052246415362,0.48405361708538774
all_pairs,kappa_only,0.8666666666666667,isi,balance,0.5,72,70,0.9722222222222222,67,0.9305555555555556,1.0,0.6944632834979558,0.5356953782804679,0.7472878941474863,0.6975196563972734
all_pairs,kappa_only,0.9,active,SCA3_entry,0.6832817402871161,72,71,0.9861111111111112,60,0.8333333333333334,1.0,0.7611642203064206,0.16666666666666663,0.8560909348190624,0.7918481041954535
all_pairs,kappa_only,0.9,active,WT_exit,0.1483293470542087,72,72,1.0,72,1.0,1.0,0.5532069863366939,0.16666666666666657,0.6507067048250659,0.5532069863366939
all_pairs,kappa_only,0.9,active,balance,0.5,72,71,0.9861111111111112,64,0.8888888888888888,1.0,0.7166401581055704,0.23679358250086427,0.7874881043305426,0.724375717998875
all_pairs,kappa_only,0.9,isi,SCA3_entry,0.7978563373093712,72,69,0.9583333333333334,48,0.6666666666666666,0.8958333333333335,0.791518569956979,0.31199878682606497,0.8842352070499621,0.836291401206646
all_pairs,kappa_only,0.9,isi,WT_exit,0.1358293233470019,72,72,1.0,72,1.0,1.0,0.4816984672389454,0.1978022281996066,0.5932082016095279,0.4816984672389454
all_pairs,kappa_only,0.9,isi,balance,0.5,72,71,0.9861111111111112,65,0.9027777777777778,1.0,0.7098081107519487,0.4980444905450595,0.7649004258686087,0.710397625702815
all_pairs,kappa_only,0.9333333333333332,active,SCA3_entry,0.6832817402871161,72,72,1.0,60,0.8333333333333334,1.0,0.7707655958042763,0.142448321136305,0.8661642871497802,0.7987066182133276
all_pairs,kappa_only,0.9333333333333332,active,WT_exit,0.1483293470542087,72,72,1.0,72,1.0,1.0,0.5577350180849703,0.20689804909272097,0.6586224068353828,0.5577350180849703
all_pairs,kappa_only,0.9333333333333332,active,balance,0.5,72,72,1.0,63,0.875,1.0,0.7537301686688868,0.17359742838452344,0.808462280326419,0.7558976062572993
all_pairs,kappa_only,0.9333333333333332,isi,SCA3_entry,0.7978563373093712,72,70,0.9722222222222222,45,0.625,0.9375,0.7666666666666666,0.3666666666666666,0.8868688486275957,0.8465042778124796
all_pairs,kappa_only,0.9333333333333332,isi,WT_exit,0.1358293233470019,72,72,1.0,72,1.0,1.0,0.49696820183613033,0.30825282548773353,0.6045168180611153,0.49696820183613033
all_pairs,kappa_only,0.9333333333333332,isi,balance,0.5,72,72,1.0,63,0.875,1.0,0.709674730680646,0.393177977090562,0.7885278023658172,0.7187714379160896
all_pairs,kappa_only,0.9666666666666668,active,SCA3_entry,0.6832817402871161,72,72,1.0,61,0.8472222222222222,1.0,0.8049373586897246,0.2767212687517028,0.8829375735440745,0.8331246777712137
all_pairs,kappa_only,0.9666666666666668,active,WT_exit,0.1483293470542087,72,72,1.0,72,1.0,1.0,0.5672437285121548,0.2358086046740424,0.6668661638475899,0.5672437285121548
all_pairs,kappa_only,0.9666666666666668,active,balance,0.5,72,72,1.0,63,0.875,1.0,0.76054332036255,0.3040190347967263,0.8321662142068986,0.7652171366036369
all_pairs,kappa_only,0.9666666666666668,isi,SCA3_entry,0.7978563373093712,72,67,0.9305555555555556,45,0.625,0.8333333333333333,0.8,0.4773446132354173,0.8936432709033884,0.8579726001715078
all_pairs,kappa_only,0.9666666666666668,isi,WT_exit,0.1358293233470019,72,72,1.0,72,1.0,1.0,0.49854172574169875,0.3555984540695117,0.6242921105872271,0.49854172574169875
all_pairs,kappa_only,0.9666666666666668,isi,balance,0.5,72,72,1.0,64,0.8888888888888888,1.0,0.7277036856988963,0.5534195458098784,0.8042898444154583,0.7354253069817676
all_pairs,kappa_only,1.0,active,SCA3_entry,0.6832817402871161,72,70,0.9722222222222222,56,0.7777777777777778,0.7976190476190477,0.6325986711194675,0.07912380333080073,0.8666059190386664,0.8199984624010546
all_pairs,kappa_only,1.0,active,WT_exit,0.1483293470542087,72,72,1.0,72,1.0,1.0,0.5597548033282227,0.3374112994367509,0.6704332435081701,0.5597548033282227
all_pairs,kappa_only,1.0,active,balance,0.5,72,72,1.0,66,0.9166666666666666,1.0,0.7490576328477492,0.19578518409152745,0.8366027056833385,0.7575828427228404
all_pairs,kappa_only,1.0,isi,SCA3_entry,0.7978563373093712,72,67,0.9305555555555556,39,0.5416666666666666,0.7916666666666666,0.8375682822637682,0.49368126807380724,0.9036516829615255,0.8671410092078226
all_pairs,kappa_only,1.0,isi,WT_exit,0.1358293233470019,72,72,1.0,72,1.0,1.0,0.5378098732640072,0.3568737455267398,0.6488429104489041,0.5378098732640072
all_pairs,kappa_only,1.0,isi,balance,0.5,72,72,1.0,65,0.9027777777777778,1.0,0.7392881919858509,0.571674071927712,0.8137940406638695,0.746144287801442
core_secure_pairs,J_only,0.0,active,SCA3_entry,0.6832817402871161,32,0,0.0,0,0.0,0.0,,,,
core_secure_pairs,J_only,0.0,active,WT_exit,0.1483293470542087,32,0,0.0,0,0.0,0.0,,,,
core_secure_pairs,J_only,0.0,active,balance,0.5,32,0,0.0,0,0.0,0.0,,,,
core_secure_pairs,J_only,0.0,isi,SCA3_entry,0.7978563373093712,32,0,0.0,0,0.0,0.0,,,,
core_secure_pairs,J_only,0.0,isi,WT_exit,0.1358293233470019,32,0,0.0,0,0.0,0.0,,,,
core_secure_pairs,J_only,0.0,isi,balance,0.5,32,0,0.0,0,0.0,0.0,,,,
core_secure_pairs,J_only,0.0333333333333333,active,SCA3_entry,0.6832817402871161,32,3,0.09375,0,0.0,0.0,0.0,0.0,0.05,
core_secure_pairs,J_only,0.0333333333333333,active,WT_exit,0.1483293470542087,32,12,0.375,2,0.0625,0.0,0.0,0.0,0.0,0.0
core_secure_pairs,J_only,0.0333333333333333,active,balance,0.5,32,7,0.21875,0,0.0,0.0,0.0,0.0,0.0,
core_secure_pairs,J_only,0.0333333333333333,isi,SCA3_entry,0.7978563373093712,32,3,0.09375,0,0.0,0.0,0.0,0.0,0.05,
core_secure_pairs,J_only,0.0333333333333333,isi,WT_exit,0.1358293233470019,32,14,0.4375,6,0.1875,0.0,0.0,0.0,0.0,0.0
core_secure_pairs,J_only,0.0333333333333333,isi,balance,0.5,32,6,0.1875,0,0.0,0.0,0.0,0.0,0.0,
core_secure_pairs,J_only,0.0666666666666666,active,SCA3_entry,0.6832817402871161,32,10,0.3125,0,0.0,0.0,0.0,0.0,0.0,
core_secure_pairs,J_only,0.0666666666666666,active,WT_exit,0.1483293470542087,32,20,0.625,8,0.25,0.25,0.0,0.0,0.0,0.0
core_secure_pairs,J_only,0.0666666666666666,active,balance,0.5,32,11,0.34375,0,0.0,0.0,0.0,0.0,0.0,
core_secure_pairs,J_only,0.0666666666666666,isi,SCA3_entry,0.7978563373093712,32,8,0.25,0,0.0,0.0,0.0,0.0,0.0,
core_secure_pairs,J_only,0.0666666666666666,isi,WT_exit,0.1358293233470019,32,20,0.625,12,0.375,0.25,0.0,0.0,0.0,0.0
core_secure_pairs,J_only,0.0666666666666666,isi,balance,0.5,32,10,0.3125,0,0.0,0.0,0.0,0.0,0.0,
core_secure_pairs,J_only,0.1,active,SCA3_entry,0.6832817402871161,32,12,0.375,2,0.0625,0.0,0.0,0.0,0.0,0.0
core_secure_pairs,J_only,0.1,active,WT_exit,0.1483293470542087,32,24,0.75,20,0.625,0.5416666666666667,0.0,0.0,0.0,0.0
core_secure_pairs,J_only,0.1,active,balance,0.5,32,13,0.40625,2,0.0625,0.0,0.0,0.0,0.0,0.0
core_secure_pairs,J_only,0.1,isi,SCA3_entry,0.7978563373093712,32,10,0.3125,0,0.0,0.0,0.0,0.0,0.02499999999999996,
core_secure_pairs,J_only,0.1,isi,WT_exit,0.1358293233470019,32,21,0.65625,20,0.625,0.6666666666666666,0.0,0.0,0.0,0.0
core_secure_pairs,J_only,0.1,isi,balance,0.5,32,10,0.3125,1,0.03125,0.0,0.0,0.0,0.0,0.0
core_secure_pairs,J_only,0.1333333333333333,active,SCA3_entry,0.6832817402871161,32,13,0.40625,3,0.09375,0.0,0.0,0.0,0.0,0.0
core_secure_pairs,J_only,0.1333333333333333,active,WT_exit,0.1483293470542087,32,27,0.84375,23,0.71875,0.75,0.0,0.0,0.0,0.0
core_secure_pairs,J_only,0.1333333333333333,active,balance,0.5,32,17,0.53125,6,0.1875,0.08333333333333334,0.0,0.0,0.0,0.0
core_secure_pairs,J_only,0.1333333333333333,isi,SCA3_entry,0.7978563373093712,32,10,0.3125,1,0.03125,0.0,0.0,0.0,0.010907123036957806,0.0
core_secure_pairs,J_only,0.1333333333333333,isi,WT_exit,0.1358293233470019,32,25,0.78125,21,0.65625,0.8055555555555554,0.0,0.0,0.0,0.0
core_secure_pairs,J_only,0.1333333333333333,isi,balance,0.5,32,11,0.34375,1,0.03125,0.0,0.0,0.0,0.0,0.0
core_secure_pairs,J_only,0.1666666666666666,active,SCA3_entry,0.6832817402871161,32,18,0.5625,6,0.1875,0.18750000000000003,0.0,0.0,0.0,0.0
core_secure_pairs,J_only,0.1666666666666666,active,WT_exit,0.1483293470542087,32,29,0.90625,27,0.84375,0.9305555555555556,0.0,0.0,0.0,0.0
core_secure_pairs,J_only,0.1666666666666666,active,balance,0.5,32,24,0.75,10,0.3125,0.33333333333333337,0.0,0.0,0.0,0.0
core_secure_pairs,J_only,0.1666666666666666,isi,SCA3_entry,0.7978563373093712,32,11,0.34375,1,0.03125,0.0,0.0,0.0,0.041608640121410835,0.0
core_secure_pairs,J_only,0.1666666666666666,isi,WT_exit,0.1358293233470019,32,26,0.8125,24,0.75,0.8819444444444445,0.0,0.0,0.0,0.0
core_secure_pairs,J_only,0.1666666666666666,isi,balance,0.5,32,16,0.5,5,0.15625,0.05555555555555556,0.0,0.0,0.0,0.0
core_secure_pairs,J_only,0.2,active,SCA3_entry,0.6832817402871161,32,23,0.71875,10,0.3125,0.3333333333333333,0.0,0.0,0.0,0.0
core_secure_pairs,J_only,0.2,active,WT_exit,0.1483293470542087,32,29,0.90625,28,0.875,1.0,0.0,0.0,0.0,0.0
core_secure_pairs,J_only,0.2,active,balance,0.5,32,25,0.78125,17,0.53125,0.5,0.0,0.0,0.0,0.0
core_secure_pairs,J_only,0.2,isi,SCA3_entry,0.7978563373093712,32,11,0.34375,1,0.03125,0.0,0.0,0.0,0.06321249104584617,0.0
core_secure_pairs,J_only,0.2,isi,WT_exit,0.1358293233470019,32,29,0.90625,25,0.78125,0.9166666666666667,0.0,0.0,0.0,0.0
core_secure_pairs,J_only,0.2,isi,balance,0.5,32,20,0.625,7,0.21875,0.27083333333333337,0.0,0.0,0.0,0.0
core_secure_pairs,J_only,0.2333333333333333,active,SCA3_entry,0.6832817402871161,32,25,0.78125,16,0.5,0.5,0.0,0.0,0.0,0.0
core_secure_pairs,J_only,0.2333333333333333,active,WT_exit,0.1483293470542087,32,30,0.9375,29,0.90625,1.0,0.0,0.0,0.0,0.0
core_secure_pairs,J_only,0.2333333333333333,active,balance,0.5,32,27,0.84375,19,0.59375,0.6458333333333333,0.0,0.0,0.0,0.0
core_secure_pairs,J_only,0.2333333333333333,isi,SCA3_entry,0.7978563373093712,32,12,0.375,3,0.09375,0.0,0.008632298335346006,0.0,0.07725100172449209,0.0
core_secure_pairs,J_only,0.2333333333333333,isi,WT_exit,0.1358293233470019,32,30,0.9375,29,0.90625,0.9305555555555556,0.0,0.0,0.0,0.0
core_secure_pairs,J_only,0.2333333333333333,isi,balance,0.5,32,24,0.75,13,0.40625,0.4027777777777778,0.0,0.0,0.0,0.0
core_secure_pairs,J_only,0.2666666666666666,active,SCA3_entry,0.6832817402871161,32,27,0.84375,18,0.5625,0.5833333333333333,0.0,0.0,0.0,0.0
core_secure_pairs,J_only,0.2666666666666666,active,WT_exit,0.1483293470542087,32,30,0.9375,29,0.90625,1.0,0.0,0.0,0.0,0.0
core_secure_pairs,J_only,0.2666666666666666,active,balance,0.5,32,27,0.84375,21,0.65625,0.7083333333333333,0.0,0.0,0.0,0.0
core_secure_pairs,J_only,0.2666666666666666,isi,SCA3_entry,0.7978563373093712,32,17,0.53125,4,0.125,0.09722222222222224,0.0,0.0,0.04748870613592569,0.0
core_secure_pairs,J_only,0.2666666666666666,isi,WT_exit,0.1358293233470019,32,30,0.9375,29,0.90625,0.9722222222222222,0.0,0.0,0.0,0.0
core_secure_pairs,J_only,0.2666666666666666,isi,balance,0.5,32,24,0.75,16,0.5,0.5,0.0,0.0,0.02083333333333333,0.0
core_secure_pairs,J_only,0.3,active,SCA3_entry,0.6832817402871161,32,26,0.8125,20,0.625,0.6666666666666666,0.0,0.0,0.0,0.0
core_secure_pairs,J_only,0.3,active,WT_exit,0.1483293470542087,32,30,0.9375,30,0.9375,1.0,0.0,0.0,0.0,0.0
core_secure_pairs,J_only,0.3,active,balance,0.5,32,29,0.90625,26,0.8125,0.9027777777777779,0.0,0.0,0.0,0.0
core_secure_pairs,J_only,0.3,isi,SCA3_entry,0.7978563373093712,32,21,0.65625,6,0.1875,0.16666666666666669,0.0,0.0,0.033333333333333305,5.551115123125776e-18
core_secure_pairs,J_only,0.3,isi,WT_exit,0.1358293233470019,32,30,0.9375,29,0.90625,1.0,0.0,0.0,0.0,0.0
core_secure_pairs,J_only,0.3,isi,balance,0.5,32,26,0.8125,19,0.59375,0.6180555555555556,0.0,0.0,0.029166666666666632,0.0
core_secure_pairs,J_only,0.3333333333333333,active,SCA3_entry,0.6832817402871161,32,28,0.875,23,0.71875,0.75,0.0,0.0,0.0,0.0
core_secure_pairs,J_only,0.3333333333333333,active,WT_exit,0.1483293470542087,32,30,0.9375,30,0.9375,1.0,0.0,0.0,0.0,0.0
core_secure_pairs,J_only,0.3333333333333333,active,balance,0.5,32,30,0.9375,27,0.84375,0.9166666666666667,0.0,0.0,0.0,0.0
core_secure_pairs,J_only,0.3333333333333333,isi,SCA3_entry,0.7978563373093712,32,23,0.71875,11,0.34375,0.2361111111111111,0.0,0.0,0.05277340479212705,1.3820329505534102e-17
core_secure_pairs,J_only,0.3333333333333333,isi,WT_exit,0.1358293233470019,32,31,0.96875,31,0.96875,1.0,0.0,0.0,0.025000000000000005,0.0
core_secure_pairs,J_only,0.3333333333333333,isi,balance,0.5,32,30,0.9375,24,0.75,0.7638888888888888,0.0,0.0,0.0333333333333333,0.0
core_secure_pairs,J_only,0.3666666666666666,active,SCA3_entry,0.6832817402871161,32,30,0.9375,25,0.78125,0.888888888888889,0.0,0.0,0.0,0.0
core_secure_pairs,J_only,0.3666666666666666,active,WT_exit,0.1483293470542087,32,30,0.9375,30,0.9375,1.0,0.0,0.0,0.0,0.0
core_secure_pairs,J_only,0.3666666666666666,active,balance,0.5,32,30,0.9375,27,0.84375,1.0,0.0,0.0,0.0,0.0
core_secure_pairs,J_only,0.3666666666666666,isi,SCA3_entry,0.7978563373093712,32,23,0.71875,10,0.3125,0.3055555555555556,0.0,0.0,0.06942361151494272,1.322969894795434e-17
core_secure_pairs,J_only,0.3666666666666666,isi,WT_exit,0.1358293233470019,32,32,1.0,32,1.0,1.0,0.0,0.0,0.03789329805609404,0.0
core_secure_pairs,J_only,0.3666666666666666,isi,balance,0.5,32,30,0.9375,25,0.78125,0.8541666666666666,0.0,0.0,0.0333333333333333,2.2204460492503104e-17
core_secure_pairs,J_only,0.4,active,SCA3_entry,0.6832817402871161,32,30,0.9375,28,0.875,0.9444444444444444,0.0,0.0,0.0,0.0
core_secure_pairs,J_only,0.4,active,WT_exit,0.1483293470542087,32,31,0.96875,31,0.96875,1.0,0.0,0.0,0.0,0.0
core_secure_pairs,J_only,0.4,active,balance,0.5,32,30,0.9375,30,0.9375,1.0,0.0,0.0,0.0,0.0
core_secure_pairs,J_only,0.4,isi,SCA3_entry,0.7978563373093712,32,24,0.75,12,0.375,0.37500000000000006,0.008333333333333328,0.0,0.07916666666666665,0.03333333333333331
core_secure_pairs,J_only,0.4,isi,WT_exit,0.1358293233470019,32,32,1.0,32,1.0,1.0,0.0011401510002576893,0.0,0.05048009736236131,0.0011401510002576893
core_secure_pairs,J_only,0.4,isi,balance,0.5,32,30,0.9375,26,0.8125,0.9027777777777779,0.005564682933977076,0.0,0.049354350310271314,0.012908025639557213
core_secure_pairs,J_only,0.4333333333333333,active,SCA3_entry,0.6832817402871161,32,30,0.9375,29,0.90625,1.0,0.0,0.0,0.0,0.0
core_secure_pairs,J_only,0.4333333333333333,active,WT_exit,0.1483293470542087,32,32,1.0,32,1.0,1.0,0.0,0.0,0.008333333333333316,0.0
core_secure_pairs,J_only,0.4333333333333333,active,balance,0.5,32,30,0.9375,30,0.9375,1.0,0.0,0.0,0.0,0.0
core_secure_pairs,J_only,0.4333333333333333,isi,SCA3_entry,0.7978563373093712,32,29,0.90625,16,0.5,0.5,0.0333333333333333,0.0,0.07575344502025586,0.02928270531288214
core_secure_pairs,J_only,0.4333333333333333,isi,WT_exit,0.1358293233470019,32,32,1.0,32,1.0,1.0,0.024999999999999946,0.0,0.06458763584401064,0.024999999999999946
core_secure_pairs,J_only,0.4333333333333333,isi,balance,0.5,32,30,0.9375,28,0.875,1.0,0.02530033091000127,0.0,0.06583500577328254,0.02530033091000127
core_secure_pairs,J_only,0.4666666666666667,active,SCA3_entry,0.6832817402871161,32,30,0.9375,29,0.90625,1.0,0.0,0.0,0.01666666666666665,0.0
core_secure_pairs,J_only,0.4666666666666667,active,WT_exit,0.1483293470542087,32,32,1.0,32,1.0,1.0,0.0,0.0,0.020833333333333297,0.0
core_secure_pairs,J_only,0.4666666666666667,active,balance,0.5,32,30,0.9375,30,0.9375,1.0,0.0,0.0,9.992007221626397e-17,0.0
core_secure_pairs,J_only,0.4666666666666667,isi,SCA3_entry,0.7978563373093712,32,30,0.9375,21,0.65625,0.6458333333333333,0.0333333333333333,0.0011079852798092696,0.07528744453571318,0.0333333333333333
core_secure_pairs,J_only,0.4666666666666667,isi,WT_exit,0.1358293233470019,32,32,1.0,32,1.0,1.0,0.02616073637649333,0.0,0.06720355227325327,0.02616073637649333
core_secure_pairs,J_only,0.4666666666666667,isi,balance,0.5,32,30,0.9375,28,0.875,1.0,0.03494452772855925,0.0,0.07115257526364523,0.03494452772855925
core_secure_pairs,J_only,0.5,active,SCA3_entry,0.6832817402871161,32,30,0.9375,30,0.9375,1.0,0.0,0.0,0.012500000000000004,0.0
core_secure_pairs,J_only,0.5,active,WT_exit,0.1483293470542087,32,32,1.0,32,1.0,1.0,0.0,0.0,0.03333333333333327,0.0
core_secure_pairs,J_only,0.5,active,balance,0.5,32,30,0.9375,30,0.9375,1.0,0.0,0.0,0.012499999999999994,0.0
core_secure_pairs,J_only,0.5,isi,SCA3_entry,0.7978563373093712,32,30,0.9375,23,0.71875,0.75,0.041930853027361006,2.775557561562888e-18,0.09808544110447943,0.05171188407453067
core_secure_pairs,J_only,0.5,isi,WT_exit,0.1358293233470019,32,32,1.0,32,1.0,1.0,0.049999999999999954,0.0,0.1,0.049999999999999954
core_secure_pairs,J_only,0.5,isi,balance,0.5,32,30,0.9375,30,0.9375,1.0,0.04592598425139243,0.0,0.09999999999999999,0.04592598425139243
core_secure_pairs,J_only,0.5333333333333333,active,SCA3_entry,0.6832817402871161,32,31,0.96875,31,0.96875,1.0,0.0,0.0,0.024999999999999977,0.0
core_secure_pairs,J_only,0.5333333333333333,active,WT_exit,0.1483293470542087,32,32,1.0,32,1.0,1.0,0.0,0.0,0.0333333333333333,0.0
core_secure_pairs,J_only,0.5333333333333333,active,balance,0.5,32,31,0.96875,31,0.96875,1.0,0.0,0.0,0.024999999999999977,0.0
core_secure_pairs,J_only,0.5333333333333333,isi,SCA3_entry,0.7978563373093712,32,30,0.9375,25,0.78125,0.8958333333333334,0.05902299316785528,8.326672684688674e-18,0.12178122775596686,0.0666666666666666
core_secure_pairs,J_only,0.5333333333333333,isi,WT_exit,0.1358293233470019,32,32,1.0,32,1.0,1.0,0.04166666666666663,0.0,0.10049636909815639,0.04166666666666663
core_secure_pairs,J_only,0.5333333333333333,isi,balance,0.5,32,31,0.96875,31,0.96875,1.0,0.03932199289876055,0.0,0.10276014671398123,0.03932199289876055
core_secure_pairs,J_only,0.5666666666666667,active,SCA3_entry,0.6832817402871161,32,32,1.0,32,1.0,1.0,5.551115123125776e-18,0.0,0.0333333333333333,5.551115123125776e-18
core_secure_pairs,J_only,0.5666666666666667,active,WT_exit,0.1483293470542087,32,32,1.0,32,1.0,1.0,5.551115123125776e-18,0.0,0.0333333333333333,5.551115123125776e-18
core_secure_pairs,J_only,0.5666666666666667,active,balance,0.5,32,32,1.0,32,1.0,1.0,5.551115123125776e-18,0.0,0.0333333333333333,5.551115123125776e-18
core_secure_pairs,J_only,0.5666666666666667,isi,SCA3_entry,0.7978563373093712,32,30,0.9375,27,0.84375,1.0,0.07147273458583739,1.9428902930940226e-17,0.1333333333333333,0.07834724816155272
core_secure_pairs,J_only,0.5666666666666667,isi,WT_exit,0.1358293233470019,32,32,1.0,32,1.0,1.0,0.05948077592723415,0.0,0.12236442916374897,0.05948077592723415
core_secure_pairs,J_only,0.5666666666666667,isi,balance,0.5,32,32,1.0,32,1.0,1.0,0.06180685125581185,0.0,0.1333333333333333,0.06180685125581185
core_secure_pairs,J_only,0.6,active,SCA3_entry,0.6832817402871161,32,32,1.0,32,1.0,1.0,0.016666666666666684,0.0,0.04999999999999997,0.016666666666666684
core_secure_pairs,J_only,0.6,active,WT_exit,0.1483293470542087,32,32,1.0,32,1.0,1.0,0.016666666666666684,0.0,0.04999999999999997,0.016666666666666684
core_secure_pairs,J_only,0.6,active,balance,0.5,32,32,1.0,32,1.0,1.0,0.016666666666666684,0.0,0.04999999999999997,0.016666666666666684
core_secure_pairs,J_only,0.6,isi,SCA3_entry,0.7978563373093712,32,31,0.96875,28,0.875,1.0,0.09999999999999996,5.551115123125776e-18,0.1666666666666666,0.1
core_secure_pairs,J_only,0.6,isi,WT_exit,0.1358293233470019,32,32,1.0,32,1.0,1.0,0.07549259206031388,0.0,0.15567083458852116,0.07549259206031388
core_secure_pairs,J_only,0.6,isi,balance,0.5,32,32,1.0,32,1.0,1.0,0.07719351079180331,0.0,0.1666666666666666,0.07719351079180331
core_secure_pairs,J_only,0.6333333333333333,active,SCA3_entry,0.6832817402871161,32,32,1.0,32,1.0,1.0,0.016666666666666687,0.0,0.07083333333333328,0.016666666666666687
core_secure_pairs,J_only,0.6333333333333333,active,WT_exit,0.1483293470542087,32,32,1.0,32,1.0,1.0,0.016666666666666687,0.0,0.07083333333333328,0.016666666666666687
core_secure_pairs,J_only,0.6333333333333333,active,balance,0.5,32,32,1.0,32,1.0,1.0,0.016666666666666687,0.0,0.07083333333333328,0.016666666666666687
core_secure_pairs,J_only,0.6333333333333333,isi,SCA3_entry,0.7978563373093712,32,32,1.0,30,0.9375,1.0,0.11121166448634612,0.015772612324533065,0.19449616194389943,0.11121166448634612
core_secure_pairs,J_only,0.6333333333333333,isi,WT_exit,0.1358293233470019,32,32,1.0,32,1.0,1.0,0.0932064489699592,0.0,0.18380706726036,0.0932064489699592
core_secure_pairs,J_only,0.6333333333333333,isi,balance,0.5,32,32,1.0,32,1.0,1.0,0.10360094819683058,1.9428902930940217e-17,0.19198789992479484,0.10360094819683058
core_secure_pairs,J_only,0.6666666666666666,active,SCA3_entry,0.6832817402871161,32,32,1.0,32,1.0,1.0,0.04999999999999998,0.0,0.10833333333333334,0.04999999999999998
core_secure_pairs,J_only,0.6666666666666666,active,WT_exit,0.1483293470542087,32,32,1.0,32,1.0,1.0,0.04999999999999998,0.0,0.10416666666666671,0.04999999999999998
core_secure_pairs,J_only,0.6666666666666666,active,balance,0.5,32,32,1.0,32,1.0,1.0,0.04999999999999998,0.0,0.10416666666666671,0.04999999999999998
core_secure_pairs,J_only,0.6666666666666666,isi,SCA3_entry,0.7978563373093712,32,32,1.0,31,0.96875,1.0,0.1333333333333333,0.03191823213436915,0.21225611700945607,0.1333333333333333
core_secure_pairs,J_only,0.6666666666666666,isi,WT_exit,0.1358293233470019,32,32,1.0,32,1.0,1.0,0.13333333333333328,3.885780586188046e-17,0.2,0.13333333333333328
core_secure_pairs,J_only,0.6666666666666666,isi,balance,0.5,32,32,1.0,32,1.0,1.0,0.1333333333333333,3.885780586188046e-17,0.20374309412777658,0.1333333333333333
core_secure_pairs,J_only,0.7,active,SCA3_entry,0.6832817402871161,32,32,1.0,32,1.0,1.0,0.06666666666666662,8.88178419700125e-17,0.1333333333333333,0.06666666666666662
core_secure_pairs,J_only,0.7,active,WT_exit,0.1483293470542087,32,32,1.0,32,1.0,1.0,0.06666666666666662,8.88178419700125e-17,0.1333333333333333,0.06666666666666662
core_secure_pairs,J_only,0.7,active,balance,0.5,32,32,1.0,32,1.0,1.0,0.06666666666666662,8.88178419700125e-17,0.1333333333333333,0.06666666666666662
core_secure_pairs,J_only,0.7,isi,SCA3_entry,0.7978563373093712,32,32,1.0,32,1.0,1.0,0.1666666666666666,0.0666666666666666,0.2333333333333333,0.1666666666666666
core_secure_pairs,J_only,0.7,isi,WT_exit,0.1358293233470019,32,32,1.0,32,1.0,1.0,0.16666666666666657,0.062499999999999924,0.2333333333333333,0.16666666666666657
core_secure_pairs,J_only,0.7,isi,balance,0.5,32,32,1.0,32,1.0,1.0,0.16666666666666657,0.0666666666666666,0.2333333333333333,0.16666666666666657
core_secure_pairs,J_only,0.7333333333333333,active,SCA3_entry,0.6832817402871161,32,32,1.0,32,1.0,1.0,0.1,0.033333333333333354,0.1666666666666666,0.1
core_secure_pairs,J_only,0.7333333333333333,active,WT_exit,0.1483293470542087,32,32,1.0,32,1.0,1.0,0.1,0.033333333333333284,0.1666666666666666,0.1
core_secure_pairs,J_only,0.7333333333333333,active,balance,0.5,32,32,1.0,32,1.0,1.0,0.1,0.033333333333333284,0.1666666666666666,0.1
core_secure_pairs,J_only,0.7333333333333333,isi,SCA3_entry,0.7978563373093712,32,32,1.0,32,1.0,1.0,0.2053472575692357,0.1,0.2666666666666666,0.2053472575692357
core_secure_pairs,J_only,0.7333333333333333,isi,WT_exit,0.1358293233470019,32,32,1.0,32,1.0,1.0,0.19999999999999998,0.07916666666666657,0.2666666666666666,0.19999999999999998
core_secure_pairs,J_only,0.7333333333333333,isi,balance,0.5,32,32,1.0,32,1.0,1.0,0.20386408225784605,0.08001584560771322,0.2666666666666666,0.20386408225784605
core_secure_pairs,J_only,0.7666666666666666,active,SCA3_entry,0.6832817402871161,32,32,1.0,32,1.0,1.0,0.1333333333333333,0.06666666666666665,0.23333333333333328,0.1333333333333333
core_secure_pairs,J_only,0.7666666666666666,active,WT_exit,0.1483293470542087,32,32,1.0,32,1.0,1.0,0.1333333333333333,0.06666666666666665,0.23333333333333328,0.1333333333333333
core_secure_pairs,J_only,0.7666666666666666,active,balance,0.5,32,32,1.0,32,1.0,1.0,0.1333333333333333,0.06666666666666665,0.23333333333333328,0.1333333333333333
core_secure_pairs,J_only,0.7666666666666666,isi,SCA3_entry,0.7978563373093712,32,32,1.0,32,1.0,1.0,0.2666666666666666,0.14137456765612139,0.3208333333333333,0.2666666666666666
core_secure_pairs,J_only,0.7666666666666666,isi,WT_exit,0.1358293233470019,32,32,1.0,32,1.0,1.0,0.2333333333333333,0.125,0.3166666666666666,0.2333333333333333
core_secure_pairs,J_only,0.7666666666666666,isi,balance,0.5,32,32,1.0,32,1.0,1.0,0.24999999999999994,0.125,0.3208333333333333,0.24999999999999994
core_secure_pairs,J_only,0.8,active,SCA3_entry,0.6832817402871161,32,32,1.0,32,1.0,1.0,0.2,0.11250000000000004,0.2749999999999999,0.2
core_secure_pairs,J_only,0.8,active,WT_exit,0.1483293470542087,32,32,1.0,32,1.0,1.0,0.2,0.11250000000000004,0.2749999999999999,0.2
core_secure_pairs,J_only,0.8,active,balance,0.5,32,32,1.0,32,1.0,1.0,0.2,0.11250000000000004,0.2749999999999999,0.2
core_secure_pairs,J_only,0.8,isi,SCA3_entry,0.7978563373093712,32,32,1.0,32,1.0,1.0,0.30000000000000004,0.1757845707743136,0.3541666666666667,0.30000000000000004
core_secure_pairs,J_only,0.8,isi,WT_exit,0.1358293233470019,32,32,1.0,32,1.0,1.0,0.29999999999999993,0.16666666666666663,0.3375,0.29999999999999993
core_secure_pairs,J_only,0.8,isi,balance,0.5,32,32,1.0,32,1.0,1.0,0.3,0.16666666666666663,0.3541666666666667,0.3
core_secure_pairs,J_only,0.8333333333333334,active,SCA3_entry,0.6832817402871161,32,32,1.0,32,1.0,1.0,0.2333333333333333,0.15833333333333333,0.31666666666666665,0.2333333333333333
core_secure_pairs,J_only,0.8333333333333334,active,WT_exit,0.1483293470542087,32,32,1.0,32,1.0,1.0,0.2333333333333333,0.15833333333333333,0.31666666666666665,0.2333333333333333
core_secure_pairs,J_only,0.8333333333333334,active,balance,0.5,32,32,1.0,32,1.0,1.0,0.2333333333333333,0.15833333333333333,0.31666666666666665,0.2333333333333333
core_secure_pairs,J_only,0.8333333333333334,isi,SCA3_entry,0.7978563373093712,32,32,1.0,32,1.0,1.0,0.3333333333333333,0.225,0.4,0.3333333333333333
core_secure_pairs,J_only,0.8333333333333334,isi,WT_exit,0.1358293233470019,32,32,1.0,32,1.0,1.0,0.3333333333333333,0.225,0.38749999999999996,0.3333333333333333
core_secure_pairs,J_only,0.8333333333333334,isi,balance,0.5,32,32,1.0,32,1.0,1.0,0.3333333333333333,0.225,0.38749999999999996,0.3333333333333333
core_secure_pairs,J_only,0.8666666666666667,active,SCA3_entry,0.6832817402871161,32,32,1.0,32,1.0,1.0,0.26666666666666666,0.1958333333333334,0.38333333333333325,0.26666666666666666
core_secure_pairs,J_only,0.8666666666666667,active,WT_exit,0.1483293470542087,32,32,1.0,32,1.0,1.0,0.26666666666666666,0.1958333333333334,0.38333333333333325,0.26666666666666666
core_secure_pairs,J_only,0.8666666666666667,active,balance,0.5,32,32,1.0,32,1.0,1.0,0.26666666666666666,0.1958333333333334,0.38333333333333325,0.26666666666666666
core_secure_pairs,J_only,0.8666666666666667,isi,SCA3_entry,0.7978563373093712,32,32,1.0,32,1.0,1.0,0.4,0.30000000000000004,0.4666666666666667,0.4
core_secure_pairs,J_only,0.8666666666666667,isi,WT_exit,0.1358293233470019,32,32,1.0,32,1.0,1.0,0.3833333333333333,0.30000000000000004,0.4333333333333333,0.3833333333333333
core_secure_pairs,J_only,0.8666666666666667,isi,balance,0.5,32,32,1.0,32,1.0,1.0,0.3833333333333333,0.30000000000000004,0.4333333333333333,0.3833333333333333
core_secure_pairs,J_only,0.9,active,SCA3_entry,0.6832817402871161,32,32,1.0,32,1.0,1.0,0.35,0.2583333333333333,0.475,0.35
core_secure_pairs,J_only,0.9,active,WT_exit,0.1483293470542087,32,32,1.0,32,1.0,1.0,0.35,0.2583333333333333,0.475,0.35
core_secure_pairs,J_only,0.9,active,balance,0.5,32,32,1.0,32,1.0,1.0,0.35,0.2583333333333333,0.475,0.35
core_secure_pairs,J_only,0.9,isi,SCA3_entry,0.7978563373093712,32,32,1.0,32,1.0,1.0,0.4581284973008589,0.36666666666666664,0.5333333333333333,0.4581284973008589
core_secure_pairs,J_only,0.9,isi,WT_exit,0.1358293233470019,32,32,1.0,32,1.0,1.0,0.43491885010449916,0.36666666666666664,0.5083333333333333,0.43491885010449916
core_secure_pairs,J_only,0.9,isi,balance,0.5,32,32,1.0,32,1.0,1.0,0.4385180410688745,0.36666666666666664,0.5083333333333333,0.4385180410688745
core_secure_pairs,J_only,0.9333333333333332,active,SCA3_entry,0.6832817402871161,32,32,1.0,32,1.0,1.0,0.41666666666666663,0.3,0.5666666666666667,0.41666666666666663
core_secure_pairs,J_only,0.9333333333333332,active,WT_exit,0.1483293470542087,32,32,1.0,32,1.0,1.0,0.41666666666666663,0.3,0.5666666666666667,0.41666666666666663
core_secure_pairs,J_only,0.9333333333333332,active,balance,0.5,32,32,1.0,32,1.0,1.0,0.41666666666666663,0.3,0.5666666666666667,0.41666666666666663
core_secure_pairs,J_only,0.9333333333333332,isi,SCA3_entry,0.7978563373093712,32,32,1.0,32,1.0,1.0,0.5166666666666666,0.4458333333333333,0.6083333333333333,0.5166666666666666
core_secure_pairs,J_only,0.9333333333333332,isi,WT_exit,0.1358293233470019,32,32,1.0,32,1.0,1.0,0.5083333333333333,0.4458333333333333,0.6,0.5083333333333333
core_secure_pairs,J_only,0.9333333333333332,isi,balance,0.5,32,32,1.0,32,1.0,1.0,0.5120403644452096,0.4458333333333333,0.6,0.5120403644452096
core_secure_pairs,J_only,0.9666666666666668,active,SCA3_entry,0.6832817402871161,32,32,1.0,32,1.0,1.0,0.4666666666666667,0.3458333333333333,0.6749999999999999,0.4666666666666667
core_secure_pairs,J_only,0.9666666666666668,active,WT_exit,0.1483293470542087,32,32,1.0,32,1.0,1.0,0.4666666666666667,0.3458333333333333,0.6749999999999999,0.4666666666666667
core_secure_pairs,J_only,0.9666666666666668,active,balance,0.5,32,32,1.0,32,1.0,1.0,0.4666666666666667,0.3458333333333333,0.6749999999999999,0.4666666666666667
core_secure_pairs,J_only,0.9666666666666668,isi,SCA3_entry,0.7978563373093712,32,32,1.0,32,1.0,1.0,0.6,0.5,0.7333333333333333,0.6
core_secure_pairs,J_only,0.9666666666666668,isi,WT_exit,0.1358293233470019,32,32,1.0,32,1.0,1.0,0.6,0.5,0.7,0.6
core_secure_pairs,J_only,0.9666666666666668,isi,balance,0.5,32,32,1.0,32,1.0,1.0,0.6,0.5,0.7,0.6
core_secure_pairs,J_only,1.0,active,SCA3_entry,0.6832817402871161,32,32,1.0,32,1.0,1.0,0.5333333333333333,0.4,0.7666666666666666,0.5333333333333333
core_secure_pairs,J_only,1.0,active,WT_exit,0.1483293470542087,32,32,1.0,32,1.0,1.0,0.5333333333333333,0.4,0.7666666666666666,0.5333333333333333
core_secure_pairs,J_only,1.0,active,balance,0.5,32,32,1.0,32,1.0,1.0,0.5333333333333333,0.4,0.7666666666666666,0.5333333333333333
core_secure_pairs,J_only,1.0,isi,SCA3_entry,0.7978563373093712,32,32,1.0,32,1.0,1.0,0.7333333333333333,0.5666666666666667,0.8083333333333333,0.7333333333333333
core_secure_pairs,J_only,1.0,isi,WT_exit,0.1358293233470019,32,32,1.0,32,1.0,1.0,0.7333333333333333,0.5666666666666667,0.8083333333333333,0.7333333333333333
core_secure_pairs,J_only,1.0,isi,balance,0.5,32,32,1.0,32,1.0,1.0,0.7333333333333333,0.5666666666666667,0.8083333333333333,0.7333333333333333
core_secure_pairs,combined,0.0,active,SCA3_entry,0.6832817402871161,32,24,0.75,11,0.34375,0.3055555555555556,0.6326772780053243,0.486565517078024,0.6868256957721903,0.657826927133269
core_secure_pairs,combined,0.0,active,WT_exit,0.1483293470542087,32,26,0.8125,15,0.46875,0.39583333333333337,0.41503897429406045,0.23969329083403396,0.5386256933022089,0.4508362622539563
core_secure_pairs,combined,0.0,active,balance,0.5,32,24,0.75,11,0.34375,0.3333333333333333,0.5614329942316603,0.41878954438761823,0.6118149294560581,0.6029480928832435
core_secure_pairs,combined,0.0,isi,SCA3_entry,0.7978563373093712,32,24,0.75,11,0.34375,0.16666666666666669,0.6987851342323118,0.5385532063934064,0.7435216145432648,0.7088395582632395
core_secure_pairs,combined,0.0,isi,WT_exit,0.1358293233470019,32,28,0.875,19,0.59375,0.5,0.37076483426528234,0.14634040685405675,0.5017268392158141,0.375905041515461
core_secure_pairs,combined,0.0,isi,balance,0.5,32,24,0.75,12,0.375,0.3333333333333333,0.5438048216667906,0.4213146029793422,0.6314526452150129,0.5847686879023001
core_secure_pairs,combined,0.03333333333333333,active,SCA3_entry,0.6832817402871161,32,24,0.75,11,0.34375,0.3333333333333333,0.6296316730266982,0.49398825018350734,0.7055967508286523,0.6601453786693875
core_secure_pairs,combined,0.03333333333333333,active,WT_exit,0.1483293470542087,32,26,0.8125,21,0.65625,0.7499999999999999,0.37944436806668275,0.11055190824397987,0.4494595352016323,0.36202755914709045
core_secure_pairs,combined,0.03333333333333333,active,balance,0.5,32,24,0.75,11,0.34375,0.35416666666666674,0.5521212312436005,0.414606231330846,0.6265943853248629,0.5966806172446576
core_secure_pairs,combined,0.03333333333333333,isi,SCA3_entry,0.7978563373093712,32,24,0.75,11,0.34375,0.2638888888888889,0.6920344043293216,0.5703119960818233,0.7331965866155445,0.6968707837546096
core_secure_pairs,combined,0.03333333333333333,isi,WT_exit,0.1358293233470019,32,28,0.875,23,0.71875,0.7777777777777777,0.34009310529099557,0.017239693705998156,0.4430892523663844,0.3166010475441015
core_secure_pairs,combined,0.03333333333333333,isi,balance,0.5,32,26,0.8125,12,0.375,0.33333333333333337,0.5442999321933533,0.43704994409497633,0.6804467259383733,0.5832341591508041
core_secure_pairs,combined,0.06666666666666667,active,SCA3_entry,0.6832817402871161,32,24,0.75,12,0.375,0.47222222222222227,0.6117357607027174,0.24972376481619243,0.6765089398251926,0.6500182493698873
core_secure_pairs,combined,0.06666666666666667,active,WT_exit,0.1483293470542087,32,27,0.84375,22,0.6875,0.8194444444444444,0.2813216920956667,0.0,0.43167591491327056,0.21551746157339047
core_secure_pairs,combined,0.06666666666666667,active,balance,0.5,32,25,0.78125,15,0.46875,0.49999999999999994,0.5505270364002951,0.20331271734898276,0.6100515834145004,0.5807180431832945
core_secure_pairs,combined,0.06666666666666667,isi,SCA3_entry,0.7978563373093712,32,24,0.75,11,0.34375,0.3333333333333333,0.6711444868245902,0.5354153855502473,0.7358185418632699,0.700404004255944
core_secure_pairs,combined,0.06666666666666667,isi,WT_exit,0.1358293233470019,32,29,0.90625,25,0.78125,0.9027777777777779,0.3211772244524856,0.015056419252111496,0.4115697825505597,0.3211772244524856
core_secure_pairs,combined,0.06666666666666667,isi,balance,0.5,32,25,0.78125,16,0.5,0.5,0.5370791771825233,0.2746328676302161,0.649539756107266,0.5467084839189684
core_secure_pairs,combined,0.1,active,SCA3_entry,0.6832817402871161,32,26,0.8125,16,0.5,0.5,0.5847592805308734,0.05416666666666666,0.6663291798952797,0.6422570468580024
core_secure_pairs,combined,0.1,active,WT_exit,0.1483293470542087,32,27,0.84375,23,0.71875,0.8333333333333333,0.06666666666666667,0.0,0.40570132703863815,0.06666666666666667
core_secure_pairs,combined,0.1,active,balance,0.5,32,26,0.8125,19,0.59375,0.5000000000000001,0.5097392604090771,0.07088873330754075,0.6000619975598904,0.5515065895710353
core_secure_pairs,combined,0.1,isi,SCA3_entry,0.7978563373093712,32,24,0.75,12,0.375,0.40277777777777773,0.6667212952972279,0.39010440282621556,0.7482109923159583,0.7036626334359326
core_secure_pairs,combined,0.1,isi,WT_exit,0.1358293233470019,32,28,0.875,25,0.78125,0.9166666666666667,0.20449165669386854,0.012929052276236919,0.38395892662527986,0.08552156883603199
core_secure_pairs,combined,0.1,isi,balance,0.5,32,25,0.78125,17,0.53125,0.5,0.5308653111701561,0.22948900385456675,0.662384436657623,0.549696577856434
core_secure_pairs,combined,0.13333333333333333,active,SCA3_entry,0.6832817402871161,32,27,0.84375,20,0.625,0.5000000000000001,0.582353344830093,0.049999999999999996,0.669486205177293,0.6378004475560467
core_secure_pairs,combined,0.13333333333333333,active,WT_exit,0.1483293470542087,32,28,0.875,24,0.75,0.9027777777777779,0.052104925139100075,0.0,0.40047074820069395,0.052104925139100075
core_secure_pairs,combined,0.13333333333333333,active,balance,0.5,32,27,0.84375,21,0.65625,0.6111111111111112,0.5019977076893346,0.033333333333333326,0.5961963969371528,0.5514806529412574
core_secure_pairs,combined,0.13333333333333333,isi,SCA3_entry,0.7978563373093712,32,24,0.75,13,0.40625,0.45833333333333337,0.6691114355176118,0.3405034387412887,0.7641113657827325,0.7048129019292039
core_secure_pairs,combined,0.13333333333333333,isi,WT_exit,0.1358293233470019,32,29,0.90625,26,0.8125,0.9166666666666667,0.08687857205865539,0.03333333333333333,0.37628368034061915,0.07764335491552087
core_secure_pairs,combined,0.13333333333333333,isi,balance,0.5,32,24,0.75,18,0.5625,0.5,0.5112039081185987,0.2631824029576972,0.5970371803701329,0.5429765604678033
core_secure_pairs,combined,0.16666666666666666,active,SCA3_entry,0.6832817402871161,32,27,0.84375,21,0.65625,0.5277777777777779,0.6039568818542975,0.04166666666666661,0.6667415231176173,0.6398480942223232
core_secure_pairs,combined,0.16666666666666666,active,WT_exit,0.1483293470542087,32,28,0.875,25,0.78125,0.9166666666666667,0.026253200276634768,0.0,0.3505083060943542,0.0525064005532694
core_secure_pairs,combined,0.16666666666666666,active,balance,0.5,32,28,0.875,22,0.6875,0.6666666666666666,0.40621365531206555,0.029166666666666667,0.5960594714778948,0.5309804513310596
core_secure_pairs,combined,0.16666666666666666,isi,SCA3_entry,0.7978563373093712,32,24,0.75,14,0.4375,0.4861111111111111,0.6854019243823593,0.38094833290986274,0.7485686030839495,0.7054948961729346
core_secure_pairs,combined,0.16666666666666666,isi,WT_exit,0.1358293233470019,32,29,0.90625,27,0.84375,0.9166666666666667,0.1,0.03333333333333333,0.3827025303951005,0.1
core_secure_pairs,combined,0.16666666666666666,isi,balance,0.5,32,24,0.75,19,0.59375,0.5416666666666667,0.5202365322373748,0.3263692231855995,0.6178394338311,0.5316274168219111
core_secure_pairs,combined,0.2,active,SCA3_entry,0.6832817402871161,32,27,0.84375,22,0.6875,0.5694444444444444,0.6088894141327759,0.03333333333333333,0.6742914668036977,0.6239291728241025
core_secure_pairs,combined,0.2,active,WT_exit,0.1483293470542087,32,28,0.875,25,0.78125,0.9166666666666667,7.679597731900575e-17,0.0,0.3547886187485812,1.4248972439175992e-16
core_secure_pairs,combined,0.2,active,balance,0.5,32,28,0.875,23,0.71875,0.6666666666666666,0.19633015896583,1.332267629550188e-16,0.5967264341151113,0.46842095813530643
core_secure_pairs,combined,0.2,isi,SCA3_entry,0.7978563373093712,32,24,0.75,14,0.4375,0.44444444444444453,0.6948905677428923,0.42113830408164726,0.7593638443113158,0.7053041141899161
core_secure_pairs,combined,0.2,isi,WT_exit,0.1358293233470019,32,30,0.9375,27,0.84375,0.9166666666666667,0.16666666666666674,0.034229209048246924,0.38970915725406297,0.16666666666666666
core_secure_pairs,combined,0.2,isi,balance,0.5,32,25,0.78125,18,0.5625,0.5,0.505415759889079,0.3089452527111807,0.613733659588141,0.5573285458728583
core_secure_pairs,combined,0.23333333333333334,active,SCA3_entry,0.6832817402871161,32,28,0.875,23,0.71875,0.5972222222222223,0.2337321085956838,0.0,0.6661756000408636,0.603356164048512
core_secure_pairs,combined,0.23333333333333334,active,WT_exit,0.1483293470542087,32,29,0.90625,26,0.8125,1.0,0.03333333333333333,0.0,0.3812746054374001,0.036576659683395414
core_secure_pairs,combined,0.23333333333333334,active,balance,0.5,32,28,0.875,24,0.75,0.6944444444444444,0.22131158385177047,0.0,0.6035207344962912,0.3788162176298516
core_secure_pairs,combined,0.23333333333333334,isi,SCA3_entry,0.7978563373093712,32,24,0.75,15,0.46875,0.45833333333333337,0.6947772554483301,0.4316515914434046,0.7579739070582601,0.7100957117695479
core_secure_pairs,combined,0.23333333333333334,isi,WT_exit,0.1358293233470019,32,32,1.0,29,0.90625,0.9583333333333334,0.1484486038689734,0.012500000000000046,0.38361431375245125,0.16666666666666666
core_secure_pairs,combined,0.23333333333333334,isi,balance,0.5,32,26,0.8125,21,0.65625,0.6666666666666666,0.49339033034748225,0.29720265795381917,0.6142750276570363,0.5149367576800002
core_secure_pairs,combined,0.26666666666666666,active,SCA3_entry,0.6832817402871161,32,28,0.875,22,0.6875,0.6388888888888888,0.25190893212370663,0.0,0.6751957783437247,0.4382302945645221
core_secure_pairs,combined,0.26666666666666666,active,WT_exit,0.1483293470542087,32,30,0.9375,28,0.875,1.0,7.771561172376093e-17,0.0,0.33376164872918335,1.4211281609364458e-16
core_secure_pairs,combined,0.26666666666666666,active,balance,0.5,32,28,0.875,24,0.75,0.7083333333333333,0.22284026533688997,0.0,0.6108408848118255,0.3240607267771648
core_secure_pairs,combined,0.26666666666666666,isi,SCA3_entry,0.7978563373093712,32,24,0.75,14,0.4375,0.44444444444444453,0.6941496477919967,0.46325423198437665,0.7839906216642745,0.709758325349399
core_secure_pairs,combined,0.26666666666666666,isi,WT_exit,0.1358293233470019,32,32,1.0,29,0.90625,1.0,0.12937094853690773,0.0029706934659705824,0.3651904781974,0.14207523040714876
core_secure_pairs,combined,0.26666666666666666,isi,balance,0.5,32,26,0.8125,23,0.71875,0.6666666666666666,0.5243455179801026,0.3693383361589737,0.6536130215381106,0.5047839869849392
core_secure_pairs,combined,0.3,active,SCA3_entry,0.6832817402871161,32,28,0.875,23,0.71875,0.6666666666666666,0.22637518394827763,0.0,0.6842923075071216,0.28827747565680617
core_secure_pairs,combined,0.3,active,WT_exit,0.1483293470542087,32,30,0.9375,28,0.875,1.0,1.4482598713273162e-16,0.0,0.3487006255447825,0.008333333333333413
core_secure_pairs,combined,0.3,active,balance,0.5,32,28,0.875,24,0.75,0.75,0.24625052338096087,0.012500000000000002,0.5934471539036809,0.3233684933375382
core_secure_pairs,combined,0.3,isi,SCA3_entry,0.7978563373093712,32,25,0.78125,15,0.46875,0.4861111111111111,0.6972044286703591,0.4666666666666667,0.7933542546780551,0.7054472957745298
core_secure_pairs,combined,0.3,isi,WT_exit,0.1358293233470019,32,32,1.0,29,0.90625,1.0,0.1386219731954497,0.012500000000000048,0.37849151517138635,0.15000000000000002
core_secure_pairs,combined,0.3,isi,balance,0.5,32,27,0.84375,24,0.75,0.6666666666666666,0.49391313059253117,0.30833333333333335,0.6201419631629089,0.5141711688648135
core_secure_pairs,combined,0.3333333333333333,active,SCA3_entry,0.6832817402871161,32,28,0.875,23,0.71875,0.6666666666666666,0.21099184390903358,0.0,0.6927000559718085,0.3188972017293639
core_secure_pairs,combined,0.3333333333333333,active,WT_exit,0.1483293470542087,32,30,0.9375,28,0.875,1.0,1.809281612684348e-16,0.0,0.36725815003980433,0.008333333333333436
core_secure_pairs,combined,0.3333333333333333,active,balance,0.5,32,28,0.875,24,0.75,0.7638888888888888,0.21700792621603046,1.686734072193341e-16,0.5727528083111062,0.267620609284719
core_secure_pairs,combined,0.3333333333333333,isi,SCA3_entry,0.7978563373093712,32,26,0.8125,17,0.53125,0.5,0.6805541413003897,0.4125,0.8015821833336164,0.7092364536100315
core_secure_pairs,combined,0.3333333333333333,isi,WT_exit,0.1358293233470019,32,32,1.0,30,0.9375,1.0,0.12300044278884298,0.01250000000000005,0.39623973082618175,0.1546921961476315
core_secure_pairs,combined,0.3333333333333333,isi,balance,0.5,32,27,0.84375,23,0.71875,0.6666666666666666,0.5198125893645272,0.34006394709071125,0.6267804029411583,0.5198125893645272
core_secure_pairs,combined,0.36666666666666664,active,SCA3_entry,0.6832817402871161,32,28,0.875,23,0.71875,0.6666666666666666,0.23556400164500674,0.0,0.6766767793072695,0.26666666666666666
core_secure_pairs,combined,0.36666666666666664,active,WT_exit,0.1483293470542087,32,32,1.0,31,0.96875,1.0,0.016666666666666802,0.0,0.3756276288073426,0.03333333333333334
core_secure_pairs,combined,0.36666666666666664,active,balance,0.5,32,28,0.875,24,0.75,0.8194444444444444,0.19555944563091832,0.025000000000000057,0.5847289961146116,0.20968203568816335
core_secure_pairs,combined,0.36666666666666664,isi,SCA3_entry,0.7978563373093712,32,26,0.8125,17,0.53125,0.5,0.6891365127303776,0.511602631668966,0.8163803959234641,0.7189629721153714
core_secure_pairs,combined,0.36666666666666664,isi,WT_exit,0.1358293233470019,32,32,1.0,30,0.9375,1.0,0.10523565619168782,1.2352663486935862e-16,0.377654907033682,0.14065248883048537
core_secure_pairs,combined,0.36666666666666664,isi,balance,0.5,32,27,0.84375,24,0.75,0.6805555555555556,0.558504343876351,0.35985798502958066,0.6325680981342968,0.5588639816620078
core_secure_pairs,combined,0.4,active,SCA3_entry,0.6832817402871161,32,28,0.875,23,0.71875,0.6666666666666666,0.22598877094864145,0.0,0.6878533422100865,0.22856978209358322
core_secure_pairs,combined,0.4,active,WT_exit,0.1483293470542087,32,32,1.0,31,0.96875,1.0,2.2125988272365438e-16,0.0,0.38588189554097596,2.6645352591003746e-16
core_secure_pairs,combined,0.4,active,balance,0.5,32,29,0.90625,26,0.8125,0.8611111111111112,0.18354713724926336,0.0,0.5989543738559379,0.15844023529129847
core_secure_pairs,combined,0.4,isi,SCA3_entry,0.7978563373093712,32,26,0.8125,17,0.53125,0.5,0.6570089593561024,0.3,0.7528206255505582,0.6806845853788714
core_secure_pairs,combined,0.4,isi,WT_exit,0.1358293233470019,32,32,1.0,31,0.96875,1.0,0.1237112585835535,0.02148637113465205,0.4230196774855266,0.15948403564562352
core_secure_pairs,combined,0.4,isi,balance,0.5,32,29,0.90625,25,0.78125,0.75,0.45865041247328214,0.31533805349053495,0.6596459118585831,0.5395852045883199
core_secure_pairs,combined,0.43333333333333335,active,SCA3_entry,0.6832817402871161,32,28,0.875,24,0.75,0.6944444444444444,0.21712460331802605,0.0,0.7044999801178398,0.21712460331802605
core_secure_pairs,combined,0.43333333333333335,active,WT_exit,0.1483293470542087,32,32,1.0,31,0.96875,1.0,2.5736727815471045e-16,0.0,0.38264634916969775,3.330669073875468e-16
core_secure_pairs,combined,0.43333333333333335,active,balance,0.5,32,29,0.90625,27,0.84375,0.9583333333333334,0.13333333333333344,0.0,0.6008436026668131,0.13333333333333344
core_secure_pairs,combined,0.43333333333333335,isi,SCA3_entry,0.7978563373093712,32,26,0.8125,16,0.5,0.5,0.6331365414002599,0.33333333333333337,0.756040030174187,0.6997512126853609
core_secure_pairs,combined,0.43333333333333335,isi,WT_exit,0.1358293233470019,32,32,1.0,32,1.0,1.0,0.08603440903602862,0.023034400285397418,0.42475540035537307,0.08603440903602862
core_secure_pairs,combined,0.43333333333333335,isi,balance,0.5,32,29,0.90625,25,0.78125,0.8194444444444443,0.45546252884922744,0.2833333333333334,0.6523983034962437,0.45546252884922744
core_secure_pairs,combined,0.4666666666666667,active,SCA3_entry,0.6832817402871161,32,29,0.90625,26,0.8125,0.7777777777777777,0.20000000000000018,0.0,0.7161972090086023,0.21226702526778277
core_secure_pairs,combined,0.4666666666666667,active,WT_exit,0.1483293470542087,32,32,1.0,32,1.0,1.0,3.8857805861880476e-17,0.0,0.2863620439878116,3.8857805861880476e-17
core_secure_pairs,combined,0.4666666666666667,active,balance,0.5,32,30,0.9375,28,0.875,1.0,0.09166666666666667,0.0,0.574051364735088,0.09166666666666667
core_secure_pairs,combined,0.4666666666666667,isi,SCA3_entry,0.7978563373093712,32,28,0.875,17,0.53125,0.5,0.6752519805417755,0.22002194234378936,0.7695043340482599,0.7090736147611135
core_secure_pairs,combined,0.4666666666666667,isi,WT_exit,0.1358293233470019,32,32,1.0,32,1.0,1.0,0.10121929705285526,1.5078734855149702e-16,0.36400613365363066,0.10121929705285526
core_secure_pairs,combined,0.4666666666666667,isi,balance,0.5,32,29,0.90625,26,0.8125,0.9166666666666667,0.44488434393818643,0.3075095057463789,0.6585271631332558,0.4420105436103586
core_secure_pairs,combined,0.5,active,SCA3_entry,0.6832817402871161,32,29,0.90625,27,0.84375,0.8333333333333333,0.1666666666666668,0.0,0.7383312365222452,0.1666666666666668
core_secure_pairs,combined,0.5,active,WT_exit,0.1483293470542087,32,32,1.0,32,1.0,1.0,4.440892098500626e-17,0.0,0.25665740182229263,4.440892098500626e-17
core_secure_pairs,combined,0.5,active,balance,0.5,32,30,0.9375,29,0.90625,1.0,0.10796552352389938,0.0,0.5898175571307948,0.1
core_secure_pairs,combined,0.5,isi,SCA3_entry,0.7978563373093712,32,28,0.875,18,0.5625,0.5,0.623146286262255,0.2529030456995195,0.7907934378387931,0.7147707866736916
core_secure_pairs,combined,0.5,isi,WT_exit,0.1358293233470019,32,32,1.0,32,1.0,1.0,0.10951026039213471,8.511069783031819e-17,0.39801780956919913,0.10951026039213471
core_secure_pairs,combined,0.5,isi,balance,0.5,32,31,0.96875,29,0.90625,0.9166666666666667,0.4666666666666667,0.29692729586942906,0.6630554381736471,0.47540431604197514
core_secure_pairs,combined,0.5333333333333333,active,SCA3_entry,0.6832817402871161,32,30,0.9375,29,0.90625,0.9166666666666667,0.15520763006821237,0.0,0.7524505462139777,0.14374859346975793
core_secure_pairs,combined,0.5333333333333333,active,WT_exit,0.1483293470542087,32,32,1.0,32,1.0,1.0,7.66133116915096e-17,0.0,0.2559784968957493,7.66133116915096e-17
core_secure_pairs,combined,0.5333333333333333,active,balance,0.5,32,30,0.9375,29,0.90625,1.0,0.10833333333333335,1.3877787807814455e-17,0.6063109220437917,0.08333333333333334
core_secure_pairs,combined,0.5333333333333333,isi,SCA3_entry,0.7978563373093712,32,29,0.90625,20,0.625,0.5694444444444445,0.601368549234203,0.2475002887622885,0.8044032526898433,0.7167022648285082
core_secure_pairs,combined,0.5333333333333333,isi,WT_exit,0.1358293233470019,32,32,1.0,32,1.0,1.0,0.09254745109788823,0.014913545610844259,0.37833194776537504,0.09254745109788823
core_secure_pairs,combined,0.5333333333333333,isi,balance,0.5,32,31,0.96875,29,0.90625,0.9583333333333334,0.4835333417480124,0.19925278846647457,0.674853636176719,0.48685216740428655
core_secure_pairs,combined,0.5666666666666667,active,SCA3_entry,0.6832817402871161,32,30,0.9375,29,0.90625,1.0,0.11666666666666668,0.0,0.7513435918203647,0.08333333333333334
core_secure_pairs,combined,0.5666666666666667,active,WT_exit,0.1483293470542087,32,32,1.0,32,1.0,1.0,4.543951021520664e-17,0.0,0.23458977043000506,4.543951021520664e-17
core_secure_pairs,combined,0.5666666666666667,active,balance,0.5,32,30,0.9375,29,0.90625,1.0,0.1,1.3877787807814455e-17,0.625372626809683,0.08333333333333334
core_secure_pairs,combined,0.5666666666666667,isi,SCA3_entry,0.7978563373093712,32,29,0.90625,21,0.65625,0.5833333333333335,0.721141145774067,0.2864268751922002,0.8342843961936299,0.721141145774067
core_secure_pairs,combined,0.5666666666666667,isi,WT_exit,0.1358293233470019,32,32,1.0,32,1.0,1.0,0.1125369059417747,0.01140143342036094,0.40271661379255386,0.1125369059417747
core_secure_pairs,combined,0.5666666666666667,isi,balance,0.5,32,32,1.0,30,0.9375,1.0,0.4823400659731709,0.13012357291187818,0.6942545082222761,0.5044845027088325
core_secure_pairs,combined,0.6,active,SCA3_entry,0.6832817402871161,32,30,0.9375,29,0.90625,1.0,0.16666666666666669,0.008333333333333333,0.76359313940882,0.16666666666666666
core_secure_pairs,combined,0.6,active,WT_exit,0.1483293470542087,32,32,1.0,32,1.0,1.0,0.0,0.0,0.1451743259730759,0.0
core_secure_pairs,combined,0.6,active,balance,0.5,32,30,0.9375,29,0.90625,1.0,0.1412221564447395,1.3877787807814455e-17,0.6415571954491563,0.11666666666666667
core_secure_pairs,combined,0.6,isi,SCA3_entry,0.7978563373093712,32,30,0.9375,23,0.71875,0.6666666666666666,0.6656073387619835,0.2992848197451264,0.832111943663385,0.7251539423012838
core_secure_pairs,combined,0.6,isi,WT_exit,0.1358293233470019,32,32,1.0,32,1.0,1.0,0.1430653042304332,0.012500000000000035,0.4145758726902633,0.1430653042304332
core_secure_pairs,combined,0.6,isi,balance,0.5,32,32,1.0,31,0.96875,1.0,0.47611083573742874,0.14689533990435494,0.698780847552002,0.48217781122933934
core_secure_pairs,combined,0.6333333333333333,active,SCA3_entry,0.6832817402871161,32,30,0.9375,29,0.90625,1.0,0.1583333333333335,0.03333333333333333,0.7213620912746765,0.13333333333333358
core_secure_pairs,combined,0.6333333333333333,active,WT_exit,0.1483293470542087,32,32,1.0,32,1.0,1.0,4.6035178599269423e-17,0.0,0.15886404893341646,4.6035178599269423e-17
core_secure_pairs,combined,0.6333333333333333,active,balance,0.5,32,30,0.9375,29,0.90625,1.0,0.1250000000000001,0.008333333333333382,0.6503149503708818,0.11666666666666667
core_secure_pairs,combined,0.6333333333333333,isi,SCA3_entry,0.7978563373093712,32,30,0.9375,23,0.71875,0.7222222222222221,0.6394700734161852,0.306996133573401,0.8324817989065494,0.6711874158115012
core_secure_pairs,combined,0.6333333333333333,isi,WT_exit,0.1358293233470019,32,32,1.0,32,1.0,1.0,0.15833333333333346,0.03333333333333333,0.342838996479622,0.15833333333333346
core_secure_pairs,combined,0.6333333333333333,isi,balance,0.5,32,32,1.0,31,0.96875,1.0,0.48895884164790515,0.1711886923858726,0.6916577975326621,0.49753108278947705
core_secure_pairs,combined,0.6666666666666666,active,SCA3_entry,0.6832817402871161,32,30,0.9375,29,0.90625,1.0,0.15000000000000002,0.0041666666666667325,0.7327025325051651,0.11666666666666667
core_secure_pairs,combined,0.6666666666666666,active,WT_exit,0.1483293470542087,32,32,1.0,32,1.0,1.0,4.8257276506560515e-17,0.0,0.20608135578269865,4.8257276506560515e-17
core_secure_pairs,combined,0.6666666666666666,active,balance,0.5,32,31,0.96875,30,0.9375,1.0,0.2243239900527924,0.0166666666666667,0.6997145557610936,0.21216199502639632
core_secure_pairs,combined,0.6666666666666666,isi,SCA3_entry,0.7978563373093712,32,30,0.9375,25,0.78125,0.736111111111111,0.6804342444393154,0.3345535776107195,0.8333541059652942,0.6614018310065893
core_secure_pairs,combined,0.6666666666666666,isi,WT_exit,0.1358293233470019,32,32,1.0,32,1.0,1.0,0.12865547001374877,1.3171817816297254e-16,0.306104936796423,0.12865547001374877
core_secure_pairs,combined,0.6666666666666666,isi,balance,0.5,32,32,1.0,31,0.96875,1.0,0.5136132631071233,0.19363719891531714,0.6894044902321581,0.5139530201411137
core_secure_pairs,combined,0.7,active,SCA3_entry,0.6832817402871161,32,30,0.9375,29,0.90625,1.0,0.16666666666666669,0.02083333333333338,0.7457358693338203,0.13333333333333333
core_secure_pairs,combined,0.7,active,WT_exit,0.1483293470542087,32,32,1.0,32,1.0,1.0,0.03333333333333333,0.0,0.2320844256827156,0.03333333333333333
core_secure_pairs,combined,0.7,active,balance,0.5,32,32,1.0,32,1.0,1.0,0.12966158276910508,0.029166666666666667,0.7155509944206001,0.12966158276910508
core_secure_pairs,combined,0.7,isi,SCA3_entry,0.7978563373093712,32,30,0.9375,25,0.78125,0.7916666666666667,0.6649378875132583,0.23333333333333334,0.8255231411106447,0.6787118048671954
core_secure_pairs,combined,0.7,isi,WT_exit,0.1358293233470019,32,32,1.0,32,1.0,1.0,0.12332275024656654,0.03333333333333333,0.32091813012724246,0.12332275024656654
core_secure_pairs,combined,0.7,isi,balance,0.5,32,32,1.0,31,0.96875,1.0,0.522639179609935,0.22500000000000006,0.6819129084450819,0.5286116925532034
core_secure_pairs,combined,0.7333333333333333,active,SCA3_entry,0.6832817402871161,32,30,0.9375,29,0.90625,1.0,0.24166666666666678,0.03333333333333333,0.7008758225122187,0.21666666666666667
core_secure_pairs,combined,0.7333333333333333,active,WT_exit,0.1483293470542087,32,32,1.0,32,1.0,1.0,0.03333333333333333,0.0,0.25845122145536115,0.03333333333333333
core_secure_pairs,combined,0.7333333333333333,active,balance,0.5,32,32,1.0,32,1.0,1.0,0.12500000000000003,0.02916666666666667,0.6234099200642829,0.12500000000000003
core_secure_pairs,combined,0.7333333333333333,isi,SCA3_entry,0.7978563373093712,32,30,0.9375,28,0.875,0.8333333333333333,0.6125049183376339,0.22500000000000003,0.8198762148371109,0.5583333333333333
core_secure_pairs,combined,0.7333333333333333,isi,WT_exit,0.1358293233470019,32,32,1.0,32,1.0,1.0,0.14040284153295762,0.03333333333333333,0.35244625848602074,0.14040284153295762
core_secure_pairs,combined,0.7333333333333333,isi,balance,0.5,32,32,1.0,31,0.96875,1.0,0.5445160508844984,0.24166666666666667,0.6767707386085203,0.5483085910828435
core_secure_pairs,combined,0.7666666666666666,active,SCA3_entry,0.6832817402871161,32,30,0.9375,30,0.9375,1.0,0.3333333333333335,0.03333333333333333,0.7713124337607344,0.3333333333333335
core_secure_pairs,combined,0.7666666666666666,active,WT_exit,0.1483293470542087,32,32,1.0,32,1.0,1.0,0.0416666666666667,0.0,0.28870801783821004,0.0416666666666667
core_secure_pairs,combined,0.7666666666666666,active,balance,0.5,32,32,1.0,32,1.0,1.0,0.1416666666666667,0.012500000000000046,0.5828667440115588,0.1416666666666667
core_secure_pairs,combined,0.7666666666666666,isi,SCA3_entry,0.7978563373093712,32,30,0.9375,28,0.875,0.9166666666666667,0.6144000420226507,0.1681183621715875,0.8252880421868202,0.6144000420226507
core_secure_pairs,combined,0.7666666666666666,isi,WT_exit,0.1358293233470019,32,32,1.0,32,1.0,1.0,0.1631871611502998,0.03333333333333333,0.37474527926840306,0.1631871611502998
core_secure_pairs,combined,0.7666666666666666,isi,balance,0.5,32,32,1.0,32,1.0,1.0,0.5579189446352186,0.24053842176882181,0.6898059824656141,0.5579189446352186
core_secure_pairs,combined,0.8,active,SCA3_entry,0.6832817402871161,32,32,1.0,32,1.0,1.0,0.3666666666666668,0.03333333333333333,0.8124262674095424,0.3666666666666668
core_secure_pairs,combined,0.8,active,WT_exit,0.1483293470542087,32,32,1.0,32,1.0,1.0,0.05000000000000006,0.0,0.3223423002464278,0.05000000000000006
core_secure_pairs,combined,0.8,active,balance,0.5,32,32,1.0,32,1.0,1.0,0.14166666666666694,2.2482508464876766e-16,0.5792347595462947,0.14166666666666694
core_secure_pairs,combined,0.8,isi,SCA3_entry,0.7978563373093712,32,30,0.9375,28,0.875,1.0,0.6,0.2214819215989407,0.8203156812493824,0.6
core_secure_pairs,combined,0.8,isi,WT_exit,0.1358293233470019,32,32,1.0,32,1.0,1.0,0.18882462621034504,0.03333333333333333,0.3925365548044981,0.18882462621034504
core_secure_pairs,combined,0.8,isi,balance,0.5,32,32,1.0,32,1.0,1.0,0.5644847745243611,0.2622915519821519,0.6914125874541281,0.5644847745243611
core_secure_pairs,combined,0.8333333333333334,active,SCA3_entry,0.6832817402871161,32,32,1.0,32,1.0,1.0,0.40000000000000024,0.03333333333333333,0.8092598163357531,0.40000000000000024
core_secure_pairs,combined,0.8333333333333334,active,WT_exit,0.1483293470542087,32,32,1.0,32,1.0,1.0,0.06666666666666668,0.0,0.3675213764680617,0.06666666666666668
core_secure_pairs,combined,0.8333333333333334,active,balance,0.5,32,32,1.0,32,1.0,1.0,0.17500000000000004,2.293525460706866e-16,0.5833154262543094,0.17500000000000004
core_secure_pairs,combined,0.8333333333333334,isi,SCA3_entry,0.7978563373093712,32,31,0.96875,28,0.875,1.0,0.6333333333333333,0.28614116090560604,0.839892889283899,0.648227565566019
core_secure_pairs,combined,0.8333333333333334,isi,WT_exit,0.1358293233470019,32,32,1.0,32,1.0,1.0,0.21216436909585856,0.02916666666666666,0.4052415789794045,0.21216436909585856
core_secure_pairs,combined,0.8333333333333334,isi,balance,0.5,32,32,1.0,32,1.0,1.0,0.5303798089633942,0.19583333333333336,0.6367519828674364,0.5303798089633942
core_secure_pairs,combined,0.8666666666666667,active,SCA3_entry,0.6832817402871161,32,32,1.0,32,1.0,1.0,0.21666666666666676,0.06250000000000001,0.7190911896421142,0.21666666666666676
core_secure_pairs,combined,0.8666666666666667,active,WT_exit,0.1483293470542087,32,32,1.0,32,1.0,1.0,0.0750000000000001,0.0,0.3959910846398293,0.0750000000000001
core_secure_pairs,combined,0.8666666666666667,active,balance,0.5,32,32,1.0,32,1.0,1.0,0.2,1.5820678100908479e-16,0.6053689070589579,0.2
core_secure_pairs,combined,0.8666666666666667,isi,SCA3_entry,0.7978563373093712,32,32,1.0,30,0.9375,1.0,0.6845381690731249,0.3458333333333334,0.8514665215027034,0.7102126824373921
core_secure_pairs,combined,0.8666666666666667,isi,WT_exit,0.1358293233470019,32,32,1.0,32,1.0,1.0,0.2557364277348175,0.0647000118187277,0.4322801209742884,0.2557364277348175
core_secure_pairs,combined,0.8666666666666667,isi,balance,0.5,32,32,1.0,32,1.0,1.0,0.5315615180497777,0.22018592278480134,0.6714486050536974,0.5315615180497777
core_secure_pairs,combined,0.9,active,SCA3_entry,0.6832817402871161,32,32,1.0,32,1.0,1.0,0.40000000000000024,0.1,0.8241751124847376,0.40000000000000024
core_secure_pairs,combined,0.9,active,WT_exit,0.1483293470542087,32,32,1.0,32,1.0,1.0,0.12500000000000008,0.03333333333333333,0.4227981528596132,0.12500000000000008
core_secure_pairs,combined,0.9,active,balance,0.5,32,32,1.0,32,1.0,1.0,0.22500000000000003,0.06666666666666667,0.6725629003575703,0.22500000000000003
core_secure_pairs,combined,0.9,isi,SCA3_entry,0.7978563373093712,32,32,1.0,31,0.96875,1.0,0.729254035424534,0.36666666666666675,0.8584153785749243,0.7585080708490682
core_secure_pairs,combined,0.9,isi,WT_exit,0.1358293233470019,32,32,1.0,32,1.0,1.0,0.35000000000000003,0.06476228539439555,0.4497213171622835,0.35000000000000003
core_secure_pairs,combined,0.9,isi,balance,0.5,32,32,1.0,32,1.0,1.0,0.5499382298090009,0.16666666666666669,0.6840440367530067,0.5499382298090009
core_secure_pairs,combined,0.9333333333333333,active,SCA3_entry,0.6832817402871161,32,32,1.0,32,1.0,1.0,0.2583333333333334,0.14583333333333334,0.8062148683567228,0.2583333333333334
core_secure_pairs,combined,0.9333333333333333,active,WT_exit,0.1483293470542087,32,32,1.0,32,1.0,1.0,0.2,0.058333333333333334,0.42883585833646504,0.2
core_secure_pairs,combined,0.9333333333333333,active,balance,0.5,32,32,1.0,32,1.0,1.0,0.25,0.13333333333333325,0.6979022880385819,0.25
core_secure_pairs,combined,0.9333333333333333,isi,SCA3_entry,0.7978563373093712,32,32,1.0,31,0.96875,1.0,0.77917186965786,0.4000000000000001,0.8644927292884313,0.779365271180549
core_secure_pairs,combined,0.9333333333333333,isi,WT_exit,0.1358293233470019,32,32,1.0,32,1.0,1.0,0.3525264295028613,0.06489733399317799,0.500573528687694,0.3525264295028613
core_secure_pairs,combined,0.9333333333333333,isi,balance,0.5,32,32,1.0,32,1.0,1.0,0.6006515487908255,0.22500000000000006,0.7000612868579981,0.6006515487908255
core_secure_pairs,combined,0.9666666666666667,active,SCA3_entry,0.6832817402871161,32,32,1.0,32,1.0,1.0,0.2916666666666668,0.13333333333333333,0.8256703653032738,0.2916666666666668
core_secure_pairs,combined,0.9666666666666667,active,WT_exit,0.1483293470542087,32,32,1.0,32,1.0,1.0,0.2,0.058333333333333334,0.42776422164253974,0.2
core_secure_pairs,combined,0.9666666666666667,active,balance,0.5,32,32,1.0,32,1.0,1.0,0.25,0.1333333333333333,0.7222998338695835,0.25
core_secure_pairs,combined,0.9666666666666667,isi,SCA3_entry,0.7978563373093712,32,32,1.0,30,0.9375,1.0,0.7253778648581803,0.375,0.8453403516169238,0.7573613631263587
core_secure_pairs,combined,0.9666666666666667,isi,WT_exit,0.1358293233470019,32,32,1.0,32,1.0,1.0,0.34692030740346513,0.06483167292415147,0.4986639083674286,0.34692030740346513
core_secure_pairs,combined,0.9666666666666667,isi,balance,0.5,32,32,1.0,32,1.0,1.0,0.6000000000000002,0.225,0.7006836584210302,0.6000000000000002
core_secure_pairs,combined,1.0,active,SCA3_entry,0.6832817402871161,32,32,1.0,31,0.96875,1.0,0.36666666666666664,0.19166666666666665,0.803082212281737,0.3666666666666666
core_secure_pairs,combined,1.0,active,WT_exit,0.1483293470542087,32,32,1.0,32,1.0,1.0,0.2416666666666667,0.058333333333333334,0.41717494516524667,0.2416666666666667
core_secure_pairs,combined,1.0,active,balance,0.5,32,32,1.0,32,1.0,1.0,0.3500000000000001,0.16666666666666666,0.7154198493258066,0.3500000000000001
core_secure_pairs,combined,1.0,isi,SCA3_entry,0.7978563373093712,32,32,1.0,30,0.9375,1.0,0.7506175949136178,0.5333333333333334,0.8537481387569632,0.7705939495263803
core_secure_pairs,combined,1.0,isi,WT_exit,0.1358293233470019,32,32,1.0,32,1.0,1.0,0.33267789211121956,0.06497448319654256,0.5119806128310755,0.33267789211121956
core_secure_pairs,combined,1.0,isi,balance,0.5,32,32,1.0,32,1.0,1.0,0.650801180702743,0.2583333333333332,0.7269678444356231,0.650801180702743
core_secure_pairs,kappa_only,0.0,active,SCA3_entry,0.6832817402871161,32,24,0.75,20,0.625,0.7083333333333334,0.19433883338068808,0.13290841516534527,0.2646664828792097,0.18770035606476032
core_secure_pairs,kappa_only,0.0,active,WT_exit,0.1483293470542087,32,24,0.75,22,0.6875,0.9444444444444444,0.057048494487553225,0.031476681164120855,0.07301793622079114,0.04684615389479932
core_secure_pairs,kappa_only,0.0,active,balance,0.5,32,24,0.75,22,0.6875,0.8333333333333333,0.17282188808335103,0.11734325909840128,0.22169404774264106,0.17190774178205598
core_secure_pairs,kappa_only,0.0,isi,SCA3_entry,0.7978563373093712,32,24,0.75,10,0.3125,0.2708333333333333,0.2696355845375651,0.2058418914703591,0.35225519305375613,0.2500437054502027
core_secure_pairs,kappa_only,0.0,isi,WT_exit,0.1358293233470019,32,24,0.75,22,0.6875,0.9305555555555556,0.03253479441071045,0.0005735723679330494,0.06583939617550068,0.03253479441071045
core_secure_pairs,kappa_only,0.0,isi,balance,0.5,32,24,0.75,20,0.625,0.75,0.1878794112891919,0.1576738758539842,0.24359324784465086,0.1743803444853428
core_secure_pairs,kappa_only,0.0333333333333333,active,SCA3_entry,0.6832817402871161,32,24,0.75,22,0.6875,0.8333333333333333,0.2609885716052134,0.1976036502891057,0.32636947697635144,0.2545932518934316
core_secure_pairs,kappa_only,0.0333333333333333,active,WT_exit,0.1483293470542087,32,25,0.78125,23,0.71875,1.0,0.07734126721520371,0.0682302637528481,0.10371550972047605,0.07650808677637654
core_secure_pairs,kappa_only,0.0333333333333333,active,balance,0.5,32,24,0.75,22,0.6875,0.9166666666666667,0.21446983185601792,0.1653487028974766,0.24201629697986882,0.21446983185601792
core_secure_pairs,kappa_only,0.0333333333333333,isi,SCA3_entry,0.7978563373093712,32,24,0.75,15,0.46875,0.39583333333333337,0.3143251327963513,0.24936276161013282,0.37926403749611615,0.30183832236854863
core_secure_pairs,kappa_only,0.0333333333333333,isi,WT_exit,0.1358293233470019,32,28,0.875,26,0.8125,1.0,0.07922711697715659,0.030766259922205542,0.1346434714297173,0.07396257733287402
core_secure_pairs,kappa_only,0.0333333333333333,isi,balance,0.5,32,24,0.75,21,0.65625,0.75,0.23374171975627386,0.2009182617064812,0.2757140824942092,0.2282967233591117
core_secure_pairs,kappa_only,0.0666666666666666,active,SCA3_entry,0.6832817402871161,32,25,0.78125,22,0.6875,0.8333333333333333,0.2755465394419471,0.22603027527587316,0.33199338458396027,0.27543885939264157
core_secure_pairs,kappa_only,0.0666666666666666,active,WT_exit,0.1483293470542087,32,30,0.9375,27,0.84375,1.0,0.12245585576152099,0.08349045801052811,0.16720535246021617,0.1199186883187884
core_secure_pairs,kappa_only,0.0666666666666666,active,balance,0.5,32,25,0.78125,23,0.71875,0.9166666666666667,0.2467519044574355,0.2115769765640783,0.2842152814489883,0.24268204646788538
core_secure_pairs,kappa_only,0.0666666666666666,isi,SCA3_entry,0.7978563373093712,32,24,0.75,16,0.5,0.5,0.3551648196889484,0.2694600818599389,0.4073903417735779,0.36873786307072476
core_secure_pairs,kappa_only,0.0666666666666666,isi,WT_exit,0.1358293233470019,32,32,1.0,29,0.90625,1.0,0.12217041527078196,0.061652769594794654,0.2961899045187725,0.11862791892030719
core_secure_pairs,kappa_only,0.0666666666666666,isi,balance,0.5,32,25,0.78125,22,0.6875,0.8055555555555555,0.27324685738927895,0.22188378199214578,0.30321952404034375,0.2660247292370298
core_secure_pairs,kappa_only,0.1,active,SCA3_entry,0.6832817402871161,32,27,0.84375,24,0.75,0.8819444444444444,0.3017230462178494,0.2640705522052834,0.37856534785280127,0.29790674324222954
core_secure_pairs,kappa_only,0.1,active,WT_exit,0.1483293470542087,32,32,1.0,29,0.90625,1.0,0.1676246404436681,0.11361275838427222,0.25779566099975515,0.16272027652103077
core_secure_pairs,kappa_only,0.1,active,balance,0.5,32,29,0.90625,26,0.8125,0.9166666666666667,0.26912816944661055,0.21922517086273632,0.3300429223742007,0.26866513177782003
core_secure_pairs,kappa_only,0.1,isi,SCA3_entry,0.7978563373093712,32,24,0.75,18,0.5625,0.5625,0.40577910678774287,0.3467963829455759,0.4607929296184837,0.41640350617284194
core_secure_pairs,kappa_only,0.1,isi,WT_exit,0.1358293233470019,32,32,1.0,28,0.875,1.0,0.1617588424557996,0.11482239902973607,0.337380302989015,0.14923637606990975
core_secure_pairs,kappa_only,0.1,isi,balance,0.5,32,27,0.84375,24,0.75,0.8611111111111112,0.31951612890689907,0.2613596617116203,0.35578004682379366,0.2883068344254102
core_secure_pairs,kappa_only,0.1333333333333333,active,SCA3_entry,0.6832817402871161,32,28,0.875,25,0.78125,0.8819444444444444,0.33135877169731254,0.29672486689622307,0.40040168482346383,0.33051184752460205
core_secure_pairs,kappa_only,0.1333333333333333,active,WT_exit,0.1483293470542087,32,32,1.0,30,0.9375,1.0,0.19799350487397047,0.12242063440064258,0.26453136820427503,0.1886136096312202
core_secure_pairs,kappa_only,0.1333333333333333,active,balance,0.5,32,28,0.875,25,0.78125,0.9166666666666667,0.29133613183293,0.24787655678646225,0.35720677706528914,0.29035508131236354
core_secure_pairs,kappa_only,0.1333333333333333,isi,SCA3_entry,0.7978563373093712,32,26,0.8125,19,0.59375,0.5972222222222223,0.42591825926840193,0.3618931490374003,0.494484655925215,0.43631512145715207
core_secure_pairs,kappa_only,0.1333333333333333,isi,WT_exit,0.1358293233470019,32,32,1.0,29,0.90625,1.0,0.1892670922647658,0.1282971154676696,0.307562699552923,0.1879893064702879
core_secure_pairs,kappa_only,0.1333333333333333,isi,balance,0.5,32,27,0.84375,24,0.75,0.8680555555555555,0.32872759321414796,0.27245560410157316,0.3740502524500944,0.32692058360745496
core_secure_pairs,kappa_only,0.1666666666666666,active,SCA3_entry,0.6832817402871161,32,28,0.875,24,0.75,0.8611111111111109,0.3552287013046438,0.3152530108049038,0.45105968322916634,0.3552287013046438
core_secure_pairs,kappa_only,0.1666666666666666,active,WT_exit,0.1483293470542087,32,32,1.0,30,0.9375,1.0,0.2230424581705482,0.14583874417493708,0.2644866864249674,0.21785906071247219
core_secure_pairs,kappa_only,0.1666666666666666,active,balance,0.5,32,29,0.90625,25,0.78125,0.9166666666666667,0.3194876950194359,0.2675329033264699,0.38388981619426527,0.3194876950194359
core_secure_pairs,kappa_only,0.1666666666666666,isi,SCA3_entry,0.7978563373093712,32,25,0.78125,20,0.625,0.5972222222222223,0.46388806666497895,0.3879273337371615,0.5327125176015667,0.4796632762041438
core_secure_pairs,kappa_only,0.1666666666666666,isi,WT_exit,0.1358293233470019,32,32,1.0,29,0.90625,1.0,0.22453837155126866,0.14435666395153482,0.3445473342675297,0.2199575590316659
core_secure_pairs,kappa_only,0.1666666666666666,isi,balance,0.5,32,27,0.84375,24,0.75,0.8333333333333334,0.3594329142286058,0.3066673573707465,0.41668412245093234,0.359092402174621
core_secure_pairs,kappa_only,0.2,active,SCA3_entry,0.6832817402871161,32,29,0.90625,24,0.75,0.8888888888888888,0.3938244489218926,0.3224152483059001,0.47224062911327064,0.3960963854057495
core_secure_pairs,kappa_only,0.2,active,WT_exit,0.1483293470542087,32,32,1.0,30,0.9375,1.0,0.24654825338066164,0.1702861515207894,0.29829207510240396,0.239872224912352
core_secure_pairs,kappa_only,0.2,active,balance,0.5,32,31,0.96875,27,0.84375,0.9305555555555556,0.3584419600488176,0.2797394503739835,0.44409677262870306,0.3584419600488176
core_secure_pairs,kappa_only,0.2,isi,SCA3_entry,0.7978563373093712,32,24,0.75,20,0.625,0.5833333333333333,0.4872505303440907,0.4121882938097513,0.558207668419507,0.4872505303440907
core_secure_pairs,kappa_only,0.2,isi,WT_exit,0.1358293233470019,32,32,1.0,30,0.9375,1.0,0.25209275938518594,0.17836282767436967,0.3290501972796501,0.24896533827075346
core_secure_pairs,kappa_only,0.2,isi,balance,0.5,32,31,0.96875,27,0.84375,0.9166666666666667,0.40147505771977976,0.33506970346203674,0.4809089885816275,0.3882315751046491
core_secure_pairs,kappa_only,0.2333333333333333,active,SCA3_entry,0.6832817402871161,32,29,0.90625,25,0.78125,0.8611111111111109,0.41704389135718084,0.34244101127529064,0.5035162398940928,0.41704389135718084
core_secure_pairs,kappa_only,0.2333333333333333,active,WT_exit,0.1483293470542087,32,32,1.0,31,0.96875,1.0,0.2761271655097137,0.18622219404761012,0.3291960210731789,0.2750369878554016
core_secure_pairs,kappa_only,0.2333333333333333,active,balance,0.5,32,31,0.96875,27,0.84375,0.9722222222222222,0.39233893846784257,0.2994340468308797,0.47351331103998434,0.39233893846784257
core_secure_pairs,kappa_only,0.2333333333333333,isi,SCA3_entry,0.7978563373093712,32,24,0.75,19,0.59375,0.6388888888888888,0.49888951582186597,0.43247164009007116,0.5795821373577146,0.5005112351850095
core_secure_pairs,kappa_only,0.2333333333333333,isi,WT_exit,0.1358293233470019,32,32,1.0,30,0.9375,1.0,0.2808201374574142,0.19549742730676153,0.348208224916122,0.2779257161503912
core_secure_pairs,kappa_only,0.2333333333333333,isi,balance,0.5,32,31,0.96875,27,0.84375,0.9305555555555556,0.41503053113776783,0.36776033781129747,0.5355449197688779,0.39925944527387436
core_secure_pairs,kappa_only,0.2666666666666666,active,SCA3_entry,0.6832817402871161,32,31,0.96875,27,0.84375,0.9166666666666667,0.45295135814593057,0.3528537977412193,0.553416559070519,0.45295135814593057
core_secure_pairs,kappa_only,0.2666666666666666,active,WT_exit,0.1483293470542087,32,32,1.0,31,0.96875,1.0,0.2676297192794639,0.20796811278232136,0.3432784487409938,0.27030611609963523
core_secure_pairs,kappa_only,0.2666666666666666,active,balance,0.5,32,31,0.96875,28,0.875,1.0,0.41741814481131373,0.318109279535667,0.4995438094856545,0.4168848953691508
core_secure_pairs,kappa_only,0.2666666666666666,isi,SCA3_entry,0.7978563373093712,32,24,0.75,18,0.5625,0.6180555555555556,0.5249322796485406,0.4618529241475313,0.6056531235619935,0.5373530475378208
core_secure_pairs,kappa_only,0.2666666666666666,isi,WT_exit,0.1358293233470019,32,32,1.0,31,0.96875,1.0,0.30853782345577374,0.21997346281011876,0.36865452171127877,0.30788267423348564
core_secure_pairs,kappa_only,0.2666666666666666,isi,balance,0.5,32,30,0.9375,27,0.84375,0.9166666666666667,0.4182258922965414,0.3726844838461343,0.5022683570135905,0.4164031472118292
core_secure_pairs,kappa_only,0.3,active,SCA3_entry,0.6832817402871161,32,30,0.9375,27,0.84375,0.9305555555555556,0.4682020906261477,0.348851097744935,0.5461265984390467,0.4554161585799163
core_secure_pairs,kappa_only,0.3,active,WT_exit,0.1483293470542087,32,32,1.0,31,0.96875,1.0,0.27292957353088654,0.21633198695647843,0.3708322236316561,0.27790261180386205
core_secure_pairs,kappa_only,0.3,active,balance,0.5,32,30,0.9375,27,0.84375,0.9722222222222222,0.4365860597497627,0.33031320151793625,0.5111279407719602,0.43242608462087406
core_secure_pairs,kappa_only,0.3,isi,SCA3_entry,0.7978563373093712,32,24,0.75,17,0.53125,0.5277777777777778,0.5425704931485325,0.4996802165547023,0.6231555696596549,0.5531150039249462
core_secure_pairs,kappa_only,0.3,isi,WT_exit,0.1358293233470019,32,32,1.0,31,0.96875,0.9722222222222222,0.3322680859171132,0.22002758756341187,0.3897416255489847,0.3296944297979402
core_secure_pairs,kappa_only,0.3,isi,balance,0.5,32,30,0.9375,27,0.84375,0.9166666666666667,0.45811669481270584,0.405888678434662,0.5585437332224159,0.4489596797983818
core_secure_pairs,kappa_only,0.3333333333333333,active,SCA3_entry,0.6832817402871161,32,30,0.9375,27,0.84375,0.9722222222222222,0.49051921820362687,0.37461101455902035,0.5717519008387781,0.4856216945852379
core_secure_pairs,kappa_only,0.3333333333333333,active,WT_exit,0.1483293470542087,32,32,1.0,31,0.96875,1.0,0.2796539884398086,0.22696663047531745,0.3950879591447631,0.2830287092609542
core_secure_pairs,kappa_only,0.3333333333333333,active,balance,0.5,32,30,0.9375,27,0.84375,0.9722222222222222,0.4531462334493761,0.35334174810301466,0.5149369368211115,0.4395783965187509
core_secure_pairs,kappa_only,0.3333333333333333,isi,SCA3_entry,0.7978563373093712,32,28,0.875,19,0.59375,0.6805555555555556,0.5943215783005797,0.5284014243775166,0.6596826667073408,0.60565724593745
core_secure_pairs,kappa_only,0.3333333333333333,isi,WT_exit,0.1358293233470019,32,32,1.0,31,0.96875,1.0,0.3523506078902049,0.254413586338551,0.4065376529653184,0.344460655840874
core_secure_pairs,kappa_only,0.3333333333333333,isi,balance,0.5,32,31,0.96875,28,0.875,0.9583333333333334,0.5,0.44805846849588915,0.6057943131423319,0.48161660050082167
core_secure_pairs,kappa_only,0.3666666666666666,active,SCA3_entry,0.6832817402871161,32,30,0.9375,27,0.84375,0.9722222222222222,0.5078863234470516,0.4000775997808512,0.5972725368324068,0.5011016961267231
core_secure_pairs,kappa_only,0.3666666666666666,active,WT_exit,0.1483293470542087,32,32,1.0,32,1.0,1.0,0.31723458186598796,0.2394129966098454,0.4340188023669742,0.31723458186598796
core_secure_pairs,kappa_only,0.3666666666666666,active,balance,0.5,32,30,0.9375,27,0.84375,0.9722222222222222,0.4465212940725849,0.3215494206590783,0.5304477954677881,0.4668548964745518
core_secure_pairs,kappa_only,0.3666666666666666,isi,SCA3_entry,0.7978563373093712,32,28,0.875,20,0.625,0.7361111111111112,0.6219149548692287,0.5537529040536717,0.6842473546437022,0.5920705677911183
core_secure_pairs,kappa_only,0.3666666666666666,isi,WT_exit,0.1358293233470019,32,32,1.0,32,1.0,1.0,0.3773647437220842,0.2533922311233936,0.4215189760557415,0.3773647437220842
core_secure_pairs,kappa_only,0.3666666666666666,isi,balance,0.5,32,32,1.0,29,0.90625,0.9583333333333334,0.5165519908366079,0.454146290860742,0.6295032167425672,0.5028458523884893
core_secure_pairs,kappa_only,0.4,active,SCA3_entry,0.6832817402871161,32,30,0.9375,27,0.84375,0.9722222222222222,0.5357679766028703,0.433142185509441,0.6219411888976468,0.5305563297988757
core_secure_pairs,kappa_only,0.4,active,WT_exit,0.1483293470542087,32,32,1.0,32,1.0,1.0,0.3435794996790349,0.20446353576202628,0.45621328289039315,0.3435794996790349
core_secure_pairs,kappa_only,0.4,active,balance,0.5,32,30,0.9375,28,0.875,0.9722222222222222,0.4958184909599074,0.36907927213111313,0.5670462473063048,0.4958184909599074
core_secure_pairs,kappa_only,0.4,isi,SCA3_entry,0.7978563373093712,32,28,0.875,21,0.65625,0.8958333333333334,0.6189622370022274,0.574300208940307,0.7086175304591261,0.6088536146115212
core_secure_pairs,kappa_only,0.4,isi,WT_exit,0.1358293233470019,32,32,1.0,32,1.0,1.0,0.3913196081815848,0.27309106643044484,0.43485921092602037,0.3913196081815848
core_secure_pairs,kappa_only,0.4,isi,balance,0.5,32,32,1.0,29,0.90625,0.9583333333333334,0.5300555019529114,0.4464393536450861,0.6365467396420605,0.5277622174420922
core_secure_pairs,kappa_only,0.4333333333333333,active,SCA3_entry,0.6832817402871161,32,30,0.9375,27,0.84375,0.9722222222222222,0.5613385220543191,0.4404074590673722,0.6455848248092327,0.5596957487442522
core_secure_pairs,kappa_only,0.4333333333333333,active,WT_exit,0.1483293470542087,32,32,1.0,32,1.0,1.0,0.3662300545162859,0.2168633261347222,0.4757386880700222,0.3662300545162859
core_secure_pairs,kappa_only,0.4333333333333333,active,balance,0.5,32,31,0.96875,29,0.90625,0.9722222222222222,0.5261559057130878,0.3589279350731283,0.6010629876296452,0.5261559057130878
core_secure_pairs,kappa_only,0.4333333333333333,isi,SCA3_entry,0.7978563373093712,32,28,0.875,21,0.65625,0.8472222222222222,0.6412757607311574,0.5874708134340604,0.7294719197113153,0.6314358153815446
core_secure_pairs,kappa_only,0.4333333333333333,isi,WT_exit,0.1358293233470019,32,32,1.0,32,1.0,1.0,0.3874678748120741,0.2856857087337178,0.4572138848203616,0.3874678748120741
core_secure_pairs,kappa_only,0.4333333333333333,isi,balance,0.5,32,32,1.0,29,0.90625,0.9583333333333334,0.5491067545156305,0.45213917666361814,0.6293179483131341,0.5474514630400896
core_secure_pairs,kappa_only,0.4666666666666667,active,SCA3_entry,0.6832817402871161,32,30,0.9375,28,0.875,0.9722222222222222,0.5817036978841036,0.4333552402609244,0.6690161589372438,0.5817036978841036
core_secure_pairs,kappa_only,0.4666666666666667,active,WT_exit,0.1483293470542087,32,32,1.0,32,1.0,1.0,0.3815967502411801,0.21626442071967628,0.4851180107549083,0.3815967502411801
core_secure_pairs,kappa_only,0.4666666666666667,active,balance,0.5,32,31,0.96875,30,0.9375,1.0,0.4710965024351246,0.3369498296366351,0.605319938862185,0.5040072720279041
core_secure_pairs,kappa_only,0.4666666666666667,isi,SCA3_entry,0.7978563373093712,32,28,0.875,21,0.65625,0.8958333333333334,0.6728405210952122,0.6027212994827201,0.7457549649670275,0.6503540802150463
core_secure_pairs,kappa_only,0.4666666666666667,isi,WT_exit,0.1358293233470019,32,32,1.0,32,1.0,1.0,0.41440390551173295,0.30354532853496763,0.4796176960237981,0.41440390551173295
core_secure_pairs,kappa_only,0.4666666666666667,isi,balance,0.5,32,32,1.0,29,0.90625,0.9583333333333334,0.5784187537387242,0.5075028300679543,0.6541469528893903,0.5736264863666067
core_secure_pairs,kappa_only,0.5,active,SCA3_entry,0.6832817402871161,32,30,0.9375,27,0.84375,0.9722222222222222,0.6034085907108413,0.4519499155083866,0.6903011506065635,0.6229824195867513
core_secure_pairs,kappa_only,0.5,active,WT_exit,0.1483293470542087,32,32,1.0,32,1.0,1.0,0.40450757631656237,0.13558307386880242,0.5087689797500109,0.40450757631656237
core_secure_pairs,kappa_only,0.5,active,balance,0.5,32,32,1.0,31,0.96875,1.0,0.5464592641204714,0.36251146079623997,0.6415616175970074,0.5674805718713186
core_secure_pairs,kappa_only,0.5,isi,SCA3_entry,0.7978563373093712,32,28,0.875,22,0.6875,0.9583333333333334,0.6922904898630975,0.6206549532990242,0.748859198129977,0.6789087959958819
core_secure_pairs,kappa_only,0.5,isi,WT_exit,0.1358293233470019,32,32,1.0,32,1.0,1.0,0.4167519595390301,0.3182600882207036,0.4944235208163597,0.4167519595390301
core_secure_pairs,kappa_only,0.5,isi,balance,0.5,32,32,1.0,30,0.9375,1.0,0.6020849829704866,0.5303437075035328,0.6713312685253481,0.598887570287024
core_secure_pairs,kappa_only,0.5333333333333333,active,SCA3_entry,0.6832817402871161,32,30,0.9375,28,0.875,1.0,0.5735153576364745,0.4564227744693662,0.6938425400906484,0.6151274169300951
core_secure_pairs,kappa_only,0.5333333333333333,active,WT_exit,0.1483293470542087,32,32,1.0,32,1.0,1.0,0.4151794062885023,0.13355976954788085,0.5306363951077374,0.4151794062885023
core_secure_pairs,kappa_only,0.5333333333333333,active,balance,0.5,32,32,1.0,31,0.96875,1.0,0.5601960451165624,0.3708570559358874,0.6596833859664191,0.6058149216051214
core_secure_pairs,kappa_only,0.5333333333333333,isi,SCA3_entry,0.7978563373093712,32,28,0.875,22,0.6875,0.8541666666666667,0.7001859696118783,0.65424267790678,0.7636153460996699,0.7001859696118783
core_secure_pairs,kappa_only,0.5333333333333333,isi,WT_exit,0.1358293233470019,32,32,1.0,32,1.0,1.0,0.4212269809691862,0.3322610896797642,0.4996087295468577,0.4212269809691862
core_secure_pairs,kappa_only,0.5333333333333333,isi,balance,0.5,32,32,1.0,30,0.9375,1.0,0.6163358411094106,0.5450027496742392,0.6669521528282769,0.6131873610988562
core_secure_pairs,kappa_only,0.5666666666666667,active,SCA3_entry,0.6832817402871161,32,30,0.9375,28,0.875,1.0,0.6369882403728526,0.47070750182526544,0.7148029416420432,0.6369882403728526
core_secure_pairs,kappa_only,0.5666666666666667,active,WT_exit,0.1483293470542087,32,32,1.0,32,1.0,1.0,0.4265448394732434,0.22829329166772885,0.5467468923569845,0.4265448394732434
core_secure_pairs,kappa_only,0.5666666666666667,active,balance,0.5,32,32,1.0,31,0.96875,1.0,0.5803598910928851,0.40927487917013533,0.6578454707780294,0.6114657497145017
core_secure_pairs,kappa_only,0.5666666666666667,isi,SCA3_entry,0.7978563373093712,32,29,0.90625,23,0.71875,0.9166666666666667,0.7190147707101248,0.6847170863819632,0.7888023966781271,0.6989224677427318
core_secure_pairs,kappa_only,0.5666666666666667,isi,WT_exit,0.1358293233470019,32,32,1.0,32,1.0,1.0,0.4027424556315653,0.3347826561836063,0.5027823542796775,0.4027424556315653
core_secure_pairs,kappa_only,0.5666666666666667,isi,balance,0.5,32,32,1.0,31,0.96875,1.0,0.6230956373808886,0.5358059654902705,0.6710750639239919,0.6310559754930171
core_secure_pairs,kappa_only,0.6,active,SCA3_entry,0.6832817402871161,32,31,0.96875,29,0.90625,1.0,0.6508920794143304,0.4999254571032323,0.7326876137355383,0.6508920794143304
core_secure_pairs,kappa_only,0.6,active,WT_exit,0.1483293470542087,32,32,1.0,32,1.0,1.0,0.4366875774076737,0.23025563248462214,0.5490016086886156,0.4366875774076737
core_secure_pairs,kappa_only,0.6,active,balance,0.5,32,32,1.0,31,0.96875,1.0,0.6403899723810633,0.4239946877148375,0.6836013758819018,0.6383050501279347
core_secure_pairs,kappa_only,0.6,isi,SCA3_entry,0.7978563373093712,32,29,0.90625,24,0.75,0.8958333333333334,0.7357181809672557,0.6756257648253038,0.8045220162461749,0.7235423599726203
core_secure_pairs,kappa_only,0.6,isi,WT_exit,0.1358293233470019,32,32,1.0,32,1.0,1.0,0.41521328750444136,0.35110108951801566,0.5090660772231466,0.41521328750444136
core_secure_pairs,kappa_only,0.6,isi,balance,0.5,32,32,1.0,31,0.96875,1.0,0.6314585985901788,0.5432139902443465,0.6795045471158335,0.6325198694468939
core_secure_pairs,kappa_only,0.6333333333333333,active,SCA3_entry,0.6832817402871161,32,31,0.96875,29,0.90625,1.0,0.6675943538785598,0.5247558201116802,0.745700391303735,0.6656417966089132
core_secure_pairs,kappa_only,0.6333333333333333,active,WT_exit,0.1483293470542087,32,32,1.0,32,1.0,1.0,0.44696553546710704,0.2334871874684481,0.5581879139611038,0.44696553546710704
core_secure_pairs,kappa_only,0.6333333333333333,active,balance,0.5,32,32,1.0,31,0.96875,1.0,0.6210841561717719,0.40476396002642123,0.6967485192822618,0.6416707693207335
core_secure_pairs,kappa_only,0.6333333333333333,isi,SCA3_entry,0.7978563373093712,32,30,0.9375,25,0.78125,0.9166666666666667,0.757218264446719,0.6646308574075284,0.8161893534409941,0.7453132452845939
core_secure_pairs,kappa_only,0.6333333333333333,isi,WT_exit,0.1358293233470019,32,32,1.0,32,1.0,1.0,0.42883052187351434,0.35327163537990963,0.5111598317795107,0.42883052187351434
core_secure_pairs,kappa_only,0.6333333333333333,isi,balance,0.5,32,32,1.0,31,0.96875,1.0,0.6421777587695809,0.5535491993590673,0.6943368356798556,0.6397667642339766
core_secure_pairs,kappa_only,0.6666666666666666,active,SCA3_entry,0.6832817402871161,32,32,1.0,30,0.9375,1.0,0.6821109371924676,0.5273710387155438,0.7614520134967023,0.7058121240381764
core_secure_pairs,kappa_only,0.6666666666666666,active,WT_exit,0.1483293470542087,32,32,1.0,32,1.0,1.0,0.46274746462221183,0.23290010538501307,0.5738518696107167,0.46274746462221183
core_secure_pairs,kappa_only,0.6666666666666666,active,balance,0.5,32,32,1.0,31,0.96875,1.0,0.6363755555730473,0.4030119487581786,0.7030979374081991,0.6560684883187938
core_secure_pairs,kappa_only,0.6666666666666666,isi,SCA3_entry,0.7978563373093712,32,30,0.9375,26,0.8125,0.9166666666666667,0.7644119972552577,0.6832794291401036,0.8260506509855424,0.7644119972552577
core_secure_pairs,kappa_only,0.6666666666666666,isi,WT_exit,0.1358293233470019,32,32,1.0,32,1.0,1.0,0.44222873222761294,0.3643488111719976,0.5173988838575444,0.44222873222761294
core_secure_pairs,kappa_only,0.6666666666666666,isi,balance,0.5,32,32,1.0,32,1.0,1.0,0.6506506409987339,0.5762033738166836,0.7041960113244807,0.6506506409987339
core_secure_pairs,kappa_only,0.7,active,SCA3_entry,0.6832817402871161,32,32,1.0,30,0.9375,1.0,0.7159185111165227,0.528164098268211,0.7740480374136991,0.723571378505456
core_secure_pairs,kappa_only,0.7,active,WT_exit,0.1483293470542087,32,32,1.0,32,1.0,1.0,0.4752457315140861,0.23579435456484654,0.5883965354135081,0.4752457315140861
core_secure_pairs,kappa_only,0.7,active,balance,0.5,32,32,1.0,32,1.0,1.0,0.6672924917545787,0.4423342297327208,0.7214554658711654,0.6672924917545787
core_secure_pairs,kappa_only,0.7,isi,SCA3_entry,0.7978563373093712,32,31,0.96875,26,0.8125,1.0,0.7806039366499125,0.6914565141856683,0.836017944239355,0.7833828975661252
core_secure_pairs,kappa_only,0.7,isi,WT_exit,0.1358293233470019,32,32,1.0,32,1.0,1.0,0.45996572864449814,0.3633699934046284,0.5240913284837233,0.45996572864449814
core_secure_pairs,kappa_only,0.7,isi,balance,0.5,32,32,1.0,32,1.0,1.0,0.6648177143581692,0.5728193644678038,0.7047441925637505,0.6648177143581692
core_secure_pairs,kappa_only,0.7333333333333333,active,SCA3_entry,0.6832817402871161,32,32,1.0,30,0.9375,1.0,0.7322766338472979,0.5502305521897426,0.7985455219656629,0.7322766338472979
core_secure_pairs,kappa_only,0.7333333333333333,active,WT_exit,0.1483293470542087,32,32,1.0,32,1.0,1.0,0.4959880650324485,0.26860243898028413,0.5970248048128858,0.4959880650324485
core_secure_pairs,kappa_only,0.7333333333333333,active,balance,0.5,32,32,1.0,32,1.0,1.0,0.6858562389912142,0.5181062140058461,0.7322653077066391,0.6858562389912142
core_secure_pairs,kappa_only,0.7333333333333333,isi,SCA3_entry,0.7978563373093712,32,31,0.96875,27,0.84375,1.0,0.8011345624086021,0.742464358562291,0.8453475458902098,0.8011345624086021
core_secure_pairs,kappa_only,0.7333333333333333,isi,WT_exit,0.1358293233470019,32,32,1.0,32,1.0,1.0,0.4775142521948723,0.35920850414922323,0.5333923521453016,0.4775142521948723
core_secure_pairs,kappa_only,0.7333333333333333,isi,balance,0.5,32,32,1.0,32,1.0,1.0,0.6782828644075372,0.5943882694186603,0.7155911372639703,0.6782828644075372
core_secure_pairs,kappa_only,0.7666666666666666,active,SCA3_entry,0.6832817402871161,32,32,1.0,31,0.96875,1.0,0.741315665144678,0.47835385959176524,0.8048679211082146,0.7500078408759636
core_secure_pairs,kappa_only,0.7666666666666666,active,WT_exit,0.1483293470542087,32,32,1.0,32,1.0,1.0,0.5122894491414856,0.18853458729383066,0.5912015071987239,0.5122894491414856
core_secure_pairs,kappa_only,0.7666666666666666,active,balance,0.5,32,32,1.0,32,1.0,1.0,0.6912938378901055,0.5414623614349638,0.7493031144984041,0.6912938378901055
core_secure_pairs,kappa_only,0.7666666666666666,isi,SCA3_entry,0.7978563373093712,32,32,1.0,27,0.84375,1.0,0.815182053623416,0.7485725336003235,0.863035854968601,0.8107196429227792
core_secure_pairs,kappa_only,0.7666666666666666,isi,WT_exit,0.1358293233470019,32,32,1.0,32,1.0,1.0,0.48236718028298053,0.365477733974623,0.5381892281148741,0.48236718028298053
core_secure_pairs,kappa_only,0.7666666666666666,isi,balance,0.5,32,32,1.0,32,1.0,1.0,0.687077731585413,0.6186417335707535,0.726415535996547,0.687077731585413
core_secure_pairs,kappa_only,0.8,active,SCA3_entry,0.6832817402871161,32,32,1.0,31,0.96875,1.0,0.7542597396316244,0.4994625941836547,0.8184243181114135,0.7556296451869993
core_secure_pairs,kappa_only,0.8,active,WT_exit,0.1483293470542087,32,32,1.0,32,1.0,1.0,0.5404694248962574,0.2831897151524523,0.5914137862162707,0.5404694248962574
core_secure_pairs,kappa_only,0.8,active,balance,0.5,32,32,1.0,32,1.0,1.0,0.7069425412496028,0.5661611684854895,0.7654557403866097,0.7069425412496028
core_secure_pairs,kappa_only,0.8,isi,SCA3_entry,0.7978563373093712,32,32,1.0,27,0.84375,1.0,0.8220208820327238,0.6979212114125992,0.8716560686770068,0.8250028947255351
core_secure_pairs,kappa_only,0.8,isi,WT_exit,0.1358293233470019,32,32,1.0,32,1.0,1.0,0.4936121392320485,0.3469619051966373,0.5470819569021901,0.4936121392320485
core_secure_pairs,kappa_only,0.8,isi,balance,0.5,32,32,1.0,32,1.0,1.0,0.6994644307905398,0.6331486227047617,0.7417838195103046,0.6994644307905398
core_secure_pairs,kappa_only,0.8333333333333334,active,SCA3_entry,0.6832817402871161,32,32,1.0,31,0.96875,1.0,0.7825012519805448,0.5309820305477887,0.8313328992453412,0.7840748549048138
core_secure_pairs,kappa_only,0.8333333333333334,active,WT_exit,0.1483293470542087,32,32,1.0,32,1.0,1.0,0.5597818676468072,0.24765937437025615,0.5984032691769009,0.5597818676468072
core_secure_pairs,kappa_only,0.8333333333333334,active,balance,0.5,32,32,1.0,32,1.0,1.0,0.7233653437238257,0.5906565213596856,0.7726629031517583,0.7233653437238257
core_secure_pairs,kappa_only,0.8333333333333334,isi,SCA3_entry,0.7978563373093712,32,32,1.0,28,0.875,1.0,0.8283081502948314,0.6932521289653475,0.8697434670490164,0.8349889662188663
core_secure_pairs,kappa_only,0.8333333333333334,isi,WT_exit,0.1358293233470019,32,32,1.0,32,1.0,1.0,0.4967586110884461,0.34258878768385104,0.5460923072959456,0.4967586110884461
core_secure_pairs,kappa_only,0.8333333333333334,isi,balance,0.5,32,32,1.0,32,1.0,1.0,0.7039014744477252,0.6239400242541043,0.7427034807172808,0.7039014744477252
core_secure_pairs,kappa_only,0.8666666666666667,active,SCA3_entry,0.6832817402871161,32,32,1.0,31,0.96875,1.0,0.8118818435846624,0.5297271551959333,0.8451247355077319,0.8120211829181948
core_secure_pairs,kappa_only,0.8666666666666667,active,WT_exit,0.1483293470542087,32,32,1.0,32,1.0,1.0,0.5710480223607362,0.27573248634413833,0.6234145049114568,0.5710480223607362
core_secure_pairs,kappa_only,0.8666666666666667,active,balance,0.5,32,32,1.0,32,1.0,1.0,0.7402997830672712,0.586722769570198,0.7752748830199006,0.7402997830672712
core_secure_pairs,kappa_only,0.8666666666666667,isi,SCA3_entry,0.7978563373093712,32,32,1.0,28,0.875,1.0,0.8351736959480291,0.625,0.8790732581964084,0.8459927168870209
core_secure_pairs,kappa_only,0.8666666666666667,isi,WT_exit,0.1358293233470019,32,32,1.0,32,1.0,1.0,0.49248915668532156,0.3567309704629163,0.5612261559709051,0.49248915668532156
core_secure_pairs,kappa_only,0.8666666666666667,isi,balance,0.5,32,32,1.0,32,1.0,1.0,0.7126864942086683,0.6209020517541853,0.7477508468117939,0.7126864942086683
core_secure_pairs,kappa_only,0.9,active,SCA3_entry,0.6832817402871161,32,32,1.0,31,0.96875,1.0,0.8165930180280423,0.526067513994562,0.8596264983528996,0.8216462708536745
core_secure_pairs,kappa_only,0.9,active,WT_exit,0.1483293470542087,32,32,1.0,32,1.0,1.0,0.5686803813814353,0.3118428031110412,0.6384638590081365,0.5686803813814353
core_secure_pairs,kappa_only,0.9,active,balance,0.5,32,32,1.0,32,1.0,1.0,0.7528900779182669,0.5899798635531235,0.7920896580762914,0.7528900779182669
core_secure_pairs,kappa_only,0.9,isi,SCA3_entry,0.7978563373093712,32,32,1.0,28,0.875,1.0,0.8428306845220193,0.5842004544044243,0.8862349629296189,0.8572559021664936
core_secure_pairs,kappa_only,0.9,isi,WT_exit,0.1358293233470019,32,32,1.0,32,1.0,1.0,0.49027212552784116,0.37215391377756896,0.5782477602002144,0.49027212552784116
core_secure_pairs,kappa_only,0.9,isi,balance,0.5,32,32,1.0,32,1.0,1.0,0.714591091651444,0.6213631725845867,0.7625791656731743,0.714591091651444
core_secure_pairs,kappa_only,0.9333333333333332,active,SCA3_entry,0.6832817402871161,32,32,1.0,31,0.96875,1.0,0.8391372931807939,0.542644809772341,0.8685237254154261,0.8463866035958393
core_secure_pairs,kappa_only,0.9333333333333332,active,WT_exit,0.1483293470542087,32,32,1.0,32,1.0,1.0,0.5750817399589239,0.36337536724520564,0.647803417143713,0.5750817399589239
core_secure_pairs,kappa_only,0.9333333333333332,active,balance,0.5,32,32,1.0,32,1.0,1.0,0.7631844318627257,0.593411978240559,0.8031209050218565,0.7631844318627257
core_secure_pairs,kappa_only,0.9333333333333332,isi,SCA3_entry,0.7978563373093712,32,32,1.0,28,0.875,1.0,0.8511701031794192,0.6671945470651512,0.8894362576864328,0.8651255878670567
core_secure_pairs,kappa_only,0.9333333333333332,isi,WT_exit,0.1358293233470019,32,32,1.0,32,1.0,1.0,0.49696820183613033,0.36666666666666664,0.5800978724087059,0.49696820183613033
core_secure_pairs,kappa_only,0.9333333333333332,isi,balance,0.5,32,32,1.0,32,1.0,1.0,0.7229665655809796,0.6251819431791953,0.7748980590861316,0.7229665655809796
core_secure_pairs,kappa_only,0.9666666666666668,active,SCA3_entry,0.6832817402871161,32,32,1.0,31,0.96875,1.0,0.8559839487432085,0.5363963074142999,0.8831938416543866,0.8564318311545869
core_secure_pairs,kappa_only,0.9666666666666668,active,WT_exit,0.1483293470542087,32,32,1.0,32,1.0,1.0,0.5838792465010656,0.399916978924068,0.6554942888623116,0.5838792465010656
core_secure_pairs,kappa_only,0.9666666666666668,active,balance,0.5,32,32,1.0,32,1.0,1.0,0.7844193897855603,0.5979712014684042,0.8216944777142053,0.7844193897855603
core_secure_pairs,kappa_only,0.9666666666666668,isi,SCA3_entry,0.7978563373093712,32,32,1.0,28,0.875,1.0,0.8701807885661745,0.7130990445668439,0.8977432261641163,0.8769139036817758
core_secure_pairs,kappa_only,0.9666666666666668,isi,WT_exit,0.1358293233470019,32,32,1.0,32,1.0,1.0,0.49854172574169875,0.4077314598653383,0.5865983187641437,0.49854172574169875
core_secure_pairs,kappa_only,0.9666666666666668,isi,balance,0.5,32,32,1.0,32,1.0,1.0,0.7384917322645708,0.6320927351489157,0.788169207535135,0.7384917322645708
core_secure_pairs,kappa_only,1.0,active,SCA3_entry,0.6832817402871161,32,32,1.0,28,0.875,1.0,0.8472029591035879,0.48763082959961185,0.8864019951827793,0.8480771151560647
core_secure_pairs,kappa_only,1.0,active,WT_exit,0.1483293470542087,32,32,1.0,32,1.0,1.0,0.5661604874630413,0.426489686955336,0.6627839207896291,0.5661604874630413
core_secure_pairs,kappa_only,1.0,active,balance,0.5,32,32,1.0,32,1.0,1.0,0.7839040120929301,0.6084551063724722,0.8366027056833385,0.7839040120929301
core_secure_pairs,kappa_only,1.0,isi,SCA3_entry,0.7978563373093712,32,32,1.0,25,0.78125,1.0,0.8688184066827036,0.7931295822295569,0.9047994641373526,0.868546938828046
core_secure_pairs,kappa_only,1.0,isi,WT_exit,0.1358293233470019,32,32,1.0,32,1.0,1.0,0.5378098732640072,0.41037133438603746,0.6140842629873761,0.5378098732640072
core_secure_pairs,kappa_only,1.0,isi,balance,0.5,32,32,1.0,32,1.0,1.0,0.7421314654028064,0.676687232375799,0.7890439206515805,0.7421314654028064
