biological_pair_key,path_family,wt_cell_id,sca_cell_id,both_core_secure,n_support_scenarios,wt_exit_p_isi_weighted_median,wt_exit_p_isi_weighted_q25,wt_exit_p_isi_weighted_q75,wt_exit_p_isi_support_fraction,wt_exit_p_active_weighted_median,wt_exit_p_active_weighted_q25,wt_exit_p_active_weighted_q75,wt_exit_p_active_support_fraction,wt_exit_dual_consensus_p_weighted_median,wt_exit_dual_consensus_p_weighted_q25,wt_exit_dual_consensus_p_weighted_q75,wt_exit_dual_consensus_p_support_fraction,balance_p_isi_weighted_median,balance_p_isi_weighted_q25,balance_p_isi_weighted_q75,balance_p_isi_support_fraction,balance_p_active_weighted_median,balance_p_active_weighted_q25,balance_p_active_weighted_q75,balance_p_active_support_fraction,balance_dual_consensus_p_weighted_median,balance_dual_consensus_p_weighted_q25,balance_dual_consensus_p_weighted_q75,balance_dual_consensus_p_support_fraction,sca3_entry_p_isi_weighted_median,sca3_entry_p_isi_weighted_q25,sca3_entry_p_isi_weighted_q75,sca3_entry_p_isi_support_fraction,sca3_entry_p_active_weighted_median,sca3_entry_p_active_weighted_q25,sca3_entry_p_active_weighted_q75,sca3_entry_p_active_support_fraction,sca3_entry_dual_consensus_p_weighted_median,sca3_entry_dual_consensus_p_weighted_q25,sca3_entry_dual_consensus_p_weighted_q75,sca3_entry_dual_consensus_p_support_fraction,wt_exit_active_isi_gap_weighted_median,wt_exit_dual_agreement_weight,occupancy_at_wt_exit_isi_weighted_median,balance_active_isi_gap_weighted_median,balance_dual_agreement_weight,occupancy_at_balance_isi_weighted_median,sca3_entry_active_isi_gap_weighted_median,sca3_entry_dual_agreement_weight,occupancy_at_sca3_entry_isi_weighted_median
WT_03__TO__SCA3_01,coupled,WT_03,SCA3_01,True,8,0.005660930060696357,0.0,0.1186079198624186,1.0,0.21834942585008518,0.15197084115645665,0.3283984049006009,1.0,0.1684786728562519,0.1684786728562519,0.3177527446499816,0.25,0.4187767512737397,0.4006414426150113,0.590846389571292,1.0,0.4593857972374806,0.3968322121440766,0.6466598714287927,1.0,0.42474393110806125,0.4042306888412612,0.585859221133785,0.875,0.7586837301873209,0.610668097402768,0.837504996691511,1.0,0.630457250143762,0.5505918814004702,0.771816769024481,1.0,0.6917477765179938,0.5705011251715555,0.8097827822846952,0.875,0.14272122529365688,0.25,0.9950945305453378,0.028878664476997606,0.875,0.9850462952187758,0.057985424468065316,0.875,0.9899732777854106
WT_03__TO__SCA3_01,drive_early,WT_03,SCA3_01,True,8,0.0018668143749745482,0.0,0.05511722207668961,1.0,0.13371714795940565,0.05522246680305553,0.16030083323543332,1.0,0.027611233401527765,0.023676346120347535,0.09014938605762013,0.5,0.2849440860274783,0.14874352534486351,0.37541256574320103,1.0,0.2827633841791122,0.17129017168867852,0.41493684067633846,1.0,0.28385373510329526,0.160016848516771,0.38763453508072443,1.0,0.5546808146852285,0.39164582779097434,0.6569608351797741,1.0,0.33795932151814334,0.17690714219752945,0.5562908331965308,1.0,0.45503374395753315,0.3500794741044324,0.5698129953098742,0.625,0.08713552380357104,0.5,0.9954450133091727,0.022546646343815008,1.0,0.9925959274372159,0.0894054477959757,0.625,0.9747106936442076
WT_03__TO__SCA3_01,drive_late,WT_03,SCA3_01,True,8,0.3916511499159925,0.2846340476571011,0.5823498766398055,1.0,0.5724004455305243,0.30378072037977494,0.6135451440564339,1.0,0.4995866096163001,0.32585191727948865,0.6137706477815544,0.625,0.7445147886729129,0.6406008268658021,0.7868430287102366,1.0,0.7703499477943678,0.6286508623178001,0.8474565986388704,1.0,0.7687348056594459,0.6346258445918012,0.8173273319090324,1.0,0.892521192817127,0.7941729111313333,0.9240215972581908,1.0,0.8671216891967664,0.7174757837341623,0.8990256910853366,1.0,0.8844210064134579,0.8386138752021602,0.9141126837532365,0.875,0.05826873429329604,0.625,0.9927127524808902,0.031194257529479685,1.0,0.9879283620617414,0.024995906172854188,0.875,0.9860916152035365
WT_03__TO__SCA3_02,coupled,WT_03,SCA3_02,False,28,0.04142496524342754,0.0,0.812628689345786,1.0,0.16757925772667126,0.06206953270799785,0.8575351736470105,1.0,0.41468475468592464,0.026980503788210455,0.9550912607932432,0.75,0.3615624496713857,0.12961596195811245,0.6696420177721641,0.5,0.2562668926415958,0.07988221882921875,0.42567498673599447,0.5,0.3092969665333275,0.03031093168176844,0.42235246181443553,0.35714285714285715,0.04627747667941286,0.03958217420286766,0.2731732036585602,0.17857142857142858,0.14081748757167056,0.0374006130265495,0.30086722148282863,0.32142857142857145,0.0385385835904054,0.036404923953072446,0.0470489039288961,0.14285714285714285,0.055289466902100015,0.75,0.9950945305453378,0.022105331857426747,0.35714285714285715,0.9853742174857856,0.00696746583952422,0.14285714285714285,0.9805764702944435
WT_03__TO__SCA3_02,drive_early,WT_03,SCA3_02,False,28,0.017662880294194973,0.0,0.1568833599297854,1.0,0.27715505836864557,0.0577914706903883,0.48386207181542507,1.0,0.03765620952592704,0.020347296306765596,0.9830453399937211,0.6428571428571429,0.1742957770813202,0.07622684584142106,0.39221049741345587,0.5357142857142857,0.1908180040344582,0.07254002465979835,0.3327918109303284,0.5357142857142857,0.15501367464702692,0.06292605178713442,0.25571226503392486,0.4642857142857143,0.16926050390562847,0.06865750525085168,0.40754547501007654,0.25,0.19059247646485492,0.08036131953914241,0.3723213439720844,0.4642857142857143,0.06461554599546418,0.05823139349223064,0.09238266544152116,0.14285714285714285,0.05343101431914135,0.6428571428571429,0.9950945305453378,0.013430567047018963,0.4642857142857143,0.9858817481030636,0.027166307946972397,0.14285714285714285,0.5549105971715402
WT_03__TO__SCA3_02,drive_late,WT_03,SCA3_02,False,28,0.44855809386957807,5.269026808957087e-05,0.8873161388372202,1.0,0.5128556746703693,0.0450845413446484,0.898308473702284,1.0,0.5413368036489855,0.013515195664599836,0.881937358763748,0.6785714285714286,0.686509919215983,0.02337917256613133,0.7442855072688481,0.39285714285714285,0.06429892584461819,0.024487483075443506,0.6528107728460603,0.39285714285714285,0.5984959427332053,0.021255574473918938,0.721761022974847,0.2857142857142857,0.3292777653686346,0.033555530737269135,0.625,0.10714285714285714,0.054089654783528555,0.02750655182240597,0.07799186133833823,0.2857142857142857,0.03165713173288442,0.03165713173288442,0.03165713173288442,0.03571428571428571,0.043939015235269,0.6785714285714286,0.9930673937278632,0.029001473160208124,0.2857142857142857,0.9863762243291518,0.30064512309318175,0.03571428571428571,0.9791964213343265
WT_03__TO__SCA3_04,coupled,WT_03,SCA3_04,True,24,0.0014727631360095736,0.0,0.49393792536408093,1.0,0.1509382074191321,0.0493291131933358,0.5375566309588481,1.0,0.046363472417749206,0.018224163131893935,0.5487158366553128,0.7916666666666667,0.6501014070438412,0.22935936029064496,0.8102745766352892,1.0,0.6025810306668195,0.15067234613213126,0.8142105468233631,1.0,0.6309950465860577,0.23023361477322918,0.8057599582686613,0.9166666666666669,0.95,0.33653786216127013,0.9699599307765452,0.6250000000000002,0.5306044086504769,0.11571770760660051,0.8685721407244305,0.7500000000000001,0.6436892707411275,0.08201902456688234,0.9614464876095964,0.37500000000000006,0.049559115339869834,0.7916666666666667,0.9950945305453378,0.02755328870391541,0.9166666666666669,0.9803236990307213,0.05628484008569569,0.37500000000000006,0.9270443773411406
WT_03__TO__SCA3_04,drive_early,WT_03,SCA3_04,True,24,0.003529528088284225,0.0,0.4465335001679278,1.0,0.07791173058456591,0.03299419865706913,0.5027200158532623,1.0,0.028300516106952885,0.015365268282150325,0.47603150807320177,0.8333333333333335,0.43451788017244325,0.13479119880374174,0.7686722825176648,1.0,0.29828018968822595,0.10918189737717443,0.7676100831747199,1.0,0.4268147668935878,0.1262611325973259,0.7612390059201375,0.9166666666666669,0.7000000000000001,0.22874651077866845,0.9668817435810625,0.6666666666666666,0.24505372324043878,0.10333136669419384,0.7855471964403093,0.8333333333333335,0.19745326089199366,0.060959612434282884,0.9436154732435347,0.3333333333333333,0.0408557050162509,0.8333333333333335,0.9950945305453378,0.017207399640177073,0.9166666666666669,0.9811088615673894,0.09000781308020989,0.3333333333333333,0.9615074714514152
WT_03__TO__SCA3_04,drive_late,WT_03,SCA3_04,True,24,0.260356148282696,9.149518434036631e-05,0.5402607598593545,1.0,0.402650925070129,0.054732682486318504,0.5739027414658722,1.0,0.38438394311403523,0.013851976109301981,0.5746928168488826,0.6250000000000002,0.806938461002671,0.4796129320922195,0.8446616881314055,1.0,0.8066356494135082,0.19377605970777215,0.8593270221983592,1.0,0.811958964214317,0.4422098801327494,0.8527643976075387,0.9166666666666669,0.9563236770133943,0.49321391908430634,0.9935823618215457,0.6250000000000002,0.6494327272229972,0.11118591394997576,0.9087664673123472,0.7083333333333334,0.9274603273017623,0.08735743731924736,0.9709995092883661,0.41666666666666674,0.040156991157873405,0.6250000000000002,0.9903951721551981,0.0179506816351822,0.9166666666666669,0.9793840408948248,0.044743603216206934,0.41666666666666674,0.9551868554834815
WT_03__TO__SCA3_05,coupled,WT_03,SCA3_05,False,28,0.0011256062509061658,0.0,0.4458702045514257,1.0,0.10633944900898055,0.06189415378665268,0.4120745399434024,1.0,0.04600212008949357,0.024165478170525494,0.4741646708962154,0.8214285714285714,0.6128824871508491,0.20798491539194158,0.8684572928769378,1.0,0.5420086492165226,0.1910211683826978,0.8743898932334014,1.0,0.5726234969402364,0.1715593756345442,0.8649078989855803,0.8214285714285714,0.3064474667197692,0.14287935608806893,0.7775453409649601,0.2857142857142857,0.24050321880183842,0.18545245121336962,0.6319791973785281,0.6785714285714286,0.10410792831562814,0.08109522541083161,0.16933941476420122,0.10714285714285714,0.04935994361719276,0.8214285714285714,0.9937112945088108,0.024763140464506117,0.8214285714285714,0.9872780361351948,0.11826701657853661,0.10714285714285714,0.9828359517991161
WT_03__TO__SCA3_05,drive_early,WT_03,SCA3_05,False,28,0.0015228485946536864,0.0,0.3898986153631016,1.0,0.07218923868377963,0.03282671184215258,0.4466146437444184,1.0,0.026938544027317726,0.015738585030716217,0.49221384346340497,0.8928571428571429,0.5366028401325962,0.12066470638824509,0.851000335910288,1.0,0.24012904118298561,0.12511554658879723,0.7381369605934666,1.0,0.5155212146404619,0.12211117976308383,0.754268075637085,0.8571428571428571,0.6156971463627741,0.3100430811991841,0.7397457112963035,0.5357142857142857,0.23307236413784954,0.12821327824961315,0.6804793213177035,0.8214285714285714,0.1411218175854122,0.12240278303581095,0.6154841950970599,0.17857142857142858,0.0394229128615059,0.8928571428571429,0.9950945305453378,0.018214164723764026,0.8571428571428571,0.9907923032758448,0.12803545624153168,0.17857142857142858,0.9617863569560853
WT_03__TO__SCA3_05,drive_late,WT_03,SCA3_05,False,28,0.3096417119565868,0.00021583391056219736,0.5819252684613581,1.0,0.3643728240374429,0.14431461673805598,0.6100157423804756,1.0,0.3367185727804719,0.04088105334138144,0.6083458128094296,0.75,0.7095093124669651,0.5196336234215732,0.8810968027823564,1.0,0.6041459754267633,0.39848346444602845,0.8929309320875898,1.0,0.8533827266006041,0.45147933902925075,0.8923101928311423,0.7857142857142857,0.4337437717155541,0.15194557135746203,0.639306948579093,0.32142857142857145,0.4889305945190678,0.1630955375604386,0.6665873927362457,0.6428571428571429,0.10887749041824114,0.061953009286609934,0.19488708397517268,0.14285714285714285,0.031989554745894266,0.75,0.9900039397869996,0.028676872295389177,0.7857142857142857,0.9851708613889423,0.10129797541559525,0.14285714285714285,0.9807754282407516
WT_03__TO__SCA3_06,coupled,WT_03,SCA3_06,True,4,0.0006805501641990078,0.0,0.06986978287820376,1.0,0.10586336142242923,0.0806990832858939,0.2632645024532626,1.0,0.04068981672504645,0.04068981672504645,0.04068981672504645,0.25,0.3934040442084981,0.3763084654351914,0.5065469720140051,1.0,0.3927841524587775,0.35211186341014494,0.5755570156242295,1.0,0.3845463089469845,0.37275795380932153,0.5410519938191173,1.0,0.753580690953632,0.7438443532234403,0.7861610632802667,1.0,0.7054205683797461,0.697493778916484,0.7104702206264379,1.0,0.732025455790035,0.7206690660699622,0.7457908158300064,1.0,0.10586336142242923,0.25,0.9950945305453378,0.04129218079835317,1.0,0.9969315818409342,0.04311047032719406,1.0,0.9809462283045667
WT_03__TO__SCA3_06,drive_early,WT_03,SCA3_06,True,4,0.0005710582059178406,0.0,0.03633146165977065,1.0,0.0713949424306569,0.04113213036350652,0.1411074902949449,1.0,0.028274532750020315,0.02056606518175326,0.05057262702191286,0.75,0.2350820485138481,0.13001260567186954,0.2863388714281204,1.0,0.24098442212865132,0.14024763074795274,0.3354176464623684,1.0,0.2380332353212497,0.13513011820991114,0.3108782589452444,1.0,0.4603455044361043,0.4035803834807557,0.49130648987594366,1.0,0.32698625533693304,0.15568173295287177,0.42659464170455796,1.0,0.44347007307033115,0.44347007307033115,0.45749981944218754,0.5,0.07082388422473906,0.75,0.9950945305453378,0.010235025076083204,1.0,0.9943370784877836,0.03955384812379947,0.5,0.9488920308266475
WT_03__TO__SCA3_06,drive_late,WT_03,SCA3_06,True,4,0.2511565946819551,0.000815146726876533,0.3196152647281383,1.0,0.4916388587518167,0.09238824367207915,0.5154991117666025,1.0,0.04660169519947784,0.04660169519947784,0.4152350027174206,0.5,0.7183982839980843,0.7092892919592472,0.7260930420244908,1.0,0.7632469103660905,0.7268022948574068,0.7703739928027047,1.0,0.7408225971820874,0.718045793408327,0.7482335174135977,1.0,0.8714339765318143,0.8648132860636966,0.874371221427534,1.0,0.8398744487363529,0.8226962981730536,0.8469894656314052,1.0,0.8556542126340836,0.843754792118375,0.8606803435294696,1.0,0.09157309694520262,0.5,0.9931050384918014,0.017513002898159602,1.0,0.9875398346436214,0.02738175579612878,1.0,0.9868092786693935
WT_03__TO__SCA3_09,coupled,WT_03,SCA3_09,True,12,0.0007687585961517931,0.0,0.4263030961495143,1.0,0.1486648396823333,0.05250272819654113,0.38127620768114456,1.0,0.0432295172273265,0.015976685578038927,0.44396555760315515,0.7500000000000001,0.4331096114441799,0.3613699350015434,0.7377471591510971,1.0,0.452045838039707,0.12563910562278072,0.5680370495986338,1.0,0.4377198591884619,0.22147240157285975,0.5725499208771618,0.8333333333333334,0.8280560882994781,0.7680737739979476,0.8929875231388856,1.0,0.6166310407381944,0.1275996041200185,0.7926637793726908,1.0,0.8383091343274467,0.09196816443127065,0.8448444234785499,0.5000000000000001,0.06413062838251814,0.7500000000000001,0.9937430059842337,0.02865195770249029,0.8333333333333334,0.9861530311199681,0.09147556673287682,0.5000000000000001,0.9770067082924405
WT_03__TO__SCA3_09,drive_early,WT_03,SCA3_09,True,12,0.0004885053755173124,0.0,0.5486855082893892,1.0,0.08377515821140896,0.04054556692108799,0.5105807146443108,1.0,0.0403691170526837,0.019197868671582886,0.5343456862754116,0.9166666666666667,0.43840766512696183,0.17742443897766225,0.7181378014939869,1.0,0.2534391757460044,0.1267621730287719,0.6391082042965283,1.0,0.24022240165689573,0.1405005560016286,0.6823887847843814,0.8333333333333334,0.8297449526413753,0.4147523032617895,0.8904537782720544,1.0,0.3544297217711514,0.12891873922101582,0.7279764580973053,1.0,0.3648554867135973,0.1411021436857373,0.7583325157502894,0.41666666666666674,0.0401970979856813,0.9166666666666667,0.9950945305453378,0.021615675611215825,0.8333333333333334,0.9797754339642286,0.10129540240487452,0.41666666666666674,0.9777783970595766
WT_03__TO__SCA3_09,drive_late,WT_03,SCA3_09,True,12,0.20246535665592597,7.610838200233905e-05,0.28762292053512983,1.0,0.2022882495880405,0.04521479219831284,0.27945215829546854,1.0,0.1337814905803709,0.008462463974564212,0.26359273073181,0.5833333333333335,0.6441625129906675,0.467807301556294,0.8011562209384395,1.0,0.436242034426644,0.10177454063173764,0.7208330346716544,1.0,0.47092967220133586,0.06029454931748494,0.7166160207025885,0.6666666666666667,0.8583178653757407,0.5747666262779196,0.9241682421167917,1.0,0.49456011413854145,0.10379759002882914,0.839813643934324,1.0,0.8815006798677404,0.06494163327563023,0.8905288681819183,0.5000000000000001,0.06162545716865828,0.5833333333333335,0.9943064379705195,0.013458064206146144,0.6666666666666667,0.976216855091122,0.08337407186683232,0.5000000000000001,0.9847841681124953
WT_04__TO__SCA3_01,coupled,WT_04,SCA3_01,True,12,0.4890637168357433,0.39451611583116775,0.5059842136586747,1.0,0.5169029094598784,0.4652375093300579,0.5989475195878633,1.0,0.5081144184535362,0.392059754909463,0.5116100750859578,0.8333333333333334,0.7015683614961412,0.6324452704962724,0.7582435872990356,1.0,0.7344947344450641,0.6724736499281382,0.7958612523343372,1.0,0.7198275971404975,0.6840179806615064,0.7886986879625605,0.9166666666666667,0.8764991345644095,0.8473258491307472,0.8981011707804393,1.0,0.8432388643786359,0.8267211406108028,0.8665287470340565,1.0,0.8606879046062303,0.8398405909525231,0.8823149589072479,1.0,0.019089786763220814,0.8333333333333334,0.9933705001807279,0.034081958182843534,0.9166666666666667,0.9907854992675336,0.031572423746382805,1.0,0.991638386975232
WT_04__TO__SCA3_01,drive_early,WT_04,SCA3_01,True,12,0.23353334557336422,0.19164182521760706,0.33019681307078913,1.0,0.271252632206576,0.2538173363462554,0.4168783910903453,1.0,0.25140369733831985,0.22592672255602989,0.38411588161946414,0.9166666666666667,0.5067802982433425,0.40329146996181725,0.56540239705059,1.0,0.48534555497977677,0.4295224045222144,0.6111610430490502,1.0,0.4770011118041984,0.4114080639946644,0.5953080133529862,0.9166666666666667,0.7484721673575183,0.5717144985740492,0.7796652718165676,1.0,0.6332758336780048,0.5185455957558643,0.737270482217524,1.0,0.7432879868214338,0.5455161734502642,0.7648978730745579,0.7500000000000001,0.034168560843211286,0.9166666666666667,0.9918569831565287,0.02143474326356575,0.9166666666666667,0.988474080774807,0.0474035652605813,0.7500000000000001,0.9873305086927745
WT_04__TO__SCA3_01,drive_late,WT_04,SCA3_01,True,12,0.6497373459570897,0.5588338311144443,0.6719101657837494,1.0,0.7008708910185384,0.0778095446593477,0.7557793144189207,1.0,0.7006859805049037,0.5332627983093563,0.7562843567403277,0.8333333333333334,0.8314699534056987,0.7829262625934194,0.8598243773605264,1.0,0.857064063777478,0.8130275696292772,0.8970159363430719,1.0,0.8442670085915884,0.7979769161113484,0.8789473633200827,1.0,0.9332224306247373,0.9176807666090872,0.9501119460165102,1.0,0.9174980901371682,0.8997767770406426,0.9415202203231591,1.0,0.9269732191955994,0.9105529931340666,0.9461356081400569,0.9166666666666667,0.018262744909959158,0.8333333333333334,0.9908173301120432,0.026467966338363125,1.0,0.9917719830038331,0.015311339750208153,0.9166666666666667,0.9849940985108729
WT_04__TO__SCA3_02,coupled,WT_04,SCA3_02,False,42,0.3836694162874453,0.07026850795205546,0.7464298621056781,1.0,0.3776156263658933,0.05316603164811913,0.8489021429002256,1.0,0.325,0.04462697489019857,0.8472064954120115,0.8571428571428572,0.39607870802874745,0.07918177830087048,0.6227128706086473,0.5952380952380952,0.37476878046017253,0.13727797162413977,0.5463683294193767,0.6428571428571429,0.3323901312998925,0.024671208289934233,0.636184792509563,0.40476190476190477,0.04675908655678929,0.039003542408140926,0.5964559012855462,0.26190476190476186,0.29955184048662814,0.031160191354568174,0.475,0.4761904761904763,0.03352936464869142,0.03223331430020052,0.0366254993178678,0.14285714285714285,0.016299961195612243,0.8571428571428572,0.9907562935480353,0.024168762369969107,0.40476190476190477,0.9824646576193931,0.014557680490101033,0.14285714285714285,0.9795907443783257
WT_04__TO__SCA3_02,drive_early,WT_04,SCA3_02,False,42,0.36822018869475687,0.23581410200426223,0.45338236039372887,1.0,0.38649611974519704,0.14765798151466267,0.5059418830501555,1.0,0.3827450096709987,0.22235052821955353,0.4922967340590996,0.9285714285714287,0.4344673514259519,0.17749833473290202,0.596461406348864,0.6190476190476191,0.2927299818330567,0.07328856535640785,0.5679583282431075,0.5714285714285714,0.4479650790290344,0.07905855552432343,0.6004637001739469,0.5000000000000001,0.325,0.15261952507248822,0.3809865505633903,0.21428571428571427,0.20000000000000018,0.07021814148462609,0.44903572474425935,0.33333333333333337,0.3168160855386131,0.08168763546150368,0.379023201305274,0.14285714285714285,0.019699366390931058,0.9285714285714287,0.9928611610092642,0.006075799360034072,0.5000000000000001,0.9874707116655637,0.043078917132817626,0.14285714285714285,0.9887891383697116
WT_04__TO__SCA3_02,drive_late,WT_04,SCA3_02,False,42,0.6221851418526902,0.01364055807557222,0.9061583938949841,1.0,0.34999999999999976,0.006025508893635822,0.9359604221529072,1.0,0.6361968082608813,0.008579542610941479,0.9256520365993015,0.8571428571428572,0.5392116973365939,0.406877663281958,0.7624999999999998,0.6190476190476191,0.15258886245621878,0.028595363039766047,0.7250000000000001,0.6428571428571429,0.7375,0.0172449092077447,0.8932323218741387,0.38095238095238093,0.5204918475954781,0.4604467829816332,0.65,0.4761904761904763,0.0468110365436143,0.03009869243321213,0.35,0.4761904761904763,0.48143090193567345,0.017939937963263985,0.7375,0.16666666666666666,0.00805578033829414,0.8571428571428572,0.9893556295114696,0.02499999999999991,0.38095238095238093,0.9789839636834664,0.4269299906516213,0.16666666666666666,0.9569668581947952
WT_04__TO__SCA3_04,coupled,WT_04,SCA3_04,True,36,0.16452176509645958,0.024934867392303203,0.4274530322528619,1.0,0.17022327334454504,0.007094435832237219,0.49803075192276497,1.0,0.16605140376445188,0.014060253314770203,0.4570513919182266,0.9444444444444445,0.5531056006839034,0.22911130305977753,0.7700548476472777,1.0,0.4469625008262247,0.11428487362109625,0.8026837748926702,1.0,0.4805420485128481,0.14228544453736144,0.8024626881452506,0.8333333333333333,0.6000000000000001,0.2799574066694818,0.9902831114446287,0.6666666666666666,0.4125674989350636,0.11156786767538046,0.8693479737058842,0.8611111111111109,0.465386331457303,0.06001146660311647,0.981854791743562,0.38888888888888884,0.015821383207997836,0.9444444444444445,0.991924140000088,0.01530535311208407,0.8333333333333333,0.9786759431050351,0.0445704823436065,0.38888888888888884,0.9225067394134085
WT_04__TO__SCA3_04,drive_early,WT_04,SCA3_04,True,36,0.15079553580712013,0.06202064840271633,0.32390309003488815,1.0,0.1679354608000777,0.05833568855577591,0.3750000000000001,1.0,0.15250751538988086,0.058470761787575355,0.35035629981016514,0.9722222222222222,0.4903823747747884,0.1947583165917542,0.6493820776214784,1.0,0.3578013706809704,0.1882537212534746,0.6514839299872657,1.0,0.3830144241242886,0.16782456455300282,0.6503014027122486,0.9166666666666667,0.5286651626807054,0.21691721361588692,0.9771745529376645,0.7499999999999999,0.3750000000000001,0.23591568591221032,0.8296534416266536,1.0,0.2594554434834695,0.08568538662165556,0.952769387138145,0.47222222222222227,0.01080854782023888,0.9722222222222222,0.9895310289282592,0.015255976277465777,0.9166666666666667,0.9793768023587436,0.07218860184907312,0.47222222222222227,0.8952556646264731
WT_04__TO__SCA3_04,drive_late,WT_04,SCA3_04,True,36,0.0778224640069856,0.016292548704254544,0.6000209650810501,1.0,0.01656552764668498,0.0036524565653431504,0.5703831038849918,1.0,0.02948677477483453,0.009120291831078122,0.5737280809199575,0.8333333333333333,0.7500000000000001,0.3111868354045402,0.8888723678449242,1.0,0.7503461198025951,0.04746034631133765,0.8940258971904727,1.0,0.7955011945400139,0.08465482333977119,0.9007730935048429,0.7499999999999999,0.75,0.11876741579706579,0.9935826496331925,0.6666666666666666,0.2741938636879605,0.047219845672566735,0.9556029448956779,0.8055555555555555,0.9069995670069909,0.08203970258558015,0.9811085470022419,0.5277777777777778,0.028522185656225753,0.8333333333333333,0.986199067001516,0.022119079602915374,0.7499999999999999,0.9585438879882558,0.040321943137647684,0.5277777777777778,0.9052006505121915
WT_04__TO__SCA3_05,coupled,WT_04,SCA3_05,False,42,0.149079952370635,0.05315909308655406,0.45842033338488264,1.0,0.13104475541829363,0.02473907180760423,0.4739685327387108,1.0,0.13953213053235455,0.04139782018648887,0.4442060521165069,0.9761904761904762,0.6551615838593825,0.24431680506070425,0.8792797657244964,1.0,0.4170463851579187,0.17012270289980583,0.8776098781050728,1.0,0.6939076659925958,0.19280025070858103,0.9152796033104234,0.8333333333333334,0.36392785602225963,0.14646347851219063,0.5496195338470213,0.40476190476190477,0.27013950240703455,0.11637569458934033,0.4755792778599043,0.6428571428571429,0.09335786668347787,0.0635092933109277,0.12958584146375937,0.16666666666666666,0.018181347852498475,0.9761904761904762,0.9911498987407522,0.02972672562961674,0.8333333333333334,0.9816931082676276,0.1130338261988367,0.16666666666666666,0.9802582865736498
WT_04__TO__SCA3_05,drive_early,WT_04,SCA3_05,False,42,0.16435263348054263,0.05110172868865538,0.2926830837361636,1.0,0.18173218370450422,0.03300372722587921,0.3354154416851087,1.0,0.1743349385736305,0.037860658451965325,0.31404128658943536,1.0,0.3672295261373029,0.17751983971934532,0.7043453161317694,1.0,0.3555359703711998,0.1501174395149389,0.7592370208315761,1.0,0.36061387857185306,0.15953119203237326,0.7553891688731212,0.9761904761904762,0.26972392141569435,0.21253993710930066,0.4764358892763087,0.45238095238095244,0.362726024903124,0.15008533398413978,0.4116884522330859,0.6904761904761906,0.20757325466449877,0.15362839458781002,0.4056934992594813,0.33333333333333337,0.016372102881084726,1.0,0.9909179669898635,0.016869711300835966,0.9761904761904762,0.9840730640676425,0.0861358977350422,0.33333333333333337,0.9800341016504176
WT_04__TO__SCA3_05,drive_late,WT_04,SCA3_05,False,42,0.12816910504418058,0.023268972712637396,0.5913751966194197,1.0,0.02409398072911166,0.007386197984949893,0.6037888764686347,1.0,0.040976444467584326,0.013291415936453445,0.608954035533076,0.8571428571428572,0.8062434549376474,0.12141750295099574,0.932305014022549,1.0,0.6531714840326887,0.07561989372777271,0.9419857408573487,1.0,0.8466281505651039,0.0937666988697693,0.9485296680045902,0.7857142857142857,0.15960520538314918,0.08792932588182986,0.37661991072679973,0.3571428571428572,0.11669399469763117,0.06704121195617228,0.7380245224108613,0.5952380952380952,0.08136796655992769,0.043607363904960485,0.08668105226912748,0.21428571428571427,0.02502719807139559,0.8571428571428572,0.9898140442814892,0.020166568488251917,0.7857142857142857,0.9817615536585846,0.0671851731170087,0.21428571428571427,0.9728038483597305
WT_04__TO__SCA3_06,coupled,WT_04,SCA3_06,True,6,0.4417226955689047,0.17994099941056102,0.6514214831449271,1.0,0.41986162975516605,0.1583288022596842,0.6681522707292243,1.0,0.4307921626620354,0.16913490083512261,0.6597868769370757,1.0,0.6786463925580624,0.4345706473089873,0.8218587756294435,1.0,0.6934154876568095,0.41807553460484315,0.8300342583057404,1.0,0.6860309401074359,0.42632309095691523,0.8259465169675919,1.0,0.8354598278102602,0.653463511897926,0.9158251871977293,1.0,0.7905035631387546,0.5124650862843423,0.8886208095306019,1.0,0.8573913858585954,0.8092145935757048,0.9025826646945472,0.8333333333333333,0.017664763089913382,1.0,0.9917005422316199,0.010096630879280477,1.0,0.9932678229690017,0.0276626060087325,0.8333333333333333,0.980239295977073
WT_04__TO__SCA3_06,drive_early,WT_04,SCA3_06,True,6,0.2779711854458009,0.13723540508342702,0.33076834032386915,1.0,0.29078555040472764,0.1291503877050917,0.34514547666075324,1.0,0.2843783679252643,0.13319289639425935,0.3379569084923112,1.0,0.5459580437599744,0.46451469248509636,0.6134706360753709,1.0,0.5345513907062964,0.4159668516238159,0.5956704875992271,1.0,0.5402141366212699,0.44026106236038887,0.604570561837299,1.0,0.7157541249721683,0.6806874029996757,0.8090556510935629,1.0,0.640404821240061,0.5772623684692223,0.7308716523077431,1.0,0.7156403672004865,0.6734248715030369,0.7783448469035502,0.8333333333333333,0.019550582120508506,1.0,0.9906989020364586,0.011325491829947028,1.0,0.9858455123992663,0.06589993905301461,0.8333333333333333,0.9837833031533477
WT_04__TO__SCA3_06,drive_late,WT_04,SCA3_06,True,6,0.07817751319065974,0.029929686150187304,0.7896708244522986,1.0,0.0515692982775208,0.0036594152983898684,0.8079638097457557,1.0,0.06487340573409028,0.016794550724288586,0.7988173170990271,1.0,0.7781298518099156,0.4315612189767277,0.8902293492423435,1.0,0.7906945379992644,0.4271152752191544,0.8996823332515824,1.0,0.7844121949045899,0.429338247097941,0.894955841246963,1.0,0.8941104813915467,0.5249601840315221,0.9486517611397076,1.0,0.8658865746817901,0.4831074088555357,0.9340995864192945,1.0,0.8799985280366684,0.504033796443529,0.941375673779501,1.0,0.019213233081464498,1.0,0.9902454931466126,0.010585415248482555,1.0,0.9893555346570241,0.014779781878238923,1.0,0.986606034805521
WT_04__TO__SCA3_09,coupled,WT_04,SCA3_09,True,18,0.12955326726576927,0.017779802832392045,0.5777441308405249,1.0,0.017242268420767117,0.0018948576993868755,0.31483976587978485,1.0,0.03545843122164568,0.00905859471937253,0.5409901009009619,0.888888888888889,0.6872428658139085,0.26380059360463753,0.8250153380937046,1.0,0.3899407843452555,0.06563390759439108,0.7194794555711845,1.0,0.49688100421583387,0.07157054533507963,0.7659367466739958,0.7222222222222221,0.7781092762481925,0.41515592059051315,0.9115725579566168,1.0,0.5750000000000001,0.11083119324263162,0.7616858522959,1.0,0.7473139223939134,0.07905280883612012,0.906833661328107,0.5555555555555556,0.017201367872013033,0.888888888888889,0.991233188455186,0.02276281884933177,0.7222222222222221,0.983634150791945,0.0857984708879567,0.5555555555555556,0.983535365814158
WT_04__TO__SCA3_09,drive_early,WT_04,SCA3_09,True,18,0.16167845390207983,0.03634106246876797,0.3857559386374793,1.0,0.1121191184003852,0.00911240225440213,0.406201734898998,1.0,0.11391465540409139,0.01799396153791665,0.3859534075660002,0.888888888888889,0.6373091209099627,0.2882554804261293,0.7097428517858939,1.0,0.35114493429912436,0.22642859847681784,0.654971479923845,1.0,0.6339444864280381,0.18771196151272304,0.6923946807922468,0.8333333333333331,0.8424085929883279,0.5766359850339868,0.8617829353804445,1.0,0.6314445820964532,0.25696907458880985,0.7572970479842616,1.0,0.7969712686746341,0.0664509518397167,0.8234071468149996,0.4444444444444445,0.012537751207016995,0.888888888888889,0.9907833782450638,0.03062336141926892,0.8333333333333331,0.9886869624464066,0.10544238165306453,0.4444444444444445,0.9841497212729018
WT_04__TO__SCA3_09,drive_late,WT_04,SCA3_09,True,18,0.0310516116636438,0.014639986283583865,0.726312750097419,1.0,0.010838678103095769,0.003079289481665571,0.071475450581854,1.0,0.015846379693772294,0.008484111789272868,0.22070265339270514,0.8333333333333331,0.7885170909360885,0.35155629887562745,0.9143127382260682,1.0,0.10180838751846578,0.045927492331775836,0.811865785307587,1.0,0.8007300940586366,0.042222097226763185,0.9108964916219402,0.5555555555555556,0.7927881778116609,0.6515347989720237,0.9625,1.0,0.12186864271972016,0.05418694589085928,0.8669100591846147,1.0,0.904365832394926,0.05815342864898292,0.9538381842399075,0.5,0.009447380459727109,0.8333333333333331,0.9894792197672098,0.02806244986258401,0.5555555555555556,0.9844433612889364,0.10000000000000007,0.5,0.9725094892581864
WT_06__TO__SCA3_01,coupled,WT_06,SCA3_01,False,10,0.4482410318985486,0.42944688599136854,0.531043284895282,1.0,0.5319159483523661,0.48441092721275614,0.5911740689111502,1.0,0.48732057095750375,0.4547737493435443,0.5517504483073338,0.9,0.7059181430864749,0.6396583786741397,0.7544568805182,1.0,0.7560164941657661,0.6597183292958653,0.7966307422838298,1.0,0.7309673186261205,0.6512753442246175,0.7755438114010149,1.0,0.8794203883282825,0.8018605752994064,0.8969190437859244,1.0,0.8541030197616845,0.7464092129401658,0.8773596040666765,1.0,0.8688779001801431,0.8510494243235122,0.8967392303186077,0.9,0.016734884837717956,0.9,0.9949035497026254,0.01728777193100306,1.0,0.9867594685866373,0.026809420993815114,0.9,0.9903481253401969
WT_06__TO__SCA3_01,drive_early,WT_06,SCA3_01,False,10,0.2499626973337124,0.22829340075114016,0.27291149527673897,1.0,0.305247441504401,0.27153598177858845,0.32676041082497737,1.0,0.274051767684214,0.2477271403018129,0.29225618608782367,0.9,0.4505227983349136,0.388366662824623,0.5996043870235762,1.0,0.49670598248808245,0.39774235709388744,0.6178100606285999,1.0,0.473614390411498,0.3960363363893404,0.6250827419614724,1.0,0.6437906385266721,0.5219634295984005,0.8003557858178401,1.0,0.6071048235621261,0.4673667385707179,0.7551618657881698,1.0,0.6254477310443991,0.4946932697905479,0.7843533428689586,1.0,0.052620079245655815,0.9,0.9920479823587379,0.03830573958104999,1.0,0.9901994351386794,0.04867436625513627,1.0,0.9893421352393414
WT_06__TO__SCA3_01,drive_late,WT_06,SCA3_01,False,10,0.6722119465126425,0.5965785773734847,0.7346489591223854,1.0,0.7314526463064788,0.641576019079039,0.7757846117242473,1.0,0.7023047698997971,0.6076666087932485,0.777825088320251,0.9,0.8404015182849087,0.7938627833179539,0.8666472747096953,1.0,0.8700959232326725,0.8139017997027307,0.8971998317825546,1.0,0.8552487207587907,0.8038822915103423,0.8819235532461249,1.0,0.9373441085809442,0.9129788625506711,0.9500808477150293,1.0,0.9249543070184677,0.886270324395977,0.9431344619209809,1.0,0.9311492077997059,0.899624593473324,0.9466076548180051,1.0,0.018946288927742194,0.9,0.9934354154158479,0.01691749188529479,1.0,0.9900440988460686,0.011404824837053407,1.0,0.989324482350026
WT_06__TO__SCA3_02,coupled,WT_06,SCA3_02,False,35,0.40614406879094345,0.15330496325635462,0.8222027824674271,1.0,0.437316308587575,0.19343658426256463,0.8703676248966556,1.0,0.39810544062589354,0.15884558896616832,0.8564961964544218,0.8571428571428571,0.43489673874791285,0.3026221749308739,0.5243490730835481,0.48571428571428577,0.3018150095999441,0.2506059810002197,0.5029146401982454,0.48571428571428577,0.39425501336188573,0.1764775871417158,0.5787970829281872,0.40000000000000013,0.4684965582533298,0.06146922390911232,0.4955188678943309,0.2285714285714286,0.27859681368477146,0.1082350005608497,0.5384071120548817,0.37142857142857155,0.056595249004379816,0.05385063376037828,0.06435351486810907,0.1142857142857143,0.032816497676318626,0.8571428571428571,0.9914128961016268,0.008937405902886858,0.40000000000000013,0.9823379295227261,0.009953652967152338,0.1142857142857143,0.9663695962197187
WT_06__TO__SCA3_02,drive_early,WT_06,SCA3_02,False,35,0.36645902270802516,0.2283054512708656,0.5036021036174194,1.0,0.39537223918723513,0.27926154881374565,0.5639575803030122,1.0,0.3655805801597048,0.24920464564440242,0.5492653188865304,0.942857142857143,0.48904881346362633,0.31946589039808626,0.6321004373734223,0.657142857142857,0.5336701281103262,0.29905993075761583,0.6774472371357135,0.5714285714285714,0.4624093993049999,0.2888328822234483,0.65398311572704,0.5428571428571428,0.39337351954808697,0.1183869094652104,0.4932378688571216,0.2,0.44208005327754846,0.18824707120445397,0.6501111331917985,0.37142857142857155,0.3703547160670219,0.10281681046104571,0.4671317263290069,0.2,0.05037789881301027,0.942857142857143,0.9926374492273353,0.005129821722693953,0.5428571428571428,0.9876486348745546,0.04022936063761701,0.2,0.9874351234792863
WT_06__TO__SCA3_02,drive_late,WT_06,SCA3_02,False,35,0.7128708857361462,0.06969711639573668,0.9098920112264668,1.0,0.7380461524262137,0.07696527419489027,0.9418294762377782,1.0,0.721301102516464,0.07222343863751851,0.9247728051783061,0.942857142857143,0.6040243275149315,0.5365932760919205,0.7718943649629445,0.48571428571428577,0.11416361493446842,0.10078830362630856,0.6364582498272717,0.48571428571428577,0.8107139963683954,0.030816783155395697,0.9152797665739125,0.2285714285714286,0.5531990405064038,0.041386265576142715,0.6116220902974239,0.2571428571428572,0.10556378176134422,0.039366660166484206,0.12699791040146852,0.34285714285714297,0.03686577095765733,0.03668811054350654,0.03849306691779443,0.08571428571428573,0.007782084967854003,0.942857142857143,0.9922863964020243,0.2086897816061704,0.2285714285714286,0.7454539793794106,0.42382891486133983,0.08571428571428573,0.7933757719965403
WT_06__TO__SCA3_04,coupled,WT_06,SCA3_04,False,30,0.2812594222160935,0.12242384260285927,0.5503248360045853,1.0,0.3265886805392562,0.13641549946257403,0.6007735097109,1.0,0.3020559646526345,0.12941967103271665,0.5837846557170948,1.0,0.720381493021735,0.42616995969416155,0.8345943826218433,1.0,0.5469542570272505,0.20572742254741674,0.8266597453384047,1.0,0.6536580287749881,0.46601098666907925,0.8555285318069007,0.8333333333333333,0.7857300524327333,0.45413662941656296,0.8808315324163741,0.5000000000000001,0.5663345373267616,0.2154321185335591,0.9132990258449339,0.8333333333333333,0.4664314826012875,0.09003386053211992,0.9396912826562133,0.2666666666666666,0.03676540273244609,1.0,0.9918951370388932,0.024506831118269568,0.8333333333333333,0.9647571787769512,0.09335589119827707,0.2666666666666666,0.9496824258969923
WT_06__TO__SCA3_04,drive_early,WT_06,SCA3_04,False,30,0.21200123199279183,0.12306825782639136,0.37527533379176037,1.0,0.2552077436075887,0.13049141144395665,0.4401388208909937,1.0,0.23360448780019025,0.1262016093083882,0.4064236956325523,1.0,0.5480766867205765,0.23890663177499236,0.7327867104373722,1.0,0.3777913858174891,0.22528372168848185,0.6343068580024255,1.0,0.45304033791499443,0.22315258097014665,0.65582469219079,0.8999999999999999,0.6293359115239967,0.36236377886028476,0.8829607857323487,0.7666666666666667,0.40079063840529017,0.23058685827858816,0.7823351814340204,0.9666666666666667,0.3458738835844486,0.2697328858740997,0.9417186109568432,0.4,0.02272020106487382,1.0,0.9907365899194074,0.011877157832386766,0.8999999999999999,0.977982738923686,0.06931024018098964,0.4,0.9035620816713776
WT_06__TO__SCA3_04,drive_late,WT_06,SCA3_04,False,30,0.48593460437513514,0.13376185031768834,0.6967747188873172,1.0,0.46942471402638064,0.13996828069242037,0.7014375590736233,1.0,0.4776796592007579,0.13686506550505434,0.6843905285897037,1.0,0.8201080749583498,0.5955310758991381,0.8817995529868347,1.0,0.7390539447504283,0.20923885443764356,0.9103249023475546,1.0,0.8388548961337806,0.6116663882569069,0.8990772847757089,0.8333333333333333,0.875,0.758727921967111,0.988644392084037,0.5333333333333332,0.6690509455249172,0.1371481209137808,0.9769015627145818,0.7333333333333334,0.9728502602956622,0.14736940003797094,0.9828980407930218,0.3666666666666667,0.032585030089515826,1.0,0.9863952568769274,0.016275323334333566,0.8333333333333333,0.9591171269068501,0.03913589160172837,0.3666666666666667,0.930481739661904
WT_06__TO__SCA3_05,coupled,WT_06,SCA3_05,False,35,0.27275201799299403,0.21013823222313924,0.5043814132400346,1.0,0.299180723233856,0.2376086808547875,0.5524739793640442,1.0,0.28555019372760626,0.22591877254899023,0.52072467425939,1.0,0.5465746617484368,0.3803367743253671,0.8851172499860074,1.0,0.5161440480955685,0.36505285547036537,0.9072225108353457,1.0,0.5373811461778929,0.37401785774929247,0.8994215957222249,0.9714285714285714,0.4243947668887048,0.27379107184997015,0.8657504761364734,0.2571428571428572,0.452057289491856,0.36732955816397556,0.5961699360034531,0.657142857142857,0.28044184588340315,0.1329483758506122,0.36092926425798033,0.14285714285714288,0.026616044985456666,1.0,0.9912958235508815,0.027597959974067443,0.9714285714285714,0.9835373586196112,0.09694930972821761,0.14285714285714288,0.9560169794514344
WT_06__TO__SCA3_05,drive_early,WT_06,SCA3_05,False,35,0.21161292981420668,0.17955645455719849,0.3733665808959986,1.0,0.2511988048835409,0.18378442582362928,0.41110575859904197,1.0,0.2314596824278609,0.17829251091172607,0.4026618861392907,1.0,0.38242631403358895,0.31741220691023686,0.631802458387315,1.0,0.3836546064090988,0.312059388850451,0.6154906852437841,1.0,0.379565322954737,0.3156740072855153,0.6034972500296952,0.9714285714285714,0.4000143393929263,0.28547732984111973,0.7678989249468205,0.37142857142857155,0.39407816420641345,0.2964246791786027,0.43055174901173643,0.7142857142857143,0.26695309230174935,0.23347491660911693,0.298872460271079,0.2285714285714286,0.02611857284260312,1.0,0.9932481794059667,0.005074266820908211,0.9714285714285714,0.985726366600667,0.08038477556559771,0.2285714285714286,0.9581075368316962
WT_06__TO__SCA3_05,drive_late,WT_06,SCA3_05,False,35,0.4102453566711222,0.26364792683990185,0.6866157469392106,1.0,0.4091171301116755,0.28128015999192013,0.6885344830792294,1.0,0.40904090471876525,0.272464043415911,0.6885508205259024,1.0,0.8395197344423093,0.6869771101183397,0.9284516235509288,1.0,0.7149102408454789,0.42049715621353206,0.9419057208830045,1.0,0.8600739815318756,0.6066152111174945,0.9530386730778646,0.7999999999999999,0.3199513473610798,0.1692200289364483,0.9043375146091216,0.2285714285714286,0.5080360688804045,0.2564624060085601,0.8150621435400295,0.6,0.15109922173378232,0.0817781277261428,0.26656443051360146,0.1142857142857143,0.02363163296090671,1.0,0.9899883346320565,0.021255858443830895,0.7999999999999999,0.979194063494707,0.09470615897500517,0.1142857142857143,0.9665072610774217
WT_06__TO__SCA3_06,coupled,WT_06,SCA3_06,False,5,0.5369214842356547,0.4063625830763333,0.642426459122722,1.0,0.5767911416271192,0.4290593596783608,0.6562799581222294,1.0,0.556856312931387,0.41771097137734703,0.6493532086224757,1.0,0.7592780013216691,0.6560456150748706,0.8295751376693079,1.0,0.7815243012466052,0.6704244950450275,0.8352167692658052,1.0,0.7704011512841372,0.6632350550599491,0.8323959534675566,1.0,0.882273172589972,0.8183438699632765,0.9196994723197169,1.0,0.8534517581358355,0.7722386879139123,0.8942029812725001,1.0,0.8678624653629037,0.7952912789385944,0.9069512267961085,1.0,0.01107696460386839,1.0,0.9936694609643767,0.00593157440279085,1.0,0.9865560986504356,0.026430382629474003,1.0,0.989799502493739
WT_06__TO__SCA3_06,drive_early,WT_06,SCA3_06,False,5,0.2593699634879991,0.24057951642625655,0.2655533259730757,1.0,0.30319988707609263,0.2684840494731395,0.31649271290701037,1.0,0.28151116464089,0.254531782949698,0.2907967800811989,1.0,0.4939620055448585,0.44053427296452613,0.6156979632656677,1.0,0.5060975061121042,0.4329380986456241,0.5995043889068661,1.0,0.5000297558284814,0.4367361858050751,0.6076011760862668,1.0,0.730650109451101,0.6303712382540785,0.8221525869721239,1.0,0.6006474145355892,0.5316587931270113,0.738300794660833,1.0,0.6690727303895248,0.5861357185843399,0.8080415167439858,0.8,0.031673376668254045,1.0,0.9911329576159935,0.019904999307551047,1.0,0.9877080908222211,0.06924329827081305,0.8,0.9812436802262523
WT_06__TO__SCA3_06,drive_late,WT_06,SCA3_06,False,5,0.7429280637250009,0.48621192966304355,0.800158255298634,1.0,0.7796977516914559,0.4392815614213891,0.8175874967816439,1.0,0.7618714802564706,0.46274674554221634,0.8093485285217574,1.0,0.8677197818559471,0.7511877924387368,0.8949440096066235,1.0,0.8830211827829945,0.7671728387945755,0.9030422189383868,1.0,0.8756951010471393,0.7591803156166561,0.8990251172153055,1.0,0.9374059896024373,0.8799914614985959,0.9505641069696199,1.0,0.9217695524284608,0.8428935344726286,0.936027909538101,1.0,0.929587771015449,0.8614424979856122,0.9432960082538605,1.0,0.01985377854237885,1.0,0.9913895608141239,0.008993307689677264,1.0,0.989225789741395,0.014718962944889113,1.0,0.9862708642705074
WT_06__TO__SCA3_09,coupled,WT_06,SCA3_09,False,15,0.3262822122838846,0.13070795588049552,0.48645071960253367,1.0,0.37479844573834625,0.14486806997735327,0.4604681139442741,1.0,0.3492926887682779,0.13905153692308606,0.46728895030539463,1.0,0.7111045831485251,0.5887616425893114,0.8639204351437131,1.0,0.5842228633015056,0.22081108075966793,0.7010758356234095,1.0,0.5891558000125718,0.4531756539422457,0.7677807649345121,0.7333333333333332,0.8542529199263682,0.7190769810434314,0.8969996225942557,1.0,0.6539841408558936,0.22913311979833106,0.8010272168108964,1.0,0.7153034535087853,0.2917108675210638,0.9176786613550475,0.5999999999999999,0.02267282423066777,1.0,0.9934816081201985,0.012451435089796853,0.7333333333333332,0.9828996128990569,0.07687707337788655,0.5999999999999999,0.9785196037062931
WT_06__TO__SCA3_09,drive_early,WT_06,SCA3_09,False,15,0.22894970622902633,0.1610020206356861,0.41082146403235376,1.0,0.2538241838106376,0.1871568040478996,0.4640474378269697,1.0,0.2399108809071172,0.17407941234179283,0.4412996554489023,1.0,0.6886582530194413,0.5625616275692917,0.8041449906576238,1.0,0.5328713305564896,0.28261578851981406,0.671219608485536,1.0,0.6563790987264647,0.38879343361503393,0.7054192689409406,0.7333333333333332,0.8427564091909042,0.7925577946901832,0.8764544374640002,1.0,0.6991963277680056,0.3021406877050608,0.7640491612136188,1.0,0.7891996254221068,0.591569609479783,0.8426263351203447,0.5999999999999999,0.025598996338998772,1.0,0.9945051466395152,0.031188158894929874,0.7333333333333332,0.9859027522174415,0.08517186966845239,0.5999999999999999,0.9779511654198373
WT_06__TO__SCA3_09,drive_late,WT_06,SCA3_09,False,15,0.23035467992066413,0.10569245588777243,0.6378860393191172,1.0,0.24580189848640097,0.11128477808007771,0.6171295279893932,1.0,0.2408921810664867,0.10848861698392508,0.6275077836542553,1.0,0.6777682932875201,0.4319443358899209,0.9,1.0,0.42133022196015396,0.1554303480819033,0.7838141300844325,1.0,0.4740808524053337,0.33582907277215546,0.8635203066218009,0.7333333333333332,0.8630660659826449,0.7109947706152375,0.9343053973264014,1.0,0.4934364883187291,0.1621713455148922,0.8634896248784422,1.0,0.9112921103849765,0.09771909756197107,0.9657231462028537,0.4666666666666665,0.008791276303671046,1.0,0.9947352434693322,0.015020201712563894,0.7333333333333332,0.9886493129380213,0.1079602599066638,0.4666666666666665,0.9779829722567074
WT_07__TO__SCA3_01,coupled,WT_07,SCA3_01,False,8,0.0,0.0,0.0,1.0,0.0,0.0,0.0,1.0,0.0,0.0,0.0,1.0,0.0,0.0,0.029643342819261082,1.0,0.0,0.0,0.0,1.0,0.0,0.0,0.0,0.75,0.27579825810906483,0.0,0.8023969206051711,1.0,0.0,0.0,0.0,1.0,0.0,0.0,0.0,0.25,0.0,1.0,0.0627165592908208,0.0,0.75,0.0627165592908208,0.27579825810906483,0.25,0.0818101567168611
WT_07__TO__SCA3_01,drive_early,WT_07,SCA3_01,False,8,0.0,0.0,0.0,1.0,0.0,0.0,0.0,1.0,0.0,0.0,0.0,1.0,0.0,0.0,0.0,1.0,0.0,0.0,0.0,1.0,0.0,0.0,0.0,0.875,0.28384186676479156,0.0,0.9161847838712085,1.0,0.0,0.0,0.0,1.0,0.0,0.0,0.0,0.25,0.0,1.0,0.0627165592908208,0.0,0.875,0.0627165592908208,0.28384186676479156,0.25,0.0749407786014769
WT_07__TO__SCA3_01,drive_late,WT_07,SCA3_01,False,8,0.0,0.0,0.0,1.0,0.0,0.0,0.0,1.0,0.0,0.0,0.0,1.0,0.0,0.0,0.0,1.0,0.0,0.0,0.0,1.0,0.0,0.0,0.0,0.875,0.24691005144622355,0.0,0.6824726241998963,1.0,0.0,0.0,0.0,1.0,0.0,0.0,0.0,0.25,0.0,1.0,0.0627165592908208,0.0,0.875,0.0627165592908208,0.24691005144622355,0.25,0.2998111189404338
WT_07__TO__SCA3_02,coupled,WT_07,SCA3_02,False,28,0.0,0.0,0.0,1.0,0.0,0.0,0.0,1.0,0.0,0.0,0.0,1.0,0.0,0.0,0.24036402137747423,1.0,0.0,0.0,0.0,1.0,0.0,0.0,0.0,0.6071428571428571,0.17227651705571576,0.0,0.2709459461764678,1.0,0.0,0.0,0.0,1.0,0.0,0.0,0.03989029509493469,0.39285714285714285,0.0,1.0,0.0627165592908208,0.0,0.6071428571428571,0.5053466154585413,0.17227651705571576,0.39285714285714285,0.6763411010353662
WT_07__TO__SCA3_02,drive_early,WT_07,SCA3_02,False,28,0.0,0.0,0.0,1.0,0.0,0.0,0.0,1.0,0.0,0.0,0.0,1.0,0.0,0.0,0.1435570598922165,1.0,0.0,0.0,0.0,1.0,0.0,0.0,0.0,0.6428571428571429,0.11638647873111847,0.0,0.19269592583885842,0.8571428571428571,0.0,0.0,0.0,1.0,0.0,0.0,0.0,0.32142857142857145,0.0,1.0,0.0627165592908208,0.0,0.6428571428571429,0.5294367772679033,0.11638647873111847,0.32142857142857145,0.46280044606055426
WT_07__TO__SCA3_02,drive_late,WT_07,SCA3_02,False,28,0.0,0.0,0.0,1.0,0.0,0.0,0.0,1.0,0.0,0.0,0.0,0.9285714285714286,0.0,0.0,0.38724364459781824,1.0,0.0,0.0,0.0,1.0,0.0,0.0,0.0,0.6428571428571429,0.3910797736384544,0.06535357670760017,0.3941236238550125,1.0,0.0,0.0,0.0,1.0,0.016179393620289206,0.0,0.03537455060352696,0.39285714285714285,0.0,0.9285714285714286,0.0627165592908208,0.0,0.6428571428571429,0.1135030800121154,0.3910797736384544,0.39285714285714285,0.5730675071358952
WT_07__TO__SCA3_04,coupled,WT_07,SCA3_04,False,24,0.0,0.0,0.0,1.0,0.0,0.0,0.0,1.0,0.0,0.0,0.0,1.0,0.0,0.0,0.06361634402163302,1.0,0.0,0.0,0.0,1.0,0.0,0.0,0.0,0.7500000000000001,0.23719212473597467,0.0,0.43853185836429526,0.9166666666666669,0.0,0.0,0.0,1.0,0.0,0.0,0.0,0.29166666666666663,0.0,1.0,0.0627165592908208,0.0,0.7500000000000001,0.1135030800121154,0.23719212473597467,0.29166666666666663,0.5075648012814439
WT_07__TO__SCA3_04,drive_early,WT_07,SCA3_04,False,24,0.0,0.0,0.0,1.0,0.0,0.0,0.0,1.0,0.0,0.0,0.0,1.0,0.0,0.0,0.1245782712984975,1.0,0.0,0.0,0.0,1.0,0.0,0.0,0.0,0.7083333333333334,0.25320559286620703,0.0,0.6134884364406006,0.8750000000000001,0.0,0.0,0.0,1.0,0.0,0.0,0.0,0.3333333333333333,0.0,1.0,0.0627165592908208,0.0,0.7083333333333334,0.1135030800121154,0.25320559286620703,0.3333333333333333,0.672771087120231
WT_07__TO__SCA3_04,drive_late,WT_07,SCA3_04,False,24,0.0,0.0,0.0,1.0,0.0,0.0,0.0,1.0,0.0,0.0,0.0,1.0,0.0,0.0,0.02092363758968477,1.0,0.0,0.0,0.0,1.0,0.0,0.0,0.0,0.8333333333333335,0.16499396474647685,0.0,0.5145599275179821,0.9583333333333335,0.0,0.0,0.0,1.0,0.0,0.0,0.0,0.3333333333333333,0.0,1.0,0.0627165592908208,0.0,0.8333333333333335,0.1135030800121154,0.16499396474647685,0.3333333333333333,0.4524825331817136
WT_07__TO__SCA3_05,coupled,WT_07,SCA3_05,False,28,0.0,0.0,0.0,1.0,0.0,0.0,0.0,1.0,0.0,0.0,0.0,1.0,0.0,0.0,0.017876697523466236,1.0,0.0,0.0,0.0,1.0,0.0,0.0,0.0,0.8571428571428571,0.12228302886705991,0.0,0.44457429016803046,0.9285714285714286,0.0,0.0,0.0,1.0,0.0,0.0,0.02344306690588518,0.39285714285714285,0.0,1.0,0.0627165592908208,0.0,0.8571428571428571,0.1135030800121154,0.12228302886705991,0.39285714285714285,0.12413634565501708
WT_07__TO__SCA3_05,drive_early,WT_07,SCA3_05,False,28,0.0,0.0,0.0,1.0,0.0,0.0,0.0,1.0,0.0,0.0,0.0,1.0,0.0,0.0,0.0474644348061042,1.0,0.0,0.0,0.0,1.0,0.0,0.0,0.0,0.8214285714285714,0.1814484046242169,0.0,0.29960988729824106,0.8214285714285714,0.0,0.0,0.0,1.0,0.0,0.0,0.0,0.2857142857142857,0.0,1.0,0.0627165592908208,0.0,0.8214285714285714,0.1135030800121154,0.1814484046242169,0.2857142857142857,0.2446074303655395
WT_07__TO__SCA3_05,drive_late,WT_07,SCA3_05,False,28,0.0,0.0,0.0,1.0,0.0,0.0,0.0,1.0,0.0,0.0,0.0,1.0,0.0,0.0,0.0,1.0,0.0,0.0,0.0,1.0,0.0,0.0,0.0,0.9285714285714286,0.13419868498641527,0.0,0.3700870393672889,0.9642857142857143,0.0,0.0,0.0,1.0,0.0,0.0,0.03429773093737828,0.39285714285714285,0.0,1.0,0.0627165592908208,0.0,0.9285714285714286,0.1135030800121154,0.13419868498641527,0.39285714285714285,0.09194340670644988
WT_07__TO__SCA3_06,coupled,WT_07,SCA3_06,False,4,0.0,0.0,0.0,1.0,0.0,0.0,0.0,1.0,0.0,0.0,0.0,1.0,0.0,0.0,0.0,1.0,0.0,0.0,0.0,1.0,0.0,0.0,0.0,0.75,0.34715582202532813,0.0,0.399086428349419,1.0,0.0,0.0,0.0,1.0,0.0,0.0,0.0,0.25,0.0,1.0,0.0627165592908208,0.0,0.75,0.1135030800121154,0.34715582202532813,0.25,0.2795385835675734
WT_07__TO__SCA3_06,drive_early,WT_07,SCA3_06,False,4,0.0,0.0,0.0,1.0,0.0,0.0,0.0,1.0,0.0,0.0,0.0,1.0,0.0,0.0,0.0,1.0,0.0,0.0,0.0,1.0,0.0,0.0,0.0,0.75,0.32749675882297574,0.0,0.3567174007815312,1.0,0.0,0.0,0.0,1.0,0.0,0.0,0.0,0.25,0.0,1.0,0.0627165592908208,0.0,0.75,0.08822142394607607,0.32749675882297574,0.25,0.23664494857698012
WT_07__TO__SCA3_06,drive_late,WT_07,SCA3_06,False,4,0.0,0.0,0.0,1.0,0.0,0.0,0.0,1.0,0.0,0.0,0.0,1.0,0.0,0.0,0.0,1.0,0.0,0.0,0.0,1.0,0.0,0.0,0.0,0.75,0.27639954989668025,0.0,0.40927112863222775,1.0,0.0,0.0,0.0,1.0,0.0,0.0,0.0,0.25,0.0,1.0,0.0627165592908208,0.0,0.75,0.1135030800121154,0.27639954989668025,0.25,0.22257039632806683
WT_07__TO__SCA3_09,coupled,WT_07,SCA3_09,False,12,0.0,0.0,0.0,1.0,0.0,0.0,0.0,1.0,0.0,0.0,0.0,1.0,0.0,0.0,0.059412719578393794,1.0,0.0,0.0,0.0,1.0,0.0,0.0,0.0,0.7500000000000001,0.3390401379420752,0.0,0.491081502534008,1.0,0.0,0.0,0.0,1.0,0.0,0.0,0.0,0.25000000000000006,0.0,1.0,0.0627165592908208,0.0,0.7500000000000001,0.1135030800121154,0.3390401379420752,0.25000000000000006,0.5401232262036606
WT_07__TO__SCA3_09,drive_early,WT_07,SCA3_09,False,12,0.0,0.0,0.0,1.0,0.0,0.0,0.0,1.0,0.0,0.0,0.0,1.0,0.08773836638980906,0.0,0.31112458964024353,1.0,0.0,0.0,0.0,1.0,0.0,0.0,0.0,0.5000000000000001,0.24272682709513618,0.0,0.31613488661623446,1.0,0.0,0.0,0.0,1.0,0.0,0.0,0.0,0.25000000000000006,0.0,1.0,0.0627165592908208,0.08773836638980906,0.5000000000000001,0.4426132825393867,0.24272682709513618,0.25000000000000006,0.6123472203094078
WT_07__TO__SCA3_09,drive_late,WT_07,SCA3_09,False,12,0.0,0.0,0.0,1.0,0.0,0.0,0.0,1.0,0.0,0.0,0.0,1.0,0.0,0.0,0.061023000594343395,1.0,0.0,0.0,0.0,1.0,0.0,0.0,0.0,0.8333333333333334,0.5078830619709703,0.0,0.6910201402743824,1.0,0.0,0.0,0.0,1.0,0.0,0.0,0.0,0.25000000000000006,0.0,1.0,0.0627165592908208,0.0,0.8333333333333334,0.1135030800121154,0.5078830619709703,0.25000000000000006,0.5745514521738776
WT_08__TO__SCA3_01,coupled,WT_08,SCA3_01,True,2,0.6180309063423852,0.6180309063423852,0.6363296965763399,1.0,0.6525273266603486,0.6525273266603486,0.6870427784938034,1.0,0.6535779067353216,0.6535779067353216,0.6535779067353216,0.5,0.7795542992069673,0.7795542992069673,0.799889158806983,1.0,0.7924985812332778,0.7924985812332778,0.8311122200258154,1.0,0.7860264402201225,0.7860264402201225,0.8155006894163992,1.0,0.9040503574487151,0.9040503574487151,0.9191478035939682,1.0,0.8790280096260336,0.8790280096260336,0.9039014434422301,1.0,0.8915391835373743,0.8915391835373743,0.9115246235180992,1.0,0.00210116014994588,0.5,0.9817124826851125,0.012944282026310483,1.0,0.9853169474222706,0.0054703724807948495,1.0,0.9870815078095831
WT_08__TO__SCA3_01,drive_early,WT_08,SCA3_01,True,2,0.4711153799777086,0.4711153799777086,0.5391675513972005,1.0,0.5774330988388734,0.5774330988388734,0.5887342388637992,1.0,0.6036275508527087,0.6036275508527087,0.6036275508527087,0.5,0.6939612215841734,0.6939612215841734,0.703997159464582,1.0,0.7197387839308675,0.7197387839308675,0.7473721219530092,1.0,0.7168859406379291,0.7168859406379291,0.7256846407087956,1.0,0.8522505819904538,0.8522505819904538,0.8599430952453675,1.0,0.8138138117090898,0.8138138117090898,0.8361458422647314,1.0,0.8330321968497718,0.8330321968497718,0.8480444687550495,1.0,0.007184343927967407,0.5,0.9826213839438089,0.005705686585877001,1.0,0.9874817815338132,0.009157735679907963,1.0,0.9831831638543397
WT_08__TO__SCA3_01,drive_late,WT_08,SCA3_01,True,2,0.6978261020821065,0.6978261020821065,0.7145723781313944,1.0,0.701913540490453,0.701913540490453,0.754490327455003,1.0,0.6998698212862797,0.6998698212862797,0.7345313527931987,1.0,0.8283115051026987,0.8283115051026987,0.8552152715310797,1.0,0.8432222007859479,0.8432222007859479,0.879055425404168,1.0,0.8357668529443233,0.8357668529443233,0.8671353484676239,1.0,0.9309834839793412,0.9309834839793412,0.9442841687808794,1.0,0.911355573912643,0.911355573912643,0.9320508115546826,1.0,0.921169528945992,0.921169528945992,0.938167490167781,1.0,0.0040874384083464665,1.0,0.9907258092870433,0.014910695683249209,1.0,0.9860354490752287,0.004838804385695505,1.0,0.985498229661565
WT_08__TO__SCA3_02,coupled,WT_08,SCA3_02,False,7,0.5875170004716147,0.36221418340307715,0.7036113904260122,1.0,0.4658078400880017,0.16141993839490684,0.7336350888315797,1.0,0.6481003678940034,0.581414738412531,0.9301918548331733,0.5714285714285714,1.0,1.0,1.0,0.14285714285714285,1.0,1.0,1.0,0.14285714285714285,1.0,1.0,1.0,0.14285714285714285,,,,0.0,,,,0.0,,,,0.0,0.03161167571588802,0.5714285714285714,0.9780924939542892,0.0,0.14285714285714285,0.9809037233871624,,0.0,
WT_08__TO__SCA3_02,drive_early,WT_08,SCA3_02,False,7,0.9301868398463347,0.5098195969880859,0.978197825370096,1.0,0.9423628373423549,0.5228320548227565,0.9827384014483684,1.0,0.9363364937211541,0.5163258259054213,0.9804539671331497,1.0,1.0,1.0,1.0,0.14285714285714285,1.0,1.0,1.0,0.14285714285714285,1.0,1.0,1.0,0.14285714285714285,,,,0.0,,,,0.0,,,,0.0,0.005016642658970449,1.0,0.9822564022322523,0.0,0.14285714285714285,0.9809037233871624,,0.0,
WT_08__TO__SCA3_02,drive_late,WT_08,SCA3_02,False,7,0.5190754559514281,0.36207330356873574,0.8182218738589886,1.0,0.413012709860583,0.07466714709262277,0.8837634927037918,1.0,0.8181197101239773,0.7099164863776114,0.9496116027536291,0.5714285714285714,0.36885443084943986,0.36835072375222433,0.3689729804644592,0.5714285714285714,0.09698290310915905,0.09615165319786333,0.10819336680327074,0.5714285714285714,1.0,1.0,1.0,0.14285714285714285,0.37419274900470895,0.37409873689133155,0.374312831588817,0.42857142857142855,0.11447022970859239,0.11442271181151026,0.11831365194776916,0.42857142857142855,,,,0.0,0.07660885379046523,0.5714285714285714,0.7056665531520125,0.2601573569489536,0.14285714285714285,0.6254922567676997,0.25218285155338865,0.0,0.7833578073647867
WT_08__TO__SCA3_04,coupled,WT_08,SCA3_04,True,6,0.5644534488732376,0.448771388227654,0.6474003862469598,1.0,0.6228825239649343,0.4142182452319605,0.7020773902348302,1.0,0.6121938414115414,0.5633169258448184,0.6967484841593441,0.8333333333333333,0.8481475013224421,0.6927144705626864,0.8619783160193986,1.0,0.9055948880669876,0.6806702922413078,0.9218858906524054,1.0,0.8761243126544346,0.6907927226502273,0.888205203107812,1.0,0.7441052363141821,0.7441052363141821,0.8688420169119981,0.3333333333333333,0.8495149863585374,0.7343965875985866,0.9652388821999315,0.49999999999999994,0.7392509119563844,0.7392509119563844,0.8597839987167111,0.3333333333333333,0.04658625038445908,0.8333333333333333,0.9050752951003337,0.05591818323336862,1.0,0.9184942844721048,0.009708648715595514,0.3333333333333333,0.8788931246352347
WT_08__TO__SCA3_04,drive_early,WT_08,SCA3_04,True,6,0.5888670152405056,0.5201468748696593,0.6428580600455335,1.0,0.6776987858220522,0.5193522020946325,0.7128593486127344,1.0,0.6332829005312789,0.5197495384821459,0.6778587043291339,1.0,0.845373584581345,0.784706406373161,0.8517433283831576,1.0,0.8859343263355474,0.8207174703477397,0.9133940577712367,1.0,0.8681013239484282,0.8027119383604503,0.8813450088322061,1.0,0.9390414402763826,0.9390414402763826,0.9643695689821175,0.3333333333333333,0.8728635176486527,0.7957270352973054,0.9534083203665227,0.49999999999999994,0.9698488488439262,0.9698488488439262,0.9698488488439262,0.16666666666666666,0.06562129026869695,1.0,0.9120828389423947,0.03566600477423832,1.0,0.8852545983216364,0.03969769768785247,0.16666666666666666,0.8824290737963514
WT_08__TO__SCA3_04,drive_late,WT_08,SCA3_04,True,6,0.43576781071613263,0.3672509667691075,0.604332075276492,1.0,0.31718011899414333,0.15985360269460364,0.6090835867687888,1.0,0.5303087538566764,0.3530978734855941,0.6831069081886043,0.6666666666666666,0.854587569309748,0.6476449053716682,0.8655235316081554,1.0,0.892305837061853,0.48495501629858717,0.9290751858932109,1.0,0.8856498387538416,0.8479012341581009,0.895415499749704,0.8333333333333333,0.7217431886312795,0.4480018378455692,0.996602629055215,0.49999999999999994,0.5790279428116698,0.1924598382962734,0.9706621977088082,0.49999999999999994,0.9827764726484784,0.9827764726484784,0.9867245333919952,0.3333333333333333,0.03484747925395594,0.6666666666666666,0.8416227467010161,0.03109782145850638,0.8333333333333333,0.9255231358722547,0.02199237060289016,0.3333333333333333,0.8733841645961604
WT_08__TO__SCA3_05,coupled,WT_08,SCA3_05,False,7,0.3929762337767632,0.3066910735494022,0.7186154384240449,1.0,0.3704042199235921,0.27036078543997416,0.7117443508012186,1.0,0.38169022685017767,0.28852592949468825,0.7151798946126318,1.0,0.637034683120407,0.419767213099606,0.9375716010479722,1.0,0.6096601077343472,0.36205896685914385,0.9479816606891326,1.0,0.623347395427377,0.3909130899793749,0.9427766308685523,1.0,0.513184256920398,0.513184256920398,0.513184256920398,0.14285714285714285,0.46517870332102795,0.3188146671095846,0.8017048309966858,0.5714285714285714,,,,0.0,0.015144629069172551,1.0,0.9712286798549337,0.0186837863312449,1.0,0.9676902022719036,0.19436958981081343,0.0,0.8475061674353286
WT_08__TO__SCA3_05,drive_early,WT_08,SCA3_05,False,7,0.4493120871570734,0.3739233957956939,0.7141066758015754,1.0,0.4604292054817308,0.36903882180335434,0.7140114898230067,1.0,0.4548706463194021,0.3714811087995241,0.7146785306289348,1.0,0.697069923567589,0.5416675552778112,0.9218011915977162,1.0,0.7070483866562566,0.4958274248880537,0.9463842845664769,1.0,0.7020591551119229,0.5187474900829324,0.9340927380820966,1.0,0.685436341326573,0.685436341326573,0.685436341326573,0.14285714285714285,0.5579572731980463,0.524305446448107,0.8521908967721626,0.5714285714285714,,,,0.0,0.006270941515034712,1.0,0.9667097935115108,0.01800936666688452,1.0,0.967879446717317,0.1611308948784661,0.0,0.9716127880004787
WT_08__TO__SCA3_05,drive_late,WT_08,SCA3_05,False,7,0.4828427591959381,0.26111708372046044,0.7202292225567987,1.0,0.22733613686204898,0.15711830946473015,0.6792710973885653,1.0,0.25560864896600966,0.21965845037358173,0.7138036705447441,0.8571428571428571,0.5896303370631422,0.44276483643830394,0.9474534557192242,1.0,0.3716015216310585,0.22082417061147633,0.9615850669913505,1.0,0.685647326247921,0.416442235848392,0.9618220358267129,0.7142857142857143,0.7143207939114914,0.7143207939114914,0.7143207939114914,0.14285714285714285,0.2725231250918955,0.16304114455563135,0.5102031002698795,0.5714285714285714,,,,0.0,0.026989435242205026,0.8571428571428571,0.9292997139283861,0.05303729220274521,0.7142857142857143,0.9250110632079159,0.55127964935586,0.0,0.5791737670196088
WT_08__TO__SCA3_06,coupled,WT_08,SCA3_06,True,1,0.49624258503516144,0.49624258503516144,0.49624258503516144,1.0,0.54419079552049,0.54419079552049,0.54419079552049,1.0,0.5202166902778257,0.5202166902778257,0.5202166902778257,1.0,0.681034327812895,0.681034327812895,0.681034327812895,1.0,0.7016149167319141,0.7016149167319141,0.7016149167319141,1.0,0.6913246222724045,0.6913246222724045,0.6913246222724045,1.0,0.8194646116529762,0.8194646116529762,0.8194646116529762,1.0,0.7849292622514839,0.7849292622514839,0.7849292622514839,1.0,0.80219693695223,0.80219693695223,0.80219693695223,1.0,0.047948210485328546,1.0,0.9965850509675239,0.02058058891901915,1.0,0.9815428585300976,0.03453534940149239,1.0,0.9945276915636901
WT_08__TO__SCA3_06,drive_early,WT_08,SCA3_06,True,1,0.42575817604341054,0.42575817604341054,0.42575817604341054,1.0,0.47092043972659603,0.47092043972659603,0.47092043972659603,1.0,0.4483393078850033,0.4483393078850033,0.4483393078850033,1.0,0.5853099089323168,0.5853099089323168,0.5853099089323168,1.0,0.6090053173722092,0.6090053173722092,0.6090053173722092,1.0,0.597157613152263,0.597157613152263,0.597157613152263,1.0,0.714402875089921,0.714402875089921,0.714402875089921,1.0,0.6774515275685496,0.6774515275685496,0.6774515275685496,1.0,0.6959272013292352,0.6959272013292352,0.6959272013292352,1.0,0.04516226368318549,1.0,0.9771036073791952,0.023695408439892374,1.0,0.9844343902288317,0.0369513475213713,1.0,0.9703403392417902
WT_08__TO__SCA3_06,drive_late,WT_08,SCA3_06,True,1,0.5200775224223825,0.5200775224223825,0.5200775224223825,1.0,0.5662772542413914,0.5662772542413914,0.5662772542413914,1.0,0.5431773883318869,0.5431773883318869,0.5431773883318869,1.0,0.7540311953434335,0.7540311953434335,0.7540311953434335,1.0,0.7724293774108482,0.7724293774108482,0.7724293774108482,1.0,0.7632302863771409,0.7632302863771409,0.7632302863771409,1.0,0.8812835805126399,0.8812835805126399,0.8812835805126399,1.0,0.8482887920089268,0.8482887920089268,0.8482887920089268,1.0,0.8647861862607833,0.8647861862607833,0.8647861862607833,1.0,0.04619973181900894,1.0,0.9934090535241906,0.018398182067414615,1.0,0.9890490886984514,0.03299478850371307,1.0,0.9939099883025139
WT_08__TO__SCA3_09,coupled,WT_08,SCA3_09,True,3,0.22386364440140205,0.21110146530541213,0.3009601087084906,1.0,0.15829342241131394,0.12260572704286671,0.2683585317089687,1.0,0.191078533406358,0.16685359617413942,0.28465932020872964,1.0,0.2742650106394408,0.22419020493758648,0.4111755448746975,1.0,0.22549132537298783,0.1622600790133748,0.37911001452712006,1.0,0.2498781680062143,0.19322514197548063,0.3951427797009087,1.0,0.46922120628401537,0.3596786411813337,0.6510288925880239,1.0,0.2922077531461973,0.2371415082110338,0.44961629483647786,1.0,,,,0.0,0.022558448281413002,1.0,0.6936273902507578,0.02851381608646053,1.0,0.9757535141298251,0.11685910203023764,0.0,0.8953558016879223
WT_08__TO__SCA3_09,drive_early,WT_08,SCA3_09,True,3,0.3541045776735494,0.2821135854684508,0.43208769007504955,1.0,0.3253997182839301,0.23028750606106863,0.428718174708587,1.0,0.33975214797873976,0.2562005457647597,0.43040293239181826,1.0,0.5787611513534271,0.5560633593926034,0.6106346654280618,1.0,0.5029266205247285,0.41734327230937207,0.5912990610218718,1.0,0.5949844560271678,0.5949844560271678,0.6069492704227657,0.6666666666666666,0.762302182405762,0.7594426161510618,0.8000959224799643,1.0,0.6208315219445436,0.5692850001310432,0.6877508640688514,1.0,0.718769896209253,0.718769896209253,0.718769896209253,0.3333333333333333,0.004428248010787783,1.0,0.868067048861972,0.02572223423821407,0.6666666666666666,0.9815096772930536,0.1319064119198074,0.3333333333333333,0.9727217722405589
WT_08__TO__SCA3_09,drive_late,WT_08,SCA3_09,True,3,0.4690069780973777,0.4374325058579715,0.527111947186696,1.0,0.10538938465920877,0.08530880296466414,0.21335253288270067,1.0,0.4887908414031631,0.4887908414031631,0.4887908414031631,0.3333333333333333,0.5720634795781824,0.5327697669550113,0.6399750434662284,1.0,0.12936795969770262,0.10649218556873255,0.28801747453096327,1.0,0.710583646952344,0.710583646952344,0.710583646952344,0.3333333333333333,0.5758387964755378,0.5365140803935688,0.691683542113124,1.0,0.1441856773385073,0.12024471614442724,0.3278380853736083,1.0,,,,0.0,0.16777187868572976,0.3333333333333333,0.1554775861954928,0.2055079668726786,0.3333333333333333,0.3407371569820295,0.24132932337214305,0.0,0.4684635028745821
WT_09__TO__SCA3_01,coupled,WT_09,SCA3_01,True,12,0.36395378548069524,0.2816468644595188,0.4332528377174177,1.0,0.4610205514987522,0.30381482546227934,0.5061979516925519,1.0,0.4067095698503306,0.28053816382637065,0.4653155326355533,0.8333333333333334,0.6402271073882175,0.48865274322930913,0.7206328768463094,1.0,0.696176746688662,0.44389450852685575,0.7365950731565196,1.0,0.6682019270384398,0.4666586994772581,0.7231264324274798,1.0,0.8385737784215258,0.6247486153984101,0.8722642649585985,1.0,0.8045954331563592,0.5255961831267337,0.8292658324225286,1.0,0.8263585358143619,0.5751723992625719,0.8522027236906473,1.0,0.05538271933126877,0.8333333333333334,0.9891804788513678,0.026089803830233176,1.0,0.987017401844923,0.041562269156615525,1.0,0.9833746190827108
WT_09__TO__SCA3_01,drive_early,WT_09,SCA3_01,True,12,0.1913824651942023,0.16524159370470864,0.210464849466261,1.0,0.21024314258648671,0.20495678092343048,0.2818750039961858,1.0,0.2003001874815316,0.18701203206617867,0.2127999874614727,0.9166666666666667,0.3365756283033879,0.2970078671705281,0.4240273954061538,1.0,0.35219694828065123,0.2837256661965612,0.47853413173219955,1.0,0.34438628829201956,0.29490828364959865,0.4512807635691767,1.0,0.47374946456656775,0.3646134704431407,0.6156238606909703,1.0,0.4351411232767705,0.32402673402199444,0.589828456088924,1.0,0.46159255259223436,0.3423801553646775,0.6444560851385519,0.9166666666666667,0.039969171917796836,0.9166666666666667,0.990612496662841,0.022233719737966055,1.0,0.9895860568120117,0.03803786929243463,0.9166666666666667,0.9853526593827586
WT_09__TO__SCA3_01,drive_late,WT_09,SCA3_01,True,12,0.5946367099159808,0.44334221260705403,0.6618509528533417,1.0,0.6630246466977466,0.4039665148019258,0.7253620749624564,1.0,0.6316094317030289,0.38261360453106485,0.7174678488479526,0.9166666666666667,0.8223043000530272,0.6579208519821402,0.8351291154185227,1.0,0.8636772792062134,0.6235390142997987,0.8713957686315486,1.0,0.8468500343422879,0.6407299331409694,0.8528240674359344,1.0,0.9318850146618567,0.793747841563981,0.9382965777928762,1.0,0.9201084877261143,0.7141353395958961,0.9296262679656833,1.0,0.9260273683756588,0.8203825833475349,0.9399059111973069,0.8333333333333334,0.03937569780512822,0.9166666666666667,0.9905486560576552,0.032434451763511445,1.0,0.9889316869476813,0.011715292572395786,0.8333333333333334,0.9876596844922414
WT_09__TO__SCA3_02,coupled,WT_09,SCA3_02,False,42,0.377340309192574,0.10656940854094557,0.8065154436124727,1.0,0.43293113274404355,0.1682347456158627,0.8706837834024346,1.0,0.40311973395267126,0.12421331016559752,0.8446181679357868,0.9761904761904762,0.3916440213644918,0.33471130624584533,0.5921752235407834,0.4285714285714286,0.2522651589877119,0.17600800361896765,0.47064612356036484,0.4285714285714286,0.3678787106083877,0.04232348177105738,0.5560278626539163,0.2857142857142857,0.10160023925808184,0.0858809544969858,0.4795856966608389,0.09523809523809523,0.22865921561329242,0.10015114469964448,0.39082607040772915,0.33333333333333337,0.07048957884397453,0.061547782214654595,0.4415531186892607,0.09523809523809523,0.03192568214942946,0.9761904761904762,0.9921845704801587,0.01975599708678217,0.2857142857142857,0.8027296290196471,0.062221320828214646,0.09523809523809523,0.87941221682037
WT_09__TO__SCA3_02,drive_early,WT_09,SCA3_02,False,42,0.330171136300894,0.1918753815095172,0.4843567671025961,1.0,0.3773380867623703,0.23350056818630974,0.5523628114775458,1.0,0.35948096049125383,0.2059668805773143,0.5281578483764209,0.9285714285714287,0.44742792801758585,0.33431779360744807,0.6226637861982025,0.5476190476190477,0.39533041836374533,0.24122432622331103,0.6247302919694495,0.5476190476190477,0.3839238586374241,0.2987087472559863,0.5469442452328118,0.45238095238095244,0.444945399799514,0.309555314914236,0.48653630579672513,0.23809523809523808,0.41281685072486324,0.28723752920089973,0.464501793198995,0.2857142857142857,0.4288749672830297,0.2884661496738835,0.4625978138793271,0.23809523809523808,0.04203154270389126,0.9285714285714287,0.9910617556262921,0.01201658545629514,0.45238095238095244,0.9878918576375166,0.04024281934643947,0.23809523809523808,0.965142121357632
WT_09__TO__SCA3_02,drive_late,WT_09,SCA3_02,False,42,0.671155186771416,0.025436540045729046,0.8974968832232453,1.0,0.7001135238778168,0.027870451151019462,0.9357442341618328,1.0,0.42567616258430063,0.025356413944445377,0.9112106342046621,0.9047619047619049,0.6193235064655123,0.5298459167314297,0.7180015873306436,0.4285714285714286,0.05162945250513916,0.051032749542631525,0.5980520043783333,0.4285714285714286,0.8735694432579157,0.6137594432883604,0.8926947651947382,0.14285714285714285,0.4198976193968993,0.39567178240468764,0.7610064298601001,0.14285714285714285,0.053032277071399535,0.04031098925840718,0.06547386038113301,0.33333333333333337,,,,0.0,0.011016145045122588,0.9047619047619049,0.9917705616643558,0.3926066066029742,0.14285714285714285,0.7304728796846521,0.3679107391120689,0.0,0.7716477329205708
WT_09__TO__SCA3_04,coupled,WT_09,SCA3_04,True,36,0.35658277836618074,0.060623884348534184,0.5003158695910978,1.0,0.296234420692556,0.07446040124984711,0.5889014962473854,1.0,0.24127688428530755,0.06465693683746165,0.5423965331548,0.9444444444444445,0.6951221497733518,0.38295756322908514,0.8500000000000002,1.0,0.5684913659564351,0.165118612137134,0.8497940710226815,1.0,0.6259801144908143,0.3896173794120452,0.8356242867421351,0.888888888888889,0.8500000000000001,0.49431491692323637,0.967562874138141,0.5,0.4723456895174399,0.16821815060747441,0.8154234977589321,0.7222222222222222,0.7487499084377744,0.37584132235800416,0.9587097511984698,0.25000000000000006,0.0338862502929066,0.9444444444444445,0.9887946998842602,0.028478932012304562,0.888888888888889,0.9628903565102587,0.09673156766028179,0.25000000000000006,0.9263510943101059
WT_09__TO__SCA3_04,drive_early,WT_09,SCA3_04,True,36,0.228546241187382,0.06976012122548964,0.39380919691561156,1.0,0.2853409843843329,0.08092921617454689,0.4289662946060129,1.0,0.1858819432038754,0.07431674024166297,0.3871452990321991,0.9444444444444445,0.5043377899909436,0.1648032510487939,0.7231852848300662,1.0,0.4656907719118064,0.1690966806395283,0.6796047825812235,1.0,0.4763353226920146,0.16330320867178214,0.6995202448134866,0.9166666666666667,0.6696391841418716,0.3275938971844281,0.875,0.6666666666666666,0.3570169330915936,0.1786238419967018,0.7162844963014017,0.8611111111111109,0.4451289309124699,0.2134808451114381,0.9421428428520833,0.3055555555555556,0.029114228896001605,0.9444444444444445,0.9891875567746704,0.014919502522294351,0.9166666666666667,0.974820958383991,0.10652309870468946,0.3055555555555556,0.9038562279085862
WT_09__TO__SCA3_04,drive_late,WT_09,SCA3_04,True,36,0.4858998098981613,0.05245525122784695,0.641168811462813,1.0,0.44498003243978645,0.04977089172302095,0.6856163483813532,1.0,0.46543992116897387,0.052044019922129536,0.6814896951909563,0.9444444444444445,0.8298366385860323,0.5128867955744323,0.8911087686173789,1.0,0.7777529865754923,0.1410292305793708,0.928365657712357,1.0,0.8844002024032656,0.64451112702565,0.9227002559740197,0.7222222222222222,0.9444277749893141,0.5725466294893461,0.9817853210187948,0.47222222222222227,0.47269101901068683,0.10204645965820838,0.9260575751033158,0.7222222222222222,0.947273472202565,0.7311122332583615,0.9733806747159109,0.3055555555555556,0.03984874257963079,0.9444444444444445,0.9833235913679135,0.032152895301990746,0.7222222222222222,0.9550795620990404,0.06896841453017293,0.3055555555555556,0.8952799500783948
WT_09__TO__SCA3_05,coupled,WT_09,SCA3_05,False,42,0.1697395017729673,0.1028887359823136,0.4401702010473635,1.0,0.1994359289911699,0.11478909973303046,0.46743753654927966,1.0,0.1768923453092432,0.10124763471608635,0.3995342573551511,0.9047619047619049,0.4704475653890053,0.3280180614019487,0.8694449094627721,1.0,0.40015391914779574,0.29866790365308526,0.8543398302892401,1.0,0.40543155795813657,0.31574934172062247,0.8772215774705399,0.9047619047619049,0.5366622997882807,0.32548950658917203,0.7678595475999982,0.33333333333333337,0.42339807479715025,0.3128761927615718,0.5535093393727658,0.7857142857142857,0.22377132801119862,0.13057522078579717,0.4183302492146652,0.11904761904761904,0.024114672882406565,0.9047619047619049,0.9889279167712449,0.025770707457820258,0.9047619047619049,0.9758356571132983,0.11693321898193533,0.11904761904761904,0.9237848886072028
WT_09__TO__SCA3_05,drive_early,WT_09,SCA3_05,False,42,0.1469977320775138,0.11536706098076138,0.3355782055575649,1.0,0.17405163449175645,0.1436325365377323,0.39410627624794337,1.0,0.1627524662220658,0.13111027615965604,0.3500843478573713,0.9761904761904762,0.3508022650724451,0.2786313225387932,0.6243545805337111,1.0,0.354428802714206,0.2727496253529863,0.572982488535678,1.0,0.3445418544965793,0.2684505693308099,0.5855875202971155,0.9523809523809523,0.672048280738404,0.43459600692689526,0.8123802383502008,0.5000000000000001,0.34238102941865783,0.2874848645938275,0.5757372275131256,0.8333333333333334,0.21195534106781855,0.1552581185355102,0.36068002306530783,0.11904761904761904,0.02586999722768374,0.9761904761904762,0.9886987151429473,0.015742709243897195,0.9523809523809523,0.9839166423954808,0.15225891467785824,0.11904761904761904,0.8235393161042923
WT_09__TO__SCA3_05,drive_late,WT_09,SCA3_05,False,42,0.24499132304534513,0.10528750751449138,0.675345296631131,1.0,0.18637835631188163,0.11034222260334182,0.6656486827185041,1.0,0.1994415896344647,0.1090929975538418,0.6855538747141744,0.9523809523809523,0.7803487842181837,0.528898005523506,0.9111324372854198,1.0,0.4984211765613652,0.31384353716317054,0.9159514008141478,1.0,0.8437624959108324,0.34172263384084434,0.9342252906170325,0.6190476190476191,0.6013861179636746,0.29084157611090605,0.827450092398364,0.26190476190476186,0.3927428122471268,0.1645193860844561,0.5909265006218208,0.6428571428571429,0.11230405548522432,0.11230405548522432,0.11230405548522432,0.023809523809523808,0.02036623359287159,0.9523809523809523,0.9890003315817628,0.054956657304404806,0.6190476190476191,0.9675251004307512,0.21528071211968386,0.023809523809523808,0.824153822301797
WT_09__TO__SCA3_06,coupled,WT_09,SCA3_06,True,6,0.4561251878743326,0.2946180582102272,0.4908860239789449,1.0,0.5089819667093355,0.3629513071223297,0.523057296850642,1.0,0.4931817551775176,0.32878468266627847,0.5053519507552523,1.0,0.6958984619902797,0.5997617055624163,0.8161695752600637,1.0,0.7349695741084802,0.6221898090460829,0.8261153633100998,1.0,0.7154340180493799,0.6109757573042496,0.8211424692850817,1.0,0.8445368931453495,0.7766275189931242,0.9135959762451701,1.0,0.8134106360114958,0.7245147638469481,0.8878770528934893,1.0,0.8289737645784226,0.7505711414200362,0.9007365145693297,1.0,0.04394160411482668,1.0,0.9884515251470667,0.008138787541608685,1.0,0.9923439963662668,0.02705857495135766,1.0,0.9872174093963295
WT_09__TO__SCA3_06,drive_early,WT_09,SCA3_06,True,6,0.2035813609257682,0.16535507754834158,0.22074077285675694,1.0,0.2509269615766239,0.18925625137896682,0.2794240450019638,1.0,0.22725416125119607,0.1773056644636542,0.25008240892936034,1.0,0.40654544835330836,0.3546720041262375,0.43692730420013104,1.0,0.4351401291934627,0.3388019226346916,0.4538144318347277,1.0,0.42084278877338555,0.34673696338046456,0.44537086801742937,1.0,0.6438158613225509,0.5627874660653566,0.7226637286348444,1.0,0.5246580531371134,0.42187948527476976,0.5600216475731727,1.0,0.5446266463532112,0.5437223447321499,0.5635964055211892,0.49999999999999994,0.04734560065085572,1.0,0.9918582126589932,0.016105536753384164,1.0,0.9881378863463515,0.052046166321224184,0.49999999999999994,0.9798859188823821
WT_09__TO__SCA3_06,drive_late,WT_09,SCA3_06,True,6,0.6901551317897164,0.35362585651503187,0.8014894337260633,1.0,0.7457714944105176,0.39030172419627296,0.8199884831662664,1.0,0.7179633131001171,0.3719637903556524,0.8107389584461648,1.0,0.8434946614191424,0.6592509054213154,0.8970837982184771,1.0,0.864516487780968,0.6433315183293616,0.905611864057162,1.0,0.8540055746000552,0.6512912118753384,0.9013478311378196,1.0,0.9247253077080967,0.8447952018349498,0.9514979665729631,1.0,0.9071410428530009,0.7878822927538139,0.9372119032784156,1.0,0.9159331752805489,0.8163387472943819,0.94444776627699,1.0,0.02252431044107217,1.0,0.9920891415040118,0.010915930567818814,1.0,0.990028239981528,0.01529224921557959,1.0,0.9812139233766254
WT_09__TO__SCA3_09,coupled,WT_09,SCA3_09,True,18,0.19509343454612008,0.0536261532910519,0.42030306372765414,1.0,0.2613974236359784,0.06361294768008402,0.36457116487198293,1.0,0.20755840602752507,0.054113253865019986,0.3496069778919978,0.8333333333333331,0.6025004756659589,0.5420545964470188,0.8622676840578787,1.0,0.5257738877987601,0.1514279077055151,0.6226388121893316,1.0,0.5420477149672221,0.5086693378496236,0.6657810592015533,0.7777777777777777,0.8643617209479445,0.7224920217955076,0.8778647184264642,1.0,0.583886223363298,0.15549257265263297,0.7648976657878,1.0,0.7425032937777044,0.461139192770061,0.9395401159214931,0.38888888888888884,0.055082107913892314,0.8333333333333331,0.9899257429167554,0.0136835518646008,0.7777777777777777,0.9849027673349613,0.10508736080918127,0.38888888888888884,0.9800028813670059
WT_09__TO__SCA3_09,drive_early,WT_09,SCA3_09,True,18,0.15489442645896476,0.08044007798762207,0.31724235705029497,1.0,0.18616858003186967,0.10664353112057696,0.4003186944909143,1.0,0.17053150324541722,0.09455562792476058,0.3555789619121338,1.0,0.5895898745098789,0.3308421162087793,0.7649861612510089,1.0,0.34284699348869124,0.23071235388213832,0.5921407834864915,1.0,0.5834531158813188,0.3183897346145203,0.6309650530709242,0.7777777777777777,0.8638993170051137,0.7044273241801527,0.8859346565191603,1.0,0.5936016722900114,0.325288929520096,0.6633061614551544,1.0,0.6635928534591803,0.4625921258199955,0.7618016621343211,0.3333333333333333,0.026303441124370875,1.0,0.9904673642960581,0.040089422735500646,0.7777777777777777,0.9871572536191309,0.11763427572656796,0.3333333333333333,0.9808991369389674
WT_09__TO__SCA3_09,drive_late,WT_09,SCA3_09,True,18,0.08226731697527974,0.03636827594587551,0.4261435066579432,1.0,0.0768696630746576,0.040477550484666586,0.34865966529792114,1.0,0.07520727396636245,0.03612585469183523,0.44155533895265875,0.9444444444444444,0.7318157074618215,0.5286920448968251,0.8931008439250995,1.0,0.2696105521592742,0.09942976041493826,0.6418187030159718,1.0,0.8092552509816415,0.3924037551246327,0.9153933294287449,0.4444444444444445,0.8564212566499757,0.6771554050566541,0.9505810235517439,1.0,0.3170099800404425,0.10185213092709365,0.8003143189640084,1.0,0.92725365797999,0.49884770581415855,0.9659249463560907,0.3333333333333333,0.005590795719248366,0.9444444444444444,0.9900312804331369,0.14439580559510265,0.4444444444444445,0.9684104057953024,0.20127306747935567,0.3333333333333333,0.9684104057953024
WT_10__TO__SCA3_01,coupled,WT_10,SCA3_01,True,2,0.4197493366135402,0.4197493366135402,0.4513010294229868,1.0,0.4783373040527817,0.4783373040527817,0.5325843002699362,1.0,0.44904332033316097,0.44904332033316097,0.44904332033316097,0.5,0.6741142935210023,0.6741142935210023,0.7016598763477422,1.0,0.7121869345055498,0.7121869345055498,0.7500830261529127,1.0,0.693150614013276,0.693150614013276,0.7258714512503275,1.0,0.8641745676300951,0.8641745676300951,0.8762459260006163,1.0,0.8339213787487592,0.8339213787487592,0.8558938909746092,1.0,0.8490479731894272,0.8490479731894272,0.8660699084876127,1.0,0.058587967439241495,0.5,0.9905024175835768,0.038072640984547546,1.0,0.9917132647083342,0.010450881170678272,1.0,0.9878142488820599
WT_10__TO__SCA3_01,drive_early,WT_10,SCA3_01,True,2,0.23355422668228265,0.23355422668228265,0.23598049320094003,1.0,0.28091227024195853,0.28091227024195853,0.28572478385797806,1.0,0.259659514980778,0.259659514980778,0.26085263852945906,1.0,0.392708354267761,0.392708354267761,0.40559464686890156,1.0,0.4282901519516222,0.4282901519516222,0.43447807783667014,1.0,0.4104992531096916,0.4104992531096916,0.42003636235278585,1.0,0.5147241097987312,0.5147241097987312,0.5628117642940715,1.0,0.4916989251568098,0.4916989251568098,0.5236405207104299,1.0,0.5032115174777705,0.5032115174777705,0.5432261425022507,1.0,0.04250551052236112,1.0,0.9904233211026457,0.02218506425167599,1.0,0.9848076141483099,0.02302518464192138,1.0,0.9887369127511376
WT_10__TO__SCA3_01,drive_late,WT_10,SCA3_01,True,2,0.6364553816118728,0.6364553816118728,0.6904362639678711,1.0,0.6894259936286481,0.6894259936286481,0.7487475942186055,1.0,0.6629406876202604,0.6629406876202604,0.7195919290932382,1.0,0.8214200936431669,0.8214200936431669,0.8509303896227354,1.0,0.8479575792482511,0.8479575792482511,0.8790674933070477,1.0,0.834688836445709,0.834688836445709,0.8649989414648915,1.0,0.9301804586489703,0.9301804586489703,0.9425514053071018,1.0,0.9138154748264163,0.9138154748264163,0.9323409109720195,1.0,0.9219979667376933,0.9219979667376933,0.9374461581395606,1.0,0.05297061201677533,1.0,0.9952696618593962,0.026537485605084177,1.0,0.984461471163762,0.004056004847610595,1.0,0.9915876720562923
WT_10__TO__SCA3_02,coupled,WT_10,SCA3_02,False,7,0.19227626595275935,0.005407432869281438,0.4537990965722059,1.0,0.19820041595475701,0.005561428687998284,0.47143224961661206,1.0,0.1952383409537582,0.005484430778639861,0.462615673094409,1.0,0.05388511805499323,0.04800626730049866,0.07581295070886278,0.5714285714285714,0.04501883862712065,0.039779816830873754,0.06352967550289387,0.5714285714285714,0.04945197834105694,0.04389304206568621,0.06967131310587832,0.5714285714285714,0.1603638045622222,0.14110643447851112,0.2140924027223149,0.42857142857142855,0.06494763871830848,0.061022168704069485,0.07688294578364939,0.42857142857142855,0.1010643015912903,0.1010643015912903,0.1010643015912903,0.14285714285714285,0.005924150001997644,1.0,0.9920195732765263,0.008866279427872575,0.5714285714285714,0.9778845970220519,0.09541616584391374,0.14285714285714285,0.9862779698453321
WT_10__TO__SCA3_02,drive_early,WT_10,SCA3_02,False,7,0.20172341947983052,0.09242680133261937,0.2969197648584238,1.0,0.215064698717142,0.14022928343914454,0.3265338408304789,1.0,0.20839405909848627,0.11632804238588194,0.31172680284445137,1.0,0.5176505364713986,0.36884222304108544,0.6115113105992678,0.8571428571428571,0.5148567688095483,0.36400274237118396,0.6126613664471774,0.8571428571428571,0.5162536526404735,0.3664224827061347,0.6120863385232227,0.8571428571428571,0.49162918465011474,0.49162918465011474,0.49162918465011474,0.14285714285714285,0.4602078117862716,0.35347325437869315,0.5670325590638403,0.42857142857142855,,,,0.0,0.028396963770271844,1.0,0.9924629459741359,0.0012856707649667731,0.8571428571428571,0.9874303207387427,0.1381559302714216,0.0,0.9959914404534281
WT_10__TO__SCA3_02,drive_late,WT_10,SCA3_02,False,7,0.3399051124093739,0.002124648349154306,0.7846234207399779,1.0,0.013419135738558675,0.0019799338185729613,0.21814151529874756,1.0,0.002251517086675139,0.002006635951596877,0.5819828149704623,0.7142857142857143,0.020918538785425114,0.01989733188410971,0.024321164301135328,0.5714285714285714,0.016534189194711564,0.015892306797333312,0.019475990197213692,0.5714285714285714,0.01872636399006834,0.017894819340721513,0.02189857724917451,0.5714285714285714,0.03575676563962278,0.035233882257296886,0.03707467256099479,0.42857142857142855,0.023641399965525722,0.023173418519396832,0.025029044487271435,0.42857142857142855,0.029699082802574252,0.02920365038834686,0.031051858524133114,0.42857142857142855,0.007512609612524225,0.7142857142857143,0.9891348687210976,0.00438434959071355,0.5714285714285714,0.9812590585702893,0.011866086600955627,0.42857142857142855,0.9704688798388313
WT_10__TO__SCA3_04,coupled,WT_10,SCA3_04,True,6,0.0419461842932082,0.005693224135789611,0.2629136833437787,1.0,0.0450058078340754,0.005682968801506171,0.2869716663096064,1.0,0.0434759960636418,0.0056880964686478915,0.27494267482669255,1.0,0.3176912565606329,0.052764192430801264,0.6336685878214102,1.0,0.2663143750586698,0.044135529017628246,0.619159611437959,1.0,0.2920028158096514,0.048449860724214755,0.6264140996296846,1.0,0.3377152111136632,0.09229349692550917,0.8555003954043077,0.8333333333333333,0.37209246437736887,0.06283312102390358,0.8877946629975247,1.0,0.08862077355830673,0.05795285443231907,0.33396419558620805,0.49999999999999994,0.003059623540867207,1.0,0.9920132894774213,0.011808169407137447,1.0,0.9822731168420746,0.061267602464613984,0.49999999999999994,0.9271716435546188
WT_10__TO__SCA3_04,drive_early,WT_10,SCA3_04,True,6,0.05011215289551234,0.010393667365012828,0.2108289909433054,1.0,0.06229551290826217,0.011561126663621796,0.23019817834207396,1.0,0.056203832901887255,0.010977397014317311,0.22051358464268966,1.0,0.18788300430970079,0.08342184072885457,0.41777959268906006,1.0,0.17846548050212238,0.07382456044580778,0.4099831529282222,1.0,0.1831742424059116,0.07862320058733117,0.4138813728086411,1.0,0.3266893306212924,0.16841351157887333,0.6029585086741951,1.0,0.24199507524557803,0.10296088033341327,0.5099695498092264,1.0,0.14427835393815705,0.12709603797412955,0.28434220293343515,0.6666666666666666,0.012183360012749833,1.0,0.9937092816302787,0.009417523807578404,1.0,0.9781980848834378,0.08247046873922927,0.6666666666666666,0.9701047836263935
WT_10__TO__SCA3_04,drive_late,WT_10,SCA3_04,True,6,0.010308343529911074,0.003519756592851713,0.3260684451170024,1.0,0.009868630805735594,0.003339833956565255,0.32594015720548497,1.0,0.010088487167823334,0.0034297952747084836,0.32600430116124374,1.0,0.11895930596342703,0.03302007611307444,0.83153458589295,1.0,0.08460511315945649,0.02660435592024258,0.8504642254072832,1.0,0.10178220956144177,0.02981221601665851,0.8409994056501167,1.0,0.35016949838577044,0.05254953745953836,0.8948959451100913,0.8333333333333333,0.09779753365056398,0.03213766435996391,0.771644699160434,0.8333333333333333,0.07201548636715992,0.0324529724239482,0.9857099142906252,0.6666666666666666,0.0004397127241754796,1.0,0.988904738000854,0.014418277784985724,1.0,0.979740923628902,0.014403521836117393,0.6666666666666666,0.9260334674754235
WT_10__TO__SCA3_05,coupled,WT_10,SCA3_05,False,7,0.02736041753812924,0.015069886404784728,0.15367801467641531,1.0,0.025344554895278086,0.015501091971920466,0.15579464452076214,1.0,0.026352486216703663,0.015285489188352597,0.1547363295985887,1.0,0.3676735083460708,0.15624311174600078,0.6747950283879937,1.0,0.3039828108325571,0.12133159303798378,0.6287475667828126,1.0,0.33582815958931395,0.1387873523919923,0.6517712975854031,1.0,0.190343612698039,0.190343612698039,0.2671058445325115,0.2857142857142857,0.2115940569147336,0.11438345382670598,0.41321173608766476,0.5714285714285714,0.1523635332623725,0.1523635332623725,0.1523635332623725,0.14285714285714285,0.0012500871744926467,1.0,0.9943486281732306,0.042441846783421625,1.0,0.9884091412892119,0.07596015887133303,0.14285714285714285,0.9751829662185519
WT_10__TO__SCA3_05,drive_early,WT_10,SCA3_05,False,7,0.05845131358000821,0.02907989211091968,0.10624241951456764,1.0,0.060749109625029205,0.034705218929314365,0.10813567016378635,1.0,0.05980121345381036,0.03189255552011702,0.10688754206223952,1.0,0.2687524498820403,0.18865695651158088,0.3994296880129761,1.0,0.2424972917989947,0.1682436735464411,0.3671341130564983,1.0,0.20453882748544036,0.1627809506467639,0.307426166299252,0.8571428571428571,0.35883138342023807,0.30945427447506313,0.4385075389498683,0.7142857142857143,0.2565565607075553,0.19993666906239385,0.349209484569763,0.7142857142857143,0.3489230126883145,0.2833729933046044,0.41506714744028567,0.42857142857142855,0.0043610340764367985,1.0,0.9938460199940379,0.019809670279115052,0.8571428571428571,0.9837278831617501,0.0804126493836479,0.42857142857142855,0.9667170861819798
WT_10__TO__SCA3_05,drive_late,WT_10,SCA3_05,False,7,0.013070627078483587,0.008491824959497686,0.6377654974710336,1.0,0.010870177386482138,0.007967894934782954,0.6393406207875794,1.0,0.011970402232482863,0.00822985994714032,0.6385530591293065,1.0,0.28765862567941025,0.08471688129482607,0.904307025898955,1.0,0.13155161059886095,0.06368063871954854,0.8990561974516225,1.0,0.4849548790309054,0.053734199019796765,0.9340873999040098,0.7142857142857143,0.07960661612600564,0.07960661612600564,0.15937506096539725,0.2857142857142857,0.11322656361835123,0.05511674623473471,0.31483251234372744,0.5714285714285714,0.06736168118037017,0.06736168118037017,0.06736168118037017,0.14285714285714285,0.0022004496920014485,1.0,0.9883582032263872,0.020331642547783788,0.7142857142857143,0.9870340084430514,0.02448986989127093,0.14285714285714285,0.9646710831840233
WT_10__TO__SCA3_06,coupled,WT_10,SCA3_06,True,1,0.5283251816592784,0.5283251816592784,0.5283251816592784,1.0,0.5339170833764013,0.5339170833764013,0.5339170833764013,1.0,0.5311211325178399,0.5311211325178399,0.5311211325178399,1.0,0.7598531309478366,0.7598531309478366,0.7598531309478366,1.0,0.7828424624049289,0.7828424624049289,0.7828424624049289,1.0,0.7713477966763828,0.7713477966763828,0.7713477966763828,1.0,0.878243745073868,0.878243745073868,0.878243745073868,1.0,0.848830019226158,0.848830019226158,0.848830019226158,1.0,0.863536882150013,0.863536882150013,0.863536882150013,1.0,0.005591901717122871,1.0,0.9798945186027637,0.022989331457092366,1.0,0.9860081528272077,0.02941372584771007,1.0,0.9942459383710383
WT_10__TO__SCA3_06,drive_early,WT_10,SCA3_06,True,1,0.20613934672223116,0.20613934672223116,0.20613934672223116,1.0,0.22533898662776186,0.22533898662776186,0.22533898662776186,1.0,0.2157391666749965,0.2157391666749965,0.2157391666749965,1.0,0.39396223986634593,0.39396223986634593,0.39396223986634593,1.0,0.3689976861502646,0.3689976861502646,0.3689976861502646,1.0,0.3814799630083053,0.3814799630083053,0.3814799630083053,1.0,0.6228293952354897,0.6228293952354897,0.6228293952354897,1.0,0.4733167444722801,0.4733167444722801,0.4733167444722801,1.0,,,,0.0,0.019199639905530697,1.0,0.9876830411381043,0.024964553716081306,1.0,0.9748692133628438,0.14951265076320963,0.0,0.9936240496375481
WT_10__TO__SCA3_06,drive_late,WT_10,SCA3_06,True,1,0.7384599149952471,0.7384599149952471,0.7384599149952471,1.0,0.7770251410838279,0.7770251410838279,0.7770251410838279,1.0,0.7577425280395376,0.7577425280395376,0.7577425280395376,1.0,0.8627747133569688,0.8627747133569688,0.8627747133569688,1.0,0.879659201421478,0.879659201421478,0.879659201421478,1.0,0.8712169573892234,0.8712169573892234,0.8712169573892234,1.0,0.932486140845347,0.932486140845347,0.932486140845347,1.0,0.9185079830922169,0.9185079830922169,0.9185079830922169,1.0,0.9254970619687819,0.9254970619687819,0.9254970619687819,1.0,0.03856522608858082,1.0,0.9982857026118152,0.016884488064509262,1.0,0.9896226887995374,0.01397815775313005,1.0,0.9940241592391411
WT_10__TO__SCA3_09,coupled,WT_10,SCA3_09,True,3,0.012309353903018388,0.005698709268547717,0.16502401849043621,1.0,0.01361147227835412,0.005453869109183579,0.16372473935982615,1.0,0.012960413090686254,0.005576289188865648,0.1643743789251312,1.0,0.12836086722435194,0.0517483665063852,0.3551014584455123,1.0,0.10744059241582468,0.043614671355514195,0.32638937562340214,1.0,0.11790072982008831,0.0476815189309497,0.3407454170344572,1.0,0.3675772583115222,0.09392403583677017,0.7146630289321594,1.0,0.1692464869802623,0.061693813284599115,0.42454418492579854,1.0,0.07780892456068464,0.07780892456068464,0.4895894450416506,0.6666666666666666,0.0015469585346998699,1.0,0.9865001533776486,0.01093073152038053,1.0,0.9802815042910892,0.04970581912328434,0.6666666666666666,0.978054952489348
WT_10__TO__SCA3_09,drive_early,WT_10,SCA3_09,True,3,0.05281386805726607,0.01063220423177404,0.12022911564856709,1.0,0.05823448573339848,0.011418599289354871,0.13926814752897593,1.0,0.055524176895332275,0.011025401760564456,0.1297486315887715,1.0,0.31430167648181917,0.09845934025846403,0.5468049771483121,1.0,0.21764697991056697,0.08286599085727829,0.39371308764665736,1.0,0.09066266555787117,0.09066266555787117,0.3072594468789947,0.6666666666666666,0.5233759513366784,0.22465204549492498,0.8299153469848144,1.0,0.4042108961423808,0.12691479519380022,0.6850096588253952,1.0,0.17578342034436262,0.17578342034436262,0.17578342034436262,0.3333333333333333,0.005420617676132428,1.0,0.9937889515245056,0.014084459205648776,0.6666666666666666,0.9819081564585926,0.11215973172542974,0.3333333333333333,0.9814797217736773
WT_10__TO__SCA3_09,drive_late,WT_10,SCA3_09,True,3,0.0056358840129344025,0.0036484354101382734,0.1931403085275549,1.0,0.005350409723003686,0.0034171843699665116,0.19519601093772165,1.0,0.005493146867969045,0.0035328098900523925,0.19416815973263826,1.0,0.050499711691107396,0.0330744513917277,0.2707805001925486,1.0,0.042007065714670076,0.027630954749634964,0.2610089951945165,1.0,0.04625338870288874,0.03035270307068133,0.26589474769353255,1.0,0.08683049363315379,0.05420531972602782,0.3309288317167919,1.0,0.05852126747621607,0.0380813598459723,0.29075591952881924,1.0,0.07267588055468494,0.04614333978600006,0.3108423756228055,1.0,0.00028547428993071656,1.0,0.9893312505946015,0.004952065350937826,1.0,0.9893822728737585,0.027666065665243086,1.0,0.9804333439499922
WT_11__TO__SCA3_01,coupled,WT_11,SCA3_01,False,6,0.0,0.0,0.0,1.0,0.0,0.0,0.31416852013811286,1.0,0.0,0.0,0.0,0.6666666666666666,0.3007180437688282,0.14812681995737967,0.5537794345075279,1.0,0.23440185586283324,0.1480155449062308,0.5100706303716221,1.0,0.21959412013499066,0.1401147245231322,0.6462419561418116,0.8333333333333333,0.4892594732591811,0.34695874178178876,0.7503375274252364,1.0,0.35728494007799283,0.22785316388334584,0.6572954411124183,1.0,0.8750420501517926,0.8750420501517926,0.8933597862980939,0.3333333333333333,0.0,0.6666666666666666,0.9952245420260076,0.0037975008544548893,0.8333333333333333,0.9717839208629974,0.10783937333408021,0.3333333333333333,0.9605391189120559
WT_11__TO__SCA3_01,drive_early,WT_11,SCA3_01,False,6,0.0,0.0,0.0,1.0,0.0,0.0,0.23554578773418458,1.0,0.0,0.0,0.0,0.6666666666666666,0.12984691193356251,0.09965607884404468,0.4275785134204235,1.0,0.1508700480808848,0.11700941674994338,0.43816907973703434,1.0,0.13577755621685914,0.11062320969217629,0.43685891965991286,1.0,0.35629909017283,0.29917614124152875,0.5876338956167397,1.0,0.2103990954211075,0.178629782076424,0.5285330634038955,1.0,0.3168090179634325,0.25202267682509694,0.8031329141315247,0.6666666666666666,0.0,0.6666666666666666,0.9952245420260076,0.011300108579535787,1.0,0.9863749021782214,0.07898014441879503,0.6666666666666666,0.8959172653103351
WT_11__TO__SCA3_01,drive_late,WT_11,SCA3_01,False,6,0.0,0.0,0.0,1.0,0.0,0.0,0.34761172477645647,1.0,0.0,0.0,0.0,0.6666666666666666,0.37851629512836626,0.2675473538334861,0.6853545574559634,1.0,0.2647179261767381,0.1367867246930424,0.6821929889052754,1.0,0.5402201722395037,0.14657010926040542,0.8273273741217348,0.6666666666666666,0.7291926847510207,0.5043714482300761,0.8390302573528602,1.0,0.4236357447080251,0.269994575356484,0.7509258998695866,1.0,0.913230924978794,0.913230924978794,0.9302374283747751,0.3333333333333333,0.0,0.6666666666666666,0.9952245420260076,0.030275699800590757,0.6666666666666666,0.9766884028103129,0.12853425297368204,0.3333333333333333,0.9763512183620748
WT_11__TO__SCA3_02,coupled,WT_11,SCA3_02,False,21,0.0,0.0,0.0,1.0,0.0,0.0,0.6390207744601019,1.0,0.0,0.0,0.0,0.7142857142857143,0.08840821689056404,0.06990385117140929,0.6366582439037756,0.19047619047619052,0.11027731007937953,0.07870923127702091,0.5645894694117073,0.19047619047619052,0.09934276348497179,0.0743065412242151,0.6006238566577414,0.19047619047619052,0.2808869240287003,0.2808869240287003,0.3953537087174169,0.09523809523809526,0.1833032796057394,0.1833032796057394,0.23468373374107954,0.09523809523809526,0.23209510181721985,0.23209510181721985,0.23209510181721985,0.04761904761904763,0.0,0.7142857142857143,0.9952245420260076,0.008805380105611618,0.19047619047619052,0.9913293373990306,0.09758364442296091,0.04761904761904763,0.9403549119933353
WT_11__TO__SCA3_02,drive_early,WT_11,SCA3_02,False,21,0.0,0.0,0.0,1.0,0.0,0.0,0.5012433555381205,1.0,0.0,0.0,0.0,0.8571428571428572,0.03526160346813626,0.03306180394112916,0.3555635759481398,0.19047619047619052,0.0448439383756966,0.04240115589422902,0.38334707182033034,0.19047619047619052,0.040052770921916434,0.03773147991767909,0.3694553238842351,0.19047619047619052,0.14049909085955337,0.14049909085955337,0.15448755976561113,0.09523809523809526,0.10872160325918241,0.0996122948029182,0.2193438954543242,0.14285714285714288,0.12005569283123578,0.12005569283123578,0.13160458151239676,0.09523809523809526,0.0,0.8571428571428572,0.9928416692551931,0.009339351953099859,0.19047619047619052,0.9791261327003611,0.04088679605663517,0.09523809523809526,0.9526835441316007
WT_11__TO__SCA3_02,drive_late,WT_11,SCA3_02,False,21,0.0,0.0,0.0,1.0,0.0,0.0,0.1862811964649371,1.0,0.0,0.0,0.0,0.6666666666666667,0.4619131849744946,0.29748491078786166,0.7143311645038416,0.14285714285714288,0.043946882321618835,0.029514955654411347,0.18282808358648872,0.42857142857142866,0.42059624269463325,0.2629130411572319,0.677872118240524,0.14285714285714288,0.5358552475855701,0.5358552475855701,0.5358552475855701,0.04761904761904763,0.09489498079260379,0.06764037940574469,0.10473776710189488,0.38095238095238104,,,,0.0,0.0,0.6666666666666667,0.9952245420260076,0.03622200989662168,0.14285714285714288,0.9728550659124743,0.13512660366821527,0.0,0.9578878341170931
WT_11__TO__SCA3_04,coupled,WT_11,SCA3_04,False,18,0.0,0.0,0.0,1.0,0.0,0.0,0.0946929976609994,1.0,0.0,0.0,0.0,0.7222222222222221,0.6933238492356609,0.44877957978306665,0.8593880296360163,1.0,0.7303416793008697,0.4179488205773695,0.883931711522304,1.0,0.7050975539725489,0.44015566844010073,0.870796532081737,1.0,0.9563249944366119,0.38496332302015907,0.9646302292290568,0.5,0.84737217938307,0.4805933564993723,0.919240272797745,0.6666666666666666,0.9411679708089915,0.536145511828976,0.954421651048192,0.3333333333333333,0.0,0.7222222222222221,0.9952245420260076,0.0216899724398737,1.0,0.9731908235163083,0.06015444818817039,0.3333333333333333,0.9590385172956393
WT_11__TO__SCA3_04,drive_early,WT_11,SCA3_04,False,18,0.0,0.0,0.0,1.0,0.0,0.0,0.095778563890384,1.0,0.0,0.0,0.0,0.7777777777777777,0.6990594265975665,0.39059080539972546,0.8476933838981683,1.0,0.7307858775379175,0.3855981650024837,0.8861752140987292,1.0,0.714922652067742,0.38809448520110457,0.8656475044734313,1.0,0.8475181464582185,0.09785742354672197,0.9667558133066778,0.4444444444444445,0.8217042029538425,0.5085939043082477,0.9209412089153315,0.7777777777777777,0.9398227593106782,0.07372974957839745,0.9438777469094934,0.3333333333333333,0.0,0.7777777777777777,0.9952245420260076,0.028023353880991204,1.0,0.9710420781790602,0.04598419044336832,0.3333333333333333,0.9602479406770564
WT_11__TO__SCA3_04,drive_late,WT_11,SCA3_04,False,18,0.0,0.0,0.0,1.0,0.0,0.0,0.11525531564907047,1.0,0.0,0.0,0.0,0.7222222222222221,0.6669238708557359,0.4615892830443164,0.864161524189065,1.0,0.5849154907642656,0.1794968784206246,0.8403034677942439,1.0,0.6472237550927379,0.44507015312388304,0.8643638378786553,0.8333333333333331,0.9309212048931029,0.6193604853959662,0.9621207332371758,0.4444444444444445,0.4840684379178095,0.1982934286392738,0.9001854367881552,0.5555555555555556,0.935454910750982,0.935454910750982,0.9620553461358172,0.11111111111111112,0.0,0.7222222222222221,0.9952245420260076,0.03742536947412545,0.8333333333333331,0.9628018960063627,0.16544471201176925,0.11111111111111112,0.9392573097781634
WT_11__TO__SCA3_05,coupled,WT_11,SCA3_05,False,21,0.0,0.0,0.0,1.0,0.0,0.0,0.32684149897057513,1.0,0.0,0.0,0.0,0.7142857142857143,0.550567265782362,0.4205524755379221,0.8132667824527176,1.0,0.4756524444808846,0.30925304996983205,0.8105859243753273,1.0,0.6445680195097317,0.31422645117357084,0.8523465631202707,0.8571428571428572,0.45748335824162195,0.2025720583124543,0.6145877956193097,0.3333333333333334,0.5019743922954962,0.34939603433552746,0.9260206897406876,0.8095238095238096,0.1105392833844577,0.1105392833844577,0.1105392833844577,0.04761904761904763,0.0,0.7142857142857143,0.9952245420260076,0.02013743221855115,0.8571428571428572,0.970203817185039,0.14351874154054356,0.04761904761904763,0.9241103899167937
WT_11__TO__SCA3_05,drive_early,WT_11,SCA3_05,False,21,0.0,0.0,0.0,1.0,0.0,0.0,0.01804189200339801,1.0,0.0,0.0,0.0,0.7619047619047621,0.6304223431972104,0.22526031940991037,0.8177820000067679,1.0,0.5394385479271713,0.1630815179593298,0.8279672804124888,1.0,0.5849304455621909,0.19417091868462008,0.8228746402096283,1.0,0.4650151073036307,0.07088768265505065,0.780870693793257,0.38095238095238104,0.6525738718012885,0.34967070823055796,0.9385010972282756,0.8095238095238096,0.052613235865467636,0.052613235865467636,0.05454075957458328,0.09523809523809526,0.0,0.7619047619047621,0.9952245420260076,0.015777438449589388,1.0,0.981927702541217,0.12071699085488541,0.09523809523809526,0.9785438771167226
WT_11__TO__SCA3_05,drive_late,WT_11,SCA3_05,False,21,0.0,0.0,0.0,1.0,0.0,0.0,0.3023141634631416,1.0,0.0,0.0,0.0,0.6666666666666667,0.5390778652831223,0.2519894185826313,0.7927596649279333,1.0,0.4230685390252768,0.17047581329995706,0.7920931081360558,1.0,0.7324446454694642,0.19251641784831863,0.8912883468628107,0.7619047619047621,0.4816205611055985,0.3846970398813723,0.5510371908498467,0.3333333333333334,0.45493867611527267,0.3014004212479674,0.9135793016371708,0.8095238095238096,,,,0.0,0.0,0.6666666666666667,0.9952245420260076,0.0317259472644764,0.7619047619047621,0.9812634687889816,0.163408609336343,0.0,0.8679899352392798
WT_11__TO__SCA3_06,coupled,WT_11,SCA3_06,False,3,0.0,0.0,0.0,1.0,0.0,0.0,0.021696024519564913,1.0,0.0,0.0,0.010848012259782457,1.0,0.27450010333736957,0.2723087926592143,0.32891304349288825,1.0,0.3632872395512464,0.349102522448878,0.4229301787336456,1.0,0.31070565755404617,0.31070565755404617,0.41657352300170214,0.6666666666666666,0.6617932730636183,0.6562635177972531,0.6884801891625653,1.0,0.5766541525658772,0.5688785679906466,0.6127301430188334,1.0,0.6192237128147478,0.6125710428939499,0.6506051660906994,1.0,0.0,1.0,0.9887018445788752,0.07526032141921138,0.6666666666666666,0.9845873773882218,0.06860680109858769,1.0,0.9794254160559248
WT_11__TO__SCA3_06,drive_early,WT_11,SCA3_06,False,3,0.0,0.0,0.0,1.0,0.0,0.0,0.008887416389369799,1.0,0.0,0.0,0.0044437081946848995,1.0,0.13483946928911114,0.1316470797082295,0.17453210900127042,1.0,0.182283655555507,0.17120876326753626,0.23066566537854052,1.0,0.15856156242230904,0.15142792148788287,0.20259888718990549,1.0,0.37984135916180783,0.3676721679648396,0.41936239904680755,1.0,0.32052904262761955,0.30667064754391027,0.3652397444292596,1.0,0.3501852008947137,0.33717140775437493,0.3923010717380336,1.0,0.0,1.0,0.9887018445788752,0.04744418626639585,1.0,0.9822274448275113,0.05062219658764866,1.0,0.9869887767903013
WT_11__TO__SCA3_06,drive_late,WT_11,SCA3_06,False,3,0.0,0.0,0.0,1.0,0.0,0.0,0.030644747842546134,1.0,0.0,0.0,0.0,0.6666666666666666,0.5704758709844377,0.5600952041345707,0.6090476812374132,1.0,0.6378657900036064,0.625778678995286,0.6715866683750717,1.0,0.6041708304940221,0.5929369415649284,0.6403171748062425,1.0,0.8308424513044204,0.8296972615334897,0.8403671414622859,1.0,0.7852722702875901,0.7846272972691996,0.7970605699141469,1.0,0.8080573607960052,0.8071622794013447,0.8187138556882164,1.0,0.0,0.6666666666666666,0.9887018445788752,0.05427516693924184,1.0,0.9877852025941711,0.04004252857436713,1.0,0.9940564974496013
WT_11__TO__SCA3_09,coupled,WT_11,SCA3_09,False,9,0.0,0.0,0.0,1.0,0.0,0.0,0.013642925074443023,1.0,0.0,0.0,0.0,0.7777777777777779,0.4466514741909947,0.1739906275330173,0.611749623279679,1.0,0.2774066477977228,0.12621012636691323,0.39679678908466504,1.0,0.11116370352113829,0.10585179482565188,0.3973092512471958,0.4444444444444444,0.7201775704535018,0.6320283458537107,0.8450011378968316,1.0,0.5243239654669681,0.40419076829286904,0.628815616442343,1.0,0.8365754950032663,0.8365754950032663,0.8365754950032663,0.1111111111111111,0.0,0.7777777777777779,0.9952245420260076,0.066754611682497,0.4444444444444444,0.9759693253740229,0.20241498131959065,0.1111111111111111,0.9720951067824981
WT_11__TO__SCA3_09,drive_early,WT_11,SCA3_09,False,9,0.0,0.0,0.0,1.0,0.0,0.0,0.0058079546518561625,1.0,0.0,0.0,0.0,0.7777777777777779,0.6443658045377594,0.08105915609566225,0.7570692413105335,1.0,0.555734185624934,0.09565464106965346,0.6941179487123283,1.0,0.6000499950813467,0.08835689858265786,0.726448716806214,1.0,0.86458696810367,0.3016833506058005,0.8865187152945223,1.0,0.6585282901636578,0.20708591780549027,0.840797812801731,1.0,0.3779089111538144,0.2073404600587052,0.870852942679235,0.6666666666666667,0.0,0.7777777777777779,0.9952245420260076,0.03453630855473133,1.0,0.9808028354197369,0.09239602891833469,0.6666666666666667,0.9789553344802426
WT_11__TO__SCA3_09,drive_late,WT_11,SCA3_09,False,9,0.0,0.0,0.0,1.0,0.0,0.0,0.05670592843623658,1.0,0.0,0.0,0.0,0.7777777777777779,0.4648679471043835,0.374183055706373,0.49805991641582736,1.0,0.24872768852814772,0.05521421828103744,0.4679624392179922,1.0,0.4683648330214293,0.4589229156862894,0.50441062777039,0.4444444444444444,0.6461143523468953,0.5002567282441108,0.875219264016414,1.0,0.3222309395482501,0.10634758324817627,0.6809573228382495,1.0,0.5495858443864812,0.5495858443864812,0.7108105653413538,0.2222222222222222,0.0,0.7777777777777779,0.9952245420260076,0.09643382560628519,0.4444444444444444,0.8411150217993478,0.21829189750518227,0.2222222222222222,0.9695300754086473
WT_13__TO__SCA3_01,coupled,WT_13,SCA3_01,True,2,0.5998888530645605,0.5998888530645605,0.6223599672813367,1.0,0.6426615216769528,0.6426615216769528,0.6722904852147406,1.0,0.6437463015875329,0.6437463015875329,0.6437463015875329,0.5,0.7739477232750757,0.7739477232750757,0.7924730388839084,1.0,0.7862028583533901,0.7862028583533901,0.8259972514141085,1.0,0.7800752908142329,0.7800752908142329,0.8092351451490085,1.0,0.9010372490136722,0.9010372490136722,0.9157964382824426,1.0,0.8729405530425975,0.8729405530425975,0.898628356229423,1.0,0.8869889010281349,0.8869889010281349,0.9072123972559328,1.0,0.002169559821160183,0.5,0.9903915438529113,0.012255135078314439,1.0,0.9911045990594214,0.006239468134964565,1.0,0.9868219420023163
WT_13__TO__SCA3_01,drive_early,WT_13,SCA3_01,True,2,0.44480362092113207,0.44480362092113207,0.5169471170965793,1.0,0.5521766126940385,0.5521766126940385,0.5659738278797382,1.0,0.5844308281687323,0.5844308281687323,0.5844308281687323,0.5,0.6726944118407879,0.6726944118407879,0.6886169956977489,1.0,0.7077101400283711,0.7077101400283711,0.729853327678206,1.0,0.7061248597915405,0.7061248597915405,0.7092351616879775,1.0,0.8452185756775777,0.8452185756775777,0.8491210131762806,1.0,0.7978329506961898,0.7978329506961898,0.8196382843665646,1.0,0.8215257631868838,0.8215257631868838,0.8343796487714226,1.0,0.009319570206588579,0.5,0.9901430251816146,0.003170560473661155,1.0,0.9904196056699639,0.011579832638044074,1.0,0.9814698360154167
WT_13__TO__SCA3_01,drive_late,WT_13,SCA3_01,True,2,0.6916726666390083,0.6916726666390083,0.7066528629079577,1.0,0.690579798493255,0.690579798493255,0.7442387403631034,1.0,0.6911262325661316,0.6911262325661316,0.7254458016355305,1.0,0.8250558276011796,0.8250558276011796,0.8516897465702293,1.0,0.836716650096805,0.836716650096805,0.874712041817476,1.0,0.8308862388489923,0.8308862388489923,0.8632008941938527,1.0,0.9295752417532139,0.9295752417532139,0.9428807824929952,1.0,0.908720611703217,0.908720611703217,0.9302624643585262,1.0,0.9191479267282154,0.9191479267282154,0.9365716234257607,1.0,0.0010928681457532674,1.0,0.987530894493048,0.01166082249562539,1.0,0.9835558829060156,0.004382006218940915,1.0,0.9848653148931916
WT_13__TO__SCA3_02,coupled,WT_13,SCA3_02,False,7,0.6100586392906512,0.0882990866096951,0.8618352546877708,1.0,0.3362780573655906,0.057701634026434426,0.738258984472296,1.0,0.5898578461870891,0.07227729878200517,0.7923392936608973,0.8571428571428571,1.0,1.0,1.0,0.14285714285714285,1.0,1.0,1.0,0.14285714285714285,1.0,1.0,1.0,0.14285714285714285,,,,0.0,,,,0.0,,,,0.0,0.028356330014084774,0.8571428571428571,0.9784397509195032,0.0,0.14285714285714285,0.9809037233871624,,0.0,
WT_13__TO__SCA3_02,drive_early,WT_13,SCA3_02,False,7,0.9248196873256237,0.4882273627628153,0.9794436854005228,1.0,0.9343045101965166,0.5066906779730199,0.9839583005760794,1.0,0.9297913164660013,0.4974590203679176,0.9815562160390873,1.0,1.0,1.0,1.0,0.14285714285714285,1.0,1.0,1.0,0.14285714285714285,1.0,1.0,1.0,0.14285714285714285,,,,0.0,,,,0.0,,,,0.0,0.005171158986644164,1.0,0.9860608036496169,0.0,0.14285714285714285,0.9809037233871624,,0.0,
WT_13__TO__SCA3_02,drive_late,WT_13,SCA3_02,False,7,0.5271114777354504,0.33766315845497585,0.8408012653844906,1.0,0.40004953037653534,0.028297299522652964,0.895616116439685,1.0,0.8418860300310966,0.7430254506341403,0.9471766735550613,0.5714285714285714,0.3443284637783293,0.34431369124244937,0.345118498444252,0.5714285714285714,0.0427615999375147,0.041292139288636155,0.045614315760786436,0.5714285714285714,1.0,1.0,1.0,0.14285714285714285,,,,0.0,0.049397342881817456,0.04845603845642307,0.051844023774454746,0.42857142857142855,,,,0.0,0.06265262698116797,0.5714285714285714,0.7507346911502495,0.29950418268346557,0.14285714285714285,0.7609931702750566,,0.0,
WT_13__TO__SCA3_04,coupled,WT_13,SCA3_04,True,6,0.42905154002843715,0.26147430802151506,0.6015503486768394,1.0,0.39732095887500585,0.07633437674174949,0.6304613286669773,1.0,0.49353739819334497,0.17472660688842662,0.6370644845403783,0.8333333333333333,0.7826117528334974,0.6761219029941632,0.8375454703559162,1.0,0.8042004852086491,0.15649617596231977,0.8698772823788465,1.0,0.8533897667188994,0.7934061190210733,0.8540329860158633,0.6666666666666666,0.8151255615288733,0.8151255615288733,0.9042723812772664,0.3333333333333333,0.8864716701571902,0.7981007952763337,0.9749919316831419,0.49999999999999994,0.8066131784026035,0.8066131784026035,0.8955214123623236,0.3333333333333333,0.03173058115343131,0.8333333333333333,0.8789930201761224,0.021588732375151697,0.6666666666666666,0.9015627286343617,0.01702476625253957,0.3333333333333333,0.8989327008285198
WT_13__TO__SCA3_04,drive_early,WT_13,SCA3_04,True,6,0.48683894256061205,0.3600565131904752,0.6011985571515787,1.0,0.5170448927281271,0.20453053177860367,0.6497502044435188,1.0,0.5973642637633081,0.5019419176443696,0.6535844978317894,0.6666666666666666,0.8139169004992367,0.7509360810505121,0.8279262653983196,1.0,0.8342591363950113,0.6197247428593634,0.860283070738196,1.0,0.833573201508691,0.8165925394003327,0.8418374746120885,0.8333333333333333,0.9637757437479305,0.938369845502119,0.9918769517764344,0.49999999999999994,0.8402480154440453,0.676576154374065,0.95,0.6666666666666666,0.9294498757349766,0.8893089304730821,0.9738448119230124,0.49999999999999994,0.03976386848006753,0.6666666666666666,0.9607290986890166,0.019616148508878946,0.8333333333333333,0.9046425656790594,0.03294691741994582,0.49999999999999994,0.8810154333582655
WT_13__TO__SCA3_04,drive_late,WT_13,SCA3_04,True,6,0.41023984634287397,0.0784856672971608,0.5084861042386484,1.0,0.0898488604473642,0.04026812560209625,0.48687698201378,1.0,0.25889916311976646,0.06259003033217181,0.5365004764641119,0.8333333333333333,0.7980100727294319,0.4535589468452937,0.8325739771429757,1.0,0.1840834910262009,0.06228579919642854,0.8593741583940391,1.0,0.8459740677685073,0.8314149841780408,0.8828998635192303,0.49999999999999994,0.4226209941365892,0.4226209941365892,0.7089451043163719,0.3333333333333333,0.09761734055766473,0.05731668619556474,0.9760521461250915,0.6666666666666666,0.9865695704213762,0.9865695704213762,0.9865695704213762,0.16666666666666666,0.015811578683499965,0.8333333333333333,0.9463958238927814,0.035939525540183405,0.49999999999999994,0.945734314244426,0.017399288149556602,0.16666666666666666,0.7223222294547704
WT_13__TO__SCA3_05,coupled,WT_13,SCA3_05,False,7,0.34288794981174286,0.19056600571941953,0.711063916122516,1.0,0.29569828191448655,0.15312807119228916,0.7017700368279112,1.0,0.3192931158631147,0.17184703845585433,0.7064169764752135,1.0,0.6277853776488584,0.35690434427220846,0.9349201269087698,1.0,0.5751136985043048,0.2849827106614097,0.9503394469677553,1.0,0.6014495380765816,0.32094352746680904,0.9426297869382625,1.0,0.46909203247413195,0.46909203247413195,0.46909203247413195,0.14285714285714285,0.38772111841548046,0.3001842548001264,0.8055613167725739,0.5714285714285714,,,,0.0,0.02272507386621914,1.0,0.9766003888811928,0.040819898377044805,1.0,0.9718145533866158,0.16890777767400555,0.0,0.9128145841549856
WT_13__TO__SCA3_05,drive_early,WT_13,SCA3_05,False,7,0.4217544790380166,0.3151751807075501,0.7056023253006313,1.0,0.4205794845900808,0.29648781352044856,0.6954463037097257,1.0,0.4211669818140487,0.3058314971139993,0.7005243145051786,1.0,0.6972759441292474,0.5583005949209978,0.9176740643747379,1.0,0.6994366783520952,0.46418628333941264,0.934114798299176,1.0,0.7041747792031019,0.5829377783309411,0.9394459010646908,0.8571428571428571,0.7333549691472269,0.7333549691472269,0.7333549691472269,0.14285714285714285,0.5868207727010477,0.5058361166624427,0.872706735035046,0.5714285714285714,,,,0.0,0.004529081820439013,1.0,0.9830370187077325,0.011009421409526876,0.8571428571428571,0.9667429265412476,0.14653419644617915,0.0,0.9579341027470812
WT_13__TO__SCA3_05,drive_late,WT_13,SCA3_05,False,7,0.35923335527198963,0.11912051386589562,0.6928249609468164,1.0,0.09938717878294047,0.07331172454698454,0.6475397233894971,1.0,0.11953881092879234,0.09863530250008216,0.6983446885497517,0.8571428571428571,0.48541060382362533,0.3301101278118431,0.945849463931576,1.0,0.2495461674816029,0.11496672533329173,0.9640926007884159,1.0,0.9496851215565216,0.16010606211776046,0.9708287647704189,0.5714285714285714,0.3092108718599898,0.3092108718599898,0.4497215728338475,0.2857142857142857,0.15056556293658546,0.09075096302989304,0.4143988283110057,0.5714285714285714,,,,0.0,0.02075825448829781,0.8571428571428571,0.9744167429034802,0.0477921953871771,0.5714285714285714,0.9745927322007116,0.15864530892340434,0.0,0.566836058058969
WT_13__TO__SCA3_06,coupled,WT_13,SCA3_06,True,1,0.4266001227775445,0.4266001227775445,0.4266001227775445,1.0,0.4837884447044206,0.4837884447044206,0.4837884447044206,1.0,0.4551942837409826,0.4551942837409826,0.4551942837409826,1.0,0.6467993769342012,0.6467993769342012,0.6467993769342012,1.0,0.6730179190393115,0.6730179190393115,0.6730179190393115,1.0,0.6599086479867564,0.6599086479867564,0.6599086479867564,1.0,0.8032198498453157,0.8032198498453157,0.8032198498453157,1.0,0.7633680044893973,0.7633680044893973,0.7633680044893973,1.0,0.7832939271673565,0.7832939271673565,0.7832939271673565,1.0,0.05718832192687612,1.0,0.998223860026811,0.02621854210511032,1.0,0.9927838876249225,0.03985184535591835,1.0,0.9973549967976728
WT_13__TO__SCA3_06,drive_early,WT_13,SCA3_06,True,1,0.3605697304924207,0.3605697304924207,0.3605697304924207,1.0,0.41530371796240717,0.41530371796240717,0.41530371796240717,1.0,0.38793672422741393,0.38793672422741393,0.38793672422741393,1.0,0.5383574632983179,0.5383574632983179,0.5383574632983179,1.0,0.5702527879891616,0.5702527879891616,0.5702527879891616,1.0,0.5543051256437397,0.5543051256437397,0.5543051256437397,1.0,0.6782147961305043,0.6782147961305043,0.6782147961305043,1.0,0.6425148953080174,0.6425148953080174,0.6425148953080174,1.0,0.6603648457192608,0.6603648457192608,0.6603648457192608,1.0,0.05473398746998648,1.0,0.9952344981142223,0.03189532469084366,1.0,0.9886821134116807,0.03569990082248686,1.0,0.975945333886239
WT_13__TO__SCA3_06,drive_late,WT_13,SCA3_06,True,1,0.36668504255653683,0.36668504255653683,0.36668504255653683,1.0,0.4072148329501192,0.4072148329501192,0.4072148329501192,1.0,0.386949937753328,0.386949937753328,0.386949937753328,1.0,0.7320666442646122,0.7320666442646122,0.7320666442646122,1.0,0.7582991985308004,0.7582991985308004,0.7582991985308004,1.0,0.7451829213977064,0.7451829213977064,0.7451829213977064,1.0,0.8752589058708826,0.8752589058708826,0.8752589058708826,1.0,0.8434990743391241,0.8434990743391241,0.8434990743391241,1.0,0.8593789901050033,0.8593789901050033,0.8593789901050033,1.0,0.04052979039358234,1.0,0.9862520171121328,0.0262325542661882,1.0,0.9920803791895709,0.03175983153175854,1.0,0.9981586752070307
WT_13__TO__SCA3_09,coupled,WT_13,SCA3_09,True,3,0.12628088409756208,0.10817270372623378,0.20401168026365712,1.0,0.09690165986933424,0.05891060731439417,0.1978442608901605,1.0,0.11159127198344816,0.08354165552031398,0.2009279705769088,1.0,0.2860452529623353,0.2349062961710331,0.4060397232874924,1.0,0.16419876179464743,0.08839219864494191,0.32876954432168903,1.0,0.28859476734899514,0.28859476734899514,0.4462145002601861,0.6666666666666666,0.6435260045944206,0.5813154373011434,0.7403742475909239,1.0,0.2509574641031382,0.18351408571210906,0.41586045093975355,1.0,,,,0.0,0.006657865342238792,1.0,0.7810085841439343,0.05736147312232218,0.6666666666666666,0.822691978619895,0.19948129661553343,0.0,0.9407532008664712
WT_13__TO__SCA3_09,drive_early,WT_13,SCA3_09,True,3,0.2775019048091132,0.20982362447839173,0.35760521605932216,1.0,0.23033587869847771,0.09981940293156674,0.3657249870223424,1.0,0.3530162698026116,0.3530162698026116,0.37031393327905293,0.6666666666666666,0.5832628864348568,0.5315088023267253,0.6367058934484809,1.0,0.5260771008947208,0.5253396775144177,0.5393509558621685,1.0,0.5284242399205714,0.5284242399205714,0.568895348157426,0.6666666666666666,0.7492092890146163,0.7106606470668808,0.8156389116351541,1.0,0.6264443128996596,0.6086797125143666,0.6725236884662467,1.0,,,,0.0,0.015104796725067537,0.6666666666666666,0.9297200744390436,0.035490768176832055,0.6666666666666666,0.9645107941466382,0.1218973870979736,0.0,0.9725781642034956
WT_13__TO__SCA3_09,drive_late,WT_13,SCA3_09,True,3,0.3783997079135085,0.32904025370954143,0.4602039292930873,1.0,0.05321944509786377,0.037107871246893485,0.12337895990756173,1.0,0.30728151824664307,0.30728151824664307,0.30728151824664307,0.3333333333333333,0.49811966677477393,0.43365539833462885,0.589877645472604,1.0,0.07646971180938159,0.05920085685233853,0.22637435904012843,1.0,0.6480202560534493,0.6480202560534493,0.6480202560534493,0.3333333333333333,0.5025943905275833,0.43847794840838333,0.6534663989854915,1.0,0.08806861843027732,0.06922042011580992,0.27724455728506836,1.0,,,,0.0,0.20097280704721918,0.3333333333333333,0.2213482010072005,0.1936969359763118,0.3333333333333333,0.4222197328152794,0.22853322537960807,0.0,0.5865131879719859
WT_14__TO__SCA3_01,coupled,WT_14,SCA3_01,True,4,0.41614593368701835,0.255425715646882,0.5489853808163729,1.0,0.46406101314708986,0.4083282447111623,0.5533398920719991,1.0,0.4816998628216381,0.4122370891990903,0.5699996513567817,0.75,0.6829519270980355,0.6490501495228906,0.7128990255764265,1.0,0.7164006182938693,0.6673815047430491,0.764458320638513,1.0,0.7146498219351478,0.6582158271329699,0.7237051238682743,1.0,0.8665624661971545,0.8508132105547773,0.877166725348361,1.0,0.8174047975329304,0.8106202862270662,0.8445452887044324,1.0,0.8419836318650424,0.8307167483909217,0.8608560070263966,1.0,0.007817688975856052,0.75,0.9817812077336718,0.018331355220158496,1.0,0.9927317887002661,0.03262143664392869,1.0,0.989580589645515
WT_14__TO__SCA3_01,drive_early,WT_14,SCA3_01,True,4,0.2920644367598551,0.18084644601756356,0.3435600940709498,1.0,0.34591359188562043,0.31064242918646223,0.4180511445231867,1.0,0.3447368429782851,0.3447368429782851,0.38822940645099335,0.5,0.5625324003664682,0.49437836422672815,0.5705632209955814,1.0,0.5803384844831345,0.560539584566534,0.5803789379044915,1.0,0.5655514027810578,0.5373584243549313,0.5714556691354798,1.0,0.7179804160600335,0.6827477213651514,0.737723106069089,1.0,0.6513500301508929,0.6445545683598084,0.7067011779377379,1.0,0.6812674922099209,0.6670488757580222,0.7280398444716094,1.0,0.00523005161587653,0.5,0.9791307174045965,0.011756403218955214,1.0,0.9854581398901291,0.031397691214258505,1.0,0.981185489390075
WT_14__TO__SCA3_01,drive_late,WT_14,SCA3_01,True,4,0.0,0.0,0.6579103053058494,1.0,0.6086187781391817,0.038655496265052894,0.6624649545804429,1.0,0.3397576890378364,0.019327748132526447,0.6844422061272492,0.75,0.8025048466080279,0.7165108445921596,0.811663780908082,1.0,0.8267403319320076,0.7369036505843236,0.8580686411443732,1.0,0.8192020564200448,0.7267072475882417,0.8302867438762005,1.0,0.9227640028245775,0.8934832284749087,0.9325687577019995,1.0,0.900162671527619,0.8611843539870238,0.9235848982837497,1.0,0.9114633371760983,0.8773337912309662,0.9280768279928746,1.0,0.03368735333728068,0.75,0.9854329990857872,0.020392805992163976,1.0,0.9899189822109177,0.011603669632276992,1.0,0.9835592762971089
WT_14__TO__SCA3_02,coupled,WT_14,SCA3_02,False,14,0.7979782615436324,0.17452325585163797,0.9424705460732707,1.0,0.8358748642932664,0.15976707625458098,0.9186882828827256,1.0,0.7042146635244331,0.08455551251177854,0.909246431901773,0.9285714285714286,0.02485313341399823,0.019578924039236945,0.7551019021949081,0.42857142857142855,0.02127979708316609,0.017478315567401075,0.6172614370541942,0.35714285714285715,0.021886837057133627,0.01838969565107722,0.6486785135449958,0.35714285714285715,0.033500653403524934,0.03296474604020079,0.0346171475571534,0.21428571428571427,0.025811805558443722,0.024052961980082593,0.028230737317051908,0.21428571428571427,0.029656229480984328,0.028508854010141693,0.031423942437102656,0.21428571428571427,0.010514077388008358,0.9285714285714286,0.9854329990857872,0.0012140799479350688,0.35714285714285715,0.9561992498939504,0.006306908850158747,0.21428571428571427,0.928983791987051
WT_14__TO__SCA3_02,drive_early,WT_14,SCA3_02,False,14,0.6243912652040824,0.06022435955589492,0.892242912015633,1.0,0.6797879383126563,0.08251049215721327,0.8372105789529269,1.0,0.5119986588209289,0.03748789255909325,0.7874312182340235,0.9285714285714286,0.21821296397834214,0.031136383943427753,0.5432351274437991,0.5,0.04102286856360686,0.029466793496853484,0.445547975954818,0.42857142857142855,0.04152916777101837,0.030049102809619112,0.4510418103458409,0.42857142857142855,0.05161337975367151,0.05161337975367151,0.05745140914035324,0.14285714285714285,0.04430703957729054,0.03576115141643545,0.05969010235258543,0.2857142857142857,0.04368726558505348,0.04368726558505348,0.04874275231860812,0.14285714285714285,0.007216718523264951,0.9285714285714286,0.9854329990857872,0.0010125984148230266,0.42857142857142855,0.9722446827324277,0.01585222833723606,0.14285714285714285,0.8108621482881289
WT_14__TO__SCA3_02,drive_late,WT_14,SCA3_02,False,14,0.8033070947706824,0.0,0.9357100470494637,1.0,0.7653777631989516,0.016316815101103836,0.9539879549181542,1.0,0.784342428984817,0.008158407550551918,0.944849000983809,1.0,0.013705008674574332,0.011459395403016485,0.7210502693561407,0.35714285714285715,0.012789254970011314,0.009957054559083073,0.7010282235329486,0.35714285714285715,0.012981472117271988,0.010973884686070613,0.7110392464445447,0.35714285714285715,0.29864045081660967,0.022280901633219146,0.5750000000000001,0.21428571428571427,0.01476909051910348,0.01375184489509622,0.017051536965463875,0.21428571428571427,0.018016373264157684,0.018016373264157684,0.018016373264157684,0.07142857142857142,0.0035122439018194784,1.0,0.9854329990857872,0.0003844342945213495,0.35714285714285715,0.9576543302184886,0.28134095865279996,0.07142857142857142,0.8330850936342594
WT_14__TO__SCA3_04,coupled,WT_14,SCA3_04,True,12,0.49116320759359094,0.0,0.7155043445747528,1.0,0.4393992519726333,0.019066834435628892,0.7802781416914584,1.0,0.4652812297831121,0.0062485261989719395,0.758792538464769,0.8333333333333334,0.6792810697600805,0.11018089949165824,0.891739608160016,1.0,0.7538844509131897,0.10508794572058025,0.9057220335187379,1.0,0.7929042703690298,0.08950840257834136,0.9074951283271278,0.9166666666666667,0.9532059009754623,0.06708209199550355,0.9896995940183904,0.6666666666666667,0.7903397024073372,0.04716176669658101,0.9564968033784882,0.6666666666666667,0.9453890054662093,0.04379094808951273,0.9817534318120893,0.5000000000000001,0.03288654946209145,0.8333333333333334,0.9657927922303848,0.018797228366871123,0.9166666666666667,0.9301042259719258,0.019920325298922542,0.5000000000000001,0.8952158879005607
WT_14__TO__SCA3_04,drive_early,WT_14,SCA3_04,True,12,0.2930380960113348,0.0,0.6289731888643398,1.0,0.2979084552706807,0.01867108054034065,0.6954764238154557,1.0,0.07477588963232466,0.006552373241953022,0.6757807785556775,0.8333333333333334,0.7278764471644198,0.2527383667285562,0.8607663419283703,1.0,0.8021632926317087,0.20834391692257148,0.9072999637827688,1.0,0.7650198698980644,0.23054114182556384,0.875,1.0,0.792141428893157,0.08209326625170935,0.9815086323040841,0.5833333333333335,0.5107278641909517,0.05835748364232931,0.9308379364868462,0.6666666666666667,0.9458383133898551,0.05720774833547118,0.9654550783641326,0.5000000000000001,0.03185098272189675,0.8333333333333334,0.9722095001492611,0.037082894544452086,1.0,0.9323613461813226,0.04244541515824318,0.5000000000000001,0.8655883272583313
WT_14__TO__SCA3_04,drive_late,WT_14,SCA3_04,True,12,0.6728231867507213,0.0,0.7506864615540316,1.0,0.6759903880685727,0.01182672494949579,0.8096136148289731,1.0,0.674406787409647,0.005913362474747895,0.7653191906251322,1.0,0.8306489790891461,0.06507035375579061,0.9055391969771256,1.0,0.8368267485103082,0.057920086393561984,0.9256388715119799,1.0,0.8570263801409015,0.05325852589508458,0.921067905630491,0.9166666666666667,0.8250000000000001,0.08172760972455947,0.9778718457188509,0.5000000000000001,0.751024453922321,0.0466169631702993,0.9522368920020591,0.7500000000000001,0.5138746991106796,0.05489261402806703,0.9630547373134641,0.41666666666666674,0.023219604128468477,1.0,0.9841489752485238,0.010629792964150337,0.9166666666666667,0.9228681004356573,0.02984368155877837,0.41666666666666674,0.9070337062491628
WT_14__TO__SCA3_05,coupled,WT_14,SCA3_05,False,14,0.5630836905522407,0.0,0.6523722014199842,1.0,0.5233838617460921,0.014824526635608357,0.6502133671348042,1.0,0.5480510828043508,0.007395199879285188,0.664680822116316,0.9285714285714286,0.7317153828039327,0.18219566069468215,0.905027648163783,1.0,0.7102590246847397,0.1334737877795888,0.9225035488476249,1.0,0.7209872037443361,0.15783472423713546,0.9170272592140142,1.0,0.25388314467904516,0.08262866698773134,0.3682443739610886,0.35714285714285715,0.2327873770685329,0.10213008921650743,0.7462938792093827,0.5714285714285714,0.05742505684493253,0.05742505684493253,0.0900106841622551,0.14285714285714285,0.012678009211383982,0.9285714285714286,0.9807685761606195,0.01547820654974974,1.0,0.9750002436570907,0.072783716184165,0.14285714285714285,0.9358407835199712
WT_14__TO__SCA3_05,drive_early,WT_14,SCA3_05,False,14,0.4911909754040421,0.0,0.5939987089187739,1.0,0.49229895878859803,0.025335202915293474,0.5911274325727481,1.0,0.5032009325359909,0.012667601457646737,0.592563070745761,1.0,0.7177548653028452,0.277649544063827,0.8969802549263677,1.0,0.7022222232003508,0.21889852303346544,0.9099169122393855,1.0,0.7095393807341819,0.24852354885827815,0.9034485835828765,1.0,0.41890861695319037,0.14378615653417956,0.6480160567340866,0.35714285714285715,0.4008746942521202,0.21653928324730273,0.7353191670712642,0.6428571428571429,0.149104593067306,0.09740718743164409,0.34232597592624114,0.21428571428571427,0.024200100477152185,1.0,0.9854329990857872,0.019345760103300025,1.0,0.9756401030670971,0.08727217542045451,0.21428571428571427,0.9246600318626826
WT_14__TO__SCA3_05,drive_late,WT_14,SCA3_05,False,14,0.47410205148490553,0.0,0.7175131866417603,1.0,0.4548084841261186,0.014894503711830443,0.7177954480975763,1.0,0.46445526780551205,0.007447251855915222,0.7176543173696683,1.0,0.8301975816248245,0.09831305770659429,0.9231737517083378,1.0,0.7948849860067261,0.07723703140713704,0.9295264799011405,1.0,0.8125412838157753,0.08777504455686566,0.9263501158047391,1.0,0.15256200617118487,0.05916713896469697,0.2244308465949224,0.35714285714285715,0.12126336362106921,0.07085525424420927,0.7505360461406827,0.5714285714285714,0.06265711753122628,0.0433711867394648,0.10297397789167893,0.21428571428571427,0.014756272881532395,1.0,0.9854329990857872,0.01843700800892134,1.0,0.9739911506199703,0.0571141974216296,0.21428571428571427,0.8982950572575615
WT_14__TO__SCA3_06,coupled,WT_14,SCA3_06,True,2,0.0,0.0,0.16331980949050806,1.0,0.17221281043780906,0.17221281043780906,0.31083458187620827,1.0,,,,0.0,0.6377356054563532,0.6377356054563532,0.6458004065609722,1.0,0.6548431930234306,0.6548431930234306,0.6786899836326996,1.0,0.6462893992398919,0.6462893992398919,0.6622451950968359,1.0,0.7951889256870989,0.7951889256870989,0.8133191375038453,1.0,0.7533556690440633,0.7533556690440633,0.7737460455698237,1.0,0.7742722973655811,0.7742722973655811,0.7935325915368345,1.0,0.12281673433359142,0.0,0.98286319736928,0.01710758756707742,1.0,0.9856389396694535,0.037312927225007564,1.0,0.9867881723119901
WT_14__TO__SCA3_06,drive_early,WT_14,SCA3_06,True,2,0.14157709640609076,0.14157709640609076,0.16100187802014373,1.0,0.23572317230140352,0.23572317230140352,0.24825949755475019,1.0,0.18865013435374714,0.18865013435374714,0.20463068778744697,1.0,0.41651197939012446,0.41651197939012446,0.49302280681449684,1.0,0.4614667048323919,0.4614667048323919,0.5192178836121462,1.0,0.4389893421112582,0.4389893421112582,0.5061203452133216,1.0,0.5987315558935874,0.5987315558935874,0.6609353873416304,1.0,0.5603858874427291,0.5603858874427291,0.6164945760929383,1.0,0.5795587216681582,0.5795587216681582,0.6387149817172844,1.0,0.08036916317390017,1.0,0.9755607541528276,0.0074354281530312205,1.0,0.9634275058170204,0.038345668450858295,1.0,0.9564445919497969
WT_14__TO__SCA3_06,drive_late,WT_14,SCA3_06,True,2,0.0,0.0,0.2826346513190613,1.0,0.0329464488089094,0.0329464488089094,0.3461975081758388,1.0,0.0164732244044547,0.0164732244044547,0.31441607974745006,1.0,0.6841027527580731,0.6841027527580731,0.7447276394102766,1.0,0.699829749822633,0.699829749822633,0.7646602264552105,1.0,0.691966251290353,0.691966251290353,0.7546939329327436,1.0,0.8436334934590007,0.8436334934590007,0.8766284209440767,1.0,0.7992306806223032,0.7992306806223032,0.8449444860163593,1.0,0.821432087040652,0.821432087040652,0.860786453480218,1.0,0.0329464488089094,1.0,0.9854329990857872,0.015726997064559933,1.0,0.9849622462477653,0.018965057018736964,1.0,0.9869327643951461
WT_14__TO__SCA3_09,coupled,WT_14,SCA3_09,True,6,5.678724095448841e-17,0.0,0.3544312959532552,1.0,0.2599364005886953,0.007215723240184421,0.5070706579146809,1.0,0.11006478669627445,0.0029556054147098017,0.4538647838904991,0.8333333333333333,0.6057930916504184,0.04551009224713448,0.6860531486649396,1.0,0.5989332959503549,0.040908505172876405,0.6460253369330423,1.0,0.6023631938003866,0.043209298710005443,0.6740358848790032,1.0,0.8429453379335815,0.0727541559295374,0.8678711345567944,1.0,0.6664035784733564,0.05478961764542213,0.7693186172644378,1.0,0.08893538500770615,0.03860838856725338,0.8151510617588209,0.6666666666666666,0.00990123007677402,0.8333333333333333,0.9801019700474519,0.006859795700063459,1.0,0.9435450920619844,0.09529963085356441,0.6666666666666666,0.9673996255072811
WT_14__TO__SCA3_09,drive_early,WT_14,SCA3_09,True,6,0.08383454429122239,0.0,0.5414795935640399,1.0,0.13320239515391916,0.010776485051317978,0.5142610718470098,1.0,0.10851846972257076,0.005388242525658989,0.5327305229839907,1.0,0.34098313637520317,0.08597934805458554,0.7129966867338526,1.0,0.3593242850763318,0.08180299156852572,0.6805877679755795,1.0,0.3501537107257675,0.08389116981155562,0.6967922273547161,1.0,0.8299924586306103,0.31926632936654714,0.879948862854343,1.0,0.46182783585153225,0.13647625856690943,0.7659073883591736,1.0,0.421223752361446,0.055217881311246095,0.8116192208986232,0.49999999999999994,0.014524430154678053,1.0,0.9685769784472613,0.012868854157212508,1.0,0.983167098449823,0.0855256704379287,0.49999999999999994,0.9821834816605676
WT_14__TO__SCA3_09,drive_late,WT_14,SCA3_09,True,6,1.4948257063814728e-16,0.0,0.452236225521275,1.0,0.09313831472548371,0.005595001567715721,0.4212162638052521,1.0,0.02511895796203916,0.0023618718951185416,0.3443463805968231,0.8333333333333333,0.5709394417075903,0.03259917166908121,0.6940463071011337,1.0,0.5182419518365798,0.03176015312211486,0.6267609394508614,1.0,0.29294500530438083,0.027619836675058858,0.6880335473618802,0.8333333333333333,0.6410070787242036,0.04959233869175057,0.8798494271986093,1.0,0.5493555296626069,0.04127857037167408,0.7515543234497689,1.0,0.32654537321660726,0.039198460677663936,0.7924176718031872,0.8333333333333333,0.01040195588275857,0.8333333333333333,0.9854329990857872,0.008220077478242167,0.8333333333333333,0.9569681299111444,0.06336399864227861,0.8333333333333333,0.949585803166821
WT_15__TO__SCA3_01,coupled,WT_15,SCA3_01,False,8,0.46277207394014014,0.39412103089743616,0.4963442197818452,1.0,0.5243224584266223,0.48681965097011287,0.550072731379885,1.0,0.4876298076786032,0.4389803620913061,0.5133540110406587,0.875,0.706300330557962,0.6622199470623575,0.7618942500831313,1.0,0.7377420458837091,0.7208240826547282,0.785425975808991,1.0,0.7265277969106497,0.6915220148585428,0.7866561329948498,1.0,0.8753407792894462,0.8508924685499372,0.8955035172530171,1.0,0.8477651354794641,0.8171471761018546,0.8593177353887022,1.0,0.8627713284976186,0.8391947673793078,0.8774106263208596,1.0,0.06010193219158472,0.875,0.9968277894043527,0.03144171532574702,1.0,0.9890300297935725,0.02513890158365517,1.0,0.9891446770782069
WT_15__TO__SCA3_01,drive_early,WT_15,SCA3_01,False,8,0.19656939604461013,0.1922196669092043,0.24508908700893706,1.0,0.24778163209366744,0.23649377781553593,0.29346225132243475,1.0,0.22217551406913877,0.21500504265345782,0.2692756691656859,1.0,0.37563386861175047,0.3470932248449228,0.5188475632895804,1.0,0.40507088078704573,0.3774733433943977,0.5280424991808769,1.0,0.38600870671697673,0.36228328411966026,0.5234450312352286,1.0,0.5891749514771277,0.4782845699459866,0.728395367221456,1.0,0.5001858702838253,0.45037518709017726,0.7058702312936806,1.0,0.5197807545743757,0.46046537346527133,0.608458146004074,0.875,0.04727022201955419,1.0,0.9943830745902585,0.020682902989911434,1.0,0.9928894423881824,0.03853511093803208,0.875,0.9897753872370042
WT_15__TO__SCA3_01,drive_late,WT_15,SCA3_01,False,8,0.6847647186829086,0.6718271821763477,0.7864823466644906,1.0,0.7396103826089566,0.7352209888656427,0.8117018168684473,1.0,0.7121875506459325,0.7035240855209952,0.799092081766469,1.0,0.8452197692087504,0.8362706423260644,0.8880187265616827,1.0,0.8725586669088532,0.8671114200713581,0.9048293175166306,1.0,0.8588892180588018,0.8516910311987113,0.8957477982193804,1.0,0.9386005135382052,0.933445492065236,0.9525433677165398,1.0,0.926206386945335,0.9232707076865777,0.9440895363646532,1.0,0.9324034502417701,0.9283580998759069,0.94945064193026,1.0,0.03299217577960323,1.0,0.992692371837754,0.027338897700102782,1.0,0.988757470905764,0.011173377967315767,1.0,0.9901637018763789
WT_15__TO__SCA3_02,coupled,WT_15,SCA3_02,False,28,0.3052712993426423,0.16942271609968654,0.471768671070828,1.0,0.37441883454495917,0.21732449444920393,0.5922978840251933,1.0,0.3216467498281349,0.18277334006393195,0.4468275806462715,0.8214285714285714,0.446276132611263,0.2841203169640513,0.5867876706363853,0.5357142857142857,0.4221492981493002,0.2863298187716868,0.6303029161720146,0.5714285714285714,0.42906302674071267,0.13851092972170587,0.639158178019288,0.4642857142857143,0.07728496089366976,0.07399968845899527,0.08508591273132755,0.10714285714285714,0.3411354890045336,0.06784974507041411,0.564790234475951,0.32142857142857145,0.06976061063315815,0.0671803423240665,0.07646782890087082,0.10714285714285714,0.04336861209978771,0.8214285714285714,0.9914654522861092,0.003928013327614204,0.4642857142857143,0.9892784818348797,0.01504870052102323,0.10714285714285714,0.9842178163981872
WT_15__TO__SCA3_02,drive_early,WT_15,SCA3_02,False,28,0.3108221005735574,0.19790553077500414,0.4125452330723676,1.0,0.37834096401641953,0.23881512108991826,0.4815686357068481,1.0,0.34896269454232526,0.2205057396842005,0.44038249301895416,1.0,0.5289011735171509,0.30953566241593233,0.7139876686112674,0.75,0.5420480520077907,0.32566171714294906,0.7402110219969814,0.75,0.5354746127624708,0.31759868977944067,0.7258735298602563,0.75,0.3717731586873898,0.3235443470642758,0.4599127053192165,0.17857142857142858,0.39515473789579814,0.2986341543164786,0.4705423444880241,0.32142857142857145,0.3239031432869655,0.3068179531581811,0.38984374281476786,0.14285714285714285,0.04026463302325811,1.0,0.9919756195728484,0.012985062004712916,0.75,0.989115648863111,0.030333027951988917,0.14285714285714285,0.8972862299294517
WT_15__TO__SCA3_02,drive_late,WT_15,SCA3_02,False,28,0.5682258431782325,0.055815867334792255,0.8976573587149105,1.0,0.5714361070707819,0.0587761711368848,0.9417537968153553,1.0,0.5698309751245072,0.057296019235838526,0.920940918657526,1.0,0.5415915532880456,0.4686041179983301,0.5941925703315746,0.5714285714285714,0.10044696041162618,0.07756342640266134,0.12566486203265287,0.5714285714285714,0.4542962173259653,0.03309946701786544,0.8849556178331861,0.25,0.5165401551484834,0.0482858260120265,0.562274592009846,0.32142857142857145,0.09147010107931294,0.043424754369917815,0.10364423448150228,0.42857142857142855,0.041367047153868304,0.04049133388857789,0.04379465703567499,0.10714285714285714,0.004263440120295697,1.0,0.9920089664535765,0.34293925596567726,0.25,0.7441843193535664,0.4134280761251422,0.10714285714285714,0.7892644992323152
WT_15__TO__SCA3_04,coupled,WT_15,SCA3_04,False,24,0.24407954867167148,0.10415426129112991,0.438388723235125,1.0,0.2870878352801363,0.1124753551710578,0.5117723249549088,1.0,0.2655836919759039,0.10984338432604215,0.4729392033448465,1.0,0.6312642966897548,0.4037405352337404,0.7949663212064554,1.0,0.4549630313787495,0.193180527424113,0.7758721706445488,1.0,0.5696114852496464,0.37230366791216374,0.8054152323664883,0.7916666666666667,0.8250000000000001,0.5822034117426937,0.9901826523800532,0.6666666666666666,0.5221661095781733,0.1985738768788874,0.9457785525041353,0.9583333333333335,0.7116171061585127,0.3313855791657221,0.9877786011712245,0.41666666666666674,0.03216901673681978,1.0,0.9929951860194516,0.024601009198919103,0.7916666666666667,0.9728740403281093,0.05537161022171466,0.41666666666666674,0.9282685352565442
WT_15__TO__SCA3_04,drive_early,WT_15,SCA3_04,False,24,0.15313577877639115,0.09230507098386251,0.27672040639953166,1.0,0.17709375421658982,0.10504124720231858,0.3400481470321573,1.0,0.16511476649649048,0.09867315909309055,0.3083842767158445,1.0,0.4293552831224091,0.18356984224221004,0.5943432320565262,1.0,0.28617617633643105,0.18716653811763712,0.5627352084812822,1.0,0.32907090628380187,0.17840039263620935,0.5789713080277153,0.8750000000000001,0.6760715856363607,0.26805993667424494,0.8527251284432547,0.7500000000000001,0.34587195585494124,0.2202422168892011,0.725080906062147,1.0,0.22885937665634137,0.11762329534526933,0.30267528973171104,0.29166666666666663,0.0235316524507473,1.0,0.9943118578028148,0.013550740589364006,0.8750000000000001,0.9844945986250072,0.1359743133329151,0.29166666666666663,0.7705243917479234
WT_15__TO__SCA3_04,drive_late,WT_15,SCA3_04,False,24,0.3801215904816743,0.07212803995442799,0.6435138293748679,1.0,0.4039293091217555,0.0662905168076829,0.72275284641159,1.0,0.3920254498017149,0.06912351578549963,0.6831333378932289,1.0,0.8046199653750593,0.6997009671385074,0.8861011884195583,1.0,0.7124784182462995,0.1372315873690735,0.8951630817643615,1.0,0.8155187262223185,0.6654357010668996,0.9044860198188432,0.7500000000000001,0.8500000000000002,0.7699660487319853,0.9845640175980244,0.5000000000000001,0.5701600239769871,0.10212305659300211,0.9487664318568623,0.7083333333333334,0.9305345545617199,0.22302860250008688,0.9875351386837588,0.3333333333333333,0.03309236714685329,1.0,0.9863754441096952,0.030752680806213836,0.7500000000000001,0.969348429557471,0.06726773439962598,0.3333333333333333,0.930025700807964
WT_15__TO__SCA3_05,coupled,WT_15,SCA3_05,False,28,0.23394576568298647,0.17736683206181078,0.3818550538695588,1.0,0.26223682183791586,0.20423648399700475,0.46393371236413944,1.0,0.24809129376045116,0.19080165802940777,0.4228943831168491,1.0,0.5851595985180782,0.37159711629792386,0.8683780867416122,1.0,0.42336066253922955,0.35215506460518503,0.8748850637606684,1.0,0.4436707750984009,0.35448306246618705,0.8915287052176047,0.8214285714285714,0.4844922908536717,0.3340790200294738,0.7838568165699139,0.32142857142857145,0.41925204741207606,0.3640998992737721,0.46309968186085065,0.6785714285714286,0.41210462930564135,0.19667303956198334,0.4458454166323606,0.21428571428571427,0.026198653497527258,1.0,0.9910828872657256,0.02869945794417228,0.8214285714285714,0.9835599402727297,0.08115110891420232,0.21428571428571427,0.9782827387695059
WT_15__TO__SCA3_05,drive_early,WT_15,SCA3_05,False,28,0.17863205029315285,0.14711912557644233,0.23112411431468127,1.0,0.1919636728310056,0.16571821327388353,0.2732658919289291,1.0,0.1801147351357985,0.1579151479925437,0.2521950031218052,1.0,0.3644825298224371,0.27581207977921846,0.4489452996763624,1.0,0.32957683495971135,0.2715452888267201,0.45253017179593485,1.0,0.3449796347275151,0.272977687129412,0.44645343044761815,0.9642857142857143,0.7053435937428174,0.3735273593309765,0.9176219069622624,0.4642857142857143,0.3301712239825136,0.26902378981886327,0.42135625583399466,0.75,0.28282847858533766,0.24824475835950874,0.4075826382050624,0.17857142857142858,0.026231187798368555,1.0,0.9916196025364599,0.004266790952498378,0.9642857142857143,0.9849569501279595,0.2974855832423222,0.17857142857142858,0.8393538997159288
WT_15__TO__SCA3_05,drive_late,WT_15,SCA3_05,False,28,0.3960535474874289,0.1412766967232709,0.6916718827544048,1.0,0.4075922685488002,0.14285610572505658,0.6917163580030987,1.0,0.40182290801811454,0.14206640122416375,0.6916941203787518,1.0,0.8216361510499147,0.7714005239495587,0.9410375121933551,1.0,0.6477575205239063,0.2800290073872234,0.95,1.0,0.8778396098971664,0.4113578001200303,0.9508720922145861,0.6785714285714286,0.38382500534565583,0.18654012536964337,0.8388907196047357,0.25,0.43330326383214285,0.2523022954145527,0.7890494675865664,0.5714285714285714,0.09211008698892045,0.09211008698892045,0.13840692966049606,0.07142857142857142,0.018392503690057863,1.0,0.9897445161691572,0.019230839502529573,0.6785714285714286,0.9799692610296444,0.11282891605387627,0.07142857142857142,0.8251044698630109
WT_15__TO__SCA3_06,coupled,WT_15,SCA3_06,False,4,0.5887852408179344,0.4857742724535237,0.6012283598650683,1.0,0.6281948002641072,0.48264755542625365,0.6342905874430363,1.0,0.6115379141304853,0.4842109139398887,0.6147115800645877,1.0,0.8243753419687114,0.7100965399875239,0.8359124702122817,1.0,0.8362622661397189,0.7219264556100772,0.8441192277455408,1.0,0.8303188040542151,0.7160114977988006,0.8400158489789112,1.0,0.9180547451955254,0.851099957055826,0.9246463760324344,1.0,0.8934381704590026,0.8086489054696173,0.8977518617490664,1.0,0.905746457827264,0.8298744312627216,0.9111991188907504,1.0,0.016484639213264596,1.0,0.9914994161587545,0.008206757533259168,1.0,0.9933923843616702,0.02461657473652279,1.0,0.9801784964960361
WT_15__TO__SCA3_06,drive_early,WT_15,SCA3_06,False,4,0.19330680543078785,0.1933066217329177,0.2894257735029474,1.0,0.22495048228863707,0.2152434734367866,0.3099873325949126,1.0,0.20912864385971247,0.20427504758485215,0.3041516180126869,1.0,0.3921575649406093,0.3680675984224482,0.5409506736092331,1.0,0.3932777675886741,0.35488343775678743,0.5228345077909629,1.0,0.3927176662646417,0.3614755180896178,0.531892590700098,1.0,0.7396538567089069,0.7125713718342032,0.811628564562517,1.0,0.5758142316575283,0.43956300627811834,0.6378615247469833,1.0,0.6752164482905932,0.6752164482905932,0.7490108215260146,0.5,0.021936851703868887,1.0,0.9932506043399324,0.013184160665660749,1.0,0.9896498217987206,0.07470984708721984,0.5,0.9904081700303791
WT_15__TO__SCA3_06,drive_late,WT_15,SCA3_06,False,4,0.8142084816648112,0.6264959727458285,0.8153405441035003,1.0,0.8316429960633848,0.6475946494391627,0.8330502213217749,1.0,0.8236802145873112,0.6370453110924956,0.8241953827126376,1.0,0.9023438317405695,0.8091636319335961,0.9028391852416535,1.0,0.9104409458604752,0.8242026263384852,0.9112242241711611,1.0,0.9066400655510644,0.8166831291360406,0.9067840279558653,1.0,0.9535007797512273,0.9073443288687726,0.9539059761716715,1.0,0.9403784983209795,0.8832170596482689,0.9414047461242987,1.0,0.9469396390361033,0.8952806942585207,0.9476553611479851,1.0,0.017709677218274544,1.0,0.9902612828238802,0.008620156002511425,1.0,0.9889819932510602,0.01275167844959546,1.0,0.9849950157268464
WT_15__TO__SCA3_09,coupled,WT_15,SCA3_09,False,12,0.31645735727322954,0.11122461560647484,0.6030354353769078,1.0,0.36812756195095825,0.12535483237709735,0.5858560487720784,1.0,0.34229245961209387,0.11828972399178608,0.5944457420744931,1.0,0.7893424121315821,0.6162868834012434,0.8703049464267406,1.0,0.6051742131233588,0.2053096347949532,0.769688001603343,1.0,0.6150643576837348,0.28151011247108915,0.8435999875584681,0.7500000000000001,0.8145491826640489,0.7156373563884737,0.9222821623680976,1.0,0.6921735960666345,0.2158711664357575,0.8452273714491766,1.0,0.7271979792024197,0.251279855845953,0.94378299946094,0.6666666666666667,0.015945019434342008,1.0,0.9918119821417938,0.013923880234210425,0.7500000000000001,0.986744045827662,0.07004876627156928,0.6666666666666667,0.9825686011501018
WT_15__TO__SCA3_09,drive_early,WT_15,SCA3_09,False,12,0.1671420154006028,0.14475141337434272,0.3572007831660814,1.0,0.19315849947915323,0.1680030043967364,0.3853364489471058,1.0,0.16978123894857888,0.15402871352107825,0.3065313023258037,0.9166666666666667,0.6291150578969681,0.3946885267719633,0.756873170743964,1.0,0.35566405887540986,0.27861549941486746,0.6330328247407664,1.0,0.5539618147638375,0.3398232391812771,0.6607382441852716,0.7500000000000001,0.8500000000000001,0.7376873356730297,0.875,1.0,0.6797564353439922,0.3008034096944751,0.7529825456616928,1.0,0.7602948454464284,0.5657952569788814,0.8284479887338623,0.5833333333333335,0.023251591022393686,0.9166666666666667,0.9907742269049379,0.03514138277144693,0.7500000000000001,0.9861423141162696,0.08955985635600461,0.5833333333333335,0.9852773437010025
WT_15__TO__SCA3_09,drive_late,WT_15,SCA3_09,False,12,0.19253598575134867,0.08094941488685674,0.7037225400449031,1.0,0.2070909589963895,0.08633657892788085,0.695182983316263,1.0,0.19981347237386907,0.08364299690736879,0.699452761680583,1.0,0.8391270524311341,0.419932638186413,0.8999999999999999,1.0,0.39032605699527095,0.13498877732590503,0.8326181138613508,1.0,0.5155396509472308,0.17535551011474568,0.9009977915762325,0.7500000000000001,0.8441163695883194,0.70488763212066,0.9526531295705566,1.0,0.4512372192072197,0.14439371525344602,0.8963143112540094,1.0,0.7996990757545386,0.11201905280326624,0.9669527852364754,0.5833333333333335,0.0034450652253127374,1.0,0.9911317409288235,0.011168985743809532,0.7500000000000001,0.9904270531404471,0.056338818316546926,0.5833333333333335,0.9823951304487453
WT_16__TO__SCA3_01,coupled,WT_16,SCA3_01,True,2,0.6011908733425031,0.6011908733425031,0.6275602101430515,1.0,0.6049193464210052,0.6049193464210052,0.6422766929978033,1.0,0.6030551098817541,0.6030551098817541,0.6349184515704274,1.0,0.7598974899669864,0.7598974899669864,0.7798308475100109,1.0,0.774940806940141,0.774940806940141,0.7986877094638951,1.0,0.7674191484535637,0.7674191484535637,0.789259278486953,1.0,0.8944354250686015,0.8944354250686015,0.9032405495285679,1.0,0.8562163323940368,0.8562163323940368,0.8740455931100259,1.0,0.8753258787313192,0.8753258787313192,0.888643071319297,1.0,0.0037284730785021036,1.0,0.9872175383417885,0.015043316973154641,1.0,0.9912848857089154,0.020170820162519254,1.0,0.9851549348959855
WT_16__TO__SCA3_01,drive_early,WT_16,SCA3_01,True,2,0.41788914636498237,0.41788914636498237,0.4397154308063303,1.0,0.4530422319062603,0.4530422319062603,0.4543958917634844,1.0,0.43546568913562134,0.43546568913562134,0.44705566128490737,1.0,0.6079306969792717,0.6079306969792717,0.6089160435651241,1.0,0.5980932404590518,0.5980932404590518,0.6041207918852671,1.0,0.6039973153050141,0.6039973153050141,0.6065184177251957,1.0,0.7268129843459891,0.7268129843459891,0.7465452341595838,1.0,0.6796069048732521,0.6796069048732521,0.6898156086428964,1.0,0.7032099446096206,0.7032099446096206,0.7181804214012402,1.0,0.005792163626969771,1.0,0.9912487147127812,0.0022176463322107764,1.0,0.9884116305607817,0.04720607947273692,1.0,0.9774909314776399
WT_16__TO__SCA3_01,drive_late,WT_16,SCA3_01,True,2,0.7152702327153033,0.7152702327153033,0.7502851397062043,1.0,0.7315076901717019,0.7315076901717019,0.7750751516356774,1.0,0.7233889614435026,0.7233889614435026,0.7626801456709409,1.0,0.8460760985422993,0.8460760985422993,0.8685230256325859,1.0,0.8614359299282447,0.8614359299282447,0.8870417208815717,1.0,0.853756014235272,0.853756014235272,0.8777823732570789,1.0,0.9374802686384,0.9374802686384,0.9474233001635991,1.0,0.9177781155337289,0.9177781155337289,0.9346863993831421,1.0,0.9276291920860644,0.9276291920860644,0.9410548497733706,1.0,0.016237457456398596,1.0,0.9906451424018775,0.015359831385945433,1.0,0.9925661517865447,0.005771648456242895,1.0,0.9827640769980701
WT_16__TO__SCA3_02,coupled,WT_16,SCA3_02,False,7,0.8989660059266054,0.8044387665921708,0.9800273695170034,1.0,0.9290869629859133,0.8280293172389785,0.9837051743887957,1.0,0.9140264844562593,0.8162340419155747,0.9823730412495986,1.0,0.9378935657594705,0.9378935657594705,0.9378935657594705,0.14285714285714285,0.8874600807298476,0.8874600807298476,0.8874600807298476,0.14285714285714285,0.912676823244659,0.912676823244659,0.912676823244659,0.14285714285714285,,,,0.0,,,,0.0,,,,0.0,0.007183217992876246,1.0,0.9909249558518092,0.05043348502962286,0.14285714285714285,0.9876298698260538,,0.0,
WT_16__TO__SCA3_02,drive_early,WT_16,SCA3_02,False,7,0.7391342039684977,0.535093884453455,0.9803940746646906,1.0,0.7604999899381624,0.5632702096339443,0.9840514097515647,1.0,0.7498170969533301,0.5491820470436997,0.9825626654244957,1.0,0.7604707159160569,0.7604707159160569,0.7604707159160569,0.14285714285714285,0.6250244027769445,0.6250244027769445,0.6250244027769445,0.14285714285714285,,,,0.0,,,,0.0,,,,0.0,,,,0.0,0.004066456706384836,1.0,0.987370416763586,0.13544631313911237,0.0,0.9859591020457555,,0.0,
WT_16__TO__SCA3_02,drive_late,WT_16,SCA3_02,False,7,0.5182057338382267,0.10159752948433919,0.914930682763254,1.0,0.46281466318696923,0.08039647083307772,0.9454535518928128,1.0,0.4905101985125979,0.09099700015870844,0.9301921173280333,1.0,0.9680776275152394,0.9680776275152394,0.9680776275152394,0.14285714285714285,0.16871788223984593,0.16871788223984593,0.556474936269688,0.2857142857142857,0.9561548089073848,0.9561548089073848,0.9561548089073848,0.14285714285714285,,,,0.0,,,,0.0,,,,0.0,0.024291039627516567,1.0,0.9787788826997017,0.023845637215709203,0.14285714285714285,0.9900053003731526,,0.0,
WT_16__TO__SCA3_04,coupled,WT_16,SCA3_04,True,6,0.6481950717203495,0.5310429170543187,0.6674383981426076,1.0,0.5672846335947699,0.5322954570100099,0.6925497071072786,1.0,0.6133925224468452,0.5188506160784546,0.6747739210068092,0.8333333333333333,0.8661037291468696,0.7727637821287879,0.8739834599780612,1.0,0.8817806125675618,0.7637428279691353,0.8891214860688783,1.0,0.88102729740199,0.7682533050489616,0.8819533034719195,1.0,0.9741219773199283,0.9645258134571076,0.9877847308025227,0.49999999999999994,0.8814929563408281,0.8715579633399756,0.9087191117286588,0.49999999999999994,0.9279768813993943,0.9279768813993943,0.9541327153375562,0.3333333333333333,0.04256728846751423,0.8333333333333333,0.9764290581742829,0.02295542779142634,1.0,0.9600417237332411,0.05624488244383873,0.3333333333333333,0.8928118618010288
WT_16__TO__SCA3_04,drive_early,WT_16,SCA3_04,True,6,0.5590784016109824,0.3607288726397575,0.6064697001637148,1.0,0.6098856843491262,0.3112629223692188,0.6364131896650349,1.0,0.59491535116245,0.4241127360650443,0.6301137803319696,0.8333333333333333,0.7935250563975361,0.5621467260022545,0.8046537314227827,1.0,0.8166467368989987,0.5321380932859552,0.8325889592831681,1.0,0.8084073832115262,0.5471424096441048,0.816960602071346,1.0,0.8691077139058492,0.7738239944379363,0.9732740114994983,0.49999999999999994,0.7179535399151966,0.574911829580204,0.8920217433704751,0.6666666666666666,0.9282065883721187,0.9282065883721187,0.9477193627455922,0.3333333333333333,0.04631795453450849,0.8333333333333333,0.9838275207387825,0.016857680486794816,1.0,0.968987367191184,0.06887445375928464,0.3333333333333333,0.9218596812281545
WT_16__TO__SCA3_04,drive_late,WT_16,SCA3_04,True,6,0.7035969426542987,0.3588159046995331,0.7247472782141198,1.0,0.7142281644199818,0.38058894341565097,0.7511282201744811,1.0,0.7221285413685069,0.369702424057592,0.7313297552786171,1.0,0.9032643408992449,0.8770728708062896,0.9088567910291584,1.0,0.9288197396452748,0.5298720610637152,0.9342764142030945,1.0,0.9190065713922745,0.886583136362971,0.9245713798910689,0.8333333333333333,0.9788580483515449,0.9646448525650043,0.9947977376612644,0.49999999999999994,0.9359378502159112,0.8905798877805826,0.9820717189258735,0.49999999999999994,0.957397949283728,0.9276123701727934,0.988434728293569,0.49999999999999994,0.021692741291576282,1.0,0.9805478678104439,0.022726498361588576,0.8333333333333333,0.9657838990924891,0.013676605983936163,0.49999999999999994,0.9046519350258004
WT_16__TO__SCA3_05,coupled,WT_16,SCA3_05,False,7,0.6121119292036059,0.4756516525623672,0.6637841207180705,1.0,0.5807783297315133,0.4636303625293726,0.6889054451422117,1.0,0.599800795260173,0.4696410075458699,0.674085030340357,1.0,0.8524833574717695,0.6374402530031428,0.9004438049908625,1.0,0.831965671133349,0.5914935421212366,0.9085083082877239,1.0,0.8429791995610603,0.6144668975621896,0.9033440287515415,1.0,0.7293539574866504,0.7293539574866504,0.7293539574866504,0.14285714285714285,0.6732202961801064,0.5546630705609339,0.9623038926593637,0.5714285714285714,,,,0.0,0.020163461063146457,1.0,0.9844197798412369,0.021068367644365708,1.0,0.9741812079280711,0.17469088692571655,0.0,0.9627838330899091
WT_16__TO__SCA3_05,drive_early,WT_16,SCA3_05,False,7,0.5076012083156287,0.40644817643554876,0.5876985702908276,1.0,0.4996015921745688,0.3766097463143701,0.6196813434065347,1.0,0.5036014002450988,0.39152896137495946,0.6036899568486811,1.0,0.7236541527252002,0.5854262748494033,0.8515454736771955,1.0,0.7046663331379247,0.5220858587121041,0.8691712605381433,1.0,0.7141602429315624,0.5537560667807537,0.8603583671076694,1.0,0.7572160809280523,0.7572160809280523,0.7572160809280523,0.14285714285714285,0.6449900979753932,0.5942853914275621,0.87475573533013,0.7142857142857143,,,,0.0,0.022224976034018268,1.0,0.9926138919431386,0.02447566433233717,1.0,0.9886298643490273,0.11200010910399583,0.0,0.9647294744277425
WT_16__TO__SCA3_05,drive_late,WT_16,SCA3_05,False,7,0.7073713216204368,0.4190711238315533,0.7454634716290367,1.0,0.7180475110416922,0.3767520566880012,0.7406450654554313,1.0,0.7182242162761423,0.3979115902597773,0.7347820686246174,1.0,0.9162577301949157,0.6790126663978491,0.926522602477759,1.0,0.9133880961210797,0.544802297052401,0.9353324559661735,1.0,0.9178371360973445,0.6282662793721241,0.9383763659869495,0.8571428571428571,0.581829626734225,0.581829626734225,0.581829626734225,0.14285714285714285,0.675976848343453,0.3645699884696254,0.9671840852724019,0.5714285714285714,,,,0.0,0.021705789311410983,1.0,0.983644658390723,0.011745147118883414,0.8571428571428571,0.9749738255568624,0.2172596382645996,0.0,0.8910453378809038
WT_16__TO__SCA3_06,coupled,WT_16,SCA3_06,True,1,0.4859344111630038,0.4859344111630038,0.4859344111630038,1.0,0.5544242334594995,0.5544242334594995,0.5544242334594995,1.0,0.5201793223112516,0.5201793223112516,0.5201793223112516,1.0,0.7233203181726614,0.7233203181726614,0.7233203181726614,1.0,0.7524744313932902,0.7524744313932902,0.7524744313932902,1.0,0.7378973747829758,0.7378973747829758,0.7378973747829758,1.0,0.8652044255121847,0.8652044255121847,0.8652044255121847,1.0,0.8301054826420625,0.8301054826420625,0.8301054826420625,1.0,0.8476549540771237,0.8476549540771237,0.8476549540771237,1.0,0.06848982229649575,1.0,0.9932045422953922,0.029154113220628775,1.0,0.9934858116169574,0.03509894287012216,1.0,0.9819693167297493
WT_16__TO__SCA3_06,drive_early,WT_16,SCA3_06,True,1,0.30020140433749154,0.30020140433749154,0.30020140433749154,1.0,0.3480461305198218,0.3480461305198218,0.3480461305198218,1.0,0.3241237674286567,0.3241237674286567,0.3241237674286567,1.0,0.49708372428662145,0.49708372428662145,0.49708372428662145,1.0,0.5206474763887543,0.5206474763887543,0.5206474763887543,1.0,0.5088656003376879,0.5088656003376879,0.5088656003376879,1.0,0.6632580000155671,0.6632580000155671,0.6632580000155671,1.0,0.6190974471722107,0.6190974471722107,0.6190974471722107,1.0,0.6411777235938889,0.6411777235938889,0.6411777235938889,1.0,0.047844726182330266,1.0,0.9986546985862836,0.02356375210213285,1.0,0.9887091747650307,0.044160552843356404,1.0,0.9818367439791242
WT_16__TO__SCA3_06,drive_late,WT_16,SCA3_06,True,1,0.6813118299693728,0.6813118299693728,0.6813118299693728,1.0,0.7337363767278927,0.7337363767278927,0.7337363767278927,1.0,0.7075241033486328,0.7075241033486328,0.7075241033486328,1.0,0.8440784020183159,0.8440784020183159,0.8440784020183159,1.0,0.8613703446577836,0.8613703446577836,0.8613703446577836,1.0,0.8527243733380497,0.8527243733380497,0.8527243733380497,1.0,0.9268676432182676,0.9268676432182676,0.9268676432182676,1.0,0.9078219612482129,0.9078219612482129,0.9078219612482129,1.0,0.9173448022332402,0.9173448022332402,0.9173448022332402,1.0,0.05242454675851993,1.0,0.9916113197861264,0.01729194263946776,1.0,0.9890820574291983,0.01904568197005474,1.0,0.988726734183259
WT_16__TO__SCA3_09,coupled,WT_16,SCA3_09,True,3,0.3804258608478003,0.35321825412655683,0.4207300470738966,1.0,0.3525783023109398,0.276079812995871,0.4308581563950892,1.0,0.36650208157937003,0.3146490335612139,0.4257941017344929,1.0,0.6348309182300086,0.5943532254332068,0.6876399877129149,1.0,0.49448747358198064,0.4468554625011073,0.5847483667781678,1.0,0.5682363550480304,0.5682363550480304,0.6434354602478496,0.6666666666666666,0.8287758943628103,0.8206212235716392,0.8588899874311022,1.0,0.6432562661642423,0.6106301690336634,0.714867607703505,1.0,0.8782957975960111,0.8782957975960111,0.8782957975960111,0.3333333333333333,0.022630429471544727,1.0,0.9257753032914545,0.0321164227087361,0.6666666666666666,0.9519157203881699,0.12699655759603434,0.3333333333333333,0.9787919861037652
WT_16__TO__SCA3_09,drive_early,WT_16,SCA3_09,True,3,0.3443314342292939,0.23364007581650129,0.4863069923121832,1.0,0.3311445145803064,0.24263796838468385,0.45669608351936103,1.0,0.33773797440480013,0.23813902210059257,0.4715015379157721,1.0,0.595662011054062,0.4758896996201392,0.7197797593411512,1.0,0.5737055488554087,0.4671289386253024,0.6815275583871356,1.0,0.5859291792563561,0.4715093191227208,0.7018990581657641,1.0,0.7929744906078263,0.7213614904797211,0.8731065684395356,1.0,0.6641614884170444,0.5851728255625207,0.7454226730757607,1.0,,,,0.0,0.010663166070499247,1.0,0.9830996632665843,0.01946566359541191,1.0,0.9873062296878501,0.128813002190782,0.0,0.9688009925095186
WT_16__TO__SCA3_09,drive_late,WT_16,SCA3_09,True,3,0.20504484811142293,0.13553398664481825,0.3646540774520161,1.0,0.17335885816382798,0.11345204519258419,0.33724668935936153,1.0,0.18920185313762544,0.12449301591870121,0.3509503834056888,1.0,0.3515180448066232,0.2878434088615713,0.5242562024897185,1.0,0.2719022063025511,0.19865401206704786,0.4701253578709772,1.0,0.31171012555458716,0.24324871046430957,0.49719078018034785,1.0,0.707816624877449,0.6067302711600033,0.8470957301731292,1.0,0.3246525803588974,0.2523731120928091,0.5251110033745635,1.0,0.935660926265565,0.935660926265565,0.935660926265565,0.3333333333333333,0.018161252205241667,1.0,0.975194507629563,0.03821940902386182,1.0,0.9213740584483544,0.13091216990977705,0.3333333333333333,0.9681487908084458
