subset,p_intrinsic,p_drive,n_biological_pairs,A_isi_median,dA_dintrinsic_median,dA_ddrive_median,drive_dominance_fraction_median,gradient_magnitude_median,A_isi_q25,dA_dintrinsic_q25,dA_ddrive_q25,drive_dominance_fraction_q25,gradient_magnitude_q25,A_isi_q75,dA_dintrinsic_q75,dA_ddrive_q75,drive_dominance_fraction_q75,gradient_magnitude_q75
core_secure_pairs,0.0,0.0,32,0.0374782643091542,0.2568567279637651,-1.444904775429522,0.6374258182132697,1.6549984716516168,-0.0838806796353532,0.0119760520421015,-1.745361582334,0.4483157620665498,1.3317511804795068,0.0940928870397159,1.167894830530396,-1.0809532245051647,0.7631384681933923,2.360655404216731
core_secure_pairs,0.0,0.0333333333333333,32,-0.0107011019203611,0.2502745917771719,-1.2524460118743264,0.6306389863935393,1.4870739397507564,-0.1498814499547195,-0.0699345588507863,-1.536110045133594,0.4481521037022229,1.1849539713050568,0.0259281336737264,1.0078064769142094,-1.0033365057278794,0.7190993182044365,2.041874280629464
core_secure_pairs,0.0,0.0666666666666666,32,-0.047948112021256,0.2158955867489926,-0.93444567995563,0.5174681079041116,1.2261362723459608,-0.1965820796959503,-0.0464811330995542,-1.1643310349710596,0.3965352663824003,0.8280732659772871,0.0073048701595021,0.9282515176379184,-0.6413918329800429,0.6744180574978162,1.6820033588411076
core_secure_pairs,0.0,0.1,32,-0.0718445138190679,0.1885758544790293,-0.6597957450075349,0.4625757150303799,1.096911109664338,-0.2366963421006782,-0.0642011762616079,-0.9406712154686216,0.3753032953956627,0.5697772137710784,-0.0185072993997385,0.8277720373599502,-0.3657815173703089,0.619469998333289,1.567613054101369
core_secure_pairs,0.0,0.1333333333333333,32,-0.0936156829271355,0.1915485371442767,-0.4105140210878939,0.3788288404508024,1.0125967690475928,-0.2588352565287538,-0.0830027508805388,-0.785312369948612,0.2897313897338153,0.5027630234023588,-0.0267460466391513,0.7699365310378987,-0.1484609059235805,0.5128282003011659,1.488236388685568
core_secure_pairs,0.0,0.1666666666666666,32,-0.1112672768448126,0.1878609995491369,-0.2301897301632804,0.3870866993015366,0.9575827434223086,-0.270553280384126,-0.0610279494997684,-0.6238109432530405,0.2904036772993927,0.5234274896709138,-0.0281845264004494,0.726072784489679,0.0754418408164164,0.574839244513405,1.414685376947355
core_secure_pairs,0.0,0.2,32,-0.1249805318570829,0.1788747121337011,-0.1177019971279988,0.3801689872127571,0.9175292983534684,-0.2763794104426723,-0.0639245064122731,-0.5090207924589101,0.2300388323353113,0.6072755650504711,-0.0125910874077226,0.6937076887176838,0.2764410578309152,0.6253544562161598,1.3433347808358764
core_secure_pairs,0.0,0.2333333333333333,32,-0.1413715921303578,0.1662072036000435,-0.0105399695079394,0.3439131479542791,0.9458752378015252,-0.3024239690040504,-0.1067615172311189,-0.423110048217155,0.2452984353446967,0.6727001125888667,0.0071553840416901,0.6707224480786799,0.4326512033839148,0.6658657250333925,1.2938015429485366
core_secure_pairs,0.0,0.2666666666666666,32,-0.1617139279249553,0.1657456459773403,0.0736853946550485,0.4381740046091203,0.95456335330139,-0.3096932774904037,-0.0639278079682564,-0.3452882316628004,0.2444763803309425,0.8228919453684617,0.0308241746347898,0.650485292001704,0.5586728236109906,0.7016354591446134,1.2560480093588031
core_secure_pairs,0.0,0.3,32,-0.1694377046994102,0.151687978071459,0.1396004699024418,0.4590633039169357,0.978797162359403,-0.3171392116474387,-0.1118874065330233,-0.3017187746507153,0.2569678796086326,0.8915580964221267,0.0469638383416029,0.6372020313136425,0.6770101661483192,0.7265152996668307,1.207788936675255
core_secure_pairs,0.0,0.3333333333333333,32,-0.161930353046761,0.1864769728850184,0.2078869104181859,0.4745527008166223,1.0604526017765306,-0.3386209228554862,-0.080625358457222,-0.2693145991121288,0.2700170654055588,0.8618656904632236,0.053264943358635,0.6327330198732507,0.7744227890558083,0.7452596412221593,1.2129234995782434
core_secure_pairs,0.0,0.3666666666666666,32,-0.1511086387324802,0.1894189564495665,0.261418700304074,0.4447867157346808,1.145157287585957,-0.357661571390071,-0.142645427932523,-0.2274758435304109,0.3085009681082435,0.8585960683048841,0.0622203435319855,0.6189870564565564,0.8522431060792393,0.7570414367543888,1.2785591821333917
core_secure_pairs,0.0,0.4,32,-0.149790369251426,0.1917334409250564,0.3152448007812974,0.465014912517938,1.181276542332047,-0.3518644183857873,-0.1123579235124305,-0.2060265699199107,0.3459701228388869,0.9137122922611278,0.0779241511293485,0.614659527482333,0.9285634765548856,0.7442410032324039,1.3552628431838405
core_secure_pairs,0.0,0.4333333333333333,32,-0.1509750065888085,0.1715552155804941,0.3586963146351691,0.4733382997314658,1.191080969868929,-0.3398188323230975,-0.083226897635098,-0.1628830864721082,0.3008457896211649,0.9352141335767384,0.0833393399419783,0.607311321918323,0.9914648799821923,0.7631091080896822,1.4752048838642704
core_secure_pairs,0.0,0.4666666666666667,32,-0.1517981469286413,0.1722268724426507,0.40129106707893,0.4942747434871882,1.2001092430049247,-0.3330659465356362,-0.1236344021977534,-0.1470452734828691,0.3085064040174245,0.9724508698309596,0.0904092342983289,0.6139013677328724,1.0426321946706525,0.7355420326021089,1.5779843074829545
core_secure_pairs,0.0,0.5,32,-0.1495806875085006,0.1614318081586723,0.4453770266846619,0.4969219701325024,1.2326843362320514,-0.3429526834414406,-0.1424852605368855,-0.1251186268961043,0.3290084056793947,0.9493945171295558,0.1021298555114034,0.7754606074559609,1.0970288575713765,0.7695654991068521,1.6733417555246672
core_secure_pairs,0.0,0.5333333333333333,32,-0.1379709514867052,0.1970324074532201,0.4743934334301167,0.5499850558003337,1.24670691102395,-0.3557145152921337,-0.1292558300652062,-0.1035683363060936,0.3424895046530469,0.9891706145897576,0.1256342213464768,0.7668673363861492,1.1483981838430737,0.7309123449227706,1.7095925050157943
core_secure_pairs,0.0,0.5666666666666667,32,-0.1304008652201186,0.1928297446734809,0.5097067923897757,0.5422573025930242,1.2379787301379936,-0.3635076612578862,-0.0788851689682216,-0.0784516938928016,0.3590436329622083,0.9561176547545976,0.161201525105427,0.773136999101604,1.2078424382303812,0.7473491705175884,1.7900753350711334
core_secure_pairs,0.0,0.6,32,-0.1219127996564398,0.21463403217521,0.5459160399566776,0.5419595660070122,1.2859114247965553,-0.3698082660733905,-0.1350628914161079,-0.0712748273612251,0.3715766224779687,1.0134431388938672,0.1981846293183065,0.798813256211242,1.2702399538442524,0.7146509422994132,1.767744718854657
core_secure_pairs,0.0,0.6333333333333333,32,-0.1125117724016188,0.2256178577302046,0.5744178854004593,0.5484020962308671,1.3147378974435135,-0.3738226160903007,-0.0289614323571712,-0.0569870447064465,0.3591264409829554,0.8108779004141162,0.2362840783941781,0.820793358946075,1.3285726826018298,0.6997983207098643,1.8362582258034996
core_secure_pairs,0.0,0.6666666666666666,32,-0.1022511704174056,0.2055874263521218,0.5924403872213604,0.5644486835141789,1.3559043189900084,-0.3771695564121454,-0.0263492021085781,-0.0199523568098802,0.3685784750343409,0.850615436805134,0.2763239122357326,0.6379530253735504,1.391361503303723,0.687334205939768,1.859511349701957
core_secure_pairs,0.0,0.7,32,-0.0882519803896376,0.2255127367836063,0.6157417406197068,0.5739678793379384,1.3999693622157272,-0.3767257923349063,-0.0402218621112199,-0.0042450862385866,0.373828632708544,0.8533160195037135,0.3118148370510739,0.7084705275431382,1.4380363136475751,0.7015396930580029,1.9400290482248332
core_secure_pairs,0.0,0.7333333333333333,32,-0.0651552625644391,0.2134758986147506,0.6381182516726461,0.5825978357701049,1.3656206929437444,-0.3742260771637803,0.0405495749638279,-0.0079341292898127,0.3969312652144064,0.8823557435859701,0.3636856857100345,0.7867298314707561,1.376483834005168,0.672015858664349,1.944664661575312
core_secure_pairs,0.0,0.7666666666666666,32,-0.0412016104509328,0.2422514419225039,0.6521671810537284,0.5890223538526989,1.4145455433809602,-0.3716665164471282,-0.0971958845604235,-0.0654083444957364,0.3643075685648292,0.9042028590188648,0.4177122969459236,0.7820931883581154,0.9965596756185492,0.6686471297593353,2.017461552724056
core_secure_pairs,0.0,0.8,32,-0.0166290529783912,0.2386932507646036,0.6053346670331161,0.5449975471387928,1.3971705478409286,-0.405959917181349,-0.0238599883061585,-0.0431224918891594,0.3636218247838909,0.8977530975320777,0.4734583912052666,0.7888793875074207,0.9075049566010552,0.6340470964940865,1.751132111474937
core_secure_pairs,0.0,0.8333333333333334,32,0.008617471432207,0.2329654243345511,0.6332695229014667,0.531251990711863,1.4211515818879743,-0.4078210526239619,-0.2850133939003708,-0.0345126354291976,0.3623760631372722,0.9223419076210791,0.5288540081852828,0.7647721720321554,1.0420702455069693,0.6443040690358931,1.9022374431106108
core_secure_pairs,0.0,0.8666666666666667,32,0.0123667563469845,0.2808846593713952,0.6491275421478444,0.5423171661483678,1.367308290390299,-0.4090590179306904,0.0545227894462799,-0.0303724042167699,0.3593552354691407,0.94039181204423,0.5866179245642353,0.9540921594469762,1.0796876222512737,0.6384386878616847,2.019229396736553
core_secure_pairs,0.0,0.9,32,0.0361977621171352,0.2615481692270666,0.6669124338637494,0.5443355614338684,1.2952313762538887,-0.4117229921409284,-0.1620173775081762,-0.0195872942758231,0.3405621548740177,0.934206750718749,0.6465092525728586,0.8604880559210153,1.1773034219874612,0.6221857376150683,2.006922910050677
core_secure_pairs,0.0,0.9333333333333332,32,0.0604225951868984,0.293114581038505,0.6605042676517794,0.4775204350181333,1.1991631574651107,-0.4122603582259544,-0.1773601416669017,-0.0129406272476017,0.3184820256058611,0.9249943172259456,0.7085421460980064,0.977648228956076,1.046723272950621,0.6245594865056916,1.9916535180705968
core_secure_pairs,0.0,0.9666666666666668,32,0.0851231386600841,0.392790454735863,0.6682754888252747,0.4850389551069745,1.1056821882225132,-0.4124999969546083,0.0693503994335226,-0.0342825368815536,0.3095985080752131,0.9086238145321622,0.610835418885038,0.9879426950160516,0.9861191331378872,0.6117357659297842,1.9310249674965148
core_secure_pairs,0.0,1.0,32,0.0526223525355,0.4680691897794907,0.6728239357082343,0.4781382300843612,1.1178683703046095,-0.4122627891526741,0.2007366986773477,-0.0270860809528088,0.3111993229703443,0.9254071594229096,0.3273820986699134,1.044290012847161,1.0313396491254876,0.5962994282912254,1.983426135691742
core_secure_pairs,0.0333333333333333,0.0,32,0.0482201333964867,0.2445793615636891,-1.4904502925689234,0.6470120601658222,1.8635304593543305,-0.0587487362867928,-0.0300837012748475,-2.0248423362181067,0.5263220846463907,1.3525271982216822,0.1008787466934181,1.2086019921570528,-1.2069762917981977,0.7373339268289909,2.561521486688445
core_secure_pairs,0.0333333333333333,0.0333333333333333,32,0.0043925918317419,0.2069506630062691,-1.3504273291789688,0.6121915045097593,1.5666114247782186,-0.1121438320241182,-0.0995396048620553,-1.71306346968989,0.4644849332481838,1.2211041669659606,0.0663345708472349,1.0460883942139123,-1.0218297553191815,0.7233894259768913,2.0871334479571613
core_secure_pairs,0.0333333333333333,0.0666666666666666,32,-0.0117385725518747,0.1801206499670393,-1.0151096570538782,0.5315014752687877,1.2371445654759383,-0.1710172336322454,-0.1077948827964105,-1.2611877254873889,0.4429022312349019,0.8499153023330007,0.0619695336416038,0.9332970697595788,-0.6495488141064713,0.6705596058782979,1.7719119300450457
core_secure_pairs,0.0333333333333333,0.1,32,-0.0342021388846923,0.1638558641594024,-0.685875527500486,0.4595374529978807,1.1102268800654689,-0.2043697679662196,-0.0830755273286764,-1.013419393495175,0.3532040646602455,0.6258705797310733,0.036747809888817,0.8486100940188908,-0.3697414077732629,0.6225217224870443,1.6081140609646942
core_secure_pairs,0.0333333333333333,0.1333333333333333,32,-0.0448892790342301,0.1630059569347104,-0.4413530749571639,0.3967540400485752,1.051156417904816,-0.2351611802819002,-0.0994045727893659,-0.89254744432129,0.2903787034636081,0.5442987614870399,0.0160817667728616,0.7857426711503664,-0.1391323341027751,0.5281471734718776,1.4589074479133362
core_secure_pairs,0.0333333333333333,0.1666666666666666,32,-0.0474613380874278,0.1596994552035772,-0.263417339024934,0.390618320736208,0.9812529292115793,-0.2562598814126058,-0.0868588106287704,-0.7325214043729198,0.3047161375819196,0.547017129875183,0.0070454807049135,0.7491689051342445,0.0664630120683963,0.5892111847776142,1.3396571800168835
core_secure_pairs,0.0333333333333333,0.2,32,-0.0638015132601169,0.160174638844686,-0.1465585645489522,0.3890723764363318,0.9241074435309417,-0.2751524458742643,-0.0919295956783917,-0.6141031423574064,0.2541930239400581,0.6081720801144208,0.0028889271286653,0.7150697621115055,0.2845479787517372,0.6181481823382148,1.249954110655568
core_secure_pairs,0.0333333333333333,0.2333333333333333,32,-0.0784273350294759,0.1480130947432426,-0.03509969438625,0.3555343019568554,0.9368539684598324,-0.283266334141981,-0.1233294489304838,-0.5569391828154827,0.2743244754627232,0.6605278938620658,0.018358807068028,0.6741988895872055,0.4343586894916525,0.6769535564986172,1.2160520404585786
core_secure_pairs,0.0333333333333333,0.2666666666666666,32,-0.089779256799861,0.1343076833425737,0.0607336198934107,0.3910674073865383,0.9606460677593562,-0.2841145798219086,-0.0902070233304341,-0.4507847815600513,0.2685745164667059,0.8304715425755345,0.0226782885125304,0.6540993901675622,0.5057826038835305,0.6609381930881353,1.2576622599911012
core_secure_pairs,0.0333333333333333,0.3,32,-0.0885230810651714,0.1274825401243006,0.1358234902554126,0.4605611406866599,0.9956769837134578,-0.2804057873955015,-0.1101861491612968,-0.3864087395821957,0.2653998483113834,0.9147590356186446,0.0357900914388994,0.6499021602372805,0.6766676228923981,0.6926496895056447,1.1995556603998767
core_secure_pairs,0.0333333333333333,0.3333333333333333,32,-0.0890184672838381,0.1522795703619,0.2022191346176813,0.4787546671921292,1.051645369973231,-0.2752118425716102,-0.0926385438662649,-0.3500376006376287,0.2673002121467864,0.8733056391878415,0.0657110831597831,0.642505421859236,0.771273457474511,0.6827460760255334,1.2319711367511048
core_secure_pairs,0.0333333333333333,0.3666666666666666,32,-0.0894182947717693,0.154985772757078,0.2629376008148604,0.4962020198794301,1.112282515828784,-0.2834765649883458,-0.1084083729430796,-0.3073374799256641,0.2999125126752544,0.863146730554306,0.0791051895352784,0.6327906064566411,0.8521314539676517,0.7198922388065416,1.301442757199919
core_secure_pairs,0.0333333333333333,0.4,32,-0.1028240094362239,0.1668308075785358,0.3097071962633966,0.4626924169867029,1.1595505036339977,-0.2896857950483193,-0.1062034026600682,-0.2692250505879589,0.3270758041020227,0.9168917906261188,0.1024170048761524,0.62757260644618,0.9323664353502944,0.7014605166688187,1.366662992785273
core_secure_pairs,0.0333333333333333,0.4333333333333333,32,-0.0906974829276425,0.1436876241820353,0.3559312176482845,0.4648050311316013,1.1989366155628254,-0.2853352101289204,-0.1110217935160896,-0.2237110210973658,0.3482945969512623,0.9332364014857168,0.1149048721345029,0.6204638469525631,0.983462079100849,0.7138059556202029,1.490245214186997
core_secure_pairs,0.0333333333333333,0.4666666666666667,32,-0.0712048607242354,0.1578786731268603,0.4056379747777275,0.4985293746006082,1.2214310936908492,-0.3129554768833354,-0.1128540851777028,-0.1878698574361939,0.3416747570061395,0.9739006980971214,0.123917607147372,0.6207134244388404,1.041135896852949,0.7284060126440547,1.5362601696867646
core_secure_pairs,0.0333333333333333,0.5,32,-0.0612026115841768,0.1807676186766329,0.4395321068689454,0.5043126862873878,1.2337026316460342,-0.3113148643708588,-0.134670269497685,-0.1736349529408166,0.3470555097725675,1.0021196447398313,0.1235407095066247,0.6229588269629113,1.0897089641500366,0.7325439951371786,1.583524419250752
core_secure_pairs,0.0333333333333333,0.5333333333333333,32,-0.0570685230953708,0.1656782210183031,0.4778876659239718,0.5471168445900714,1.2781192149650171,-0.3003642481462983,-0.1413376119159336,-0.1585065943539505,0.3587504810997967,0.9809298906631098,0.1367955229644576,0.7688913408326855,1.1465565980013257,0.7335399760415215,1.6610422659429671
core_secure_pairs,0.0333333333333333,0.5666666666666667,32,-0.0509589260599312,0.1989908034523674,0.5169423447757853,0.5481768811300971,1.3003113934501056,-0.3191792791589489,-0.1515368099938732,-0.1297629722583181,0.3367199400226864,1.00764191312601,0.1694146360972474,0.6283400474352668,1.2085431192162357,0.7226987810871658,1.759898495645886
core_secure_pairs,0.0333333333333333,0.6,32,-0.0458294885666711,0.2179702712306162,0.544931607496798,0.551846263769836,1.319975196740875,-0.3163212962350948,-0.1527214509771765,-0.1382587517632623,0.3404391608079167,0.9932312323613526,0.20653898800831,0.6482039465262821,1.2766083319196109,0.6771996504956431,1.7455272108323534
core_secure_pairs,0.0333333333333333,0.6333333333333333,32,-0.0446607164900965,0.2142340419504498,0.5741097693889208,0.5431861452125248,1.3211913070949506,-0.3265533288181237,-0.0805383761894918,-0.0834090402530823,0.3411602123672133,0.8124700936498904,0.2451145427329473,0.645490235946173,1.337613564608748,0.6844976776421073,1.8663940296698107
core_secure_pairs,0.0333333333333333,0.6666666666666666,32,-0.0593842224681788,0.219729347009441,0.6049012608270159,0.5611068061804345,1.3287023948181076,-0.332189207403522,-0.0822855766808566,-0.0563839074885004,0.3820346635935188,0.8352539845634592,0.2853561473549661,0.6577149681019515,1.398946056014654,0.6926463982002372,1.8570509509270372
core_secure_pairs,0.0333333333333333,0.7,32,-0.0644621235775031,0.2709485015396777,0.6189585591471494,0.5618197399253597,1.3116331470860234,-0.3356642939315045,0.021463642657226,-0.0676566114316953,0.3880173600094374,0.8551593355176961,0.3193411932771738,0.6482701019275031,1.4532508279142404,0.694383446889947,1.9116392602729475
core_secure_pairs,0.0333333333333333,0.7333333333333333,32,-0.0496472171164319,0.2759306998875954,0.637952047098682,0.5664240682116232,1.2926498648035358,-0.3395540391415909,-0.0414337837027817,-0.0458341122667976,0.3921154245558916,0.9058453895567627,0.3520434696950346,0.7665593932482875,1.4916999133745623,0.6777657097818928,1.995919119841608
core_secure_pairs,0.0333333333333333,0.7666666666666666,32,-0.0334807181417687,0.2853007529440111,0.6663889104836853,0.5624878042679207,1.262353502926818,-0.3417907159930168,-0.0242280932435672,-0.0234590143630095,0.3810223125182034,0.908401768803931,0.3909565223467579,0.7526476052730379,1.0914468122442489,0.6767727617815225,1.953694599080964
core_secure_pairs,0.0333333333333333,0.8,32,-0.0163093046046752,0.2926662011605266,0.6818531658056102,0.5640806565865482,1.233978684894674,-0.3442264018161295,-0.0890621578739131,-0.0114194638842893,0.3838960421652991,0.9151703225574432,0.4460510522744536,0.7447986967937369,1.0610763015468754,0.6699670728258628,2.0634333200224244
core_secure_pairs,0.0333333333333333,0.8333333333333334,32,0.001194392132263,0.2923146793250641,0.6335064635719398,0.5185531211833434,1.2067779912102825,-0.3457493057241947,-0.303107838655303,-0.0404710781413709,0.388527537030176,0.9287289188350708,0.5029207220573955,0.8039350271250638,1.028732929306296,0.6472174773186743,2.0166448144365363
core_secure_pairs,0.0333333333333333,0.8666666666666667,32,0.0227964399169097,0.3015737852552511,0.6999997407343495,0.5322578608591199,1.3363336406838622,-0.3419257784711161,-0.0191386294572486,-0.0315248797113974,0.3895815607874933,0.9403960279405376,0.5619508110733978,0.8132615144284581,1.1455149407071152,0.6418365282273942,2.0361648610208447
core_secure_pairs,0.0333333333333333,0.9,32,0.0476348220798706,0.2940564204849442,0.6703678230970007,0.5285048391401008,1.2922446848104523,-0.33737020635149,-0.1102028508603922,-0.0306574109484582,0.3897116568618912,0.9249234267071976,0.6225652534755095,0.8006092491621538,1.1810108904287155,0.6166664622943844,2.2246627540101502
core_secure_pairs,0.0333333333333333,0.9333333333333332,32,0.0648952951430357,0.3362194641966679,0.6809486656517334,0.4939976941534754,1.151978166243635,-0.33235580106734,-0.118546984733302,-0.0168182123706898,0.3906139011111253,0.9295054211456096,0.6859325532589123,0.7672593788165041,1.0751505799909191,0.649085222333166,2.0251200703035668
core_secure_pairs,0.0333333333333333,0.9666666666666668,32,0.0900618919486916,0.3515638487740192,0.7000241145174436,0.5043508383512313,1.0284045960097918,-0.3718218111932988,0.0152561437837671,-0.021365349355758,0.35045471951598,0.9199564287044631,0.615891942766695,0.8933706563181592,1.153638145061695,0.6369366929393843,2.001041785778777
core_secure_pairs,0.0333333333333333,1.0,32,0.1121736607150278,0.4931107430676731,0.708851369843073,0.4854689027825829,1.040566136214358,-0.3836772516264969,0.2321461042953491,-0.0234610788750823,0.320937512245886,0.9165999907824104,0.5363209693656166,0.9093136286454246,1.1739422747722414,0.6448151873251108,1.811670963361106
core_secure_pairs,0.0666666666666666,0.0,32,0.0509873168284502,0.2159459029303755,-1.5558709041627714,0.6220912398014256,1.821785000592549,-0.0470418593649074,-0.1254189429040672,-2.0861223411442644,0.4955700586854863,1.3682679237958528,0.1120118360832713,0.9330143487580947,-1.0646911526046725,0.7161263649808207,2.444598040841637
core_secure_pairs,0.0666666666666666,0.0333333333333333,32,0.0080421366735278,0.1750589148111661,-1.452054680472941,0.5936437340151246,1.562811435474471,-0.1041818758051842,-0.1110792120099795,-1.696099524396968,0.4798483587489793,1.077516003104232,0.0784834930027293,0.8177844506308052,-0.950321863975192,0.701648899023904,2.182124266798636
core_secure_pairs,0.0666666666666666,0.0666666666666666,32,-0.0140941990658786,0.1806618989089432,-1.0322833708845054,0.5250986310036921,1.1732682747393233,-0.1362786874749491,-0.1047861399336206,-1.2705105090570217,0.4299809567339394,0.8611507937746283,0.0746018060632149,0.9029579023915032,-0.6815534555049344,0.6575062343431752,1.843156458005352
core_secure_pairs,0.0666666666666666,0.1,32,-0.0248525493475961,0.1717944943884494,-0.7482715935114481,0.4567786602775713,1.1429040689440186,-0.1624948526225994,-0.0968126509933097,-1.0249908670426005,0.3719095825968597,0.652214875221109,0.0937741940655085,0.8542079680344348,-0.3743791350150476,0.6422840833113956,1.6880770753768282
core_secure_pairs,0.0666666666666666,0.1333333333333333,32,-0.0329637213509255,0.170601460383858,-0.4707200894794169,0.4243522362434607,0.992721816469756,-0.2027995943207649,-0.094825140818832,-0.9896429251760616,0.345451007747283,0.6248155109292335,0.0674989578784183,0.7907478028534929,-0.1371433369062393,0.5594335338679213,1.5735715915700468
core_secure_pairs,0.0666666666666666,0.1666666666666666,32,-0.0223267535970044,0.146087688211197,-0.2964815961300542,0.4076609451179976,0.962070421955654,-0.2220841210712701,-0.1001470726405894,-0.8695385769958659,0.3058236532538628,0.6027607693256192,0.0439584813846142,0.7775958064281697,0.0786028232843707,0.6115419263580737,1.510977424880916
core_secure_pairs,0.0666666666666666,0.2,32,-0.0140039606973187,0.1532819357367765,-0.1734218066988848,0.4412457277445233,0.9225657758978022,-0.232216773071733,-0.1214301122307118,-0.715890433706968,0.2753433080934945,0.630291161390707,0.0355528112834945,0.740530180501337,0.2788773472012422,0.6333861914576409,1.4368263329051638
core_secure_pairs,0.0666666666666666,0.2333333333333333,32,-0.0141491020802987,0.1507879594599951,-0.063058761278803,0.3831830605280403,0.9441601241301638,-0.2695856663472348,-0.0981211413612449,-0.5983042046193414,0.2795539042619951,0.6907472882611346,0.0506946635094149,0.706306564472283,0.4451996440767044,0.6340685848264752,1.3980100097534582
core_secure_pairs,0.0666666666666666,0.2666666666666666,32,-0.0066281876236246,0.1290111758131567,0.0463229346732726,0.4135078370102736,0.9562675243204798,-0.2845024906527742,-0.1208460163522193,-0.5002571590436,0.2906125232785105,0.7981243086650927,0.0425292902184556,0.6808430770520222,0.5231560229253411,0.6204714833440438,1.3504238636666055
core_secure_pairs,0.0666666666666666,0.3,32,-0.0241595677621856,0.1370008741920741,0.1257844438674691,0.4393012589952491,1.0341374482792454,-0.2913525184854547,-0.0938573572768436,-0.4430250556061517,0.2781093405559385,0.8726058658313665,0.0731210417428122,0.6748853465361491,0.5776543118161698,0.628015524692553,1.3346929370315936
core_secure_pairs,0.0666666666666666,0.3333333333333333,32,-0.0328465926885425,0.1272071494481302,0.2009579444857493,0.4586010960471633,1.1084538117304654,-0.2931385086159962,-0.0922410985730141,-0.3868811732958945,0.2745780571019444,0.8516474039383419,0.0956763687347682,0.6675421320036897,0.626502198102295,0.6474531501641215,1.5613819299401197
core_secure_pairs,0.0666666666666666,0.3666666666666666,32,-0.0355154026067806,0.1347332874829898,0.2558740031214507,0.4837019687641124,1.1409947105988616,-0.2862988328750853,-0.0920188952179565,-0.3445796099195922,0.3056211177683882,0.8591459459219155,0.0812012419420819,0.6518949437054777,0.865383599595867,0.6806330640320399,1.441298667265793
core_secure_pairs,0.0666666666666666,0.4,32,-0.0172297152485135,0.1446076429122998,0.3038284159606572,0.4903091731718441,1.1802650429196326,-0.2766332383308848,-0.10061425867736,-0.3080246183333657,0.3269083114094319,0.8815098276461653,0.1048161341962598,0.6516137728601485,0.921805759089886,0.7075204250117775,1.491099435457229
core_secure_pairs,0.0666666666666666,0.4333333333333333,32,-0.0320534556963543,0.14722992793641,0.351250812511811,0.4718638431948077,1.2468381074983863,-0.2650215592753921,-0.1017154641701025,-0.2780609635252721,0.3409479719299365,0.91487341699066,0.1310215642779029,0.6491178338000447,0.9842070862113912,0.7379041736151084,1.4647526146645728
core_secure_pairs,0.0666666666666666,0.4666666666666667,32,-0.0534300419213578,0.1266124330530971,0.4006247134669359,0.4969593508537672,1.2772525686615397,-0.2518420962706363,-0.1111699965425143,-0.2228850541938188,0.3447862657866269,0.9067010005623228,0.1467959590838295,0.6393483272184954,1.0359454342550731,0.7306753986127752,1.538147243996753
core_secure_pairs,0.0666666666666666,0.5,32,-0.0577222482208168,0.1758207347810872,0.4494209179280102,0.4544998800070745,1.290642617798826,-0.2504947052602234,-0.1151797576781642,-0.1907231284395097,0.3533306498017895,0.8930207177871636,0.1582441197313515,0.6464605284866733,1.0962242460447311,0.7379008099536061,1.6339276184232712
core_secure_pairs,0.0666666666666666,0.5333333333333333,32,-0.04327370082811,0.1867248365833819,0.4788730034860427,0.475425534297649,1.269656956693438,-0.2445437236124716,-0.1203365451905369,-0.1724147400541789,0.3840645490312659,0.8320601399926791,0.1554115345621528,0.6517239172580526,1.1560093128284634,0.7325890239789756,1.721787917857729
core_secure_pairs,0.0666666666666666,0.5666666666666667,32,-0.0194257156571945,0.1926661822429623,0.5150575990263555,0.514159582726031,1.2939548796140947,-0.2586041544836819,-0.1329749388239684,-0.1915084583612001,0.3955430463084977,0.8200199685791003,0.1775879833446703,0.7340764754017786,1.2111259740434597,0.7499714597463646,1.8334771745522236
core_secure_pairs,0.0666666666666666,0.6,32,-0.0045262446744313,0.215356796807371,0.5514360878476081,0.5085597828096455,1.2399018118159657,-0.2574417502186088,-0.1306248650738323,-0.1218129329966934,0.4062009330028547,0.8286698300176586,0.2142010437886098,0.6612614413643154,1.276069707081848,0.7634159177625912,1.858447842153686
core_secure_pairs,0.0666666666666666,0.6333333333333333,32,0.0039420406554039,0.2443740257714503,0.5755468645865581,0.5090072893305614,1.2862579974471655,-0.2698333909688241,-0.0573840952953243,-0.1422163174107293,0.3831499206315411,0.840831206350656,0.2534295718661728,0.6535276864433119,1.3447528460610123,0.7031187217611894,1.8617298372009656
core_secure_pairs,0.0666666666666666,0.6666666666666666,32,0.0201124467241042,0.2622567727359436,0.6032781445292723,0.500447816602924,1.2908863309519103,-0.2943357747498902,-0.0040838117477756,-0.1269984174959488,0.3390132162089901,0.8581069317606421,0.2938580900337676,0.7632819597133852,1.3712687175888514,0.7011719341343665,1.9020332076888316
core_secure_pairs,0.0666666666666666,0.7,32,0.0330885926263646,0.2716740127132839,0.6262001838726856,0.522189117307321,1.3962627892832589,-0.2984388835113133,-0.0322260686523718,-0.0644974813523065,0.40218730361648,0.8688228168664041,0.3301836534506326,0.6249738562753554,1.433571871550963,0.7114186535933618,1.877822163454152
core_secure_pairs,0.0666666666666666,0.7333333333333333,32,0.0422763141971044,0.2836120115790921,0.648812158149654,0.5273901618888804,1.2540527438126274,-0.28899134240321,-0.0399472040476918,-0.0338511732478512,0.4212430488890846,0.8888776067048189,0.3633047849231088,0.6155010440770811,1.486155709017061,0.690260726424333,1.9287350793499427
core_secure_pairs,0.0666666666666666,0.7666666666666666,32,0.0547312457281032,0.238401429742144,0.6746187070984306,0.536985534022737,1.331897444564602,-0.2917958309100091,-0.054592302760696,-0.0699345573746472,0.4237522173273196,0.9156190084216138,0.3963482366232621,0.7013315519929878,1.4502236700092794,0.7156157620100826,1.917933500987863
core_secure_pairs,0.0666666666666666,0.8,32,0.0631742295998474,0.3372468396899143,0.6911345264836126,0.543688991012312,1.279718254596944,-0.29508755747005,-0.1042591974524919,-0.0624415269504517,0.4073426118664033,0.9143504962958152,0.4317601413555872,0.6947836753209724,1.1758458988247424,0.7009381663425209,2.079295519226433
core_secure_pairs,0.0666666666666666,0.8333333333333334,32,0.0725965666150237,0.3233577311188345,0.599673610550103,0.5325698208031,1.060419379879824,-0.2967307993506576,-0.2777919124695565,-0.0420204759583895,0.4240940519879175,0.926312024793084,0.4729470743378645,0.7146141439174717,0.9276205768308644,0.6909730339318394,1.7884826400046854
core_secure_pairs,0.0666666666666666,0.8666666666666667,32,0.0743635541942216,0.3333225083156187,0.7111393283017569,0.5174365555618223,1.1727197551831394,-0.2989902130206406,-0.053803611340379,-0.0214715348222598,0.4197192717022128,0.9447403035666272,0.5302629698544512,0.7214908732726153,1.068379497616701,0.6423009665758178,2.150978027994297
core_secure_pairs,0.0666666666666666,0.9,32,0.0736606064493515,0.3916934094150146,0.734744891830921,0.5309838082616423,1.2407776923703755,-0.2995646393572991,-0.14120518807604,-0.0079123410387447,0.4129437329289414,0.9262336340491804,0.5902258821992702,0.7177100402292222,1.2251135672742093,0.6116094080736342,2.138795112270093
core_secure_pairs,0.0666666666666666,0.9333333333333332,32,0.0751627975010016,0.3950141141857505,0.7360617751451513,0.5267317426749001,1.173284188488412,-0.3001166356424047,-0.0324987705014509,0.0138193097131705,0.3678954023529683,0.9199385585652068,0.651422576075029,0.8109988609919438,1.4039141181064634,0.6961245670944405,1.9764233423606616
core_secure_pairs,0.0666666666666666,0.9666666666666668,32,0.1010806455400217,0.3390206246759956,0.7129257134688571,0.4998996522127231,1.1623635819487548,-0.3009443920343137,-0.0598489110715306,0.1135182895193319,0.3745079586536759,0.9150560207543778,0.6137189879488232,0.7258520321018322,1.2000230355282466,0.6058541373876543,2.0192747556655157
core_secure_pairs,0.0666666666666666,1.0,32,0.1221010314523821,0.3894528849134616,0.6973247280398986,0.4966242360596377,1.083313311127028,-0.298975652027052,0.083116191226536,0.1416940001628668,0.3852327733304301,0.8622960376459399,0.6431772472677314,0.7530932726318746,1.1657060587740684,0.6942352537467573,1.7963805558791903
core_secure_pairs,0.1,0.0,32,0.0346967161347307,0.0518291901761767,-1.507153630174542,0.6348239418677359,1.831737428846612,-0.0259742747260561,-0.2391500162828224,-2.023398612940828,0.5274967526424365,1.4124451696244291,0.1031278709148346,0.9117820796917896,-1.098968945469005,0.7190161829656785,2.296336314015237
core_secure_pairs,0.1,0.0333333333333333,32,-0.0241329712934375,0.2018925716536402,-1.3262099950023776,0.6344889633703468,1.624717154496938,-0.0947246469698035,-0.1557838073733996,-1.6643391039513014,0.5022939579730277,1.131157950542949,0.0996370126550154,0.7726612643404378,-0.9843463659760634,0.7126871533113357,2.0494528596420927
core_secure_pairs,0.1,0.0666666666666666,32,-0.012722671273054,0.1709959866089962,-0.92170968011275,0.5233642997352297,1.1882914671240448,-0.1315233779536273,-0.1049834208841898,-1.2046870127178062,0.4752408189107942,0.9010751197078876,0.0812417094296427,0.8990472193173188,-0.5851998382689624,0.6465814759232159,1.9376439640053853
core_secure_pairs,0.1,0.1,32,-0.0272692301323232,0.1819549789151373,-0.7164891910245528,0.4683375839015393,1.048915051263249,-0.1553593128572194,-0.1216639135043657,-1.0983896330023464,0.4322344937899232,0.6667925731780207,0.0792346918211559,0.7793505351126749,-0.376575433141965,0.6131998327832646,1.7615686210209458
core_secure_pairs,0.1,0.1333333333333333,32,-0.0231564794037589,0.1766652308259156,-0.4696047843725061,0.4116266742657779,1.0421576990251649,-0.175806379634324,-0.1256014324559506,-0.8775845861154186,0.3635916468468549,0.6141759521392129,0.0760901013998381,0.9119194726029316,-0.0865311647950229,0.5356324784612745,1.599198844215949
core_secure_pairs,0.1,0.1666666666666666,32,-0.0256998667594419,0.1724363862187253,-0.2815594552230402,0.4173004026109702,0.9813513867876796,-0.2212363193117502,-0.120262598079549,-0.6616270677113836,0.3119966012200823,0.6031205429536917,0.0733081450651176,0.8457922772245401,0.1262025337369099,0.5905746183279894,1.4827018856061254
core_secure_pairs,0.1,0.2,32,-0.0099557728930375,0.1521165211657897,-0.1660117544228521,0.4080025741248434,0.9899452105404692,-0.2244925981069203,-0.0879358568997985,-0.5113741254937703,0.2998247565963003,0.6361337075257474,0.0700529119904393,0.7772039562560926,0.3181368962772347,0.6296349939638599,1.3786694171665734
core_secure_pairs,0.1,0.2333333333333333,32,0.0114087207321872,0.1477393362719588,-0.0380720303772341,0.4000438751942805,1.017867228468031,-0.2498420293221618,-0.085711383384078,-0.6523463703105339,0.2840247247905774,0.6729912550514543,0.0738800745123969,0.7510169623411092,0.4842529627780375,0.6599030183106436,1.289676436076601
core_secure_pairs,0.1,0.2666666666666666,32,0.01707046990101,0.1620433774207215,0.0622011000190928,0.4359423386112014,0.9775751437860918,-0.2338286483989395,-0.0863536735395689,-0.5647308689475593,0.2626572947253034,0.7888640036467716,0.0705192022843593,0.7049447317863687,0.6378313385404129,0.6749378309262767,1.2232520206858437
core_secure_pairs,0.1,0.3,32,0.0066775569922057,0.1285379634813937,0.1195384742503726,0.4341108422256541,1.0013638745939797,-0.2529367546748358,-0.0936660206020783,-0.474941488497801,0.2927257112036677,0.8657557893480324,0.0986734628437219,0.688507355814191,0.679442674869243,0.6675064234181259,1.2687922444876327
core_secure_pairs,0.1,0.3333333333333333,32,0.0246561260209738,0.1506140763109538,0.180489522501316,0.4816158701890318,1.0850649948892117,-0.2722663411391578,-0.096403365791996,-0.4438291709441183,0.264076062513784,0.862209698789254,0.1156879282174648,0.6850569460737126,0.771565293577324,0.666292209896932,1.271796446187094
core_secure_pairs,0.1,0.3666666666666666,32,0.0313160748445245,0.1713048208704172,0.2429399892225757,0.4715998615138481,1.087463247467236,-0.2791759288258864,-0.1210675415861677,-0.3891470007834904,0.2755887587584644,0.8772203860975989,0.1235747214800134,0.6744726840585433,0.8524040678079727,0.6862233759174704,1.3030866984572236
core_secure_pairs,0.1,0.4,32,0.0255134579284545,0.1515081702509634,0.3001090174374375,0.5063075708181921,1.082178875425046,-0.2748533654040087,-0.1219255242003899,-0.3352531590837112,0.2870562748149207,0.8510242442116154,0.1547000752328711,0.6647571078113125,0.9383247656734142,0.71860162938248,1.446488341626467
core_secure_pairs,0.1,0.4333333333333333,32,0.0255034886901074,0.1657782428753864,0.3653776643393235,0.453351674759943,1.121697993521474,-0.2672194977633059,-0.1117044995932605,-0.3034925431766772,0.30126494381471,0.8383246960641855,0.1678372755629892,0.6559339500704671,0.9941736138144353,0.7210757725763044,1.5671279959090183
core_secure_pairs,0.1,0.4666666666666667,32,0.0435130027850434,0.1803721656918293,0.4079058494949976,0.4873278057742363,1.2071959442750524,-0.2583230667696083,-0.1273262329031781,-0.2606945893364108,0.3182327937657077,0.8720707767786814,0.1906416265911834,0.6589149013827261,1.0479096395796708,0.7408859439284808,1.6847808765948682
core_secure_pairs,0.1,0.5,32,0.0523389364591046,0.1718991604032978,0.4375593482131156,0.5251336395731677,1.271886294194927,-0.2481647767554023,-0.1190319656897434,-0.2239633124318865,0.3427143761031588,0.8795370103800467,0.2134076657709555,0.6633144078162818,1.1014619699062325,0.7421714838694764,1.6930608277319643
core_secure_pairs,0.1,0.5333333333333333,32,0.0188271263249997,0.1714806560758469,0.4735179376398803,0.4805986404761369,1.286503248111184,-0.2368457363112159,-0.1317970783853503,-0.2051652520171789,0.3517746713930352,0.8695058908684926,0.2232925710884181,0.6717039622257219,1.1562553365559778,0.7386046727748911,1.7505966723536857
core_secure_pairs,0.1,0.5666666666666667,32,0.0119751593859248,0.1570161997123733,0.5141890232812119,0.498274089588434,1.3277215003466123,-0.2209201842494719,-0.1215301456858197,-0.170982424736589,0.3338186992812887,0.8363771702253514,0.2547271742460428,0.6487485949368954,1.2163738976156888,0.7421473411733549,1.803819434094564
core_secure_pairs,0.1,0.6,32,0.0072711082935492,0.1356214424833126,0.5544948842974224,0.5630487359207861,1.3903981919609365,-0.2026269530319757,-0.126945360922756,-0.1987418699813324,0.3599572154204072,0.8447829618683261,0.2832970651762221,0.680612687991179,1.2822695064999472,0.7064051009207717,1.9333042266823663
core_secure_pairs,0.1,0.6333333333333333,32,0.0145658757799594,0.2083211314633669,0.5816471954094804,0.5645137761799224,1.4091460218633447,-0.2075013221828145,-0.1236045242581457,-0.1540266050151475,0.3690063390386717,0.8400918751256888,0.3145470142457521,0.63952257716343,1.3566528218892002,0.7252527651201587,1.877813048590346
core_secure_pairs,0.1,0.6666666666666666,32,0.0322174847280631,0.20468335247428,0.6072245825228619,0.5750328800342569,1.3980264501644748,-0.1995839943760327,-0.0171815564076648,-0.0823840271680114,0.3754996406973624,0.8574085654338095,0.3464262299735546,0.6434041267307229,1.4106222976993004,0.7188028852460747,1.8399235357800656
core_secure_pairs,0.1,0.7,32,0.0466752663495675,0.2130743974342293,0.6371877585163401,0.5266647338110565,1.4280818414938865,-0.2116237384856423,-0.0112227297108116,-0.0538235030007691,0.3663808683242178,0.873315171205872,0.3864839310883854,0.7559970297828383,1.4618756883884605,0.7468387777569292,1.8788028677545272
core_secure_pairs,0.1,0.7333333333333333,32,0.0599333126515052,0.2325580528303978,0.6624204681603991,0.5836471311313713,1.4345154980764905,-0.2911145604872077,-0.0109725269170851,-0.1073789391757593,0.3632037681842176,0.8864323579386338,0.4390893966830519,0.6546219674201921,1.4566350097486778,0.7626965539280164,1.8539315299605037
core_secure_pairs,0.1,0.7666666666666666,32,0.0715708342537625,0.2255067613279918,0.6715956904370995,0.5879147788808157,1.3164948279487418,-0.2941417438386252,-0.1339260591065156,-0.0778403468560126,0.3879005562406039,0.9114843974220718,0.4935918008247507,0.6633735727993062,1.5182006171454616,0.7735445867109325,1.8869896848458152
core_secure_pairs,0.1,0.8,32,0.0836719860943892,0.2427843849114785,0.6991374280433039,0.5540875571728143,1.3460850906435886,-0.2817230086491664,-0.175119805197908,-0.0682986120292571,0.3851378254953829,0.9306355999931876,0.5516004880436233,0.7195124902549166,1.2927284242781751,0.7250574278643214,1.8995984038589568
core_secure_pairs,0.1,0.8333333333333334,32,0.0964565738953731,0.2262546977929949,0.6555254231317014,0.5059321280111738,1.1872924560851177,-0.265178063087471,-0.1563896861221774,-0.0677939882024488,0.3408989262867861,0.9345148937976336,0.6142901159689333,0.74551892012843,1.0432690548485972,0.691696459904171,1.9571406262600188
core_secure_pairs,0.1,0.8666666666666667,32,0.1120440757705293,0.2267753846695463,0.7258808770678653,0.5297998348299382,1.3577011213090535,-0.2591737623549942,-0.2287238056574573,-0.0526786569941047,0.4078334509207394,0.9520070300654556,0.6718886866805932,0.8043329264454114,1.2875781577912155,0.684943742575621,1.8650665054833329
core_secure_pairs,0.1,0.9,32,0.1280389130961079,0.2237532530378991,0.7360605674134412,0.5292475806133217,1.387476794862694,-0.2615234158714262,-0.1330195686970623,0.1154241532148963,0.377974656694807,0.9556050166516448,0.730491886051281,0.8283780408841045,1.2192910136377006,0.6867977214758371,1.859408281105975
core_secure_pairs,0.1,0.9333333333333332,32,0.1449759119540758,0.2546155042024333,0.7499063487330233,0.4988904088004613,1.355030433558606,-0.2649863752200576,-0.1798685315639417,0.1228090335399645,0.3570627856739363,0.9532634033258608,0.7839911072627885,0.834483929566333,1.2206721406076144,0.6040543207940512,1.99847099345493
core_secure_pairs,0.1,0.9666666666666668,32,0.1617945534369484,0.2678783107554345,0.7032763972053984,0.4750887451487628,1.3204220132721396,-0.2696733001514278,-0.2920984712170114,-0.0103121224631691,0.3170457034439902,0.9937105044297296,0.612003297665239,0.8573977375644997,1.243493407047299,0.6026816652609801,2.065440624006223
core_secure_pairs,0.1,1.0,32,0.1789925334500262,0.2549192834750402,0.7308038062928086,0.4893663624877063,1.1600000399213624,-0.2725134567980671,-0.0891107823341869,0.002047559773789,0.3383405141234321,0.9807905480975154,0.6666869765805974,0.9014268419549032,1.2157835094937326,0.5936281517295579,1.8904888081883304
core_secure_pairs,0.1333333333333333,0.0,32,0.0318722711410805,-0.0264067059730522,-1.4865822513776554,0.6324211378471908,1.7018093286649396,-0.0285232639855447,-0.4977103699532536,-2.1692185770083947,0.5177756937437431,1.092130511436246,0.1092821757312089,0.4184065366735888,-0.9348669366240632,0.6968645442317052,2.3561654487051555
core_secure_pairs,0.1333333333333333,0.0333333333333333,32,-0.0258822804440495,0.0324424483810949,-1.3218097393301775,0.6036145466764804,1.649770565347522,-0.0713611814461841,-0.4911417660736614,-1.7395070076507868,0.4991481150219996,1.092237414381649,0.1020488600216808,0.6193619613735403,-0.8596111660695106,0.6695689392803297,2.143294147408208
core_secure_pairs,0.1333333333333333,0.0666666666666666,32,-0.0436458134100598,-0.0077727229038007,-0.9230388186172972,0.5286330983278661,1.2375031078512195,-0.1046999159061492,-0.2343507641683138,-1.271582645731921,0.4483473085580153,0.9137140697578604,0.0931115035706384,0.8141248433128068,-0.6053762546506284,0.6693952146734281,1.8052332649360412
core_secure_pairs,0.1333333333333333,0.1,32,-0.0487886277132065,0.0666028879730002,-0.5722062381519106,0.4925048037977203,1.053171244960926,-0.1264572424668191,-0.1568259318117265,-0.9269161148131824,0.420121295392484,0.6608950389399036,0.0865498820085466,0.7258613978428499,-0.2986715961360317,0.6403459662506834,1.586809024333546
core_secure_pairs,0.1333333333333333,0.1333333333333333,32,-0.0220358087622593,0.1254989942074764,-0.3794815214981937,0.4373569628178956,1.0127373597811111,-0.1437606729147129,-0.162590381029471,-0.6303990501574488,0.3181841181534455,0.5740094338528382,0.1087107774466243,0.7996733390492987,-0.067325857333728,0.5480667373479402,1.3560427153342838
core_secure_pairs,0.1333333333333333,0.1666666666666666,32,-0.0179468795233726,0.1618815967620038,-0.3254231734940355,0.4099091125532392,0.9688015467783692,-0.1648117977293257,-0.2013581901833858,-0.7605633433294793,0.3185643525983128,0.4768786951904989,0.0737216429936049,0.8669135504856615,0.1222601154632327,0.5858814157867934,1.519161809771878
core_secure_pairs,0.1333333333333333,0.2,32,-0.0153126313988261,0.150195860689338,-0.2080440005596559,0.4146531938827374,1.0435369924053353,-0.1884438336906675,-0.146028555466932,-0.6421355441427619,0.3242881183540425,0.5710499593677967,0.0679598241809587,0.9975024633482844,0.3273416206835055,0.62680485967871,1.4917128237413309
core_secure_pairs,0.1333333333333333,0.2333333333333333,32,0.0078455821524843,0.1545186748691585,-0.0539774074758414,0.4286383487201575,1.0558397274754252,-0.2200409145276338,-0.1406042939146222,-0.7230983944143302,0.3013251907653346,0.668320037299966,0.0963972447298401,0.912154945836485,0.4931088534827299,0.6558744505314527,1.3704959424700232
core_secure_pairs,0.1333333333333333,0.2666666666666666,32,0.0275190080704153,0.153711454817878,0.0730008435867392,0.419609587728287,1.0405103246081957,-0.2403595827659288,-0.1483236805123778,-0.6441441941408944,0.3210603467444411,0.7630345674980203,0.1161523916575596,0.8330996672303868,0.6453840073900319,0.6438162937567227,1.3312322370396492
core_secure_pairs,0.1333333333333333,0.3,32,0.0332941248971422,0.1488159913358551,0.1301880776178742,0.4689754857231907,1.0112105034354126,-0.2585635385353294,-0.1290938234926147,-0.5424728997567245,0.3099488686134549,0.810873959376639,0.10866753521619,0.8154148990335243,0.6803085910638893,0.64312099171111,1.2541325737028162
core_secure_pairs,0.1333333333333333,0.3333333333333333,32,0.0324837418608361,0.1499054080271341,0.228290429336629,0.4449178222341986,1.044222296256395,-0.2573330695587571,-0.1177506397729089,-0.3638657549814234,0.2685689920632275,0.8480680617738727,0.1219473752459391,0.7592197960452511,0.7752598654072549,0.6697351973930549,1.2157693019253313
core_secure_pairs,0.1333333333333333,0.3666666666666666,32,0.0387875717304539,0.1486822817019203,0.2695575361709807,0.4366607761518355,1.0646599949929283,-0.2372425937552153,-0.112880728464052,-0.4144584451556993,0.2863623613959981,0.8869201799761905,0.1478199129308988,0.7284651486641195,0.8486602144982376,0.6916508729152986,1.27502852125426
core_secure_pairs,0.1333333333333333,0.4,32,0.0395058297775519,0.1733535808317374,0.2993118801476719,0.4702795339556996,1.049981295805012,-0.2411677940371863,-0.1162391942402972,-0.3796900620377978,0.289798059744413,0.8844134347177144,0.19005847220984,0.7179807636992033,0.920586314016012,0.6985111068215233,1.3476010588143146
core_secure_pairs,0.1333333333333333,0.4333333333333333,32,0.068216304508135,0.1497568158812069,0.3507832734107734,0.4803315513673574,1.087000709180971,-0.2595933099827094,-0.1468612976073388,-0.3385552472451896,0.2907253466083532,0.8879519750113634,0.2013759973916117,0.6856885280273888,0.9951443682043848,0.6954992883511113,1.4683481464465236
core_secure_pairs,0.1333333333333333,0.4666666666666667,32,0.087676212190107,0.1578640954018694,0.3939356585690404,0.4899316597265173,1.133776040951322,-0.2499450944011104,-0.139206349793491,-0.2997152496816376,0.3185095916358338,0.8564555714915268,0.2088072234361112,0.6774367192336515,1.048133397924009,0.7343576278784956,1.592605858441288
core_secure_pairs,0.1333333333333333,0.5,32,0.092942527493454,0.160361151978789,0.4498540276338181,0.4584582047750958,1.1888606157208823,-0.2397869336839871,-0.1296972839882159,-0.1938926606302578,0.297229360190572,0.8370145893373087,0.2195417563665747,0.6783825812565802,1.0955073857831357,0.7240826649971379,1.6555092541471166
core_secure_pairs,0.1333333333333333,0.5333333333333333,32,0.1138475744459374,0.1437674409669885,0.4835664209661839,0.4756267257702592,1.2468000038530858,-0.2276023666110719,-0.1379812459449282,-0.1319713936542692,0.3337405860792968,0.8550182342392458,0.2376910332122508,0.6903496165027837,1.15890131033311,0.7292446780773252,1.835109844905376
core_secure_pairs,0.1333333333333333,0.5666666666666667,32,0.1220338402558333,0.1402860944199316,0.5092608809314165,0.4907718714859573,1.298579031483337,-0.2126842416452429,-0.1536321897872461,-0.0996505749670198,0.3343195686115064,0.8691718493936449,0.2707389653089475,0.6957200702109958,1.2239541895533654,0.7291563718845375,1.861954635433326
core_secure_pairs,0.1333333333333333,0.6,32,0.0837100659510342,0.1335051433853739,0.5578187213111663,0.5038941742472521,1.3357169124478785,-0.1967276790186298,-0.1664291859199636,-0.1879886935733771,0.3221664927729182,0.883871176957853,0.2929927341741157,0.6921894655885938,1.2820059620082809,0.7304728928665685,1.82160115058302
core_secure_pairs,0.1333333333333333,0.6333333333333333,32,0.0866186040602717,0.1367989728273781,0.5823191581249718,0.5142433341948147,1.434838140881748,-0.1799469273180733,-0.1794594397465243,-0.1984593205564481,0.3076978400058218,0.8917204423568859,0.3174405523944515,0.7013428429126176,1.349286598421745,0.7242567876167421,1.8985794098010345
core_secure_pairs,0.1333333333333333,0.6666666666666666,32,0.0790385881051137,0.1477236948269281,0.6070518832949545,0.5050484522688541,1.457452862208414,-0.1626342651859971,-0.1751629679493923,-0.0806783081484728,0.3081024051881659,0.8746311561002766,0.3478416462018325,0.7100859157134752,1.4199194381494906,0.6898657252041229,1.8776997010105871
core_secure_pairs,0.1333333333333333,0.7,32,0.0583553068664344,0.2149483239348023,0.6460260535664792,0.571418289856719,1.5268570640596058,-0.1636647717886651,-0.165703466740037,0.0024353345562946,0.312326184830021,0.8998947165133477,0.3840776984688996,0.7261297171375292,1.4605074503844953,0.6913034210901993,1.963193840632328
core_secure_pairs,0.1333333333333333,0.7333333333333333,32,0.0773673644401528,0.2177909028563038,0.6647370761672415,0.5223028531435026,1.4869174942418646,-0.1838594722212718,-0.0482414384160537,-0.121511613472434,0.3103098288251507,0.9018942091699516,0.4355603329048015,0.735291852449772,1.3794852819913137,0.701442723398487,1.893738777722568
core_secure_pairs,0.1333333333333333,0.7666666666666666,32,0.0865026045607213,0.201862449852054,0.6804686286167235,0.5781187535706054,1.3482482563130689,-0.2153396535379363,-0.2118776987484986,-0.1013584050071231,0.3511775177958746,0.927065406629508,0.4902383384533975,0.7201544881490131,1.4445728404493838,0.7388141066216993,1.8563131988251884
core_secure_pairs,0.1333333333333333,0.8,32,0.09590041936665,0.2547519044743814,0.7062610331399177,0.5621556332172232,1.4649754775097914,-0.2407247935823554,-0.2060522017338162,-0.0707414579364854,0.3567553867067946,0.942318421753733,0.5469917904693703,0.7402137221480195,1.3383988051922802,0.6785192856887194,1.8968386113262292
core_secure_pairs,0.1333333333333333,0.8333333333333334,32,0.1116430941954615,0.2566695536115335,0.6701589815369042,0.5075835596238838,1.215727452045622,-0.2464929617743252,-0.1966542872928859,-0.0558545658450809,0.310914840180646,0.9389621774756958,0.6094991691016343,0.7678259218817721,1.0628060673777366,0.6756634989760737,1.7801814979434698
core_secure_pairs,0.1333333333333333,0.8666666666666667,32,0.1235387410086125,0.2851657241595898,0.6953865037034792,0.522176014732253,1.2645389704016088,-0.2544133463463577,-0.1287250184955503,0.0631067695744797,0.3339410640656685,0.9572221840700952,0.6717460805497331,0.8641914744720636,1.1712238010902154,0.6951200178833448,1.8252734077412165
core_secure_pairs,0.1333333333333333,0.9,32,0.146477711669378,0.2687049869720916,0.7580127489680905,0.5228961763726147,1.2826278761448644,-0.2622658220143959,-0.1930415260266402,0.072204316743986,0.3635065835230086,0.96876046210946,0.731754609668392,0.8812288518670424,1.210605547818402,0.7175010829510375,1.8632797541219888
core_secure_pairs,0.1333333333333333,0.9333333333333332,32,0.1625981133268881,0.2025104157335034,0.7487500445155328,0.4902733453192757,1.2440978825429143,-0.253428155164687,-0.3078958256615138,-0.0433483320042974,0.3100284703961609,0.9832002322953038,0.7949854772527287,0.8912626142432298,1.1549176103156444,0.6631470960911799,1.7438016592620784
core_secure_pairs,0.1333333333333333,0.9666666666666668,32,0.1773506395918986,0.277883970141101,0.739062751200916,0.4891834118780798,1.2664413787707858,-0.2644273053712497,-0.457351836853868,-0.017060231053229,0.3486465157047356,0.988980260114568,0.665533509368219,0.9194863892480556,1.1763355362642904,0.6433973393732255,2.0754698544235737
core_secure_pairs,0.1333333333333333,1.0,32,0.192371009824126,0.2310669172004779,0.5925825563107199,0.460024044631889,1.1814266542538352,-0.2698147522631949,-0.4772004698621659,0.003561402744773,0.3428444343841029,0.9859115769759972,0.6677395504687305,0.9404345218778154,1.1598330414887428,0.6246238123364156,1.8433767813097133
core_secure_pairs,0.1666666666666666,0.0,32,0.0098013880201614,-0.1125107769586034,-1.601290553291816,0.6300536973418502,1.8144014527287924,-0.0432216143306153,-0.543487327441001,-2.220381828863295,0.5646820983001538,1.080628832758977,0.0775335364869809,0.5355019738185576,-0.8731387312933218,0.6882257855123697,2.2249568673442965
core_secure_pairs,0.1666666666666666,0.0333333333333333,32,-0.005993768415532,-0.1458160848670123,-1.3219917099136351,0.6019140023196826,1.56832451178661,-0.0791067203340995,-0.5232286305128951,-1.8214156441873677,0.518646008341556,0.9147393870010542,0.0996736367519613,0.3476453947964389,-0.804343505369371,0.6547286518271492,2.006888070331836
core_secure_pairs,0.1666666666666666,0.0666666666666666,32,-0.0421119482494478,-0.0498149132098161,-0.9230087553522918,0.5302963463677624,1.0706449722176328,-0.114056987053614,-0.4741701626703181,-1.291425799441452,0.452571948133639,0.8446834697580352,0.1094749831286607,0.5469782880168335,-0.5848457015352533,0.6477161722812893,1.761299779315309
core_secure_pairs,0.1666666666666666,0.1,32,-0.0520485068372894,-0.0090251314482569,-0.5290677691297689,0.5234421563171101,1.1393202363064174,-0.1304942211444074,-0.3310881684760673,-1.0233682035385567,0.4150685067942236,0.6863681375022843,0.0976869537167995,0.7865596364599798,-0.3884436301434755,0.6225738152560444,1.5378059766130738
core_secure_pairs,0.1666666666666666,0.1333333333333333,32,-0.0350891694443791,-0.0287545878333215,-0.3618513250495215,0.4568450817299175,1.045377901669469,-0.1319303221167928,-0.3247489468601101,-0.7057006321361685,0.3545191887617155,0.6157531200842646,0.1205598951826395,0.5272201408495228,-0.0871437069598483,0.5441289191855059,1.3695219696876004
core_secure_pairs,0.1666666666666666,0.1666666666666666,32,-0.0213584950657534,0.0602511857167605,-0.2783144579600367,0.4478090192733753,1.0221334053283742,-0.1327824041842356,-0.2293734739400198,-0.4239574087213649,0.3757983632268095,0.5549722364943102,0.1279767642453885,0.575765255193242,0.1669014580247347,0.5931864714380536,1.3246787082053677
core_secure_pairs,0.1666666666666666,0.2,32,-0.0139871160100869,0.1484766243892439,-0.2081573509797609,0.4781305682354604,1.0012693527046002,-0.1359712794383085,-0.2144365528760928,-0.617455901934048,0.3660131794167142,0.5604688788612,0.1145524034240682,0.7057317482552817,0.3369680231035472,0.6275613569216746,1.2734643296943262
core_secure_pairs,0.1666666666666666,0.2333333333333333,32,-0.0030983807382142,0.1628074967447064,-0.0770637532736251,0.4468575860516143,1.035338542068362,-0.1724476137891944,-0.218994969944346,-0.7046816259212698,0.343754531668997,0.7359776422942769,0.0915728135948987,0.812931342927736,0.5152922304813419,0.6306738417648782,1.364454494421398
core_secure_pairs,0.1666666666666666,0.2666666666666666,32,0.0211771170152373,0.1559934106119471,0.0497208656826457,0.4611832796471019,1.043153074990041,-0.2094936070574999,-0.1939115798009161,-0.5749807168818011,0.2942110706325083,0.8084845861745956,0.1110997978793758,0.9646557757254096,0.6178565487298783,0.6390936952644072,1.28290245736949
core_secure_pairs,0.1666666666666666,0.3,32,0.0426942219290729,0.1629175637339335,0.1227377284891332,0.4853311653205494,1.0620643732845405,-0.2299785459324186,-0.1949861137015893,-0.5454441241466251,0.2854184172252597,0.849051364477983,0.1416662984230088,1.0751212558553431,0.7247598205259236,0.6399535109526687,1.3478122377517514
core_secure_pairs,0.1666666666666666,0.3333333333333333,32,0.0535747518996276,0.1653955347810339,0.1589078259250525,0.4678947566990069,1.0932337187431844,-0.2457612900231059,-0.1633322202194471,-0.5234466400287128,0.2995770170179853,0.8833965369792033,0.1654295972666626,1.0394342302621449,0.7706786510830586,0.6608470332586165,1.3308128429298232
core_secure_pairs,0.1666666666666666,0.3666666666666666,32,0.0820480012200429,0.1538454278062658,0.2338377695563783,0.4774637885594778,1.1079809250450574,-0.2393678629914005,-0.1365505505789916,-0.4675976273298612,0.3046239577538085,0.9073105505721576,0.1471320030873887,1.0544388886721985,0.829045064883658,0.6382954462220006,1.3285976000367872
core_secure_pairs,0.1666666666666666,0.4,32,0.0707863855286085,0.1659910683297158,0.3009112704175491,0.4666674090263403,1.1010589844928895,-0.2147922200592103,-0.1734884218846946,-0.3840134633289985,0.2914910312236776,0.9089802763487262,0.1838431136225427,0.9897640096601548,0.9303767820645256,0.6532675255798887,1.3497813400277034
core_secure_pairs,0.1666666666666666,0.4333333333333333,32,0.0772329384752108,0.164807353351015,0.3463094007280028,0.505093613594257,1.1305005943291686,-0.187048630598519,-0.1402869875842569,-0.3696801963147703,0.3092469206072092,0.928467392636984,0.2214424576045248,0.9484366993352892,0.9910529642228122,0.7013696069473415,1.4633477767327827
core_secure_pairs,0.1666666666666666,0.4666666666666667,32,0.0875846658336076,0.1611503511465314,0.407997766628798,0.5188356793040534,1.1119412343927348,-0.1675557613406797,-0.1603751701740473,-0.2461932304305927,0.3136889264110767,0.965529967921866,0.24310323179838,0.8701063400362499,1.0469257402395924,0.6586568758711386,1.5538100236426298
core_secure_pairs,0.1666666666666666,0.5,32,0.1164751493694941,0.1683722667359939,0.4544722798170637,0.474437856268897,1.1672660291504156,-0.2201440031945672,-0.1387979585341252,-0.2433696606469826,0.3136595258091844,0.9606867087711508,0.2712816682451427,0.8258464454322205,1.1025166267748785,0.6567015923308398,1.6691177114907347
core_secure_pairs,0.1666666666666666,0.5333333333333333,32,0.1453823670730536,0.1512418177514176,0.4822799542948718,0.5153634822450404,1.217539817638026,-0.2083654677108503,-0.154807209868819,-0.2622080311895933,0.3067386280168753,0.9486641660404168,0.2891157380712128,0.8241104451224689,1.152519906877691,0.7305759985800602,1.776713443167997
core_secure_pairs,0.1666666666666666,0.5666666666666667,32,0.1763765809826031,0.1526983646744046,0.5113207713670007,0.5131303032891676,1.273254255002252,-0.1933211649055694,-0.1631420962444094,-0.2272673222926856,0.3182619889373874,0.9258715158513822,0.3059041572355144,0.8112601338407637,1.2116733456522957,0.6809382406350301,1.87004149156976
core_secure_pairs,0.1666666666666666,0.6,32,0.1745878154428254,0.1681603812350378,0.5538582541226041,0.5221162052017063,1.3447449834184746,-0.1772051569224172,-0.17478644190628,-0.191442536226063,0.3146021755598673,0.9059302883888906,0.3004682759473619,0.8195803523632653,1.2779159449965931,0.6537603874367628,1.9219354595494893
core_secure_pairs,0.1666666666666666,0.6333333333333333,32,0.1857009652699496,0.1658075933035028,0.5864932706316999,0.5281913406871352,1.4197676498818534,-0.1609232194217075,-0.1853430551233254,-0.1925495197920551,0.3095392589286256,0.8903857661502895,0.3335746342451716,0.884328859286869,1.3458713743143869,0.6685047169464414,2.0529264426579914
core_secure_pairs,0.1666666666666666,0.6666666666666666,32,0.1571161168398658,0.1809514244125237,0.6114524163763089,0.5335394049627934,1.4927698446413575,-0.1435517079141836,-0.1830533878560679,-0.1984278533607878,0.3174299276763616,0.8820748420540193,0.3662272829422802,0.8726082845810994,1.3932175225595895,0.6901011964542033,2.040302320170368
core_secure_pairs,0.1666666666666666,0.7,32,0.1665845709599911,0.1971801980154525,0.652551525883228,0.5453459514656542,1.5294567657064435,-0.1248432514604779,-0.1919603355604082,-0.0593663097954542,0.3143207132833405,0.8915016776819845,0.4019925509859199,0.8412075741687132,1.4401419334836243,0.6990718835704393,1.9095233683669293
core_secure_pairs,0.1666666666666666,0.7333333333333333,32,0.1553049524176499,0.2559111941854647,0.6661753303600217,0.5653789719569156,1.4769624636993817,-0.1053531495596864,-0.2700985573119386,-0.0234885421384538,0.2991167940694032,0.9156815483616588,0.4340497187352601,0.8438793524271353,1.297452896048752,0.6920440367220564,1.844400737181028
core_secure_pairs,0.1666666666666666,0.7666666666666666,32,0.1217537051942153,0.2539596118250888,0.6902021172668558,0.5210253562554413,1.4759223761618785,-0.1178390532212895,-0.292786027579446,0.0432178452093986,0.3014686981497244,0.934135207449594,0.4871729974605957,0.8420173784132599,1.3920887051409814,0.7233176378039217,1.9483152440584652
core_secure_pairs,0.1666666666666666,0.8,32,0.1345155288978769,0.2508000109995065,0.7207166439672519,0.5317075835237348,1.59563892389341,-0.186437609089029,-0.3158388463258283,0.0182415182601426,0.3122539671718989,0.9462939049820838,0.5441823691176774,0.8318521216515955,1.4908767394840292,0.7049879605217045,1.909538521319176
core_secure_pairs,0.1666666666666666,0.8333333333333334,32,0.1403491444073156,0.2557218324775074,0.7345546457820384,0.5544215404646557,1.3455081237408268,-0.1866951237646719,-0.2785592675519605,0.0119036987675834,0.3226590035169258,0.9650959726199496,0.6040557155514927,0.8234942384815875,1.2213616369348292,0.7116844386803192,1.8181315178695816
core_secure_pairs,0.1666666666666666,0.8666666666666667,32,0.1510268047660536,0.2562909879396342,0.7216285707167658,0.5130969524083314,1.2476054125460798,-0.2346236414443281,-0.4064133081555421,0.0390119206069967,0.3266035508096575,0.9873347280166664,0.667335694767642,0.8538803982392802,1.0757972470618502,0.6273149107798094,1.799869656341381
core_secure_pairs,0.1666666666666666,0.9,32,0.1626014091812309,0.2122368878232206,0.7308236103492114,0.526950276624637,1.3796741700340802,-0.2452718534347696,-0.5108148944002366,-0.0531950886376957,0.3106511630366471,0.999495688640181,0.7243216870311492,0.9346379571864694,1.292568537142235,0.6166237428919115,1.875095091858627
core_secure_pairs,0.1666666666666666,0.9333333333333332,32,0.1742505405822307,0.2399670687809702,0.7027035155465777,0.5459597824634661,1.2830200544878947,-0.2470785371759485,-0.1045368297256111,-0.0545491220845729,0.3072568630733104,0.9980422475876668,0.7856902409642779,0.9620801518039932,1.1183163127247695,0.6370868169877701,1.7351009790434893
core_secure_pairs,0.1666666666666666,0.9666666666666668,32,0.187079537577787,0.213126632582932,0.7263569118591736,0.5404482779614159,1.3638692399439614,-0.2480710104011019,-0.1771008936231183,-0.0392111154911894,0.3062333583314737,0.975018008060124,0.851123729189649,0.966491263721936,1.266710575447824,0.6398896664074638,1.6800086485519885
core_secure_pairs,0.1666666666666666,1.0,32,0.2057833298453233,0.2251599446089442,0.7772433657703618,0.4900471554886483,1.3529663992549188,-0.2500390220559653,-0.2631754239104331,-0.0325669510854832,0.3016229704711918,1.000291792989298,0.655331477626979,0.9721120342324944,1.34444493321223,0.6002903210964571,2.052048712370845
core_secure_pairs,0.2,0.0,32,0.039273118684344,-0.0590840889850687,-1.6530640080369707,0.6264369277459073,1.8445533018439837,-0.030827615436482,-0.2861525598000488,-2.4747260032526617,0.571758810615592,1.1254716176430817,0.0986300785899898,0.7177030088225157,-0.930585440482882,0.6964782563998198,2.3303925117073057
core_secure_pairs,0.2,0.0333333333333333,32,-0.0281698809515154,-0.0312633628454534,-1.3134229751120847,0.6171429738432518,1.5220214368386913,-0.0852458736113039,-0.2656357987382182,-2.020615695831994,0.5419904384686425,1.036790942038832,0.0640402256641452,0.583522605801037,-0.7029845619612772,0.6709533762851615,1.867226637985496
core_secure_pairs,0.2,0.0666666666666666,32,-0.040252255833242,-0.0202173207723577,-0.8085008676046821,0.5846993698194409,1.0502362727041314,-0.115863217569557,-0.3287338453780342,-1.2146748366461109,0.4466317699039009,0.854600128832868,0.0960443712147887,0.501045203630754,-0.3853717333685371,0.6451401247199953,1.6355502399618809
core_secure_pairs,0.2,0.1,32,-0.051905279109614,0.0605620222094662,-0.541358739610774,0.5211399412479318,1.00094596266814,-0.131084056441673,-0.328929289231358,-1.084482483870756,0.3977235104411081,0.700658218851191,0.0994631708526609,0.6324095854817369,-0.4104061395484358,0.6027676028061735,1.5442455653829583
core_secure_pairs,0.2,0.1333333333333333,32,-0.0496271950617181,0.0828343675345215,-0.3552760229216611,0.4509858828313384,1.0790804364306052,-0.1368768281296093,-0.276113323918569,-0.7787755250034852,0.3622877263393376,0.6295817625832364,0.1182544808447273,0.7206509622308304,-0.0850230971553862,0.5577418643295943,1.5781677290617262
core_secure_pairs,0.2,0.1666666666666666,32,-0.0254186646069392,0.0698068579247744,-0.277972295492976,0.4631496581443095,1.0450860024736466,-0.1322589137778731,-0.2747402551629139,-0.4845632320899935,0.3725184552577941,0.617232051118366,0.1510378700890824,0.6588865371165789,0.1330114803741963,0.5564732826166348,1.311073501609817
core_secure_pairs,0.2,0.2,32,-0.0177062466042973,-0.0207114675346425,-0.1672019115623286,0.4154681262662299,1.046670641399451,-0.1153819147753843,-0.2020957618704675,-0.3606122703197308,0.3363738038541316,0.5929644380542212,0.1726439037989126,0.7872817040725215,0.4456208348298427,0.6229841407420786,1.552672449101903
core_secure_pairs,0.2,0.2333333333333333,32,-0.0004903925102322,0.0048227639060685,-0.0441458317893284,0.4605985540075128,1.0000158101532266,-0.1156677223012932,-0.2260718612693228,-0.258788318721278,0.3291335594815709,0.7124355086719952,0.1444005730262866,0.7600726323767346,0.4800394420378567,0.611481719057321,1.3810626490252105
core_secure_pairs,0.2,0.2666666666666666,32,0.0120341575913763,0.0755158366124637,0.0478367319732388,0.4474510124578077,1.0533553880652984,-0.1293378223308982,-0.2122455489937761,-0.310532264070428,0.323292878925639,0.795850151254553,0.1333671976469849,0.7315291944000143,0.6271799029333689,0.6260154247381179,1.376407106228549
core_secure_pairs,0.2,0.3,32,0.0129750890361237,0.1996772986243491,0.1112659532450136,0.4621657061900984,1.0268133921979286,-0.1663114544644236,-0.183037668739473,-0.5223024405485603,0.3207566047346371,0.8528728215725807,0.1355425320167818,0.8326384286611673,0.7297085594347941,0.6652633636446077,1.3323818540356351
core_secure_pairs,0.2,0.3333333333333333,32,0.0426096611340379,0.1938932454204103,0.1589735777072136,0.4992966840477654,1.091576814780952,-0.2066417599690925,-0.1314801203937798,-0.5113801069586539,0.3230788710491231,0.8515175419557723,0.1626764326083937,0.839338864609536,0.8306991620704994,0.6496859654273459,1.318507198729232
core_secure_pairs,0.2,0.3666666666666666,32,0.0813557986253601,0.1959342124180567,0.2270921058848918,0.5255285895969221,1.1481694536855411,-0.2219099702350249,-0.1197212143342522,-0.4878346093462189,0.3176244567847952,0.8783602576810368,0.1958391067295019,0.8556111158084605,0.8666383379686835,0.6495678913604839,1.4014985419131365
core_secure_pairs,0.2,0.4,32,0.1192551976543753,0.1980011644879665,0.3149797598704263,0.5066738248463929,1.2025116241936633,-0.2296583139104273,-0.1004919454117084,-0.4300609398309458,0.3252192091169841,0.892261199700811,0.2229551192598359,0.8409691027788008,0.928301649746487,0.6298174853691099,1.4580632796131503
core_secure_pairs,0.2,0.4333333333333333,32,0.1380433468728826,0.2094389104464923,0.3625261003257806,0.5157115509810782,1.2399334090727148,-0.2059310404657287,-0.1024797359926893,-0.3657431008011058,0.3041609598046485,0.9714508946395456,0.2332236691768746,0.9537065478760758,1.0005440477100258,0.6518009760432083,1.549252384822428
core_secure_pairs,0.2,0.4666666666666667,32,0.1346740839436408,0.2033557726205871,0.3915354569378804,0.5254466356695704,1.2607227784352324,-0.1761623351968043,-0.1116663282190753,-0.2696997796978825,0.3253796030080142,0.994348333787255,0.2604647183451072,0.9120402436399718,1.034234046292576,0.6364230092217634,1.56828451662362
core_secure_pairs,0.2,0.5,32,0.1421536210732135,0.2203655202077693,0.4405459839843724,0.5413927965277143,1.2419622473826295,-0.1445451672566103,-0.1465575622612349,-0.1798768895903789,0.3243110295835157,1.0249837710226697,0.2740337996400069,1.0979818121773404,1.0898283531083757,0.629280208580037,1.6372149427652514
core_secure_pairs,0.2,0.5333333333333333,32,0.1479298861161768,0.2064173455484654,0.4614007525550515,0.5397869952471288,1.2374236082520351,-0.1119793822315654,-0.1381059227713465,-0.207125790126612,0.3230539887751896,0.9880574064662756,0.3190785920431571,1.098607837608058,1.1586562029988177,0.629807165723846,1.7774747819014889
core_secure_pairs,0.2,0.5666666666666667,32,0.1773500058915625,0.2234936101043405,0.5199282581608567,0.5424433866195912,1.2772548072467682,-0.1549018381359257,-0.1470085675367809,-0.2059877015308919,0.3335683175841862,1.0602966962585076,0.3763631839032543,1.01894233149339,1.2218343827687366,0.6583827437586874,1.8402859939664449
core_secure_pairs,0.2,0.6,32,0.2056444332204302,0.2120394570174706,0.5494921533465047,0.5451614201001829,1.3368733265746773,-0.157045677447955,-0.1665726481829281,-0.1181616350894678,0.3355047774132272,1.064627207220607,0.3763336054639952,0.964322043519802,1.2798533490798196,0.6506760841745273,1.9048579525222264
core_secure_pairs,0.2,0.6333333333333333,32,0.2288144019501389,0.2109710441877341,0.5900769432763788,0.5471270706440776,1.3921997552479115,-0.1398858369909484,-0.1964244494547274,-0.1197594813518037,0.3367542224252189,1.0863538355781033,0.3646759762026542,0.9525113674412408,1.3389325518529147,0.6601920426461098,2.000553046997972
core_secure_pairs,0.2,0.6666666666666666,32,0.238224357925389,0.2089939660586277,0.6157583990712954,0.557632534038432,1.461970994561736,-0.1213631995153814,-0.2161367520481975,-0.1122239662209634,0.3379575196333459,1.07398782833952,0.3869731366877281,0.951427364416332,1.3870814764270252,0.6766686320266609,2.0774059212238947
core_secure_pairs,0.2,0.7,32,0.2243766477753822,0.227349391622064,0.6587939508259449,0.5446188875425778,1.541253655369211,-0.1036862840959507,-0.224585922501213,-0.1811816548327403,0.3145208993598273,1.0828440308692175,0.4287029103789337,1.043708287034074,1.369493259660422,0.6965741367047108,2.252931821293645
core_secure_pairs,0.2,0.7333333333333333,32,0.2025092601433493,0.2406421298509132,0.6768376411957149,0.5737456191949766,1.4227437785316102,-0.0838799584945706,-0.134121545303232,-0.1245213449757045,0.338113035098444,1.072590721402015,0.4778663592322169,1.0054302091481542,1.2675340988798216,0.6998883575972541,1.8902814625991744
core_secure_pairs,0.2,0.7666666666666666,32,0.2254490120083454,0.2886447380487653,0.6767125164817787,0.5710420345616093,1.3818077029772575,-0.0633113445641045,-0.1028303986943053,-0.154931061044625,0.3412910487212013,1.0679350781899106,0.4854342951808098,0.958180488543232,1.3185140499342198,0.6841667661583137,1.8854543331520264
core_secure_pairs,0.2,0.8,32,0.1945933003774811,0.3177482904638116,0.6930086851167876,0.5412877622341415,1.4427481002192089,-0.0427547285767224,-0.0981252568466596,-0.1056450521410827,0.3144037804081682,1.036654246142269,0.5407426959740724,0.9786453517355804,1.3820861774803188,0.6848360509985923,1.9569067520168928
core_secure_pairs,0.2,0.8333333333333334,32,0.1897365031282799,0.3432700352182896,0.7483283074279419,0.5623024244141417,1.4846670040481666,-0.1280999560150098,-0.0028364577702939,-0.0369012762087643,0.3198297507965343,1.013037193267159,0.6000225742022041,0.9861650093172938,1.2325721733495063,0.6728782148732579,1.9319648911532885
core_secure_pairs,0.2,0.8666666666666667,32,0.1886071638258807,0.3355131937655648,0.7261105175353643,0.5531927886468263,1.4766161587449484,-0.1738882848234265,-0.1035670681991448,-0.0628555817097164,0.3185086963519324,1.0343264892074526,0.6627849480700367,0.9603832248798704,1.147764771948764,0.6145849475809225,1.8915869727245205
core_secure_pairs,0.2,0.9,32,0.1962207371687997,0.2660597086546873,0.7138610028407376,0.5574927644635126,1.2286093086265786,-0.1995520747468222,-0.2452872422746934,-0.019625098595506,0.3179349811592091,1.0376273949720676,0.7278476611455871,1.0172504533349322,1.0973900523524696,0.6299014550385218,1.9203317343546111
core_secure_pairs,0.2,0.9333333333333332,32,0.210137458177798,0.2757659909267561,0.7615534785459377,0.5481848932116546,1.4157454525283617,-0.2107595587107025,-0.1113744247179628,0.0213610921357248,0.3215643260752031,1.0392535588684864,0.7828069843215427,1.0276416114732756,1.2242712489857752,0.6274820495743312,1.9297561578639983
core_secure_pairs,0.2,0.9666666666666668,32,0.2146272704382561,0.3409480477674881,0.7201798460862121,0.535270867783912,1.3965954930441922,-0.2160073898359504,-0.0075194939948506,0.0250352350746015,0.3582539220035073,1.053100694960499,0.8444554727337461,1.0172804105117252,1.3995563496267596,0.6609480541615853,2.0010564109753712
core_secure_pairs,0.2,1.0,32,0.2165180930418959,0.2648036981446615,0.6963994633993982,0.555388884237124,1.3235022372497407,-0.2173669341160763,-0.1197806153301205,0.0448843383019679,0.3345454799900635,1.0138066059809492,0.9110041903525612,1.0320779855966085,1.162171674614008,0.6453760813376462,2.042521071443788
core_secure_pairs,0.2333333333333333,0.0,32,0.0254155636690718,-0.0564237311010097,-1.6144065554880798,0.6159068435014493,1.9180290625710728,-0.0559282385993638,-0.3457484219731417,-2.261890868787694,0.5262306549870884,1.1865630854670823,0.0998974341078791,0.5256684645484888,-1.0690905081008644,0.7193637316021901,2.3196527560365574
core_secure_pairs,0.2333333333333333,0.0333333333333333,32,-0.0256510744666412,-0.0544850064864884,-1.3648428055158035,0.5986256645630365,1.5984612743531494,-0.0896611377253152,-0.3406768657834699,-1.883128110917953,0.522753598459676,1.1071170974248945,0.0898179151265736,0.6375555561519027,-0.8380204895376892,0.6945079318803487,1.967520741446775
core_secure_pairs,0.2333333333333333,0.0666666666666666,32,-0.0650733533598527,-0.0681001205551965,-0.951917173431166,0.5324696542041385,1.083529953752517,-0.122194483508091,-0.3882535517739293,-1.3590513512749212,0.4605373181102193,0.9195988260805822,0.0740881341178824,0.5517927897101784,-0.5207016481371939,0.6309824923983842,1.7628230518948358
core_secure_pairs,0.2333333333333333,0.1,32,-0.057943501263094,-0.0048269431027252,-0.5315404809624721,0.4868167422426105,0.9951758699260298,-0.1500848743149355,-0.3193819805414064,-1.0463010433784947,0.4167417630409933,0.711335038681877,0.1097868995608453,0.7024112816080328,-0.3838175018553421,0.5918033419742568,1.508940012028246
core_secure_pairs,0.2333333333333333,0.1333333333333333,32,-0.0414516588586318,0.0549869200814295,-0.4567635977573453,0.4404272313318412,1.043133872833846,-0.1433272238985879,-0.3174251096817724,-0.9267101302739292,0.3823353227673953,0.6381946617668047,0.0972190173667594,0.6677738710006602,-0.0934457485490314,0.5182654771974887,1.4622792841222905
core_secure_pairs,0.2333333333333333,0.1666666666666666,32,-0.0394588968818479,0.111412349609295,-0.3038538046172258,0.4396973136013353,0.9971820635430214,-0.1592859394463167,-0.3056160177283474,-0.5860065586016233,0.3669438596711453,0.615904800214392,0.113415558896802,0.6802005330188396,0.1340527427543378,0.5461889514938669,1.6021385188015185
core_secure_pairs,0.2333333333333333,0.2,32,-0.0139856914253151,0.037925795442969,-0.2122910328415048,0.4612728002788384,1.0344943611012083,-0.1084744135671002,-0.3058148825462335,-0.4016089593661032,0.3380644016413107,0.6041945919601222,0.2020258994735537,0.7046287934753538,0.3272616868220233,0.571666281349553,1.601527220957826
core_secure_pairs,0.2333333333333333,0.2333333333333333,32,-0.0032569669881465,0.0448602634626038,-0.0759595624698856,0.4458543260065346,1.0419058660710088,-0.0907963718265683,-0.3115362609596687,-0.2690815488158453,0.3256562427920596,0.7218091407545357,0.2024019786027333,0.8429506488537729,0.5017335376556117,0.5858974149882372,1.3270610748083809
core_secure_pairs,0.2333333333333333,0.2666666666666666,32,0.0164664095650823,0.0430363465587974,0.0270261251191491,0.4093504305295516,1.0178666160667156,-0.0924072320509226,-0.3118220861563199,-0.4525176345815792,0.3036733570356271,0.8309089741100101,0.1655041546326647,0.8725779405940716,0.6144545683814064,0.6102725230230401,1.3938530153688262
core_secure_pairs,0.2333333333333333,0.3,32,0.0488149305331665,0.1116487150334084,0.1153543266314356,0.4127550906621961,1.054663151380597,-0.0991394540682729,-0.3173063876469353,-0.3260473794468518,0.2855010069429755,0.8987111042689997,0.2253602087252044,0.8076374353611568,0.7307569553337742,0.6406051271689248,1.4240187947851433
core_secure_pairs,0.2333333333333333,0.3333333333333333,32,0.0834398725609625,0.0941770275778014,0.1988817391949648,0.4514202488821989,1.1940734829332822,-0.105251587284704,-0.2996048234049007,-0.2882535060662133,0.3323002876500467,0.8908795858840182,0.1680850675648719,0.7461108864114862,0.7932988077250375,0.6159956934932407,1.365452396578729
core_secure_pairs,0.2333333333333333,0.3666666666666666,32,0.0711047474826391,0.1091118879107581,0.242556528600977,0.467544761482443,1.2032943758731034,-0.1453658400801163,-0.2233170673665302,-0.3502934040936487,0.2985103206451645,0.9135814708813764,0.2023107922891227,0.7958085469397562,0.8659628941837265,0.6200465182134771,1.4571293116806656
core_secure_pairs,0.2333333333333333,0.4,32,0.113880530295544,0.166984896650111,0.2879245098557146,0.4745215816193309,1.2061190052158095,-0.1876647880312165,-0.1030276560018749,-0.3435946252636627,0.2920605810595776,0.9464765301208028,0.2356966097001981,0.7271912960761817,0.9249892749656664,0.6212634507861411,1.4413817757040963
core_secure_pairs,0.2333333333333333,0.4333333333333333,32,0.1564789209997618,0.1545060072177532,0.3431431636054817,0.5109734632497154,1.2644325840221362,-0.1936655426409375,-0.130569888256005,-0.437365567624796,0.3214519518220319,0.970978109522787,0.2820214541350461,0.9112238084865988,1.0083668218478328,0.6588522587390533,1.4135418017309582
core_secure_pairs,0.2333333333333333,0.4666666666666667,32,0.1896381597583346,0.2132459992585702,0.4129340109128467,0.4909504403762234,1.3775334822992311,-0.1824715249232104,-0.136163814049393,-0.3688060271242006,0.3122014310229223,0.9980920715851318,0.2851179210096245,1.0652461460273557,0.9621414142345548,0.6542989623259805,1.5820770235374446
core_secure_pairs,0.2333333333333333,0.5,32,0.1530653934292594,0.1455200941257683,0.4562571959088263,0.5044565042095115,1.3005268900938978,-0.1644834344274259,-0.1410718142686611,-0.3285859988821328,0.3402962395533445,0.9961031646229608,0.2959360688619071,0.9502349376750204,1.088845727367761,0.6344496972034128,1.6311454149905866
core_secure_pairs,0.2333333333333333,0.5333333333333333,32,0.1885072817737155,0.2277959277324938,0.4873176754741319,0.5377423849492382,1.445020180261359,-0.1310967092327055,-0.1351244535175075,-0.2944645777131409,0.341325106311148,1.0804762943212154,0.3120950096254641,0.9548820147553148,1.021935007854239,0.6336000794116685,1.6984616472592535
core_secure_pairs,0.2333333333333333,0.5666666666666667,32,0.1927646501564113,0.2560167237823108,0.5220580815287754,0.5404423645748886,1.4137322520785096,-0.1273593579457582,-0.1491536883832767,-0.2333630535880401,0.3360702947539679,1.069671617855184,0.3700645921118575,1.0990669884928117,1.2051681803645278,0.6692826882223228,1.790603162315635
core_secure_pairs,0.2333333333333333,0.6,32,0.2038469585543459,0.243383762631431,0.5606404317935634,0.546332942107119,1.3991039739056652,-0.104453442828199,-0.1699798837136533,-0.0671028375590797,0.3599290629187914,1.0596535157822151,0.4284563550485505,0.9660569627141792,1.2697476958361464,0.6484485432733496,1.892235788697563
core_secure_pairs,0.2333333333333333,0.6333333333333333,32,0.2246310049897983,0.242937257034651,0.5957794480772152,0.5372938134248672,1.386225202042692,-0.0717457233345138,-0.1414073072408511,-0.0746756452694123,0.3313977209523993,1.091680272487733,0.4905608998777663,0.8946209527099777,1.3312557480610692,0.6555675287397815,1.9771908207400064
core_secure_pairs,0.2333333333333333,0.6666666666666666,32,0.2611938505567983,0.2333442457306119,0.6215953194649645,0.5543046620844541,1.436543728402445,-0.0550646970763862,-0.2157136199531241,-0.0846004685411503,0.3229436401745185,1.1112721419453946,0.4777076378805213,0.9960792087576832,1.3718177491888557,0.6718340247133625,2.121738451206893
core_secure_pairs,0.2333333333333333,0.7,32,0.2817426130063857,0.2494743803901053,0.6592395997065055,0.5485647291406366,1.5241763431872466,-0.0298089528833649,-0.2354483817041897,-0.1000245831477801,0.3347700266126545,1.1355384633180954,0.4517863710275915,1.0011292133609615,1.423533658642768,0.6609966666098492,2.2334265600054444
core_secure_pairs,0.2333333333333333,0.7333333333333333,32,0.2731581549195389,0.2613600076535601,0.676728321023343,0.5525799935681708,1.5570812973374766,-0.0043507152481908,-0.1933398232973067,-0.0678071868209321,0.3247324380279557,1.2022398060827877,0.4760684043815037,0.9768136335721632,1.2747080590741595,0.6561534893101628,2.3084939357914345
core_secure_pairs,0.2333333333333333,0.7666666666666666,32,0.2706618249098657,0.3428086554719677,0.7118853292990441,0.5092854188761318,1.4971856749246637,-0.0004589757705644,-0.0895211727405276,-0.0470459522712671,0.3156393017423252,1.2091123278093867,0.5248053485925971,0.9568166435239503,1.420494834172943,0.6418675847389165,2.24560827694034
core_secure_pairs,0.2333333333333333,0.8,32,0.2690671875742869,0.3770442803721311,0.741261205684046,0.5415761575872482,1.4578351853661964,0.0031626532590274,-0.1010575671687025,-0.0004955197444562,0.3290940016715442,1.2218510215320144,0.5393349808735435,1.012480247629673,1.2956315426756193,0.6835325741008934,2.096363071202688
core_secure_pairs,0.2333333333333333,0.8333333333333334,32,0.2671455177395209,0.3563843094715851,0.7121474118997366,0.4999505637444518,1.416519352636144,0.0199479812575524,-0.0608046850658364,0.01453169921005,0.3317151230220754,1.1299449528342385,0.598352944468915,1.012728538728854,1.408161938957868,0.6176617848741205,2.0570866862299075
core_secure_pairs,0.2333333333333333,0.8666666666666667,32,0.2300911440249811,0.3550116745503676,0.6845125941575874,0.5504551963561637,1.396693195143103,-0.0052019733270916,0.0138912602453711,0.0361987274321264,0.3311449277509868,1.0716905152834937,0.6585045265595875,1.0125033698193218,1.1099471246398065,0.6434182787700276,2.0213872512266224
core_secure_pairs,0.2333333333333333,0.9,32,0.2426805402731293,0.3393187524473179,0.7542348421647738,0.5476318872062826,1.4343892192079526,-0.0368009978538098,-0.2082245710812643,-0.0534597897352001,0.3266173918799814,1.0937370582605628,0.7238223331124225,1.005411722986084,1.2473552317364451,0.6282442735435141,1.985603799170356
core_secure_pairs,0.2333333333333333,0.9333333333333332,32,0.2639176795881359,0.3449594724392714,0.7843769794468225,0.548409601919686,1.3702272740737846,-0.1107393766236971,-0.1886528243933723,-0.0536615825940393,0.3326119610133861,1.086744523751796,0.7922819384655098,1.0278115542193884,1.192340491884567,0.6278142066524838,2.045465595897048
core_secure_pairs,0.2333333333333333,0.9666666666666668,32,0.2858383717047681,0.32316139091706,0.8010211644361307,0.5509787543300093,1.3145119293036656,-0.1575351949372438,-0.3719615894636687,-0.1070279716724786,0.3335997868442278,1.0802164556316698,0.866033068663839,0.9657844035360472,1.2020121580087508,0.6354226692711196,2.04973138012136
core_secure_pairs,0.2333333333333333,1.0,32,0.2748736237659792,0.3159475916087542,0.7902598945491902,0.5106093013117785,1.424354663661181,-0.1673420424919358,-0.3905810474716955,-0.0413251953823211,0.3243599071239291,1.1003173229746137,0.9032730996336542,0.9933508073729508,1.180085588384583,0.6107439052302979,2.0076623769272253
core_secure_pairs,0.2666666666666666,0.0,32,0.0166698915332517,-0.1035885248178607,-1.519750808011469,0.6034347096528243,1.9178420569891943,-0.0822072764294833,-0.4761402090779327,-2.2086738902190994,0.5129573588820051,1.1942370481149809,0.0960736036653465,0.2811084287276671,-0.7863617010090383,0.707614106910215,2.3768282805608765
core_secure_pairs,0.2666666666666666,0.0333333333333333,32,0.0154509401254922,-0.0473757337459304,-1.3504615385411545,0.6000494928392687,1.582198817373373,-0.101437536415057,-0.4266694714227822,-2.107595230266486,0.5100259999449095,1.1296885576652562,0.104527087229452,0.4540117681375977,-0.4443519692814143,0.7287333920721172,2.2570586507026427
core_secure_pairs,0.2666666666666666,0.0666666666666666,32,-0.0491084005395386,0.0195498607896502,-0.9272007585568884,0.5838407105599585,1.1629267734151116,-0.1148121919039892,-0.3351233794218895,-1.2830233856546542,0.501032361280147,0.8763580193521054,0.0957849582344947,0.6335195173958935,-0.3844258848798164,0.6807475447614384,1.7893931300983277
core_secure_pairs,0.2666666666666666,0.1,32,-0.0758202125268604,-0.0517985664836346,-0.5332501372447144,0.5107710510950523,1.0798004537628312,-0.14372731852641,-0.3986408503023028,-1.0831459188321566,0.466209335357523,0.7145849920966147,0.0790324468736417,0.4013148842808526,-0.3607537838148039,0.6225822376650721,1.6435232977258465
core_secure_pairs,0.2666666666666666,0.1333333333333333,32,-0.0493506224819189,-0.0030848606484884,-0.4025995773129803,0.4516813984694998,1.0321757178010045,-0.1528595172900895,-0.2403287790819739,-1.0263737922589549,0.3839053210370733,0.628450624996957,0.0555868141350534,0.6205824767212644,-0.0823385128175779,0.5353246759517692,1.3925539573148054
core_secure_pairs,0.2666666666666666,0.1666666666666666,32,-0.0557935229597907,0.0759956299812675,-0.2854987727842005,0.4282377040146878,0.948771022356838,-0.168507671306526,-0.1781953071840674,-0.5856976168296355,0.3809663062479875,0.5846614566053796,0.0783001162499984,0.6900642195548892,0.1564378457752671,0.5404878517166057,1.3152752618401031
core_secure_pairs,0.2666666666666666,0.2,32,-0.018816431653623,0.0758396871940807,-0.1736393750755145,0.4335427437215555,1.0557660075254944,-0.1394743035165985,-0.1967725100748806,-0.3167206430127121,0.374209961157012,0.6642941784019307,0.1044262089407233,0.7266525307381961,0.3251183405362959,0.535034885779522,1.4965986242717035
core_secure_pairs,0.2666666666666666,0.2333333333333333,32,0.0095324402467053,0.0741708562938412,-0.0823582955812048,0.3896470363902541,1.0623342489188334,-0.1064562648648559,-0.2016576371739637,-0.2566888826215308,0.3474270926933393,0.7252248214512813,0.2307082171458525,1.0345356580798393,0.5116003606075913,0.5528530240335033,1.6383811156692407
core_secure_pairs,0.2666666666666666,0.2666666666666666,32,0.0177582706064446,0.0847790826487373,0.020073131177392,0.4057166243773492,1.0292778018680542,-0.0810695113332821,-0.2185284277754575,-0.5534648646220025,0.3308786422822744,0.8184397257143793,0.2436210635218494,0.9950187062639344,0.6336849328724735,0.5977375235252073,1.5638192509579791
core_secure_pairs,0.2666666666666666,0.3,32,0.0410538634441934,0.1265905660861613,0.0886349570438455,0.4490579045009897,1.0930578990973074,-0.0601186289125077,-0.2253035453330038,-0.3976968741971119,0.3328211388852884,0.9233006631119124,0.2398894611309086,0.9468679680146908,0.7180278354537776,0.6319062522287623,1.4544796363723722
core_secure_pairs,0.2666666666666666,0.3333333333333333,32,0.0765290420089666,0.1706966043884586,0.1588436053395287,0.4674862914684358,1.145642539818664,-0.0669548546714778,-0.2059972232590378,-0.5367941563668143,0.3165428496468118,0.911993821156966,0.1769344017190244,0.7567765928475362,0.8450802839530996,0.645976153736052,1.497602586170876
core_secure_pairs,0.2666666666666666,0.3666666666666666,32,0.1054518089847059,0.1515290571535785,0.285529952785344,0.4669729704079589,1.201430907797031,-0.0685375665723737,-0.2250432476302174,-0.3455233352823598,0.3190972658825101,0.9345926394713464,0.2327977742823231,0.9139345827896604,0.8757793119924415,0.6548032178525905,1.5193273912615064
core_secure_pairs,0.2666666666666666,0.4,32,0.1043175124276808,0.1413839028627074,0.3568191260649633,0.4616200845224055,1.270236360695616,-0.0684685069472559,-0.1757727001801042,-0.1934218035599006,0.3703640897435271,1.001774295284411,0.2367783242559671,0.8220884786814608,0.9329949790449252,0.6798995996382002,1.592175283165092
core_secure_pairs,0.2666666666666666,0.4333333333333333,32,0.1476710970626717,0.2104008728329418,0.3525848719930234,0.5036731519687723,1.3233686507070173,-0.1090189844724161,-0.1133639789590966,-0.1421457062373189,0.3285615060867118,1.0060787686966377,0.2604879533875682,0.9312715697559112,0.9074874485612076,0.6884735351515465,1.6097035328240985
core_secure_pairs,0.2666666666666666,0.4666666666666667,32,0.1937033449881405,0.2999587469164128,0.3943169869439859,0.4794143604827564,1.3740887478458674,-0.1527215953416065,-0.1124639361873559,-0.2371109528330789,0.3418346640276662,1.0466658787856913,0.2631389137141146,0.944966824103568,1.027793781891701,0.7093335114666361,1.5231090670837997
core_secure_pairs,0.2666666666666666,0.5,32,0.2157651374631797,0.2195080477887637,0.4998177814967508,0.5098424148455671,1.4113955085788956,-0.1406682861922315,-0.1216197602837343,-0.3579689668577371,0.3629167212527786,1.0487006298102282,0.3045771547396195,0.9354210400078204,1.0154079802199956,0.6983304473402545,1.6456230500660043
core_secure_pairs,0.2666666666666666,0.5333333333333333,32,0.2045352773105869,0.2305972843420524,0.5238400947637006,0.5028928859964528,1.3812104234501703,-0.1232822992430759,-0.1306078790302951,-0.2265294222745232,0.3458012672009077,1.1623719291428785,0.3344937990520465,1.0073995712829364,1.1517378503119649,0.6908653892583139,1.6411079507576565
core_secure_pairs,0.2666666666666666,0.5666666666666667,32,0.2093773290078188,0.2267449226097982,0.5168232470892817,0.5282362949620185,1.4014537312670496,-0.104881765904902,-0.0930072336725565,-0.2230982616897968,0.3537287592445561,1.1911289284627122,0.3625046069714002,1.0354190537955237,1.2089228749181098,0.7092845701695878,1.716106481950004
core_secure_pairs,0.2666666666666666,0.6,32,0.2350501052951491,0.280359452613474,0.558254444413735,0.5348549710337631,1.3813662281415442,-0.0785319471750252,-0.1109109729133713,-0.2260773479189513,0.3563484457454334,1.1780165134814091,0.4195056940464766,0.970288825467154,1.254870623548558,0.7094701357164513,1.8576735473292252
core_secure_pairs,0.2666666666666666,0.6333333333333333,32,0.2648334056711094,0.330119899022184,0.6019512962134113,0.5701567494963738,1.4069939099820772,-0.0520616204657304,-0.0577587392210325,-0.1474030509298081,0.3520378178322765,1.1737783111946145,0.482420780553916,0.9764515091033216,1.3197399177323828,0.7141076077701052,1.956404191111138
core_secure_pairs,0.2666666666666666,0.6666666666666666,32,0.2589564346833948,0.3272425952148459,0.628449164453809,0.5643836538371938,1.448733489328883,-0.0357902260872281,-0.0801644642373812,-0.150067648856637,0.373827581863383,1.181459300236708,0.5466518500229332,1.0243315005925795,1.368770864038832,0.6803219150744034,2.049251761833774
core_secure_pairs,0.2666666666666666,0.7,32,0.2644619686944516,0.3068854770608547,0.6637674815443365,0.5668065051037726,1.523926663791479,-0.0096415660120831,-0.1528419461278554,-0.0354491522623593,0.3622251180809716,1.235592202475953,0.5818241739524116,1.1077757328172264,1.4275449574785954,0.6841664219550819,2.149984675949085
core_secure_pairs,0.2666666666666666,0.7333333333333333,32,0.2845485526821336,0.3068743540812855,0.7010619741744857,0.5610725790143835,1.5841527394046326,0.0170404668813149,-0.0695297084466426,0.0003096800401239,0.3419222404660817,1.2439044501430163,0.5628445931097016,1.1259629190293887,1.2826201998640323,0.7051188786749739,2.0982205406993235
core_secure_pairs,0.2666666666666666,0.7666666666666666,32,0.3002672922040826,0.3230437760605539,0.7094482585069013,0.5623975378972652,1.589813706800704,0.0304368571545256,0.0031179661968509,-0.0712301757650561,0.3636834406529354,1.3062766485035835,0.5366463117711555,1.149502654236727,1.2273333077326445,0.6345205833974229,2.073162085763881
core_secure_pairs,0.2666666666666666,0.8,32,0.2832469766684617,0.4561748731671714,0.7067971949152808,0.5289935651688011,1.5136494075126716,0.0356558771630613,-0.0361869514947968,-0.0130186568826882,0.3680810223966169,1.2311780665321772,0.5808754434800636,1.1629905048450326,0.9931423232983688,0.6648848516461829,1.9363808448676003
core_secure_pairs,0.2666666666666666,0.8333333333333334,32,0.2807003938949417,0.4364075652973044,0.7358334873786918,0.5284253669174708,1.626480083526705,0.0527623291611289,-0.0186958537455099,0.0461548126741753,0.356057548834589,1.2142923286566545,0.5990283913898027,1.1276633435224253,1.2007859590552106,0.6544175035454468,2.1382589188586065
core_secure_pairs,0.2666666666666666,0.8666666666666667,32,0.2982680760400446,0.3668818082096213,0.6941177452225991,0.5414826923059525,1.6065938158919693,0.0642334994842848,-0.0012463556033587,-0.0015180828268033,0.350867845022029,1.2647274592130235,0.6535352182831367,1.0976179220736166,1.2333796567435842,0.6734680158171577,2.275089771904997
core_secure_pairs,0.2666666666666666,0.9,32,0.3161758978446407,0.4515088807609607,0.7996786297876672,0.5648166413675243,1.5187927862597,0.0153021502999238,-0.1287019301785366,0.032442994307555,0.3417187200046869,1.2677774751887174,0.7164696481171575,1.1153265476097332,1.2054862052121542,0.7028679149045542,2.2130826423590912
core_secure_pairs,0.2666666666666666,0.9333333333333332,32,0.2979021476298641,0.4677124643366822,0.7655456538889918,0.536431096294961,1.5180503723454029,0.0144139188490333,-0.0662008215921904,0.0989382825209336,0.3394760521257852,1.3389110659334864,0.7883891682923879,1.1377495103320614,1.106576032441029,0.6319585099060074,2.178166330896873
core_secure_pairs,0.2666666666666666,0.9666666666666668,32,0.3019313304973192,0.4135711860515424,0.7025263535059965,0.5139049137977154,1.4994351593605946,-0.0386358213748862,-0.0927920803873361,0.1109598905564302,0.3436526691734563,1.2391261243324512,0.8599569703378438,1.107098215887332,1.1219754785532017,0.611162394091973,2.00125159930698
core_secure_pairs,0.2666666666666666,1.0,32,0.3252448146276742,0.4426440125036644,0.700812564122882,0.5052921747992496,1.587706037440178,-0.0846862725010957,-0.0967823912892992,0.074322363329579,0.3341210302944546,1.2814164981041878,0.895236929692044,1.1814501707764884,1.2103306239800498,0.6576164856116317,2.129655293437565
core_secure_pairs,0.3,0.0,32,-0.0014964452134174,0.013193424295731,-1.3275457248942786,0.5784950688084869,1.913072432405866,-0.0597605374103533,-0.3831971328793286,-2.034009071383032,0.489160831355785,1.158102273232973,0.0927985921548914,0.875367649042157,-0.6478584527149797,0.7414216353824288,2.4097877378573487
core_secure_pairs,0.3,0.0333333333333333,32,-0.0395761132889125,-0.0175782945546232,-1.2107146191276348,0.585669874231074,1.7689682667354023,-0.1038788729472731,-0.4501952216005278,-1.9050577343376875,0.4793494652430177,1.083279562814068,0.0916409746130245,0.6173597180325516,-0.5813470592473983,0.7224842564181313,2.135924425456562
core_secure_pairs,0.3,0.0666666666666666,32,-0.046824356101943,-0.0183878885382096,-0.8706702976923422,0.5682106110985283,1.2140236575533727,-0.1104658688381472,-0.458361400101327,-1.2329459198075734,0.4837593579404863,0.895378768671849,0.0988082818460269,0.6884243159178868,-0.3751130712570333,0.650752720017927,1.923289767280428
core_secure_pairs,0.3,0.1,32,-0.071096622599788,-0.0191694862090095,-0.5605977193405369,0.5158278501159679,1.063358255817834,-0.1313972455370264,-0.4307829534095866,-0.9879270277535274,0.445394971619756,0.7837429258243427,0.1024780081333911,0.596731237664786,-0.3069741545662944,0.619641288072323,1.776623055889737
core_secure_pairs,0.3,0.1333333333333333,32,-0.0808286639987466,0.1711065898634461,-0.3075978373852021,0.4683041304193752,1.0634780387856593,-0.1524493734266386,-0.3345134993945637,-0.7962622132826285,0.3919109727171999,0.6571852210237796,0.0918846915991445,0.8687490059029563,0.0071827195592643,0.5372578452180541,1.5688478447054603
core_secure_pairs,0.3,0.1666666666666666,32,-0.0666891552991719,0.153012345084927,-0.2349549036375785,0.4531459336552415,0.9618502460810328,-0.173229432370979,-0.3145433844898425,-0.7426049721565431,0.3583625746357755,0.6441468481195629,0.0934513565138895,0.7474697603698245,0.1480513778194215,0.5275437121412176,1.4323882759150814
core_secure_pairs,0.3,0.2,32,-0.0290761003046661,0.185321263569876,-0.117824061569423,0.4261690716422085,1.095468589478846,-0.1585734885971487,-0.2068345429682333,-0.361080027257711,0.3692942842538932,0.6266838430210989,0.1065681210052955,1.084887536330624,0.3578372518103144,0.508678356150135,1.6217355860501637
core_secure_pairs,0.3,0.2333333333333333,32,0.0205671555057771,0.1539964473259394,-0.0450614586449324,0.4472398284084596,1.1188263873425943,-0.1057066850053311,-0.1438892453336721,-0.2262600577560334,0.3205889123153841,0.7333798961027702,0.2136837509919361,1.048952934426662,0.517193269370819,0.5737348082088077,1.6631731622237256
core_secure_pairs,0.3,0.2666666666666666,32,0.0307752977462422,0.2617862239461668,0.0858073566211477,0.4731053642586543,1.1480992316105536,-0.0849282188920237,-0.1167726014594696,-0.6984364931800484,0.3662091264130599,0.8126967569905068,0.2290508143345273,1.0643517794828865,0.6360193511923905,0.6001858953613035,1.52608683786717
core_secure_pairs,0.3,0.3,32,0.0404802836700461,0.2722543727043661,0.1508730070174264,0.4876072183501118,1.1558984033506006,-0.0571795862067055,-0.1129538111613622,-0.3160397705468383,0.3472954886942693,0.905834702042552,0.2578707870838632,0.9530595000397286,0.736612531753351,0.6228835152872098,1.5349940326877334
core_secure_pairs,0.3,0.3333333333333333,32,0.0571949008892394,0.2956012903027673,0.2094634559577158,0.4585815059112854,1.175612646138283,-0.0280537819703754,-0.0977849957978444,-0.3189208622238988,0.3460979542789374,0.945518726464045,0.266488876460666,0.8844365966776683,0.810472216359549,0.6420541980865504,1.5414368671698575
core_secure_pairs,0.3,0.3666666666666666,32,0.0795377240042038,0.2633754920387485,0.2835399533648566,0.4561986948779217,1.1829902498130926,-0.0228042172356941,-0.114899915429862,-0.4490782361141072,0.3457396373474721,0.8911303066291957,0.2576983869723855,0.8397170908099424,0.8850438813180617,0.6405323818090136,1.4261160320302446
core_secure_pairs,0.3,0.4,32,0.1350723420841357,0.2989057175111258,0.3084476710634921,0.4883496121112841,1.2566552193334504,-0.0210134799612083,-0.1200695627671016,-0.376890081108947,0.326503913271137,0.938782751362007,0.2363289113598163,0.9278366652118146,0.9401958289256448,0.6468091530337325,1.578322467381285
core_secure_pairs,0.3,0.4333333333333333,32,0.1429886026240908,0.2359319963287598,0.3705590397214139,0.5069583178848798,1.2219705548511457,-0.0233486957811586,-0.2189096002910162,-0.3094040201639127,0.3409435543476748,1.0592357362246076,0.2357847632488686,0.8893643332972774,0.902248525364622,0.6742264779332197,1.4039586764519307
core_secure_pairs,0.3,0.4666666666666667,32,0.1560127268348023,0.2995013429246602,0.431948462581845,0.51872960566919,1.3593573490128266,-0.0267417537242302,-0.0705164541710519,-0.3442302892847294,0.3497301596585235,1.0802066323077024,0.2858565027595627,0.9224247044850404,0.9315533649293966,0.6760192785384878,1.5332895120446026
core_secure_pairs,0.3,0.5,32,0.1998863402135998,0.276621070424871,0.4927722636333338,0.5174663406007634,1.309857582172075,-0.0818609951370309,-0.130665035774476,-0.2810539229685442,0.3588702613448951,1.0604164909180225,0.2950537248839719,0.920019591660612,1.0262824977514595,0.6890649734950154,1.677483153798542
core_secure_pairs,0.3,0.5333333333333333,32,0.2237474605354968,0.3535934303264153,0.5846714414856987,0.5141483583796388,1.4880576010298472,-0.0663395764830996,-0.0736811298009371,-0.1795571264407554,0.33405192048008,1.1271304213382851,0.336307412865542,1.0072931540312149,1.0543351806013512,0.6890963750258479,1.7575189021441853
core_secure_pairs,0.3,0.5666666666666667,32,0.2491061241822884,0.3574118920628197,0.6116216939687354,0.515902335273386,1.5044639577916874,-0.0435576930542825,-0.135429049293331,-0.1599205546576923,0.3417804261904668,1.1562307184200862,0.3606508515756857,0.9913698094035984,1.198055575867489,0.7052584778593345,1.6626443263645834
core_secure_pairs,0.3,0.6,32,0.2404315903459146,0.3669013361570002,0.5740534219396561,0.5333713824728614,1.5374982001394466,-0.0188951271313338,-0.0965052102959613,-0.16374049933098,0.3434668351615307,1.1925573272494294,0.3994003309707746,0.9930437711427356,1.2434802640758935,0.7112627711601901,1.845052833994196
core_secure_pairs,0.3,0.6333333333333333,32,0.2664915562517616,0.3673246388435767,0.6024855282876445,0.53339809102561,1.6176408312315729,0.005980439308286,-0.1258720219722392,-0.2144529546127674,0.3505063420714497,1.229751832182762,0.4620394372367785,1.1173089974035355,1.271767492745342,0.7143297577408508,1.8815274483592177
core_secure_pairs,0.3,0.6666666666666666,32,0.2917285251589142,0.3807426471106921,0.6417024385486838,0.5283501450042525,1.5343734574610814,0.0326677465590865,-0.153535276747149,-0.0670011047685512,0.3561674458169244,1.2334072296224994,0.5283149001511924,1.0819097433596996,1.3818338485471933,0.7195428082847167,1.9622067193664083
core_secure_pairs,0.3,0.7,32,0.2947128337123995,0.3987180235099703,0.6695792265747788,0.5467536028793278,1.6030740530304786,0.0282158577771056,-0.1604059695259927,-0.0697100574012985,0.3582467548750987,1.273230712534723,0.5974660331328434,1.1091934095731708,1.4136597664147266,0.7170296328222354,1.9778246510485484
core_secure_pairs,0.3,0.7333333333333333,32,0.2866406463195728,0.4032466529160472,0.6976954032314094,0.5493958217631085,1.5808499394333737,0.0629068614432875,-0.0866742212425875,0.0901404386504566,0.346868451559183,1.301873964987814,0.6436479360568368,1.1613512384895717,1.3427598919816983,0.7068024634207576,2.0060432226938123
core_secure_pairs,0.3,0.7666666666666666,32,0.3090495010851027,0.4117611413842142,0.6932034434440653,0.535174812314255,1.6348091149887438,0.0711252543186833,-0.0938526583023297,0.171725387494085,0.3311138560852119,1.321509895115403,0.6420025085399582,1.1529546538727833,1.324593858743497,0.686313398734015,1.998024467303576
core_secure_pairs,0.3,0.8,32,0.3252296103648463,0.4280694145640126,0.7130270220891991,0.527038047465555,1.6842097568748249,0.0950397126899276,-0.038223222125698,0.0525842179087974,0.3253549180514827,1.388398372090453,0.6338258473557639,1.157036439573836,1.291353146056663,0.6982162790447831,2.154419614840464
core_secure_pairs,0.3,0.8333333333333334,32,0.3028001879164738,0.4812014684185385,0.7309690134699721,0.5193644430603034,1.64311325952483,0.1245909513210934,-0.0460661048421035,-0.023821626042436,0.3406717792276933,1.30219677261442,0.6561213368598551,1.1131018520302447,1.1324134569386155,0.6780148173214595,2.0648221200395454
core_secure_pairs,0.3,0.8666666666666667,32,0.302880136299036,0.495512527216614,0.7917159560600717,0.5214984934453861,1.6795777749450356,0.133058781780694,-0.0107631567676771,0.0337167922547811,0.3403591520026062,1.3449282309047583,0.6768183371803836,1.133179080934466,1.0630282738578196,0.6585482962114846,2.134050239501293
core_secure_pairs,0.3,0.9,32,0.3175851703224861,0.4637679528186232,0.7926211406304595,0.5212326336348603,1.6868616079171967,0.1395275247224763,0.0036367723737246,0.0460592241978932,0.3238464478665013,1.4041472970285236,0.6949208937848873,1.1257523230229651,1.2863272057908008,0.6439065295933164,2.170593743336108
core_secure_pairs,0.3,0.9333333333333332,32,0.3531709102094494,0.4722729316298081,0.7480536635019205,0.5302284603302899,1.521863847750966,0.104761846374331,-0.0291613462574093,0.054809611252735,0.3071494289116178,1.3791217861108476,0.7595039132793909,1.1507704259146871,1.0935615728849872,0.6625713174982545,2.1973061277426456
core_secure_pairs,0.3,0.9666666666666668,32,0.3914894106067558,0.553600470005001,0.7894605038849224,0.5138667306878354,1.7052527703499512,0.0900022065204146,-0.0318009564968581,0.0787884381221328,0.3287203485059828,1.400658531186165,0.8335520463106301,1.0722522962427696,1.2876056022994742,0.6714962329373058,2.1613680420851726
core_secure_pairs,0.3,1.0,32,0.3916737112530496,0.5513693908094661,0.6228954943933305,0.5067982006352996,1.7261986387306565,0.0613526533866752,-0.1074592972684692,0.0739050222991701,0.3191742012451692,1.2913445771558836,0.9145985457045688,1.1714796829364955,1.3565738526948927,0.6387078450088799,2.148280855839982
core_secure_pairs,0.3333333333333333,0.0,32,0.0345868146439118,-0.0147456542516821,-1.681231154759384,0.6214892750548799,1.914663211328288,-0.0588177657014689,-0.5028449081291186,-2.52807508552778,0.4831179082801852,1.2028711581925458,0.2041124759294691,0.6230393058887663,-0.5648010573709482,0.7532752320266262,2.6126807576851787
core_secure_pairs,0.3333333333333333,0.0333333333333333,32,-0.0235741567663208,0.0211274289316515,-1.2468929115885048,0.5843808334883465,1.6392947027388738,-0.0851853391835964,-0.354970910498423,-1.88606978169408,0.495340020311421,1.0607729375218535,0.1066123565452432,0.6394231679261517,-0.3816927957063594,0.7454623280672854,2.14746790937775
core_secure_pairs,0.3333333333333333,0.0666666666666666,32,-0.0402834721796959,-0.0077864535077722,-0.8077009266540303,0.5839957656042953,1.2556305585364171,-0.1107029867446056,-0.2237436852051033,-1.1965622635448645,0.4904930285831644,0.90417758579676,0.1051753659037361,0.4939056440590369,-0.0030051278728228,0.6730323288582718,2.147368293235614
core_secure_pairs,0.3333333333333333,0.1,32,-0.0560501395985958,0.0338002112211944,-0.5362999406264602,0.5245285490909055,1.0845841548586843,-0.1221953282399526,-0.4292777679172594,-0.966319242070666,0.4606179588625714,0.8260164284705303,0.1338425037143252,0.6308157431538799,-0.4096750561162264,0.631027838422233,1.6980526059744248
core_secure_pairs,0.3333333333333333,0.1333333333333333,32,-0.077447213726766,0.0424003911518039,-0.3595364224970332,0.4730668935569454,1.1273622260314975,-0.1259608453547999,-0.3059258708607481,-0.7698045696737499,0.3828749259157205,0.6774269371357697,0.1345300778001218,0.5985078190242844,-0.0487148359435691,0.5508984739367075,1.6294746492939167
core_secure_pairs,0.3333333333333333,0.1666666666666666,32,-0.0853210499744744,0.0621520117549792,-0.1860189750431671,0.4271977930285905,1.0396714846878656,-0.1356371267271791,-0.1538951846414261,-0.5981702938125648,0.3585515046217,0.6705215889110974,0.1224221330834569,0.6070423293752074,0.2329642529305223,0.5141050972082482,1.5352939039970144
core_secure_pairs,0.3333333333333333,0.2,32,-0.0545324204546473,0.0919808033640172,-0.0581953550788626,0.4369692707363316,1.0171356971488028,-0.1505255491890059,-0.1341368769816818,-0.3869686068665447,0.3282270357089087,0.7143245583001796,0.1348824643197771,0.5326857173544567,0.3787837414138929,0.5806373731293413,1.4140192477861462
core_secure_pairs,0.3333333333333333,0.2333333333333333,32,-0.0088575009896633,0.1296105630802946,-0.0984356205702966,0.467543655605655,1.0824082420110646,-0.1190839247057516,-0.1368170820266832,-0.2821526411465332,0.3280924471876738,0.6953356183512241,0.1454066113432485,0.7121710241342667,0.4826457923576955,0.5421551711831998,1.5465747235314564
core_secure_pairs,0.3333333333333333,0.2666666666666666,32,0.0266059830197674,0.1730939056358895,0.0125839728232604,0.441309091942926,1.1434606199254682,-0.0848821451977112,-0.1258244556452171,-0.1822571129539211,0.3360204345176206,0.7856787655229531,0.2015864113987392,1.1462958480489565,0.6100287890945522,0.5864323157692868,1.5278002957137296
core_secure_pairs,0.3333333333333333,0.3,32,0.0495396706934412,0.2249202606241702,0.1460873862810762,0.463105446304246,1.1774456704248657,-0.0599178917227058,-0.1278227938115074,-0.6139535584166169,0.3579376392617818,0.8830707526546948,0.2340855690403788,1.1350593867149574,0.7392703853453598,0.633443271762935,1.5520822758679926
core_secure_pairs,0.3333333333333333,0.3333333333333333,32,0.0585457520517541,0.1729310859157208,0.2310614849225293,0.4949830267103903,1.1800518111679463,-0.0287528842974173,-0.100175085714999,-0.578435997502619,0.3561795421001095,0.8931138670708809,0.245444362407634,1.098946307657784,0.8199816244227005,0.6269244482848776,1.6109154598850286
core_secure_pairs,0.3333333333333333,0.3666666666666666,32,0.0850669601854348,0.2071627768348598,0.2802323558103931,0.4768074245834959,1.208954705970751,0.0041384630583695,-0.094118259255021,-0.5336339350391468,0.3326803324542718,0.9514186395664171,0.2571891225313421,0.7782825313090679,0.8705486860636009,0.6395107644762987,1.436807037291129
core_secure_pairs,0.3333333333333333,0.4,32,0.0978427649920889,0.169358365113583,0.3386985854322645,0.5123407293989464,1.270313900350874,0.0134442010135515,-0.1060077735340514,-0.468834040407675,0.3540441304835421,0.961190291908668,0.288788566819797,0.6525146096760848,0.9407840980619068,0.6460257593782744,1.587649245553887
core_secure_pairs,0.3333333333333333,0.4333333333333333,32,0.170693954715717,0.313650271017178,0.4166257710323814,0.5330671291375091,1.3288334979116891,0.0255463385551684,-0.0869049281193846,-0.4346190750783396,0.3965233074926142,1.0360669818599586,0.2753315503196175,1.0168743809328211,0.9720180888518002,0.6647133535034212,1.69750089748059
core_secure_pairs,0.3333333333333333,0.4666666666666667,32,0.1806461006755681,0.3079968256561454,0.4012139694105128,0.549966328404531,1.2960533635846965,0.0358188289040979,-0.1062424928343577,-0.4099417821438583,0.3714641380865675,1.0921073725751542,0.3093908572699598,0.8103662876582893,0.9468573890163268,0.6792604304587067,1.7978222868099178
core_secure_pairs,0.3333333333333333,0.5,32,0.1891570984732318,0.3255463001792235,0.4881329900294714,0.5575439229827721,1.3213648047829585,0.0267612980273582,-0.1257674075901215,-0.2159062353444857,0.4099826248128489,1.0796337153859132,0.2920163330810248,0.8086762824569409,0.9987072029226316,0.6927305919342305,1.5970251768602153
core_secure_pairs,0.3333333333333333,0.5333333333333333,32,0.2273882896138735,0.273650575411253,0.5688943519469569,0.5182301475656064,1.388771685015489,0.0028996482773659,-0.1331423565020671,0.1326052896901979,0.3744963726342176,1.1340257359244623,0.3331725735823998,1.0189046320395807,1.0507178645350546,0.6944383540127709,1.7524762044415274
core_secure_pairs,0.3333333333333333,0.5666666666666667,32,0.2411765327552112,0.3770211716615282,0.6008219826909339,0.523367116523203,1.467359182449902,-0.0256852883400717,-0.1092240554709762,-0.218967831886274,0.3332715806881586,1.2006342717387126,0.3869931643416775,1.0855239279978808,1.2065424262868525,0.6902355147979836,1.814237539923689
core_secure_pairs,0.3333333333333333,0.6,32,0.2626342369925436,0.383043894071802,0.6265520472195218,0.5298352182256066,1.449050324638534,-0.0011004642038401,-0.0858795056768947,-0.2084732583681365,0.3474662945686389,1.243219017864165,0.4291321607810234,1.0858496093318588,1.1766984902992106,0.7049960301915292,1.785377503516084
core_secure_pairs,0.3333333333333333,0.6333333333333333,32,0.2581911563133684,0.3766508617661934,0.6284727350892352,0.5374626756938925,1.4863240338830344,0.0245657061126481,-0.1699191371507649,-0.2569509542547955,0.3406613182888909,1.2578589956134718,0.4376154586319788,0.9523010710676364,1.3305661159356246,0.70520211406979,1.9828023948519409
core_secure_pairs,0.3333333333333333,0.6666666666666666,32,0.2824388090539028,0.3968948696718525,0.7314679070976295,0.538456359780676,1.5347290249300278,0.0505486057554585,-0.0484934810471887,-0.1888958741713786,0.3458207809626586,1.3556758358396248,0.5024361504670611,1.1121662916556514,1.3837755638117542,0.7070644906852956,1.9566895893403409
core_secure_pairs,0.3333333333333333,0.7,32,0.2889248792234762,0.3730253225810506,0.6624444394897524,0.5306886568204393,1.6029645794620828,0.0485785113839676,-0.1584024273938339,-0.1371612113266883,0.3620358977382621,1.3167360423824732,0.5656368267604223,1.1170372886743405,1.3783591564114688,0.7062042871226193,2.020281438271298
core_secure_pairs,0.3333333333333333,0.7333333333333333,32,0.315074573103554,0.3456928601281508,0.7034440565325354,0.5614543030704043,1.6579847489400374,0.066721055881432,-0.0044492452239168,-0.087469911185001,0.3741588509019948,1.3171062436137162,0.6299162803284784,1.0905262380139518,1.470015754764601,0.70706599726273,1.9192631154662465
core_secure_pairs,0.3333333333333333,0.7666666666666666,32,0.3031937172138762,0.4216139493213556,0.7096219482567055,0.5351797062323306,1.6869301546238795,0.0969554097942195,-0.0033500122027338,-0.0597323205050434,0.3352675805821378,1.4553862157581072,0.6916319750680138,1.1106007217631488,1.4339347028081328,0.7001953627281441,1.8336807053636308
core_secure_pairs,0.3333333333333333,0.8,32,0.2942708430436042,0.4448399619030129,0.7437480169690246,0.5136710315307287,1.713417676336468,0.1202571535652708,-0.0188385213202405,-0.1558541914635229,0.3646464638294304,1.3908658854250806,0.6882233343250851,1.1646382999490985,1.2575930851774408,0.6797184334265176,1.943593755377991
core_secure_pairs,0.3333333333333333,0.8333333333333334,32,0.3266019685982777,0.4388585165326396,0.7470328367833501,0.5240399255409014,1.657940446497132,0.1494056003839955,-0.0145471362612704,-0.1220032744976765,0.3573583259508122,1.3909119599385464,0.6687250111912313,1.1488247631316146,1.259678831014538,0.6832877882997864,2.034772557772892
core_secure_pairs,0.3333333333333333,0.8666666666666667,32,0.3366196440701999,0.5050139435071134,0.7950296706195208,0.5477104383549112,1.6209592908345178,0.1576553519318639,0.009449022670894,0.1313085067395345,0.3511557317923672,1.3652570230915864,0.7119736317371785,1.1557260635802016,1.196682820516497,0.6648019195271557,2.0392229284661605
core_secure_pairs,0.3333333333333333,0.9,32,0.3469199762790655,0.5157249635025944,0.8049918898300861,0.4941866669977372,1.6845852788866342,0.1959638519098689,0.0262389895697066,-0.0017310527313282,0.3490654361223739,1.4543727352254023,0.6721963142476406,1.1684852755508466,1.126616551375955,0.6594224424864006,2.2156585489335257
core_secure_pairs,0.3333333333333333,0.9333333333333332,32,0.3688042729650251,0.4979797241596664,0.8199318561616682,0.5192929104746549,1.6686740991647904,0.1998343639236079,0.0343216886967001,-0.0559221904669136,0.3223512470212922,1.46730668203377,0.7383429560092313,1.245133182718407,1.1889438076798706,0.6825606906259669,2.1657757622526246
core_secure_pairs,0.3333333333333333,0.9666666666666668,32,0.4119389390911627,0.5387689182901255,0.8176399298541814,0.4674821764098219,1.6766513856040155,0.1444268028443973,-0.0012310656573923,-0.0184612468694552,0.3239430118604005,1.376900883485969,0.8047311638432124,1.3339887804840465,1.188082753767619,0.7095243737079592,2.4591651399196817
core_secure_pairs,0.3333333333333333,1.0,32,0.4282835941607132,0.5639765942690009,0.8077609085180633,0.5798750176651833,1.693543072881649,0.1493188021784577,-0.0077838031818656,0.0579171387367344,0.3241112514522741,1.4719125447339294,0.8658619208740468,1.1161218998267384,1.217772177281016,0.6787350006122913,2.3892702783833006
core_secure_pairs,0.3666666666666666,0.0,32,0.0378329997627828,0.0399994605623782,-1.4135257300505804,0.6203169999225454,1.982971877016242,-0.0554991525182813,-0.382606867362557,-2.156120205714649,0.5243844149586806,1.2284696269614162,0.2031481364661627,0.7567899314708915,-0.3408473500341901,0.7281593174751357,2.733961997690096
core_secure_pairs,0.3666666666666666,0.0333333333333333,32,0.0117142399857187,0.1067761341891847,-1.3488967682208184,0.5848187984809368,1.581898756293532,-0.071730587577111,-0.3719837343427578,-1.8885363708325649,0.5386871333263046,1.051475133293975,0.1671467267821103,0.6500180367467399,-0.4176791505128708,0.7102410705429061,2.235169556710517
core_secure_pairs,0.3666666666666666,0.0666666666666666,32,-0.025437597548608,0.0299838013490387,-0.889812047427285,0.5782970289011606,1.3197261586647893,-0.1040197157938927,-0.3145341385814735,-1.3287694284247114,0.4682617129768547,0.8237695623052965,0.1122976721475774,0.5654268583185805,0.0055559996896335,0.624732110703603,2.0856095996274524
core_secure_pairs,0.3666666666666666,0.1,32,-0.0217782368276762,0.0182182487198034,-0.4183602689929336,0.5080505228472492,1.119651980805091,-0.100798249816963,-0.3342170057774655,-0.7821173291832579,0.3796470790024484,0.8595519949179072,0.113260315296718,0.6606481381458061,0.0677944796993951,0.6126268489772726,1.898681993574307
core_secure_pairs,0.3666666666666666,0.1333333333333333,32,-0.0421180928340663,0.0472311324418334,-0.3197462294086367,0.4635734314297759,1.08133665883171,-0.1210606299356465,-0.3236691343045673,-0.6468754077411853,0.3854905734099771,0.7039743459987684,0.1396526571107526,0.4963561006468264,0.0030573786900787,0.5159168345939067,1.746191343913139
core_secure_pairs,0.3666666666666666,0.1666666666666666,32,-0.0544738891069047,0.025884296742873,-0.2673861162084811,0.4591948427587158,1.0573883889796627,-0.1346104472519089,-0.3262364403896898,-0.6314078042903526,0.3394061146064426,0.6934459189099914,0.1282919274222818,0.4670561379873089,0.1694182735852759,0.5412673211543849,1.5556349071818183
core_secure_pairs,0.3666666666666666,0.2,32,-0.0544074353991166,0.0887141656915852,-0.0002866445542882,0.4260768163749347,1.0266797638438354,-0.1414376157097017,-0.2371380641559378,-0.4365327616358032,0.3227704856160627,0.7326582615406666,0.1362586903067875,0.5886570273126698,0.4945673618656223,0.4969692311133104,1.4432888673664153
core_secure_pairs,0.3666666666666666,0.2333333333333333,32,-0.0383030863554607,0.1536738520543764,0.1218675078030037,0.4267575879407365,1.073071992189349,-0.1448337959725263,-0.3077280564479905,-0.208892534908997,0.3293819628737376,0.7369681162722657,0.1339206322746152,0.6315329825476058,0.6283606701676434,0.544935074884769,1.6021090756467504
core_secure_pairs,0.3666666666666666,0.2666666666666666,32,0.050562748887931,0.1802164736933932,0.0468320078897836,0.4199220009836867,1.1194679968043402,-0.1087897691276784,-0.308776432598003,-0.1968002588897967,0.3250503147819377,0.7650382218866513,0.1973822893288433,0.7546792755622431,0.6043500486299225,0.5368397442600241,1.49639152534745
core_secure_pairs,0.3666666666666666,0.3,32,0.0516083904975294,0.2565617669944126,0.1282575715831396,0.4692088410981775,1.1463652098583972,-0.0602230845024696,-0.2518054166602096,-0.3292799632431459,0.33068117880138,0.8230146911771961,0.2249836430673409,1.1884487962442007,0.6916187584876397,0.5716597335200666,1.594140183105375
core_secure_pairs,0.3666666666666666,0.3333333333333333,32,0.0700196098200645,0.3349294668002424,0.2068999511125282,0.4725487977753594,1.188773105446665,-0.0314928692188184,-0.1485175228238355,-0.4624497202683071,0.3433775514137844,0.961487829696203,0.2351127101468603,1.2028972945781449,0.8115363358550183,0.6148301151283488,1.6319311993526515
core_secure_pairs,0.3666666666666666,0.3666666666666666,32,0.0780015380750362,0.2540327685263048,0.2247813595102388,0.5009061697546391,1.2380105798943872,0.0027168225521048,-0.1467305427167043,-0.5489973022545588,0.3450213394445481,0.992688977196592,0.2351226877918605,1.0494096131524917,0.897043506501597,0.621888082769269,1.4816248367802496
core_secure_pairs,0.3666666666666666,0.4,32,0.0998109455978557,0.2621863191371137,0.3125413989321579,0.5097957643001789,1.2013366918619994,0.0287460405852648,-0.1759149686127746,-0.3882500694212006,0.4056844684632865,1.0207830900827009,0.2739715207935714,1.012380570210653,0.9349219356845732,0.6452042620386417,1.6282514679879334
core_secure_pairs,0.3666666666666666,0.4333333333333333,32,0.1257060826326865,0.3108094818105338,0.4117070037279592,0.5191592299704069,1.2321480379789298,0.034943137067645,-0.1492456230020292,-0.326401316708175,0.3439703114254503,1.0907746639423,0.2749282646204392,1.1197529158414152,0.9897600114061702,0.6518781184335378,1.7714044067227224
core_secure_pairs,0.3666666666666666,0.4666666666666667,32,0.1960497077228453,0.2897696554762921,0.4498628949997962,0.546207162426855,1.2940543074837492,0.0207740983205561,-0.1173600803442551,-0.4783585948468928,0.3044356566594214,1.1300717852014337,0.3400999069494793,1.1204401941513356,0.9395938786976636,0.6649035965894112,1.8292278648481477
core_secure_pairs,0.3666666666666666,0.5,32,0.2183671484170136,0.256458707948789,0.5137333125371273,0.5641633419767005,1.361737836774781,0.0472008524076055,-0.126361835345918,-0.287022152698938,0.3339103024715649,1.1568861184668455,0.321072633060776,1.1267403664387603,1.0602371479300747,0.6756371906783011,1.7455948594696962
core_secure_pairs,0.3666666666666666,0.5333333333333333,32,0.2155608744040462,0.3227639098823798,0.5785728814624647,0.5721318296065419,1.3763854921820575,0.076576091692715,-0.1335372485347594,-0.2534262840058576,0.3269876166464057,1.1953237520459594,0.3302014852772017,1.11284380517428,1.0530277936174783,0.6802919118454764,1.7886485473998233
core_secure_pairs,0.3666666666666666,0.5666666666666667,32,0.2263141848007515,0.2847230482842855,0.5561495309240486,0.579134732671582,1.338018684353079,0.0885784185426769,-0.1438623143040644,-0.2411073497940477,0.3620777483107665,1.141779176570175,0.3723110944450172,1.1341011487942307,1.2126271285241936,0.6859300025177204,1.7600162742783512
core_secure_pairs,0.3666666666666666,0.6,32,0.2562567365960582,0.3504030504909708,0.6530271168182065,0.5780775904060504,1.4732701539155355,0.0240604197304099,-0.1671996227098592,-0.114208232193951,0.3791726482941592,1.224284955384016,0.4274893593626984,1.1296268838786006,1.2327226079755411,0.6920611311356929,1.8688071007980709
core_secure_pairs,0.3666666666666666,0.6333333333333333,32,0.2733964662238964,0.4958850307556004,0.677915290686744,0.5778381492375666,1.5007547994177906,0.0441170215161494,-0.1698190274760314,-0.2353270775066714,0.3483310763491998,1.271440366233873,0.483302008656947,1.1400477230801052,1.1817104497929436,0.6990119375408449,1.8354598986027493
core_secure_pairs,0.3666666666666666,0.6666666666666666,32,0.2689814303990603,0.3902964346191059,0.66340275013441,0.5486850076608776,1.6417419161613231,0.0712569567344058,-0.1819126903436781,-0.1758098605968552,0.3551554136228578,1.3568670328855994,0.4979686204793752,1.1757299598659432,1.381581167057539,0.702144375885812,1.9691569819496777
core_secure_pairs,0.3666666666666666,0.7,32,0.2964449952651684,0.3808406400650966,0.6593347374715284,0.5686784758417192,1.5943700867094108,0.0985962780699046,-0.1639602427898537,-0.1507466681168532,0.369570667747424,1.379136441462664,0.5405395225635765,1.1356626013110287,1.3731165749767564,0.696756159957036,2.0812570725062454
core_secure_pairs,0.3666666666666666,0.7333333333333333,32,0.3041847821251867,0.3551796152542567,0.6907643163484538,0.5129209038487592,1.643088235100849,0.1013602822241467,-0.0408581553353648,-0.0568448413479955,0.3567875776676223,1.4181501185860466,0.6008689087468647,1.204240251637346,1.4715960722052568,0.6963271788593888,2.069931813105835
core_secure_pairs,0.3666666666666666,0.7666666666666666,32,0.3240157013306675,0.4104385382982052,0.7250418671522694,0.5139091732862571,1.6981909032473443,0.1258594168481169,-0.0555766419863783,-0.068489298820982,0.3613192084066402,1.437427140648996,0.6630602447181659,1.2458839724792723,1.342154214929769,0.6776181502733053,1.9779507763569235
core_secure_pairs,0.3666666666666666,0.8,32,0.2865059969372349,0.426402392823879,0.7792305702722822,0.5091460329438945,1.7221864456068556,0.1473130256441454,-0.0592209679123312,-0.1768307435334436,0.3689681313269237,1.447055002163144,0.6815632471252961,1.241606492433952,1.2149481701832514,0.6972670603058816,1.8928290486541548
core_secure_pairs,0.3666666666666666,0.8333333333333334,32,0.3131001668291707,0.466008831547694,0.7655776385539967,0.5703431204721132,1.8324595733398847,0.1557536392619644,-0.0369112135032606,-0.0079036173559894,0.3598175463544082,1.4383893146541162,0.701082120951988,1.280369892247495,1.4460881389201392,0.7006647583615588,2.1039983709933967
core_secure_pairs,0.3666666666666666,0.8666666666666667,32,0.3263535727652689,0.4790897890834485,0.8085806881135892,0.5055491769152691,1.7251383878836115,0.1586257577249836,0.0677063269097481,-0.1204889022958958,0.3595211917001213,1.486116849181204,0.7048919703614878,1.3071242888313424,1.4109724339221643,0.6499887548139521,2.04572068624753
core_secure_pairs,0.3666666666666666,0.9,32,0.3653417117271396,0.5865719501682762,0.8138724908806567,0.5450655060177624,1.627013300484616,0.1669172314527176,0.2246496009957079,0.0523053092100074,0.3722717614973159,1.454690277999791,0.753301435429693,1.2978222730629931,1.113900794898524,0.6641496947559107,2.048354999450812
core_secure_pairs,0.3666666666666666,0.9333333333333332,32,0.394090332442144,0.5305566352899478,0.8093521072258134,0.5081511450445702,1.7310956476091517,0.1785136047707487,0.175353670399713,0.2287466017070392,0.3660604409485623,1.5255675239056363,0.7067618073225648,1.2815947588065926,1.2345997538342746,0.6519738185151525,2.169981619350188
core_secure_pairs,0.3666666666666666,0.9666666666666668,32,0.4139436274314022,0.6718438175283079,0.8398938878563262,0.5850603817625826,1.7982368428014412,0.1867912449972439,-0.0100230279482421,0.1359993619448013,0.3385665066161968,1.4634360196887817,0.7819196357337123,1.413039262154987,1.4031408128481035,0.6342457364037078,2.2096357436357743
core_secure_pairs,0.3666666666666666,1.0,32,0.4643764224915293,0.6144833540450634,0.5858115254238869,0.5443530823255482,1.715465450522267,0.1853374580693468,0.0595845239720811,-0.3449136528890923,0.3412413740087148,1.3406357673577287,0.8244427868960061,1.3048161420546631,1.2615700841424264,0.6488597164761494,2.194410133480712
core_secure_pairs,0.4,0.0,32,0.0517632010130088,0.1302591706937415,-1.7193876216559247,0.6366168310626786,1.816066114060214,-0.0588282864670279,-0.3687853815338571,-2.3986554944259977,0.543702465502061,1.2800558344629012,0.2775525210147171,0.6648527716858535,-0.5885551573616689,0.7182177127249637,2.772965906158793
core_secure_pairs,0.4,0.0333333333333333,32,-0.008281112170192,0.0580097145777869,-1.4030978286558926,0.5701949551040255,1.6165672106196434,-0.0979415211231636,-0.2224457039022555,-1.9698141987709128,0.507436508718139,1.172710423084028,0.1719226198328393,0.7121948780327705,-0.568205916048118,0.6661968210798226,2.3328881702070827
core_secure_pairs,0.4,0.0666666666666666,32,0.0170267965164346,0.1504692800126979,-0.8487639032903912,0.5597143669515566,1.3332760967532642,-0.1002005312394865,-0.2420763181339319,-1.285605757806879,0.4944924527756477,0.9691651609687012,0.16798347396618,0.6211461783006391,-0.0175752124810782,0.6256365848935528,2.07924227868197
core_secure_pairs,0.4,0.1,32,0.022082824777248,0.0916274038845463,-0.4293060484075524,0.5069276394053052,1.1923674903239496,-0.1152202036867869,-0.1230018849846593,-0.9137478735063842,0.3702656980313742,0.8620918922581566,0.1383362955627551,0.557382957098296,0.14869311511354,0.600437356804461,1.964554304163492
core_secure_pairs,0.4,0.1333333333333333,32,0.0111550255316455,0.0872919985607506,-0.3158459772244274,0.4565365275275896,1.152351897876192,-0.1304642422595998,-0.1272709461698823,-0.7149906605510743,0.3641567253369374,0.7049834313172167,0.1578813682731371,0.5319646770181241,0.0431159693801009,0.5261662918092803,1.5544724139249682
core_secure_pairs,0.4,0.1666666666666666,32,-0.0502420104295258,0.0590891974832872,-0.100304482117607,0.4438923784301574,1.071875304042842,-0.1207075086008451,-0.321202238275055,-0.4498699837023795,0.3463059987612789,0.6884670818692531,0.1486378279998954,0.419210605631552,0.307100219344233,0.5157803261868875,1.6675546243125017
core_secure_pairs,0.4,0.2,32,-0.0291303289974473,0.0847691639002579,-0.0411018829881436,0.4473525793200058,1.1376570976008786,-0.1334690128746884,-0.2121367134547536,-0.3966633837026444,0.3654321394089324,0.7442191423963049,0.1670211377879537,0.5882373052811257,0.493804790986307,0.542053327308441,1.5128411059884637
core_secure_pairs,0.4,0.2333333333333333,32,-0.0276529012981664,0.1041468591722613,0.1038287329772191,0.4268189952391253,1.119202947703232,-0.1393496498282287,-0.1774016847090686,-0.3032491071242936,0.3635948631937458,0.8405101869229445,0.1625184119829742,0.6502275735110612,0.6340984859245533,0.5203356278887603,1.6285621599380262
core_secure_pairs,0.4,0.2666666666666666,32,0.0082520625966121,0.1401962680926262,0.1614414489072959,0.4189814836222533,1.1529790647765403,-0.0998207739384637,-0.1241263354519708,-0.2051391521667199,0.3494699695547305,0.8807457052439239,0.1635725439771325,0.6927857754960796,0.7336156564350236,0.5042933569721902,1.5553339894457112
core_secure_pairs,0.4,0.3,32,0.0610984394286766,0.1493787787742962,0.1898483301242333,0.4694460188343063,1.1729439288077446,-0.0648888311637957,-0.1957371485596596,-0.2226516524212008,0.3743571484827914,0.9029975645729024,0.1972648947085959,0.780464755285615,0.7037008066472693,0.5627606685571755,1.5953874734969455
core_secure_pairs,0.4,0.3333333333333333,32,0.084232064046941,0.1782681532889438,0.2214659980780561,0.4589416750497349,1.2026975473281365,-0.0386837088269167,-0.145298874381636,-0.2872001162316753,0.3213765480512726,0.9058006064524772,0.2423486182536755,0.7818931907507186,0.8076158879061485,0.5878479682601521,1.5784090160394566
core_secure_pairs,0.4,0.3666666666666666,32,0.0893950659556126,0.3187064879084123,0.3214637366450406,0.5133845932804566,1.2446044421245224,-0.0088965010300189,-0.1019662072402763,-0.2668817459284337,0.3631231321023692,0.956405219347264,0.2501099835631807,1.374860519483734,0.8719933293876241,0.6224435028499772,2.034042374564802
core_secure_pairs,0.4,0.4,32,0.0993787401595024,0.362206170303486,0.3069283729595626,0.5024579184798703,1.295476288415351,0.0276965186132893,-0.1068136501141928,-0.3766349083737383,0.3492897476006233,0.950243897555305,0.2646047039785359,1.1706317871227243,0.9433600951025024,0.6073024791331179,1.925116246925232
core_secure_pairs,0.4,0.4333333333333333,32,0.1275790124957169,0.3945140456527979,0.3905290946651829,0.5376009532187864,1.3352026388018396,0.0390857874633979,-0.025109442484891,-0.256737100989307,0.3696791116317974,1.017509391114224,0.2805641765679818,1.1781686442463668,0.9918243534116188,0.6399062702922163,1.9252796151661185
core_secure_pairs,0.4,0.4666666666666667,32,0.175843000929533,0.3695319201322748,0.4534660640602124,0.5415184169440133,1.3748642860385154,0.0515906531778351,-0.1174711010382784,-0.4781424038389033,0.3778882986340132,1.0845040714051852,0.2962117688225286,1.1917154138435793,1.039366767755318,0.6521884749373128,1.8173118934032344
core_secure_pairs,0.4,0.5,32,0.2174879352973029,0.31577420086471,0.5202051736200802,0.5479863936428364,1.4272275189759496,0.1108336374491471,-0.0354517255033794,-0.2218534354853807,0.348973894469873,1.1032174214445445,0.3497788047589095,1.1592721011244345,1.0636494068914464,0.6397865375923767,1.9240405381178416
core_secure_pairs,0.4,0.5333333333333333,32,0.2392764766959046,0.3330186420776619,0.5311549012748731,0.5713861709850048,1.443989608893134,0.1164661283024734,-0.0980916899048803,-0.1338569135568081,0.3962775577511568,1.1133251505623942,0.3725648589704638,1.1697615614689043,1.1934586668321536,0.6704478500104172,1.953417476511693
core_secure_pairs,0.4,0.5666666666666667,32,0.2512160685035599,0.3542930542631346,0.5538315204026809,0.5795037952439626,1.4975107530991285,0.1200993805243586,-0.0020178758079017,-0.2917650241185394,0.3609746249399642,1.1216800879846198,0.3552018354240884,1.1835663403506629,1.1731446721119052,0.684096148097339,1.7937955929255818
core_secure_pairs,0.4,0.6,32,0.2657482754404636,0.3160486768546935,0.5902570570998105,0.5888345490646218,1.5699150899331715,0.1475036645042808,-0.1436009053794081,-0.1691749626741273,0.3784474820677335,1.1399365388825606,0.4038885090228278,1.2807876215443506,1.2329638152929658,0.7091361948530192,1.7562051824630356
core_secure_pairs,0.4,0.6333333333333333,32,0.2872216693187552,0.2944654411251682,0.6359752269693684,0.5847739958680844,1.5430998441562551,0.1016880350279842,-0.1307921510184341,-0.2886914016200919,0.3816663118161244,1.2481312800762243,0.4594454365711194,1.190637589107726,1.2854291947723089,0.6892699458922393,1.848519303202572
core_secure_pairs,0.4,0.6666666666666666,32,0.3046389181767062,0.3420509261385643,0.6540263384425711,0.5607431128792875,1.5912685882539193,0.0981031169797328,-0.0247673975300954,-0.1106483080238974,0.3575113735239075,1.3194960117413068,0.507945500813968,1.2888278390048822,1.3510272319455487,0.6788014391557808,1.9427056509552871
core_secure_pairs,0.4,0.7,32,0.311064805244503,0.3441717248521516,0.689789852516157,0.5743638231227491,1.656967530610408,0.1215647277536937,-0.0174065784970582,-0.1627524723018091,0.3797121061889472,1.3931528668908992,0.5326288675825046,1.2732757432220383,1.44831004873042,0.6966047761986267,2.1023857737072174
core_secure_pairs,0.4,0.7333333333333333,32,0.3288120663108899,0.3519092523308854,0.7496323704443222,0.5873915421174709,1.6174357821804677,0.1507488809881101,-0.0084119479209522,-0.0775229612442337,0.3855410953924739,1.407029857385104,0.5758417841950164,1.2538790049061648,1.4647266105207792,0.686643242766602,1.9990763709051087
core_secure_pairs,0.4,0.7666666666666666,32,0.3220783870027606,0.3668563243774441,0.7739611575433389,0.5591766848387445,1.7065634315497342,0.1795025359860356,0.0175381496654881,-0.1433169107493027,0.3850392930569045,1.406958060360167,0.641884613477508,1.2850666327346778,1.3544756468580008,0.6971970954868782,2.050474999008283
core_secure_pairs,0.4,0.8,32,0.3391743197114663,0.4851173321622823,0.7721735409559394,0.579850355438494,1.702129962412347,0.1932736581609332,0.1191652596848998,-0.0858538684908069,0.3610845601631683,1.2410856612812655,0.7147532129931757,1.2740701453989287,1.190528718515446,0.6936416842543117,1.9372034100387456
core_secure_pairs,0.4,0.8333333333333334,32,0.3462291184759095,0.5078722763073648,0.8023682400250471,0.529638351011192,1.8109753578560284,0.1931870190706046,0.0433121480524662,0.0248796400298898,0.3722259065460627,1.350495766474962,0.7182875820447797,1.266361345596336,1.4516110435631306,0.6532237134541223,2.082545733860949
core_secure_pairs,0.4,0.8666666666666667,32,0.3376697421651147,0.4772313964331388,0.8060111564516482,0.5770857174380054,1.7962648422040928,0.1691782207918131,0.0655242697113309,-0.0683481022437542,0.3979369139915796,1.488601340218186,0.7476626802824226,1.3490324898581068,1.3995117381568585,0.6893071907303425,2.3372750624997267
core_secure_pairs,0.4,0.9,32,0.3855314594079595,0.5038809411346987,0.8260049510442777,0.5201134366339835,1.6718180879174636,0.1656014323707396,0.1259615011234368,-0.3802905393915346,0.3576563928660997,1.485863894437666,0.7511566435282842,1.3905395689961513,1.1987891392165526,0.6693224636021369,2.32556113216037
core_secure_pairs,0.4,0.9333333333333332,32,0.3971201901697282,0.6416499128422232,0.8191077752733998,0.5139413543361988,1.825303202496086,0.1587274976912124,0.1681721516033726,-0.0230228811001161,0.3512273829658706,1.5159226300106066,0.7312099200715505,1.361198594782393,1.1789045592819924,0.635379616497036,2.172313181506404
core_secure_pairs,0.4,0.9666666666666668,32,0.4299902185544534,0.5686936380529555,0.9042290515332748,0.4445234711432872,1.7853888644545823,0.1932540928808709,0.1827772353180512,0.0710828430602339,0.3638345171038361,1.581617470393736,0.7319972063297222,1.447461023625068,1.3500860711361622,0.6342086377587406,2.2158907710285383
core_secure_pairs,0.4,1.0,32,0.4651378704223696,0.616053367356761,0.9641272459912514,0.5435432265105273,1.912557173516905,0.2030862879257417,0.0886025157936905,0.0695504877797325,0.3670563618617324,1.5407310829846117,0.7981730502156388,1.5423040083002817,1.46729604265531,0.630534027512874,2.340450378299326
core_secure_pairs,0.4333333333333333,0.0,32,0.0499505325694949,0.1173151067322375,-1.7147646471615845,0.6028574469459083,1.6953518564272432,-0.0835869462651049,-0.4757291621246526,-2.4674007741353456,0.4950133233432184,1.1216199240317533,0.3029316884302188,0.9138750210701424,-0.6219766087304888,0.6932407587546023,2.452214648588572
core_secure_pairs,0.4333333333333333,0.0333333333333333,32,0.0107336470333998,0.1108527553736603,-1.366671055460335,0.5739963392464935,1.5077112383263345,-0.0849021786657449,-0.1778141874496734,-2.0981075292109064,0.5122012996691279,1.1544794710096933,0.2889554445462075,0.7362187448598568,-0.3622448828746963,0.6864466991393028,2.386993349706749
core_secure_pairs,0.4333333333333333,0.0666666666666666,32,0.0145043725450236,0.1598486103107986,-0.8237887795629717,0.5659667011349974,1.2645276135598524,-0.1071420686245913,-0.1646855352084278,-1.3057530898740242,0.444368688893845,0.883468180062253,0.1433639381198631,0.658196058193742,-0.1426823605061419,0.6234185113235994,1.7422814896612446
core_secure_pairs,0.4333333333333333,0.1,32,0.0237601143933992,0.253849160242908,-0.4432255790348056,0.4958673171353276,1.1810410186990032,-0.1066012420895679,-0.1339247727111986,-0.9335569420249292,0.3816288158931179,0.827442098598933,0.1591679028788332,0.6009534436235323,-0.0162732692587299,0.5755435684749806,2.035570800474526
core_secure_pairs,0.4333333333333333,0.1333333333333333,32,0.0355068987681714,0.1057530025986118,-0.3316312656471548,0.4825243953125661,1.1061664800010522,-0.1117067351067598,-0.1187192260103821,-0.7385090321151049,0.3817304274743267,0.7295873740800464,0.1829790837172204,0.6012806426799964,0.1848090031386062,0.5772968368983397,1.863014995758649
core_secure_pairs,0.4333333333333333,0.1666666666666666,32,0.017741804288743,0.2659355191025377,-0.1799534637068716,0.4347771764339548,1.0422237037961102,-0.1378610356983223,-0.1274891745714202,-0.4961083170552552,0.3348656298101106,0.7019425221559428,0.1794623573616163,0.5851898162912658,0.2560663472331371,0.5092746622123782,1.802070860651336
core_secure_pairs,0.4333333333333333,0.2,32,0.0257387533988163,0.0731482555520474,-0.0175873338766964,0.4320610978119302,1.094531225951321,-0.1212178149628293,-0.2545285328944298,-0.3147105716927393,0.3207668189319653,0.7582251346090002,0.1925974284329852,0.5000140356464404,0.4584986616268222,0.4902791013529098,1.56432528502235
core_secure_pairs,0.4333333333333333,0.2333333333333333,32,0.036676461985322,0.221202503240409,0.0947220273649996,0.399590564700434,1.1423386288811122,-0.128617375172317,-0.2460899193301117,-0.2559518423817082,0.3063256111822264,0.7854451205143492,0.1795547611611938,0.6245418993935591,0.630520019613289,0.5004151951042712,1.6383370977424518
core_secure_pairs,0.4333333333333333,0.2666666666666666,32,0.027930340944341,0.193655656725468,0.1574771796296669,0.4221139910720648,1.1203398802076896,-0.1174664881853138,-0.2080868057189576,-0.1981246560926408,0.3384273696977262,0.8338622504128483,0.177571626730937,0.6114333217078468,0.6363913721958923,0.5139988936727992,1.5816171982044558
core_secure_pairs,0.4333333333333333,0.3,32,0.0410447587898571,0.2765145779307217,0.1377739194485745,0.430870701506687,1.1493447200833369,-0.0851760569783805,-0.1694535909246602,-0.1068200598260573,0.3579995087468098,0.9089353451049976,0.218961425654061,0.8740886335004248,0.7252504859266916,0.5463332377457853,1.5297516365743251
core_secure_pairs,0.4333333333333333,0.3333333333333333,32,0.0849155614884636,0.2156516566612088,0.2324680724128081,0.4460623469885152,1.1801674030075784,-0.0510791270908486,-0.1587630481518748,-0.1574719094151598,0.3285606001788789,0.9150791002251644,0.222226627894179,0.8855025534521751,0.8035129316651256,0.5472027526291411,1.4619026813938356
core_secure_pairs,0.4333333333333333,0.3666666666666666,32,0.121527060703404,0.2497142454816406,0.259975726604909,0.4810171504561887,1.2167207220461134,0.0013397001928839,-0.1330098028391496,-0.4162159108437846,0.3514777967637935,0.9052488116623608,0.2551561695646662,0.8259025633462467,0.877495556531712,0.5604946210739147,1.5962890348580516
core_secure_pairs,0.4333333333333333,0.4,32,0.1210528290346585,0.2660392147006831,0.3378931793694645,0.48069731981162,1.3069610805552667,0.0221016698712405,-0.1069820679452417,-0.4086349052660173,0.3819265143698213,1.02379462797748,0.275911931942091,1.3295091069428329,0.9368091351498096,0.5797987279533372,1.7204604084848754
core_secure_pairs,0.4333333333333333,0.4333333333333333,32,0.1354832953241719,0.3218671100864038,0.3723900995724235,0.4650793663811858,1.3388558765888374,0.0430876895134158,-0.139762747478629,-0.5161226731009367,0.3210842046262669,1.0997160314087706,0.273495528368591,1.2732558627056414,1.0163897422220882,0.6261778682261379,1.8724511059897813
core_secure_pairs,0.4333333333333333,0.4666666666666667,32,0.1501429814154193,0.2588083706307812,0.4686608706306278,0.5121287947569138,1.3563388088248185,0.0517936941985171,-0.1422116814483144,-0.4383759456797532,0.3509998720337686,1.1187011649480216,0.2934396636474652,1.0181798465202383,1.0447396327524072,0.6084573273658472,1.895970323996796
core_secure_pairs,0.4333333333333333,0.5,32,0.1906400747932524,0.4165198259573068,0.4770986668957322,0.5001956679189667,1.392878226321354,0.0694639531761679,-0.0129513122984029,-0.2362031245929952,0.4146726597011179,1.1466851026786524,0.3195246986007936,1.1761741772827607,1.0942411003571757,0.6147815000933683,1.8510444693827872
core_secure_pairs,0.4333333333333333,0.5333333333333333,32,0.2468842041354567,0.3727230631574102,0.5692539899707405,0.5106932562687361,1.421587307655943,0.1542673471976641,0.1160903848685286,-0.2652681075265642,0.3158216339919474,1.2232738283661255,0.359976882949595,1.182538509896303,1.1957638272137336,0.6313500175819478,1.7895922581954216
core_secure_pairs,0.4333333333333333,0.5666666666666667,32,0.2750540401640692,0.2962331470060316,0.5522449651746458,0.5121265513270883,1.5500149203057003,0.1676591486183755,-0.0569449998959911,-0.158851121854866,0.3236376792395933,1.1891760542895873,0.3838930586863682,1.1933682634532503,1.2662251742438042,0.6254134333942266,1.9084154905673316
core_secure_pairs,0.4333333333333333,0.6,32,0.2884486382061018,0.3472136083992637,0.5874222151552231,0.5203963593343679,1.525267586577181,0.1757162649150423,0.1291966310269971,-0.325749216868563,0.3350794090156976,1.2068482950547823,0.4003612709533707,1.2221334260302497,1.2230077588015824,0.6305510096003247,1.786093034838325
core_secure_pairs,0.4333333333333333,0.6333333333333333,32,0.306501994323515,0.2947828766039633,0.6705587654149436,0.5389282359001438,1.5852893182691727,0.1876092260189261,-0.0660569300242884,-0.1861466566655248,0.4027266097840648,1.3002696367100082,0.4505045152666427,1.1907698478235935,1.278049060728439,0.6515525675755068,2.0129169388336843
core_secure_pairs,0.4333333333333333,0.6666666666666666,32,0.3180186437738479,0.3078457728596822,0.7193075715809785,0.5470596958593759,1.535325261069177,0.1759664423982335,-0.0500308854706105,-0.2364214994201032,0.4131378361483691,1.2037963606034583,0.4967420945183441,1.2332637392177608,1.3464546633718553,0.6463968655409501,1.986986652930374
core_secure_pairs,0.4333333333333333,0.7,32,0.3368112757681826,0.3472349948660889,0.6754953843946554,0.5371540930629852,1.6508586497270468,0.1594583173532941,-0.0280906304755121,-0.2315285362762919,0.384843987665064,1.3808586118106745,0.5086953702105028,1.3873469037119135,1.436523382549685,0.6529402890838274,2.088023214993456
core_secure_pairs,0.4333333333333333,0.7333333333333333,32,0.3464798981532078,0.3904534762399305,0.7404833607627199,0.545422184268676,1.6455663078160163,0.1847596057081766,-0.0011796003304725,-0.0468608714097131,0.3616062605739046,1.31492948526929,0.5358201298320151,1.181652439864929,1.4665363077732303,0.6556834894596513,2.1366786687154464
core_secure_pairs,0.4333333333333333,0.7666666666666666,32,0.360042272975176,0.4058786162892961,0.7971308471449531,0.5137619889706535,1.6858352340641831,0.2013395727256602,0.1652280925791615,-0.0255622959701903,0.3585331745647815,1.4670482577751602,0.6061686808347843,1.3676779626028974,1.4973239758167145,0.6478954516837658,2.100855219844655
core_secure_pairs,0.4333333333333333,0.8,32,0.372279053779783,0.5220871885945007,0.7859178236244984,0.5771889589946793,1.6655819510606285,0.2238313002114577,0.1331161726058043,-0.0934812052865579,0.3733522016666338,1.2517153641218184,0.6796779749223069,1.3591488175891304,1.1183450051922543,0.6364562177439477,2.095691344082563
core_secure_pairs,0.4333333333333333,0.8333333333333334,32,0.3920838632805395,0.54208432425119,0.8720023441965101,0.5012923701458962,1.758456014711501,0.2222191518735727,0.2061934907368093,-0.0681346316156245,0.3921542062675489,1.3035378049978474,0.7105160231816718,1.3315934830027296,1.266731962813377,0.6383002228436702,2.394024719747126
core_secure_pairs,0.4333333333333333,0.8666666666666667,32,0.4255408971140343,0.6286734355756698,0.842455645029301,0.5111853995820368,1.7937468785086352,0.2388774558743539,0.1712655227318185,0.0809607580458803,0.3506076060745127,1.3556966946840932,0.7524898280564128,1.3132871632405354,1.5800731745756569,0.6354630555965015,2.205517881586481
core_secure_pairs,0.4333333333333333,0.9,32,0.4031065194952946,0.5185728502777307,0.9161568843766508,0.5274485813251164,1.8711705221713129,0.2068913789044493,0.2510648524603476,0.1518221527789475,0.3688055516873283,1.454140796431062,0.7902988805961417,1.4196994260569076,1.54130745050012,0.6108249726310095,2.655482694794167
core_secure_pairs,0.4333333333333333,0.9333333333333332,32,0.4575646861922279,0.4961372552347474,0.9404319175210478,0.551529909270005,1.8536771125656588,0.1986855941940568,0.313271107854244,0.0015008982322308,0.3717918259631353,1.2888999502134868,0.8475425899861905,1.4248441010184725,1.44478994670428,0.6198564355200635,2.287059834295862
core_secure_pairs,0.4333333333333333,0.9666666666666668,32,0.4940190324185702,0.5957296945303121,0.845309672135656,0.5294897601276364,1.8944280749916296,0.1982543914755545,0.3367808358593405,-0.0211982111935064,0.35557262137468,1.4727702996651597,0.8142211735633893,1.4222451540111978,1.265450024925984,0.6289287302685755,2.353213537765217
core_secure_pairs,0.4333333333333333,1.0,32,0.5328937007251874,0.553139829134476,0.9611437055187122,0.5165882799772135,1.9592255614997205,0.1794863718405797,0.3451690586243238,0.1555552120992442,0.3474367575830678,1.5343924373100593,0.8331187906686295,1.6016962064764413,1.3511922664002751,0.6334198241294036,2.3318688746485767
core_secure_pairs,0.4666666666666667,0.0,32,0.0504271885401232,-0.0972685051908076,-1.417778445243674,0.6120222015169543,1.7778308195123835,-0.0873464895826046,-0.3659288893682683,-2.3496912367192464,0.4301352286106925,1.212341966877053,0.3345900926776596,0.9953902927727154,-0.3243888848383988,0.6786667233150514,2.788858675325852
core_secure_pairs,0.4666666666666667,0.0333333333333333,32,0.0150611533464786,0.131919298282389,-1.1928585268445704,0.565491258408586,1.5403651338186957,-0.0782011163675808,-0.2507079971084055,-2.0360178060938408,0.426106638930194,1.1438670938644353,0.3377949670526418,0.7764912794281518,-0.1904846837578264,0.6906400571752529,2.4497197057122992
core_secure_pairs,0.4666666666666667,0.0666666666666666,32,0.0342942398585644,0.1726445692955114,-0.7963193410892454,0.5008131833473677,1.3888529302853228,-0.1033885655713063,-0.2320212838882897,-1.4002517217647463,0.4323658224496932,0.9587436338960924,0.2625204684390861,0.7098358857587317,-0.108939274213173,0.623005570687545,2.140647226645818
core_secure_pairs,0.4666666666666667,0.1,32,0.0345271798124998,0.0974921423396691,-0.5202152264476649,0.4776123866424211,1.2342545611418458,-0.1066303942277832,-0.1384283589048259,-0.9941264460232252,0.3334866934620428,0.9787684762380506,0.1557804910359057,0.425516161651663,0.1587606167623108,0.5757283422643267,2.0979861606564767
core_secure_pairs,0.4666666666666667,0.1333333333333333,32,0.0520582959440431,0.2528467078657417,-0.3795516291463974,0.4281992167049708,1.1760353449793153,-0.1247182102862474,-0.1381935909762778,-0.6929967992718931,0.3330630198618926,0.806424872878148,0.1555794316381453,0.725970191173358,0.15473530435097,0.5221638565165152,1.606227019321523
core_secure_pairs,0.4666666666666667,0.1666666666666666,32,0.0439662850739499,0.2564048808566887,-0.1913430818056972,0.4418867252073937,1.1309939052366862,-0.1194479823401341,-0.1590635166773267,-0.4380180662010003,0.3617434646694493,0.8467036159726617,0.1880157266688604,0.7231610576626063,0.2561312570190028,0.4924671514003086,1.816703400241113
core_secure_pairs,0.4666666666666667,0.2,32,0.0445796398300191,0.2245464726173761,-0.0335356610738445,0.4115692200092253,1.276222330232457,-0.1203164825474749,-0.1325383095104621,-0.4544416458425774,0.3378899676927133,0.9040433792282304,0.2002324895555974,0.5156698635238546,0.4474998301864011,0.4799023922741864,1.6069724770327
core_secure_pairs,0.4666666666666667,0.2333333333333333,32,0.0703913548383404,0.1883914891585268,0.0893181881563396,0.4019905003172596,1.1503062782178053,-0.1083624050244289,-0.2437740173976424,-0.2437053021552384,0.3067551748829922,0.849997917608664,0.2040323157252828,0.4880479446465218,0.6407056087780301,0.4944600080864798,1.5721519461355364
core_secure_pairs,0.4666666666666667,0.2666666666666666,32,0.0758140791999878,0.2551312882041669,0.1379528233369341,0.4245330727848947,1.2004966403740345,-0.1140954023223396,-0.187442146921873,-0.1436978102112526,0.3065412042245668,0.9442800316699114,0.2026659195386877,0.935868156526168,0.7451333128553019,0.4980588946737378,1.6442550603047117
core_secure_pairs,0.4666666666666667,0.3,32,0.0565330038501403,0.241305030388395,0.2353283718884708,0.4442493436165033,1.1849684277496093,-0.1122717667103369,-0.140171974434551,-0.0887906170494292,0.3386167749883315,1.0161119423238034,0.1982504717691983,0.8817283694991226,0.8514738919269575,0.5324762899032085,1.4920103417886912
core_secure_pairs,0.4666666666666667,0.3333333333333333,32,0.0729015402814926,0.2503161730811754,0.2515508877479258,0.4274648297726139,1.1797625752067025,-0.0796151382107484,-0.1459143904914462,0.0025982969762925,0.3528039952829563,1.066516389539237,0.2517201315661979,0.7142422276912798,0.8080599067535359,0.5314175192569994,1.560432556212596
core_secure_pairs,0.4666666666666667,0.3666666666666666,32,0.1104576566975368,0.2419994171334845,0.327425219280907,0.4684934007521772,1.2107828630321702,-0.0451591730801074,-0.1513244697626554,-0.1247945763702427,0.3491095672701216,1.0703332112949833,0.2686961765074783,0.933210180055308,0.8807186493044574,0.5488627075739818,1.4888493881333649
core_secure_pairs,0.4666666666666667,0.4,32,0.1364801448650281,0.2812535485961406,0.3559556820863246,0.4466098891442942,1.2216629226875788,0.0350423854676046,-0.2465659261876227,-0.2198473151552141,0.3055913260106384,1.0417831959848354,0.2845826084561337,0.9756960633037638,0.960122269566192,0.5751702399176377,1.8038438976865276
core_secure_pairs,0.4666666666666667,0.4333333333333333,32,0.1589260494420185,0.2821164633152559,0.504769182086781,0.482482902871457,1.3617713258445263,0.058392844928767,-0.1305488429475206,-0.0049381882807817,0.3186964992964443,1.152587560017407,0.2637019836147154,1.3329399777463324,1.004782229247915,0.5738866707610734,1.9585701089808516
core_secure_pairs,0.4666666666666667,0.4666666666666667,32,0.1771140189446046,0.347142279450595,0.4541828710598035,0.4778702863234266,1.3704464584070064,0.0762441180001732,-0.1232450763370486,-0.2936250295427784,0.3120662418019809,1.142470514213424,0.2754911086176147,1.181288814165026,1.0327522829731377,0.6011867280430565,1.845472544455078
core_secure_pairs,0.4666666666666667,0.5,32,0.189631233405646,0.4145426863188823,0.4787526437922206,0.4864589926186263,1.4674819732730384,0.0842233168973566,-0.1841898357399291,-0.3404175527244537,0.3065583904700616,1.188668698588467,0.3150973677157354,0.9959224881642113,1.1182460798061014,0.6009214928373832,1.9819308418701371
core_secure_pairs,0.4666666666666667,0.5333333333333333,32,0.2309816105979096,0.3441436717525062,0.5331335357641989,0.4836609387632147,1.4833310711247574,0.1075903869808568,-0.1163482071316467,0.0391810555766062,0.3010374180942736,1.1752546188691286,0.3434316437176471,1.2156019242646072,1.1417996245407247,0.6046353644335838,2.014124732444756
core_secure_pairs,0.4666666666666667,0.5666666666666667,32,0.2858128501222207,0.3154110328312715,0.5716991121267271,0.4863759694400285,1.5126451556877505,0.1359777794451337,-0.1153136418483488,-0.1320121334672185,0.3306995244757741,1.2858150406603526,0.3777902213749935,1.201877628937634,1.242755164629387,0.6152189550356868,1.7501353076038442
core_secure_pairs,0.4666666666666667,0.6,32,0.2876518046423234,0.3612770031700619,0.6257742870527216,0.506162408446452,1.5212947216725112,0.1786661535637839,-0.0099144699708108,-0.1582999706070709,0.3749152544427465,1.2779519979291063,0.4019150090111516,1.21494003105553,1.3127609912697278,0.6236571963946346,1.8960488510920608
core_secure_pairs,0.4666666666666667,0.6333333333333333,32,0.3266125074134106,0.3134615644492271,0.6602275986442703,0.4721075310622376,1.5293490746881742,0.1799270846674016,0.0062598654301038,-0.2043620387318012,0.3382609785772187,1.3130806564334838,0.4497110623145564,1.232789287289813,1.3649106243761049,0.6229794322088854,1.956642666065929
core_secure_pairs,0.4666666666666667,0.6666666666666666,32,0.3529647560101828,0.3202465557563336,0.7039975707188807,0.50722343189192,1.556502278186364,0.1967111261608563,-0.0030436841591405,-0.2866246940288842,0.3746201935874198,1.330849689878892,0.4880258503979767,1.418209950312429,1.341547097169944,0.6658663633977218,2.1467391221554157
core_secure_pairs,0.4666666666666667,0.7,32,0.3685655238830955,0.4188169065055614,0.7362449886378587,0.5107209187220696,1.550879465548362,0.2387313304965678,-0.0291056034062968,-0.1696580127914227,0.3786112084792288,1.3853905954578911,0.5507769513137258,1.2367495009171567,1.4094695750592023,0.6298483257248082,2.067537406942093
core_secure_pairs,0.4666666666666667,0.7333333333333333,32,0.3630115637290568,0.4813375507708928,0.7531462356335649,0.5041362268514801,1.6256411702708706,0.2258297318422471,-0.0254519565162229,-0.0985099298503643,0.3841556901826812,1.4689075814682444,0.5609946765364581,1.2522359364513345,1.4626260314164798,0.6285778832924069,2.254205209887213
core_secure_pairs,0.4666666666666667,0.7666666666666666,32,0.3866049169159875,0.4150571772570438,0.8037006023586001,0.5009699969258696,1.6669225588958478,0.2355142859441398,-0.010062521481659,-0.060636130754267,0.3925114139621494,1.3268970023207105,0.5482288386142813,1.2750625740286057,1.4953710859475844,0.6051343317141059,2.3037294398761192
core_secure_pairs,0.4666666666666667,0.8,32,0.4201789233270263,0.5048013469091959,0.7983168298942389,0.4593443740282902,1.7162665544922209,0.2624094723529014,0.1622285761715696,-0.011256319442795,0.3772533040781436,1.3704306074934711,0.6149724227220903,1.3315324356032316,1.279074156924779,0.6038643974030782,2.1614481026329444
core_secure_pairs,0.4666666666666667,0.8333333333333334,32,0.4317544056627165,0.5326000923788866,0.8589165675041747,0.4960338041834503,1.7515848502499505,0.2515660049587276,0.1574739591948996,-0.0114947420531638,0.3612463514784316,1.4931056436609886,0.6928062510005711,1.2874456666106595,1.3489969608696577,0.6056095283069299,2.4530995473667523
core_secure_pairs,0.4666666666666667,0.8666666666666667,32,0.4551728590227216,0.6761236854352743,0.8688861148605963,0.5266653647708243,1.7682418806034292,0.2561256491055757,-0.009674588661384,-0.0760175102262038,0.3659388007440501,1.4271663191747157,0.7345173850522537,1.3425106159151237,1.3189419420290105,0.6435970907276902,2.383128119069946
core_secure_pairs,0.4666666666666667,0.9,32,0.47312899889963,0.5680767125581778,0.9036237625483154,0.5003800209769513,1.8556287821352468,0.2323123976846355,0.1775166778609552,-0.0457045977202819,0.3636816265623254,1.432721196263442,0.7844430124328167,1.517669124346761,1.46354797388755,0.6145922975853574,2.3222381011684905
core_secure_pairs,0.4666666666666667,0.9333333333333332,32,0.4839844570087567,0.6810620395358782,0.915715127729015,0.48382953847241,1.9752097571465228,0.2390288420017664,0.1987906438622914,0.0706732670247874,0.3509678302091599,1.4350191722964214,0.8479632772173231,1.471616790772199,1.4677332485154362,0.5856649929920348,2.470694322453399
core_secure_pairs,0.4666666666666667,0.9666666666666668,32,0.4964868840004131,0.6542548941465665,0.8299905090179591,0.4783861487701067,1.948930873985557,0.2259193636584163,0.1275570764603485,0.111148023165478,0.3537026278868882,1.5294188409209322,0.8380657437025925,1.5149266017647751,1.269662710369687,0.6206621944651189,2.3685060593577423
core_secure_pairs,0.4666666666666667,1.0,32,0.535266904459424,0.5708138764529405,0.850633864761127,0.5265017235613756,1.990477135896488,0.2253887996726394,0.309099854669372,0.1709790857996252,0.3634049797384862,1.578432946182848,0.7997099253246192,1.5239190054651313,1.3455914491606529,0.5979799878547534,2.435910915192186
core_secure_pairs,0.5,0.0,32,0.065109408246106,0.0291322266937185,-1.3997256598485783,0.5787309785572448,1.872283248694074,-0.0977845711109012,-0.3586684230488011,-2.0635742822678007,0.4536507070648514,1.273368202253944,0.3733757416015951,1.0624041052361224,-0.405486990812449,0.68944148870228,3.3227707985718364
core_secure_pairs,0.5,0.0333333333333333,32,0.0411650107077184,0.0579556999758599,-0.9790026204727906,0.5650170828094352,1.530176357531322,-0.0926034493504864,-0.2158474483890502,-1.9142039208965893,0.4486607958763363,1.205697313997417,0.3474898940524689,0.7997056601481954,-0.1469493705094499,0.6420063395269551,2.739745206937437
core_secure_pairs,0.5,0.0666666666666666,32,0.0520134366741526,0.3232567037705285,-0.8080306391530614,0.5353238916788547,1.40625948834641,-0.0857289457138067,-0.1563296783854251,-1.4887586466679752,0.3905205996242791,1.0133427201330794,0.2874163839802371,1.0808002572864046,-0.3055696529569989,0.629017928855975,2.0530975144675616
core_secure_pairs,0.5,0.1,32,0.0316275971437515,0.2207217152963437,-0.493139976337704,0.4779823955308502,1.2521371945395428,-0.0881477049446532,-0.1451467795544451,-1.0482663786445403,0.3519936291856254,0.9420344455861328,0.2424549070340271,0.7637012174774475,0.049894852947135,0.6047206797315211,2.210785287047446
core_secure_pairs,0.5,0.1333333333333333,32,0.0544610600957799,0.3364425699392809,-0.3155721588554379,0.4693058166137744,1.2948679916314711,-0.1005627871782687,-0.1421200125869199,-0.8060261346087614,0.3393610891265778,0.8002212105614039,0.2014443863133528,1.366444405677944,0.0561304192433326,0.5273116655198256,2.133882565528612
core_secure_pairs,0.5,0.1666666666666666,32,0.0481280107315899,0.2580440959108592,-0.1704071239052917,0.4181175196048274,1.0676692073520628,-0.0965843811890445,-0.1405461599000966,-0.4857645080721523,0.3572525672957027,0.7472272385764569,0.1767797935561932,0.8117509296340419,0.293614446776322,0.4898624385429673,1.664531446886134
core_secure_pairs,0.5,0.2,32,0.0552656579512441,0.2026546594594148,-0.0421470593291917,0.4313299988078425,1.1400982218684277,-0.1045352817095763,-0.1746126919658243,-0.523626055422875,0.341202900703941,0.8688212578234347,0.1982290810833412,0.7730715772333542,0.5056488426196708,0.4990817360229531,1.636294169779417
core_secure_pairs,0.5,0.2333333333333333,32,0.0430233061994913,0.2013933231275589,0.0988156512555893,0.4553722177930718,1.188976105383907,-0.106895273722369,-0.1247714491241546,-0.3872158089952754,0.3005762474034397,0.8489728700462813,0.223373464917785,0.7123942802381596,0.614835354176725,0.5068399709092652,1.642170085601975
core_secure_pairs,0.5,0.2666666666666666,32,0.0973308181011228,0.1576892599507007,0.2055351155338636,0.4394512830038642,1.1736809337128296,-0.0886111248920429,-0.1910061417079383,-0.1111053626123702,0.2972652068196977,0.9364750913183284,0.2184518693501712,0.6589105342899807,0.7439252038792687,0.5086548597610203,1.5469383955805518
core_secure_pairs,0.5,0.3,32,0.0930968378811566,0.2493031483230277,0.1825208893126365,0.4308866770249245,1.226677394148105,-0.0911465347778545,-0.1418147681552665,-0.1355177040700835,0.2964252375450921,0.9518347037096376,0.2313915071647528,1.152325368689978,0.6758865706003949,0.5368049814938641,1.4966031309772154
core_secure_pairs,0.5,0.3333333333333333,32,0.1106556139113047,0.2043712780561088,0.3249610492007391,0.4629671373828727,1.2637755696265296,-0.0888700209174684,-0.2099187020833155,-0.0253737626711107,0.3734290114264109,1.061344607212321,0.2356864935442039,0.9576239536721572,0.846726813752566,0.5389520044115463,1.6189506307968144
core_secure_pairs,0.5,0.3666666666666666,32,0.11333877278478,0.2642610950117595,0.4157750059461995,0.477025433277473,1.2348059794973327,-0.0544786653008694,-0.1579547639340893,-0.0436194464880791,0.3728770551052676,1.074578415118656,0.255639839314995,0.9601667442938518,0.8536497919102459,0.5640247430255343,1.500230583257432
core_secure_pairs,0.5,0.4,32,0.1290045538653467,0.2601035085711848,0.4420822236327834,0.466887947667905,1.2934103138426305,-0.006231244657107,-0.1183547989931493,-0.0085970695258914,0.3075923136266379,1.1074834276795258,0.283509611577131,0.938841702809662,0.9301884577529508,0.5809389516965499,1.606756707716173
core_secure_pairs,0.5,0.4333333333333333,32,0.1704098742458137,0.2568981568298399,0.4804479043274851,0.4919406582924125,1.3253004530585977,0.0450855833441908,-0.1634860061391162,0.1289616596033554,0.2783203720953169,1.2066998737291688,0.3145620031305828,1.1175786162792305,0.9889096420777024,0.5877999729856038,1.6709312425110103
core_secure_pairs,0.5,0.4666666666666667,32,0.1960078514364516,0.4234826412757568,0.4931391739486522,0.4927308109052003,1.4060460610624752,0.0912764185474414,-0.1416347370913223,-0.0229209421501183,0.2883081864958344,1.215921894258661,0.32722989819843,1.3062575697117336,1.0466095048908368,0.5969715496019324,1.8250608935920312
core_secure_pairs,0.5,0.5,32,0.213898242007656,0.4285473871492201,0.5464887368755573,0.5101812582485306,1.4003655494711924,0.1094943735161646,-0.1253611017821277,-0.3760622762694459,0.3457696042196557,1.1952061037725483,0.3461715768602562,1.1926014430159957,1.0859553846860757,0.6067570582752693,1.817881827377932
core_secure_pairs,0.5,0.5333333333333333,32,0.2352100605206607,0.4243704170886217,0.5478975963417155,0.4806301987709545,1.4773793646550284,0.1214004456892731,-0.1380414390196108,-0.3032543959613734,0.3000170901322813,1.262415860354337,0.3410466909269547,1.2991423165092504,1.142701205200854,0.6111016987255343,1.819676811289616
core_secure_pairs,0.5,0.5666666666666667,32,0.2834320956539378,0.4159886855647315,0.5693888105840079,0.4643976192139255,1.4828111389741478,0.1658427524524445,-0.1422871180807979,-0.26393346561333,0.3219959577052946,1.2938374128236558,0.3820821694994326,1.2149421322101923,1.1199708844069962,0.6103069256029038,1.8861588610551348
core_secure_pairs,0.5,0.6,32,0.3145567003358862,0.3562375989015768,0.6320831121469903,0.4519543064274412,1.4827315007205943,0.1946277463973636,-0.1543127801964971,-0.0353335687923676,0.2983841392624472,1.3124242617376138,0.4185151193733622,1.2129899900681202,1.1337698390340711,0.6201223781622132,1.8375804731716952
core_secure_pairs,0.5,0.6333333333333333,32,0.337663673287753,0.381269680677656,0.7176948703690975,0.5065834891319755,1.590030630317183,0.2094489795483298,-0.1100945745488248,-0.0968151511474399,0.3540513292570869,1.324764356130927,0.4560050155267676,1.280262731583547,1.1797545292952605,0.627476180569713,1.9623553723216391
core_secure_pairs,0.5,0.6666666666666666,32,0.3780984806601791,0.5022375877664715,0.6757205446159456,0.5190279161000102,1.574537730314208,0.2320718620415883,-0.0343672530084606,-0.1900905027963545,0.3523826931953712,1.3725479313492104,0.4952365109358435,1.269050195449275,1.218083517094806,0.6345960310449819,2.0286836581803267
core_secure_pairs,0.5,0.7,32,0.4002025906323283,0.4014132138846412,0.7275916783311849,0.5071910675827467,1.6003777000177213,0.2530945584919076,0.0164764685449873,-0.0077488942223652,0.3694727107917906,1.383001001283601,0.5194857223397292,1.3354119312272148,1.3692362018460116,0.6315216817033902,2.2427542844600463
core_secure_pairs,0.5,0.7333333333333333,32,0.4056579997854925,0.5425615832137609,0.7629091318117909,0.4963479413774087,1.6175781835213734,0.2751517016910383,-0.0054738874517432,0.0395918273998058,0.3880315225747058,1.3989287535065356,0.5185426950025788,1.2807410329284834,1.3353483530539398,0.6171596979222899,2.1571094502460166
core_secure_pairs,0.5,0.7666666666666666,32,0.4392338667809972,0.5848053815332862,0.8370991980341775,0.4976357135647692,1.7288582388982905,0.2659195521164298,0.0161724372780131,-0.0561403635570473,0.3796563190978346,1.46588201891587,0.5598528693095426,1.305404071086261,1.4307185420152726,0.6389335248793508,2.21682406200026
core_secure_pairs,0.5,0.8,32,0.4461542601671615,0.5754352213113909,0.8296132123989619,0.4795526071843354,1.6446723988837868,0.283767109336781,0.1653466227201146,-0.0459053869552285,0.3704371470020748,1.4180659691876134,0.5513358722702657,1.3318678979244287,1.2662631230447905,0.6126788538604261,1.9801986441439572
core_secure_pairs,0.5,0.8333333333333334,32,0.4581282604402487,0.5421983370010452,0.8587156057132433,0.4823904962363106,1.68691355629469,0.2948602970771569,0.1699376333584651,0.0475031648979547,0.3749912770531315,1.3699069302160427,0.6227251061381589,1.341656664138594,1.2198661046171837,0.6114388902032097,2.155415157422535
core_secure_pairs,0.5,0.8666666666666667,32,0.4891717499446767,0.6169793766252046,0.8962037377979866,0.5173083566695407,1.838346231915235,0.3083122837139909,0.2255500280012148,-0.0014701421930255,0.3870569925927151,1.4984244016486183,0.6870971167000686,1.395909248149715,1.5636751168215015,0.6221843676791002,2.275950138212213
core_secure_pairs,0.5,0.9,32,0.5301739859037139,0.6306992852714423,0.8960668107395149,0.4884268562123084,1.8981504026503568,0.2773846388082618,0.2491000855803714,-0.0794596276304814,0.361063689239703,1.5338198972963302,0.7508686127017613,1.432939620375986,1.4604128261023257,0.6093765461322787,2.2436917242341843
core_secure_pairs,0.5,0.9333333333333332,32,0.5215165612501819,0.6518432218089676,0.8460721210775497,0.4880172494990928,1.8641763512363467,0.2616517833597137,0.2220893580856727,-0.1364091978479532,0.3725447018639814,1.5446871099203694,0.8335635229129854,1.4468797830058808,1.1777477333026576,0.6023973451631899,2.35516738073116
core_secure_pairs,0.5,0.9666666666666668,32,0.5688401400225396,0.6506867788436802,0.8033154420031989,0.4677877252572459,1.7922928738109627,0.2736339506694616,0.2281919701766258,-0.082081322793928,0.3569357887631121,1.4073031946589216,0.8349198746007829,1.5104400421607829,1.1878942460232986,0.5915446133608411,2.3950676655761964
core_secure_pairs,0.5,1.0,32,0.5878176690385166,0.7116104761623625,0.7224717915679919,0.4555198344376995,2.024261007370364,0.2654019001338716,0.2750479534359818,0.0185160686470377,0.3361783976382386,1.4315000137963882,0.7510173185165766,1.4055914320780882,1.2402302909826552,0.6096087529548434,2.41251904909012
core_secure_pairs,0.5333333333333333,0.0,32,0.0648140550983808,0.072201441603387,-1.1656812447823204,0.6444746083888078,1.7211897001215273,-0.0930237928515947,-0.315380578875975,-2.2667667777788574,0.4669606303494244,1.39542096667901,0.2924194669169601,1.0686917357356318,-0.3357057901222418,0.7378506127376963,2.520835716930082
core_secure_pairs,0.5333333333333333,0.0333333333333333,32,0.0314747494871735,0.0626312013960873,-1.2292695243778224,0.6005557412350251,1.5072104254781866,-0.1219485699804472,-0.2673179239273087,-2.2973468094481566,0.5047202894592584,1.2829738446553594,0.2475580991848031,0.8415353610729606,-0.1276535110798051,0.6720827436162473,2.8145118031428886
core_secure_pairs,0.5333333333333333,0.0666666666666666,32,0.0476493352020401,0.1893726252394627,-0.7820259831577415,0.5466042703125327,1.2860677073661688,-0.1299557700033071,-0.106640895358116,-1.5743344741560557,0.4422220779003202,0.950920336174464,0.3162650703660911,0.8705649676181068,-0.0443455122597081,0.625082563495077,2.1577418054298683
core_secure_pairs,0.5333333333333333,0.1,32,0.0469945859389222,0.1908104895855659,-0.5052215768075614,0.4994850985602285,1.2196806971705625,-0.1102503347292214,-0.1469862428403689,-1.3182396717171838,0.3738666368071356,0.7062117818671021,0.2325085162388113,0.8343748307535273,0.0097654264775973,0.598001353761051,2.2925890269273443
core_secure_pairs,0.5333333333333333,0.1333333333333333,32,0.094020083273522,0.4503534244999195,-0.3428608334972707,0.4755236842694138,1.3199172299258806,-0.1068472904832034,-0.0893445004080161,-0.8527977881026654,0.309105753176604,0.6775296128124152,0.2564160447982319,1.4072059727690904,0.1082752066970033,0.5427981218813845,2.0677695081144365
core_secure_pairs,0.5333333333333333,0.1666666666666666,32,0.0646903384367208,0.4873311883918026,-0.1903910149151723,0.4355816532276828,1.1285516454383633,-0.0979442204926668,-0.1009915432347001,-0.7633307696916831,0.321909049256036,0.6817174206630761,0.2138045052469659,1.282146164917488,0.3073577288193263,0.5011296066716467,1.9418598228445028
core_secure_pairs,0.5333333333333333,0.2,32,0.0561833861208198,0.2534021391611717,-0.0446924579719783,0.4368954299241736,1.1601722482989567,-0.0940746026193132,-0.1237627734700225,-0.4930015206239086,0.3169333974766304,0.7098457047094542,0.1927132510768518,0.969878272352584,0.4820581593929127,0.5531026543330825,1.8273187907535784
core_secure_pairs,0.5333333333333333,0.2333333333333333,32,0.0635388002193664,0.1876654343885326,0.0828222495677263,0.4428970487567749,1.1936403960853854,-0.0928170946505265,-0.134937065579625,-0.2546682594572685,0.305195618550504,0.8461984009850139,0.2269671059722556,0.7247830888375768,0.7191330580695114,0.5344920077789929,1.6073832045611438
core_secure_pairs,0.5333333333333333,0.2666666666666666,32,0.0853075644397794,0.1278069479712562,0.047527652209512,0.4400883121530339,1.197573331501339,-0.0863958010677965,-0.2266997211073456,-0.3104868268737247,0.321847222792141,0.8087590861248115,0.2442873372621468,0.6073867023890658,0.5582320217258565,0.5657728821693613,1.5395506873681095
core_secure_pairs,0.5333333333333333,0.3,32,0.1350820044691948,0.1229874834716528,0.1221358648111135,0.4404460127379056,1.1840882129845296,-0.0649763166186686,-0.1986682662776807,-0.1334155488495365,0.2886387633329615,0.8936399115174789,0.2341488344323487,0.8134110190506207,0.7585994741197003,0.5274714808182495,1.60478951518763
core_secure_pairs,0.5333333333333333,0.3333333333333333,32,0.1457216109988447,0.2925595895052698,0.3231599534667534,0.4964119064407688,1.1962949482860257,-0.0658364220379461,-0.1287800852859558,-0.037132697860339,0.412661540722902,0.9883588316326278,0.2486085744412116,1.1647355486713875,0.8193992532832065,0.5605005736946744,1.516793523671054
core_secure_pairs,0.5333333333333333,0.3666666666666666,32,0.1640971518000639,0.1875380004121929,0.453630035565069,0.4873612305291391,1.2381907360607645,-0.0528307334172922,-0.1438003923564799,0.0682453403644894,0.3091476229944997,1.0655663475764596,0.255976473936276,1.156236686263091,0.8627382434821678,0.5668918344884049,1.7327606045937929
core_secure_pairs,0.5333333333333333,0.4,32,0.1545553989179086,0.2945402833152625,0.4098192470376773,0.4931820629197204,1.265900693416948,-0.0044373711265392,-0.1647642422146724,0.0049238117689673,0.3054426512751537,1.0985527140010931,0.2908477467750694,0.8311880084977438,0.963554477373203,0.5731943546675471,1.4886566432259465
core_secure_pairs,0.5333333333333333,0.4333333333333333,32,0.1713755697462857,0.377002695317246,0.4566069724178425,0.4879107234283656,1.349144004186838,0.047740578504412,-0.1150111556265007,0.0439840117997734,0.2554456556202815,1.1749310993369375,0.3257327395022834,1.1431273637292425,1.017126577356546,0.5998600206545417,1.5170602004939149
core_secure_pairs,0.5333333333333333,0.4666666666666667,32,0.210028714497344,0.3096734262486998,0.4468873456404978,0.5150700338478713,1.361101177265181,0.0971211436330447,-0.1165838914443025,-0.0160126285690633,0.309959872027056,1.19544027926811,0.3935180159338874,1.1711822772761635,0.9896932376372204,0.618038318207139,1.6858667896628003
core_secure_pairs,0.5333333333333333,0.5,32,0.2342873602940802,0.5514239264184078,0.5246771042856493,0.4999048077568628,1.3855526785032262,0.1054030911385633,-0.0308321043250298,-0.2961133081423018,0.2976785086146003,1.2294550895243588,0.3962808892785499,1.190224218845855,1.036070964345157,0.6259246309290909,1.8388440885848747
core_secure_pairs,0.5333333333333333,0.5333333333333333,32,0.2498988966794705,0.5473797321515619,0.5178377468376016,0.4643479227728257,1.4422565231293265,0.1713968315738979,0.0284200032742478,-0.1398015394906944,0.2881367577079847,1.232105948091494,0.3667089089879187,1.2346442692790278,1.1122718796401116,0.6192632117811533,1.897802802531989
core_secure_pairs,0.5333333333333333,0.5666666666666667,32,0.2837686801610092,0.5769529498250814,0.58243090534284,0.4890713338123018,1.4489302471670524,0.1784157689806222,0.0196392738153193,-0.2716803836452565,0.3903989867198648,1.255447281437129,0.3716256198646444,1.235321188365574,1.1927153205046666,0.6042761715046968,1.822976827652526
core_secure_pairs,0.5333333333333333,0.6,32,0.3333306020951778,0.5589338366362283,0.6315969676515719,0.5353080455567297,1.4969714016255204,0.2312040240174357,-0.0159188820432482,-0.2040605624971459,0.3072126948913406,1.3008709992915053,0.4047538022334496,1.3467403528135904,1.2480111515569043,0.6253212090169482,1.85901124613922
core_secure_pairs,0.5333333333333333,0.6333333333333333,32,0.352128831195091,0.5345847596408781,0.6919526150439097,0.5312081086769549,1.522306187081273,0.253107833552096,-0.0148330655125621,-0.1543742081804666,0.3337676483285448,1.3071582880143624,0.4578498007896486,1.2187303662863609,1.248077665605063,0.6296751176862081,1.8952185414330245
core_secure_pairs,0.5333333333333333,0.6666666666666666,32,0.3849237325779745,0.6045521626269825,0.7790983947438918,0.4775239303932651,1.5446558197207687,0.2777000655857986,-0.00020857117781,0.0907833348156921,0.3610314988626435,1.3609455261301984,0.498043162912883,1.2848776193618705,1.2358277292551356,0.6384687354534324,1.858009152375896
core_secure_pairs,0.5333333333333333,0.7,32,0.4276572156718351,0.5923443719056869,0.7472451909539477,0.547723528970198,1.576033576613185,0.2939391368922296,0.0992423631955319,-0.2514392431200789,0.3535762341629357,1.4192196008185214,0.5408961902549492,1.3193205882096437,1.2872195868618268,0.61478081782084,1.9036604114143283
core_secure_pairs,0.5333333333333333,0.7333333333333333,32,0.437449775190611,0.576626365486168,0.8123476813116788,0.5364337251694453,1.6703941371941575,0.3114043382292711,0.1703376683157339,0.0529202842892285,0.3519987573163647,1.3307969954098149,0.5537630120428584,1.2945439182415563,1.3437573937644829,0.6328164558786078,2.095354347200016
core_secure_pairs,0.5333333333333333,0.7666666666666666,32,0.4532874256670344,0.5809045300431084,0.8415304458163273,0.5186348690888172,1.6747910962598789,0.3315094900376537,0.145616196626876,-0.0139878246047788,0.3874331939010477,1.4297186560415764,0.5665683551555936,1.3268261235866727,1.3949328800559302,0.6366797448452335,2.1732181221052658
core_secure_pairs,0.5333333333333333,0.8,32,0.4506233154270476,0.6216104399184166,0.8640911029082502,0.4991325671253714,1.7509929591321771,0.3348702105226814,0.1595137875100981,0.0400200066337987,0.4036351960343468,1.4259372551251128,0.6084337844498812,1.3137649451525557,1.4512676027273936,0.5972145577773664,2.3276958624135413
core_secure_pairs,0.5333333333333333,0.8333333333333334,32,0.5099058812689776,0.6358366349503753,0.8898521403305106,0.4982646934878556,1.7680834679364006,0.3197441419741144,0.2417422504228353,-0.075107405261838,0.3904442631756418,1.4050826426463845,0.6014244597170155,1.3347248738714836,1.3830916686168548,0.6326667370020922,2.0691494651551547
core_secure_pairs,0.5333333333333333,0.8666666666666667,32,0.515148651955571,0.5948001101291401,0.8974372051778609,0.4930734663835369,1.8080317074436545,0.3550743366497512,0.229112208559694,-0.0604920703416575,0.3825545761317295,1.4428572301458007,0.657627909781253,1.356862210801575,1.4428495728698418,0.5966623618059509,2.270699070584868
core_secure_pairs,0.5333333333333333,0.9,32,0.5343954315515411,0.4911309723199062,0.9280983723063988,0.4762264192094311,1.874637878519932,0.3467520313169495,0.1588668557207344,-0.1034454438396854,0.3707787237993716,1.448193205604826,0.6978042270389869,1.4236470238001804,1.4900499619666965,0.603164828132644,2.676033777992284
core_secure_pairs,0.5333333333333333,0.9333333333333332,32,0.5513582684109,0.598453444639542,0.8064176818679187,0.4799091710480805,1.910501970922271,0.3126870716866674,0.2603900086075689,0.0116999262388485,0.3658786111318006,1.425514536526218,0.7708529472851511,1.4615168627068391,1.3074130124931993,0.6212655971107759,2.2294659041504787
core_secure_pairs,0.5333333333333333,0.9666666666666668,32,0.5610948951032919,0.6622725000228562,0.8074095038881637,0.4518752891319756,1.935200229410858,0.3110116062721299,0.1844729403465076,0.0506801592733218,0.3691675164183058,1.4706251357347069,0.8330732200506117,1.5095198206948028,1.4294597683763186,0.6125802466499284,2.172624356854178
core_secure_pairs,0.5333333333333333,1.0,32,0.5986935300542193,0.8354244283366643,0.7524533140700136,0.444685841650809,1.9623312176758885,0.300935851124755,0.4213135609219064,0.1290625646390997,0.3153822900259648,1.4970088140420232,0.8631640097756366,1.5117185892734235,1.3214763420265827,0.6537219514268038,2.350219483885779
core_secure_pairs,0.5666666666666667,0.0,32,0.0561721562223946,0.1832758817572209,-1.190516823739716,0.5990541767347818,1.59821800434605,-0.1104658349693949,-0.1268640824325196,-2.4717651821239865,0.5059977851707252,1.3288309891904313,0.2459422875676585,1.189369001509774,-0.244423015688269,0.7146173326155997,2.8099666487561463
core_secure_pairs,0.5666666666666667,0.0333333333333333,32,0.0575916025822318,0.0884317381262227,-0.96543110339211,0.5743609400762199,1.393402591653088,-0.1204272352245833,-0.1257947958468571,-1.7913020594675495,0.4636212085557145,1.1653647043915376,0.2546423639238261,0.8641487112640978,-0.2398022959489716,0.6708895858254117,2.4498826335024253
core_secure_pairs,0.5666666666666667,0.0666666666666666,32,0.0666755679586036,0.2823677151495617,-0.7022271842419352,0.5573877313474987,1.332756556929236,-0.1263575660504999,-0.1314120373357538,-1.7898802138148353,0.4141673451625212,0.8519930940890736,0.2266431977504031,0.8960248971902882,-0.1389878006653467,0.6377028116868773,2.281672608468245
core_secure_pairs,0.5666666666666667,0.1,32,0.0669749563510615,0.1936161552871769,-0.4722406667404156,0.5274439440019512,1.26070384051304,-0.1263981926956624,-0.1425531821713921,-1.2822653504627486,0.4004133018312399,0.6793237599182489,0.2513075280288747,0.8083097485244543,-0.0567374381999165,0.6327790519681469,2.304559344227759
core_secure_pairs,0.5666666666666667,0.1333333333333333,32,0.1179409675414487,0.3936023006505443,-0.2136791857588924,0.4849193175762806,1.2802650596870424,-0.1176472625105916,-0.0633153089099014,-0.8242127057381159,0.3458141213488661,0.6660568017777305,0.2911346200673684,1.0690086264618233,0.1000055158975167,0.5584690201550742,1.8071279068636144
core_secure_pairs,0.5666666666666667,0.1666666666666666,32,0.0676317680869114,0.3809010062657986,-0.2438897070927502,0.4487383065059879,1.284996968318088,-0.1041916431665032,-0.0683656514259764,-0.7040006041640434,0.3565415537903558,0.6696556661355864,0.2850343669435906,1.0850297942435254,0.3047413126400467,0.5288926032961168,1.7559951078265077
core_secure_pairs,0.5666666666666667,0.2,32,0.069325979554204,0.4500434773044884,-0.1447475461264309,0.4475520253416218,1.1977882350434204,-0.0893421290608012,-0.0113347122437212,-0.5935599240722652,0.3277532896217746,0.683304290913622,0.222670672345892,1.0760885847076471,0.4865633843343957,0.5539138320609623,1.7070925765409335
core_secure_pairs,0.5666666666666667,0.2333333333333333,32,0.0676245161725595,0.1929479025897427,-0.1473888631893808,0.447274435336109,1.1337683676893255,-0.0771880258565098,-0.1160102341497211,-0.4885618588553022,0.2925320716908181,0.7329617910511464,0.2226018825509374,1.1604377099443912,0.6178457345574507,0.575781958794263,1.6626689267006582
core_secure_pairs,0.5666666666666667,0.2666666666666666,32,0.0747471463748236,0.2496172879592322,0.2142523491886467,0.4679148967882947,1.2192950898063415,-0.0887369648493002,-0.0997804930678985,-0.032280485748753,0.2673451531645587,0.8344734469411872,0.2421090724939985,1.1649987130463308,0.7755231674098968,0.6137115038110719,1.6768534347066368
core_secure_pairs,0.5666666666666667,0.3,32,0.0918406371293161,0.2414487555283334,0.1575459740073554,0.4889112004656887,1.1384033260936224,-0.0610704822137579,-0.1164231348329515,-0.1479229292731932,0.308322663791826,0.8929054740288669,0.2585497408995297,0.7928678762883805,0.7352565303133914,0.5610263314707041,1.5126143827364715
core_secure_pairs,0.5666666666666667,0.3333333333333333,32,0.1698981621941065,0.2621302145875605,0.2788393607679128,0.460558673603759,1.1638590205695238,-0.031563227441403,-0.1057563903978728,-0.0529878073807237,0.3644593700426292,0.9737457904771902,0.2577839190555351,1.112043709150563,0.8775974608940685,0.5690830279042765,1.5865469061026962
core_secure_pairs,0.5666666666666667,0.3666666666666666,32,0.1840290649802037,0.2648516044748296,0.3541193084984934,0.46183006284827,1.196894222901982,-0.0230216180670301,-0.1036560885151492,0.0276694447165101,0.3433616771485576,1.0526767720712698,0.2815187783075656,1.1213100000899083,0.8839696947928426,0.5844005049364185,1.6857965662176684
core_secure_pairs,0.5666666666666667,0.4,32,0.202127621638243,0.2543555627851427,0.4130813321403248,0.4965711509938825,1.2413552752294954,0.0062159888267429,-0.1083575940657869,0.057936292512739,0.3042378154095077,1.103196970297806,0.2989392269589267,1.133420868644047,0.948943176663404,0.5889891761790514,1.6573945418426126
core_secure_pairs,0.5666666666666667,0.4333333333333333,32,0.2166495083134591,0.2744661053842936,0.4519092503005385,0.4611261122790985,1.2674358544956368,0.0388971147897937,-0.1331178609294584,0.0634867665486614,0.2885589177435723,1.1326231752570632,0.3343138077164324,1.0304221641894218,0.9911578594900082,0.5730657452637661,1.7171413158145783
core_secure_pairs,0.5666666666666667,0.4666666666666667,32,0.256061493419415,0.2846230622343469,0.426643314045711,0.4638943846951179,1.2902568066869828,0.0741334566526398,-0.1004224411605465,-0.1897053832141101,0.2881683652509579,1.1676680569001974,0.3362587081113133,0.9622760392753812,0.994004852376508,0.659302884344145,1.707849152267979
core_secure_pairs,0.5666666666666667,0.5,32,0.2783120142444025,0.4271393017943415,0.5124099424102011,0.5161594860909866,1.3104847357036191,0.1201227787004891,0.0030547083544644,0.0826901518172532,0.2909893397654601,1.1952718564867526,0.3718491873571142,1.0441902059454349,1.0311893482310146,0.6645259543986918,1.6883991384180597
core_secure_pairs,0.5666666666666667,0.5333333333333333,32,0.283585719068443,0.4406463593717214,0.5559185980413325,0.5215766530804664,1.367003421580892,0.1519212398971606,0.0387679034674539,-0.3129826428400822,0.3676406518739987,1.2231366640645904,0.4274210354337745,1.098345886910647,1.0779770293501572,0.6392865140369768,1.695774072972947
core_secure_pairs,0.5666666666666667,0.5666666666666667,32,0.2988213749178238,0.479517820357943,0.6038262231177536,0.520734648583465,1.3711566503001755,0.175301268464301,0.0184097967319584,-0.2032806149902621,0.2951888267726526,1.2483495492964445,0.4267749301332602,1.1149066859021024,1.1314740063375348,0.6432867821102075,1.872843119244124
core_secure_pairs,0.5666666666666667,0.6,32,0.3420556927720273,0.5635506433286233,0.6742927832939292,0.4906154893788264,1.481248319512873,0.2424640482806334,0.1189037676688004,-0.1052905642227752,0.2668996381182275,1.2767115251433951,0.4067334655008678,1.1742166159922582,1.2297516499985612,0.6149916274043835,1.7869366299397618
core_secure_pairs,0.5666666666666667,0.6333333333333333,32,0.3840298854765088,0.4377731679388954,0.7157016396830784,0.4828055886764592,1.535835666831014,0.2873291768382046,0.115421211150501,-0.2743791610533275,0.3255204255428316,1.2823329134733952,0.4994063295160749,1.1994788992972654,1.2863224010488312,0.6441467166757567,1.8057942572643773
core_secure_pairs,0.5666666666666667,0.6666666666666666,32,0.4062123722803198,0.5767147066731779,0.7385584057679315,0.5388108667584757,1.586621214205863,0.3242638644239419,0.096610623622815,-0.090537368097492,0.3578808936946167,1.3115264282570538,0.5066616900043344,1.170752660773577,1.3739535241728127,0.6662459323834352,1.9640997970995333
core_secure_pairs,0.5666666666666667,0.7,32,0.4400830855693567,0.5792598306169732,0.7352976739583783,0.5399587002641169,1.6420820812802883,0.346924038784211,0.0665208483595322,-0.106793439005251,0.3405564361400172,1.3154289073938532,0.5491651805417114,1.2079188649282877,1.43104408442518,0.6366463019110564,2.042943365298499
core_secure_pairs,0.5666666666666667,0.7333333333333333,32,0.4576350285884168,0.6088374640271926,0.7915462989566178,0.4887603029659824,1.7155690939115025,0.3456136219901221,0.1390823965376671,-0.1261912401580783,0.3228573749066885,1.317649996588538,0.5673902567908701,1.518434236320635,1.3479443396264603,0.6269989654957202,2.084410880643009
core_secure_pairs,0.5666666666666667,0.7666666666666666,32,0.484877343897646,0.6501432065692232,0.8434032988496221,0.5468668841310025,1.6187443231782828,0.3352261202214872,0.1681218370363336,-0.0564979309633005,0.3510774068591609,1.420405912074691,0.5866768119607191,1.2325625967436094,1.4061950292532155,0.6576431958391058,1.998988054328267
core_secure_pairs,0.5666666666666667,0.8,32,0.5038012771676563,0.6165636419626994,0.8491762496027881,0.5131046598566463,1.6781568648555842,0.3694519032312434,0.1882794685290708,0.0091881783639003,0.3573129444634659,1.3691626534177326,0.6260850668618664,1.3190365672385878,1.4605316711942304,0.5991330174309866,2.20304625376212
core_secure_pairs,0.5666666666666667,0.8333333333333334,32,0.5171509531790517,0.6642458344452133,0.8715633274629615,0.5492698886326756,1.6386749470007285,0.4046447247934964,0.2179100715922559,0.0066699644712143,0.3551774566361629,1.3366216984656123,0.6410539025994866,1.4830259857470904,1.3802701356171805,0.6612881757882998,1.9449612393129851
core_secure_pairs,0.5666666666666667,0.8666666666666667,32,0.5359549892569024,0.7596694696444124,0.8714562488818262,0.4827626490510864,1.761271861224889,0.3831552141324697,0.2218732417734903,0.1165851876289693,0.2819616271320908,1.4112242259669434,0.6637545322109347,1.4072405251625724,1.353657572330587,0.6009287365590138,2.0447927292879244
core_secure_pairs,0.5666666666666667,0.9,32,0.5582669385827412,0.6700531918788483,0.8845546629407669,0.4861003131716844,1.7815038315821392,0.3985051670296639,0.1552630489312726,-0.0156515141456839,0.378880526747972,1.4879887272615004,0.6932702751445108,1.4115416812992532,1.2953096562922686,0.5869771929669984,2.0786545342590848
core_secure_pairs,0.5666666666666667,0.9333333333333332,32,0.6013589504823708,0.7366316432678546,0.8043257540621472,0.4896768071048575,1.953692084220941,0.3595273680004606,0.2453878592983733,-0.2204280848583157,0.3928522649151298,1.499885655775918,0.7402845312873977,1.4386718223898676,1.3310059002530652,0.5942994571290956,2.241828844764028
core_secure_pairs,0.5666666666666667,0.9666666666666668,32,0.6215819619196135,0.7838558975218766,0.8008229475122918,0.4811847105319876,1.9303860030978184,0.3500064232476124,0.1432437231373121,-0.0210417039448874,0.3767377769167338,1.5563559376670473,0.8026970915508984,1.4736726843102652,1.4514688647838092,0.5856501882495091,2.269671902175305
core_secure_pairs,0.5666666666666667,1.0,32,0.6461169878926101,0.8659533425363075,0.7958640465125528,0.486589465654267,2.0594488521425225,0.3374723221190415,0.1313444692116235,0.1041695315245803,0.3372219577368576,1.5531566082173875,0.8611669847990139,1.47087228941753,1.5919917047615937,0.6751595574663455,2.289597635165454
core_secure_pairs,0.6,0.0,32,0.0822289845471625,0.1501393308938776,-1.1419995434570058,0.6153357779443906,1.6987004327703668,-0.0889869847542253,-0.1010138901061376,-2.1814074026472614,0.5133263307823345,1.2851317490837042,0.2750409667919314,1.2713215927496977,-0.3649819238902745,0.7507852087418392,2.8426987507021684
core_secure_pairs,0.6,0.0333333333333333,32,0.048533996900397,0.301872421542691,-0.9867212537876112,0.5503217893586729,1.413577407237444,-0.102980125297731,-0.083474294135861,-2.272754720796672,0.476564961962331,1.13374247013247,0.2489520116226441,0.9172410371576964,-0.2540952472729001,0.6906254410617443,2.817451384799841
core_secure_pairs,0.6,0.0666666666666666,32,0.0663376215289811,0.2885973932580993,-0.7614719807362088,0.5798870859882617,1.25687070435135,-0.0885814690107859,-0.0815644305779493,-1.7106838570900762,0.4505189986243026,0.8685096474303711,0.2575111806768028,0.9230328308213972,-0.2187495109933838,0.6504101288224101,2.084969254212808
core_secure_pairs,0.6,0.1,32,0.0751842386585306,0.3208524101682116,-0.5159860996870622,0.5634098033800111,1.2588779095201523,-0.1229724293782958,-0.0885292836853414,-1.2735849046493342,0.4344956801775912,0.6762219837139923,0.2409023762222493,0.8961935510480292,-0.1660086144040984,0.6379718240231145,2.1593561659248564
core_secure_pairs,0.6,0.1333333333333333,32,0.0985077667804294,0.3095182463936482,-0.279511470900207,0.4814328911629476,1.1240089571936172,-0.1022760244926458,-0.0771432772081258,-0.8613286007337099,0.3842592459143887,0.7117275439713301,0.3029852441828974,1.0936650720815193,0.049657003587528,0.5992937239691677,1.7008267527844103
core_secure_pairs,0.6,0.1666666666666666,32,0.0848402953375695,0.4040973394824317,-0.2394993912513826,0.4679447243761865,1.1971747956469732,-0.0976511003724361,-0.0625221749376787,-0.7012904365932066,0.352538528556926,0.7187856161269945,0.2803064297037069,1.031361523491335,0.3122678627947336,0.5864138054497873,1.6558211452287472
core_secure_pairs,0.6,0.2,32,0.0591345918861705,0.3523271631254955,-0.0934690840751184,0.4326255984525976,1.1295461569913945,-0.1029908314246571,-0.0584328721991806,-0.6370467912741633,0.3234945403495071,0.6921275780072678,0.2358376300821371,0.9415624095910208,0.4834057946462483,0.5262594509141307,1.7018434999342695
core_secure_pairs,0.6,0.2333333333333333,32,0.08925197269519,0.2770985297998902,-0.0065538828034513,0.4467233727454667,1.180844001888785,-0.0634925682933703,-0.0488686228282895,-0.5122230476429231,0.3036857851462531,0.8035886485409769,0.240869868048674,0.9065318498154378,0.6222127250132331,0.5698674928708336,1.5484088279116843
core_secure_pairs,0.6,0.2666666666666666,32,0.0885000074911949,0.3432049488190809,0.03666779304327,0.4195752973952367,1.1425433701984224,-0.0472081595090468,-0.0282320709790085,-0.4325651583325119,0.2406878211150551,0.8410663798128504,0.2478421970411967,1.0078101527320604,0.6063787938672942,0.5909042856168826,1.6698739889741578
core_secure_pairs,0.6,0.3,32,0.1046140197494274,0.3623828477590177,0.2257803250165025,0.4487199452004148,1.1001234715446229,-0.0483996441109725,-0.0993122891719046,-0.1209272235300596,0.2542938076818582,0.8812999386664961,0.2611950390740865,0.6941004377661181,0.8549972091282897,0.6119976641456363,1.4580704902734698
core_secure_pairs,0.6,0.3333333333333333,32,0.1082646352051298,0.3826273053141874,0.2675446924450823,0.4945371381460448,1.094417460201561,-0.0252595841183171,-0.065749445366472,-0.0129911579431428,0.2713190891045479,0.9620964910213954,0.2809912823966864,0.8679333142741512,0.862768753978775,0.5783036722865017,1.6088733726676212
core_secure_pairs,0.6,0.3666666666666666,32,0.1972410823485696,0.2561976887722073,0.3526306000203646,0.5088451783257582,1.1293360715420695,0.0082880853667001,-0.1106637066670841,0.0666603476588268,0.3237624869297701,1.007034204197966,0.3063875892294925,0.9047550904279786,0.9031790567726412,0.6022876351411515,1.6545391223949355
core_secure_pairs,0.6,0.4,32,0.2225021650069421,0.3099140279094047,0.3941390639895038,0.4975413741332438,1.239117805428525,0.0402897259759012,-0.0796241860681347,0.0960725087843116,0.2746768286769867,1.053289875188267,0.3277858099796385,1.016048299899892,0.9382686658030476,0.611437400481389,1.6723605650235822
core_secure_pairs,0.6,0.4333333333333333,32,0.2355919531914024,0.3663082822579466,0.4447271282501776,0.4814701022741249,1.262414031986682,0.0518212954273372,-0.096866979873724,0.1302400008001403,0.3125395047293271,1.0664193496568362,0.3356068712008208,1.0133834170797464,0.9889629098061526,0.6164969284457653,1.5011679740942825
core_secure_pairs,0.6,0.4666666666666667,32,0.2681467594913012,0.474850392240072,0.4871507197977691,0.4778352299222217,1.2841629082460542,0.1015713576150304,0.0475517028344616,0.0343785873243585,0.2729884992009659,1.1370092641664156,0.3608682551654299,1.0107127646863925,0.9815819452955108,0.6275368440402349,1.68084185999172
core_secure_pairs,0.6,0.5,32,0.2974278872215528,0.3679952770817647,0.5433714392612101,0.4673151737078967,1.331265397838014,0.1347033942798649,0.0222817109348971,-0.0234745920275822,0.3007691247987634,1.183658285719393,0.3590235310013135,0.9296278388814984,1.0766808120943878,0.6314360416108267,1.7468568038717922
core_secure_pairs,0.6,0.5333333333333333,32,0.3049408414758823,0.5585819216303445,0.5680523184077948,0.4845331143719374,1.342017643912104,0.1757551688043497,0.0240424883805085,-0.1446130413856982,0.270718086308339,1.1804029932753983,0.4043420831347452,0.983626319881196,1.1353267040723545,0.6506762905592661,1.6250622493962503
core_secure_pairs,0.6,0.5666666666666667,32,0.3434938411450435,0.532383975237812,0.6246945382214607,0.492188877565635,1.3743642143932808,0.2124103059201026,0.0377377414644881,0.0125569889487815,0.2493952172363993,1.2029026829135538,0.4545177618853867,1.0636083089700352,1.1792017641530053,0.6501865002824664,1.668730174268369
core_secure_pairs,0.6,0.6,32,0.3550780073763477,0.5173209992088054,0.6642994987352546,0.5200405044996056,1.430882915031243,0.2449359448338871,0.0408431021201325,-0.1695711767225804,0.3232828498485805,1.2679184298883308,0.4938341748431037,1.0238597689109152,1.1802677313073615,0.6558509209984054,1.6580858289025326
core_secure_pairs,0.6,0.6333333333333333,32,0.3994924440074009,0.5445183158186881,0.7090622978000438,0.5708179572616632,1.4602815444247932,0.292073275194593,0.0304181174743351,-0.1081476197486686,0.3200996219574014,1.326564271405806,0.4868299440350676,1.0802734718340066,1.2937848832206489,0.6890255017714177,1.6497880819276924
core_secure_pairs,0.6,0.6666666666666666,32,0.4322661585095809,0.5381049280059687,0.7700575481309664,0.4862195443140871,1.5115124371691278,0.3404806890317395,0.1371292260749667,-0.029873584915956,0.2780459844728312,1.3438572292925466,0.5450021556837961,1.17553198776445,1.3444775335453083,0.6800182335199653,1.725485023933341
core_secure_pairs,0.6,0.7,32,0.4584463316771048,0.6059729768499045,0.7971612641366448,0.5179494596076903,1.6070277306094614,0.3865202975707144,0.1293918270512563,-0.0047627161120695,0.3159478038729698,1.3995426724370588,0.5583448687299735,1.2751260426638886,1.4187650576633135,0.6422058523990423,1.8881868986802248
core_secure_pairs,0.6,0.7333333333333333,32,0.4875354108618989,0.5796636988547811,0.7692385583945738,0.5202414408143512,1.6587215434380127,0.4013163582354218,0.1410260508214095,0.0822870600434588,0.3602937852769802,1.475856205621068,0.6024843692540972,1.2601154378891373,1.44841423451366,0.697737860337534,1.9798347636918732
core_secure_pairs,0.6,0.7666666666666666,32,0.5156379292322752,0.7080917172399891,0.8598761193678235,0.4632529845646707,1.6909374034095297,0.3754972241142879,0.1712241373330597,-0.1623591646156306,0.3508843423500608,1.4676141933745823,0.5916616265288347,1.4424188684977068,1.4105394729656724,0.7048397302512222,2.1315297902322428
core_secure_pairs,0.6,0.8,32,0.5280031790448055,0.6825859950358883,0.850165475078785,0.4729849857140861,1.7242484352417162,0.4203035189519734,0.1926132034526557,-0.0787992575882308,0.3514602547689935,1.4605843695918133,0.6197334867793779,1.4653858234321435,1.4739221974978045,0.6486466295695409,2.114030293620691
core_secure_pairs,0.6,0.8333333333333334,32,0.5551390819480708,0.6874974151970993,0.888240215452639,0.5182577727856971,1.784912841121174,0.4558604022775839,0.1819741096561453,0.0064706167363234,0.3262228526272835,1.4862733101661951,0.683742720833936,1.4995932202857745,1.3744527439979293,0.6064066937934683,2.2158938442971183
core_secure_pairs,0.6,0.8666666666666667,32,0.5711262214259119,0.7536484825635891,0.8510181586235388,0.4732201484431839,1.7403017665797265,0.4279978330296177,0.30751634362906,0.0525253120414793,0.330747593703938,1.452729558529449,0.6843483274434186,1.3367431152657328,1.385155696217457,0.5912532295334512,1.963112866080393
core_secure_pairs,0.6,0.9,32,0.5935438700267976,0.7474287207806163,0.9066627053441492,0.4880121472568475,1.8038052946807408,0.3981977790095642,0.2860246855835433,0.0503716009005005,0.3264930961002423,1.452513181184382,0.7314677953359726,1.2773266728506747,1.4541310458519374,0.5998810079631663,2.034235563334223
core_secure_pairs,0.6,0.9333333333333332,32,0.629119316019439,0.7880455361409955,0.8399712493606124,0.4617233128890046,1.8211344559309168,0.3886557266537088,0.2633080765570075,-0.213034746218,0.3140779359283788,1.4799805957041592,0.7784239868779471,1.3110797182236995,1.2664172783831622,0.6028511048919366,2.112432301763098
core_secure_pairs,0.6,0.9666666666666668,32,0.6685494370520306,0.8247940453658451,0.9271766731939808,0.4762732842826664,1.8899728733849852,0.3780833457924935,0.1426996231980955,0.0959105118463278,0.3059095918594349,1.5164180544299106,0.7944406612516348,1.3413332656811456,1.4542782195472044,0.5915590894944175,2.2446926827076994
core_secure_pairs,0.6,1.0,32,0.702948488933277,0.8539298577578436,0.9672750374456388,0.4901015423324683,1.9533274108937075,0.3731692510302169,0.1712436379669295,0.1037448988294807,0.3437204126951972,1.5826698489294304,0.847444484626349,1.42510780593425,1.6785588664057478,0.6329429752478122,2.469879855860091
core_secure_pairs,0.6333333333333333,0.0,32,0.0584230495208624,0.1227939298839786,-1.018086524961782,0.5841276125784509,1.4238650243541988,-0.1130804303061817,-0.0237675458394641,-1.9639087306741263,0.470209789742287,1.25702037539871,0.2987323138388855,0.98916523383338,0.2518872391340643,0.7184986202893902,2.615129896909937
core_secure_pairs,0.6333333333333333,0.0333333333333333,32,0.0829423933412526,0.4221262857996365,-1.0008642379658113,0.4964946959141322,1.4869370591389508,-0.1114221193058337,-0.063439185320781,-1.6481372721291068,0.4176485469235885,1.0019936612008726,0.2730397265370358,1.2925775291605148,-0.1047588543827613,0.6876719136442526,2.59631477667359
core_secure_pairs,0.6333333333333333,0.0666666666666666,32,0.0564943225713066,0.2057879565340866,-0.7225343136765784,0.566964922207706,1.2859698221375877,-0.0825122567106441,-0.108601887452145,-1.7243720887817804,0.4644756387883214,0.9058727251814742,0.2501914518497261,0.8517107239241293,-0.3454631896780876,0.6771862551287957,2.0766897677077214
core_secure_pairs,0.6333333333333333,0.1,32,0.0781101775171691,0.2859828539555845,-0.4433550065278329,0.5076339705966387,1.2126734670353918,-0.089707086703064,-0.077216590246207,-1.2203158025569585,0.3912365067145771,0.6938419420284241,0.2754215382243966,1.008843305475128,-0.115118872513909,0.6418843819737441,1.880702400566647
core_secure_pairs,0.6333333333333333,0.1333333333333333,32,0.1173838491705199,0.3001575882670235,-0.2057654646222848,0.4314500916461583,1.0829485518126365,-0.0735257675204425,-0.0625763631631693,-0.8401319157398575,0.34054330835282,0.7024866968404149,0.3286939079422158,1.0535348750091085,0.2177368418890198,0.5758450672595304,1.6361465303741285
core_secure_pairs,0.6333333333333333,0.1666666666666666,32,0.0971272471436719,0.4138289301220352,-0.2118812818191149,0.4902990706783445,1.1440712333700571,-0.0686571542227966,0.014438613544647,-0.585577449642917,0.3783068715078538,0.7265912327335232,0.3011667807926937,0.9677219952604814,0.3108447772402043,0.566047962005431,1.4791648387763083
core_secure_pairs,0.6333333333333333,0.2,32,0.0966623533331895,0.4859054737506186,-0.0485541790529445,0.4448795761519388,1.2284488544734082,-0.0589369175842058,-0.034798507810222,-0.4849666869975974,0.3589190019682345,0.7861310478165697,0.2772293214579122,1.0168018106435968,0.4743705741978433,0.5956245875619862,1.4883092464206649
core_secure_pairs,0.6333333333333333,0.2333333333333333,32,0.0741940220194223,0.4945696348593418,-0.0083110765830712,0.4388390198153822,1.195277730866677,-0.056302012987148,-0.0758520324588179,-0.5089678960847652,0.3354044143403826,0.8577405278274616,0.2624043292689765,1.0109406738036435,0.6099128005176695,0.5733154147031354,1.4685640230408274
core_secure_pairs,0.6333333333333333,0.2666666666666666,32,0.1201316874378648,0.4587059947355586,0.0723577259454958,0.4357713849917128,1.1561810435400643,-0.0294991740483112,-0.0674264857636293,-0.4633163096624035,0.300452133789124,0.7786796822869656,0.2643692096211135,0.938304054778826,0.7265589557345637,0.6089204406341573,1.4671337681993828
core_secure_pairs,0.6333333333333333,0.3,32,0.1202343875507171,0.5012065351632872,0.0829557292362038,0.4217209740374375,1.1428080420040132,-0.0046202937726427,-0.0255227580114893,-0.2392492887272827,0.320246753128611,0.909685107314515,0.2705780483606192,1.0911815892189434,0.830558547266264,0.6065231068636312,1.549350696850169
core_secure_pairs,0.6333333333333333,0.3333333333333333,32,0.138638733229008,0.329802042229956,0.3838930333733986,0.4914054225475195,1.143848284961379,-0.0084993691936542,-0.0991665369107092,0.0006386058238609,0.2818103422538107,0.987241411954164,0.2835649493476598,0.9246390405432452,0.9234698124231414,0.612745334496824,1.5453225704297835
core_secure_pairs,0.6333333333333333,0.3666666666666666,32,0.175384570647571,0.4904173017746626,0.3861127297655925,0.4997224763457234,1.154928453582217,0.0065761802082582,-0.0802611290133722,0.1491256402282959,0.2896201962713594,1.0287020498312935,0.2900994677245199,0.9925024921803832,1.0152058189101862,0.6133252918001257,1.5963737400661406
core_secure_pairs,0.6333333333333333,0.4,32,0.2231612728184755,0.506242050895833,0.3447014800762454,0.4985093222776665,1.205015719078237,0.0422144242486347,-0.0823698034717051,0.0374069388478967,0.2632114326019401,1.052311359752092,0.3310112604410595,0.913868486175153,0.9399702678523766,0.6290208851194905,1.6447936441973394
core_secure_pairs,0.6333333333333333,0.4333333333333333,32,0.2517385281027853,0.5292123133316784,0.4925059201558306,0.5178316558039382,1.2636962375117475,0.0668966057810007,0.0087990917178423,0.0030904269756431,0.2953157694801345,1.0774495737399663,0.33730800049288,0.9012968399513036,1.027756870727182,0.6300246400153617,1.5287222867845818
core_secure_pairs,0.6333333333333333,0.4666666666666667,32,0.2865923219635893,0.5197968818033925,0.5122915431810638,0.4844506659862979,1.2806930644492007,0.0800668682928006,-0.0218666129788143,0.0920477488299987,0.3165023250617023,1.1021475351806975,0.3621806262081388,1.0226434427749935,1.0890497486549091,0.615686296264831,1.5343396339918611
core_secure_pairs,0.6333333333333333,0.5,32,0.3129795630465232,0.5474676757734946,0.5328202595556504,0.5081529197537008,1.3620826174516147,0.1380549976020017,0.034346750927315,-0.0458851606357987,0.3170895620754523,1.1622657012311075,0.3923258385375661,1.0256283314265775,1.028089252380288,0.6405225069212084,1.519848219950565
core_secure_pairs,0.6333333333333333,0.5333333333333333,32,0.3412628213624649,0.5583548028855481,0.5795459665528218,0.5286698402023091,1.4003068680353694,0.1992263334903913,0.0689037448072167,-0.192536106137558,0.2832894058122435,1.2139720002209118,0.4585565041150454,1.0252200081492624,1.0790397311018811,0.6296782259510207,1.6871904198237468
core_secure_pairs,0.6333333333333333,0.5666666666666667,32,0.3647011446039054,0.6819401612401718,0.6395349755688586,0.5391376683455393,1.4053645033724376,0.2420208289385587,0.1103962863039393,0.0750111492579407,0.2950255997916379,1.231217143481672,0.4519625805414554,1.0310905435233944,1.1726014344478264,0.6496445060610555,1.625582545430109
core_secure_pairs,0.6333333333333333,0.6,32,0.383966521823321,0.6528993216730674,0.6634262508929212,0.5501029619073234,1.452796218203087,0.269395890702337,-0.0584839064503995,-0.0397118529447226,0.2373917771223356,1.2957910507299748,0.4865704083392513,1.0850429573531954,1.1699974527908057,0.6847862712849864,1.6963955746844686
core_secure_pairs,0.6333333333333333,0.6333333333333333,32,0.4106979778153343,0.5604049530625329,0.7251848448558991,0.4875825169980183,1.4558500351901635,0.3343022544249878,0.1009855463089579,-0.1945678499377964,0.3186203457356633,1.2768176962847209,0.496612405902558,0.985233635501776,1.288911016497254,0.632330580190421,1.6799162876730973
core_secure_pairs,0.6333333333333333,0.6666666666666666,32,0.4536099250390489,0.6200552386134526,0.7536462095814274,0.536782809069814,1.51846215444084,0.3701303855175168,-0.0158055726275142,-0.1734668816297873,0.3516255895191436,1.3429892564377697,0.5286906279304162,1.0627262321616238,1.399555047304415,0.6567110843074888,1.6959126293044735
core_secure_pairs,0.6333333333333333,0.7,32,0.4835013715657699,0.6424583917395716,0.7770240180464192,0.517289991858336,1.4777805351601128,0.4065035201206796,0.0961124334866707,-0.3672377009196925,0.3290243368342032,1.322651670514199,0.6121846290412644,1.0883287048111314,1.406014529682682,0.637732181602472,1.7352339252894065
core_secure_pairs,0.6333333333333333,0.7333333333333333,32,0.5082151039743037,0.7033771657907851,0.8307768779067266,0.4582753750569188,1.600112249173872,0.4365632588266729,0.1291728283831641,-0.0347383035474607,0.2937705323745931,1.3884297135116122,0.6070200248474981,1.116339535184959,1.4551744720318522,0.690911432122657,1.883941698180746
core_secure_pairs,0.6333333333333333,0.7666666666666666,32,0.5457720622502732,0.7794388656931887,0.8692223195722607,0.4722023280747708,1.632280918462068,0.4355459941099079,0.1370203743454933,0.0046426622246112,0.3703060182129729,1.4328357089295758,0.6433207252699066,1.2388510871342926,1.6145344108473283,0.6619146107998286,1.957839158111197
core_secure_pairs,0.6333333333333333,0.8,32,0.5742886461012308,0.7967852186313287,0.8773875530235116,0.5432328740592444,1.6676661402060335,0.4716049163638115,0.0960115540140478,-0.0081066475499083,0.3352928512280436,1.430243512465292,0.6416079993870194,1.3306811176411637,1.561198049793037,0.6836437305527059,2.0448081481076854
core_secure_pairs,0.6333333333333333,0.8333333333333334,32,0.5857084177673028,0.736527015945655,0.907929841384655,0.528131860090573,1.706952281055579,0.501071986705449,0.0982992061391891,0.0652874505419477,0.3446638583087816,1.4052219556591723,0.6893074754594246,1.3780094807063152,1.5490276836988626,0.6399881346452438,2.1996665539663325
core_secure_pairs,0.6333333333333333,0.8666666666666667,32,0.6166499870673836,0.7796204455510114,0.8898898458589444,0.5459864162441327,1.797648955155006,0.4928202778572097,0.1017214566571574,0.0452261879669242,0.3700205569852111,1.5611890368604706,0.6998121845848881,1.4764310353451606,1.612947184577415,0.6454493367566831,2.169459629845658
core_secure_pairs,0.6333333333333333,0.9,32,0.6162759889400637,0.842110081879043,0.931224041858447,0.522044305975743,1.79324952918673,0.469264169158497,0.2843203869556693,0.1223402707095033,0.3229426741384592,1.5213331233081888,0.7295712921029339,1.2619395425782372,1.4806482380585682,0.6350096985494738,2.2391536366469764
core_secure_pairs,0.6333333333333333,0.9333333333333332,32,0.6602241952461775,0.892107753087229,0.819886215018957,0.4558137544069782,1.82376411916898,0.4732597210607604,0.268743835135534,0.0754751376741639,0.3093733637932916,1.5239857639687897,0.761371439494375,1.3058572486986957,1.316346590267789,0.6482473914747651,2.167691944787908
core_secure_pairs,0.6333333333333333,0.9666666666666668,32,0.6953147562160835,0.8674068921787595,0.8291390957244882,0.4965920540063134,1.867968589136747,0.4455511871594752,0.2342146908071063,0.0071270038897219,0.329463668804429,1.556685083976387,0.8041844634967661,1.4212995422080432,1.4022558284175757,0.6295966501288922,2.4231322218103126
core_secure_pairs,0.6333333333333333,1.0,32,0.7434951251723135,0.9080259760460634,0.8471092347122924,0.4910949876727658,1.85251106022259,0.4208899836477636,0.3486026893545289,0.1274609859934023,0.3473510789999868,1.6599892994752867,0.8607276652496219,1.4613496810804092,1.4495765962378386,0.646275122781712,2.2567667618238767
core_secure_pairs,0.6666666666666666,0.0,32,0.0542703313779065,0.1383200648642759,-1.160257106525298,0.6054586960156886,1.568188460693141,-0.1317012979234484,-0.1341038681276466,-1.9962299955463043,0.519287926330387,1.1570706632706145,0.3272104753362108,0.5784243030813797,-0.2208965079614759,0.7149532370189956,2.718146096759572
core_secure_pairs,0.6666666666666666,0.0333333333333333,32,0.0585557479853879,0.3295334229159324,-1.0884466067660568,0.5639235772044056,1.4657628938978875,-0.1367974092473765,-0.0877707540641344,-2.2921079314994417,0.4847223035219208,0.9209237831961308,0.291861298603613,0.9852905433082586,-0.2115343870635523,0.6949938893482986,2.3587103532760128
core_secure_pairs,0.6666666666666666,0.0666666666666666,32,0.0711714418868658,0.2459371599053228,-0.7650676408811597,0.5851439937878217,1.356551492650978,-0.0879911639542392,-0.0174222888496214,-1.7444153773955318,0.4467892384936251,0.7347675203743048,0.2587770553857204,0.925494097736039,-0.2740863396023345,0.6740864872858288,2.1723956624524696
core_secure_pairs,0.6666666666666666,0.1,32,0.0670752157661213,0.533863814971878,-0.4302944176246357,0.504599170465557,1.2179955576654669,-0.1328962560586098,-0.0169005496660519,-1.1858728959088625,0.3686602262772939,0.7146917802587323,0.2977675017835334,0.8245446383303998,-0.1062606789761705,0.6414679221453291,1.6528457656788074
core_secure_pairs,0.6666666666666666,0.1333333333333333,32,0.0696438681386633,0.3886536570444434,-0.2204362468974448,0.4950307825174243,1.1085578567133698,-0.0599482491562949,-0.0847963474200034,-0.9503987912895022,0.3545972454459302,0.730856939790185,0.2946435673051072,1.0099549250202309,0.1477049796606026,0.6078091869176857,1.66884424347439
core_secure_pairs,0.6666666666666666,0.1666666666666666,32,0.103642578205168,0.4027391387174857,-0.0528956099132611,0.5033133684832418,0.9758148368935944,-0.0550584566965977,-0.039998121948502,-0.6704918166352589,0.3463173973240547,0.7418832000585668,0.3028059633271723,0.7375265070240804,0.454348140576494,0.5879963905879878,1.367354884357192
core_secure_pairs,0.6666666666666666,0.2,32,0.1289922476614804,0.5419085983521167,-0.1309906172486076,0.5393227608596164,1.082865883569792,-0.0398079247331784,-0.0102816396658683,-0.4929340146999172,0.3626191682063239,0.7539058618805596,0.2946983327487549,0.8997680608729616,0.4869413002093186,0.6129197826089788,1.4893590369408063
core_secure_pairs,0.6666666666666666,0.2333333333333333,32,0.1111338740678617,0.5481240735584196,0.0655096891850114,0.4552333409756284,1.1565451696535032,-0.0397856236925574,-0.0461226415671959,-0.4060999092518116,0.2980245759623871,0.8975290815322051,0.2872021714016052,0.8679154813759486,0.6100242878504549,0.6545381079787917,1.5044047558379152
core_secure_pairs,0.6666666666666666,0.2666666666666666,32,0.1033221862402265,0.5413548128258407,0.0974164164485835,0.482260737055012,1.0800137785640995,-0.0300926790560105,-0.0564766302562452,-0.3947662099408304,0.3162541338732774,0.8879279737644058,0.2842211182026202,0.9281066726471178,0.739995917796446,0.648456165481566,1.3853062755629293
core_secure_pairs,0.6666666666666666,0.3,32,0.1164292565334673,0.5311561637787714,0.2571922941917843,0.455119512680035,1.1079343716786272,-0.0172932799485,-0.0563652546714848,-0.2433120364995267,0.2979174140698541,0.900552090940959,0.2995394104717749,0.9890664030746578,0.819270843410794,0.6392919428678464,1.427992075707185
core_secure_pairs,0.6666666666666666,0.3333333333333333,32,0.1445229122473893,0.5269602088880889,0.2693096354584,0.460963884226425,1.1326150597791016,0.0285877311440934,-0.0622935983733941,-0.1207823636358633,0.2391815900791726,0.9612441887479276,0.3027960812522838,0.8944790684695123,0.8165831880123862,0.6518118641229174,1.4757566069470092
core_secure_pairs,0.6666666666666666,0.3666666666666666,32,0.1874073557326854,0.5435777608050198,0.4095998423367127,0.4853751385789612,1.2280284910925476,0.0411419663823622,-0.0186979712212878,0.0595341616929229,0.2325372862164507,0.9795001056865392,0.3143129222121544,0.8839198241114353,0.9153575130827596,0.6598237214961331,1.5338684803991385
core_secure_pairs,0.6666666666666666,0.4,32,0.2193982977745369,0.2406716966640668,0.4546501897214029,0.5032368858496796,1.2151708369674403,0.0641501181551522,-0.1009884469893614,0.1120794411334847,0.2806615717030517,1.0748586318383289,0.3349012044405273,0.7981034133437432,0.9994761202198348,0.6500651367288526,1.5217060031851095
core_secure_pairs,0.6666666666666666,0.4333333333333333,32,0.2544196447347879,0.5216155436052796,0.4420406421572003,0.5089081191610543,1.2332134903227927,0.0834792617116173,0.0302162160143448,0.174597448694783,0.3546838914550795,1.0212164707115472,0.3640809775848009,0.8795815681451252,1.0122981126299442,0.674815650198334,1.5643132373304431
core_secure_pairs,0.6666666666666666,0.4666666666666667,32,0.2857826862661933,0.5367124661801372,0.4518373538039686,0.499514270917005,1.3319311447896007,0.0923468490791429,0.0299653277446265,0.1904082622140532,0.2893802584519067,1.0926518962896348,0.3886791523370512,0.876829287040827,1.0299568848769334,0.6726889784214829,1.4867052254096091
core_secure_pairs,0.6666666666666666,0.5,32,0.3283124121867145,0.5193168728400759,0.5539016718318563,0.5245674551134105,1.328387353314353,0.1067424748642477,0.0322830998662637,0.0819362560490606,0.2914768394734423,1.0889193525162904,0.4152173551288637,0.9436850671697148,1.0730233866805745,0.6701435773794193,1.6260068542499808
core_secure_pairs,0.6666666666666666,0.5333333333333333,32,0.3573729370173081,0.5793988431063914,0.6013238777923966,0.5254086045551499,1.3694004085477445,0.1794757348893176,0.0287972381845743,-0.135287067398626,0.3436452162695926,1.2379050926192332,0.4288300698865863,0.9958086094326576,1.0644593194073189,0.6513739112849892,1.5313107164199198
core_secure_pairs,0.6666666666666666,0.5666666666666667,32,0.3958710469736032,0.5579274519272545,0.6359630847438857,0.5190928773236384,1.439249090687682,0.2459958571838816,0.025639539152395,-0.0631344151687834,0.309719046189688,1.2718107051464334,0.4610925244288023,1.020056861297896,1.1842452184692118,0.6824274936795689,1.5808060642189925
core_secure_pairs,0.6666666666666666,0.6,32,0.4205220438319912,0.6046812785187473,0.676831896383512,0.5602127370359862,1.4376551045022383,0.272824643280269,0.0364295699391359,-0.1218303270385859,0.3443993125320368,1.3267819460525792,0.4888190417208967,0.953885777389472,1.2246460544489464,0.6644789088928462,1.631029366343094
core_secure_pairs,0.6666666666666666,0.6333333333333333,32,0.4316795454683602,0.7052638873556192,0.72412057070139,0.5529269231530671,1.471119458790373,0.3172311639369228,0.0304237631099842,-0.1520394237691899,0.3579241451914675,1.3314741620981974,0.5222162117262932,1.0080814788079666,1.215711395905543,0.6642847049884297,1.7003947304558302
core_secure_pairs,0.6666666666666666,0.6666666666666666,32,0.4694857775697492,0.6318704588462896,0.7631186796068179,0.5007638344788281,1.512140194471269,0.3994733735395976,-0.0069857582742889,-0.0323965930007055,0.3213660274554442,1.3278210426395245,0.5482217327412277,1.230179940632137,1.3420159995616163,0.6744288862898016,1.793301296159361
core_secure_pairs,0.6666666666666666,0.7,32,0.4997949606773559,0.7183356997850212,0.8009046281424064,0.4486710463211654,1.5818357883992071,0.4437677577168391,0.0461908718427451,-0.0206645531849156,0.3058512649993996,1.3525761828407452,0.5759797566118028,1.1466117741948925,1.411906533458784,0.6772757519770674,1.773389194526364
core_secure_pairs,0.6666666666666666,0.7333333333333333,32,0.5308004941028264,0.7365669256458683,0.8188747589672956,0.5367294451648967,1.6268925692854126,0.4555075322518728,0.086112994417819,-0.0710978548681848,0.3365421017634229,1.3905044070463777,0.6350498594585726,1.1687784884851875,1.4559772147297818,0.6958650827767038,1.977205517521771
core_secure_pairs,0.6666666666666666,0.7666666666666666,32,0.5691439257152119,0.6904044818987597,0.8438855841923498,0.5037758536430499,1.5746067172733862,0.5198740083981968,0.0847363475545581,0.0486803938006814,0.3763553154453956,1.3963802410359996,0.6489614303365029,1.0779074943920883,1.5184403284637005,0.6480617966950122,1.799308281465224
core_secure_pairs,0.6666666666666666,0.8,32,0.5925414855298128,0.7185632776040567,0.8699035340689534,0.5644217888136743,1.708810954452626,0.50287680944187,0.0460991418904732,0.0652440951583857,0.4191675374442244,1.4646685294481994,0.6653235445549603,1.172229520188731,1.558334787027231,0.7251916105607623,2.004819638350181
core_secure_pairs,0.6666666666666666,0.8333333333333334,32,0.6189945282932603,0.7322379855443057,0.894762921427806,0.5193311692215068,1.678413882413054,0.5292307071087855,0.2037641503525462,-0.0372315558554205,0.3903965374821659,1.490401870674685,0.693233334174497,1.209216685463972,1.5621642136137728,0.6737625843756784,1.8697726761267508
core_secure_pairs,0.6666666666666666,0.8666666666666667,32,0.6489995254242586,0.7845242291948442,0.9079436011685568,0.5144481910854539,1.6961476617829248,0.5596177207467764,0.1792930077838549,0.0273981583367263,0.3307786961518698,1.4838804834626975,0.7026193684123638,1.1755569867659983,1.6381704248819644,0.7127422618190605,2.0085171534537
core_secure_pairs,0.6666666666666666,0.9,32,0.6554000794879921,0.8201946682470587,0.9335438988871329,0.5128168197274391,1.7837066113296611,0.565083373354199,0.2433114738812807,0.1730847663235303,0.3714547801932906,1.5275272280987344,0.7433027123729377,1.2723011662606107,1.577496230275428,0.6618923459744375,2.1245671786835265
core_secure_pairs,0.6666666666666666,0.9333333333333332,32,0.6855094883581484,0.8803092346409438,0.8970555362048762,0.5186161482700384,1.875564698593284,0.5390954488468604,0.3047521024794349,0.1118042042173512,0.3112615426387841,1.6294758345240457,0.7872314551263124,1.2364885467520894,1.544644791512631,0.642711387536379,2.3105343413132
core_secure_pairs,0.6666666666666666,0.9666666666666668,32,0.7256972116207551,0.9018977731042048,0.8780239648277552,0.4887019091884997,1.7678747531267087,0.5052886920481098,0.2942299802384245,-0.0156185142490682,0.3203016177807007,1.5295571350120496,0.8415056197632886,1.3437219309894437,1.4481294729233845,0.6585282434322813,2.135088849660557
core_secure_pairs,0.6666666666666666,1.0,32,0.7601864689678549,0.9148185833659116,0.8501539412741829,0.4697979196528903,1.9719016542101997,0.5089527560236711,0.4088525614010386,-0.0183420845562623,0.3483132247127146,1.707245326323941,0.8728637994157804,1.4314559125349875,1.536149929055242,0.6325712175399292,2.629597423696813
core_secure_pairs,0.7,0.0,32,0.0470765731772336,0.1283626577921933,-1.1303258893620969,0.5900438697321353,1.288136257383126,-0.1427996235817002,-0.2548730070063867,-1.9129052100003168,0.456246024317766,0.8535460244464661,0.331205886276664,0.5261090022260793,-0.206994628845633,0.7399219173765941,1.9088394898456889
core_secure_pairs,0.7,0.0333333333333333,32,0.0408758338379806,0.1190895689439825,-1.003534137667608,0.6178661835685448,1.321041977406347,-0.1410654782608316,-0.1273693811517698,-1.615983409456425,0.4848144318985218,0.8667937219312168,0.3187562416325271,0.8407009285630183,-0.1160170469134035,0.6997733075896347,1.6854435871626123
core_secure_pairs,0.7,0.0666666666666666,32,0.0620735766534776,0.3866637360740119,-0.781574297082916,0.5857572208683636,1.20387912192531,-0.1685534807690377,-0.0744628830365275,-1.966939055214221,0.4687415544334162,0.6449347216165856,0.2892808455407566,0.8837218013668058,-0.1820715850006858,0.6773979429171095,2.350061272332014
core_secure_pairs,0.7,0.1,32,0.0473919253017088,0.2832918822595997,-0.4490517386418353,0.5012329308702036,1.1347009422631205,-0.1020276370807097,-0.1134286163165016,-1.202017176034304,0.3834738665600973,0.573516362179215,0.2427233342576979,0.7086444446576581,-0.1124250095873956,0.5882254638142761,1.8419314021153528
core_secure_pairs,0.7,0.1333333333333333,32,0.0826039232235682,0.3565143708051871,-0.2968682086360845,0.5119083270951357,1.083409599006039,-0.0733668040038623,-0.0998588319334822,-0.892272120675391,0.3372887865174597,0.7010213074466136,0.2974643270853001,0.9189800429291604,0.1709271477670481,0.6257218522603676,1.6542079190281271
core_secure_pairs,0.7,0.1666666666666666,32,0.1037660324168528,0.3405409886614987,-0.0483918266846553,0.5334514041179663,1.0461674700302392,-0.0746171028208106,-0.0937766396711524,-0.6754241108811078,0.4609125306314526,0.7734323209659337,0.264613483594096,0.8612618380207864,0.3895219536354311,0.6007520130462164,1.4554121525670554
core_secure_pairs,0.7,0.2,32,0.1194655298530246,0.3317104444053548,-0.0570179250750049,0.4839814834998992,1.0534174308363102,-0.0336445948428646,-0.0500338108479213,-0.3741537741289805,0.3960210903834325,0.7375693383687836,0.3365958031977046,0.676115186895453,0.4992773899091353,0.6102294224981252,1.3712828333034233
core_secure_pairs,0.7,0.2333333333333333,32,0.152068114101763,0.3456213520817635,-0.1007144799111601,0.4853166391349859,0.9411349862781756,-0.0252228648599053,0.0389977524925785,-0.2780713234483655,0.3042646325467911,0.7592222286611972,0.326196388149326,0.655698097148061,0.6024884314774401,0.6353368383664982,1.3893461898978008
core_secure_pairs,0.7,0.2666666666666666,32,0.1249491018938963,0.4860446864767367,0.027908861974184,0.5287768482207015,1.0536813773360652,-0.0183940795359555,-0.0173578355456031,-0.299140179859353,0.3599637430360413,0.8775839379204473,0.3196514327872878,0.8379471171250333,0.7440468915285443,0.6065769803125933,1.3192018372011174
core_secure_pairs,0.7,0.3,32,0.125369100449814,0.4078427031583059,0.1664600276536882,0.4810842385785651,1.047341593816388,-0.0032896230014575,0.0192664492891081,-0.2596474163599901,0.2881489624235845,0.9133825177832394,0.3161527240658611,0.7965364750462139,0.7320918571963498,0.6560990252268593,1.3455608782822184
core_secure_pairs,0.7,0.3333333333333333,32,0.1030906718294324,0.4156254258409988,0.2334507268939932,0.4644220018348246,1.1503357148688813,0.0011444021047769,-0.0577667985506527,-0.1283888880718602,0.2301557770135506,0.9417864419687814,0.313739081746068,0.9488225722458576,0.8079726559504947,0.6502739342807252,1.3429426230108403
core_secure_pairs,0.7,0.3666666666666666,32,0.1830798390436768,0.407855319478953,0.4080661616118022,0.489808633419914,1.143178108163161,0.0351493941122024,-0.0337919005647742,-0.0094404904661074,0.1630721067821212,0.9321421769571572,0.3624234330639041,0.9466102147650258,0.9170136928183444,0.6442944254615126,1.3177934833126137
core_secure_pairs,0.7,0.4,32,0.2129567261401891,0.3546317907676839,0.4797050874871499,0.5062704136999685,1.2009907057414335,0.0760004255247005,-0.0045602153088441,0.1346709246254289,0.2698561644729597,0.9682228034601496,0.3673694197411486,0.7284332592866121,0.982159581126576,0.6683504781128888,1.4452901220995062
core_secure_pairs,0.7,0.4333333333333333,32,0.2507069729902314,0.32078295057981,0.4708890182655306,0.5252591333996552,1.221311050304705,0.0908856497049598,-0.0492523084687728,0.1588160994104262,0.2782046220494985,1.0443899759250326,0.3833799456320324,0.738942636214401,1.0298082012965517,0.6868313626240798,1.480738167478374
core_secure_pairs,0.7,0.4666666666666667,32,0.2855752692664636,0.4353245493284777,0.4937630130330233,0.5511685337359176,1.2646342398399972,0.1243068198267535,0.0367264912665715,-0.059823358120799,0.3662797142688276,1.0618941665182404,0.4061401871478277,0.7971725696258241,1.0547295693156162,0.6722258575050888,1.4819593422582864
core_secure_pairs,0.7,0.5,32,0.3326418486290333,0.4913621723778946,0.545595232735711,0.5517129030753216,1.3243143748489083,0.1311271662167189,0.0465475235015016,-0.038934339728242,0.343095821662349,1.119727514971883,0.39648789979982,0.7687118587952627,1.0685853374004894,0.7111656147434582,1.5186192574410338
core_secure_pairs,0.7,0.5333333333333333,32,0.3638243447031839,0.4730724017229931,0.5849819674867247,0.5366626115541725,1.2926396376164813,0.1440050081707147,0.0136766786636204,-0.1255695611235396,0.3235163673387652,1.1278894036855904,0.4608840945735365,0.931894672458671,1.0612763966137189,0.6820951401215679,1.5513296239656904
core_secure_pairs,0.7,0.5666666666666667,32,0.3965657760634956,0.4362728121642614,0.6389999268535479,0.5158717052900506,1.3624270173191202,0.2249611212032502,0.0273474235566964,0.0134106121429959,0.3318281122498529,1.1420833601646947,0.464288327433129,0.8113782388614983,1.1069544233317457,0.6610188003296933,1.537321918743302
core_secure_pairs,0.7,0.6,32,0.4222713342890986,0.4661483396055501,0.67143419795732,0.4710009698669816,1.2731690412827363,0.2929083672414974,0.0517102307957111,-0.1418806188149636,0.3183882585905301,1.1967485570391068,0.5030581839522487,0.817107220794552,1.1597844571233056,0.6606923708959211,1.5528858322591126
core_secure_pairs,0.7,0.6333333333333333,32,0.4610132576362687,0.4424153525076912,0.7259284495410472,0.5312518680409266,1.4217937380369512,0.3055766367385569,0.0529395780646805,-0.1581231677346993,0.3469374866149298,1.2391211292733275,0.5374806637145726,0.8496057110342903,1.2120901950292058,0.6691941063360354,1.641484703138862
core_secure_pairs,0.7,0.6666666666666666,32,0.4867597989413588,0.4823902704139091,0.7688326062184967,0.5643523536868256,1.5587662825421686,0.398170075264631,0.055010558558909,-0.0056739314242451,0.3450719255858895,1.2698413743810515,0.5579565854873232,0.9567245831447274,1.3368564859966174,0.7303026164524212,1.6893410080328937
core_secure_pairs,0.7,0.7,32,0.5111985768846463,0.5890323636280337,0.8367035769149429,0.535901562174855,1.57541545378559,0.456207901260879,-0.0264264180804157,-0.0356715328696302,0.3501781222394665,1.277207170488906,0.5992058155598767,1.1167481331343887,1.4007822348150325,0.6687940627447198,1.6902908759171054
core_secure_pairs,0.7,0.7333333333333333,32,0.5675692747409646,0.4892603361037299,0.8144744482775312,0.505120863124186,1.578501171614259,0.4715434648365487,0.0610534898102148,-0.0665941324391215,0.3980746495545309,1.337015442293319,0.6411617168387546,1.2118030745863484,1.4434038224670591,0.7129917341124927,1.8887950466247625
core_secure_pairs,0.7,0.7666666666666666,32,0.6035807843522097,0.51380827739538,0.8542096648257504,0.5440623867411132,1.629468095735943,0.5117881360974914,0.0615492033344762,-0.037891500229306,0.4097066292965198,1.4029855837793883,0.6656847624522795,1.199139554719862,1.5008803826376265,0.7136840923674524,1.8069495280005627
core_secure_pairs,0.7,0.8,32,0.6338457001334785,0.639877899963279,0.8740571190221778,0.5661348778036557,1.645701587666394,0.5433681182701815,0.1303420586946163,-0.0125082495905201,0.3612894138188126,1.32850359228536,0.7012607059976985,1.061866119718395,1.5653962612325811,0.6643133488488181,1.82019240611208
core_secure_pairs,0.7,0.8333333333333334,32,0.6471488568580681,0.7384569360014016,0.9122617238418392,0.5574953891609529,1.7189942184040783,0.552956139351577,0.1177784034382061,0.0169791113619848,0.3632225037448361,1.426925626563763,0.7055614667853363,1.0669647177347827,1.6172013092761572,0.7527419018880408,2.006695900437479
core_secure_pairs,0.7,0.8666666666666667,32,0.6671625036472049,0.7674517666375458,0.9220340459212336,0.5341427535208151,1.7153845988559455,0.5966455851881616,0.2362806961679286,-0.0061522539620802,0.3827597345652779,1.4687937107599112,0.7328009096096577,1.1058809293365195,1.7002108796359423,0.669086584094226,2.0603088392695006
core_secure_pairs,0.7,0.9,32,0.6802457741715904,0.7736712030858339,0.9479080911439376,0.5417254974018261,1.8223702085102784,0.5863713166945467,0.2241280639108832,0.1263975133531288,0.3780137342728148,1.4695646438043022,0.772125421185893,1.1534826853587148,1.7544122546906409,0.6704527227800583,2.0803305414563904
core_secure_pairs,0.7,0.9333333333333332,32,0.6991397738399336,0.7512261943326991,0.9537483980958024,0.5617477034059206,1.7422783795246142,0.5527493747465223,0.3265479227284096,0.074080730805069,0.38798140191318,1.4611761930243323,0.813401831940026,1.2089600928931992,1.6907863206837184,0.6765872899601182,2.165796654533922
core_secure_pairs,0.7,0.9666666666666668,32,0.7427435588804236,0.779404751729391,0.8990283474006071,0.4807731684724566,1.8385902940380805,0.5429720568951223,0.2737921181607868,0.0081912243875564,0.4226891875391817,1.5430931563515795,0.8677568048096955,1.2279052561478987,1.504921991907985,0.7001887681307395,2.2928162431887613
core_secure_pairs,0.7,1.0,32,0.7855867912348973,0.844212638141334,0.8230115287772823,0.5296560976810512,1.8447854859920905,0.554903078251669,0.2136278080411883,0.0905692380416659,0.4185206581127718,1.657083706835326,0.8851092346635246,1.2380004840772358,1.5167319004764024,0.7014015028657025,2.194311064662146
core_secure_pairs,0.7333333333333333,0.0,32,0.0462598592534891,0.139384753463751,-1.2523452281037573,0.6064115916231381,1.453411927885209,-0.2255879209213573,-0.1405964767699695,-2.040983648019577,0.502236500328393,0.6939196611414535,0.3594762360634796,0.5870230948011681,-0.3863438527851348,0.7403378019574944,1.8987068873392612
core_secure_pairs,0.7333333333333333,0.0333333333333333,32,0.0462764380638511,0.2582159439472529,-1.015245371293869,0.6150466861870103,1.2283531850885638,-0.1547646124479434,-0.1526114804319671,-1.9142660377634344,0.5090005396605769,0.7527870706054683,0.2994295642092243,0.9647179810634452,-0.0525328634050189,0.6999148781576281,1.763548107246717
core_secure_pairs,0.7333333333333333,0.0666666666666666,32,0.0522640688759056,0.2581232558560868,-0.8292571240149422,0.5830374233676634,0.9205172399163932,-0.1534864450802157,-0.0998482107618698,-2.0453556216324285,0.4926332219524078,0.6190354436878829,0.2881759619273489,0.7201979771326082,-0.0887595076067463,0.6852139972798077,2.4814524946079377
core_secure_pairs,0.7333333333333333,0.1,32,0.0486441529481496,0.2839453587909317,-0.5280930721286987,0.5163287252103076,1.293788244334377,-0.1430780451588488,-0.0668750366973607,-1.3426415929827822,0.3655510100932498,0.5519895221932923,0.2510269691114949,0.7349849835427748,-0.0447485775703431,0.7099696589004636,1.9798676013800869
core_secure_pairs,0.7333333333333333,0.1333333333333333,32,0.0524428038280151,0.3632497928442295,-0.1730887645895054,0.5228186529410669,1.0808957517432802,-0.103424344131943,-0.1092357433425892,-0.8834270433724349,0.3757991736013343,0.6163412452921708,0.2569327136049473,0.6728956403745507,0.1969778975974503,0.680318770202661,1.8064893388958876
core_secure_pairs,0.7333333333333333,0.1666666666666666,32,0.100081096897013,0.3039507781571386,-0.1388107527285936,0.561954038848945,0.8818249553016908,-0.0754941527079327,-0.0870665525477734,-0.5977692840907708,0.4630647168073625,0.6624303758089723,0.2990254202906672,0.6618951109242999,0.3621121894642384,0.6353526964451387,1.3845261557697923
core_secure_pairs,0.7333333333333333,0.2,32,0.0845163262226368,0.2773414276064204,-0.1004276446531395,0.5235155169610936,0.9722920496218912,-0.0520915428863121,-0.0751774588059322,-0.441833599736057,0.3255992202360432,0.683833718334447,0.2483502114571215,0.6427601265445286,0.5106774297597692,0.6077764000621153,1.364155601417495
core_secure_pairs,0.7333333333333333,0.2333333333333333,32,0.137232193186813,0.3522398054770048,0.0368947263877777,0.4656712410176064,0.9290236468695846,-0.0172364245070033,-0.0767860625924966,-0.4177159153811111,0.3335487236787446,0.7421393846215328,0.3591245486245457,0.633774693857207,0.6196709486469434,0.6344845435672912,1.3119308696184755
core_secure_pairs,0.7333333333333333,0.2666666666666666,32,0.1459964693525249,0.3785594335577736,0.0450711584314943,0.4625854303349568,0.955065229265169,-0.0060123191236803,-0.0262053283425911,-0.2471612390975421,0.3406025712615966,0.8061352326120181,0.3566123316142268,0.6837817710850052,0.7455287927215336,0.6486604976486133,1.206729354114058
core_secure_pairs,0.7333333333333333,0.3,32,0.1384686311205281,0.485495700975897,0.1775276930219904,0.467579506795268,0.9910058447040198,0.0078337576139185,-0.0389261290125287,-0.2674069417710425,0.3153535881767875,0.8690202433606637,0.3595262335544473,0.6729235960159778,0.8137540101780814,0.6490568288926906,1.3410056673799329
core_secure_pairs,0.7333333333333333,0.3333333333333333,32,0.1487203620480921,0.4250558300106128,0.2282699270981061,0.5071953197197858,1.0485899940925325,0.0214084078593517,-0.0059315166914105,-0.1574487627411153,0.275252287750825,0.8915474662195599,0.3521204279221218,0.6149713764747496,0.8045806731017925,0.6648931811670982,1.307471246995734
core_secure_pairs,0.7333333333333333,0.3666666666666666,32,0.1647692632086302,0.3459500996428966,0.3045036300831443,0.5068932396380424,1.0773852962873527,0.0425016356062273,-0.0325324110505338,0.0156552807636521,0.1775323424931927,0.9114046198782249,0.3697702454527436,0.6597308023740052,0.8854631545672427,0.6928927736469034,1.2742931294056512
core_secure_pairs,0.7333333333333333,0.4,32,0.2003487513823598,0.3295389096996391,0.4014326673624399,0.5123042362180901,1.080638554900181,0.0704501312919461,-0.0824844803422497,0.0613050173207058,0.3082852828923842,0.9539499605751482,0.3946215273077909,0.6650693385824039,0.97020792351875,0.7136474964802033,1.3069548821382668
core_secure_pairs,0.7333333333333333,0.4333333333333333,32,0.2349716324815998,0.3926265258521377,0.4786888672350584,0.5401346311132093,1.1996960774253838,0.1066122409296068,-0.0289107933248084,0.2108355216441128,0.2985508219077473,0.9844458457417206,0.3995443781829832,0.6612026517707729,1.029412594236952,0.7346615352782853,1.3716122491345408
core_secure_pairs,0.7333333333333333,0.4666666666666667,32,0.2802507911016209,0.2437587353698302,0.5029115594803762,0.5668434833619691,1.2256128832377144,0.1435667617961398,-0.0641537090487542,0.2026173060404799,0.3101257470209175,1.0248769860004232,0.4260802908704472,0.6529880824855006,1.0780345326212473,0.7234430864546233,1.3650764950317078
core_secure_pairs,0.7333333333333333,0.5,32,0.3175577314262389,0.4274583651629126,0.5157274778508176,0.568741301483302,1.3003803286871336,0.1593839453325331,-0.0230593397165993,-0.1190695503378868,0.3773533759179625,1.1469372453338074,0.4417786050590838,0.6581727352125318,1.077734973581762,0.657120452897237,1.4904429685447818
core_secure_pairs,0.7333333333333333,0.5333333333333333,32,0.3627552110089559,0.4615787893321088,0.5889703344107435,0.5123164865407543,1.3590255682425725,0.1745736925269973,0.0371024096993518,-0.079965525846825,0.3494765106655452,1.091246390129827,0.4546237698166799,0.7071636567876323,1.1901748002704853,0.6733882491692516,1.4706388885488026
core_secure_pairs,0.7333333333333333,0.5666666666666667,32,0.4002794258698249,0.4729151852522341,0.6545768428115866,0.526439469943689,1.3360039524706169,0.1827520028247916,0.0500909086715441,0.0319952750839849,0.3664122795356802,1.122312231581292,0.5134577102493662,0.7183122334628858,1.098540674310411,0.6990764650074714,1.507578557164064
core_secure_pairs,0.7333333333333333,0.6,32,0.4317796291148867,0.4614446271056071,0.6839161118663604,0.527663555463667,1.3041756649289504,0.3165245621709545,0.0373055291909575,0.09868783232021,0.3953240208186978,1.1723221194733793,0.5433179131988253,0.8463153578366323,1.1538185786437998,0.6822305167282682,1.5312859466198177
core_secure_pairs,0.7333333333333333,0.6333333333333333,32,0.4618575666446989,0.404122589550279,0.7224350202851608,0.5982104205255003,1.4584681065753342,0.355932674988241,0.0390076729310411,-0.098532880741932,0.3901280121510831,1.214897610901448,0.5359272267286852,0.8741646054369223,1.2664557402498833,0.7323547821452714,1.6491396033895631
core_secure_pairs,0.7333333333333333,0.6666666666666666,32,0.4841075410643586,0.4598328549328682,0.8023584210691581,0.5876432208505239,1.5113676292003029,0.4048410237007054,0.0419093328041298,-0.0219261400273713,0.409539712566107,1.2575502419582625,0.5607521096083049,0.7919802623029166,1.3069038900884684,0.7224889754158382,1.6600562407444888
core_secure_pairs,0.7333333333333333,0.7,32,0.5255187845414728,0.3678564273083293,0.825784918485621,0.5118527752287453,1.391455381886149,0.4612046025085352,0.0187036919721327,-0.0149342289048034,0.3562742199916746,1.2594782464867706,0.6283822822849107,0.7508850909760338,1.3928268000752413,0.671882637821956,1.6749282552536862
core_secure_pairs,0.7333333333333333,0.7333333333333333,32,0.5610506849039751,0.4584194754667174,0.8514896741521898,0.5857986880398092,1.5136851155945277,0.5035123954965478,0.0015247424133796,-0.0217857858642661,0.3361884942415994,1.3160268863399556,0.645947498050696,0.8903074650396691,1.4395224728466358,0.732860856291504,1.7567974801291766
core_secure_pairs,0.7333333333333333,0.7666666666666666,32,0.6107654849076746,0.681427800618126,0.8917958122013643,0.5104506121853396,1.5525751751471433,0.5354685841073723,0.0589199287565274,-0.0056468497072641,0.3422508718642542,1.3559900220381471,0.6818005184043412,1.0260076782937206,1.491274464470831,0.7281279219283849,1.811493554722593
core_secure_pairs,0.7333333333333333,0.8,32,0.669885160449689,0.6312580537117789,0.8882892554136982,0.5742158499497665,1.648435538036156,0.5755561133185066,0.0694422536889968,-0.0551873175750831,0.3766332597401454,1.4114319721604698,0.7208573926865964,1.2103297468059373,1.549421322942231,0.6790668548054511,1.953167540708344
core_secure_pairs,0.7333333333333333,0.8333333333333334,32,0.6736790073936578,0.7113729474039869,0.9648531000019592,0.55404983724496,1.740236976977424,0.6044228270774301,0.1752931110361862,0.0130195906023393,0.3866047655797091,1.4618111703408712,0.7504889564157311,1.062935649909163,1.7169235321753566,0.6778468554958847,2.042314703843618
core_secure_pairs,0.7333333333333333,0.8666666666666667,32,0.6837474173016281,0.6684717697002119,0.9134294091365552,0.551692217598514,1.7847411451792563,0.6147148185901554,0.1530488258870895,0.0402912956465961,0.3592260311329573,1.4291219154977126,0.7710049731102473,1.0804042911527871,1.719142640228495,0.725658431602464,2.007224775462009
core_secure_pairs,0.7333333333333333,0.9,32,0.7010617660822118,0.6048887939023396,0.9367181068534184,0.5482641581166092,1.8300147746380924,0.6353888091496771,0.2127492906148206,0.1941862635473796,0.4053082875744926,1.4027389829070187,0.8050511267293183,1.0191991080918208,1.6864379277067283,0.7042480035133858,2.100517390881261
core_secure_pairs,0.7333333333333333,0.9333333333333332,32,0.7186513885764201,0.6618662097817576,0.957146287104096,0.5142511904490621,1.8335926474893487,0.6134148176479988,0.2684893761990178,0.099709438160894,0.4304621923183886,1.460391309700212,0.8453497583549244,1.011881704743876,1.6154891652582744,0.6659409932428624,2.1963176811242198
core_secure_pairs,0.7333333333333333,0.9666666666666668,32,0.7508534849497036,0.6779988229048481,0.9767426776400234,0.5729716333375382,1.83010796566074,0.6032196281853308,0.2704670390437317,-0.0374104354210181,0.4259942296578052,1.5450832969423876,0.8888354278833037,1.050006191766857,1.7453224394906948,0.6703966639712634,2.2286978338571144
core_secure_pairs,0.7333333333333333,1.0,32,0.7690058467193447,0.6814007345765073,0.9878483993621714,0.5399314640069551,1.8289126695118505,0.616619334410644,0.2465445378019489,0.0547840159468757,0.3972979591092871,1.5116314249254437,0.9327396380297746,1.0895355367165367,1.7867418387940277,0.6829030531277265,2.356099784571754
core_secure_pairs,0.7666666666666666,0.0,32,0.0423307744788917,0.318539554055854,-1.2585262180824195,0.6862116788849264,1.4356336222407124,-0.1819702716282803,-0.0446487468070362,-1.909936006362055,0.5316523769774196,0.7233112250245062,0.3496920118573829,0.7726650421262041,-0.4164850483933839,0.7639394459895671,1.9886220020398289
core_secure_pairs,0.7666666666666666,0.0333333333333333,32,0.0517515484993551,0.3046921922498776,-1.0583273408583778,0.6299691223686718,1.2876482683248254,-0.1942112854104893,-0.0615536731725173,-1.5514553110938976,0.5505237397866126,0.7254798532157503,0.2843299218885734,0.8137096795150405,-0.3401141077812629,0.7991083512644348,1.801973060573256
core_secure_pairs,0.7666666666666666,0.0666666666666666,32,0.0641808616284151,0.3853773237343311,-0.8085034206370809,0.5915706979943056,0.8937033145632908,-0.1560745626931832,-0.0920109659997143,-2.3709197455898705,0.5050944281394023,0.599327014405671,0.2875454733113973,0.932452103795557,-0.218326087978168,0.7139681911716103,1.8480639379231636
core_secure_pairs,0.7666666666666666,0.1,32,0.0631016201743478,0.3140665771732632,-0.4613323215383453,0.5449659667467062,0.9132828716545012,-0.1487028064642268,-0.0982606270285338,-1.498823125960413,0.4086059638838077,0.5079788047365535,0.2803073102353632,0.7637529896964219,0.2266419368234455,0.6836226537519537,1.747656172069484
core_secure_pairs,0.7666666666666666,0.1333333333333333,32,0.0472544811324624,0.3811409581941841,-0.1641848921262276,0.5516341329387559,1.0912769173435697,-0.1421756039670964,-0.0283148523442897,-0.9674213768214636,0.3345395296289049,0.5983399001117375,0.2345800309322501,0.6850000072711299,0.226214340445795,0.6934635530771234,1.709516572196575
core_secure_pairs,0.7666666666666666,0.1666666666666666,32,0.0667915657075239,0.3208485534550107,-0.1713234600744999,0.5271261463556107,0.9806742449955372,-0.0675968522208644,-0.08436226092444,-0.8111005944598914,0.360996877540951,0.6527798199317878,0.2638629604742564,0.6309651788821663,0.3273376425721294,0.6231585717984598,1.5465093065742848
core_secure_pairs,0.7666666666666666,0.2,32,0.0953806261388513,0.3056838504625936,-0.0537836835361373,0.561386666368189,1.0220784322613063,-0.0653776884794031,-0.0814327947301061,-0.4404494473563464,0.3880019313585526,0.684653561858261,0.2152082395853385,0.6035600573386992,0.4897479970518233,0.6497999446869899,1.3814836151595784
core_secure_pairs,0.7666666666666666,0.2333333333333333,32,0.1196137699332976,0.2615454713590747,0.0496808878011764,0.487866683634372,1.060599463801693,-0.046784612698417,-0.1050356314367437,-0.280674255453555,0.3431713368396603,0.7732356628255505,0.3995812136079364,0.5862997066980804,0.6331174462123241,0.6394367855243734,1.2919772198212467
core_secure_pairs,0.7666666666666666,0.2666666666666666,32,0.1767358120137699,0.3914681191724041,0.0662592258238012,0.4698124199330032,0.929863306050281,-0.0151423136532809,0.0177149854782813,-0.2690000458611994,0.3750325903794875,0.770991874226244,0.385295972388792,0.6689323648909492,0.7544971108703009,0.6291055536699481,1.216212863249488
core_secure_pairs,0.7666666666666666,0.3,32,0.1677166666342905,0.2986473952845594,0.1508693613607178,0.4798492886863117,0.9912103023766644,0.0115090732860539,0.0375137353586686,-0.2758906418013979,0.3664024661333494,0.8397805711484351,0.384495993245836,0.5694338181804668,0.8225490948811223,0.6839509768125152,1.249636934600838
core_secure_pairs,0.7666666666666666,0.3333333333333333,32,0.1675523663627193,0.3975843244065021,0.2015590532539455,0.512281523460274,1.0355520613752018,0.027281595353052,0.0312132218468161,-0.1500922058499979,0.2276168973628333,0.8341608781937144,0.3944387812974513,0.6460477567797085,0.8586485816315554,0.6885435356672334,1.3031259007686444
core_secure_pairs,0.7666666666666666,0.3666666666666666,32,0.1765417577682752,0.3789067198212346,0.2923486317500564,0.5247522843742147,1.0585743615410794,0.0542409527306856,0.013573775630007,0.0051720447381607,0.1561799754618463,0.8853479223681808,0.3929316547037408,0.6440542380663761,0.8851373766468131,0.7213044607184943,1.295557845245956
core_secure_pairs,0.7666666666666666,0.4,32,0.2037259349690123,0.4198069848236243,0.3688144857787891,0.5016565317212467,1.1496160806795594,0.0774148880455975,0.0055928246519532,0.0573775559434052,0.2341750255281407,0.9170760143542548,0.3958407977169084,0.7416351540020947,0.9656627870656902,0.7178006979886224,1.3710738575760608
core_secure_pairs,0.7666666666666666,0.4333333333333333,32,0.2351792066155246,0.3831122551189103,0.50170663629253,0.5546892390849256,1.1293030785030047,0.1074261047592233,0.0207552645127017,0.1491419104172296,0.2937345113862919,0.974594118115198,0.422211007565283,0.7448017110377122,1.0365271980044586,0.736385712233514,1.322033133155022
core_secure_pairs,0.7666666666666666,0.4666666666666667,32,0.2843349629843598,0.2895068764478596,0.5533238799814657,0.565538562065837,1.1727387222426788,0.1697229443380374,-0.014880729050894,0.2226058165630915,0.2748484393863208,1.0075496757238522,0.4350645142448112,0.6460501554845561,1.0943067841213618,0.7281531381963021,1.346550174644134
core_secure_pairs,0.7666666666666666,0.5,32,0.3209129340284811,0.313784018654332,0.5453515968028839,0.5393205118860149,1.226483695236848,0.1922763767718971,0.0237506871923519,0.1117108666019711,0.2995226018732068,1.0459913781465149,0.4650247339448422,0.7215683689621715,1.0579944094992215,0.6693184750051221,1.3911993090017092
core_secure_pairs,0.7666666666666666,0.5333333333333333,32,0.3524535375219064,0.3174566230855096,0.6102535023873347,0.544831573916692,1.2861535603419894,0.205904243249885,-0.0086357891953233,0.0713138392150116,0.3156333036091049,1.1466115669486427,0.4928038263901712,0.7292485056036864,1.106157013135154,0.6815209359661262,1.4406695642663012
core_secure_pairs,0.7666666666666666,0.5666666666666667,32,0.3958315610032107,0.3976004777035974,0.6551047235203136,0.5403045399609949,1.3656106391690708,0.2479425036645331,0.0039255790990683,-0.1612373405297376,0.3641684686468646,1.1483032252187533,0.5158303949215985,0.6704094125778033,1.1656697238058678,0.6922619921084012,1.515058117595225
core_secure_pairs,0.7666666666666666,0.6,32,0.4174084877935534,0.3051502372369742,0.68617140929484,0.6007116323667154,1.3024659445350857,0.2931131407437745,0.0139015358913939,-0.129999858103494,0.3784559765253127,1.1407611445131802,0.5348385910373333,0.6758040820998041,1.2025869041776178,0.7224396090915706,1.5102408192934829
core_secure_pairs,0.7666666666666666,0.6333333333333333,32,0.4804682498620576,0.3905330458898389,0.7247490639959384,0.5608138134744259,1.300736356417853,0.3680346325479877,0.0413186052708832,0.1393377050955425,0.3600775782355802,1.2012184750955552,0.6018812652356068,0.768613026535757,1.1976856107256046,0.729392258976811,1.504592882935924
core_secure_pairs,0.7666666666666666,0.6666666666666666,32,0.5130325644804405,0.527454272587622,0.7723912322864571,0.5800176785837884,1.393936688200908,0.4260676663189482,0.0514146875471836,-0.0469010233457512,0.433148483996432,1.2503499740653932,0.6246380359167744,0.8953853505240195,1.2571242301290773,0.7017313833533388,1.5559194340425588
core_secure_pairs,0.7666666666666666,0.7,32,0.5525066936869764,0.3906639873282961,0.7952264054768632,0.5615058664509778,1.419043044779554,0.4870820816572988,0.0470607560700577,-0.0030844113752778,0.3896464674544533,1.2795388897175564,0.6346610666677098,0.9092459588019288,1.3834622142357085,0.674769740188673,1.7272684950978567
core_secure_pairs,0.7666666666666666,0.7333333333333333,32,0.5808232981541709,0.378994960201628,0.8267099560915383,0.5793549401638424,1.4614563685212518,0.5133222935946387,0.043744533266759,0.0841030733384289,0.3861761491819099,1.3029597239465225,0.6566527331186526,0.8713054544777332,1.4374519568048578,0.7114894149922176,1.737605193029356
core_secure_pairs,0.7666666666666666,0.7666666666666666,32,0.6106624477417446,0.4156768167618722,0.8583631034338809,0.5932607018534097,1.4716803941148378,0.5602207857039481,0.0788491717475678,0.2380036525990245,0.383480539077349,1.3086115639690177,0.6889096552716588,0.9163276931835432,1.4634308032206969,0.713245102830565,1.6844347336827583
core_secure_pairs,0.7666666666666666,0.8,32,0.650643495158397,0.5472762178806339,0.9384668146572366,0.5791370918253842,1.580472604371688,0.5750515075013602,0.0810077464535238,0.127380040291538,0.3519479565716223,1.4302792960744029,0.7366243672876769,0.9012173300701836,1.5507945506257113,0.7228695751193674,1.7821332639274032
core_secure_pairs,0.7666666666666666,0.8333333333333334,32,0.714483656278168,0.3932389582041882,0.9130029178125328,0.6038087753530299,1.6641136504806455,0.6393709490752549,0.049150808100403,-0.015259090557478,0.40980336957349,1.4831705451980453,0.786164389530488,1.08583272876062,1.6385661665838032,0.6982215163709751,1.866804461193917
core_secure_pairs,0.7666666666666666,0.8666666666666667,32,0.7269192587674688,0.4144075656396185,0.919849300075014,0.6032216121289802,1.7503418072616717,0.6601735180133539,0.0996104700444857,-0.029782426885772,0.4128033168872556,1.5017118901445354,0.8074093380946508,0.9842825399932208,1.7276063564739712,0.698309112394319,1.9761432059931736
core_secure_pairs,0.7666666666666666,0.9,32,0.7351906061700342,0.4326492551069832,0.9435578970858194,0.5661314264635597,1.8178911308971968,0.6593291326016202,0.2008908879083851,-0.1158322073873773,0.3752551320673538,1.5552647722516613,0.8384286280687814,1.1447427877990108,1.8275824220246075,0.7025850320511313,2.113927979073225
core_secure_pairs,0.7666666666666666,0.9333333333333332,32,0.7720586377927292,0.557921649500432,1.055687629307176,0.5830108519581075,1.8706954835444491,0.6468686046536937,0.2523725610351642,0.0857377818835101,0.4049221949324861,1.556266567306374,0.9004208533251785,1.1070844295228786,1.9244399134711652,0.6931893892758297,2.219740624208712
core_secure_pairs,0.7666666666666666,0.9666666666666668,32,0.7858512370357542,0.7064305785163356,0.9943279610203034,0.5341464516623555,1.94856005387892,0.6772129683438128,0.3681959572722549,0.0724432403831448,0.3937646889487565,1.6461509116455104,0.9530934330913996,1.259785421420623,1.7108679913219085,0.6431106299809051,2.3517247795806617
core_secure_pairs,0.7666666666666666,1.0,32,0.794472731182402,0.750459472850004,0.984676831829586,0.5557631853294887,2.0247878076338184,0.655909693496801,0.3707308267667989,0.0921893024431229,0.4831279149602597,1.630780922752119,1.0126168319476023,1.1554057198807448,1.807098365348113,0.7102797753258132,2.3131227956227427
core_secure_pairs,0.8,0.0,32,0.0556231871608352,0.1320402444975594,-1.1231048155866,0.6452542542359891,1.3276126708893194,-0.1729815230885542,-0.1086704143229269,-1.903535907181279,0.5308060887951032,0.572181352369139,0.3698042422827952,0.5251636348780953,-0.2686732477566942,0.7322202155144162,1.91046226844601
core_secure_pairs,0.8,0.0333333333333333,32,0.0562041733506419,0.2350510888007215,-0.861920783784217,0.6346924594014034,1.0346380897758902,-0.1295483907171144,-0.1092496097703417,-1.5819405603530226,0.5020568224145496,0.607782611130684,0.3225738187027197,0.6033476093020445,-0.1392735496421644,0.7212605037597459,1.9131073842135025
core_secure_pairs,0.8,0.0666666666666666,32,0.0824235707866697,0.2978337428802616,-0.5797282165517731,0.5492253569421539,0.8638674339487622,-0.157711228869085,-0.1297836604443236,-1.667555861593215,0.4802730908726829,0.6418387497122299,0.3107606489620875,0.79062039498189,-0.0538032011486264,0.7377235111636813,1.865604606043633
core_secure_pairs,0.8,0.1,32,0.0835995177524694,0.2352026591862275,-0.4587297182848756,0.5205640901650703,0.8506709278296267,-0.1940290028138489,-0.1186662067791911,-1.612168354645105,0.4225731500669556,0.5039125399274953,0.2755207627865615,0.600548893739024,-0.104616461917515,0.7337427277401409,1.8104875428564264
core_secure_pairs,0.8,0.1333333333333333,32,0.0784852239488785,0.2463486811567733,-0.4040332638869296,0.5327452339528612,0.993547893287814,-0.1610547304322133,-0.1478809753918313,-0.991555516686084,0.3867159891019987,0.5154779549181252,0.241745145905741,0.575550349090129,0.134492944103794,0.7037205305956671,1.4630549595049551
core_secure_pairs,0.8,0.1666666666666666,32,0.06152052496626,0.3260939788199596,-0.1006795302363548,0.5297792345575161,0.8551964249586264,-0.1757532036834209,-0.1543144443331859,-0.837040773284535,0.3913602764692617,0.6099860879719889,0.2462939537930247,0.5721921333653455,0.3166500438434982,0.656687745776303,1.3720449621864863
core_secure_pairs,0.8,0.2,32,0.0872375869746768,0.2909606498786624,-0.1418962975082517,0.5434737667944045,0.9391736395051842,-0.0844486319102515,-0.1026744416067604,-0.6970174710970939,0.3945262537731056,0.6977301236787086,0.2431084928056933,0.5641026874704645,0.5110319831690998,0.6352646981072381,1.273849047115644
core_secure_pairs,0.8,0.2333333333333333,32,0.1091657679502041,0.3162743844706279,0.0207525543282599,0.4878259737876123,0.907489220957729,-0.0624098459797572,-0.07620065963173,-0.3450493724214166,0.4065347839003381,0.7426629742962212,0.223864924433586,0.6675544041126413,0.6327624514483137,0.6501570928663643,1.315910050181989
core_secure_pairs,0.8,0.2666666666666666,32,0.1145448524435273,0.3037672942517743,0.1134392737451624,0.4683929222503138,0.9046547380956323,-0.0198425890282837,-0.1025772708941463,-0.153721662240321,0.387490295499962,0.7693541957039897,0.2928249940777677,0.5838745897041357,0.7483664853499956,0.5752450052182736,1.2963882480145976
core_secure_pairs,0.8,0.3,32,0.1931549449687944,0.2851942231329702,0.2651137445211772,0.4695805371804603,0.9854642181295352,0.0134938739265042,-0.1088523431541927,-0.1997493808902759,0.3419887303720333,0.8254362948185904,0.4303982679843983,0.5763155729071745,0.8054198409942805,0.6309461510709669,1.2642103014630144
core_secure_pairs,0.8,0.3333333333333333,32,0.2061348169829355,0.3757250207133899,0.1967598579000679,0.5045016022793981,1.0815838850616517,0.037321535341213,0.0842367422815954,-0.1574531249044504,0.2761469679605479,0.8407397094563237,0.4243178551852525,0.7533228494715325,0.8534204720045606,0.650659975420433,1.3157481295266429
core_secure_pairs,0.8,0.3666666666666666,32,0.2080277009640329,0.3485176866876677,0.288250990236133,0.4750906849518489,1.0673276467137345,0.0620861697305505,0.085492944935331,-0.0091126827179688,0.1976467646247379,0.8715061074969095,0.4325791459976552,0.6848475721970932,0.8845256034262098,0.7099959969564518,1.3133458508894869
core_secure_pairs,0.8,0.4,32,0.2211587844855862,0.3223717635831696,0.3945181999476485,0.5431905606079399,1.1315825475206802,0.0900731032238105,0.0096489188940921,0.1239431284566743,0.2457227416322682,0.9201698527882164,0.4410447729456002,0.629566416867923,0.9482803367612967,0.7373811681781818,1.3262898585424852
core_secure_pairs,0.8,0.4333333333333333,32,0.2481209297170303,0.3381744709426312,0.4859563598667936,0.5703068560605933,1.1305634296071645,0.1145993898032834,0.0188379504583095,0.1436449294773701,0.3129569262089828,0.9369199243183964,0.4385544857388025,0.6681132113393101,1.0268512737065012,0.7365034968178178,1.2908782154602012
core_secure_pairs,0.8,0.4666666666666667,32,0.3420880299156444,0.3606496815323116,0.5458617235878653,0.5585076396930524,1.225833334752494,0.168798805643642,0.0307736314770382,0.2289396601034963,0.3047989372627633,0.9819406035046324,0.4492716521867437,0.644781393185818,1.0705900999965987,0.7224871564842581,1.3638199747950523
core_secure_pairs,0.8,0.5,32,0.3426668977023273,0.5388020050636402,0.6103428597609123,0.5313407498254298,1.2411556228543383,0.2108306731668491,0.0904858696987648,0.2581237106081547,0.3444388515576485,1.0422281214060782,0.468857327165324,0.7158926905913463,1.09350068365694,0.6864386631557461,1.3996732480108118
core_secure_pairs,0.8,0.5333333333333333,32,0.3966205670533705,0.3774729757047161,0.5953603008819619,0.4885164044483634,1.3097407966275094,0.241987381048719,0.1190392996737915,0.1481334359769451,0.3585336534338499,1.0890789782008456,0.5069932818044063,0.7261469287236371,1.1412430266369276,0.6460223458354973,1.449805903627243
core_secure_pairs,0.8,0.5666666666666667,32,0.4162638373682183,0.3461314937753529,0.6558984189924568,0.5687525884944825,1.330320117663844,0.2700300080072539,0.0589103368767632,0.2058046671504189,0.3627476272565095,1.1137043657766708,0.5373250528733546,0.6787948409147091,1.1350881915764233,0.7221838558057101,1.4824211170135473
core_secure_pairs,0.8,0.6,32,0.4446534839788015,0.3526973113712657,0.6912093868821906,0.5518457841250359,1.342912908037189,0.3001534804445499,0.1195493073305317,0.070774621420164,0.4070555689736994,1.1408005856771286,0.5671942220746398,0.723431188339328,1.1862527695505825,0.67716122464547,1.5453351885624942
core_secure_pairs,0.8,0.6333333333333333,32,0.4740176334645439,0.3473250678988122,0.7620843829979103,0.5841677406818776,1.3490320579287238,0.3676052514391064,0.0819632405363041,-0.1076631222715481,0.4061034422228724,1.1750801844208187,0.6060513152834307,0.6997781680359821,1.2577788343853311,0.7217889088068089,1.5044798497312315
core_secure_pairs,0.8,0.6666666666666666,32,0.501571223194141,0.3416488336182171,0.7940646306300336,0.5967663615428842,1.3284494539956704,0.4247299523580038,0.0553357976821585,0.0579350023156156,0.4215326430256674,1.2423765727253242,0.6240178745700486,0.716594426019418,1.3001455519174956,0.6995652450787742,1.545134720656649
core_secure_pairs,0.8,0.7,32,0.5389122000668417,0.3058299378543643,0.7962926147986156,0.5289993858675835,1.3813259685207555,0.4824434768694608,0.0305169784550039,-0.0381524275052527,0.4179979798137765,1.239303807804215,0.6349593898449055,0.7390454192656274,1.328573076829663,0.6856711202013461,1.546513749517706
core_secure_pairs,0.8,0.7333333333333333,32,0.5921894324408161,0.3705080338092856,0.8549109508311501,0.5839407189698664,1.4249160216813044,0.5205858487596323,0.1058735998386821,0.0342796364862692,0.351587641387917,1.291217617900375,0.668760816378749,0.7958856937291948,1.3942576598850034,0.693705817692642,1.5708011155206156
core_secure_pairs,0.8,0.7666666666666666,32,0.6272318195106722,0.4035542084169992,0.8520602986163806,0.5171088663055966,1.487966740646698,0.5517183628282512,0.1520693890134421,-0.0339301856643524,0.3703637222591807,1.3163170208508104,0.702763245741196,1.0055052958453872,1.4770677514044095,0.6841723469929348,1.6905402592413292
core_secure_pairs,0.8,0.8,32,0.6583640166117528,0.3796136813547251,0.8889054979234964,0.5491343228216272,1.551686807190034,0.6006560360377529,0.0773880672424916,-0.0479325279430387,0.366122702289104,1.3816136825955223,0.7417722928375983,0.8250076894909518,1.5569303543671231,0.7217814418976185,1.6611265490008738
core_secure_pairs,0.8,0.8333333333333334,32,0.7185406441040731,0.3617315249999562,0.9050290398299236,0.6063392705184569,1.5788561084849864,0.6462532065803237,0.1107532538514431,-0.016492203005048,0.3961970587815423,1.3526122176369324,0.7979132594871752,0.8973648164343597,1.6522350142710236,0.7275153893788913,1.7161212782134645
core_secure_pairs,0.8,0.8666666666666667,32,0.7571324709556777,0.4629795268058466,0.926209335040038,0.6245455496397303,1.7190387506444762,0.6709454578592584,0.1796491885213794,0.0377135904548203,0.449726417741498,1.5110603601123485,0.8403557314115107,0.9651666510016502,1.7449669798224487,0.7360616525771384,1.93741689672698
core_secure_pairs,0.8,0.9,32,0.7808815465464125,0.5484565691890262,1.0524444394105354,0.5998725870788522,1.740518973140074,0.6838047597667796,0.1476128107022796,0.1898310627853569,0.4185498716081173,1.562988973230168,0.8628520835011754,1.0416144294275806,1.8280954969179777,0.7311543804438472,2.072333169188733
core_secure_pairs,0.8,0.9333333333333332,32,0.804188943646952,0.5790560195024457,0.9888575305438904,0.5496220562300611,1.8275269852107687,0.6887952322203952,0.1763823673665016,0.0997613178248779,0.4263862529749659,1.5941031243886168,0.9275962624897484,1.067084977994618,1.9331974366748448,0.7396522945601911,2.3207839616576287
core_secure_pairs,0.8,0.9666666666666668,32,0.8013926770452651,0.6705508410640857,0.9674648635578044,0.5818684514228473,1.8569752768487304,0.6944972554339164,0.1562266553745979,0.0408626433451057,0.3894206844931204,1.5523724875116711,0.988682966029538,1.1257695603164206,1.83153204185064,0.7130231602136059,2.245502588047791
core_secure_pairs,0.8,1.0,32,0.8558931280818194,0.8820520742389439,0.9552268047262032,0.5732401666644826,1.9489556665965104,0.7239307301778355,0.3094484965505207,-0.046284298665406,0.425916154347053,1.7343341301837285,0.9985834567106198,1.219679647297556,1.8024514363149469,0.7167016417666492,2.452750125269616
core_secure_pairs,0.8333333333333334,0.0,32,0.0551262080234768,0.1521307411366934,-1.0353933219000215,0.6550376657903627,1.2621526901221576,-0.1722083398734327,-0.2009771524760289,-1.8732789363785884,0.5108135187861003,0.6629118167582266,0.3929800394822156,0.4794379573641115,-0.0838480735125731,0.8170965057903519,1.88145066349324
core_secure_pairs,0.8333333333333334,0.0333333333333333,32,0.0556414717639444,0.2238648260702687,-0.9686743179045754,0.6122489768281147,1.0386579715081892,-0.2033697246642203,-0.0746945360706506,-1.4654923904090675,0.481851141272597,0.6427921275229008,0.3531800775200369,0.5856609968374553,-0.0630263238549337,0.7495850712854844,1.796157892940342
core_secure_pairs,0.8333333333333334,0.0666666666666666,32,0.0954930843359085,0.2215881168698214,-0.5547310435646602,0.5899821157681867,0.8455783078495535,-0.1972128618645616,-0.043870639057809,-1.9500839086577968,0.4628210744797635,0.604469877255549,0.4450809240786357,0.5713478756187552,0.0253349406168003,0.7737900099035437,2.030584058107121
core_secure_pairs,0.8333333333333334,0.1,32,0.0932560034461059,0.245520018188128,-0.3241476738604643,0.5361490564772942,0.8426531984715508,-0.1266646432870153,-0.1021326906260179,-1.728770826014144,0.4111835843818529,0.5402746533261447,0.3996045340045185,0.6120748874359041,0.0259389000987745,0.757342933546223,1.9272556872994309
core_secure_pairs,0.8333333333333334,0.1333333333333333,32,0.0962952902532346,0.1990500481450257,-0.1844428285163005,0.5317111628288234,0.912416175763537,-0.1300025161378059,-0.0381793725368462,-1.1220447339603568,0.4237304950337147,0.5326918495964941,0.3557835209419895,0.5861430341257201,0.3147806166109603,0.7467007638893068,1.5002419170584291
core_secure_pairs,0.8333333333333334,0.1666666666666666,32,0.0826660723071039,0.2707854447435404,-0.2350218098182186,0.5721919603164385,0.9017966967497102,-0.1469107155557306,-0.0233538872307135,-0.6630248519469375,0.4510280169893885,0.5868863778843934,0.2731080455539925,0.614057331976327,0.3314793293755529,0.683596003747672,1.2889979458478926
core_secure_pairs,0.8333333333333334,0.2,32,0.0930587585975291,0.242233991096171,-0.1467840068535838,0.5493333950161274,0.8865831372266569,-0.1227215457739979,-0.1122664654965512,-0.4716381902762369,0.3788434379782477,0.6704482072392931,0.2696420856695641,0.6137643997050721,0.4988499828410307,0.6831212818246951,1.1971865149699323
core_secure_pairs,0.8333333333333334,0.2333333333333333,32,0.1115025241302278,0.2410763605601356,-0.1090379382576184,0.48383253668868,0.8503748945570633,-0.0661808174551287,-0.1152547355767713,-0.3415488028472733,0.3423731503084753,0.6811467933710784,0.2848026379584276,0.5965357734335386,0.6313419537319042,0.5902606962837441,1.2355533537019978
core_secure_pairs,0.8333333333333334,0.2666666666666666,32,0.1243153664748705,0.2558584282613942,0.0531670024823031,0.4597207476472116,0.8995224612597319,-0.0404380216044024,-0.2135809827362451,-0.2889789243590399,0.3291184674962047,0.7333413292151425,0.245481104487147,0.6028239242209428,0.7375745472938076,0.6020448791599565,1.1761844491461473
core_secure_pairs,0.8333333333333334,0.3,32,0.1575915652459434,0.2394637505395207,0.4472626675216112,0.5194607204019969,0.9670577031390925,0.0023229011287192,-0.1557664786912157,-0.1465580159234471,0.4054834640869732,0.7884301748200981,0.2559804744295149,0.6184465918028131,0.8344075957169819,0.6485396354607255,1.202417098022576
core_secure_pairs,0.8333333333333334,0.3333333333333333,32,0.2119432154331571,0.2361941623869057,0.3711417344182933,0.5129981365689704,0.9913726019071336,0.051769011046894,-0.1335161734920207,-0.0103598325050875,0.356205073051159,0.7966789685992817,0.4640828044764756,0.5645487924077885,0.8920392492252919,0.612225748454585,1.2205042486446769
core_secure_pairs,0.8333333333333334,0.3666666666666666,32,0.2228048151092967,0.2570778729403528,0.2481600149051322,0.5036044475020003,1.0887795710823551,0.0667226418024265,-0.1483389279357403,-0.0312371040847991,0.2084540702536622,0.8473326169796201,0.4553077774407266,0.5585429333338265,0.8828813532285857,0.6398147390727262,1.3009322148527436
core_secure_pairs,0.8333333333333334,0.4,32,0.2373402991993113,0.2776340607410727,0.3709632669772273,0.4657288881372972,1.1907023370609893,0.0905928365706425,0.0414556845599039,0.0413547298236971,0.2129088827268067,0.9110786095009022,0.450029235588733,0.6362736282135586,0.9431490621362488,0.6376785402564422,1.3802228638349343
core_secure_pairs,0.8333333333333334,0.4333333333333333,32,0.2557515941794814,0.2861860425325457,0.4584061288297609,0.4576785784778874,1.2099924599604852,0.1276907509920704,0.0391060622844818,0.1847670950034491,0.2459208343533819,0.9366557301817734,0.4619370361095413,0.6868145836696025,1.010748882068211,0.659700512003414,1.3750128599923632
core_secure_pairs,0.8333333333333334,0.4666666666666667,32,0.2858012299822804,0.2930715668840024,0.5099040990087373,0.514846623059114,1.221695959887836,0.1559512651261514,0.0354958194599605,0.2169117307781918,0.2829566629724412,0.9874943449636328,0.4642738098395392,0.674313878469359,1.0781456462224313,0.7284078443298483,1.3473461011938783
core_secure_pairs,0.8333333333333334,0.5,32,0.3405887323929469,0.2781385884026109,0.5573177247876229,0.5174829355069812,1.2420468237651634,0.2089050859403674,0.052307941685072,0.27102395572617,0.3327187203478565,1.0519464961241285,0.4818448500975237,0.6574203176732617,1.128010628723788,0.6658783768315274,1.3901147481056677
core_secure_pairs,0.8333333333333334,0.5333333333333333,32,0.3850350278871652,0.2681567765211374,0.606728769730595,0.5230749298986885,1.2442133570085514,0.2531233057678947,0.0217441521872171,0.2926093359908158,0.3642764151727736,1.0746795279868449,0.5524807491330141,0.6524626968189919,1.1077387720794,0.7338234622302771,1.4387294325428874
core_secure_pairs,0.8333333333333334,0.5666666666666667,32,0.4162430139314172,0.2544549151041193,0.6719674442439817,0.5578863074749785,1.2668918753250908,0.2820516402139016,-0.094370093376355,-0.06221672924475,0.4080965452882829,1.1321048718738973,0.567144622481585,0.6574329854155556,1.1168222869375608,0.7469820426714745,1.4271470643382458
core_secure_pairs,0.8333333333333334,0.6,32,0.4635975085898446,0.2720178340306346,0.7096003522439637,0.5580590672405259,1.32266373545121,0.3016138360099349,0.0780166280472778,-0.0593964893154752,0.4343360806510518,1.1591985364901924,0.5919975741453497,0.6966554138511681,1.1604726496825166,0.7220395501807746,1.449934590145415
core_secure_pairs,0.8333333333333334,0.6333333333333333,32,0.4841088109490301,0.287973343846075,0.7718807903777305,0.5537762127105594,1.2933314982122526,0.3478897794466655,0.1591715843588202,-0.1058135594228379,0.3764509907407419,1.2003437889921955,0.6165693783702706,0.7196288610376,1.2065330157158476,0.6996147036067438,1.4922292214392034
core_secure_pairs,0.8333333333333334,0.6666666666666666,32,0.5297131445207557,0.3206344505069209,0.8276374076866184,0.579783804690015,1.3281867549683757,0.4332505107933708,0.1766888187129577,0.0419577490508104,0.3632202567031702,1.1990253442716992,0.6611776834310292,0.7436002703741977,1.2663062482328742,0.7106701521106962,1.5630919723949188
core_secure_pairs,0.8333333333333334,0.7,32,0.5611404912197652,0.2833087625561985,0.8213800967368491,0.5736940718845082,1.3545299127313075,0.4791585933829771,0.1152200844620398,0.0511583618369598,0.3801318186204072,1.2444675586927645,0.6695328956908411,0.7726264750236008,1.332754602705024,0.6865804471110978,1.6267599854420016
core_secure_pairs,0.8333333333333334,0.7333333333333333,32,0.5887854974589175,0.3254269988557758,0.8740957890263931,0.590820054973511,1.4133997188442828,0.5383258376938872,0.1374563208815981,-0.0049156652038911,0.3764754072314689,1.2318328625100683,0.6891073457174262,0.7986060618955422,1.402238339039871,0.70430697358895,1.610264758018618
core_secure_pairs,0.8333333333333334,0.7666666666666666,32,0.6346010098823834,0.3534152701123458,0.8611401744038838,0.5575634648161482,1.4925534538691672,0.5702397787006648,0.1301406317048878,-0.0240582022379674,0.4073532391810705,1.3640964158439717,0.7234650144178602,0.8970132208189695,1.4642499746768205,0.7032887460724491,1.7343466047170053
core_secure_pairs,0.8333333333333334,0.8,32,0.6728414966170185,0.4530332107714447,0.9176033577891144,0.5775785687813697,1.538325706598531,0.6027994745573168,0.1706831004969098,-0.0631923224660018,0.4464886210552564,1.3300700004001715,0.7874938506878857,0.8528267608767528,1.51688819956549,0.7026432200447785,1.7712794438847617
core_secure_pairs,0.8333333333333334,0.8333333333333334,32,0.7234798479284565,0.5594937017278243,0.9567195931726008,0.5790553769703211,1.5945300016796962,0.6381784350691535,0.1422142008511781,0.0192381448963995,0.409208888599864,1.3924827661256496,0.8213403525338996,0.9063699321293568,1.6433211531848346,0.7473607424860955,2.014863181934859
core_secure_pairs,0.8333333333333334,0.8666666666666667,32,0.7833976931644124,0.3798685664729047,0.93594087687566,0.6018528643539023,1.607264953113683,0.6970004817302087,0.164692186081105,-0.0187345783731149,0.4399779271896225,1.382536437277036,0.8618509909455394,0.9601281927938032,1.7428939726917752,0.7452654052966589,1.9098112273946712
core_secure_pairs,0.8333333333333334,0.9,32,0.816621279343305,0.4411893180444843,0.959343426313221,0.6271756516383753,1.7049583937765131,0.7154610340686902,0.1149465512928338,0.0248444834085322,0.4775184608630486,1.3914938794262397,0.8743429676341392,0.9457951660638376,1.825820908250221,0.7200354887671591,1.965597279481068
core_secure_pairs,0.8333333333333334,0.9333333333333332,32,0.8310324270531722,0.4805015534442121,1.1301302365911752,0.6018046374017177,1.7894882580860103,0.7275000759738405,0.1145007355043444,0.0328036959140011,0.4822555544974286,1.4861149621798782,0.9388049643043902,1.081476859363114,1.9485367167665664,0.7292576679663177,2.0809067405261814
core_secure_pairs,0.8333333333333334,0.9666666666666668,32,0.8395264916347396,0.6130298390274997,1.08214599921023,0.608187691368486,1.8014647986218404,0.7458315459882086,0.1896601934935852,0.0425205999465584,0.4502620502159026,1.5660606715429353,1.0104357641405244,1.155686145667162,2.0962498208734632,0.7285376402011852,2.389168659766296
core_secure_pairs,0.8333333333333334,1.0,32,0.8830992693500104,0.829820329308146,1.1181017308209675,0.5898299060267331,1.890320504053009,0.7676621803813766,0.2921383168246142,0.1092261959099439,0.4305727023211342,1.5966776668763203,1.0678905181712226,1.1855385419829114,2.1301505450897094,0.7228716612957068,2.3306660801267647
core_secure_pairs,0.8666666666666667,0.0,32,0.0282612833294032,0.1096749582244525,-1.0020967107910264,0.6615111113728454,1.0613259907946766,-0.2248479570518546,-0.1885558797207135,-1.8016281789971087,0.496276192653167,0.660186932978184,0.3739515106892112,0.2698503882276526,-0.1230006945971094,0.8185929254714462,1.7850269758447828
core_secure_pairs,0.8666666666666667,0.0333333333333333,32,0.0470911216894907,0.1570193330510721,-0.8853296354523947,0.6364810299005847,1.0949471008521148,-0.2371572447607522,-0.1344119379287201,-1.6007659327910857,0.4734149688292198,0.6250359303208864,0.3720563590990151,0.4230342551570186,-0.0175198263676929,0.7610441847491282,1.8579471861583536
core_secure_pairs,0.8666666666666667,0.0666666666666666,32,0.0455926217304103,0.1844846502139787,-0.6029113043023151,0.6061638498367699,0.83364828780111,-0.1979238575802674,-0.0670739634120425,-1.4557728610911638,0.4575434265162951,0.5847373567407483,0.3274660962679223,0.5109531704942634,0.0711301156620851,0.7495771033792169,1.6896487445878967
core_secure_pairs,0.8666666666666667,0.1,32,0.0707079409953589,0.2120139838510231,-0.2885774579992471,0.5368255422422731,0.7717770038863012,-0.1947454156047755,-0.0352974496362059,-1.718341393862259,0.446003814558343,0.5370216170966653,0.3724610935956962,0.4901197717799928,0.1807201708428579,0.7506544923876841,1.847006478326514
core_secure_pairs,0.8666666666666667,0.1333333333333333,32,0.081334947136438,0.2244584081045345,-0.1180820396683027,0.5624353543210084,0.9616496302211018,-0.1759147940862008,-0.0437597552193881,-1.1344625639323191,0.4163068119442327,0.5513727962879182,0.3499889134704461,0.6444818743561813,0.3761482525059401,0.7341300260112319,1.4132205618780354
core_secure_pairs,0.8666666666666667,0.1666666666666666,32,0.0988415886582027,0.2041874051171183,0.0646028468474737,0.5839842972046283,0.9656071774271568,-0.119775167229521,-0.0412571258778212,-0.665228745833105,0.4028576802323497,0.550432443633417,0.3675449949479639,0.5575833230168361,0.4794050935538464,0.7226083245346187,1.2749882570666389
core_secure_pairs,0.8666666666666667,0.2,32,0.0833081566948639,0.2382555084898922,0.1221030424133564,0.5894024305304653,0.875074895238171,-0.1045733659626424,0.0085364578821836,-0.4097706017784567,0.4115303646606366,0.6786516721678996,0.3596993722498118,0.562065513201583,0.5357520929727194,0.7157266484739977,1.2265867781213011
core_secure_pairs,0.8666666666666667,0.2333333333333333,32,0.0847335737884678,0.2422045286184178,0.1672762338191232,0.5721559080222054,0.8952107212897085,-0.1032672435887146,-0.0066083690414159,-0.3296930059690257,0.3856613771696133,0.6959241835148859,0.3604680198769124,0.5558653934523996,0.6606551938063375,0.7160834007346912,1.2987524818390983
core_secure_pairs,0.8666666666666667,0.2666666666666666,32,0.128141716733465,0.2471816947459035,0.0690735749046,0.4887010955892676,0.9146535195062592,-0.0736608308204436,0.0058492363749794,-0.3156662200927937,0.347329301941456,0.7282372464058016,0.2838248061072462,0.5778997369126733,0.7457744497180097,0.6841242901894405,1.1739972374523058
core_secure_pairs,0.8666666666666667,0.3,32,0.152326816373189,0.2059654640419207,0.1555590823989444,0.50562747609745,0.9232428312069272,-0.0156648439182597,-0.126008492034456,-0.2807568695971282,0.4211321779176032,0.7691060026081654,0.273032650812931,0.4975043316588334,0.8106747150794653,0.6480811517564211,1.2137734925404695
core_secure_pairs,0.8666666666666667,0.3333333333333333,32,0.1650568900906379,0.2454842373353766,0.2742374435704187,0.5047931064495081,0.9803148776649612,0.0268236602778684,-0.0508945606579258,-0.1650509515107061,0.3590752057989274,0.7863275942453525,0.2847842074321706,0.5246568421871827,0.8308643081359776,0.6334055433029997,1.182623707395492
core_secure_pairs,0.8666666666666667,0.3666666666666666,32,0.1933636253135519,0.2448365583637761,0.5326078350406575,0.4621416824129129,1.0625606782832442,0.0539100299615977,0.0344383184361008,0.1380266151513214,0.2841527919628355,0.8524268147135964,0.3094914245504541,0.5484986857414524,0.9634912969895516,0.6619960169745014,1.2596253487095617
core_secure_pairs,0.8666666666666667,0.4,32,0.2516850369493723,0.2524306494063065,0.5050765024815882,0.4758714142860223,1.0969745305512937,0.0861981466015612,-0.1011646423416179,0.1593715365422231,0.256585341844451,0.8870024293751051,0.5004533824069449,0.5237155537796283,0.9764576354829184,0.6234820391740968,1.242632852276475
core_secure_pairs,0.8666666666666667,0.4333333333333333,32,0.2576440848184517,0.2165215566091147,0.4031351105010582,0.4874479476733123,1.1314642165324924,0.1359865733413704,-0.0228774888565057,0.1286852232951587,0.3254078763027126,0.9478507509049487,0.5007146492901803,0.5640689109915736,0.9685813887154296,0.671508760806142,1.329238916530583
core_secure_pairs,0.8666666666666667,0.4666666666666667,32,0.2989224528447721,0.1714856617501785,0.5887878925029131,0.5376476181213452,1.2117093662118927,0.1657891323894288,-0.0635511370632311,0.2176594941124553,0.3457882309312471,0.9937563106805508,0.4877514711340835,0.5633751909051777,1.074410253637195,0.6803177494847474,1.33780276632666
core_secure_pairs,0.8666666666666667,0.5,32,0.3581186565401139,0.2312164195558095,0.6272030188780436,0.528006639100663,1.2101964067622657,0.2003536100036025,-0.014345463085271,0.2856657375116642,0.3925721154756927,1.0247598760736285,0.5588924861988412,0.5674711766970639,1.126059903007376,0.6899570051298793,1.350875900662753
core_secure_pairs,0.8666666666666667,0.5333333333333333,32,0.3873100884395244,0.2349755543201347,0.6160008816217977,0.5311363013057707,1.2469217095018008,0.2511422352478019,0.0513912570925527,0.3442866881559607,0.4078406777956869,1.0639394251300742,0.5767615250968016,0.6125376511440674,1.0906584264702694,0.693377331029383,1.3647255702043382
core_secure_pairs,0.8666666666666667,0.5666666666666667,32,0.4159109580130882,0.2800250210408331,0.6754383263898409,0.549433312678804,1.3069196766040505,0.2968050598690024,0.0063779245672931,0.2818067524766707,0.378072479274613,1.1033277219508966,0.5901827276377177,0.6599531667552867,1.1370071832849162,0.7018877704475386,1.4603492822040938
core_secure_pairs,0.8666666666666667,0.6,32,0.450042621335934,0.3346443968323044,0.7121878193387026,0.5387477708393634,1.348060338394118,0.3286837021895923,0.0454314954602791,0.2902428608126647,0.3519535561739256,1.151436832152803,0.6018952231737057,0.6954772740880951,1.14382136715542,0.7294221323386595,1.5129941763219683
core_secure_pairs,0.8666666666666667,0.6333333333333333,32,0.4911544246192398,0.2874175759235824,0.8116058295600026,0.552940075793688,1.3623764093776691,0.3705537429083464,0.11014956536994,0.3169252198225044,0.3633397205278596,1.1259170697984615,0.6178434235684358,0.728431236081604,1.205281056515772,0.7526555015796377,1.47504948355429
core_secure_pairs,0.8666666666666667,0.6666666666666666,32,0.5369233141443515,0.2843154119284307,0.8329025087969408,0.5603833458378682,1.3168045508379136,0.423560480464157,0.1176277463441187,0.0009723630911201,0.4066682487218838,1.088165347224776,0.6749937900160294,0.6779837626856839,1.2695529108863477,0.71038600391924,1.5000019600232166
core_secure_pairs,0.8666666666666667,0.7,32,0.5534200352551333,0.27203909835021,0.8834857001519983,0.5930908424027899,1.3844078618163822,0.4791550328717655,-0.0107124550117983,-0.0842339052786731,0.4195546411946985,1.2237467256068728,0.7057212051458002,0.7165099951611325,1.3352596834961985,0.7216004618165669,1.560634842615266
core_secure_pairs,0.8666666666666667,0.7333333333333333,32,0.5831036286152895,0.215805084670706,0.946732179634856,0.6059164645070241,1.523911717214714,0.529171397633273,-0.0202982967012747,0.024988108640655,0.4123971200378269,1.2897736759011995,0.740961891603416,0.7117228987404199,1.4083075766081274,0.7414818977808568,1.6639216634942582
core_secure_pairs,0.8666666666666667,0.7666666666666666,32,0.633154268161117,0.2256132054740326,1.0164796334056634,0.6212105696829961,1.4640143468383124,0.5536163434384623,-0.0574026095149613,0.0287793141535093,0.4330842924889568,1.3037066666818309,0.7801522689636178,0.7655927126742572,1.4599605457626097,0.7115321737980169,1.6274930501662872
core_secure_pairs,0.8666666666666667,0.8,32,0.6812319568241463,0.3977148454904883,0.9086744594911752,0.6000884702638674,1.5394704171207785,0.5994459498238052,0.068339199773415,-0.0475071619517177,0.4065509152730036,1.390928273119173,0.8391615562275716,0.8056729856864379,1.5221509007197498,0.7181117555080855,1.667927261306302
core_secure_pairs,0.8666666666666667,0.8333333333333334,32,0.7468983609217501,0.404353059952754,0.9374108143005466,0.6239358147265621,1.5961279838751248,0.6407037503705324,0.1242654187611058,-0.0243523531461634,0.4148517140641522,1.4248564201857683,0.8706507565078218,0.9002693519524215,1.624417817599509,0.7244451660630133,1.7225246739504434
core_secure_pairs,0.8666666666666667,0.8666666666666667,32,0.8195795012702359,0.4453279908422978,0.9554743270814904,0.6371143609158573,1.6837119538389935,0.6761016083055299,0.0415825502847054,0.0084864170222331,0.4512126024423292,1.4099207412325545,0.869731833641722,0.9006589169930517,1.6188736789772509,0.7351829736401243,2.0259664126540886
core_secure_pairs,0.8666666666666667,0.9,32,0.8454842546761061,0.4509025074072557,0.9753980428560102,0.6053551134611508,1.7250165665494448,0.7192059983858524,0.0441233433265234,-0.005572011565138,0.4636028400456145,1.4049216776299724,0.8943049541733374,0.969822819490854,1.8316489878940856,0.7393024681161523,1.9792518301088136
core_secure_pairs,0.8666666666666667,0.9333333333333332,32,0.8583957245637167,0.580606113384139,1.000826422217603,0.5941771186172602,1.7802208177769447,0.7407288027173684,0.0465566085087949,0.0258357227845231,0.4720962998672049,1.367230816507878,0.9645692150357889,0.983826380177392,1.9626281120636544,0.7301855186877062,2.061784639008746
core_secure_pairs,0.8666666666666667,0.9666666666666668,32,0.8769257934848966,0.6039848663387934,1.0518663594633957,0.6139566515989912,1.821977998530635,0.7682893163565053,0.1310948543107336,0.0735840874162581,0.4818821406119904,1.451837151110619,1.0470204188946943,1.134974325035099,2.134244448468002,0.7476768949815578,2.4046064886366465
core_secure_pairs,0.8666666666666667,1.0,32,0.9113928366182368,0.6720386750162863,1.1799904597015023,0.6696474768984803,1.866245302450712,0.8011653180486972,0.0923968047339599,0.072575121245059,0.4861007154975419,1.5919321443298649,1.0994272009491015,1.156577979834029,2.229047975608058,0.7473256408816693,2.512302496177658
core_secure_pairs,0.9,0.0,32,-0.0007255060562749,0.0407093960975482,-0.7395569024656122,0.6208343864925177,1.082404359418275,-0.2375164610963254,-0.1935097885039367,-1.7459758223607114,0.4799649547937562,0.6553479707683371,0.2115230759137323,0.2415295357243124,-0.032126438091292,0.7626829782150908,1.7510483376581991
core_secure_pairs,0.9,0.0333333333333333,32,0.0106748051083356,0.0640396782052563,-0.7922087992866969,0.6165407668249101,0.8639997918687973,-0.2464956251434021,-0.2418772493469209,-1.3353131889442285,0.4616814998994191,0.5630856830413883,0.3348482232703063,0.3316674934607131,0.0658838180708402,0.7364937596481912,1.3418381199459055
core_secure_pairs,0.9,0.0666666666666666,32,0.0188942841807452,0.1049864295688731,-0.544938311070287,0.5926255707381205,0.7146820783902972,-0.1996870629654197,-0.1705734029116438,-1.4973587216468136,0.4644304182042823,0.5354057956958987,0.2891767984029969,0.4177965970689152,0.1184173327370092,0.7400524783203599,1.591967371644902
core_secure_pairs,0.9,0.1,32,0.0566936216120396,0.1675399160675212,-0.2991122795326529,0.5320067955263774,0.7410514255788212,-0.196389104577537,-0.1277548534250441,-1.0278660975474183,0.4517643684206396,0.52308003876059,0.4391631905742187,0.6723045048077682,0.2384607166096617,0.7215261731125313,1.5053557122632646
core_secure_pairs,0.9,0.1333333333333333,32,0.0536023224240659,0.1851261320180282,-0.1366501293733432,0.5497674214199475,0.921262603838666,-0.1924266574955936,-0.0775647934279463,-1.2107855864063222,0.4305114624892009,0.5353263960985131,0.3982563001126459,0.607123775929028,0.3378358832582216,0.679770594658532,1.474293804915284
core_secure_pairs,0.9,0.1666666666666666,32,0.0768069016550886,0.132250924458936,0.0510069586231355,0.5776306275534336,0.9527835430806766,-0.1603466518282004,-0.121937695599146,-0.7469882592721598,0.3759029923405681,0.5414802347908692,0.3642366668939574,0.4478668774553944,0.4793991154106048,0.6934104879347511,1.21306403857494
core_secure_pairs,0.9,0.2,32,0.0899191744917769,0.1863590269257188,0.169469493169425,0.6058130637844019,0.8607904882291393,-0.134735799237738,-0.0442543913575492,-0.441679306643718,0.4328196550946494,0.6870687158386557,0.3371903881824191,0.4651590614478798,0.5437276527134386,0.7315703653130176,1.0683187580158804
core_secure_pairs,0.9,0.2333333333333333,32,0.097259158409432,0.2309600219935755,0.2710157323539577,0.5860696895853057,0.8634908284671351,-0.1073067809055289,-0.0223518231197991,-0.2186454108229739,0.3937313026719252,0.6991670256552558,0.3266471197433865,0.5062286512867488,0.6648644888664424,0.7195829013586738,1.08636703023591
core_secure_pairs,0.9,0.2666666666666666,32,0.105475493481465,0.2323586895178687,0.2181857412099657,0.5561728347128738,0.8839381179056651,-0.0567097585942701,-0.0444120947305519,-0.0658441231395243,0.40204959530412,0.7407175014496831,0.389186244765824,0.4557124210421077,0.749147292811888,0.7207364786169049,1.1524564247556528
core_secure_pairs,0.9,0.3,32,0.1249620523670153,0.239729316179434,0.3609214736624002,0.5200119510319547,0.9181153952589672,-0.0277684902648355,-0.0279288856572355,0.0320310448803899,0.4014471172670908,0.7307825103906354,0.392756954961751,0.4974920191700607,0.8130853023982381,0.7417778236361556,1.1491993448051068
core_secure_pairs,0.9,0.3333333333333333,32,0.1475011466219622,0.2361602620975788,0.4942851956400066,0.4979355895729158,0.962192593633924,0.0032359256240309,-0.0152684305889602,0.0264602077400493,0.3418153948269409,0.7780692547994441,0.387865352589927,0.4740352921538679,0.8533831328104813,0.7196739211577083,1.1839169670922942
core_secure_pairs,0.9,0.3666666666666666,32,0.1785962911859174,0.2554682433269469,0.403196391853546,0.4911616722909914,1.0744844416965356,0.0586283734811771,-0.0055356110973503,-0.0275018364080244,0.2846068722604765,0.8386130872895273,0.3853401126411941,0.578187599773966,0.9016539468345672,0.7238485758828208,1.2982034746533846
core_secure_pairs,0.9,0.4,32,0.2000514974425709,0.2882856861636768,0.4346455594252265,0.5369683515427353,1.1345994334273624,0.07660421212107,0.0337326488852442,0.095982453537894,0.4212393624287461,0.90747007188685,0.3444751373813438,0.5851417582086639,0.9706985878583552,0.7131674022754103,1.2615673396683271
core_secure_pairs,0.9,0.4333333333333333,32,0.247828184304317,0.2778197598943049,0.4860268514713215,0.5287963337503407,1.0954729097411788,0.1109122743699599,0.0461774280996579,0.244216376572714,0.3379867111012316,0.9268125461691856,0.4114496061609358,0.5710071046839302,1.007511556691478,0.7127365169488005,1.1965320799073953
core_secure_pairs,0.9,0.4666666666666667,32,0.2960234846196808,0.2687790232520113,0.5578036134603187,0.5079922260916502,1.1485122738700289,0.1720791026399238,0.0022406461415493,0.2251623853453164,0.4198379147285049,0.9505553050596622,0.5358755387973432,0.4614568176467079,0.9887883965779098,0.727153636425283,1.284323907692264
core_secure_pairs,0.9,0.5,32,0.3498042625990037,0.2124584569619911,0.6125971078879272,0.5273460808502013,1.1878367119161757,0.2127370632280996,-0.0363999136931812,0.2858701884840912,0.4231449360726675,1.009249662917853,0.5772117159894137,0.5447249111981014,1.12047324061542,0.7278435658823819,1.3549167509015654
core_secure_pairs,0.9,0.5333333333333333,32,0.3841834249206742,0.1273943154851272,0.6814460942662587,0.5613383373746836,1.1741654941961253,0.2488140570341633,-0.0654872249381535,0.343246038943805,0.4078521338656173,0.9960698447829744,0.603426805656933,0.4735271986194045,1.1749156642789869,0.7349469049672873,1.413461397955028
core_secure_pairs,0.9,0.5666666666666667,32,0.412404148283257,0.2646247401555703,0.6843868642868294,0.573643083432051,1.2862399904760893,0.2842078873668939,0.029128663882154,0.3533882071541916,0.4250950688008495,1.1292104454801812,0.6199391237483985,0.5772053740348726,1.1454407444237464,0.734329116977005,1.453864522448852
core_secure_pairs,0.9,0.6,32,0.4497767857880284,0.2559869697331517,0.7518474358680198,0.6121770485447746,1.2739458460007165,0.331091340187972,0.043517385763641,0.4086607842714754,0.4678535382750124,1.087564937561886,0.6389421667405946,0.5828024601211342,1.1778371239940293,0.7402032587213119,1.499683246596671
core_secure_pairs,0.9,0.6333333333333333,32,0.490421112787643,0.2195300704364842,0.7766054337988939,0.5775211700931793,1.3350855799762504,0.3769507648475598,-0.0212531757528756,0.2435743696614142,0.4092857675102481,1.100061844149585,0.6343330651782947,0.6218206437423257,1.2079489630552298,0.7384872452614819,1.5455356279852706
core_secure_pairs,0.9,0.6666666666666666,32,0.535304088797601,0.2295130260943054,0.8247632727415459,0.5914739663888479,1.3761140526843083,0.4223332914208159,0.0476268849825718,0.2405058857166817,0.4357971239800575,1.1739115364348738,0.6547739613351768,0.6094059566819613,1.2786153174138053,0.7387371828963392,1.4936476117797548
core_secure_pairs,0.9,0.7,32,0.5816429600478552,0.2166769407184924,0.9266893586070346,0.597191313038199,1.3193112919581176,0.4788899578608833,0.0409479471098196,0.0098665531008362,0.4022643504890016,1.1494345680382465,0.7284588433903176,0.6665363840500385,1.331751557588967,0.7305528578844146,1.4978908439976348
core_secure_pairs,0.9,0.7333333333333333,32,0.6100897397155844,0.2297850261376387,0.9729052177762672,0.5603526391174172,1.4261091641939934,0.5307197956483972,0.0146846297486975,-0.0216632535830729,0.4081129545107137,1.2004522192857152,0.7578027561823347,0.6890437074853797,1.4024682465081073,0.7121790222565875,1.5605030801422617
core_secure_pairs,0.9,0.7666666666666666,32,0.6219498876832557,0.2560185790102413,1.001904808875948,0.5545500286025916,1.3962487595168085,0.5754027008219234,0.0021608937410493,-0.0746722943938835,0.4193816294583704,1.2315623205635693,0.795175076209669,0.7720402603388655,1.4522269729077288,0.7474344311748041,1.5581642685921924
core_secure_pairs,0.9,0.8,32,0.6730683234763615,0.213138197427166,0.9684913344129938,0.5748007452301139,1.5158172505507406,0.6176034841323887,-0.0122130459721596,0.0359453976274851,0.4186637910654017,1.29201954393552,0.840332136794379,0.7942081908990669,1.4992722295254524,0.7411331651175725,1.6661085487045306
core_secure_pairs,0.9,0.8333333333333334,32,0.739956617758459,0.2131623420257073,1.0364474248981164,0.603023863374377,1.4993632941632231,0.6486120496271269,-0.0317473938449938,-0.0074486787043601,0.4387057091087639,1.298371610430995,0.9069507776723372,0.7998954367077662,1.6108796592004515,0.7528970702972982,1.694303255865528
core_secure_pairs,0.9,0.8666666666666667,32,0.8127162008549045,0.331440025145281,1.0120014099079069,0.6146694625546538,1.5920388765926616,0.6888209758033874,0.0208908836126907,-0.0311166609013903,0.4812781752483211,1.318188220383254,0.9132905435399944,0.8385692907554145,1.7211455934883924,0.7464537342985444,1.7661582551216195
core_secure_pairs,0.9,0.9,32,0.8741830173367161,0.3176797191907927,1.035412700281193,0.6347362977977253,1.716949479883831,0.7138455721518393,-0.034354904294325,-0.0550537194903408,0.5079157971396862,1.395124572916676,0.9328048497921424,0.7560595117542044,1.8214117595066908,0.7395861902274947,1.9406549805489957
core_secure_pairs,0.9,0.9333333333333332,32,0.8972256914916968,0.3524212477062558,1.1372547681647325,0.6121105307210162,1.7523392192752705,0.7532655473944135,0.053108752966976,0.0251179378257252,0.4962725011494154,1.4169736109104083,0.9778460159997178,0.7878087857453675,1.9570460925744464,0.737031750173627,2.120509194699848
core_secure_pairs,0.9,0.9666666666666668,32,0.9123227633816908,0.4092806751196827,1.0965287714404128,0.6158536692879131,1.768399452120085,0.7997777549574197,-0.0107144031971871,0.0256783813617114,0.5160235434058649,1.4669848948142985,1.0654860107440234,1.1008391498297232,2.149127824611881,0.7464148080519848,2.15211244817809
core_secure_pairs,0.9,1.0,32,0.9119415235158216,0.5184928843208696,1.0712573926823783,0.593312214920258,1.811593756376444,0.8487799151868377,0.0674474752063164,-0.0520098411253597,0.5083717147560234,1.3776790698398047,1.1364902681717848,0.9897614528562508,2.2034618341380527,0.6982413443622872,2.293326394534964
core_secure_pairs,0.9333333333333332,0.0,32,-0.0215335029201255,0.034384760052123,-0.9056430437921384,0.7177155386986255,1.0652839734569897,-0.2179629012644904,-0.3599300878440767,-1.6876454676178274,0.5170248482194152,0.589967147929273,0.1968861015098828,0.1879419156434383,-0.0791920875096186,0.7742538435830055,1.7691474916759464
core_secure_pairs,0.9333333333333332,0.0333333333333333,32,-0.0174793088172994,0.0812925825427387,-0.8274111809778603,0.6415872044299143,0.8677987389763606,-0.2280080217975625,-0.2886436207745463,-1.4528594730384483,0.4722252633304042,0.539334463863355,0.3110563411548211,0.350090312285316,-0.0064884424714308,0.8043099032756472,1.7760211911169763
core_secure_pairs,0.9333333333333332,0.0666666666666666,32,-0.0087910842024858,0.0463796699616846,-0.4098308015871165,0.5915519871747221,0.7054598630423574,-0.1919076978993933,-0.2919033715148614,-1.3026057095702266,0.4916024107403455,0.5307758998400463,0.3250470811171518,0.3477054896688415,0.0408767737974452,0.7301664524704928,1.5828613575124535
core_secure_pairs,0.9333333333333332,0.1,32,0.0138418976016289,0.1343147432009972,-0.2534790151215317,0.5698119341291962,0.7082004131478098,-0.1861007887044296,-0.1145099159251478,-1.2377257973931517,0.4538788959778803,0.4902838106630746,0.272306221064778,0.4291514796713535,0.2286273999952491,0.7078133332988702,1.5283617300851635
core_secure_pairs,0.9333333333333332,0.1333333333333333,32,0.0387223091454083,0.1047145871486584,-0.067678346412393,0.5757670027384403,0.8752378318264593,-0.1819705069254702,-0.144176792421398,-0.8821844094664664,0.452307812694494,0.4814852588155835,0.4409545818240556,0.4262341742155285,0.3790046823092266,0.6998254102090588,1.4892749424612717
core_secure_pairs,0.9333333333333332,0.1666666666666666,32,0.0718565748336769,0.1564467508155189,0.0282402232324643,0.5618295551562869,0.9326467074854268,-0.1652079839785862,-0.1141829476886099,-0.7632109124279428,0.4556650446459042,0.5404430627888278,0.4105306286639143,0.4118203426926005,0.4569859319798281,0.6894572513095365,1.1240881605742248
core_secure_pairs,0.9333333333333332,0.2,32,0.0931823767057073,0.1712558559022403,0.2239731409682144,0.591361283434367,0.8286306906560374,-0.1444047116880914,-0.0633875837087359,-0.4663923105872375,0.4406790681948269,0.6387396024943375,0.3717589624967227,0.4844872473266253,0.5405050946411462,0.7221799983640078,1.1049301024483609
core_secure_pairs,0.9333333333333332,0.2333333333333333,32,0.1070223868903558,0.1588760455139795,0.3338411506652454,0.5892101627074282,0.8353438921387093,-0.1204531868240735,-0.0319482710880779,-0.2989993767607855,0.4009634872497424,0.6773614828376497,0.3580504430471476,0.4231874959990066,0.6606640116361164,0.7248877479086668,1.1058412553194308
core_secure_pairs,0.9333333333333332,0.2666666666666666,32,0.1189840020897593,0.129088327779866,0.3903539901229592,0.5921363676061291,0.8466970055675902,-0.0844608523571139,-0.0779446701784506,-0.0953979896212462,0.4127507026295208,0.6884200447610088,0.3459273028842797,0.3864253794250891,0.7646532452425894,0.7341875293179304,1.0650726993893356
core_secure_pairs,0.9333333333333332,0.3,32,0.1301286915540247,0.1539234469861729,0.3952388175757124,0.537177360890243,0.8949880065364416,-0.0516422234565345,-0.0165488515469604,-0.0760175488520808,0.424960669722581,0.7223691735500424,0.3455387502701291,0.4432046498380295,0.8494013013453633,0.7442098337484471,1.110276549707436
core_secure_pairs,0.9333333333333332,0.3333333333333333,32,0.1393079937319683,0.1521363148778991,0.4179339954506587,0.5152811298208892,0.9524571055248628,-0.0198561717360566,-0.0491243206857757,0.073983729110776,0.3928554374901531,0.7697796337456901,0.3318600810297495,0.4588317558064466,0.9085994540092266,0.7495401743203249,1.1026813749720263
core_secure_pairs,0.9333333333333332,0.3666666666666666,32,0.152396113056494,0.2014507442622945,0.4414985953394411,0.5291211596449983,1.046474170872525,0.0287702418205772,-0.0315287839231069,0.0873962379581129,0.2169808011193287,0.7835243570519759,0.3968563276648177,0.4454616592998727,0.9643751934584626,0.743754140744375,1.1712740819693586
core_secure_pairs,0.9333333333333332,0.4,32,0.1760852780777056,0.1089304222854832,0.4946615692158115,0.5558965685451891,1.0538874234470788,0.0749026481306792,-0.0850984137428651,0.1549454747342355,0.3048551895739221,0.8247178673470432,0.4655378539658842,0.3976297694160053,0.9883833316418305,0.7877473411565903,1.2261624147485322
core_secure_pairs,0.9333333333333332,0.4333333333333333,32,0.228088186596075,0.13817622766992,0.5544133785235619,0.5716515447055142,1.081565610217387,0.1277077155849965,-0.0452175968030127,0.3004125008326186,0.3824027940246932,0.9380452237398887,0.4851697941718272,0.4052447488583187,1.060347348257752,0.7713777158323528,1.2028025529291937
core_secure_pairs,0.9333333333333332,0.4666666666666667,32,0.2414100794426569,0.2109455534521906,0.5764152725061154,0.5973896395641801,1.0978550289704052,0.1601256489653839,-0.0159888381959559,0.3483711785867083,0.3712703630363926,0.9696487818664588,0.5053054425787777,0.4524486756665953,1.0959734490301578,0.7818142080179762,1.3321876389338745
core_secure_pairs,0.9333333333333332,0.5,32,0.3269254981107111,0.1626111218901129,0.6920115640823125,0.6218016563492035,1.133074283592768,0.2095279347822719,-0.0051464464784192,0.2966671617496256,0.4094203505456261,0.9581638595313632,0.5637229032428223,0.4545659957642832,1.17810092973841,0.7812131324769933,1.358947866154201
core_secure_pairs,0.9333333333333332,0.5333333333333333,32,0.3902662700646035,0.14365913987485,0.7248940789400512,0.6197067834462833,1.1632328767430544,0.2628164315520992,-0.0110054095241372,0.5004493185238365,0.4495960391604828,0.956278261998498,0.6122750577579609,0.4678099053822704,1.16855827620001,0.7883468710008229,1.4021146985178736
core_secure_pairs,0.9333333333333332,0.5666666666666667,32,0.414632701816397,0.1544146394300197,0.7162848812159044,0.5951486049878805,1.186346259659113,0.2970851002741941,-0.013905716194805,0.4559339809237357,0.3962268230078936,1.0021852430644431,0.6358347384648565,0.4804625374181913,1.137962341870972,0.7726125878674776,1.4568502360817153
core_secure_pairs,0.9333333333333332,0.6,32,0.4403070520561926,0.1332757930003771,0.7690056772672309,0.6425599631270946,1.2980305534402945,0.3347944922719511,-0.0172700291073582,0.4545758267551336,0.429257174624332,1.0574900457337906,0.6561156679012936,0.4926050127826295,1.17158488981049,0.7729955167112392,1.5101148180931458
core_secure_pairs,0.9333333333333332,0.6333333333333333,32,0.4874208563309015,0.280916876591899,0.8086354285760213,0.6291015937433342,1.2878366274357247,0.37040132306631,-0.0214729227327492,0.3368801231971382,0.4703711423349861,0.970126453350176,0.6697372332309005,0.4960736255646637,1.2292979112099252,0.7873460819489827,1.4092871879179691
core_secure_pairs,0.9333333333333332,0.6666666666666666,32,0.5316622957635249,0.2950228863468901,0.8960007799525773,0.6085500529493746,1.3847845726700134,0.4087881561362723,-0.0356839403391562,0.3120537970273468,0.4413952429613052,1.0032433926473163,0.6811556955547484,0.5019280353704376,1.2890408110321192,0.7772951509282231,1.4774634322231828
core_secure_pairs,0.9333333333333332,0.7,32,0.5879640459483679,0.1420088957472373,0.8811045890720552,0.5880128117755408,1.427752196758096,0.4643199441900782,-0.0943127039910738,0.3955539751578139,0.4755348526576277,1.0656741838885382,0.714523403337654,0.548195617525723,1.3249488516635863,0.7631431334546385,1.496635310581196
core_secure_pairs,0.9333333333333332,0.7333333333333333,32,0.6241405840669082,0.1386109299347393,0.919324061815208,0.6129299712285231,1.439584291310109,0.5157083557060751,-0.0580504689161642,0.2748683404154505,0.5089067289887289,1.1397952505160185,0.7483528102024508,0.4649918452768612,1.3899648262906783,0.7773939054431999,1.6353669709025214
core_secure_pairs,0.9333333333333332,0.7666666666666666,32,0.6403149066152231,0.1515816841607287,0.9677616797936436,0.6180009333053602,1.435076189874959,0.5650568443755711,-0.1289583263728292,0.0067625270057802,0.5027608478816119,1.2014549372167769,0.8175548694666391,0.4646488206126488,1.4455487841812324,0.7700730190606927,1.5988701252732973
core_secure_pairs,0.9333333333333332,0.8,32,0.6674966231890189,0.1631764160421958,0.9789690179612572,0.5780724202495087,1.430512123218573,0.6204893036764487,-0.1461013653962827,0.0357067806984372,0.4425034253512924,1.2243777243265015,0.8605308934902017,0.4921729496549399,1.502156490533956,0.7379160928845876,1.60404619759767
core_secure_pairs,0.9333333333333332,0.8333333333333334,32,0.7407667982613121,0.150557487560885,1.076377864408313,0.6230124710235532,1.471193994863099,0.6393791762275569,-0.1580894195096211,0.0061934045679268,0.4539773191596059,1.154846453323454,0.9038958526682368,0.4995438825695161,1.5938358236344232,0.7547729486811852,1.702855185257505
core_secure_pairs,0.9333333333333332,0.8666666666666667,32,0.8049023783231714,0.3141614646713295,1.0806575267835967,0.5945324274884216,1.5311373463546825,0.6846858844095169,-0.1687775737983048,-0.0082330515389053,0.4348018472142687,1.3103784849796754,0.9264879484196634,0.617652280060946,1.702902149021885,0.7419897073867294,1.794554651340294
core_secure_pairs,0.9333333333333332,0.9,32,0.8769350299262583,0.2361072110483581,1.1402191627215248,0.6323137814559561,1.6274712624829155,0.7307237386563431,-0.2028065524950687,-0.0224201114897217,0.4718051434662018,1.3734777142803622,0.9249054789157636,0.6307997564791391,1.8174009369954576,0.7769498213413545,1.8807292511280624
core_secure_pairs,0.9333333333333332,0.9333333333333332,32,0.9051473647781882,0.2504794945350089,1.2848480381292693,0.6203897791316149,1.5462862915882378,0.787459760897382,-0.113540267058122,0.0530288070637585,0.5124355823831006,1.347731973311992,0.9606865132220834,0.6272976648279968,1.954918684271503,0.754539894196927,1.9754442269482664
core_secure_pairs,0.9333333333333332,0.9666666666666668,32,0.9163257577320448,0.305013174855418,1.1541365547929203,0.6467516854008626,1.6759357167640754,0.8514925249764203,-0.1203019344372333,0.0707319741972043,0.52838458977118,1.3617853960330972,1.062277404457156,0.7707762575102872,2.0123567725191345,0.7452615949879979,2.1857800321259053
core_secure_pairs,0.9333333333333332,1.0,32,0.923421804865181,0.2775420170061796,1.1316051536473934,0.5471468426909444,1.7498332107722367,0.8678038071017541,-0.1454206995803685,0.0552361396010844,0.4258129667385907,1.3270111040361885,1.1630579058513772,0.8207527469134631,2.1892570318403584,0.7229891679816756,2.406295318267271
core_secure_pairs,0.9666666666666668,0.0,32,-0.0496948707758911,0.0088334893972349,-0.5123262211999582,0.6708460000876348,1.1279249464398995,-0.1953923616002108,-0.4003961956762589,-1.5958779246684265,0.4648081148648587,0.6107401739098082,0.1222663172503294,0.242083763983209,-0.104870970501168,0.812047974036139,1.7579389766996367
core_secure_pairs,0.9666666666666668,0.0333333333333333,32,-0.0449099008527117,0.0520724229042962,-0.434286915720026,0.7063553134964268,0.8979769475297221,-0.2053865743844412,-0.3330587684724634,-1.370550911414925,0.453190303649889,0.5172983714987349,0.2766067010862629,0.2839731593519821,-0.0490105944026823,0.8070411311004346,1.583569008894815
core_secure_pairs,0.9666666666666668,0.0666666666666666,32,-0.0120882748855156,0.0661525468592744,-0.4615182003559726,0.6044480488208095,0.6896086562168883,-0.1758236740552297,-0.218072470020862,-1.3950224212723803,0.4533156846490768,0.4752101242807813,0.3623051653293762,0.3168181146708834,0.0776154894434264,0.7970535538730563,1.6011457527628263
core_secure_pairs,0.9666666666666668,0.1,32,-0.0136953916609197,0.0876499395977974,-0.231078359066112,0.5186987380359377,0.7174883959274192,-0.1786455125864194,-0.172249727444683,-0.9922079667325746,0.4412478671737994,0.402668471879179,0.2634034009523679,0.2939407776134872,0.2540787044085201,0.7088391227856613,1.5619978818631663
core_secure_pairs,0.9666666666666668,0.1333333333333333,32,-0.0097017887527613,0.0386518097035965,-0.1304123343888773,0.6016446984486019,0.9104278839642426,-0.1722624622470081,-0.2752572970768188,-1.390789596719881,0.4583111440562577,0.3511699948756098,0.2055201618464791,0.2517106544343078,0.4058542184639294,0.7143594304544698,1.39948787396553
core_secure_pairs,0.9666666666666668,0.1666666666666666,32,0.0608927308931016,0.1038097239199358,0.0516552322965443,0.576904196719868,0.9344593968112862,-0.1560123015460403,-0.1582505144218876,-0.7029146182623265,0.4314937469420966,0.5118293072204532,0.3412008240933889,0.3725526566413437,0.4543786277466672,0.7091396051823565,1.1556426833574902
core_secure_pairs,0.9666666666666668,0.2,32,0.0713862961442466,0.0848781265908421,0.2935291811504655,0.5954962152128187,0.8428355128053686,-0.1350932600248237,-0.1454086249983275,-0.3423912518073634,0.3829652198862839,0.6419320678254282,0.4010132866238544,0.2752376653518916,0.5963564535708745,0.7581216523690101,1.134345281643617
core_secure_pairs,0.9666666666666668,0.2333333333333333,32,0.1148416892652788,0.1089992208816273,0.3365459081246678,0.5843221946557511,0.8196417473818862,-0.1111822086206999,-0.1419675743390908,-0.274764762394746,0.4022607220864199,0.6718745041176485,0.3897328404289888,0.3470384836433213,0.6555122327678172,0.7603911675802453,1.1496606544099086
core_secure_pairs,0.9666666666666668,0.2666666666666666,32,0.1242472727859475,0.1059094760242865,0.4034052533176125,0.6422699576359443,0.8353902836035279,-0.0848223118053999,-0.139574420415125,-0.1844659401973801,0.3960456241436383,0.6975029799982481,0.3880294826137438,0.2805480641685391,0.7716587664639629,0.7661714518549839,1.1050020465549015
core_secure_pairs,0.9666666666666668,0.3,32,0.1391072739489966,0.1036394310969493,0.3671533290147515,0.5725042863609163,0.8951085105152082,-0.056359623420668,-0.1268935386175629,0.0185541364896662,0.3950004991440031,0.6938241705530466,0.4011539374622977,0.2774774695172494,0.8464250836428686,0.77736124829805,1.2080007682962122
core_secure_pairs,0.9666666666666668,0.3333333333333333,32,0.1536238858112581,0.0989660567093101,0.4204239647539216,0.5753375700466817,0.9688137748808704,-0.0258576477868071,-0.1085754264904302,0.0978783291515325,0.3700788426558544,0.7747461543494742,0.4215479206273042,0.3329732506861802,0.9086185878979428,0.7718737822972978,1.148756069833705
core_secure_pairs,0.9666666666666668,0.3666666666666666,32,0.1642999937473464,0.0750776995290323,0.4779638589609294,0.4818363337975219,0.996721691788597,0.0123323119733336,-0.1606103698708528,0.1130854605636464,0.3050242930718825,0.7926044205918659,0.4364916479551926,0.3132343519387917,0.9073119281768094,0.7828279432896241,1.149343830470913
core_secure_pairs,0.9666666666666668,0.4,32,0.189571379354454,0.0741033285952844,0.592846906535478,0.4987641779983296,1.0430924517618614,0.0720740664497623,-0.1580566338571747,0.1808364904959108,0.3695396990823172,0.8352776405283263,0.4483861996308005,0.3187046537796783,0.9942599204118556,0.79372656047866,1.207555936446485
core_secure_pairs,0.9666666666666668,0.4333333333333333,32,0.2109443883655152,0.0698711806178205,0.5814495662141623,0.6296527016361252,1.081152227209354,0.1101856055968371,-0.1841465261841505,0.262445122941517,0.4072165484211451,0.8942105600594962,0.4545183822849555,0.3284103558440397,1.0652329937181113,0.7951945205075731,1.302536370157684
core_secure_pairs,0.9666666666666668,0.4666666666666667,32,0.2614960041010683,0.066418229607781,0.5856277373989285,0.6111089342664027,1.144580462744502,0.1530849970066304,-0.1706852126649005,0.2387836179530767,0.4015714262755327,0.9534552658476196,0.5175515507533169,0.3295495203099137,1.0658517906043925,0.798935264155016,1.2982221418728377
core_secure_pairs,0.9666666666666668,0.5,32,0.2897293258101374,0.0552623823402223,0.6566184606472973,0.6591765552136146,1.176167546574025,0.1950250866318374,-0.1870683745365378,0.4095244327843824,0.4611127890998023,1.0041685644094425,0.5351783561870351,0.2817820163240332,1.1171077263005411,0.8159694358023183,1.3425054505750036
core_secure_pairs,0.9666666666666668,0.5333333333333333,32,0.3436747052016693,0.0646514520762697,0.7502488395972156,0.6581209092562301,1.229498355260122,0.2499041930155525,-0.1745050402436144,0.4685497814539267,0.4612739234945409,1.0601918705057725,0.5631620858786497,0.3477379124640922,1.1577310325180843,0.8225770978345222,1.3989484167192583
core_secure_pairs,0.9666666666666668,0.5666666666666667,32,0.3802948651113058,0.059263634568541,0.8076396468152978,0.6713809099033865,1.210015024024281,0.2956004044227144,-0.1929210657713968,0.4209710560689892,0.4681630368568096,1.051330558529455,0.5861030693829683,0.411709585907879,1.2586062396695143,0.8302251390148728,1.3837892398809468
core_secure_pairs,0.9666666666666668,0.6,32,0.417276149480044,0.0602654102512763,0.8040703234285254,0.6588415219508145,1.2645511022363154,0.3416635620230137,-0.2390343576095878,0.449295780310874,0.4977591974315224,1.0176840006060304,0.6495899354020948,0.4164690491960927,1.1708137606594071,0.8240433910959207,1.4718805110206985
core_secure_pairs,0.9666666666666668,0.6333333333333333,32,0.4897688783049541,0.0618392735330442,0.8061735750922217,0.6545407552333269,1.3636366622193885,0.3889223750774199,-0.13194550775491,0.4599799663739705,0.4856483645062942,1.045114675686878,0.6733423850455684,0.3964121799371742,1.232594235792713,0.8205896570327551,1.5382587575402853
core_secure_pairs,0.9666666666666668,0.6666666666666666,32,0.5191927345979646,0.0630481368657257,0.8779540692097043,0.6645604458245316,1.3942270723199215,0.4279886511518816,-0.1427798278345836,0.3719662145363196,0.5171301186815638,1.0346404147945645,0.6863567533490802,0.4376951259233438,1.295750955501889,0.8188069847720871,1.588508540845546
core_secure_pairs,0.9666666666666668,0.7,32,0.5950944625493196,0.0643190770094637,0.9024685146181468,0.6649030399964837,1.4277759393922174,0.4676744299544343,-0.2314767613600855,0.4056586545281347,0.4882718577277224,1.1083453515192834,0.726702552591772,0.4489641863842401,1.3567103209762996,0.7954542178884365,1.6318114098381686
core_secure_pairs,0.9666666666666668,0.7333333333333333,32,0.6365011625828015,0.0850285762874503,0.8985450127936161,0.6335248657515491,1.4447557071137989,0.515330178160051,-0.2396275779464874,0.3877456695219972,0.4970608320397167,1.1692485036014302,0.7634181583193336,0.4288248634338087,1.3968340626366456,0.8042005760772039,1.6828110671735397
core_secure_pairs,0.9666666666666668,0.7666666666666666,32,0.6620780242235342,0.0538646858098604,0.9706986512377452,0.6001946290067264,1.470382269961251,0.5727178672884179,-0.2200582976623067,0.3871705565127392,0.4604740700313066,1.2424148038638478,0.7983184078146945,0.4662259006813785,1.4412467048301787,0.7739463368545433,1.7044310074821587
core_secure_pairs,0.9666666666666668,0.8,32,0.6845755082848313,0.1938764694816001,0.9950555408384294,0.6322556413480638,1.4943045475599457,0.6119139559891442,-0.187570462367238,0.2330296333371555,0.4363682513305451,1.3116508647402778,0.8327412466558649,0.4859124654450903,1.4990487538645798,0.7691747204253985,1.6945263496055485
core_secure_pairs,0.9666666666666668,0.8333333333333334,32,0.7389464984513558,0.2021167227574039,1.0395142430553492,0.5982145044610567,1.5543714945623452,0.6590778335205401,-0.2099607020811129,0.018252436033935,0.43262174843403,1.1564558115207049,0.9027200276235108,0.4844501968694076,1.5721721950867311,0.7671153830627776,1.694584015444344
core_secure_pairs,0.9666666666666668,0.8666666666666667,32,0.8091037442281404,0.1971129812756442,1.0717331734935327,0.5817328195277152,1.6087411737811317,0.6905806963385517,-0.2486491147343895,0.139318699414083,0.3932351252115714,1.1846641871925967,0.9286131089960864,0.4720344853487559,1.6783906093699057,0.7495735884388448,1.7364848790457013
core_secure_pairs,0.9666666666666668,0.9,32,0.8906174094269133,0.2660648807860636,1.1469230000451691,0.6104633896323282,1.630093170687982,0.7393267676061822,-0.2007896618210619,0.1251307166044273,0.4476968374309233,1.4368936850686875,0.9330271881210376,0.5484649020800785,1.812936285234936,0.7408720236434503,1.85471258138782
core_secure_pairs,0.9666666666666668,0.9333333333333332,32,0.9117646712469656,0.2737713700867042,1.2271392858305328,0.6182998060692644,1.73588269121756,0.8150600241376419,-0.3479534805250545,0.03772824367097,0.4331554273278739,1.4148506317616187,0.9656689954923968,0.7009402326983039,1.9600060983509469,0.7291537631918718,2.010014798009419
core_secure_pairs,0.9666666666666668,0.9666666666666668,32,0.913142257265648,0.2994429436005328,1.224629725701707,0.6069226901246122,1.76688902459248,0.8625924758664774,-0.4081035211584518,0.0616030812628408,0.4690909712462669,1.20872030971775,1.0299895218726636,0.5908404050530915,2.185585260833103,0.7213054887813197,2.1907126744571666
core_secure_pairs,0.9666666666666668,1.0,32,0.9478762006393158,0.1687454705355429,1.2363189159672852,0.6193716023652278,1.822529730483858,0.8602910031359183,-0.4381357569958821,0.0900705384709627,0.4629322956980277,1.3846781325623745,1.1544148350595662,0.5783185808933935,2.202735826448257,0.7057161269037674,2.336222831572834
core_secure_pairs,1.0,0.0,32,-0.0277767377841183,0.0001634556247109,-0.5466930702011452,0.7256806663768209,1.1513595204676117,-0.2032334504885805,-0.364391305310866,-1.7303156436476954,0.4400079523490904,0.6023381665101766,0.1988305491594397,0.2073442838110065,-0.0440289985746837,0.8308246126238138,1.760204201990973
core_secure_pairs,1.0,0.0333333333333333,32,-0.0156783788996822,0.0099475140963315,-0.4282025085252413,0.6791077075851846,1.001622491114653,-0.2026848654514939,-0.3979535746786802,-1.3738879429168034,0.4440252941064876,0.5139895167920794,0.2885950381992201,0.26849691688244,0.0454650789749287,0.8310861128434001,1.6026477845264202
core_secure_pairs,1.0,0.0666666666666666,32,-0.0079421383940094,0.0273231197905919,-0.3889813282987358,0.6482463124110937,0.8082134896626665,-0.1686550940701319,-0.2933189396256891,-1.3217956386751974,0.4270295167213755,0.460168961301216,0.4025579411927837,0.393451819535942,0.0966516819134372,0.7865351528779225,1.57971299405266
core_secure_pairs,1.0,0.1,32,-0.0071449003700688,0.0356153840241279,-0.2249641143670794,0.5600067405857874,0.8111347964142248,-0.1711256540504352,-0.2600952442649983,-1.0116497855271698,0.4488005130450231,0.3831548513178193,0.2941570296009039,0.3294349263718623,0.2480678079839784,0.7225482864645721,1.4790773372221522
core_secure_pairs,1.0,0.1333333333333333,32,0.0082629897799398,0.039224274278724,-0.1254704870619517,0.5708460527367181,0.8992747136124415,-0.1658412668774237,-0.2660344648976476,-1.3634415442015024,0.4501276529422851,0.3248111331449383,0.2523635755671429,0.2386916822307525,0.4447415381039639,0.7591949750154015,1.3935704067629215
core_secure_pairs,1.0,0.1666666666666666,32,0.0519457095085555,0.070378256952324,0.1043281912115669,0.622947571023007,0.9240028500691856,-0.1494494141526607,-0.2606737191875447,-0.615302221574376,0.4261266344529897,0.504789782806765,0.3565482236281082,0.328350715753207,0.4576707752278601,0.7759933200821744,1.2206886800448062
core_secure_pairs,1.0,0.2,32,0.0699125110068782,0.0495003753319736,0.270717929290365,0.6152871286731885,0.8406031041168049,-0.1284461908156797,-0.1962610018761019,-0.5895655653207011,0.3967758217786833,0.6367335199308285,0.35715969868206,0.2388041976944028,0.5752233351947731,0.7801077004776777,1.1219486349033183
core_secure_pairs,1.0,0.2333333333333333,32,0.0903348508753152,0.0689252309585326,0.333379236572653,0.5880052487103167,0.8132084727556324,-0.1048064562935999,-0.1875629285580813,-0.3625798035676124,0.3541501635622818,0.6604492327264541,0.3697505261253805,0.3130029473984246,0.666146747379571,0.7734264268716347,1.1417977327314568
core_secure_pairs,1.0,0.2666666666666666,32,0.1129932859938491,0.0733193266064399,0.4076581488411176,0.589713945264122,0.8424498638159057,-0.0784978191684523,-0.1982914007692656,-0.1526849144572774,0.3984674058716562,0.716160469800766,0.4031046622096397,0.2671309291913019,0.7729272784946195,0.7842006025188532,1.023627309116616
core_secure_pairs,1.0,0.3,32,0.1350159209826185,0.0779899837950763,0.4394554446291211,0.574654547673926,0.8755000534540068,-0.055205211683792,-0.1927085368068875,0.0158908940240632,0.3691121105325575,0.6849585809402557,0.4174347797529712,0.2380701539630717,0.8449074623610289,0.7958916106505558,1.0652894714639884
core_secure_pairs,1.0,0.3333333333333333,32,0.1524401143736259,0.0742551247756652,0.5052452669671109,0.5398597075666178,0.9535821248563978,-0.0327665788705855,-0.1720120698029764,0.1032900907025251,0.3904550487191586,0.789399675031059,0.4372093933149449,0.3183568481184521,0.9021512364985648,0.8156313189715798,1.149379898448152
core_secure_pairs,1.0,0.3666666666666666,32,0.1722994446234422,0.0648686823409065,0.4566122901162006,0.5419968085924587,0.980751668290009,0.0309060251178528,-0.1800178653048595,0.1158638253348944,0.3361779906925319,0.7986198772543749,0.4519642068749304,0.2430472223031752,0.9002756555371645,0.8272661723346266,1.157202701775577
core_secure_pairs,1.0,0.4,32,0.2111223421188774,0.0648649755435,0.514321539896016,0.5503787272716774,1.0374606230480168,0.067326922998955,-0.1619791553492798,0.1811048511007876,0.3547050079787066,0.8277353563465706,0.4679279252460655,0.2687164330494143,0.9738251976638612,0.8293056844325628,1.1888951506350018
core_secure_pairs,1.0,0.4333333333333333,32,0.2325729340034485,0.0592190819646827,0.5835188618048902,0.5886329731558216,1.0832339584293382,0.1056111406193804,-0.2064982137212232,0.2518251436417575,0.4098542723305575,0.9001771430137434,0.4843058481899003,0.2605231958192088,1.0201053600788064,0.8376323965537182,1.3181267097271283
core_secure_pairs,1.0,0.4666666666666667,32,0.2570671446378577,0.0610413650078341,0.5850156232235529,0.6249838898926985,1.1370207514911073,0.1439792743964622,-0.2126381431396877,0.3124710166519503,0.3764236448077662,0.886718874880305,0.49033769872433,0.2824047855202508,1.0603516813824403,0.8433802366191036,1.297971510877194
core_secure_pairs,1.0,0.5,32,0.2845693768443014,0.0474626315602597,0.6471181297145359,0.6436058852208373,1.164757597948241,0.1724109673506944,-0.3147799199100615,0.3516702789287518,0.4205863290496397,0.9936791479403192,0.497158134092441,0.2860427062844743,1.1080848637905398,0.8452083146155113,1.2616030341929518
core_secure_pairs,1.0,0.5333333333333333,32,0.3144646386158103,0.0360088709135306,0.7204659309421837,0.6547975041852667,1.200380567652522,0.2368751040945526,-0.1741245622990418,0.4641601667361262,0.4672986846613066,1.048551483766781,0.5467982096728142,0.2801172618466144,1.153069703299631,0.8315432985009585,1.3966609430278116
core_secure_pairs,1.0,0.5666666666666667,32,0.3818036081672179,0.0512364101769558,0.7877118999039574,0.6500802729093185,1.2571618907570672,0.2893283685785867,-0.2100503013634168,0.4839647748375223,0.4542641126856822,1.020043690996706,0.5818919394475546,0.3441894297073539,1.2046361837239994,0.8198341347216711,1.4486257237358215
core_secure_pairs,1.0,0.6,32,0.4070086949906466,-0.0016513382899913,0.8424759458443267,0.661328484215684,1.2659432340024408,0.3312793580152128,-0.2351961103749821,0.4974696100789635,0.5076174951603535,1.0313082153792614,0.6074395208783946,0.3066901204709619,1.24407348729463,0.81480465687653,1.3948104836683322
core_secure_pairs,1.0,0.6333333333333333,32,0.4361877467774525,0.0524513264709636,0.8785116939871435,0.693423977792794,1.346615540299119,0.3803190367825418,-0.1458998898968121,0.545504423088341,0.5248469307157815,1.1412341516145166,0.651280428477252,0.3791304174588839,1.2817463980050454,0.8192688417773728,1.5220191861641683
core_secure_pairs,1.0,0.6666666666666666,32,0.4741261190607159,0.0518734393490441,0.9544713122220944,0.6997320624032768,1.369281787878014,0.4180354321072405,-0.1799693759551085,0.5478899538822863,0.5274373878138293,1.2084178156391374,0.6801518944107705,0.3776976893392204,1.32477129308392,0.8103603470829369,1.578766038364356
core_secure_pairs,1.0,0.7,32,0.532150592382229,0.0333497077290295,0.9944045837894078,0.6800961576064325,1.403785124200825,0.4598906172110532,-0.2388709365226707,0.5800057626730778,0.4527450784700893,1.193869185025405,0.6991193099464303,0.3696010526909061,1.368461825534612,0.8177244178371368,1.5266907926304338
core_secure_pairs,1.0,0.7333333333333333,32,0.5617928168732398,0.0401944356647443,1.0376978940109611,0.6826601664917495,1.4710775091929782,0.5085901960627344,-0.2789436224657025,0.5459250428411967,0.4736449681309438,1.173494757686772,0.7124671846996633,0.3448713863226089,1.3675510762584944,0.8126041333841827,1.6281305768370935
core_secure_pairs,1.0,0.7666666666666666,32,0.6125296584946647,0.0323993836995717,1.069073631171134,0.7126649822734864,1.5262651031592482,0.568049712433314,-0.235946509864093,0.5665980432126266,0.513375204485615,1.2860292803341622,0.7485154693701136,0.3720146294573937,1.4324471683584237,0.810070844135221,1.6765073249504647
core_secure_pairs,1.0,0.8,32,0.7081220897416375,0.1237634459726616,1.0365996598941007,0.6497642336888994,1.5435573857849043,0.6386812893741403,-0.2818773627191205,0.5363520922865773,0.4434773460972721,1.3253470087433676,0.82088199524265,0.3555410213150223,1.5122058961643594,0.7770804522887076,1.798847646912666
core_secure_pairs,1.0,0.8333333333333334,32,0.727943067197494,0.0630303294728562,1.0608444395486387,0.6613148480614348,1.5838761095394092,0.6679867883848859,-0.256889906077713,0.4671782584032774,0.4476758401634979,1.320330508613304,0.8777682454538343,0.3547681325476077,1.572694157677637,0.7817151466875918,1.807175621040368
core_secure_pairs,1.0,0.8666666666666667,32,0.8021103785977832,0.0039949331068228,1.0900988145738653,0.6208379782122755,1.5356285467918085,0.7100807222236054,-0.2952934554285172,0.1862618424435519,0.4393049850604587,1.262209994180664,0.8936476184330322,0.262389181899306,1.6536394920832482,0.8177818216206947,1.7950214466506371
core_secure_pairs,1.0,0.9,32,0.879174596038585,0.2244078254031334,1.198634119720317,0.6339356410285628,1.6912244310788502,0.7172567411492174,-0.1939352448382317,0.0988241287169422,0.4662501008730826,1.299128286192313,0.9478440941396992,0.5228887434271206,1.791355142209882,0.7509787686438254,1.967042868158373
core_secure_pairs,1.0,0.9333333333333332,32,0.9071876581164235,0.2206611711212431,1.268992893161904,0.6290331976266385,1.811066528633244,0.7933092386608289,-0.2643853512201627,0.2329389117623843,0.4543950210186745,1.3576636250188434,0.9746966069591396,0.7960507272443351,1.9606774219150136,0.7561440644028233,2.078407857617344
core_secure_pairs,1.0,0.9666666666666668,32,0.9434492020092866,0.2480630560338571,1.341620825045151,0.5941809397494784,1.959640455184141,0.8728221224455267,-0.3560411662247215,0.0675890776190802,0.4726867601072899,1.3723745301686836,1.0151088037097482,0.5807125644225398,2.1500233315899133,0.7151395836997418,2.2901326509115494
core_secure_pairs,1.0,1.0,32,0.989739523726158,0.203133821972521,1.5019102997370406,0.6241083806256044,1.8929366094218647,0.890697532085399,-0.3516951869439972,0.0776365166773341,0.4524088307424492,1.4311056099614723,1.0976289051697536,0.6136493565402639,2.303813848925202,0.6948484509588315,2.571425726179486
